[2025-12-26T09:04:46.099+0000] {processor.py:161} INFO - Started process (PID=169) to work on /opt/airflow/dags/gcs_upload_dag.py
[2025-12-26T09:04:46.102+0000] {processor.py:830} INFO - Processing file /opt/airflow/dags/gcs_upload_dag.py for tasks to queue
[2025-12-26T09:04:46.107+0000] {logging_mixin.py:188} INFO - [2025-12-26T09:04:46.106+0000] {dagbag.py:538} INFO - Filling up the DagBag from /opt/airflow/dags/gcs_upload_dag.py
[2025-12-26T09:04:46.253+0000] {processor.py:840} INFO - DAG(s) 'zones_taxi_data', 'green_taxi_data', 'yellow_taxi_data', 'fhv_taxi_data' retrieved from /opt/airflow/dags/gcs_upload_dag.py
[2025-12-26T09:04:46.858+0000] {logging_mixin.py:188} INFO - [2025-12-26T09:04:46.858+0000] {dag.py:3036} INFO - Sync 4 DAGs
[2025-12-26T09:04:46.938+0000] {logging_mixin.py:188} INFO - [2025-12-26T09:04:46.937+0000] {dag.py:3823} INFO - Setting next_dagrun for green_taxi_data to None, run_after=None
[2025-12-26T09:04:47.009+0000] {processor.py:183} INFO - Processing /opt/airflow/dags/gcs_upload_dag.py took 0.918 seconds
[2025-12-26T09:05:17.321+0000] {processor.py:161} INFO - Started process (PID=174) to work on /opt/airflow/dags/gcs_upload_dag.py
[2025-12-26T09:05:17.324+0000] {processor.py:830} INFO - Processing file /opt/airflow/dags/gcs_upload_dag.py for tasks to queue
[2025-12-26T09:05:17.330+0000] {logging_mixin.py:188} INFO - [2025-12-26T09:05:17.329+0000] {dagbag.py:538} INFO - Filling up the DagBag from /opt/airflow/dags/gcs_upload_dag.py
[2025-12-26T09:05:17.431+0000] {processor.py:840} INFO - DAG(s) 'fhv_taxi_data', 'yellow_taxi_data', 'zones_taxi_data', 'green_taxi_data' retrieved from /opt/airflow/dags/gcs_upload_dag.py
[2025-12-26T09:05:17.560+0000] {logging_mixin.py:188} INFO - [2025-12-26T09:05:17.560+0000] {dag.py:3036} INFO - Sync 4 DAGs
[2025-12-26T09:05:17.623+0000] {logging_mixin.py:188} INFO - [2025-12-26T09:05:17.623+0000] {dag.py:3823} INFO - Setting next_dagrun for green_taxi_data to None, run_after=None
[2025-12-26T09:05:17.672+0000] {processor.py:183} INFO - Processing /opt/airflow/dags/gcs_upload_dag.py took 0.358 seconds
[2025-12-26T09:05:48.110+0000] {processor.py:161} INFO - Started process (PID=179) to work on /opt/airflow/dags/gcs_upload_dag.py
[2025-12-26T09:05:48.114+0000] {processor.py:830} INFO - Processing file /opt/airflow/dags/gcs_upload_dag.py for tasks to queue
[2025-12-26T09:05:48.118+0000] {logging_mixin.py:188} INFO - [2025-12-26T09:05:48.118+0000] {dagbag.py:538} INFO - Filling up the DagBag from /opt/airflow/dags/gcs_upload_dag.py
[2025-12-26T09:05:48.212+0000] {processor.py:840} INFO - DAG(s) 'green_taxi_data', 'yellow_taxi_data', 'zones_taxi_data', 'fhv_taxi_data' retrieved from /opt/airflow/dags/gcs_upload_dag.py
[2025-12-26T09:05:48.324+0000] {logging_mixin.py:188} INFO - [2025-12-26T09:05:48.324+0000] {dag.py:3036} INFO - Sync 4 DAGs
[2025-12-26T09:05:48.367+0000] {logging_mixin.py:188} INFO - [2025-12-26T09:05:48.367+0000] {dag.py:3823} INFO - Setting next_dagrun for green_taxi_data to None, run_after=None
[2025-12-26T09:05:48.402+0000] {processor.py:183} INFO - Processing /opt/airflow/dags/gcs_upload_dag.py took 0.299 seconds
[2025-12-26T09:06:18.874+0000] {processor.py:161} INFO - Started process (PID=184) to work on /opt/airflow/dags/gcs_upload_dag.py
[2025-12-26T09:06:18.876+0000] {processor.py:830} INFO - Processing file /opt/airflow/dags/gcs_upload_dag.py for tasks to queue
[2025-12-26T09:06:18.881+0000] {logging_mixin.py:188} INFO - [2025-12-26T09:06:18.880+0000] {dagbag.py:538} INFO - Filling up the DagBag from /opt/airflow/dags/gcs_upload_dag.py
[2025-12-26T09:06:19.006+0000] {processor.py:840} INFO - DAG(s) 'zones_taxi_data', 'green_taxi_data', 'yellow_taxi_data', 'fhv_taxi_data' retrieved from /opt/airflow/dags/gcs_upload_dag.py
[2025-12-26T09:06:19.152+0000] {logging_mixin.py:188} INFO - [2025-12-26T09:06:19.151+0000] {dag.py:3036} INFO - Sync 4 DAGs
[2025-12-26T09:06:19.236+0000] {logging_mixin.py:188} INFO - [2025-12-26T09:06:19.236+0000] {dag.py:3823} INFO - Setting next_dagrun for green_taxi_data to None, run_after=None
[2025-12-26T09:06:19.289+0000] {processor.py:183} INFO - Processing /opt/airflow/dags/gcs_upload_dag.py took 0.424 seconds
[2025-12-26T09:06:49.738+0000] {processor.py:161} INFO - Started process (PID=189) to work on /opt/airflow/dags/gcs_upload_dag.py
[2025-12-26T09:06:49.742+0000] {processor.py:830} INFO - Processing file /opt/airflow/dags/gcs_upload_dag.py for tasks to queue
[2025-12-26T09:06:49.750+0000] {logging_mixin.py:188} INFO - [2025-12-26T09:06:49.748+0000] {dagbag.py:538} INFO - Filling up the DagBag from /opt/airflow/dags/gcs_upload_dag.py
[2025-12-26T09:06:49.866+0000] {processor.py:840} INFO - DAG(s) 'green_taxi_data', 'yellow_taxi_data', 'zones_taxi_data', 'fhv_taxi_data' retrieved from /opt/airflow/dags/gcs_upload_dag.py
[2025-12-26T09:06:50.008+0000] {logging_mixin.py:188} INFO - [2025-12-26T09:06:50.008+0000] {dag.py:3036} INFO - Sync 4 DAGs
[2025-12-26T09:06:50.064+0000] {logging_mixin.py:188} INFO - [2025-12-26T09:06:50.064+0000] {dag.py:3823} INFO - Setting next_dagrun for green_taxi_data to None, run_after=None
[2025-12-26T09:06:50.104+0000] {processor.py:183} INFO - Processing /opt/airflow/dags/gcs_upload_dag.py took 0.376 seconds
[2025-12-26T09:07:20.583+0000] {processor.py:161} INFO - Started process (PID=194) to work on /opt/airflow/dags/gcs_upload_dag.py
[2025-12-26T09:07:20.587+0000] {processor.py:830} INFO - Processing file /opt/airflow/dags/gcs_upload_dag.py for tasks to queue
[2025-12-26T09:07:20.593+0000] {logging_mixin.py:188} INFO - [2025-12-26T09:07:20.592+0000] {dagbag.py:538} INFO - Filling up the DagBag from /opt/airflow/dags/gcs_upload_dag.py
[2025-12-26T09:07:20.725+0000] {processor.py:840} INFO - DAG(s) 'yellow_taxi_data', 'green_taxi_data', 'fhv_taxi_data', 'zones_taxi_data' retrieved from /opt/airflow/dags/gcs_upload_dag.py
[2025-12-26T09:07:20.861+0000] {logging_mixin.py:188} INFO - [2025-12-26T09:07:20.861+0000] {dag.py:3036} INFO - Sync 4 DAGs
[2025-12-26T09:07:20.929+0000] {logging_mixin.py:188} INFO - [2025-12-26T09:07:20.928+0000] {dag.py:3823} INFO - Setting next_dagrun for green_taxi_data to None, run_after=None
[2025-12-26T09:07:20.973+0000] {processor.py:183} INFO - Processing /opt/airflow/dags/gcs_upload_dag.py took 0.412 seconds
[2025-12-26T09:07:51.332+0000] {processor.py:161} INFO - Started process (PID=199) to work on /opt/airflow/dags/gcs_upload_dag.py
[2025-12-26T09:07:51.335+0000] {processor.py:830} INFO - Processing file /opt/airflow/dags/gcs_upload_dag.py for tasks to queue
[2025-12-26T09:07:51.341+0000] {logging_mixin.py:188} INFO - [2025-12-26T09:07:51.340+0000] {dagbag.py:538} INFO - Filling up the DagBag from /opt/airflow/dags/gcs_upload_dag.py
[2025-12-26T09:07:51.520+0000] {processor.py:840} INFO - DAG(s) 'yellow_taxi_data', 'zones_taxi_data', 'fhv_taxi_data', 'green_taxi_data' retrieved from /opt/airflow/dags/gcs_upload_dag.py
[2025-12-26T09:07:51.671+0000] {logging_mixin.py:188} INFO - [2025-12-26T09:07:51.670+0000] {dag.py:3036} INFO - Sync 4 DAGs
[2025-12-26T09:07:51.744+0000] {logging_mixin.py:188} INFO - [2025-12-26T09:07:51.744+0000] {dag.py:3823} INFO - Setting next_dagrun for green_taxi_data to None, run_after=None
[2025-12-26T09:07:51.792+0000] {processor.py:183} INFO - Processing /opt/airflow/dags/gcs_upload_dag.py took 0.474 seconds
[2025-12-26T09:08:22.026+0000] {processor.py:161} INFO - Started process (PID=204) to work on /opt/airflow/dags/gcs_upload_dag.py
[2025-12-26T09:08:22.029+0000] {processor.py:830} INFO - Processing file /opt/airflow/dags/gcs_upload_dag.py for tasks to queue
[2025-12-26T09:08:22.037+0000] {logging_mixin.py:188} INFO - [2025-12-26T09:08:22.037+0000] {dagbag.py:538} INFO - Filling up the DagBag from /opt/airflow/dags/gcs_upload_dag.py
[2025-12-26T09:08:22.149+0000] {processor.py:840} INFO - DAG(s) 'green_taxi_data', 'zones_taxi_data', 'fhv_taxi_data', 'yellow_taxi_data' retrieved from /opt/airflow/dags/gcs_upload_dag.py
[2025-12-26T09:08:22.265+0000] {logging_mixin.py:188} INFO - [2025-12-26T09:08:22.264+0000] {dag.py:3036} INFO - Sync 4 DAGs
[2025-12-26T09:08:22.367+0000] {logging_mixin.py:188} INFO - [2025-12-26T09:08:22.366+0000] {dag.py:3823} INFO - Setting next_dagrun for green_taxi_data to None, run_after=None
[2025-12-26T09:08:22.419+0000] {processor.py:183} INFO - Processing /opt/airflow/dags/gcs_upload_dag.py took 0.406 seconds
[2025-12-26T09:08:51.671+0000] {processor.py:161} INFO - Started process (PID=209) to work on /opt/airflow/dags/gcs_upload_dag.py
[2025-12-26T09:08:51.677+0000] {processor.py:830} INFO - Processing file /opt/airflow/dags/gcs_upload_dag.py for tasks to queue
[2025-12-26T09:08:51.686+0000] {logging_mixin.py:188} INFO - [2025-12-26T09:08:51.685+0000] {dagbag.py:538} INFO - Filling up the DagBag from /opt/airflow/dags/gcs_upload_dag.py
[2025-12-26T09:08:51.803+0000] {processor.py:840} INFO - DAG(s) 'fhv_taxi_data', 'yellow_taxi_data', 'zones_taxi_data', 'green_taxi_data' retrieved from /opt/airflow/dags/gcs_upload_dag.py
[2025-12-26T09:08:51.945+0000] {logging_mixin.py:188} INFO - [2025-12-26T09:08:51.944+0000] {dag.py:3036} INFO - Sync 4 DAGs
[2025-12-26T09:08:52.026+0000] {logging_mixin.py:188} INFO - [2025-12-26T09:08:52.025+0000] {dag.py:3823} INFO - Setting next_dagrun for green_taxi_data to None, run_after=None
[2025-12-26T09:08:52.082+0000] {processor.py:183} INFO - Processing /opt/airflow/dags/gcs_upload_dag.py took 0.434 seconds
[2025-12-26T09:09:22.507+0000] {processor.py:161} INFO - Started process (PID=220) to work on /opt/airflow/dags/gcs_upload_dag.py
[2025-12-26T09:09:22.511+0000] {processor.py:830} INFO - Processing file /opt/airflow/dags/gcs_upload_dag.py for tasks to queue
[2025-12-26T09:09:22.520+0000] {logging_mixin.py:188} INFO - [2025-12-26T09:09:22.518+0000] {dagbag.py:538} INFO - Filling up the DagBag from /opt/airflow/dags/gcs_upload_dag.py
[2025-12-26T09:09:22.635+0000] {processor.py:840} INFO - DAG(s) 'fhv_taxi_data', 'yellow_taxi_data', 'zones_taxi_data', 'green_taxi_data' retrieved from /opt/airflow/dags/gcs_upload_dag.py
[2025-12-26T09:09:22.775+0000] {logging_mixin.py:188} INFO - [2025-12-26T09:09:22.775+0000] {dag.py:3036} INFO - Sync 4 DAGs
[2025-12-26T09:09:22.846+0000] {logging_mixin.py:188} INFO - [2025-12-26T09:09:22.845+0000] {dag.py:3823} INFO - Setting next_dagrun for green_taxi_data to None, run_after=None
[2025-12-26T09:09:22.895+0000] {processor.py:183} INFO - Processing /opt/airflow/dags/gcs_upload_dag.py took 0.400 seconds
[2025-12-26T09:09:53.569+0000] {processor.py:161} INFO - Started process (PID=225) to work on /opt/airflow/dags/gcs_upload_dag.py
[2025-12-26T09:09:53.573+0000] {processor.py:830} INFO - Processing file /opt/airflow/dags/gcs_upload_dag.py for tasks to queue
[2025-12-26T09:09:53.581+0000] {logging_mixin.py:188} INFO - [2025-12-26T09:09:53.579+0000] {dagbag.py:538} INFO - Filling up the DagBag from /opt/airflow/dags/gcs_upload_dag.py
[2025-12-26T09:09:53.690+0000] {processor.py:840} INFO - DAG(s) 'yellow_taxi_data', 'fhv_taxi_data', 'zones_taxi_data', 'green_taxi_data' retrieved from /opt/airflow/dags/gcs_upload_dag.py
[2025-12-26T09:09:53.872+0000] {logging_mixin.py:188} INFO - [2025-12-26T09:09:53.872+0000] {dag.py:3036} INFO - Sync 4 DAGs
[2025-12-26T09:09:53.963+0000] {logging_mixin.py:188} INFO - [2025-12-26T09:09:53.962+0000] {dag.py:3823} INFO - Setting next_dagrun for green_taxi_data to None, run_after=None
[2025-12-26T09:09:54.022+0000] {processor.py:183} INFO - Processing /opt/airflow/dags/gcs_upload_dag.py took 0.474 seconds
[2025-12-26T09:10:24.343+0000] {processor.py:161} INFO - Started process (PID=230) to work on /opt/airflow/dags/gcs_upload_dag.py
[2025-12-26T09:10:24.346+0000] {processor.py:830} INFO - Processing file /opt/airflow/dags/gcs_upload_dag.py for tasks to queue
[2025-12-26T09:10:24.353+0000] {logging_mixin.py:188} INFO - [2025-12-26T09:10:24.352+0000] {dagbag.py:538} INFO - Filling up the DagBag from /opt/airflow/dags/gcs_upload_dag.py
[2025-12-26T09:10:24.479+0000] {processor.py:840} INFO - DAG(s) 'fhv_taxi_data', 'yellow_taxi_data', 'green_taxi_data', 'zones_taxi_data' retrieved from /opt/airflow/dags/gcs_upload_dag.py
[2025-12-26T09:10:24.618+0000] {logging_mixin.py:188} INFO - [2025-12-26T09:10:24.618+0000] {dag.py:3036} INFO - Sync 4 DAGs
[2025-12-26T09:10:24.691+0000] {logging_mixin.py:188} INFO - [2025-12-26T09:10:24.690+0000] {dag.py:3823} INFO - Setting next_dagrun for green_taxi_data to None, run_after=None
[2025-12-26T09:10:24.751+0000] {processor.py:183} INFO - Processing /opt/airflow/dags/gcs_upload_dag.py took 0.420 seconds
[2025-12-26T09:10:55.129+0000] {processor.py:161} INFO - Started process (PID=235) to work on /opt/airflow/dags/gcs_upload_dag.py
[2025-12-26T09:10:55.131+0000] {processor.py:830} INFO - Processing file /opt/airflow/dags/gcs_upload_dag.py for tasks to queue
[2025-12-26T09:10:55.136+0000] {logging_mixin.py:188} INFO - [2025-12-26T09:10:55.135+0000] {dagbag.py:538} INFO - Filling up the DagBag from /opt/airflow/dags/gcs_upload_dag.py
[2025-12-26T09:10:55.221+0000] {processor.py:840} INFO - DAG(s) 'fhv_taxi_data', 'green_taxi_data', 'zones_taxi_data', 'yellow_taxi_data' retrieved from /opt/airflow/dags/gcs_upload_dag.py
[2025-12-26T09:10:55.358+0000] {logging_mixin.py:188} INFO - [2025-12-26T09:10:55.358+0000] {dag.py:3036} INFO - Sync 4 DAGs
[2025-12-26T09:10:55.428+0000] {logging_mixin.py:188} INFO - [2025-12-26T09:10:55.428+0000] {dag.py:3823} INFO - Setting next_dagrun for green_taxi_data to None, run_after=None
[2025-12-26T09:10:55.476+0000] {processor.py:183} INFO - Processing /opt/airflow/dags/gcs_upload_dag.py took 0.356 seconds
[2025-12-26T09:11:12.913+0000] {processor.py:161} INFO - Started process (PID=246) to work on /opt/airflow/dags/gcs_upload_dag.py
[2025-12-26T09:11:12.916+0000] {processor.py:830} INFO - Processing file /opt/airflow/dags/gcs_upload_dag.py for tasks to queue
[2025-12-26T09:11:12.921+0000] {logging_mixin.py:188} INFO - [2025-12-26T09:11:12.920+0000] {dagbag.py:538} INFO - Filling up the DagBag from /opt/airflow/dags/gcs_upload_dag.py
[2025-12-26T09:11:13.056+0000] {processor.py:840} INFO - DAG(s) 'zones_taxi_data', 'yellow_taxi_data', 'green_taxi_data', 'fhv_taxi_data' retrieved from /opt/airflow/dags/gcs_upload_dag.py
[2025-12-26T09:11:13.410+0000] {logging_mixin.py:188} INFO - [2025-12-26T09:11:13.409+0000] {dag.py:3036} INFO - Sync 4 DAGs
[2025-12-26T09:11:13.504+0000] {logging_mixin.py:188} INFO - [2025-12-26T09:11:13.503+0000] {dag.py:3823} INFO - Setting next_dagrun for green_taxi_data to None, run_after=None
[2025-12-26T09:11:13.567+0000] {processor.py:183} INFO - Processing /opt/airflow/dags/gcs_upload_dag.py took 0.662 seconds
[2025-12-26T09:11:17.342+0000] {processor.py:161} INFO - Started process (PID=251) to work on /opt/airflow/dags/gcs_upload_dag.py
[2025-12-26T09:11:17.346+0000] {processor.py:830} INFO - Processing file /opt/airflow/dags/gcs_upload_dag.py for tasks to queue
[2025-12-26T09:11:17.357+0000] {logging_mixin.py:188} INFO - [2025-12-26T09:11:17.356+0000] {dagbag.py:538} INFO - Filling up the DagBag from /opt/airflow/dags/gcs_upload_dag.py
[2025-12-26T09:11:17.611+0000] {processor.py:840} INFO - DAG(s) 'green_taxi_data', 'yellow_taxi_data', 'zones_taxi_data', 'fhv_taxi_data' retrieved from /opt/airflow/dags/gcs_upload_dag.py
[2025-12-26T09:11:17.777+0000] {logging_mixin.py:188} INFO - [2025-12-26T09:11:17.776+0000] {dag.py:3036} INFO - Sync 4 DAGs
[2025-12-26T09:11:17.943+0000] {logging_mixin.py:188} INFO - [2025-12-26T09:11:17.942+0000] {dag.py:3823} INFO - Setting next_dagrun for green_taxi_data to None, run_after=None
[2025-12-26T09:11:18.030+0000] {processor.py:183} INFO - Processing /opt/airflow/dags/gcs_upload_dag.py took 0.703 seconds
[2025-12-26T09:11:22.747+0000] {processor.py:161} INFO - Started process (PID=256) to work on /opt/airflow/dags/gcs_upload_dag.py
[2025-12-26T09:11:22.752+0000] {processor.py:830} INFO - Processing file /opt/airflow/dags/gcs_upload_dag.py for tasks to queue
[2025-12-26T09:11:22.759+0000] {logging_mixin.py:188} INFO - [2025-12-26T09:11:22.758+0000] {dagbag.py:538} INFO - Filling up the DagBag from /opt/airflow/dags/gcs_upload_dag.py
[2025-12-26T09:11:22.942+0000] {processor.py:840} INFO - DAG(s) 'green_taxi_data', 'zones_taxi_data', 'yellow_taxi_data', 'fhv_taxi_data' retrieved from /opt/airflow/dags/gcs_upload_dag.py
[2025-12-26T09:11:23.316+0000] {logging_mixin.py:188} INFO - [2025-12-26T09:11:23.316+0000] {dag.py:3036} INFO - Sync 4 DAGs
[2025-12-26T09:11:23.393+0000] {logging_mixin.py:188} INFO - [2025-12-26T09:11:23.392+0000] {dag.py:3823} INFO - Setting next_dagrun for green_taxi_data to 2024-01-07 00:00:00+00:00, run_after=2024-01-08 00:00:00+00:00
[2025-12-26T09:11:23.494+0000] {processor.py:183} INFO - Processing /opt/airflow/dags/gcs_upload_dag.py took 0.757 seconds
[2025-12-26T09:11:24.212+0000] {processor.py:161} INFO - Started process (PID=261) to work on /opt/airflow/dags/gcs_upload_dag.py
[2025-12-26T09:11:24.215+0000] {processor.py:830} INFO - Processing file /opt/airflow/dags/gcs_upload_dag.py for tasks to queue
[2025-12-26T09:11:24.220+0000] {logging_mixin.py:188} INFO - [2025-12-26T09:11:24.219+0000] {dagbag.py:538} INFO - Filling up the DagBag from /opt/airflow/dags/gcs_upload_dag.py
[2025-12-26T09:11:24.412+0000] {processor.py:840} INFO - DAG(s) 'green_taxi_data', 'yellow_taxi_data', 'zones_taxi_data', 'fhv_taxi_data' retrieved from /opt/airflow/dags/gcs_upload_dag.py
[2025-12-26T09:11:24.566+0000] {logging_mixin.py:188} INFO - [2025-12-26T09:11:24.565+0000] {dag.py:3036} INFO - Sync 4 DAGs
[2025-12-26T09:11:24.642+0000] {logging_mixin.py:188} INFO - [2025-12-26T09:11:24.641+0000] {dag.py:3823} INFO - Setting next_dagrun for green_taxi_data to 2024-01-07 00:00:00+00:00, run_after=2024-01-08 00:00:00+00:00
[2025-12-26T09:11:24.699+0000] {processor.py:183} INFO - Processing /opt/airflow/dags/gcs_upload_dag.py took 0.496 seconds
[2025-12-26T09:11:30.750+0000] {processor.py:161} INFO - Started process (PID=266) to work on /opt/airflow/dags/gcs_upload_dag.py
[2025-12-26T09:11:30.755+0000] {processor.py:830} INFO - Processing file /opt/airflow/dags/gcs_upload_dag.py for tasks to queue
[2025-12-26T09:11:30.761+0000] {logging_mixin.py:188} INFO - [2025-12-26T09:11:30.760+0000] {dagbag.py:538} INFO - Filling up the DagBag from /opt/airflow/dags/gcs_upload_dag.py
[2025-12-26T09:11:30.908+0000] {processor.py:840} INFO - DAG(s) 'fhv_taxi_data', 'green_taxi_data', 'yellow_taxi_data', 'zones_taxi_data' retrieved from /opt/airflow/dags/gcs_upload_dag.py
[2025-12-26T09:11:31.320+0000] {logging_mixin.py:188} INFO - [2025-12-26T09:11:31.320+0000] {dag.py:3036} INFO - Sync 4 DAGs
[2025-12-26T09:11:31.381+0000] {logging_mixin.py:188} INFO - [2025-12-26T09:11:31.380+0000] {dag.py:3823} INFO - Setting next_dagrun for green_taxi_data to 2024-01-07 00:00:00+00:00, run_after=2024-01-08 00:00:00+00:00
[2025-12-26T09:11:31.456+0000] {processor.py:183} INFO - Processing /opt/airflow/dags/gcs_upload_dag.py took 0.717 seconds
[2025-12-26T09:11:31.603+0000] {processor.py:161} INFO - Started process (PID=271) to work on /opt/airflow/dags/gcs_upload_dag.py
[2025-12-26T09:11:31.607+0000] {processor.py:830} INFO - Processing file /opt/airflow/dags/gcs_upload_dag.py for tasks to queue
[2025-12-26T09:11:31.647+0000] {logging_mixin.py:188} INFO - [2025-12-26T09:11:31.646+0000] {dagbag.py:538} INFO - Filling up the DagBag from /opt/airflow/dags/gcs_upload_dag.py
[2025-12-26T09:11:31.862+0000] {processor.py:840} INFO - DAG(s) 'green_taxi_data', 'zones_taxi_data', 'fhv_taxi_data', 'yellow_taxi_data' retrieved from /opt/airflow/dags/gcs_upload_dag.py
[2025-12-26T09:11:31.973+0000] {logging_mixin.py:188} INFO - [2025-12-26T09:11:31.973+0000] {dag.py:3036} INFO - Sync 4 DAGs
[2025-12-26T09:11:32.077+0000] {logging_mixin.py:188} INFO - [2025-12-26T09:11:32.077+0000] {dag.py:3823} INFO - Setting next_dagrun for green_taxi_data to 2024-01-07 00:00:00+00:00, run_after=2024-01-08 00:00:00+00:00
[2025-12-26T09:11:32.137+0000] {processor.py:183} INFO - Processing /opt/airflow/dags/gcs_upload_dag.py took 0.548 seconds
[2025-12-26T09:11:37.352+0000] {processor.py:161} INFO - Started process (PID=276) to work on /opt/airflow/dags/gcs_upload_dag.py
[2025-12-26T09:11:37.355+0000] {processor.py:830} INFO - Processing file /opt/airflow/dags/gcs_upload_dag.py for tasks to queue
[2025-12-26T09:11:37.359+0000] {logging_mixin.py:188} INFO - [2025-12-26T09:11:37.358+0000] {dagbag.py:538} INFO - Filling up the DagBag from /opt/airflow/dags/gcs_upload_dag.py
[2025-12-26T09:11:37.524+0000] {processor.py:840} INFO - DAG(s) 'zones_taxi_data', 'green_taxi_data', 'fhv_taxi_data', 'yellow_taxi_data' retrieved from /opt/airflow/dags/gcs_upload_dag.py
[2025-12-26T09:11:37.831+0000] {logging_mixin.py:188} INFO - [2025-12-26T09:11:37.831+0000] {dag.py:3036} INFO - Sync 4 DAGs
[2025-12-26T09:11:37.900+0000] {logging_mixin.py:188} INFO - [2025-12-26T09:11:37.899+0000] {dag.py:3823} INFO - Setting next_dagrun for green_taxi_data to 2024-01-07 00:00:00+00:00, run_after=2024-01-08 00:00:00+00:00
[2025-12-26T09:11:37.994+0000] {processor.py:183} INFO - Processing /opt/airflow/dags/gcs_upload_dag.py took 0.648 seconds
[2025-12-26T09:11:38.988+0000] {processor.py:161} INFO - Started process (PID=281) to work on /opt/airflow/dags/gcs_upload_dag.py
[2025-12-26T09:11:38.992+0000] {processor.py:830} INFO - Processing file /opt/airflow/dags/gcs_upload_dag.py for tasks to queue
[2025-12-26T09:11:39.000+0000] {logging_mixin.py:188} INFO - [2025-12-26T09:11:38.998+0000] {dagbag.py:538} INFO - Filling up the DagBag from /opt/airflow/dags/gcs_upload_dag.py
[2025-12-26T09:11:39.186+0000] {processor.py:840} INFO - DAG(s) 'fhv_taxi_data', 'yellow_taxi_data', 'zones_taxi_data', 'green_taxi_data' retrieved from /opt/airflow/dags/gcs_upload_dag.py
[2025-12-26T09:11:39.233+0000] {logging_mixin.py:188} INFO - [2025-12-26T09:11:39.232+0000] {dag.py:3036} INFO - Sync 4 DAGs
[2025-12-26T09:11:39.309+0000] {logging_mixin.py:188} INFO - [2025-12-26T09:11:39.309+0000] {dag.py:3823} INFO - Setting next_dagrun for green_taxi_data to 2024-01-07 00:00:00+00:00, run_after=2024-01-08 00:00:00+00:00
[2025-12-26T09:11:39.365+0000] {processor.py:183} INFO - Processing /opt/airflow/dags/gcs_upload_dag.py took 0.393 seconds
[2025-12-26T09:12:09.859+0000] {processor.py:161} INFO - Started process (PID=286) to work on /opt/airflow/dags/gcs_upload_dag.py
[2025-12-26T09:12:09.874+0000] {processor.py:830} INFO - Processing file /opt/airflow/dags/gcs_upload_dag.py for tasks to queue
[2025-12-26T09:12:09.892+0000] {logging_mixin.py:188} INFO - [2025-12-26T09:12:09.890+0000] {dagbag.py:538} INFO - Filling up the DagBag from /opt/airflow/dags/gcs_upload_dag.py
[2025-12-26T09:12:10.141+0000] {processor.py:840} INFO - DAG(s) 'green_taxi_data', 'yellow_taxi_data', 'fhv_taxi_data', 'zones_taxi_data' retrieved from /opt/airflow/dags/gcs_upload_dag.py
[2025-12-26T09:12:10.309+0000] {logging_mixin.py:188} INFO - [2025-12-26T09:12:10.308+0000] {dag.py:3036} INFO - Sync 4 DAGs
[2025-12-26T09:12:10.403+0000] {logging_mixin.py:188} INFO - [2025-12-26T09:12:10.403+0000] {dag.py:3823} INFO - Setting next_dagrun for green_taxi_data to 2024-01-07 00:00:00+00:00, run_after=2024-01-08 00:00:00+00:00
[2025-12-26T09:12:10.512+0000] {processor.py:183} INFO - Processing /opt/airflow/dags/gcs_upload_dag.py took 0.685 seconds
[2025-12-26T09:12:40.726+0000] {processor.py:161} INFO - Started process (PID=291) to work on /opt/airflow/dags/gcs_upload_dag.py
[2025-12-26T09:12:40.729+0000] {processor.py:830} INFO - Processing file /opt/airflow/dags/gcs_upload_dag.py for tasks to queue
[2025-12-26T09:12:40.734+0000] {logging_mixin.py:188} INFO - [2025-12-26T09:12:40.733+0000] {dagbag.py:538} INFO - Filling up the DagBag from /opt/airflow/dags/gcs_upload_dag.py
[2025-12-26T09:12:40.860+0000] {processor.py:840} INFO - DAG(s) 'zones_taxi_data', 'yellow_taxi_data', 'fhv_taxi_data', 'green_taxi_data' retrieved from /opt/airflow/dags/gcs_upload_dag.py
[2025-12-26T09:12:41.004+0000] {logging_mixin.py:188} INFO - [2025-12-26T09:12:41.004+0000] {dag.py:3036} INFO - Sync 4 DAGs
[2025-12-26T09:12:41.051+0000] {logging_mixin.py:188} INFO - [2025-12-26T09:12:41.051+0000] {dag.py:3823} INFO - Setting next_dagrun for fhv_taxi_data to 2024-01-15 00:00:00+00:00, run_after=2024-01-16 00:00:00+00:00
[2025-12-26T09:12:41.060+0000] {logging_mixin.py:188} INFO - [2025-12-26T09:12:41.060+0000] {dag.py:3823} INFO - Setting next_dagrun for green_taxi_data to 2024-01-07 00:00:00+00:00, run_after=2024-01-08 00:00:00+00:00
[2025-12-26T09:12:41.102+0000] {processor.py:183} INFO - Processing /opt/airflow/dags/gcs_upload_dag.py took 0.386 seconds
[2025-12-26T09:13:11.367+0000] {processor.py:161} INFO - Started process (PID=308) to work on /opt/airflow/dags/gcs_upload_dag.py
[2025-12-26T09:13:11.371+0000] {processor.py:830} INFO - Processing file /opt/airflow/dags/gcs_upload_dag.py for tasks to queue
[2025-12-26T09:13:11.388+0000] {logging_mixin.py:188} INFO - [2025-12-26T09:13:11.386+0000] {dagbag.py:538} INFO - Filling up the DagBag from /opt/airflow/dags/gcs_upload_dag.py
[2025-12-26T09:13:11.989+0000] {processor.py:840} INFO - DAG(s) 'yellow_taxi_data', 'zones_taxi_data', 'green_taxi_data', 'fhv_taxi_data' retrieved from /opt/airflow/dags/gcs_upload_dag.py
[2025-12-26T09:13:11.265+0000] {logging_mixin.py:188} INFO - [2025-12-26T09:13:11.264+0000] {dag.py:3036} INFO - Sync 4 DAGs
[2025-12-26T09:13:11.481+0000] {logging_mixin.py:188} INFO - [2025-12-26T09:13:11.480+0000] {dag.py:3823} INFO - Setting next_dagrun for green_taxi_data to 2024-01-07 00:00:00+00:00, run_after=2024-01-08 00:00:00+00:00
[2025-12-26T09:13:11.638+0000] {processor.py:183} INFO - Processing /opt/airflow/dags/gcs_upload_dag.py took 1.471 seconds
[2025-12-26T09:13:42.260+0000] {processor.py:161} INFO - Started process (PID=321) to work on /opt/airflow/dags/gcs_upload_dag.py
[2025-12-26T09:13:42.263+0000] {processor.py:830} INFO - Processing file /opt/airflow/dags/gcs_upload_dag.py for tasks to queue
[2025-12-26T09:13:42.277+0000] {logging_mixin.py:188} INFO - [2025-12-26T09:13:42.277+0000] {dagbag.py:538} INFO - Filling up the DagBag from /opt/airflow/dags/gcs_upload_dag.py
[2025-12-26T09:13:42.527+0000] {processor.py:840} INFO - DAG(s) 'yellow_taxi_data', 'zones_taxi_data', 'green_taxi_data', 'fhv_taxi_data' retrieved from /opt/airflow/dags/gcs_upload_dag.py
[2025-12-26T09:13:42.674+0000] {logging_mixin.py:188} INFO - [2025-12-26T09:13:42.673+0000] {dag.py:3036} INFO - Sync 4 DAGs
[2025-12-26T09:13:42.739+0000] {logging_mixin.py:188} INFO - [2025-12-26T09:13:42.738+0000] {dag.py:3823} INFO - Setting next_dagrun for green_taxi_data to 2024-01-07 00:00:00+00:00, run_after=2024-01-08 00:00:00+00:00
[2025-12-26T09:13:42.807+0000] {processor.py:183} INFO - Processing /opt/airflow/dags/gcs_upload_dag.py took 0.558 seconds
[2025-12-26T09:14:12.977+0000] {processor.py:161} INFO - Started process (PID=346) to work on /opt/airflow/dags/gcs_upload_dag.py
[2025-12-26T09:14:12.983+0000] {processor.py:830} INFO - Processing file /opt/airflow/dags/gcs_upload_dag.py for tasks to queue
[2025-12-26T09:14:12.990+0000] {logging_mixin.py:188} INFO - [2025-12-26T09:14:12.989+0000] {dagbag.py:538} INFO - Filling up the DagBag from /opt/airflow/dags/gcs_upload_dag.py
[2025-12-26T09:14:13.196+0000] {processor.py:840} INFO - DAG(s) 'yellow_taxi_data', 'fhv_taxi_data', 'green_taxi_data', 'zones_taxi_data' retrieved from /opt/airflow/dags/gcs_upload_dag.py
[2025-12-26T09:14:13.532+0000] {logging_mixin.py:188} INFO - [2025-12-26T09:14:13.531+0000] {dag.py:3036} INFO - Sync 4 DAGs
[2025-12-26T09:14:13.723+0000] {logging_mixin.py:188} INFO - [2025-12-26T09:14:13.722+0000] {dag.py:3823} INFO - Setting next_dagrun for green_taxi_data to 2024-01-07 00:00:00+00:00, run_after=2024-01-08 00:00:00+00:00
[2025-12-26T09:14:13.844+0000] {processor.py:183} INFO - Processing /opt/airflow/dags/gcs_upload_dag.py took 0.882 seconds
[2025-12-26T09:14:44.427+0000] {processor.py:161} INFO - Started process (PID=365) to work on /opt/airflow/dags/gcs_upload_dag.py
[2025-12-26T09:14:44.439+0000] {processor.py:830} INFO - Processing file /opt/airflow/dags/gcs_upload_dag.py for tasks to queue
[2025-12-26T09:14:44.450+0000] {logging_mixin.py:188} INFO - [2025-12-26T09:14:44.447+0000] {dagbag.py:538} INFO - Filling up the DagBag from /opt/airflow/dags/gcs_upload_dag.py
[2025-12-26T09:14:44.717+0000] {processor.py:840} INFO - DAG(s) 'zones_taxi_data', 'fhv_taxi_data', 'yellow_taxi_data', 'green_taxi_data' retrieved from /opt/airflow/dags/gcs_upload_dag.py
[2025-12-26T09:14:45.087+0000] {logging_mixin.py:188} INFO - [2025-12-26T09:14:45.086+0000] {dag.py:3036} INFO - Sync 4 DAGs
[2025-12-26T09:14:45.391+0000] {logging_mixin.py:188} INFO - [2025-12-26T09:14:45.390+0000] {dag.py:3823} INFO - Setting next_dagrun for green_taxi_data to 2024-01-07 00:00:00+00:00, run_after=2024-01-08 00:00:00+00:00
[2025-12-26T09:14:45.532+0000] {processor.py:183} INFO - Processing /opt/airflow/dags/gcs_upload_dag.py took 1.127 seconds
[2025-12-26T09:15:15.708+0000] {processor.py:161} INFO - Started process (PID=383) to work on /opt/airflow/dags/gcs_upload_dag.py
[2025-12-26T09:15:15.717+0000] {processor.py:830} INFO - Processing file /opt/airflow/dags/gcs_upload_dag.py for tasks to queue
[2025-12-26T09:15:15.724+0000] {logging_mixin.py:188} INFO - [2025-12-26T09:15:15.723+0000] {dagbag.py:538} INFO - Filling up the DagBag from /opt/airflow/dags/gcs_upload_dag.py
[2025-12-26T09:15:15.930+0000] {processor.py:840} INFO - DAG(s) 'zones_taxi_data', 'fhv_taxi_data', 'yellow_taxi_data', 'green_taxi_data' retrieved from /opt/airflow/dags/gcs_upload_dag.py
[2025-12-26T09:15:16.187+0000] {logging_mixin.py:188} INFO - [2025-12-26T09:15:16.187+0000] {dag.py:3036} INFO - Sync 4 DAGs
[2025-12-26T09:15:16.402+0000] {logging_mixin.py:188} INFO - [2025-12-26T09:15:16.401+0000] {dag.py:3823} INFO - Setting next_dagrun for green_taxi_data to 2024-01-07 00:00:00+00:00, run_after=2024-01-08 00:00:00+00:00
[2025-12-26T09:15:16.539+0000] {processor.py:183} INFO - Processing /opt/airflow/dags/gcs_upload_dag.py took 0.854 seconds
[2025-12-26T09:15:47.076+0000] {processor.py:161} INFO - Started process (PID=395) to work on /opt/airflow/dags/gcs_upload_dag.py
[2025-12-26T09:15:47.083+0000] {processor.py:830} INFO - Processing file /opt/airflow/dags/gcs_upload_dag.py for tasks to queue
[2025-12-26T09:15:47.089+0000] {logging_mixin.py:188} INFO - [2025-12-26T09:15:47.088+0000] {dagbag.py:538} INFO - Filling up the DagBag from /opt/airflow/dags/gcs_upload_dag.py
[2025-12-26T09:15:47.200+0000] {processor.py:840} INFO - DAG(s) 'yellow_taxi_data', 'zones_taxi_data', 'green_taxi_data', 'fhv_taxi_data' retrieved from /opt/airflow/dags/gcs_upload_dag.py
[2025-12-26T09:15:47.336+0000] {logging_mixin.py:188} INFO - [2025-12-26T09:15:47.336+0000] {dag.py:3036} INFO - Sync 4 DAGs
[2025-12-26T09:15:47.414+0000] {logging_mixin.py:188} INFO - [2025-12-26T09:15:47.413+0000] {dag.py:3823} INFO - Setting next_dagrun for green_taxi_data to 2024-01-07 00:00:00+00:00, run_after=2024-01-08 00:00:00+00:00
[2025-12-26T09:15:47.466+0000] {processor.py:183} INFO - Processing /opt/airflow/dags/gcs_upload_dag.py took 0.401 seconds
[2025-12-26T09:16:17.949+0000] {processor.py:161} INFO - Started process (PID=409) to work on /opt/airflow/dags/gcs_upload_dag.py
[2025-12-26T09:16:17.953+0000] {processor.py:830} INFO - Processing file /opt/airflow/dags/gcs_upload_dag.py for tasks to queue
[2025-12-26T09:16:17.959+0000] {logging_mixin.py:188} INFO - [2025-12-26T09:16:17.958+0000] {dagbag.py:538} INFO - Filling up the DagBag from /opt/airflow/dags/gcs_upload_dag.py
[2025-12-26T09:16:18.068+0000] {processor.py:840} INFO - DAG(s) 'fhv_taxi_data', 'green_taxi_data', 'yellow_taxi_data', 'zones_taxi_data' retrieved from /opt/airflow/dags/gcs_upload_dag.py
[2025-12-26T09:16:18.328+0000] {logging_mixin.py:188} INFO - [2025-12-26T09:16:18.328+0000] {dag.py:3036} INFO - Sync 4 DAGs
[2025-12-26T09:16:18.393+0000] {logging_mixin.py:188} INFO - [2025-12-26T09:16:18.393+0000] {dag.py:3823} INFO - Setting next_dagrun for green_taxi_data to 2024-01-07 00:00:00+00:00, run_after=2024-01-08 00:00:00+00:00
[2025-12-26T09:16:18.460+0000] {processor.py:183} INFO - Processing /opt/airflow/dags/gcs_upload_dag.py took 0.522 seconds
[2025-12-26T09:16:48.982+0000] {processor.py:161} INFO - Started process (PID=424) to work on /opt/airflow/dags/gcs_upload_dag.py
[2025-12-26T09:16:48.987+0000] {processor.py:830} INFO - Processing file /opt/airflow/dags/gcs_upload_dag.py for tasks to queue
[2025-12-26T09:16:48.997+0000] {logging_mixin.py:188} INFO - [2025-12-26T09:16:48.996+0000] {dagbag.py:538} INFO - Filling up the DagBag from /opt/airflow/dags/gcs_upload_dag.py
[2025-12-26T09:16:49.384+0000] {processor.py:840} INFO - DAG(s) 'fhv_taxi_data', 'green_taxi_data', 'zones_taxi_data', 'yellow_taxi_data' retrieved from /opt/airflow/dags/gcs_upload_dag.py
[2025-12-26T09:16:49.728+0000] {logging_mixin.py:188} INFO - [2025-12-26T09:16:49.723+0000] {dag.py:3036} INFO - Sync 4 DAGs
[2025-12-26T09:16:50.010+0000] {logging_mixin.py:188} INFO - [2025-12-26T09:16:50.008+0000] {dag.py:3823} INFO - Setting next_dagrun for green_taxi_data to 2024-01-07 00:00:00+00:00, run_after=2024-01-08 00:00:00+00:00
[2025-12-26T09:16:50.164+0000] {processor.py:183} INFO - Processing /opt/airflow/dags/gcs_upload_dag.py took 1.207 seconds
[2025-12-26T09:17:20.653+0000] {processor.py:161} INFO - Started process (PID=435) to work on /opt/airflow/dags/gcs_upload_dag.py
[2025-12-26T09:17:20.655+0000] {processor.py:830} INFO - Processing file /opt/airflow/dags/gcs_upload_dag.py for tasks to queue
[2025-12-26T09:17:20.662+0000] {logging_mixin.py:188} INFO - [2025-12-26T09:17:20.661+0000] {dagbag.py:538} INFO - Filling up the DagBag from /opt/airflow/dags/gcs_upload_dag.py
[2025-12-26T09:17:20.984+0000] {processor.py:840} INFO - DAG(s) 'fhv_taxi_data', 'yellow_taxi_data', 'zones_taxi_data', 'green_taxi_data' retrieved from /opt/airflow/dags/gcs_upload_dag.py
[2025-12-26T09:17:21.180+0000] {logging_mixin.py:188} INFO - [2025-12-26T09:17:21.179+0000] {dag.py:3036} INFO - Sync 4 DAGs
[2025-12-26T09:17:21.344+0000] {logging_mixin.py:188} INFO - [2025-12-26T09:17:21.344+0000] {dag.py:3823} INFO - Setting next_dagrun for green_taxi_data to 2024-01-07 00:00:00+00:00, run_after=2024-01-08 00:00:00+00:00
[2025-12-26T09:17:21.388+0000] {processor.py:183} INFO - Processing /opt/airflow/dags/gcs_upload_dag.py took 0.745 seconds
[2025-12-26T09:17:51.877+0000] {processor.py:161} INFO - Started process (PID=440) to work on /opt/airflow/dags/gcs_upload_dag.py
[2025-12-26T09:17:51.879+0000] {processor.py:830} INFO - Processing file /opt/airflow/dags/gcs_upload_dag.py for tasks to queue
[2025-12-26T09:17:51.883+0000] {logging_mixin.py:188} INFO - [2025-12-26T09:17:51.883+0000] {dagbag.py:538} INFO - Filling up the DagBag from /opt/airflow/dags/gcs_upload_dag.py
[2025-12-26T09:17:51.966+0000] {processor.py:840} INFO - DAG(s) 'yellow_taxi_data', 'fhv_taxi_data', 'green_taxi_data', 'zones_taxi_data' retrieved from /opt/airflow/dags/gcs_upload_dag.py
[2025-12-26T09:17:52.066+0000] {logging_mixin.py:188} INFO - [2025-12-26T09:17:52.066+0000] {dag.py:3036} INFO - Sync 4 DAGs
[2025-12-26T09:17:52.140+0000] {logging_mixin.py:188} INFO - [2025-12-26T09:17:52.139+0000] {dag.py:3823} INFO - Setting next_dagrun for green_taxi_data to 2024-01-07 00:00:00+00:00, run_after=2024-01-08 00:00:00+00:00
[2025-12-26T09:17:52.201+0000] {processor.py:183} INFO - Processing /opt/airflow/dags/gcs_upload_dag.py took 0.331 seconds
[2025-12-26T09:18:22.450+0000] {processor.py:161} INFO - Started process (PID=445) to work on /opt/airflow/dags/gcs_upload_dag.py
[2025-12-26T09:18:22.454+0000] {processor.py:830} INFO - Processing file /opt/airflow/dags/gcs_upload_dag.py for tasks to queue
[2025-12-26T09:18:22.460+0000] {logging_mixin.py:188} INFO - [2025-12-26T09:18:22.459+0000] {dagbag.py:538} INFO - Filling up the DagBag from /opt/airflow/dags/gcs_upload_dag.py
[2025-12-26T09:18:22.560+0000] {processor.py:840} INFO - DAG(s) 'green_taxi_data', 'fhv_taxi_data', 'yellow_taxi_data', 'zones_taxi_data' retrieved from /opt/airflow/dags/gcs_upload_dag.py
[2025-12-26T09:18:22.680+0000] {logging_mixin.py:188} INFO - [2025-12-26T09:18:22.680+0000] {dag.py:3036} INFO - Sync 4 DAGs
[2025-12-26T09:18:22.738+0000] {logging_mixin.py:188} INFO - [2025-12-26T09:18:22.737+0000] {dag.py:3823} INFO - Setting next_dagrun for green_taxi_data to 2024-01-07 00:00:00+00:00, run_after=2024-01-08 00:00:00+00:00
[2025-12-26T09:18:22.780+0000] {processor.py:183} INFO - Processing /opt/airflow/dags/gcs_upload_dag.py took 0.342 seconds
[2025-12-26T09:18:53.018+0000] {processor.py:161} INFO - Started process (PID=450) to work on /opt/airflow/dags/gcs_upload_dag.py
[2025-12-26T09:18:53.021+0000] {processor.py:830} INFO - Processing file /opt/airflow/dags/gcs_upload_dag.py for tasks to queue
[2025-12-26T09:18:53.029+0000] {logging_mixin.py:188} INFO - [2025-12-26T09:18:53.028+0000] {dagbag.py:538} INFO - Filling up the DagBag from /opt/airflow/dags/gcs_upload_dag.py
[2025-12-26T09:18:53.141+0000] {processor.py:840} INFO - DAG(s) 'green_taxi_data', 'fhv_taxi_data', 'yellow_taxi_data', 'zones_taxi_data' retrieved from /opt/airflow/dags/gcs_upload_dag.py
[2025-12-26T09:18:53.268+0000] {logging_mixin.py:188} INFO - [2025-12-26T09:18:53.267+0000] {dag.py:3036} INFO - Sync 4 DAGs
[2025-12-26T09:18:53.331+0000] {logging_mixin.py:188} INFO - [2025-12-26T09:18:53.330+0000] {dag.py:3823} INFO - Setting next_dagrun for green_taxi_data to 2024-01-07 00:00:00+00:00, run_after=2024-01-08 00:00:00+00:00
[2025-12-26T09:18:53.382+0000] {processor.py:183} INFO - Processing /opt/airflow/dags/gcs_upload_dag.py took 0.373 seconds
[2025-12-26T09:19:23.731+0000] {processor.py:161} INFO - Started process (PID=455) to work on /opt/airflow/dags/gcs_upload_dag.py
[2025-12-26T09:19:23.734+0000] {processor.py:830} INFO - Processing file /opt/airflow/dags/gcs_upload_dag.py for tasks to queue
[2025-12-26T09:19:23.741+0000] {logging_mixin.py:188} INFO - [2025-12-26T09:19:23.740+0000] {dagbag.py:538} INFO - Filling up the DagBag from /opt/airflow/dags/gcs_upload_dag.py
[2025-12-26T09:19:23.833+0000] {processor.py:840} INFO - DAG(s) 'fhv_taxi_data', 'green_taxi_data', 'zones_taxi_data', 'yellow_taxi_data' retrieved from /opt/airflow/dags/gcs_upload_dag.py
[2025-12-26T09:19:23.935+0000] {logging_mixin.py:188} INFO - [2025-12-26T09:19:23.935+0000] {dag.py:3036} INFO - Sync 4 DAGs
[2025-12-26T09:19:24.017+0000] {logging_mixin.py:188} INFO - [2025-12-26T09:19:24.017+0000] {dag.py:3823} INFO - Setting next_dagrun for green_taxi_data to 2024-01-07 00:00:00+00:00, run_after=2024-01-08 00:00:00+00:00
[2025-12-26T09:19:24.061+0000] {processor.py:183} INFO - Processing /opt/airflow/dags/gcs_upload_dag.py took 0.340 seconds
[2025-12-26T09:19:54.421+0000] {processor.py:161} INFO - Started process (PID=460) to work on /opt/airflow/dags/gcs_upload_dag.py
[2025-12-26T09:19:54.424+0000] {processor.py:830} INFO - Processing file /opt/airflow/dags/gcs_upload_dag.py for tasks to queue
[2025-12-26T09:19:54.430+0000] {logging_mixin.py:188} INFO - [2025-12-26T09:19:54.429+0000] {dagbag.py:538} INFO - Filling up the DagBag from /opt/airflow/dags/gcs_upload_dag.py
[2025-12-26T09:19:54.536+0000] {processor.py:840} INFO - DAG(s) 'yellow_taxi_data', 'green_taxi_data', 'zones_taxi_data', 'fhv_taxi_data' retrieved from /opt/airflow/dags/gcs_upload_dag.py
[2025-12-26T09:19:54.683+0000] {logging_mixin.py:188} INFO - [2025-12-26T09:19:54.682+0000] {dag.py:3036} INFO - Sync 4 DAGs
[2025-12-26T09:19:54.750+0000] {logging_mixin.py:188} INFO - [2025-12-26T09:19:54.750+0000] {dag.py:3823} INFO - Setting next_dagrun for green_taxi_data to 2024-01-07 00:00:00+00:00, run_after=2024-01-08 00:00:00+00:00
[2025-12-26T09:19:54.786+0000] {processor.py:183} INFO - Processing /opt/airflow/dags/gcs_upload_dag.py took 0.376 seconds
[2025-12-26T09:20:24.956+0000] {processor.py:161} INFO - Started process (PID=465) to work on /opt/airflow/dags/gcs_upload_dag.py
[2025-12-26T09:20:24.960+0000] {processor.py:830} INFO - Processing file /opt/airflow/dags/gcs_upload_dag.py for tasks to queue
[2025-12-26T09:20:24.966+0000] {logging_mixin.py:188} INFO - [2025-12-26T09:20:24.965+0000] {dagbag.py:538} INFO - Filling up the DagBag from /opt/airflow/dags/gcs_upload_dag.py
[2025-12-26T09:20:25.078+0000] {processor.py:840} INFO - DAG(s) 'zones_taxi_data', 'green_taxi_data', 'fhv_taxi_data', 'yellow_taxi_data' retrieved from /opt/airflow/dags/gcs_upload_dag.py
[2025-12-26T09:20:25.213+0000] {logging_mixin.py:188} INFO - [2025-12-26T09:20:25.212+0000] {dag.py:3036} INFO - Sync 4 DAGs
[2025-12-26T09:20:25.274+0000] {logging_mixin.py:188} INFO - [2025-12-26T09:20:25.274+0000] {dag.py:3823} INFO - Setting next_dagrun for green_taxi_data to 2024-01-07 00:00:00+00:00, run_after=2024-01-08 00:00:00+00:00
[2025-12-26T09:20:25.315+0000] {processor.py:183} INFO - Processing /opt/airflow/dags/gcs_upload_dag.py took 0.371 seconds
[2025-12-26T09:20:55.551+0000] {processor.py:161} INFO - Started process (PID=470) to work on /opt/airflow/dags/gcs_upload_dag.py
[2025-12-26T09:20:55.554+0000] {processor.py:830} INFO - Processing file /opt/airflow/dags/gcs_upload_dag.py for tasks to queue
[2025-12-26T09:20:55.559+0000] {logging_mixin.py:188} INFO - [2025-12-26T09:20:55.558+0000] {dagbag.py:538} INFO - Filling up the DagBag from /opt/airflow/dags/gcs_upload_dag.py
[2025-12-26T09:20:55.666+0000] {processor.py:840} INFO - DAG(s) 'green_taxi_data', 'yellow_taxi_data', 'fhv_taxi_data', 'zones_taxi_data' retrieved from /opt/airflow/dags/gcs_upload_dag.py
[2025-12-26T09:20:55.804+0000] {logging_mixin.py:188} INFO - [2025-12-26T09:20:55.803+0000] {dag.py:3036} INFO - Sync 4 DAGs
[2025-12-26T09:20:55.875+0000] {logging_mixin.py:188} INFO - [2025-12-26T09:20:55.874+0000] {dag.py:3823} INFO - Setting next_dagrun for green_taxi_data to 2024-01-07 00:00:00+00:00, run_after=2024-01-08 00:00:00+00:00
[2025-12-26T09:20:56.057+0000] {processor.py:183} INFO - Processing /opt/airflow/dags/gcs_upload_dag.py took 0.516 seconds
[2025-12-26T09:21:26.365+0000] {processor.py:161} INFO - Started process (PID=475) to work on /opt/airflow/dags/gcs_upload_dag.py
[2025-12-26T09:21:26.368+0000] {processor.py:830} INFO - Processing file /opt/airflow/dags/gcs_upload_dag.py for tasks to queue
[2025-12-26T09:21:26.374+0000] {logging_mixin.py:188} INFO - [2025-12-26T09:21:26.373+0000] {dagbag.py:538} INFO - Filling up the DagBag from /opt/airflow/dags/gcs_upload_dag.py
[2025-12-26T09:21:26.476+0000] {processor.py:840} INFO - DAG(s) 'fhv_taxi_data', 'zones_taxi_data', 'green_taxi_data', 'yellow_taxi_data' retrieved from /opt/airflow/dags/gcs_upload_dag.py
[2025-12-26T09:21:26.604+0000] {logging_mixin.py:188} INFO - [2025-12-26T09:21:26.603+0000] {dag.py:3036} INFO - Sync 4 DAGs
[2025-12-26T09:21:26.669+0000] {logging_mixin.py:188} INFO - [2025-12-26T09:21:26.668+0000] {dag.py:3823} INFO - Setting next_dagrun for green_taxi_data to 2024-01-07 00:00:00+00:00, run_after=2024-01-08 00:00:00+00:00
[2025-12-26T09:21:26.720+0000] {processor.py:183} INFO - Processing /opt/airflow/dags/gcs_upload_dag.py took 0.364 seconds
[2025-12-26T09:21:57.030+0000] {processor.py:161} INFO - Started process (PID=480) to work on /opt/airflow/dags/gcs_upload_dag.py
[2025-12-26T09:21:57.033+0000] {processor.py:830} INFO - Processing file /opt/airflow/dags/gcs_upload_dag.py for tasks to queue
[2025-12-26T09:21:57.039+0000] {logging_mixin.py:188} INFO - [2025-12-26T09:21:57.038+0000] {dagbag.py:538} INFO - Filling up the DagBag from /opt/airflow/dags/gcs_upload_dag.py
[2025-12-26T09:21:57.130+0000] {processor.py:840} INFO - DAG(s) 'fhv_taxi_data', 'green_taxi_data', 'zones_taxi_data', 'yellow_taxi_data' retrieved from /opt/airflow/dags/gcs_upload_dag.py
[2025-12-26T09:21:57.256+0000] {logging_mixin.py:188} INFO - [2025-12-26T09:21:57.255+0000] {dag.py:3036} INFO - Sync 4 DAGs
[2025-12-26T09:21:57.344+0000] {logging_mixin.py:188} INFO - [2025-12-26T09:21:57.344+0000] {dag.py:3823} INFO - Setting next_dagrun for green_taxi_data to 2024-01-07 00:00:00+00:00, run_after=2024-01-08 00:00:00+00:00
[2025-12-26T09:21:57.409+0000] {processor.py:183} INFO - Processing /opt/airflow/dags/gcs_upload_dag.py took 0.386 seconds
[2025-12-26T09:22:27.757+0000] {processor.py:161} INFO - Started process (PID=485) to work on /opt/airflow/dags/gcs_upload_dag.py
[2025-12-26T09:22:27.760+0000] {processor.py:830} INFO - Processing file /opt/airflow/dags/gcs_upload_dag.py for tasks to queue
[2025-12-26T09:22:27.766+0000] {logging_mixin.py:188} INFO - [2025-12-26T09:22:27.765+0000] {dagbag.py:538} INFO - Filling up the DagBag from /opt/airflow/dags/gcs_upload_dag.py
[2025-12-26T09:22:27.876+0000] {processor.py:840} INFO - DAG(s) 'zones_taxi_data', 'fhv_taxi_data', 'green_taxi_data', 'yellow_taxi_data' retrieved from /opt/airflow/dags/gcs_upload_dag.py
[2025-12-26T09:22:27.997+0000] {logging_mixin.py:188} INFO - [2025-12-26T09:22:27.996+0000] {dag.py:3036} INFO - Sync 4 DAGs
[2025-12-26T09:22:28.056+0000] {logging_mixin.py:188} INFO - [2025-12-26T09:22:28.056+0000] {dag.py:3823} INFO - Setting next_dagrun for green_taxi_data to 2024-01-07 00:00:00+00:00, run_after=2024-01-08 00:00:00+00:00
[2025-12-26T09:22:28.120+0000] {processor.py:183} INFO - Processing /opt/airflow/dags/gcs_upload_dag.py took 0.371 seconds
[2025-12-26T09:22:58.571+0000] {processor.py:161} INFO - Started process (PID=490) to work on /opt/airflow/dags/gcs_upload_dag.py
[2025-12-26T09:22:58.575+0000] {processor.py:830} INFO - Processing file /opt/airflow/dags/gcs_upload_dag.py for tasks to queue
[2025-12-26T09:22:58.581+0000] {logging_mixin.py:188} INFO - [2025-12-26T09:22:58.580+0000] {dagbag.py:538} INFO - Filling up the DagBag from /opt/airflow/dags/gcs_upload_dag.py
[2025-12-26T09:22:58.677+0000] {processor.py:840} INFO - DAG(s) 'green_taxi_data', 'zones_taxi_data', 'yellow_taxi_data', 'fhv_taxi_data' retrieved from /opt/airflow/dags/gcs_upload_dag.py
[2025-12-26T09:22:58.793+0000] {logging_mixin.py:188} INFO - [2025-12-26T09:22:58.793+0000] {dag.py:3036} INFO - Sync 4 DAGs
[2025-12-26T09:22:58.843+0000] {logging_mixin.py:188} INFO - [2025-12-26T09:22:58.842+0000] {dag.py:3823} INFO - Setting next_dagrun for green_taxi_data to 2024-01-07 00:00:00+00:00, run_after=2024-01-08 00:00:00+00:00
[2025-12-26T09:22:58.894+0000] {processor.py:183} INFO - Processing /opt/airflow/dags/gcs_upload_dag.py took 0.332 seconds
[2025-12-26T09:23:29.180+0000] {processor.py:161} INFO - Started process (PID=501) to work on /opt/airflow/dags/gcs_upload_dag.py
[2025-12-26T09:23:29.183+0000] {processor.py:830} INFO - Processing file /opt/airflow/dags/gcs_upload_dag.py for tasks to queue
[2025-12-26T09:23:29.188+0000] {logging_mixin.py:188} INFO - [2025-12-26T09:23:29.187+0000] {dagbag.py:538} INFO - Filling up the DagBag from /opt/airflow/dags/gcs_upload_dag.py
[2025-12-26T09:23:29.297+0000] {processor.py:840} INFO - DAG(s) 'zones_taxi_data', 'yellow_taxi_data', 'green_taxi_data', 'fhv_taxi_data' retrieved from /opt/airflow/dags/gcs_upload_dag.py
[2025-12-26T09:23:29.423+0000] {logging_mixin.py:188} INFO - [2025-12-26T09:23:29.423+0000] {dag.py:3036} INFO - Sync 4 DAGs
[2025-12-26T09:23:29.500+0000] {logging_mixin.py:188} INFO - [2025-12-26T09:23:29.499+0000] {dag.py:3823} INFO - Setting next_dagrun for green_taxi_data to 2024-01-07 00:00:00+00:00, run_after=2024-01-08 00:00:00+00:00
[2025-12-26T09:23:29.568+0000] {processor.py:183} INFO - Processing /opt/airflow/dags/gcs_upload_dag.py took 0.397 seconds
[2025-12-26T09:23:59.876+0000] {processor.py:161} INFO - Started process (PID=512) to work on /opt/airflow/dags/gcs_upload_dag.py
[2025-12-26T09:23:59.879+0000] {processor.py:830} INFO - Processing file /opt/airflow/dags/gcs_upload_dag.py for tasks to queue
[2025-12-26T09:23:59.885+0000] {logging_mixin.py:188} INFO - [2025-12-26T09:23:59.884+0000] {dagbag.py:538} INFO - Filling up the DagBag from /opt/airflow/dags/gcs_upload_dag.py
[2025-12-26T09:23:59.980+0000] {processor.py:840} INFO - DAG(s) 'yellow_taxi_data', 'green_taxi_data', 'fhv_taxi_data', 'zones_taxi_data' retrieved from /opt/airflow/dags/gcs_upload_dag.py
[2025-12-26T09:24:00.108+0000] {logging_mixin.py:188} INFO - [2025-12-26T09:24:00.108+0000] {dag.py:3036} INFO - Sync 4 DAGs
[2025-12-26T09:24:00.171+0000] {logging_mixin.py:188} INFO - [2025-12-26T09:24:00.171+0000] {dag.py:3823} INFO - Setting next_dagrun for green_taxi_data to 2024-01-07 00:00:00+00:00, run_after=2024-01-08 00:00:00+00:00
[2025-12-26T09:24:00.218+0000] {processor.py:183} INFO - Processing /opt/airflow/dags/gcs_upload_dag.py took 0.349 seconds
[2025-12-26T09:24:30.562+0000] {processor.py:161} INFO - Started process (PID=517) to work on /opt/airflow/dags/gcs_upload_dag.py
[2025-12-26T09:24:30.564+0000] {processor.py:830} INFO - Processing file /opt/airflow/dags/gcs_upload_dag.py for tasks to queue
[2025-12-26T09:24:30.568+0000] {logging_mixin.py:188} INFO - [2025-12-26T09:24:30.568+0000] {dagbag.py:538} INFO - Filling up the DagBag from /opt/airflow/dags/gcs_upload_dag.py
[2025-12-26T09:24:30.661+0000] {processor.py:840} INFO - DAG(s) 'green_taxi_data', 'fhv_taxi_data', 'zones_taxi_data', 'yellow_taxi_data' retrieved from /opt/airflow/dags/gcs_upload_dag.py
[2025-12-26T09:24:30.778+0000] {logging_mixin.py:188} INFO - [2025-12-26T09:24:30.778+0000] {dag.py:3036} INFO - Sync 4 DAGs
[2025-12-26T09:24:30.841+0000] {logging_mixin.py:188} INFO - [2025-12-26T09:24:30.840+0000] {dag.py:3823} INFO - Setting next_dagrun for green_taxi_data to 2024-01-07 00:00:00+00:00, run_after=2024-01-08 00:00:00+00:00
[2025-12-26T09:24:30.891+0000] {processor.py:183} INFO - Processing /opt/airflow/dags/gcs_upload_dag.py took 0.336 seconds
[2025-12-26T09:25:01.351+0000] {processor.py:161} INFO - Started process (PID=522) to work on /opt/airflow/dags/gcs_upload_dag.py
[2025-12-26T09:25:01.354+0000] {processor.py:830} INFO - Processing file /opt/airflow/dags/gcs_upload_dag.py for tasks to queue
[2025-12-26T09:25:01.362+0000] {logging_mixin.py:188} INFO - [2025-12-26T09:25:01.361+0000] {dagbag.py:538} INFO - Filling up the DagBag from /opt/airflow/dags/gcs_upload_dag.py
[2025-12-26T09:25:01.486+0000] {processor.py:840} INFO - DAG(s) 'yellow_taxi_data', 'zones_taxi_data', 'fhv_taxi_data', 'green_taxi_data' retrieved from /opt/airflow/dags/gcs_upload_dag.py
[2025-12-26T09:25:01.652+0000] {logging_mixin.py:188} INFO - [2025-12-26T09:25:01.651+0000] {dag.py:3036} INFO - Sync 4 DAGs
[2025-12-26T09:25:01.742+0000] {logging_mixin.py:188} INFO - [2025-12-26T09:25:01.742+0000] {dag.py:3823} INFO - Setting next_dagrun for green_taxi_data to 2024-01-07 00:00:00+00:00, run_after=2024-01-08 00:00:00+00:00
[2025-12-26T09:25:01.804+0000] {processor.py:183} INFO - Processing /opt/airflow/dags/gcs_upload_dag.py took 0.463 seconds
[2025-12-26T09:25:32.197+0000] {processor.py:161} INFO - Started process (PID=527) to work on /opt/airflow/dags/gcs_upload_dag.py
[2025-12-26T09:25:32.200+0000] {processor.py:830} INFO - Processing file /opt/airflow/dags/gcs_upload_dag.py for tasks to queue
[2025-12-26T09:25:32.205+0000] {logging_mixin.py:188} INFO - [2025-12-26T09:25:32.205+0000] {dagbag.py:538} INFO - Filling up the DagBag from /opt/airflow/dags/gcs_upload_dag.py
[2025-12-26T09:25:32.289+0000] {processor.py:840} INFO - DAG(s) 'green_taxi_data', 'fhv_taxi_data', 'yellow_taxi_data', 'zones_taxi_data' retrieved from /opt/airflow/dags/gcs_upload_dag.py
[2025-12-26T09:25:32.410+0000] {logging_mixin.py:188} INFO - [2025-12-26T09:25:32.409+0000] {dag.py:3036} INFO - Sync 4 DAGs
[2025-12-26T09:25:32.482+0000] {logging_mixin.py:188} INFO - [2025-12-26T09:25:32.481+0000] {dag.py:3823} INFO - Setting next_dagrun for green_taxi_data to 2024-01-07 00:00:00+00:00, run_after=2024-01-08 00:00:00+00:00
[2025-12-26T09:25:32.532+0000] {processor.py:183} INFO - Processing /opt/airflow/dags/gcs_upload_dag.py took 0.342 seconds
[2025-12-26T09:26:02.826+0000] {processor.py:161} INFO - Started process (PID=532) to work on /opt/airflow/dags/gcs_upload_dag.py
[2025-12-26T09:26:02.829+0000] {processor.py:830} INFO - Processing file /opt/airflow/dags/gcs_upload_dag.py for tasks to queue
[2025-12-26T09:26:02.834+0000] {logging_mixin.py:188} INFO - [2025-12-26T09:26:02.833+0000] {dagbag.py:538} INFO - Filling up the DagBag from /opt/airflow/dags/gcs_upload_dag.py
[2025-12-26T09:26:02.922+0000] {processor.py:840} INFO - DAG(s) 'zones_taxi_data', 'yellow_taxi_data', 'fhv_taxi_data', 'green_taxi_data' retrieved from /opt/airflow/dags/gcs_upload_dag.py
[2025-12-26T09:26:03.050+0000] {logging_mixin.py:188} INFO - [2025-12-26T09:26:03.049+0000] {dag.py:3036} INFO - Sync 4 DAGs
[2025-12-26T09:26:03.112+0000] {logging_mixin.py:188} INFO - [2025-12-26T09:26:03.111+0000] {dag.py:3823} INFO - Setting next_dagrun for green_taxi_data to 2024-01-07 00:00:00+00:00, run_after=2024-01-08 00:00:00+00:00
[2025-12-26T09:26:03.158+0000] {processor.py:183} INFO - Processing /opt/airflow/dags/gcs_upload_dag.py took 0.338 seconds
[2025-12-26T09:26:33.512+0000] {processor.py:161} INFO - Started process (PID=537) to work on /opt/airflow/dags/gcs_upload_dag.py
[2025-12-26T09:26:33.515+0000] {processor.py:830} INFO - Processing file /opt/airflow/dags/gcs_upload_dag.py for tasks to queue
[2025-12-26T09:26:33.519+0000] {logging_mixin.py:188} INFO - [2025-12-26T09:26:33.519+0000] {dagbag.py:538} INFO - Filling up the DagBag from /opt/airflow/dags/gcs_upload_dag.py
[2025-12-26T09:26:33.604+0000] {processor.py:840} INFO - DAG(s) 'zones_taxi_data', 'yellow_taxi_data', 'fhv_taxi_data', 'green_taxi_data' retrieved from /opt/airflow/dags/gcs_upload_dag.py
[2025-12-26T09:26:33.716+0000] {logging_mixin.py:188} INFO - [2025-12-26T09:26:33.715+0000] {dag.py:3036} INFO - Sync 4 DAGs
[2025-12-26T09:26:33.765+0000] {logging_mixin.py:188} INFO - [2025-12-26T09:26:33.765+0000] {dag.py:3823} INFO - Setting next_dagrun for green_taxi_data to 2024-01-07 00:00:00+00:00, run_after=2024-01-08 00:00:00+00:00
[2025-12-26T09:26:33.811+0000] {processor.py:183} INFO - Processing /opt/airflow/dags/gcs_upload_dag.py took 0.308 seconds
[2025-12-26T09:27:04.166+0000] {processor.py:161} INFO - Started process (PID=542) to work on /opt/airflow/dags/gcs_upload_dag.py
[2025-12-26T09:27:04.169+0000] {processor.py:830} INFO - Processing file /opt/airflow/dags/gcs_upload_dag.py for tasks to queue
[2025-12-26T09:27:04.174+0000] {logging_mixin.py:188} INFO - [2025-12-26T09:27:04.173+0000] {dagbag.py:538} INFO - Filling up the DagBag from /opt/airflow/dags/gcs_upload_dag.py
[2025-12-26T09:27:04.260+0000] {processor.py:840} INFO - DAG(s) 'fhv_taxi_data', 'yellow_taxi_data', 'green_taxi_data', 'zones_taxi_data' retrieved from /opt/airflow/dags/gcs_upload_dag.py
[2025-12-26T09:27:04.388+0000] {logging_mixin.py:188} INFO - [2025-12-26T09:27:04.388+0000] {dag.py:3036} INFO - Sync 4 DAGs
[2025-12-26T09:27:04.477+0000] {logging_mixin.py:188} INFO - [2025-12-26T09:27:04.476+0000] {dag.py:3823} INFO - Setting next_dagrun for green_taxi_data to 2024-01-07 00:00:00+00:00, run_after=2024-01-08 00:00:00+00:00
[2025-12-26T09:27:04.535+0000] {processor.py:183} INFO - Processing /opt/airflow/dags/gcs_upload_dag.py took 0.377 seconds
[2025-12-26T09:27:34.865+0000] {processor.py:161} INFO - Started process (PID=547) to work on /opt/airflow/dags/gcs_upload_dag.py
[2025-12-26T09:27:34.868+0000] {processor.py:830} INFO - Processing file /opt/airflow/dags/gcs_upload_dag.py for tasks to queue
[2025-12-26T09:27:34.874+0000] {logging_mixin.py:188} INFO - [2025-12-26T09:27:34.873+0000] {dagbag.py:538} INFO - Filling up the DagBag from /opt/airflow/dags/gcs_upload_dag.py
[2025-12-26T09:27:34.992+0000] {processor.py:840} INFO - DAG(s) 'zones_taxi_data', 'green_taxi_data', 'fhv_taxi_data', 'yellow_taxi_data' retrieved from /opt/airflow/dags/gcs_upload_dag.py
[2025-12-26T09:27:35.112+0000] {logging_mixin.py:188} INFO - [2025-12-26T09:27:35.111+0000] {dag.py:3036} INFO - Sync 4 DAGs
[2025-12-26T09:27:35.175+0000] {logging_mixin.py:188} INFO - [2025-12-26T09:27:35.174+0000] {dag.py:3823} INFO - Setting next_dagrun for green_taxi_data to 2024-01-07 00:00:00+00:00, run_after=2024-01-08 00:00:00+00:00
[2025-12-26T09:27:35.224+0000] {processor.py:183} INFO - Processing /opt/airflow/dags/gcs_upload_dag.py took 0.369 seconds
[2025-12-26T09:28:04.346+0000] {processor.py:161} INFO - Started process (PID=552) to work on /opt/airflow/dags/gcs_upload_dag.py
[2025-12-26T09:28:04.349+0000] {processor.py:830} INFO - Processing file /opt/airflow/dags/gcs_upload_dag.py for tasks to queue
[2025-12-26T09:28:04.355+0000] {logging_mixin.py:188} INFO - [2025-12-26T09:28:04.354+0000] {dagbag.py:538} INFO - Filling up the DagBag from /opt/airflow/dags/gcs_upload_dag.py
[2025-12-26T09:28:04.482+0000] {processor.py:840} INFO - DAG(s) 'yellow_taxi_data', 'green_taxi_data', 'fhv_taxi_data', 'zones_taxi_data' retrieved from /opt/airflow/dags/gcs_upload_dag.py
[2025-12-26T09:28:04.637+0000] {logging_mixin.py:188} INFO - [2025-12-26T09:28:04.637+0000] {dag.py:3036} INFO - Sync 4 DAGs
[2025-12-26T09:28:04.725+0000] {logging_mixin.py:188} INFO - [2025-12-26T09:28:04.724+0000] {dag.py:3823} INFO - Setting next_dagrun for green_taxi_data to 2024-01-07 00:00:00+00:00, run_after=2024-01-08 00:00:00+00:00
[2025-12-26T09:28:04.779+0000] {processor.py:183} INFO - Processing /opt/airflow/dags/gcs_upload_dag.py took 0.445 seconds
[2025-12-26T09:28:35.115+0000] {processor.py:161} INFO - Started process (PID=573) to work on /opt/airflow/dags/gcs_upload_dag.py
[2025-12-26T09:28:35.119+0000] {processor.py:830} INFO - Processing file /opt/airflow/dags/gcs_upload_dag.py for tasks to queue
[2025-12-26T09:28:35.127+0000] {logging_mixin.py:188} INFO - [2025-12-26T09:28:35.126+0000] {dagbag.py:538} INFO - Filling up the DagBag from /opt/airflow/dags/gcs_upload_dag.py
[2025-12-26T09:28:35.277+0000] {processor.py:840} INFO - DAG(s) 'yellow_taxi_data', 'fhv_taxi_data', 'green_taxi_data', 'zones_taxi_data' retrieved from /opt/airflow/dags/gcs_upload_dag.py
[2025-12-26T09:28:35.469+0000] {logging_mixin.py:188} INFO - [2025-12-26T09:28:35.468+0000] {dag.py:3036} INFO - Sync 4 DAGs
[2025-12-26T09:28:35.575+0000] {logging_mixin.py:188} INFO - [2025-12-26T09:28:35.574+0000] {dag.py:3823} INFO - Setting next_dagrun for green_taxi_data to 2024-01-08 00:00:00+00:00, run_after=2024-01-09 00:00:00+00:00
[2025-12-26T09:28:35.655+0000] {processor.py:183} INFO - Processing /opt/airflow/dags/gcs_upload_dag.py took 0.553 seconds
[2025-12-26T09:29:05.898+0000] {processor.py:161} INFO - Started process (PID=604) to work on /opt/airflow/dags/gcs_upload_dag.py
[2025-12-26T09:29:05.901+0000] {processor.py:830} INFO - Processing file /opt/airflow/dags/gcs_upload_dag.py for tasks to queue
[2025-12-26T09:29:05.905+0000] {logging_mixin.py:188} INFO - [2025-12-26T09:29:05.905+0000] {dagbag.py:538} INFO - Filling up the DagBag from /opt/airflow/dags/gcs_upload_dag.py
[2025-12-26T09:29:06.000+0000] {processor.py:840} INFO - DAG(s) 'fhv_taxi_data', 'green_taxi_data', 'zones_taxi_data', 'yellow_taxi_data' retrieved from /opt/airflow/dags/gcs_upload_dag.py
[2025-12-26T09:29:06.190+0000] {logging_mixin.py:188} INFO - [2025-12-26T09:29:06.189+0000] {dag.py:3036} INFO - Sync 4 DAGs
[2025-12-26T09:29:06.328+0000] {processor.py:183} INFO - Processing /opt/airflow/dags/gcs_upload_dag.py took 0.438 seconds
[2025-12-26T09:29:36.708+0000] {processor.py:161} INFO - Started process (PID=609) to work on /opt/airflow/dags/gcs_upload_dag.py
[2025-12-26T09:29:36.712+0000] {processor.py:830} INFO - Processing file /opt/airflow/dags/gcs_upload_dag.py for tasks to queue
[2025-12-26T09:29:36.718+0000] {logging_mixin.py:188} INFO - [2025-12-26T09:29:36.717+0000] {dagbag.py:538} INFO - Filling up the DagBag from /opt/airflow/dags/gcs_upload_dag.py
[2025-12-26T09:29:36.831+0000] {processor.py:840} INFO - DAG(s) 'fhv_taxi_data', 'green_taxi_data', 'yellow_taxi_data', 'zones_taxi_data' retrieved from /opt/airflow/dags/gcs_upload_dag.py
[2025-12-26T09:29:36.954+0000] {logging_mixin.py:188} INFO - [2025-12-26T09:29:36.953+0000] {dag.py:3036} INFO - Sync 4 DAGs
[2025-12-26T09:29:37.054+0000] {processor.py:183} INFO - Processing /opt/airflow/dags/gcs_upload_dag.py took 0.359 seconds
[2025-12-26T09:30:07.696+0000] {processor.py:161} INFO - Started process (PID=641) to work on /opt/airflow/dags/gcs_upload_dag.py
[2025-12-26T09:30:07.706+0000] {processor.py:830} INFO - Processing file /opt/airflow/dags/gcs_upload_dag.py for tasks to queue
[2025-12-26T09:30:07.721+0000] {logging_mixin.py:188} INFO - [2025-12-26T09:30:07.716+0000] {dagbag.py:538} INFO - Filling up the DagBag from /opt/airflow/dags/gcs_upload_dag.py
[2025-12-26T09:30:07.956+0000] {processor.py:840} INFO - DAG(s) 'fhv_taxi_data', 'zones_taxi_data', 'green_taxi_data', 'yellow_taxi_data' retrieved from /opt/airflow/dags/gcs_upload_dag.py
[2025-12-26T09:30:08.262+0000] {logging_mixin.py:188} INFO - [2025-12-26T09:30:08.259+0000] {dag.py:3036} INFO - Sync 4 DAGs
[2025-12-26T09:30:08.477+0000] {logging_mixin.py:188} INFO - [2025-12-26T09:30:08.476+0000] {dag.py:3823} INFO - Setting next_dagrun for green_taxi_data to 2024-01-10 00:00:00+00:00, run_after=2024-01-11 00:00:00+00:00
[2025-12-26T09:30:08.627+0000] {processor.py:183} INFO - Processing /opt/airflow/dags/gcs_upload_dag.py took 0.948 seconds
[2025-12-26T09:30:18.047+0000] {processor.py:161} INFO - Started process (PID=646) to work on /opt/airflow/dags/gcs_upload_dag.py
[2025-12-26T09:30:18.054+0000] {processor.py:830} INFO - Processing file /opt/airflow/dags/gcs_upload_dag.py for tasks to queue
[2025-12-26T09:30:18.066+0000] {logging_mixin.py:188} INFO - [2025-12-26T09:30:18.065+0000] {dagbag.py:538} INFO - Filling up the DagBag from /opt/airflow/dags/gcs_upload_dag.py
[2025-12-26T09:30:18.411+0000] {processor.py:840} INFO - DAG(s) 'fhv_taxi_data', 'green_taxi_data', 'zones_taxi_data', 'yellow_taxi_data' retrieved from /opt/airflow/dags/gcs_upload_dag.py
[2025-12-26T09:30:18.777+0000] {logging_mixin.py:188} INFO - [2025-12-26T09:30:18.777+0000] {dag.py:3036} INFO - Sync 4 DAGs
[2025-12-26T09:30:18.849+0000] {logging_mixin.py:188} INFO - [2025-12-26T09:30:18.849+0000] {dag.py:3823} INFO - Setting next_dagrun for green_taxi_data to 2024-01-10 00:00:00+00:00, run_after=2024-01-11 00:00:00+00:00
[2025-12-26T09:30:18.928+0000] {processor.py:183} INFO - Processing /opt/airflow/dags/gcs_upload_dag.py took 0.908 seconds
[2025-12-26T09:30:21.096+0000] {processor.py:161} INFO - Started process (PID=651) to work on /opt/airflow/dags/gcs_upload_dag.py
[2025-12-26T09:30:21.098+0000] {processor.py:830} INFO - Processing file /opt/airflow/dags/gcs_upload_dag.py for tasks to queue
[2025-12-26T09:30:21.104+0000] {logging_mixin.py:188} INFO - [2025-12-26T09:30:21.104+0000] {dagbag.py:538} INFO - Filling up the DagBag from /opt/airflow/dags/gcs_upload_dag.py
[2025-12-26T09:30:21.239+0000] {processor.py:840} INFO - DAG(s) 'fhv_taxi_data', 'green_taxi_data', 'zones_taxi_data', 'yellow_taxi_data' retrieved from /opt/airflow/dags/gcs_upload_dag.py
[2025-12-26T09:30:21.356+0000] {logging_mixin.py:188} INFO - [2025-12-26T09:30:21.356+0000] {dag.py:3036} INFO - Sync 4 DAGs
[2025-12-26T09:30:21.419+0000] {logging_mixin.py:188} INFO - [2025-12-26T09:30:21.418+0000] {dag.py:3823} INFO - Setting next_dagrun for green_taxi_data to 2024-01-10 00:00:00+00:00, run_after=2024-01-11 00:00:00+00:00
[2025-12-26T09:30:21.480+0000] {processor.py:183} INFO - Processing /opt/airflow/dags/gcs_upload_dag.py took 0.393 seconds
[2025-12-26T09:30:23.329+0000] {processor.py:161} INFO - Started process (PID=656) to work on /opt/airflow/dags/gcs_upload_dag.py
[2025-12-26T09:30:23.334+0000] {processor.py:830} INFO - Processing file /opt/airflow/dags/gcs_upload_dag.py for tasks to queue
[2025-12-26T09:30:23.340+0000] {logging_mixin.py:188} INFO - [2025-12-26T09:30:23.339+0000] {dagbag.py:538} INFO - Filling up the DagBag from /opt/airflow/dags/gcs_upload_dag.py
[2025-12-26T09:30:23.486+0000] {processor.py:840} INFO - DAG(s) 'yellow_taxi_data', 'zones_taxi_data', 'fhv_taxi_data', 'green_taxi_data' retrieved from /opt/airflow/dags/gcs_upload_dag.py
[2025-12-26T09:30:23.614+0000] {logging_mixin.py:188} INFO - [2025-12-26T09:30:23.613+0000] {dag.py:3036} INFO - Sync 4 DAGs
[2025-12-26T09:30:23.678+0000] {logging_mixin.py:188} INFO - [2025-12-26T09:30:23.678+0000] {dag.py:3823} INFO - Setting next_dagrun for green_taxi_data to 2024-01-10 00:00:00+00:00, run_after=2024-01-11 00:00:00+00:00
[2025-12-26T09:30:23.741+0000] {processor.py:183} INFO - Processing /opt/airflow/dags/gcs_upload_dag.py took 0.426 seconds
[2025-12-26T09:30:28.728+0000] {processor.py:161} INFO - Started process (PID=661) to work on /opt/airflow/dags/gcs_upload_dag.py
[2025-12-26T09:30:28.732+0000] {processor.py:830} INFO - Processing file /opt/airflow/dags/gcs_upload_dag.py for tasks to queue
[2025-12-26T09:30:28.737+0000] {logging_mixin.py:188} INFO - [2025-12-26T09:30:28.736+0000] {dagbag.py:538} INFO - Filling up the DagBag from /opt/airflow/dags/gcs_upload_dag.py
[2025-12-26T09:30:28.877+0000] {processor.py:840} INFO - DAG(s) 'fhv_taxi_data', 'yellow_taxi_data', 'green_taxi_data', 'zones_taxi_data' retrieved from /opt/airflow/dags/gcs_upload_dag.py
[2025-12-26T09:30:28.974+0000] {logging_mixin.py:188} INFO - [2025-12-26T09:30:28.974+0000] {dag.py:3036} INFO - Sync 4 DAGs
[2025-12-26T09:30:29.032+0000] {logging_mixin.py:188} INFO - [2025-12-26T09:30:29.032+0000] {dag.py:3823} INFO - Setting next_dagrun for green_taxi_data to 2024-01-10 00:00:00+00:00, run_after=2024-01-11 00:00:00+00:00
[2025-12-26T09:30:29.097+0000] {processor.py:183} INFO - Processing /opt/airflow/dags/gcs_upload_dag.py took 0.380 seconds
[2025-12-26T09:30:30.090+0000] {processor.py:161} INFO - Started process (PID=666) to work on /opt/airflow/dags/gcs_upload_dag.py
[2025-12-26T09:30:30.093+0000] {processor.py:830} INFO - Processing file /opt/airflow/dags/gcs_upload_dag.py for tasks to queue
[2025-12-26T09:30:30.099+0000] {logging_mixin.py:188} INFO - [2025-12-26T09:30:30.098+0000] {dagbag.py:538} INFO - Filling up the DagBag from /opt/airflow/dags/gcs_upload_dag.py
[2025-12-26T09:30:30.255+0000] {processor.py:840} INFO - DAG(s) 'green_taxi_data', 'fhv_taxi_data', 'zones_taxi_data', 'yellow_taxi_data' retrieved from /opt/airflow/dags/gcs_upload_dag.py
[2025-12-26T09:30:30.406+0000] {logging_mixin.py:188} INFO - [2025-12-26T09:30:30.406+0000] {dag.py:3036} INFO - Sync 4 DAGs
[2025-12-26T09:30:30.491+0000] {logging_mixin.py:188} INFO - [2025-12-26T09:30:30.490+0000] {dag.py:3823} INFO - Setting next_dagrun for green_taxi_data to 2024-01-10 00:00:00+00:00, run_after=2024-01-11 00:00:00+00:00
[2025-12-26T09:30:30.560+0000] {processor.py:183} INFO - Processing /opt/airflow/dags/gcs_upload_dag.py took 0.480 seconds
[2025-12-26T09:30:42.371+0000] {processor.py:161} INFO - Started process (PID=671) to work on /opt/airflow/dags/gcs_upload_dag.py
[2025-12-26T09:30:42.373+0000] {processor.py:830} INFO - Processing file /opt/airflow/dags/gcs_upload_dag.py for tasks to queue
[2025-12-26T09:30:42.378+0000] {logging_mixin.py:188} INFO - [2025-12-26T09:30:42.377+0000] {dagbag.py:538} INFO - Filling up the DagBag from /opt/airflow/dags/gcs_upload_dag.py
[2025-12-26T09:30:42.502+0000] {processor.py:840} INFO - DAG(s) 'yellow_taxi_data', 'zones_taxi_data', 'fhv_taxi_data', 'green_taxi_data' retrieved from /opt/airflow/dags/gcs_upload_dag.py
[2025-12-26T09:30:42.607+0000] {logging_mixin.py:188} INFO - [2025-12-26T09:30:42.607+0000] {dag.py:3036} INFO - Sync 4 DAGs
[2025-12-26T09:30:42.675+0000] {logging_mixin.py:188} INFO - [2025-12-26T09:30:42.674+0000] {dag.py:3823} INFO - Setting next_dagrun for green_taxi_data to 2024-01-10 00:00:00+00:00, run_after=2024-01-11 00:00:00+00:00
[2025-12-26T09:30:42.740+0000] {processor.py:183} INFO - Processing /opt/airflow/dags/gcs_upload_dag.py took 0.379 seconds
[2025-12-26T09:31:13.210+0000] {processor.py:161} INFO - Started process (PID=706) to work on /opt/airflow/dags/gcs_upload_dag.py
[2025-12-26T09:31:13.217+0000] {processor.py:830} INFO - Processing file /opt/airflow/dags/gcs_upload_dag.py for tasks to queue
[2025-12-26T09:31:13.227+0000] {logging_mixin.py:188} INFO - [2025-12-26T09:31:13.226+0000] {dagbag.py:538} INFO - Filling up the DagBag from /opt/airflow/dags/gcs_upload_dag.py
[2025-12-26T09:31:13.515+0000] {processor.py:840} INFO - DAG(s) 'yellow_taxi_data', 'green_taxi_data', 'zones_taxi_data', 'fhv_taxi_data' retrieved from /opt/airflow/dags/gcs_upload_dag.py
[2025-12-26T09:31:14.641+0000] {logging_mixin.py:188} INFO - [2025-12-26T09:31:14.640+0000] {dag.py:3036} INFO - Sync 4 DAGs
[2025-12-26T09:31:14.816+0000] {logging_mixin.py:188} INFO - [2025-12-26T09:31:14.815+0000] {dag.py:3823} INFO - Setting next_dagrun for green_taxi_data to 2024-01-10 00:00:00+00:00, run_after=2024-01-11 00:00:00+00:00
[2025-12-26T09:31:14.964+0000] {processor.py:183} INFO - Processing /opt/airflow/dags/gcs_upload_dag.py took 1.772 seconds
[2025-12-26T09:31:45.099+0000] {processor.py:161} INFO - Started process (PID=729) to work on /opt/airflow/dags/gcs_upload_dag.py
[2025-12-26T09:31:45.102+0000] {processor.py:830} INFO - Processing file /opt/airflow/dags/gcs_upload_dag.py for tasks to queue
[2025-12-26T09:31:45.113+0000] {logging_mixin.py:188} INFO - [2025-12-26T09:31:45.112+0000] {dagbag.py:538} INFO - Filling up the DagBag from /opt/airflow/dags/gcs_upload_dag.py
[2025-12-26T09:31:45.262+0000] {processor.py:840} INFO - DAG(s) 'green_taxi_data', 'yellow_taxi_data', 'fhv_taxi_data', 'zones_taxi_data' retrieved from /opt/airflow/dags/gcs_upload_dag.py
[2025-12-26T09:31:45.451+0000] {logging_mixin.py:188} INFO - [2025-12-26T09:31:45.450+0000] {dag.py:3036} INFO - Sync 4 DAGs
[2025-12-26T09:31:45.655+0000] {logging_mixin.py:188} INFO - [2025-12-26T09:31:45.654+0000] {dag.py:3823} INFO - Setting next_dagrun for green_taxi_data to 2024-01-10 00:00:00+00:00, run_after=2024-01-11 00:00:00+00:00
[2025-12-26T09:31:45.726+0000] {processor.py:183} INFO - Processing /opt/airflow/dags/gcs_upload_dag.py took 0.637 seconds
[2025-12-26T09:32:16.120+0000] {processor.py:161} INFO - Started process (PID=734) to work on /opt/airflow/dags/gcs_upload_dag.py
[2025-12-26T09:32:16.123+0000] {processor.py:830} INFO - Processing file /opt/airflow/dags/gcs_upload_dag.py for tasks to queue
[2025-12-26T09:32:16.130+0000] {logging_mixin.py:188} INFO - [2025-12-26T09:32:16.128+0000] {dagbag.py:538} INFO - Filling up the DagBag from /opt/airflow/dags/gcs_upload_dag.py
[2025-12-26T09:32:16.240+0000] {processor.py:840} INFO - DAG(s) 'green_taxi_data', 'yellow_taxi_data', 'fhv_taxi_data', 'zones_taxi_data' retrieved from /opt/airflow/dags/gcs_upload_dag.py
[2025-12-26T09:32:16.377+0000] {logging_mixin.py:188} INFO - [2025-12-26T09:32:16.377+0000] {dag.py:3036} INFO - Sync 4 DAGs
[2025-12-26T09:32:16.449+0000] {logging_mixin.py:188} INFO - [2025-12-26T09:32:16.448+0000] {dag.py:3823} INFO - Setting next_dagrun for green_taxi_data to 2024-01-10 00:00:00+00:00, run_after=2024-01-11 00:00:00+00:00
[2025-12-26T09:32:16.508+0000] {processor.py:183} INFO - Processing /opt/airflow/dags/gcs_upload_dag.py took 0.399 seconds
[2025-12-26T09:32:46.895+0000] {processor.py:161} INFO - Started process (PID=739) to work on /opt/airflow/dags/gcs_upload_dag.py
[2025-12-26T09:32:46.898+0000] {processor.py:830} INFO - Processing file /opt/airflow/dags/gcs_upload_dag.py for tasks to queue
[2025-12-26T09:32:46.906+0000] {logging_mixin.py:188} INFO - [2025-12-26T09:32:46.905+0000] {dagbag.py:538} INFO - Filling up the DagBag from /opt/airflow/dags/gcs_upload_dag.py
[2025-12-26T09:32:47.002+0000] {processor.py:840} INFO - DAG(s) 'fhv_taxi_data', 'yellow_taxi_data', 'zones_taxi_data', 'green_taxi_data' retrieved from /opt/airflow/dags/gcs_upload_dag.py
[2025-12-26T09:32:47.133+0000] {logging_mixin.py:188} INFO - [2025-12-26T09:32:47.132+0000] {dag.py:3036} INFO - Sync 4 DAGs
[2025-12-26T09:32:47.214+0000] {logging_mixin.py:188} INFO - [2025-12-26T09:32:47.213+0000] {dag.py:3823} INFO - Setting next_dagrun for green_taxi_data to 2024-01-10 00:00:00+00:00, run_after=2024-01-11 00:00:00+00:00
[2025-12-26T09:32:47.277+0000] {processor.py:183} INFO - Processing /opt/airflow/dags/gcs_upload_dag.py took 0.395 seconds
[2025-12-26T09:33:17.675+0000] {processor.py:161} INFO - Started process (PID=744) to work on /opt/airflow/dags/gcs_upload_dag.py
[2025-12-26T09:33:17.678+0000] {processor.py:830} INFO - Processing file /opt/airflow/dags/gcs_upload_dag.py for tasks to queue
[2025-12-26T09:33:17.683+0000] {logging_mixin.py:188} INFO - [2025-12-26T09:33:17.683+0000] {dagbag.py:538} INFO - Filling up the DagBag from /opt/airflow/dags/gcs_upload_dag.py
[2025-12-26T09:33:17.823+0000] {processor.py:840} INFO - DAG(s) 'zones_taxi_data', 'fhv_taxi_data', 'green_taxi_data', 'yellow_taxi_data' retrieved from /opt/airflow/dags/gcs_upload_dag.py
[2025-12-26T09:33:17.966+0000] {logging_mixin.py:188} INFO - [2025-12-26T09:33:17.965+0000] {dag.py:3036} INFO - Sync 4 DAGs
[2025-12-26T09:33:18.026+0000] {logging_mixin.py:188} INFO - [2025-12-26T09:33:18.026+0000] {dag.py:3823} INFO - Setting next_dagrun for green_taxi_data to 2024-01-10 00:00:00+00:00, run_after=2024-01-11 00:00:00+00:00
[2025-12-26T09:33:18.078+0000] {processor.py:183} INFO - Processing /opt/airflow/dags/gcs_upload_dag.py took 0.412 seconds
[2025-12-26T09:33:48.761+0000] {processor.py:161} INFO - Started process (PID=769) to work on /opt/airflow/dags/gcs_upload_dag.py
[2025-12-26T09:33:48.769+0000] {processor.py:830} INFO - Processing file /opt/airflow/dags/gcs_upload_dag.py for tasks to queue
[2025-12-26T09:33:48.782+0000] {logging_mixin.py:188} INFO - [2025-12-26T09:33:48.780+0000] {dagbag.py:538} INFO - Filling up the DagBag from /opt/airflow/dags/gcs_upload_dag.py
[2025-12-26T09:33:49.308+0000] {processor.py:840} INFO - DAG(s) 'zones_taxi_data', 'yellow_taxi_data', 'green_taxi_data', 'fhv_taxi_data' retrieved from /opt/airflow/dags/gcs_upload_dag.py
[2025-12-26T09:33:49.693+0000] {logging_mixin.py:188} INFO - [2025-12-26T09:33:49.692+0000] {dag.py:3036} INFO - Sync 4 DAGs
[2025-12-26T09:33:49.917+0000] {logging_mixin.py:188} INFO - [2025-12-26T09:33:49.916+0000] {dag.py:3823} INFO - Setting next_dagrun for green_taxi_data to 2024-01-10 00:00:00+00:00, run_after=2024-01-11 00:00:00+00:00
[2025-12-26T09:33:50.076+0000] {processor.py:183} INFO - Processing /opt/airflow/dags/gcs_upload_dag.py took 1.342 seconds
[2025-12-26T09:34:20.518+0000] {processor.py:161} INFO - Started process (PID=808) to work on /opt/airflow/dags/gcs_upload_dag.py
[2025-12-26T09:34:20.522+0000] {processor.py:830} INFO - Processing file /opt/airflow/dags/gcs_upload_dag.py for tasks to queue
[2025-12-26T09:34:20.527+0000] {logging_mixin.py:188} INFO - [2025-12-26T09:34:20.527+0000] {dagbag.py:538} INFO - Filling up the DagBag from /opt/airflow/dags/gcs_upload_dag.py
[2025-12-26T09:34:20.694+0000] {processor.py:840} INFO - DAG(s) 'zones_taxi_data', 'fhv_taxi_data', 'yellow_taxi_data', 'green_taxi_data' retrieved from /opt/airflow/dags/gcs_upload_dag.py
[2025-12-26T09:34:20.919+0000] {logging_mixin.py:188} INFO - [2025-12-26T09:34:20.918+0000] {dag.py:3036} INFO - Sync 4 DAGs
[2025-12-26T09:34:21.045+0000] {logging_mixin.py:188} INFO - [2025-12-26T09:34:21.044+0000] {dag.py:3823} INFO - Setting next_dagrun for green_taxi_data to 2024-01-10 00:00:00+00:00, run_after=2024-01-11 00:00:00+00:00
[2025-12-26T09:34:21.162+0000] {processor.py:183} INFO - Processing /opt/airflow/dags/gcs_upload_dag.py took 0.655 seconds
[2025-12-26T09:34:52.020+0000] {processor.py:161} INFO - Started process (PID=819) to work on /opt/airflow/dags/gcs_upload_dag.py
[2025-12-26T09:34:52.026+0000] {processor.py:830} INFO - Processing file /opt/airflow/dags/gcs_upload_dag.py for tasks to queue
[2025-12-26T09:34:52.040+0000] {logging_mixin.py:188} INFO - [2025-12-26T09:34:52.039+0000] {dagbag.py:538} INFO - Filling up the DagBag from /opt/airflow/dags/gcs_upload_dag.py
[2025-12-26T09:34:52.340+0000] {processor.py:840} INFO - DAG(s) 'zones_taxi_data', 'yellow_taxi_data', 'green_taxi_data', 'fhv_taxi_data' retrieved from /opt/airflow/dags/gcs_upload_dag.py
[2025-12-26T09:34:52.468+0000] {logging_mixin.py:188} INFO - [2025-12-26T09:34:52.468+0000] {dag.py:3036} INFO - Sync 4 DAGs
[2025-12-26T09:34:52.548+0000] {logging_mixin.py:188} INFO - [2025-12-26T09:34:52.547+0000] {dag.py:3823} INFO - Setting next_dagrun for green_taxi_data to 2024-01-10 00:00:00+00:00, run_after=2024-01-11 00:00:00+00:00
[2025-12-26T09:34:52.611+0000] {processor.py:183} INFO - Processing /opt/airflow/dags/gcs_upload_dag.py took 0.609 seconds
[2025-12-26T09:35:23.273+0000] {processor.py:161} INFO - Started process (PID=868) to work on /opt/airflow/dags/gcs_upload_dag.py
[2025-12-26T09:35:23.278+0000] {processor.py:830} INFO - Processing file /opt/airflow/dags/gcs_upload_dag.py for tasks to queue
[2025-12-26T09:35:23.285+0000] {logging_mixin.py:188} INFO - [2025-12-26T09:35:23.284+0000] {dagbag.py:538} INFO - Filling up the DagBag from /opt/airflow/dags/gcs_upload_dag.py
[2025-12-26T09:35:23.532+0000] {processor.py:840} INFO - DAG(s) 'zones_taxi_data', 'fhv_taxi_data', 'yellow_taxi_data', 'green_taxi_data' retrieved from /opt/airflow/dags/gcs_upload_dag.py
[2025-12-26T09:35:23.865+0000] {logging_mixin.py:188} INFO - [2025-12-26T09:35:23.864+0000] {dag.py:3036} INFO - Sync 4 DAGs
[2025-12-26T09:35:24.142+0000] {logging_mixin.py:188} INFO - [2025-12-26T09:35:24.141+0000] {dag.py:3823} INFO - Setting next_dagrun for green_taxi_data to 2024-01-10 00:00:00+00:00, run_after=2024-01-11 00:00:00+00:00
[2025-12-26T09:35:24.264+0000] {processor.py:183} INFO - Processing /opt/airflow/dags/gcs_upload_dag.py took 1.012 seconds
[2025-12-26T09:35:54.635+0000] {processor.py:161} INFO - Started process (PID=879) to work on /opt/airflow/dags/gcs_upload_dag.py
[2025-12-26T09:35:54.696+0000] {processor.py:830} INFO - Processing file /opt/airflow/dags/gcs_upload_dag.py for tasks to queue
[2025-12-26T09:35:54.703+0000] {logging_mixin.py:188} INFO - [2025-12-26T09:35:54.702+0000] {dagbag.py:538} INFO - Filling up the DagBag from /opt/airflow/dags/gcs_upload_dag.py
[2025-12-26T09:35:54.841+0000] {processor.py:840} INFO - DAG(s) 'fhv_taxi_data', 'yellow_taxi_data', 'zones_taxi_data', 'green_taxi_data' retrieved from /opt/airflow/dags/gcs_upload_dag.py
[2025-12-26T09:35:55.009+0000] {logging_mixin.py:188} INFO - [2025-12-26T09:35:55.008+0000] {dag.py:3036} INFO - Sync 4 DAGs
[2025-12-26T09:35:55.099+0000] {logging_mixin.py:188} INFO - [2025-12-26T09:35:55.098+0000] {dag.py:3823} INFO - Setting next_dagrun for green_taxi_data to 2024-01-10 00:00:00+00:00, run_after=2024-01-11 00:00:00+00:00
[2025-12-26T09:35:55.175+0000] {processor.py:183} INFO - Processing /opt/airflow/dags/gcs_upload_dag.py took 0.556 seconds
[2025-12-26T09:36:25.702+0000] {processor.py:161} INFO - Started process (PID=884) to work on /opt/airflow/dags/gcs_upload_dag.py
[2025-12-26T09:36:25.707+0000] {processor.py:830} INFO - Processing file /opt/airflow/dags/gcs_upload_dag.py for tasks to queue
[2025-12-26T09:36:25.715+0000] {logging_mixin.py:188} INFO - [2025-12-26T09:36:25.713+0000] {dagbag.py:538} INFO - Filling up the DagBag from /opt/airflow/dags/gcs_upload_dag.py
[2025-12-26T09:36:25.843+0000] {processor.py:840} INFO - DAG(s) 'yellow_taxi_data', 'zones_taxi_data', 'green_taxi_data', 'fhv_taxi_data' retrieved from /opt/airflow/dags/gcs_upload_dag.py
[2025-12-26T09:36:26.004+0000] {logging_mixin.py:188} INFO - [2025-12-26T09:36:26.003+0000] {dag.py:3036} INFO - Sync 4 DAGs
[2025-12-26T09:36:26.097+0000] {logging_mixin.py:188} INFO - [2025-12-26T09:36:26.096+0000] {dag.py:3823} INFO - Setting next_dagrun for green_taxi_data to 2024-01-10 00:00:00+00:00, run_after=2024-01-11 00:00:00+00:00
[2025-12-26T09:36:26.164+0000] {processor.py:183} INFO - Processing /opt/airflow/dags/gcs_upload_dag.py took 0.475 seconds
[2025-12-26T09:36:56.600+0000] {processor.py:161} INFO - Started process (PID=889) to work on /opt/airflow/dags/gcs_upload_dag.py
[2025-12-26T09:36:56.609+0000] {processor.py:830} INFO - Processing file /opt/airflow/dags/gcs_upload_dag.py for tasks to queue
[2025-12-26T09:36:56.620+0000] {logging_mixin.py:188} INFO - [2025-12-26T09:36:56.619+0000] {dagbag.py:538} INFO - Filling up the DagBag from /opt/airflow/dags/gcs_upload_dag.py
[2025-12-26T09:36:56.729+0000] {processor.py:840} INFO - DAG(s) 'yellow_taxi_data', 'zones_taxi_data', 'green_taxi_data', 'fhv_taxi_data' retrieved from /opt/airflow/dags/gcs_upload_dag.py
[2025-12-26T09:36:56.882+0000] {logging_mixin.py:188} INFO - [2025-12-26T09:36:56.882+0000] {dag.py:3036} INFO - Sync 4 DAGs
[2025-12-26T09:36:56.948+0000] {logging_mixin.py:188} INFO - [2025-12-26T09:36:56.948+0000] {dag.py:3823} INFO - Setting next_dagrun for green_taxi_data to 2024-01-10 00:00:00+00:00, run_after=2024-01-11 00:00:00+00:00
[2025-12-26T09:36:57.005+0000] {processor.py:183} INFO - Processing /opt/airflow/dags/gcs_upload_dag.py took 0.434 seconds
[2025-12-26T09:37:27.534+0000] {processor.py:161} INFO - Started process (PID=894) to work on /opt/airflow/dags/gcs_upload_dag.py
[2025-12-26T09:37:27.541+0000] {processor.py:830} INFO - Processing file /opt/airflow/dags/gcs_upload_dag.py for tasks to queue
[2025-12-26T09:37:27.565+0000] {logging_mixin.py:188} INFO - [2025-12-26T09:37:27.563+0000] {dagbag.py:538} INFO - Filling up the DagBag from /opt/airflow/dags/gcs_upload_dag.py
[2025-12-26T09:37:27.804+0000] {processor.py:840} INFO - DAG(s) 'zones_taxi_data', 'yellow_taxi_data', 'green_taxi_data', 'fhv_taxi_data' retrieved from /opt/airflow/dags/gcs_upload_dag.py
[2025-12-26T09:37:28.097+0000] {logging_mixin.py:188} INFO - [2025-12-26T09:37:28.096+0000] {dag.py:3036} INFO - Sync 4 DAGs
[2025-12-26T09:37:28.217+0000] {logging_mixin.py:188} INFO - [2025-12-26T09:37:28.217+0000] {dag.py:3823} INFO - Setting next_dagrun for green_taxi_data to 2024-01-10 00:00:00+00:00, run_after=2024-01-11 00:00:00+00:00
[2025-12-26T09:37:28.330+0000] {processor.py:183} INFO - Processing /opt/airflow/dags/gcs_upload_dag.py took 0.833 seconds
[2025-12-26T09:37:58.708+0000] {processor.py:161} INFO - Started process (PID=906) to work on /opt/airflow/dags/gcs_upload_dag.py
[2025-12-26T09:37:58.711+0000] {processor.py:830} INFO - Processing file /opt/airflow/dags/gcs_upload_dag.py for tasks to queue
[2025-12-26T09:37:58.719+0000] {logging_mixin.py:188} INFO - [2025-12-26T09:37:58.718+0000] {dagbag.py:538} INFO - Filling up the DagBag from /opt/airflow/dags/gcs_upload_dag.py
[2025-12-26T09:37:58.848+0000] {processor.py:840} INFO - DAG(s) 'green_taxi_data', 'zones_taxi_data', 'fhv_taxi_data', 'yellow_taxi_data' retrieved from /opt/airflow/dags/gcs_upload_dag.py
[2025-12-26T09:37:58.969+0000] {logging_mixin.py:188} INFO - [2025-12-26T09:37:58.968+0000] {dag.py:3036} INFO - Sync 4 DAGs
[2025-12-26T09:37:59.047+0000] {logging_mixin.py:188} INFO - [2025-12-26T09:37:59.047+0000] {dag.py:3823} INFO - Setting next_dagrun for green_taxi_data to 2024-01-10 00:00:00+00:00, run_after=2024-01-11 00:00:00+00:00
[2025-12-26T09:37:59.059+0000] {logging_mixin.py:188} INFO - [2025-12-26T09:37:59.058+0000] {dag.py:3823} INFO - Setting next_dagrun for zones_taxi_data to 2024-01-06 00:00:00+00:00, run_after=2024-01-07 00:00:00+00:00
[2025-12-26T09:37:59.109+0000] {processor.py:183} INFO - Processing /opt/airflow/dags/gcs_upload_dag.py took 0.411 seconds
[2025-12-26T09:38:29.383+0000] {processor.py:161} INFO - Started process (PID=948) to work on /opt/airflow/dags/gcs_upload_dag.py
[2025-12-26T09:38:29.386+0000] {processor.py:830} INFO - Processing file /opt/airflow/dags/gcs_upload_dag.py for tasks to queue
[2025-12-26T09:38:29.393+0000] {logging_mixin.py:188} INFO - [2025-12-26T09:38:29.392+0000] {dagbag.py:538} INFO - Filling up the DagBag from /opt/airflow/dags/gcs_upload_dag.py
[2025-12-26T09:38:29.511+0000] {processor.py:840} INFO - DAG(s) 'fhv_taxi_data', 'zones_taxi_data', 'yellow_taxi_data', 'green_taxi_data' retrieved from /opt/airflow/dags/gcs_upload_dag.py
[2025-12-26T09:38:29.646+0000] {logging_mixin.py:188} INFO - [2025-12-26T09:38:29.646+0000] {dag.py:3036} INFO - Sync 4 DAGs
[2025-12-26T09:38:29.756+0000] {logging_mixin.py:188} INFO - [2025-12-26T09:38:29.755+0000] {dag.py:3823} INFO - Setting next_dagrun for green_taxi_data to 2024-01-10 00:00:00+00:00, run_after=2024-01-11 00:00:00+00:00
[2025-12-26T09:38:29.830+0000] {processor.py:183} INFO - Processing /opt/airflow/dags/gcs_upload_dag.py took 0.458 seconds
[2025-12-26T09:39:00.311+0000] {processor.py:161} INFO - Started process (PID=953) to work on /opt/airflow/dags/gcs_upload_dag.py
[2025-12-26T09:39:00.315+0000] {processor.py:830} INFO - Processing file /opt/airflow/dags/gcs_upload_dag.py for tasks to queue
[2025-12-26T09:39:00.322+0000] {logging_mixin.py:188} INFO - [2025-12-26T09:39:00.320+0000] {dagbag.py:538} INFO - Filling up the DagBag from /opt/airflow/dags/gcs_upload_dag.py
[2025-12-26T09:39:00.440+0000] {processor.py:840} INFO - DAG(s) 'zones_taxi_data', 'yellow_taxi_data', 'green_taxi_data', 'fhv_taxi_data' retrieved from /opt/airflow/dags/gcs_upload_dag.py
[2025-12-26T09:39:00.568+0000] {logging_mixin.py:188} INFO - [2025-12-26T09:39:00.567+0000] {dag.py:3036} INFO - Sync 4 DAGs
[2025-12-26T09:39:00.626+0000] {logging_mixin.py:188} INFO - [2025-12-26T09:39:00.626+0000] {dag.py:3823} INFO - Setting next_dagrun for green_taxi_data to 2024-01-10 00:00:00+00:00, run_after=2024-01-11 00:00:00+00:00
[2025-12-26T09:39:00.680+0000] {processor.py:183} INFO - Processing /opt/airflow/dags/gcs_upload_dag.py took 0.380 seconds
[2025-12-26T09:39:30.843+0000] {processor.py:161} INFO - Started process (PID=958) to work on /opt/airflow/dags/gcs_upload_dag.py
[2025-12-26T09:39:30.847+0000] {processor.py:830} INFO - Processing file /opt/airflow/dags/gcs_upload_dag.py for tasks to queue
[2025-12-26T09:39:30.852+0000] {logging_mixin.py:188} INFO - [2025-12-26T09:39:30.851+0000] {dagbag.py:538} INFO - Filling up the DagBag from /opt/airflow/dags/gcs_upload_dag.py
[2025-12-26T09:39:30.946+0000] {processor.py:840} INFO - DAG(s) 'green_taxi_data', 'fhv_taxi_data', 'zones_taxi_data', 'yellow_taxi_data' retrieved from /opt/airflow/dags/gcs_upload_dag.py
[2025-12-26T09:39:31.081+0000] {logging_mixin.py:188} INFO - [2025-12-26T09:39:31.080+0000] {dag.py:3036} INFO - Sync 4 DAGs
[2025-12-26T09:39:31.148+0000] {logging_mixin.py:188} INFO - [2025-12-26T09:39:31.148+0000] {dag.py:3823} INFO - Setting next_dagrun for green_taxi_data to 2024-01-10 00:00:00+00:00, run_after=2024-01-11 00:00:00+00:00
[2025-12-26T09:39:31.188+0000] {processor.py:183} INFO - Processing /opt/airflow/dags/gcs_upload_dag.py took 0.356 seconds
[2025-12-26T09:40:01.447+0000] {processor.py:161} INFO - Started process (PID=963) to work on /opt/airflow/dags/gcs_upload_dag.py
[2025-12-26T09:40:01.451+0000] {processor.py:830} INFO - Processing file /opt/airflow/dags/gcs_upload_dag.py for tasks to queue
[2025-12-26T09:40:01.458+0000] {logging_mixin.py:188} INFO - [2025-12-26T09:40:01.457+0000] {dagbag.py:538} INFO - Filling up the DagBag from /opt/airflow/dags/gcs_upload_dag.py
[2025-12-26T09:40:01.571+0000] {processor.py:840} INFO - DAG(s) 'zones_taxi_data', 'yellow_taxi_data', 'green_taxi_data', 'fhv_taxi_data' retrieved from /opt/airflow/dags/gcs_upload_dag.py
[2025-12-26T09:40:01.694+0000] {logging_mixin.py:188} INFO - [2025-12-26T09:40:01.694+0000] {dag.py:3036} INFO - Sync 4 DAGs
[2025-12-26T09:40:01.767+0000] {logging_mixin.py:188} INFO - [2025-12-26T09:40:01.766+0000] {dag.py:3823} INFO - Setting next_dagrun for green_taxi_data to 2024-01-10 00:00:00+00:00, run_after=2024-01-11 00:00:00+00:00
[2025-12-26T09:40:01.819+0000] {processor.py:183} INFO - Processing /opt/airflow/dags/gcs_upload_dag.py took 0.383 seconds
[2025-12-26T09:40:32.299+0000] {processor.py:161} INFO - Started process (PID=968) to work on /opt/airflow/dags/gcs_upload_dag.py
[2025-12-26T09:40:32.308+0000] {processor.py:830} INFO - Processing file /opt/airflow/dags/gcs_upload_dag.py for tasks to queue
[2025-12-26T09:40:32.321+0000] {logging_mixin.py:188} INFO - [2025-12-26T09:40:32.319+0000] {dagbag.py:538} INFO - Filling up the DagBag from /opt/airflow/dags/gcs_upload_dag.py
[2025-12-26T09:40:32.436+0000] {processor.py:840} INFO - DAG(s) 'zones_taxi_data', 'green_taxi_data', 'yellow_taxi_data', 'fhv_taxi_data' retrieved from /opt/airflow/dags/gcs_upload_dag.py
[2025-12-26T09:40:32.567+0000] {logging_mixin.py:188} INFO - [2025-12-26T09:40:32.566+0000] {dag.py:3036} INFO - Sync 4 DAGs
[2025-12-26T09:40:32.668+0000] {logging_mixin.py:188} INFO - [2025-12-26T09:40:32.667+0000] {dag.py:3823} INFO - Setting next_dagrun for green_taxi_data to 2024-01-10 00:00:00+00:00, run_after=2024-01-11 00:00:00+00:00
[2025-12-26T09:40:32.727+0000] {processor.py:183} INFO - Processing /opt/airflow/dags/gcs_upload_dag.py took 0.461 seconds
[2025-12-26T09:40:32.599+0000] {processor.py:161} INFO - Started process (PID=973) to work on /opt/airflow/dags/gcs_upload_dag.py
[2025-12-26T09:40:32.603+0000] {processor.py:830} INFO - Processing file /opt/airflow/dags/gcs_upload_dag.py for tasks to queue
[2025-12-26T09:40:32.610+0000] {logging_mixin.py:188} INFO - [2025-12-26T09:40:32.609+0000] {dagbag.py:538} INFO - Filling up the DagBag from /opt/airflow/dags/gcs_upload_dag.py
[2025-12-26T09:40:32.668+0000] {logging_mixin.py:188} INFO - [2025-12-26T09:40:32.664+0000] {dagbag.py:348} ERROR - Failed to import: /opt/airflow/dags/gcs_upload_dag.py
Traceback (most recent call last):
  File "/home/airflow/.local/lib/python3.8/site-packages/airflow/models/dagbag.py", line 344, in parse
    loader.exec_module(new_module)
  File "<frozen importlib._bootstrap_external>", line 839, in exec_module
  File "<frozen importlib._bootstrap_external>", line 976, in get_code
  File "<frozen importlib._bootstrap_external>", line 906, in source_to_code
  File "<frozen importlib._bootstrap>", line 219, in _call_with_frames_removed
  File "/opt/airflow/dags/gcs_upload_dag.py", line 148
    https://d37ci6vzurychx.cloudfront.net/trip-data/green_tripdata_2021-01.parquet
          ^
SyntaxError: invalid syntax
[2025-12-26T09:40:32.670+0000] {processor.py:842} WARNING - No viable dags retrieved from /opt/airflow/dags/gcs_upload_dag.py
[2025-12-26T09:40:32.742+0000] {processor.py:183} INFO - Processing /opt/airflow/dags/gcs_upload_dag.py took 0.153 seconds
[2025-12-26T09:40:32.873+0000] {processor.py:161} INFO - Started process (PID=978) to work on /opt/airflow/dags/gcs_upload_dag.py
[2025-12-26T09:40:32.877+0000] {processor.py:830} INFO - Processing file /opt/airflow/dags/gcs_upload_dag.py for tasks to queue
[2025-12-26T09:40:32.885+0000] {logging_mixin.py:188} INFO - [2025-12-26T09:40:32.884+0000] {dagbag.py:538} INFO - Filling up the DagBag from /opt/airflow/dags/gcs_upload_dag.py
[2025-12-26T09:40:32.926+0000] {logging_mixin.py:188} INFO - [2025-12-26T09:40:32.924+0000] {dagbag.py:348} ERROR - Failed to import: /opt/airflow/dags/gcs_upload_dag.py
Traceback (most recent call last):
  File "/home/airflow/.local/lib/python3.8/site-packages/airflow/models/dagbag.py", line 344, in parse
    loader.exec_module(new_module)
  File "<frozen importlib._bootstrap_external>", line 839, in exec_module
  File "<frozen importlib._bootstrap_external>", line 976, in get_code
  File "<frozen importlib._bootstrap_external>", line 906, in source_to_code
  File "<frozen importlib._bootstrap>", line 219, in _call_with_frames_removed
  File "/opt/airflow/dags/gcs_upload_dag.py", line 148
    https://d37ci6vzurychx.cloudfront.net/trip-data/green_tripdata_2021-01.parquet
          ^
SyntaxError: invalid syntax
[2025-12-26T09:40:32.927+0000] {processor.py:842} WARNING - No viable dags retrieved from /opt/airflow/dags/gcs_upload_dag.py
[2025-12-26T09:40:32.993+0000] {processor.py:183} INFO - Processing /opt/airflow/dags/gcs_upload_dag.py took 0.130 seconds
[2025-12-26T09:40:50.300+0000] {processor.py:161} INFO - Started process (PID=983) to work on /opt/airflow/dags/gcs_upload_dag.py
[2025-12-26T09:40:50.304+0000] {processor.py:830} INFO - Processing file /opt/airflow/dags/gcs_upload_dag.py for tasks to queue
[2025-12-26T09:40:50.312+0000] {logging_mixin.py:188} INFO - [2025-12-26T09:40:50.311+0000] {dagbag.py:538} INFO - Filling up the DagBag from /opt/airflow/dags/gcs_upload_dag.py
[2025-12-26T09:40:50.368+0000] {logging_mixin.py:188} INFO - [2025-12-26T09:40:50.365+0000] {dagbag.py:348} ERROR - Failed to import: /opt/airflow/dags/gcs_upload_dag.py
Traceback (most recent call last):
  File "/home/airflow/.local/lib/python3.8/site-packages/airflow/models/dagbag.py", line 344, in parse
    loader.exec_module(new_module)
  File "<frozen importlib._bootstrap_external>", line 839, in exec_module
  File "<frozen importlib._bootstrap_external>", line 976, in get_code
  File "<frozen importlib._bootstrap_external>", line 906, in source_to_code
  File "<frozen importlib._bootstrap>", line 219, in _call_with_frames_removed
  File "/opt/airflow/dags/gcs_upload_dag.py", line 148
    https://d37ci6vzurychx.cloudfront.net/trip-data/green_tripdata_2021-01.parquet
          ^
SyntaxError: invalid syntax
[2025-12-26T09:40:50.369+0000] {processor.py:842} WARNING - No viable dags retrieved from /opt/airflow/dags/gcs_upload_dag.py
[2025-12-26T09:40:50.414+0000] {processor.py:183} INFO - Processing /opt/airflow/dags/gcs_upload_dag.py took 0.128 seconds
[2025-12-26T09:40:52.489+0000] {processor.py:161} INFO - Started process (PID=988) to work on /opt/airflow/dags/gcs_upload_dag.py
[2025-12-26T09:40:52.491+0000] {processor.py:830} INFO - Processing file /opt/airflow/dags/gcs_upload_dag.py for tasks to queue
[2025-12-26T09:40:52.496+0000] {logging_mixin.py:188} INFO - [2025-12-26T09:40:52.495+0000] {dagbag.py:538} INFO - Filling up the DagBag from /opt/airflow/dags/gcs_upload_dag.py
[2025-12-26T09:40:52.547+0000] {logging_mixin.py:188} INFO - [2025-12-26T09:40:52.545+0000] {dagbag.py:348} ERROR - Failed to import: /opt/airflow/dags/gcs_upload_dag.py
Traceback (most recent call last):
  File "/home/airflow/.local/lib/python3.8/site-packages/airflow/models/dagbag.py", line 344, in parse
    loader.exec_module(new_module)
  File "<frozen importlib._bootstrap_external>", line 839, in exec_module
  File "<frozen importlib._bootstrap_external>", line 976, in get_code
  File "<frozen importlib._bootstrap_external>", line 906, in source_to_code
  File "<frozen importlib._bootstrap>", line 219, in _call_with_frames_removed
  File "/opt/airflow/dags/gcs_upload_dag.py", line 148
    https://d37ci6vzurychx.cloudfront.net/trip-data/green_tripdata_2021-01.parquet
          ^
SyntaxError: invalid syntax
[2025-12-26T09:40:52.549+0000] {processor.py:842} WARNING - No viable dags retrieved from /opt/airflow/dags/gcs_upload_dag.py
[2025-12-26T09:40:52.610+0000] {processor.py:183} INFO - Processing /opt/airflow/dags/gcs_upload_dag.py took 0.128 seconds
[2025-12-26T09:40:56.650+0000] {processor.py:161} INFO - Started process (PID=993) to work on /opt/airflow/dags/gcs_upload_dag.py
[2025-12-26T09:40:56.653+0000] {processor.py:830} INFO - Processing file /opt/airflow/dags/gcs_upload_dag.py for tasks to queue
[2025-12-26T09:40:56.657+0000] {logging_mixin.py:188} INFO - [2025-12-26T09:40:56.656+0000] {dagbag.py:538} INFO - Filling up the DagBag from /opt/airflow/dags/gcs_upload_dag.py
[2025-12-26T09:40:56.775+0000] {processor.py:840} INFO - DAG(s) 'green_taxi_data', 'yellow_taxi_data', 'fhv_taxi_data', 'zones_taxi_data' retrieved from /opt/airflow/dags/gcs_upload_dag.py
[2025-12-26T09:40:57.058+0000] {logging_mixin.py:188} INFO - [2025-12-26T09:40:57.057+0000] {dag.py:3036} INFO - Sync 4 DAGs
[2025-12-26T09:40:57.123+0000] {logging_mixin.py:188} INFO - [2025-12-26T09:40:57.123+0000] {dag.py:3823} INFO - Setting next_dagrun for green_taxi_data to 2024-01-10 00:00:00+00:00, run_after=2024-01-11 00:00:00+00:00
[2025-12-26T09:40:57.195+0000] {processor.py:183} INFO - Processing /opt/airflow/dags/gcs_upload_dag.py took 0.553 seconds
[2025-12-26T09:40:59.938+0000] {processor.py:161} INFO - Started process (PID=998) to work on /opt/airflow/dags/gcs_upload_dag.py
[2025-12-26T09:40:59.945+0000] {processor.py:830} INFO - Processing file /opt/airflow/dags/gcs_upload_dag.py for tasks to queue
[2025-12-26T09:40:59.962+0000] {logging_mixin.py:188} INFO - [2025-12-26T09:40:59.960+0000] {dagbag.py:538} INFO - Filling up the DagBag from /opt/airflow/dags/gcs_upload_dag.py
[2025-12-26T09:41:00.205+0000] {processor.py:840} INFO - DAG(s) 'green_taxi_data', 'zones_taxi_data', 'fhv_taxi_data', 'yellow_taxi_data' retrieved from /opt/airflow/dags/gcs_upload_dag.py
[2025-12-26T09:41:00.329+0000] {logging_mixin.py:188} INFO - [2025-12-26T09:41:00.328+0000] {dag.py:3036} INFO - Sync 4 DAGs
[2025-12-26T09:41:00.394+0000] {logging_mixin.py:188} INFO - [2025-12-26T09:41:00.394+0000] {dag.py:3823} INFO - Setting next_dagrun for green_taxi_data to 2024-01-10 00:00:00+00:00, run_after=2024-01-11 00:00:00+00:00
[2025-12-26T09:41:00.462+0000] {processor.py:183} INFO - Processing /opt/airflow/dags/gcs_upload_dag.py took 0.546 seconds
[2025-12-26T09:41:01.457+0000] {processor.py:161} INFO - Started process (PID=1003) to work on /opt/airflow/dags/gcs_upload_dag.py
[2025-12-26T09:41:01.462+0000] {processor.py:830} INFO - Processing file /opt/airflow/dags/gcs_upload_dag.py for tasks to queue
[2025-12-26T09:41:01.471+0000] {logging_mixin.py:188} INFO - [2025-12-26T09:41:01.470+0000] {dagbag.py:538} INFO - Filling up the DagBag from /opt/airflow/dags/gcs_upload_dag.py
[2025-12-26T09:41:01.714+0000] {processor.py:840} INFO - DAG(s) 'fhv_taxi_data', 'green_taxi_data', 'yellow_taxi_data', 'zones_taxi_data' retrieved from /opt/airflow/dags/gcs_upload_dag.py
[2025-12-26T09:41:01.812+0000] {logging_mixin.py:188} INFO - [2025-12-26T09:41:01.811+0000] {dag.py:3036} INFO - Sync 4 DAGs
[2025-12-26T09:41:01.864+0000] {logging_mixin.py:188} INFO - [2025-12-26T09:41:01.864+0000] {dag.py:3823} INFO - Setting next_dagrun for green_taxi_data to 2024-01-10 00:00:00+00:00, run_after=2024-01-11 00:00:00+00:00
[2025-12-26T09:41:01.924+0000] {processor.py:183} INFO - Processing /opt/airflow/dags/gcs_upload_dag.py took 0.485 seconds
[2025-12-26T09:41:32.588+0000] {processor.py:161} INFO - Started process (PID=1022) to work on /opt/airflow/dags/gcs_upload_dag.py
[2025-12-26T09:41:32.592+0000] {processor.py:830} INFO - Processing file /opt/airflow/dags/gcs_upload_dag.py for tasks to queue
[2025-12-26T09:41:32.600+0000] {logging_mixin.py:188} INFO - [2025-12-26T09:41:32.599+0000] {dagbag.py:538} INFO - Filling up the DagBag from /opt/airflow/dags/gcs_upload_dag.py
[2025-12-26T09:41:32.750+0000] {processor.py:840} INFO - DAG(s) 'yellow_taxi_data', 'green_taxi_data', 'fhv_taxi_data', 'zones_taxi_data' retrieved from /opt/airflow/dags/gcs_upload_dag.py
[2025-12-26T09:41:32.976+0000] {logging_mixin.py:188} INFO - [2025-12-26T09:41:32.975+0000] {dag.py:3036} INFO - Sync 4 DAGs
[2025-12-26T09:41:33.205+0000] {processor.py:183} INFO - Processing /opt/airflow/dags/gcs_upload_dag.py took 0.632 seconds
[2025-12-26T09:42:03.510+0000] {processor.py:161} INFO - Started process (PID=1065) to work on /opt/airflow/dags/gcs_upload_dag.py
[2025-12-26T09:42:03.512+0000] {processor.py:830} INFO - Processing file /opt/airflow/dags/gcs_upload_dag.py for tasks to queue
[2025-12-26T09:42:03.516+0000] {logging_mixin.py:188} INFO - [2025-12-26T09:42:03.516+0000] {dagbag.py:538} INFO - Filling up the DagBag from /opt/airflow/dags/gcs_upload_dag.py
[2025-12-26T09:42:03.612+0000] {processor.py:840} INFO - DAG(s) 'yellow_taxi_data', 'fhv_taxi_data', 'green_taxi_data', 'zones_taxi_data' retrieved from /opt/airflow/dags/gcs_upload_dag.py
[2025-12-26T09:42:03.711+0000] {logging_mixin.py:188} INFO - [2025-12-26T09:42:03.711+0000] {dag.py:3036} INFO - Sync 4 DAGs
[2025-12-26T09:42:03.770+0000] {logging_mixin.py:188} INFO - [2025-12-26T09:42:03.770+0000] {dag.py:3823} INFO - Setting next_dagrun for green_taxi_data to 2024-01-14 00:00:00+00:00, run_after=2024-01-15 00:00:00+00:00
[2025-12-26T09:42:03.826+0000] {processor.py:183} INFO - Processing /opt/airflow/dags/gcs_upload_dag.py took 0.323 seconds
[2025-12-26T09:42:34.140+0000] {processor.py:161} INFO - Started process (PID=1070) to work on /opt/airflow/dags/gcs_upload_dag.py
[2025-12-26T09:42:34.145+0000] {processor.py:830} INFO - Processing file /opt/airflow/dags/gcs_upload_dag.py for tasks to queue
[2025-12-26T09:42:34.155+0000] {logging_mixin.py:188} INFO - [2025-12-26T09:42:34.154+0000] {dagbag.py:538} INFO - Filling up the DagBag from /opt/airflow/dags/gcs_upload_dag.py
[2025-12-26T09:42:34.236+0000] {processor.py:840} INFO - DAG(s) 'fhv_taxi_data', 'yellow_taxi_data', 'green_taxi_data', 'zones_taxi_data' retrieved from /opt/airflow/dags/gcs_upload_dag.py
[2025-12-26T09:42:34.357+0000] {logging_mixin.py:188} INFO - [2025-12-26T09:42:34.357+0000] {dag.py:3036} INFO - Sync 4 DAGs
[2025-12-26T09:42:34.413+0000] {logging_mixin.py:188} INFO - [2025-12-26T09:42:34.412+0000] {dag.py:3823} INFO - Setting next_dagrun for green_taxi_data to 2024-01-14 00:00:00+00:00, run_after=2024-01-15 00:00:00+00:00
[2025-12-26T09:42:34.453+0000] {processor.py:183} INFO - Processing /opt/airflow/dags/gcs_upload_dag.py took 0.320 seconds
[2025-12-26T09:43:04.897+0000] {processor.py:161} INFO - Started process (PID=1075) to work on /opt/airflow/dags/gcs_upload_dag.py
[2025-12-26T09:43:04.901+0000] {processor.py:830} INFO - Processing file /opt/airflow/dags/gcs_upload_dag.py for tasks to queue
[2025-12-26T09:43:04.908+0000] {logging_mixin.py:188} INFO - [2025-12-26T09:43:04.907+0000] {dagbag.py:538} INFO - Filling up the DagBag from /opt/airflow/dags/gcs_upload_dag.py
[2025-12-26T09:43:05.038+0000] {processor.py:840} INFO - DAG(s) 'fhv_taxi_data', 'yellow_taxi_data', 'zones_taxi_data', 'green_taxi_data' retrieved from /opt/airflow/dags/gcs_upload_dag.py
[2025-12-26T09:43:05.161+0000] {logging_mixin.py:188} INFO - [2025-12-26T09:43:05.161+0000] {dag.py:3036} INFO - Sync 4 DAGs
[2025-12-26T09:43:05.212+0000] {logging_mixin.py:188} INFO - [2025-12-26T09:43:05.211+0000] {dag.py:3823} INFO - Setting next_dagrun for green_taxi_data to 2024-01-14 00:00:00+00:00, run_after=2024-01-15 00:00:00+00:00
[2025-12-26T09:43:05.269+0000] {processor.py:183} INFO - Processing /opt/airflow/dags/gcs_upload_dag.py took 0.388 seconds
[2025-12-26T09:43:15.048+0000] {processor.py:161} INFO - Started process (PID=1080) to work on /opt/airflow/dags/gcs_upload_dag.py
[2025-12-26T09:43:15.051+0000] {processor.py:830} INFO - Processing file /opt/airflow/dags/gcs_upload_dag.py for tasks to queue
[2025-12-26T09:43:15.056+0000] {logging_mixin.py:188} INFO - [2025-12-26T09:43:15.055+0000] {dagbag.py:538} INFO - Filling up the DagBag from /opt/airflow/dags/gcs_upload_dag.py
[2025-12-26T09:43:15.184+0000] {processor.py:840} INFO - DAG(s) 'green_taxi_data', 'yellow_taxi_data', 'fhv_taxi_data', 'zones_taxi_data' retrieved from /opt/airflow/dags/gcs_upload_dag.py
[2025-12-26T09:43:15.573+0000] {logging_mixin.py:188} INFO - [2025-12-26T09:43:15.572+0000] {dag.py:3036} INFO - Sync 4 DAGs
[2025-12-26T09:43:15.652+0000] {logging_mixin.py:188} INFO - [2025-12-26T09:43:15.651+0000] {dag.py:3823} INFO - Setting next_dagrun for green_taxi_data to 2024-01-14 00:00:00+00:00, run_after=2024-01-15 00:00:00+00:00
[2025-12-26T09:43:15.725+0000] {processor.py:183} INFO - Processing /opt/airflow/dags/gcs_upload_dag.py took 0.688 seconds
[2025-12-26T09:43:45.990+0000] {processor.py:161} INFO - Started process (PID=1085) to work on /opt/airflow/dags/gcs_upload_dag.py
[2025-12-26T09:43:45.994+0000] {processor.py:830} INFO - Processing file /opt/airflow/dags/gcs_upload_dag.py for tasks to queue
[2025-12-26T09:43:46.001+0000] {logging_mixin.py:188} INFO - [2025-12-26T09:43:46.000+0000] {dagbag.py:538} INFO - Filling up the DagBag from /opt/airflow/dags/gcs_upload_dag.py
[2025-12-26T09:43:46.130+0000] {processor.py:840} INFO - DAG(s) 'yellow_taxi_data', 'fhv_taxi_data', 'green_taxi_data', 'zones_taxi_data' retrieved from /opt/airflow/dags/gcs_upload_dag.py
[2025-12-26T09:43:46.243+0000] {logging_mixin.py:188} INFO - [2025-12-26T09:43:46.242+0000] {dag.py:3036} INFO - Sync 4 DAGs
[2025-12-26T09:43:46.302+0000] {logging_mixin.py:188} INFO - [2025-12-26T09:43:46.302+0000] {dag.py:3823} INFO - Setting next_dagrun for green_taxi_data to 2024-01-14 00:00:00+00:00, run_after=2024-01-15 00:00:00+00:00
[2025-12-26T09:43:46.349+0000] {processor.py:183} INFO - Processing /opt/airflow/dags/gcs_upload_dag.py took 0.370 seconds
[2025-12-26T09:44:16.728+0000] {processor.py:161} INFO - Started process (PID=1094) to work on /opt/airflow/dags/gcs_upload_dag.py
[2025-12-26T09:44:16.732+0000] {processor.py:830} INFO - Processing file /opt/airflow/dags/gcs_upload_dag.py for tasks to queue
[2025-12-26T09:44:16.740+0000] {logging_mixin.py:188} INFO - [2025-12-26T09:44:16.739+0000] {dagbag.py:538} INFO - Filling up the DagBag from /opt/airflow/dags/gcs_upload_dag.py
[2025-12-26T09:44:16.895+0000] {processor.py:840} INFO - DAG(s) 'zones_taxi_data', 'yellow_taxi_data', 'fhv_taxi_data', 'green_taxi_data' retrieved from /opt/airflow/dags/gcs_upload_dag.py
[2025-12-26T09:44:17.180+0000] {logging_mixin.py:188} INFO - [2025-12-26T09:44:17.179+0000] {dag.py:3036} INFO - Sync 4 DAGs
[2025-12-26T09:44:17.499+0000] {processor.py:183} INFO - Processing /opt/airflow/dags/gcs_upload_dag.py took 0.785 seconds
[2025-12-26T09:44:48.001+0000] {processor.py:161} INFO - Started process (PID=1133) to work on /opt/airflow/dags/gcs_upload_dag.py
[2025-12-26T09:44:48.011+0000] {processor.py:830} INFO - Processing file /opt/airflow/dags/gcs_upload_dag.py for tasks to queue
[2025-12-26T09:44:48.018+0000] {logging_mixin.py:188} INFO - [2025-12-26T09:44:48.017+0000] {dagbag.py:538} INFO - Filling up the DagBag from /opt/airflow/dags/gcs_upload_dag.py
[2025-12-26T09:44:48.141+0000] {processor.py:840} INFO - DAG(s) 'fhv_taxi_data', 'green_taxi_data', 'zones_taxi_data', 'yellow_taxi_data' retrieved from /opt/airflow/dags/gcs_upload_dag.py
[2025-12-26T09:44:48.282+0000] {logging_mixin.py:188} INFO - [2025-12-26T09:44:48.281+0000] {dag.py:3036} INFO - Sync 4 DAGs
[2025-12-26T09:44:48.422+0000] {processor.py:183} INFO - Processing /opt/airflow/dags/gcs_upload_dag.py took 0.442 seconds
[2025-12-26T09:45:18.743+0000] {processor.py:161} INFO - Started process (PID=1138) to work on /opt/airflow/dags/gcs_upload_dag.py
[2025-12-26T09:45:18.748+0000] {processor.py:830} INFO - Processing file /opt/airflow/dags/gcs_upload_dag.py for tasks to queue
[2025-12-26T09:45:18.756+0000] {logging_mixin.py:188} INFO - [2025-12-26T09:45:18.755+0000] {dagbag.py:538} INFO - Filling up the DagBag from /opt/airflow/dags/gcs_upload_dag.py
[2025-12-26T09:45:18.908+0000] {processor.py:840} INFO - DAG(s) 'fhv_taxi_data', 'green_taxi_data', 'zones_taxi_data', 'yellow_taxi_data' retrieved from /opt/airflow/dags/gcs_upload_dag.py
[2025-12-26T09:45:19.028+0000] {logging_mixin.py:188} INFO - [2025-12-26T09:45:19.027+0000] {dag.py:3036} INFO - Sync 4 DAGs
[2025-12-26T09:45:19.175+0000] {processor.py:183} INFO - Processing /opt/airflow/dags/gcs_upload_dag.py took 0.447 seconds
[2025-12-26T09:45:49.577+0000] {processor.py:161} INFO - Started process (PID=1143) to work on /opt/airflow/dags/gcs_upload_dag.py
[2025-12-26T09:45:49.579+0000] {processor.py:830} INFO - Processing file /opt/airflow/dags/gcs_upload_dag.py for tasks to queue
[2025-12-26T09:45:49.584+0000] {logging_mixin.py:188} INFO - [2025-12-26T09:45:49.583+0000] {dagbag.py:538} INFO - Filling up the DagBag from /opt/airflow/dags/gcs_upload_dag.py
[2025-12-26T09:45:49.691+0000] {processor.py:840} INFO - DAG(s) 'yellow_taxi_data', 'zones_taxi_data', 'green_taxi_data', 'fhv_taxi_data' retrieved from /opt/airflow/dags/gcs_upload_dag.py
[2025-12-26T09:45:49.865+0000] {logging_mixin.py:188} INFO - [2025-12-26T09:45:49.864+0000] {dag.py:3036} INFO - Sync 4 DAGs
[2025-12-26T09:45:49.987+0000] {processor.py:183} INFO - Processing /opt/airflow/dags/gcs_upload_dag.py took 0.419 seconds
[2025-12-26T09:46:20.850+0000] {processor.py:161} INFO - Started process (PID=1148) to work on /opt/airflow/dags/gcs_upload_dag.py
[2025-12-26T09:46:20.853+0000] {processor.py:830} INFO - Processing file /opt/airflow/dags/gcs_upload_dag.py for tasks to queue
[2025-12-26T09:46:20.859+0000] {logging_mixin.py:188} INFO - [2025-12-26T09:46:20.858+0000] {dagbag.py:538} INFO - Filling up the DagBag from /opt/airflow/dags/gcs_upload_dag.py
[2025-12-26T09:46:20.968+0000] {processor.py:840} INFO - DAG(s) 'fhv_taxi_data', 'yellow_taxi_data', 'green_taxi_data', 'zones_taxi_data' retrieved from /opt/airflow/dags/gcs_upload_dag.py
[2025-12-26T09:46:21.098+0000] {logging_mixin.py:188} INFO - [2025-12-26T09:46:21.097+0000] {dag.py:3036} INFO - Sync 4 DAGs
[2025-12-26T09:46:21.221+0000] {processor.py:183} INFO - Processing /opt/airflow/dags/gcs_upload_dag.py took 0.382 seconds
[2025-12-26T09:46:51.485+0000] {processor.py:161} INFO - Started process (PID=1153) to work on /opt/airflow/dags/gcs_upload_dag.py
[2025-12-26T09:46:51.487+0000] {processor.py:830} INFO - Processing file /opt/airflow/dags/gcs_upload_dag.py for tasks to queue
[2025-12-26T09:46:51.491+0000] {logging_mixin.py:188} INFO - [2025-12-26T09:46:51.491+0000] {dagbag.py:538} INFO - Filling up the DagBag from /opt/airflow/dags/gcs_upload_dag.py
[2025-12-26T09:46:51.583+0000] {processor.py:840} INFO - DAG(s) 'green_taxi_data', 'zones_taxi_data', 'fhv_taxi_data', 'yellow_taxi_data' retrieved from /opt/airflow/dags/gcs_upload_dag.py
[2025-12-26T09:46:51.685+0000] {logging_mixin.py:188} INFO - [2025-12-26T09:46:51.684+0000] {dag.py:3036} INFO - Sync 4 DAGs
[2025-12-26T09:46:51.786+0000] {processor.py:183} INFO - Processing /opt/airflow/dags/gcs_upload_dag.py took 0.311 seconds
[2025-12-26T09:47:21.966+0000] {processor.py:161} INFO - Started process (PID=1158) to work on /opt/airflow/dags/gcs_upload_dag.py
[2025-12-26T09:47:21.968+0000] {processor.py:830} INFO - Processing file /opt/airflow/dags/gcs_upload_dag.py for tasks to queue
[2025-12-26T09:47:21.972+0000] {logging_mixin.py:188} INFO - [2025-12-26T09:47:21.972+0000] {dagbag.py:538} INFO - Filling up the DagBag from /opt/airflow/dags/gcs_upload_dag.py
[2025-12-26T09:47:22.073+0000] {processor.py:840} INFO - DAG(s) 'yellow_taxi_data', 'fhv_taxi_data', 'zones_taxi_data', 'green_taxi_data' retrieved from /opt/airflow/dags/gcs_upload_dag.py
[2025-12-26T09:47:22.222+0000] {logging_mixin.py:188} INFO - [2025-12-26T09:47:22.222+0000] {dag.py:3036} INFO - Sync 4 DAGs
[2025-12-26T09:47:22.341+0000] {processor.py:183} INFO - Processing /opt/airflow/dags/gcs_upload_dag.py took 0.381 seconds
[2025-12-26T09:47:52.634+0000] {processor.py:161} INFO - Started process (PID=1163) to work on /opt/airflow/dags/gcs_upload_dag.py
[2025-12-26T09:47:52.637+0000] {processor.py:830} INFO - Processing file /opt/airflow/dags/gcs_upload_dag.py for tasks to queue
[2025-12-26T09:47:52.643+0000] {logging_mixin.py:188} INFO - [2025-12-26T09:47:52.642+0000] {dagbag.py:538} INFO - Filling up the DagBag from /opt/airflow/dags/gcs_upload_dag.py
[2025-12-26T09:47:52.760+0000] {processor.py:840} INFO - DAG(s) 'zones_taxi_data', 'fhv_taxi_data', 'green_taxi_data', 'yellow_taxi_data' retrieved from /opt/airflow/dags/gcs_upload_dag.py
[2025-12-26T09:47:52.891+0000] {logging_mixin.py:188} INFO - [2025-12-26T09:47:52.890+0000] {dag.py:3036} INFO - Sync 4 DAGs
[2025-12-26T09:47:53.005+0000] {processor.py:183} INFO - Processing /opt/airflow/dags/gcs_upload_dag.py took 0.384 seconds
[2025-12-26T09:48:23.267+0000] {processor.py:161} INFO - Started process (PID=1168) to work on /opt/airflow/dags/gcs_upload_dag.py
[2025-12-26T09:48:23.271+0000] {processor.py:830} INFO - Processing file /opt/airflow/dags/gcs_upload_dag.py for tasks to queue
[2025-12-26T09:48:23.277+0000] {logging_mixin.py:188} INFO - [2025-12-26T09:48:23.276+0000] {dagbag.py:538} INFO - Filling up the DagBag from /opt/airflow/dags/gcs_upload_dag.py
[2025-12-26T09:48:23.578+0000] {processor.py:840} INFO - DAG(s) 'zones_taxi_data', 'green_taxi_data', 'yellow_taxi_data', 'fhv_taxi_data' retrieved from /opt/airflow/dags/gcs_upload_dag.py
[2025-12-26T09:48:23.682+0000] {logging_mixin.py:188} INFO - [2025-12-26T09:48:23.682+0000] {dag.py:3036} INFO - Sync 4 DAGs
[2025-12-26T09:48:23.791+0000] {processor.py:183} INFO - Processing /opt/airflow/dags/gcs_upload_dag.py took 0.537 seconds
[2025-12-26T09:48:54.077+0000] {processor.py:161} INFO - Started process (PID=1173) to work on /opt/airflow/dags/gcs_upload_dag.py
[2025-12-26T09:48:54.080+0000] {processor.py:830} INFO - Processing file /opt/airflow/dags/gcs_upload_dag.py for tasks to queue
[2025-12-26T09:48:54.083+0000] {logging_mixin.py:188} INFO - [2025-12-26T09:48:54.082+0000] {dagbag.py:538} INFO - Filling up the DagBag from /opt/airflow/dags/gcs_upload_dag.py
[2025-12-26T09:48:54.172+0000] {processor.py:840} INFO - DAG(s) 'fhv_taxi_data', 'yellow_taxi_data', 'zones_taxi_data', 'green_taxi_data' retrieved from /opt/airflow/dags/gcs_upload_dag.py
[2025-12-26T09:48:54.283+0000] {logging_mixin.py:188} INFO - [2025-12-26T09:48:54.282+0000] {dag.py:3036} INFO - Sync 4 DAGs
[2025-12-26T09:48:54.395+0000] {processor.py:183} INFO - Processing /opt/airflow/dags/gcs_upload_dag.py took 0.323 seconds
[2025-12-26T09:49:24.586+0000] {processor.py:161} INFO - Started process (PID=1178) to work on /opt/airflow/dags/gcs_upload_dag.py
[2025-12-26T09:49:24.588+0000] {processor.py:830} INFO - Processing file /opt/airflow/dags/gcs_upload_dag.py for tasks to queue
[2025-12-26T09:49:24.592+0000] {logging_mixin.py:188} INFO - [2025-12-26T09:49:24.592+0000] {dagbag.py:538} INFO - Filling up the DagBag from /opt/airflow/dags/gcs_upload_dag.py
[2025-12-26T09:49:24.700+0000] {processor.py:840} INFO - DAG(s) 'zones_taxi_data', 'yellow_taxi_data', 'green_taxi_data', 'fhv_taxi_data' retrieved from /opt/airflow/dags/gcs_upload_dag.py
[2025-12-26T09:49:24.828+0000] {logging_mixin.py:188} INFO - [2025-12-26T09:49:24.828+0000] {dag.py:3036} INFO - Sync 4 DAGs
[2025-12-26T09:49:24.940+0000] {processor.py:183} INFO - Processing /opt/airflow/dags/gcs_upload_dag.py took 0.361 seconds
[2025-12-26T09:49:55.272+0000] {processor.py:161} INFO - Started process (PID=1183) to work on /opt/airflow/dags/gcs_upload_dag.py
[2025-12-26T09:49:55.276+0000] {processor.py:830} INFO - Processing file /opt/airflow/dags/gcs_upload_dag.py for tasks to queue
[2025-12-26T09:49:55.282+0000] {logging_mixin.py:188} INFO - [2025-12-26T09:49:55.281+0000] {dagbag.py:538} INFO - Filling up the DagBag from /opt/airflow/dags/gcs_upload_dag.py
[2025-12-26T09:49:55.388+0000] {processor.py:840} INFO - DAG(s) 'fhv_taxi_data', 'zones_taxi_data', 'green_taxi_data', 'yellow_taxi_data' retrieved from /opt/airflow/dags/gcs_upload_dag.py
[2025-12-26T09:49:55.533+0000] {logging_mixin.py:188} INFO - [2025-12-26T09:49:55.532+0000] {dag.py:3036} INFO - Sync 4 DAGs
[2025-12-26T09:49:55.647+0000] {processor.py:183} INFO - Processing /opt/airflow/dags/gcs_upload_dag.py took 0.386 seconds
[2025-12-26T09:50:26.120+0000] {processor.py:161} INFO - Started process (PID=1188) to work on /opt/airflow/dags/gcs_upload_dag.py
[2025-12-26T09:50:26.122+0000] {processor.py:830} INFO - Processing file /opt/airflow/dags/gcs_upload_dag.py for tasks to queue
[2025-12-26T09:50:26.128+0000] {logging_mixin.py:188} INFO - [2025-12-26T09:50:26.127+0000] {dagbag.py:538} INFO - Filling up the DagBag from /opt/airflow/dags/gcs_upload_dag.py
[2025-12-26T09:50:26.248+0000] {processor.py:840} INFO - DAG(s) 'green_taxi_data', 'fhv_taxi_data', 'yellow_taxi_data', 'zones_taxi_data' retrieved from /opt/airflow/dags/gcs_upload_dag.py
[2025-12-26T09:50:26.424+0000] {logging_mixin.py:188} INFO - [2025-12-26T09:50:26.424+0000] {dag.py:3036} INFO - Sync 4 DAGs
[2025-12-26T09:50:26.550+0000] {processor.py:183} INFO - Processing /opt/airflow/dags/gcs_upload_dag.py took 0.462 seconds
[2025-12-26T09:50:56.671+0000] {processor.py:161} INFO - Started process (PID=1193) to work on /opt/airflow/dags/gcs_upload_dag.py
[2025-12-26T09:50:56.675+0000] {processor.py:830} INFO - Processing file /opt/airflow/dags/gcs_upload_dag.py for tasks to queue
[2025-12-26T09:50:56.680+0000] {logging_mixin.py:188} INFO - [2025-12-26T09:50:56.679+0000] {dagbag.py:538} INFO - Filling up the DagBag from /opt/airflow/dags/gcs_upload_dag.py
[2025-12-26T09:50:56.779+0000] {processor.py:840} INFO - DAG(s) 'green_taxi_data', 'yellow_taxi_data', 'zones_taxi_data', 'fhv_taxi_data' retrieved from /opt/airflow/dags/gcs_upload_dag.py
[2025-12-26T09:50:56.889+0000] {logging_mixin.py:188} INFO - [2025-12-26T09:50:56.889+0000] {dag.py:3036} INFO - Sync 4 DAGs
[2025-12-26T09:50:56.990+0000] {processor.py:183} INFO - Processing /opt/airflow/dags/gcs_upload_dag.py took 0.328 seconds
[2025-12-26T09:51:27.432+0000] {processor.py:161} INFO - Started process (PID=1198) to work on /opt/airflow/dags/gcs_upload_dag.py
[2025-12-26T09:51:27.436+0000] {processor.py:830} INFO - Processing file /opt/airflow/dags/gcs_upload_dag.py for tasks to queue
[2025-12-26T09:51:27.442+0000] {logging_mixin.py:188} INFO - [2025-12-26T09:51:27.441+0000] {dagbag.py:538} INFO - Filling up the DagBag from /opt/airflow/dags/gcs_upload_dag.py
[2025-12-26T09:51:27.521+0000] {processor.py:840} INFO - DAG(s) 'fhv_taxi_data', 'green_taxi_data', 'yellow_taxi_data', 'zones_taxi_data' retrieved from /opt/airflow/dags/gcs_upload_dag.py
[2025-12-26T09:51:27.640+0000] {logging_mixin.py:188} INFO - [2025-12-26T09:51:27.640+0000] {dag.py:3036} INFO - Sync 4 DAGs
[2025-12-26T09:51:27.751+0000] {processor.py:183} INFO - Processing /opt/airflow/dags/gcs_upload_dag.py took 0.330 seconds
[2025-12-26T09:51:58.044+0000] {processor.py:161} INFO - Started process (PID=1203) to work on /opt/airflow/dags/gcs_upload_dag.py
[2025-12-26T09:51:58.047+0000] {processor.py:830} INFO - Processing file /opt/airflow/dags/gcs_upload_dag.py for tasks to queue
[2025-12-26T09:51:58.055+0000] {logging_mixin.py:188} INFO - [2025-12-26T09:51:58.054+0000] {dagbag.py:538} INFO - Filling up the DagBag from /opt/airflow/dags/gcs_upload_dag.py
[2025-12-26T09:51:58.226+0000] {processor.py:840} INFO - DAG(s) 'fhv_taxi_data', 'yellow_taxi_data', 'green_taxi_data', 'zones_taxi_data' retrieved from /opt/airflow/dags/gcs_upload_dag.py
[2025-12-26T09:51:58.428+0000] {logging_mixin.py:188} INFO - [2025-12-26T09:51:58.428+0000] {dag.py:3036} INFO - Sync 4 DAGs
[2025-12-26T09:51:58.598+0000] {processor.py:183} INFO - Processing /opt/airflow/dags/gcs_upload_dag.py took 0.572 seconds
[2025-12-26T09:52:28.927+0000] {processor.py:161} INFO - Started process (PID=1208) to work on /opt/airflow/dags/gcs_upload_dag.py
[2025-12-26T09:52:28.929+0000] {processor.py:830} INFO - Processing file /opt/airflow/dags/gcs_upload_dag.py for tasks to queue
[2025-12-26T09:52:28.936+0000] {logging_mixin.py:188} INFO - [2025-12-26T09:52:28.935+0000] {dagbag.py:538} INFO - Filling up the DagBag from /opt/airflow/dags/gcs_upload_dag.py
[2025-12-26T09:52:29.081+0000] {processor.py:840} INFO - DAG(s) 'green_taxi_data', 'fhv_taxi_data', 'yellow_taxi_data', 'zones_taxi_data' retrieved from /opt/airflow/dags/gcs_upload_dag.py
[2025-12-26T09:52:29.232+0000] {logging_mixin.py:188} INFO - [2025-12-26T09:52:29.231+0000] {dag.py:3036} INFO - Sync 4 DAGs
[2025-12-26T09:52:29.381+0000] {processor.py:183} INFO - Processing /opt/airflow/dags/gcs_upload_dag.py took 0.485 seconds
[2025-12-26T09:52:59.785+0000] {processor.py:161} INFO - Started process (PID=1213) to work on /opt/airflow/dags/gcs_upload_dag.py
[2025-12-26T09:52:59.790+0000] {processor.py:830} INFO - Processing file /opt/airflow/dags/gcs_upload_dag.py for tasks to queue
[2025-12-26T09:52:59.797+0000] {logging_mixin.py:188} INFO - [2025-12-26T09:52:59.796+0000] {dagbag.py:538} INFO - Filling up the DagBag from /opt/airflow/dags/gcs_upload_dag.py
[2025-12-26T09:52:59.936+0000] {processor.py:840} INFO - DAG(s) 'green_taxi_data', 'fhv_taxi_data', 'zones_taxi_data', 'yellow_taxi_data' retrieved from /opt/airflow/dags/gcs_upload_dag.py
[2025-12-26T09:53:00.090+0000] {logging_mixin.py:188} INFO - [2025-12-26T09:53:00.089+0000] {dag.py:3036} INFO - Sync 4 DAGs
[2025-12-26T09:53:00.238+0000] {processor.py:183} INFO - Processing /opt/airflow/dags/gcs_upload_dag.py took 0.467 seconds
[2025-12-26T09:53:31.327+0000] {processor.py:161} INFO - Started process (PID=1218) to work on /opt/airflow/dags/gcs_upload_dag.py
[2025-12-26T09:53:31.329+0000] {processor.py:830} INFO - Processing file /opt/airflow/dags/gcs_upload_dag.py for tasks to queue
[2025-12-26T09:53:31.333+0000] {logging_mixin.py:188} INFO - [2025-12-26T09:53:31.333+0000] {dagbag.py:538} INFO - Filling up the DagBag from /opt/airflow/dags/gcs_upload_dag.py
[2025-12-26T09:53:31.421+0000] {processor.py:840} INFO - DAG(s) 'fhv_taxi_data', 'green_taxi_data', 'yellow_taxi_data', 'zones_taxi_data' retrieved from /opt/airflow/dags/gcs_upload_dag.py
[2025-12-26T09:53:31.531+0000] {logging_mixin.py:188} INFO - [2025-12-26T09:53:31.530+0000] {dag.py:3036} INFO - Sync 4 DAGs
[2025-12-26T09:53:31.635+0000] {processor.py:183} INFO - Processing /opt/airflow/dags/gcs_upload_dag.py took 0.315 seconds
[2025-12-26T09:54:01.883+0000] {processor.py:161} INFO - Started process (PID=1223) to work on /opt/airflow/dags/gcs_upload_dag.py
[2025-12-26T09:54:01.888+0000] {processor.py:830} INFO - Processing file /opt/airflow/dags/gcs_upload_dag.py for tasks to queue
[2025-12-26T09:54:01.898+0000] {logging_mixin.py:188} INFO - [2025-12-26T09:54:01.896+0000] {dagbag.py:538} INFO - Filling up the DagBag from /opt/airflow/dags/gcs_upload_dag.py
[2025-12-26T09:54:02.096+0000] {processor.py:840} INFO - DAG(s) 'fhv_taxi_data', 'yellow_taxi_data', 'zones_taxi_data', 'green_taxi_data' retrieved from /opt/airflow/dags/gcs_upload_dag.py
[2025-12-26T09:54:02.299+0000] {logging_mixin.py:188} INFO - [2025-12-26T09:54:02.299+0000] {dag.py:3036} INFO - Sync 4 DAGs
[2025-12-26T09:54:02.443+0000] {processor.py:183} INFO - Processing /opt/airflow/dags/gcs_upload_dag.py took 0.574 seconds
[2025-12-26T09:54:32.753+0000] {processor.py:161} INFO - Started process (PID=1228) to work on /opt/airflow/dags/gcs_upload_dag.py
[2025-12-26T09:54:32.756+0000] {processor.py:830} INFO - Processing file /opt/airflow/dags/gcs_upload_dag.py for tasks to queue
[2025-12-26T09:54:32.761+0000] {logging_mixin.py:188} INFO - [2025-12-26T09:54:32.761+0000] {dagbag.py:538} INFO - Filling up the DagBag from /opt/airflow/dags/gcs_upload_dag.py
[2025-12-26T09:54:32.847+0000] {processor.py:840} INFO - DAG(s) 'yellow_taxi_data', 'fhv_taxi_data', 'zones_taxi_data', 'green_taxi_data' retrieved from /opt/airflow/dags/gcs_upload_dag.py
[2025-12-26T09:54:32.963+0000] {logging_mixin.py:188} INFO - [2025-12-26T09:54:32.963+0000] {dag.py:3036} INFO - Sync 4 DAGs
[2025-12-26T09:54:33.048+0000] {processor.py:183} INFO - Processing /opt/airflow/dags/gcs_upload_dag.py took 0.307 seconds
[2025-12-26T09:55:03.260+0000] {processor.py:161} INFO - Started process (PID=1233) to work on /opt/airflow/dags/gcs_upload_dag.py
[2025-12-26T09:55:03.263+0000] {processor.py:830} INFO - Processing file /opt/airflow/dags/gcs_upload_dag.py for tasks to queue
[2025-12-26T09:55:03.270+0000] {logging_mixin.py:188} INFO - [2025-12-26T09:55:03.269+0000] {dagbag.py:538} INFO - Filling up the DagBag from /opt/airflow/dags/gcs_upload_dag.py
[2025-12-26T09:55:03.383+0000] {processor.py:840} INFO - DAG(s) 'yellow_taxi_data', 'green_taxi_data', 'zones_taxi_data', 'fhv_taxi_data' retrieved from /opt/airflow/dags/gcs_upload_dag.py
[2025-12-26T09:55:03.536+0000] {logging_mixin.py:188} INFO - [2025-12-26T09:55:03.535+0000] {dag.py:3036} INFO - Sync 4 DAGs
[2025-12-26T09:55:03.669+0000] {processor.py:183} INFO - Processing /opt/airflow/dags/gcs_upload_dag.py took 0.418 seconds
[2025-12-26T09:55:33.967+0000] {processor.py:161} INFO - Started process (PID=1238) to work on /opt/airflow/dags/gcs_upload_dag.py
[2025-12-26T09:55:33.972+0000] {processor.py:830} INFO - Processing file /opt/airflow/dags/gcs_upload_dag.py for tasks to queue
[2025-12-26T09:55:33.979+0000] {logging_mixin.py:188} INFO - [2025-12-26T09:55:33.978+0000] {dagbag.py:538} INFO - Filling up the DagBag from /opt/airflow/dags/gcs_upload_dag.py
[2025-12-26T09:55:34.106+0000] {processor.py:840} INFO - DAG(s) 'yellow_taxi_data', 'zones_taxi_data', 'green_taxi_data', 'fhv_taxi_data' retrieved from /opt/airflow/dags/gcs_upload_dag.py
[2025-12-26T09:55:34.285+0000] {logging_mixin.py:188} INFO - [2025-12-26T09:55:34.284+0000] {dag.py:3036} INFO - Sync 4 DAGs
[2025-12-26T09:55:34.421+0000] {processor.py:183} INFO - Processing /opt/airflow/dags/gcs_upload_dag.py took 0.482 seconds
[2025-12-26T09:56:04.633+0000] {processor.py:161} INFO - Started process (PID=1243) to work on /opt/airflow/dags/gcs_upload_dag.py
[2025-12-26T09:56:04.636+0000] {processor.py:830} INFO - Processing file /opt/airflow/dags/gcs_upload_dag.py for tasks to queue
[2025-12-26T09:56:04.641+0000] {logging_mixin.py:188} INFO - [2025-12-26T09:56:04.640+0000] {dagbag.py:538} INFO - Filling up the DagBag from /opt/airflow/dags/gcs_upload_dag.py
[2025-12-26T09:56:04.750+0000] {processor.py:840} INFO - DAG(s) 'yellow_taxi_data', 'fhv_taxi_data', 'zones_taxi_data', 'green_taxi_data' retrieved from /opt/airflow/dags/gcs_upload_dag.py
[2025-12-26T09:56:04.872+0000] {logging_mixin.py:188} INFO - [2025-12-26T09:56:04.872+0000] {dag.py:3036} INFO - Sync 4 DAGs
[2025-12-26T09:56:04.984+0000] {processor.py:183} INFO - Processing /opt/airflow/dags/gcs_upload_dag.py took 0.360 seconds
[2025-12-26T09:56:35.509+0000] {processor.py:161} INFO - Started process (PID=1248) to work on /opt/airflow/dags/gcs_upload_dag.py
[2025-12-26T09:56:35.512+0000] {processor.py:830} INFO - Processing file /opt/airflow/dags/gcs_upload_dag.py for tasks to queue
[2025-12-26T09:56:35.518+0000] {logging_mixin.py:188} INFO - [2025-12-26T09:56:35.517+0000] {dagbag.py:538} INFO - Filling up the DagBag from /opt/airflow/dags/gcs_upload_dag.py
[2025-12-26T09:56:35.613+0000] {processor.py:840} INFO - DAG(s) 'zones_taxi_data', 'fhv_taxi_data', 'yellow_taxi_data', 'green_taxi_data' retrieved from /opt/airflow/dags/gcs_upload_dag.py
[2025-12-26T09:56:35.747+0000] {logging_mixin.py:188} INFO - [2025-12-26T09:56:35.747+0000] {dag.py:3036} INFO - Sync 4 DAGs
[2025-12-26T09:56:35.875+0000] {processor.py:183} INFO - Processing /opt/airflow/dags/gcs_upload_dag.py took 0.374 seconds
[2025-12-26T09:57:05.977+0000] {processor.py:161} INFO - Started process (PID=1253) to work on /opt/airflow/dags/gcs_upload_dag.py
[2025-12-26T09:57:05.980+0000] {processor.py:830} INFO - Processing file /opt/airflow/dags/gcs_upload_dag.py for tasks to queue
[2025-12-26T09:57:05.985+0000] {logging_mixin.py:188} INFO - [2025-12-26T09:57:05.984+0000] {dagbag.py:538} INFO - Filling up the DagBag from /opt/airflow/dags/gcs_upload_dag.py
[2025-12-26T09:57:06.068+0000] {processor.py:840} INFO - DAG(s) 'green_taxi_data', 'fhv_taxi_data', 'yellow_taxi_data', 'zones_taxi_data' retrieved from /opt/airflow/dags/gcs_upload_dag.py
[2025-12-26T09:57:06.193+0000] {logging_mixin.py:188} INFO - [2025-12-26T09:57:06.192+0000] {dag.py:3036} INFO - Sync 4 DAGs
[2025-12-26T09:57:06.306+0000] {processor.py:183} INFO - Processing /opt/airflow/dags/gcs_upload_dag.py took 0.337 seconds
[2025-12-26T09:57:36.554+0000] {processor.py:161} INFO - Started process (PID=1258) to work on /opt/airflow/dags/gcs_upload_dag.py
[2025-12-26T09:57:36.558+0000] {processor.py:830} INFO - Processing file /opt/airflow/dags/gcs_upload_dag.py for tasks to queue
[2025-12-26T09:57:36.567+0000] {logging_mixin.py:188} INFO - [2025-12-26T09:57:36.566+0000] {dagbag.py:538} INFO - Filling up the DagBag from /opt/airflow/dags/gcs_upload_dag.py
[2025-12-26T09:57:36.694+0000] {processor.py:840} INFO - DAG(s) 'fhv_taxi_data', 'green_taxi_data', 'zones_taxi_data', 'yellow_taxi_data' retrieved from /opt/airflow/dags/gcs_upload_dag.py
[2025-12-26T09:57:36.839+0000] {logging_mixin.py:188} INFO - [2025-12-26T09:57:36.839+0000] {dag.py:3036} INFO - Sync 4 DAGs
[2025-12-26T09:57:36.954+0000] {processor.py:183} INFO - Processing /opt/airflow/dags/gcs_upload_dag.py took 0.418 seconds
[2025-12-26T09:58:07.263+0000] {processor.py:161} INFO - Started process (PID=1263) to work on /opt/airflow/dags/gcs_upload_dag.py
[2025-12-26T09:58:07.266+0000] {processor.py:830} INFO - Processing file /opt/airflow/dags/gcs_upload_dag.py for tasks to queue
[2025-12-26T09:58:07.271+0000] {logging_mixin.py:188} INFO - [2025-12-26T09:58:07.270+0000] {dagbag.py:538} INFO - Filling up the DagBag from /opt/airflow/dags/gcs_upload_dag.py
[2025-12-26T09:58:07.369+0000] {processor.py:840} INFO - DAG(s) 'yellow_taxi_data', 'green_taxi_data', 'zones_taxi_data', 'fhv_taxi_data' retrieved from /opt/airflow/dags/gcs_upload_dag.py
[2025-12-26T09:58:07.521+0000] {logging_mixin.py:188} INFO - [2025-12-26T09:58:07.521+0000] {dag.py:3036} INFO - Sync 4 DAGs
[2025-12-26T09:58:07.639+0000] {processor.py:183} INFO - Processing /opt/airflow/dags/gcs_upload_dag.py took 0.386 seconds
[2025-12-26T09:58:37.894+0000] {processor.py:161} INFO - Started process (PID=1268) to work on /opt/airflow/dags/gcs_upload_dag.py
[2025-12-26T09:58:37.897+0000] {processor.py:830} INFO - Processing file /opt/airflow/dags/gcs_upload_dag.py for tasks to queue
[2025-12-26T09:58:37.903+0000] {logging_mixin.py:188} INFO - [2025-12-26T09:58:37.902+0000] {dagbag.py:538} INFO - Filling up the DagBag from /opt/airflow/dags/gcs_upload_dag.py
[2025-12-26T09:58:38.006+0000] {processor.py:840} INFO - DAG(s) 'zones_taxi_data', 'fhv_taxi_data', 'yellow_taxi_data', 'green_taxi_data' retrieved from /opt/airflow/dags/gcs_upload_dag.py
[2025-12-26T09:58:38.178+0000] {logging_mixin.py:188} INFO - [2025-12-26T09:58:38.177+0000] {dag.py:3036} INFO - Sync 4 DAGs
[2025-12-26T09:58:38.316+0000] {processor.py:183} INFO - Processing /opt/airflow/dags/gcs_upload_dag.py took 0.431 seconds
[2025-12-26T09:59:08.558+0000] {processor.py:161} INFO - Started process (PID=1273) to work on /opt/airflow/dags/gcs_upload_dag.py
[2025-12-26T09:59:08.562+0000] {processor.py:830} INFO - Processing file /opt/airflow/dags/gcs_upload_dag.py for tasks to queue
[2025-12-26T09:59:08.567+0000] {logging_mixin.py:188} INFO - [2025-12-26T09:59:08.566+0000] {dagbag.py:538} INFO - Filling up the DagBag from /opt/airflow/dags/gcs_upload_dag.py
[2025-12-26T09:59:08.676+0000] {processor.py:840} INFO - DAG(s) 'zones_taxi_data', 'fhv_taxi_data', 'green_taxi_data', 'yellow_taxi_data' retrieved from /opt/airflow/dags/gcs_upload_dag.py
[2025-12-26T09:59:08.802+0000] {logging_mixin.py:188} INFO - [2025-12-26T09:59:08.801+0000] {dag.py:3036} INFO - Sync 4 DAGs
[2025-12-26T09:59:08.900+0000] {processor.py:183} INFO - Processing /opt/airflow/dags/gcs_upload_dag.py took 0.352 seconds
[2025-12-26T09:59:39.296+0000] {processor.py:161} INFO - Started process (PID=1278) to work on /opt/airflow/dags/gcs_upload_dag.py
[2025-12-26T09:59:39.299+0000] {processor.py:830} INFO - Processing file /opt/airflow/dags/gcs_upload_dag.py for tasks to queue
[2025-12-26T09:59:39.303+0000] {logging_mixin.py:188} INFO - [2025-12-26T09:59:39.302+0000] {dagbag.py:538} INFO - Filling up the DagBag from /opt/airflow/dags/gcs_upload_dag.py
[2025-12-26T09:59:39.410+0000] {processor.py:840} INFO - DAG(s) 'green_taxi_data', 'zones_taxi_data', 'yellow_taxi_data', 'fhv_taxi_data' retrieved from /opt/airflow/dags/gcs_upload_dag.py
[2025-12-26T09:59:39.564+0000] {logging_mixin.py:188} INFO - [2025-12-26T09:59:39.563+0000] {dag.py:3036} INFO - Sync 4 DAGs
[2025-12-26T09:59:39.675+0000] {processor.py:183} INFO - Processing /opt/airflow/dags/gcs_upload_dag.py took 0.389 seconds
[2025-12-26T10:00:09.982+0000] {processor.py:161} INFO - Started process (PID=1283) to work on /opt/airflow/dags/gcs_upload_dag.py
[2025-12-26T10:00:09.985+0000] {processor.py:830} INFO - Processing file /opt/airflow/dags/gcs_upload_dag.py for tasks to queue
[2025-12-26T10:00:09.990+0000] {logging_mixin.py:188} INFO - [2025-12-26T10:00:09.989+0000] {dagbag.py:538} INFO - Filling up the DagBag from /opt/airflow/dags/gcs_upload_dag.py
[2025-12-26T10:00:10.071+0000] {processor.py:840} INFO - DAG(s) 'yellow_taxi_data', 'green_taxi_data', 'zones_taxi_data', 'fhv_taxi_data' retrieved from /opt/airflow/dags/gcs_upload_dag.py
[2025-12-26T10:00:10.195+0000] {logging_mixin.py:188} INFO - [2025-12-26T10:00:10.194+0000] {dag.py:3036} INFO - Sync 4 DAGs
[2025-12-26T10:00:10.281+0000] {processor.py:183} INFO - Processing /opt/airflow/dags/gcs_upload_dag.py took 0.306 seconds
[2025-12-26T10:00:40.641+0000] {processor.py:161} INFO - Started process (PID=1288) to work on /opt/airflow/dags/gcs_upload_dag.py
[2025-12-26T10:00:40.644+0000] {processor.py:830} INFO - Processing file /opt/airflow/dags/gcs_upload_dag.py for tasks to queue
[2025-12-26T10:00:40.649+0000] {logging_mixin.py:188} INFO - [2025-12-26T10:00:40.648+0000] {dagbag.py:538} INFO - Filling up the DagBag from /opt/airflow/dags/gcs_upload_dag.py
[2025-12-26T10:00:40.750+0000] {processor.py:840} INFO - DAG(s) 'yellow_taxi_data', 'zones_taxi_data', 'green_taxi_data', 'fhv_taxi_data' retrieved from /opt/airflow/dags/gcs_upload_dag.py
[2025-12-26T10:00:40.912+0000] {logging_mixin.py:188} INFO - [2025-12-26T10:00:40.912+0000] {dag.py:3036} INFO - Sync 4 DAGs
[2025-12-26T10:00:41.005+0000] {processor.py:183} INFO - Processing /opt/airflow/dags/gcs_upload_dag.py took 0.374 seconds
