[2025-07-01 08:11:07,304] {processor.py:163} INFO - Started process (PID=173) to work on /opt/airflow/dags/gcs_upload_dag.py
[2025-07-01 08:11:07,306] {processor.py:642} INFO - Processing file /opt/airflow/dags/gcs_upload_dag.py for tasks to queue
[2025-07-01 08:11:07,308] {logging_mixin.py:109} INFO - [2025-07-01 08:11:07,308] {dagbag.py:500} INFO - Filling up the DagBag from /opt/airflow/dags/gcs_upload_dag.py
[2025-07-01 08:11:11,882] {processor.py:654} INFO - DAG(s) dict_keys(['data_ingestion_gcs_dag']) retrieved from /opt/airflow/dags/gcs_upload_dag.py
[2025-07-01 08:11:11,935] {logging_mixin.py:109} INFO - [2025-07-01 08:11:11,932] {dag.py:2396} INFO - Sync 1 DAGs
[2025-07-01 08:11:12,017] {processor.py:171} INFO - Processing /opt/airflow/dags/gcs_upload_dag.py took 4.720 seconds
[2025-07-01 08:11:42,361] {processor.py:163} INFO - Started process (PID=217) to work on /opt/airflow/dags/gcs_upload_dag.py
[2025-07-01 08:11:42,374] {processor.py:642} INFO - Processing file /opt/airflow/dags/gcs_upload_dag.py for tasks to queue
[2025-07-01 08:11:42,383] {logging_mixin.py:109} INFO - [2025-07-01 08:11:42,382] {dagbag.py:500} INFO - Filling up the DagBag from /opt/airflow/dags/gcs_upload_dag.py
[2025-07-01 08:11:46,064] {processor.py:654} INFO - DAG(s) dict_keys(['data_ingestion_gcs_dag']) retrieved from /opt/airflow/dags/gcs_upload_dag.py
[2025-07-01 08:11:46,124] {logging_mixin.py:109} INFO - [2025-07-01 08:11:46,119] {dag.py:2396} INFO - Sync 1 DAGs
[2025-07-01 08:11:46,248] {processor.py:171} INFO - Processing /opt/airflow/dags/gcs_upload_dag.py took 3.925 seconds
[2025-07-01 08:12:16,604] {processor.py:163} INFO - Started process (PID=251) to work on /opt/airflow/dags/gcs_upload_dag.py
[2025-07-01 08:12:16,607] {processor.py:642} INFO - Processing file /opt/airflow/dags/gcs_upload_dag.py for tasks to queue
[2025-07-01 08:12:16,608] {logging_mixin.py:109} INFO - [2025-07-01 08:12:16,608] {dagbag.py:500} INFO - Filling up the DagBag from /opt/airflow/dags/gcs_upload_dag.py
[2025-07-01 08:12:18,272] {processor.py:654} INFO - DAG(s) dict_keys(['data_ingestion_gcs_dag']) retrieved from /opt/airflow/dags/gcs_upload_dag.py
[2025-07-01 08:12:18,299] {logging_mixin.py:109} INFO - [2025-07-01 08:12:18,297] {dag.py:2396} INFO - Sync 1 DAGs
[2025-07-01 08:12:18,355] {processor.py:171} INFO - Processing /opt/airflow/dags/gcs_upload_dag.py took 1.756 seconds
[2025-07-01 08:12:48,642] {processor.py:163} INFO - Started process (PID=284) to work on /opt/airflow/dags/gcs_upload_dag.py
[2025-07-01 08:12:48,646] {processor.py:642} INFO - Processing file /opt/airflow/dags/gcs_upload_dag.py for tasks to queue
[2025-07-01 08:12:48,648] {logging_mixin.py:109} INFO - [2025-07-01 08:12:48,648] {dagbag.py:500} INFO - Filling up the DagBag from /opt/airflow/dags/gcs_upload_dag.py
[2025-07-01 08:12:50,322] {processor.py:654} INFO - DAG(s) dict_keys(['data_ingestion_gcs_dag']) retrieved from /opt/airflow/dags/gcs_upload_dag.py
[2025-07-01 08:12:50,349] {logging_mixin.py:109} INFO - [2025-07-01 08:12:50,346] {dag.py:2396} INFO - Sync 1 DAGs
[2025-07-01 08:12:50,394] {processor.py:171} INFO - Processing /opt/airflow/dags/gcs_upload_dag.py took 1.759 seconds
[2025-07-01 08:13:20,654] {processor.py:163} INFO - Started process (PID=317) to work on /opt/airflow/dags/gcs_upload_dag.py
[2025-07-01 08:13:20,659] {processor.py:642} INFO - Processing file /opt/airflow/dags/gcs_upload_dag.py for tasks to queue
[2025-07-01 08:13:20,662] {logging_mixin.py:109} INFO - [2025-07-01 08:13:20,662] {dagbag.py:500} INFO - Filling up the DagBag from /opt/airflow/dags/gcs_upload_dag.py
[2025-07-01 08:13:22,733] {processor.py:654} INFO - DAG(s) dict_keys(['data_ingestion_gcs_dag']) retrieved from /opt/airflow/dags/gcs_upload_dag.py
[2025-07-01 08:13:22,775] {logging_mixin.py:109} INFO - [2025-07-01 08:13:22,766] {dag.py:2396} INFO - Sync 1 DAGs
[2025-07-01 08:13:22,856] {processor.py:171} INFO - Processing /opt/airflow/dags/gcs_upload_dag.py took 2.211 seconds
[2025-07-01 08:13:53,110] {processor.py:163} INFO - Started process (PID=350) to work on /opt/airflow/dags/gcs_upload_dag.py
[2025-07-01 08:13:53,115] {processor.py:642} INFO - Processing file /opt/airflow/dags/gcs_upload_dag.py for tasks to queue
[2025-07-01 08:13:53,117] {logging_mixin.py:109} INFO - [2025-07-01 08:13:53,117] {dagbag.py:500} INFO - Filling up the DagBag from /opt/airflow/dags/gcs_upload_dag.py
[2025-07-01 08:13:56,731] {processor.py:654} INFO - DAG(s) dict_keys(['data_ingestion_gcs_dag']) retrieved from /opt/airflow/dags/gcs_upload_dag.py
[2025-07-01 08:13:56,786] {logging_mixin.py:109} INFO - [2025-07-01 08:13:56,781] {dag.py:2396} INFO - Sync 1 DAGs
[2025-07-01 08:13:56,855] {processor.py:171} INFO - Processing /opt/airflow/dags/gcs_upload_dag.py took 3.780 seconds
[2025-07-01 08:14:27,230] {processor.py:163} INFO - Started process (PID=383) to work on /opt/airflow/dags/gcs_upload_dag.py
[2025-07-01 08:14:27,233] {processor.py:642} INFO - Processing file /opt/airflow/dags/gcs_upload_dag.py for tasks to queue
[2025-07-01 08:14:27,236] {logging_mixin.py:109} INFO - [2025-07-01 08:14:27,236] {dagbag.py:500} INFO - Filling up the DagBag from /opt/airflow/dags/gcs_upload_dag.py
[2025-07-01 08:14:29,987] {processor.py:654} INFO - DAG(s) dict_keys(['data_ingestion_gcs_dag']) retrieved from /opt/airflow/dags/gcs_upload_dag.py
[2025-07-01 08:14:30,022] {logging_mixin.py:109} INFO - [2025-07-01 08:14:30,019] {dag.py:2396} INFO - Sync 1 DAGs
[2025-07-01 08:14:30,142] {processor.py:171} INFO - Processing /opt/airflow/dags/gcs_upload_dag.py took 2.921 seconds
[2025-07-01 08:15:00,520] {processor.py:163} INFO - Started process (PID=416) to work on /opt/airflow/dags/gcs_upload_dag.py
[2025-07-01 08:15:00,523] {processor.py:642} INFO - Processing file /opt/airflow/dags/gcs_upload_dag.py for tasks to queue
[2025-07-01 08:15:00,527] {logging_mixin.py:109} INFO - [2025-07-01 08:15:00,526] {dagbag.py:500} INFO - Filling up the DagBag from /opt/airflow/dags/gcs_upload_dag.py
[2025-07-01 08:15:02,324] {processor.py:654} INFO - DAG(s) dict_keys(['data_ingestion_gcs_dag']) retrieved from /opt/airflow/dags/gcs_upload_dag.py
[2025-07-01 08:15:02,355] {logging_mixin.py:109} INFO - [2025-07-01 08:15:02,353] {dag.py:2396} INFO - Sync 1 DAGs
[2025-07-01 08:15:02,419] {processor.py:171} INFO - Processing /opt/airflow/dags/gcs_upload_dag.py took 1.908 seconds
[2025-07-01 08:15:32,747] {processor.py:163} INFO - Started process (PID=449) to work on /opt/airflow/dags/gcs_upload_dag.py
[2025-07-01 08:15:32,751] {processor.py:642} INFO - Processing file /opt/airflow/dags/gcs_upload_dag.py for tasks to queue
[2025-07-01 08:15:32,754] {logging_mixin.py:109} INFO - [2025-07-01 08:15:32,754] {dagbag.py:500} INFO - Filling up the DagBag from /opt/airflow/dags/gcs_upload_dag.py
[2025-07-01 08:15:34,943] {processor.py:654} INFO - DAG(s) dict_keys(['data_ingestion_gcs_dag']) retrieved from /opt/airflow/dags/gcs_upload_dag.py
[2025-07-01 08:15:34,973] {logging_mixin.py:109} INFO - [2025-07-01 08:15:34,970] {dag.py:2396} INFO - Sync 1 DAGs
[2025-07-01 08:15:35,049] {processor.py:171} INFO - Processing /opt/airflow/dags/gcs_upload_dag.py took 2.311 seconds
[2025-07-01 08:16:05,324] {processor.py:163} INFO - Started process (PID=482) to work on /opt/airflow/dags/gcs_upload_dag.py
[2025-07-01 08:16:05,332] {processor.py:642} INFO - Processing file /opt/airflow/dags/gcs_upload_dag.py for tasks to queue
[2025-07-01 08:16:05,336] {logging_mixin.py:109} INFO - [2025-07-01 08:16:05,336] {dagbag.py:500} INFO - Filling up the DagBag from /opt/airflow/dags/gcs_upload_dag.py
[2025-07-01 08:16:07,424] {processor.py:654} INFO - DAG(s) dict_keys(['data_ingestion_gcs_dag']) retrieved from /opt/airflow/dags/gcs_upload_dag.py
[2025-07-01 08:16:07,448] {logging_mixin.py:109} INFO - [2025-07-01 08:16:07,446] {dag.py:2396} INFO - Sync 1 DAGs
[2025-07-01 08:16:07,499] {processor.py:171} INFO - Processing /opt/airflow/dags/gcs_upload_dag.py took 2.196 seconds
[2025-07-01 08:16:37,635] {processor.py:163} INFO - Started process (PID=534) to work on /opt/airflow/dags/gcs_upload_dag.py
[2025-07-01 08:16:37,640] {processor.py:642} INFO - Processing file /opt/airflow/dags/gcs_upload_dag.py for tasks to queue
[2025-07-01 08:16:37,643] {logging_mixin.py:109} INFO - [2025-07-01 08:16:37,642] {dagbag.py:500} INFO - Filling up the DagBag from /opt/airflow/dags/gcs_upload_dag.py
[2025-07-01 08:16:39,934] {processor.py:654} INFO - DAG(s) dict_keys(['data_ingestion_gcs_dag']) retrieved from /opt/airflow/dags/gcs_upload_dag.py
[2025-07-01 08:16:39,965] {logging_mixin.py:109} INFO - [2025-07-01 08:16:39,962] {dag.py:2396} INFO - Sync 1 DAGs
[2025-07-01 08:16:40,040] {processor.py:171} INFO - Processing /opt/airflow/dags/gcs_upload_dag.py took 2.419 seconds
[2025-07-01 08:17:10,284] {processor.py:163} INFO - Started process (PID=568) to work on /opt/airflow/dags/gcs_upload_dag.py
[2025-07-01 08:17:10,288] {processor.py:642} INFO - Processing file /opt/airflow/dags/gcs_upload_dag.py for tasks to queue
[2025-07-01 08:17:10,290] {logging_mixin.py:109} INFO - [2025-07-01 08:17:10,290] {dagbag.py:500} INFO - Filling up the DagBag from /opt/airflow/dags/gcs_upload_dag.py
[2025-07-01 08:17:12,028] {processor.py:654} INFO - DAG(s) dict_keys(['data_ingestion_gcs_dag']) retrieved from /opt/airflow/dags/gcs_upload_dag.py
[2025-07-01 08:17:12,051] {logging_mixin.py:109} INFO - [2025-07-01 08:17:12,049] {dag.py:2396} INFO - Sync 1 DAGs
[2025-07-01 08:17:12,100] {processor.py:171} INFO - Processing /opt/airflow/dags/gcs_upload_dag.py took 1.827 seconds
[2025-07-01 08:17:42,240] {processor.py:163} INFO - Started process (PID=601) to work on /opt/airflow/dags/gcs_upload_dag.py
[2025-07-01 08:17:42,244] {processor.py:642} INFO - Processing file /opt/airflow/dags/gcs_upload_dag.py for tasks to queue
[2025-07-01 08:17:42,246] {logging_mixin.py:109} INFO - [2025-07-01 08:17:42,245] {dagbag.py:500} INFO - Filling up the DagBag from /opt/airflow/dags/gcs_upload_dag.py
[2025-07-01 08:17:43,813] {processor.py:654} INFO - DAG(s) dict_keys(['data_ingestion_gcs_dag']) retrieved from /opt/airflow/dags/gcs_upload_dag.py
[2025-07-01 08:17:43,840] {logging_mixin.py:109} INFO - [2025-07-01 08:17:43,837] {dag.py:2396} INFO - Sync 1 DAGs
[2025-07-01 08:17:43,888] {processor.py:171} INFO - Processing /opt/airflow/dags/gcs_upload_dag.py took 1.655 seconds
[2025-07-01 08:18:14,124] {processor.py:163} INFO - Started process (PID=634) to work on /opt/airflow/dags/gcs_upload_dag.py
[2025-07-01 08:18:14,127] {processor.py:642} INFO - Processing file /opt/airflow/dags/gcs_upload_dag.py for tasks to queue
[2025-07-01 08:18:14,129] {logging_mixin.py:109} INFO - [2025-07-01 08:18:14,128] {dagbag.py:500} INFO - Filling up the DagBag from /opt/airflow/dags/gcs_upload_dag.py
[2025-07-01 08:18:15,620] {processor.py:654} INFO - DAG(s) dict_keys(['data_ingestion_gcs_dag']) retrieved from /opt/airflow/dags/gcs_upload_dag.py
[2025-07-01 08:18:15,646] {logging_mixin.py:109} INFO - [2025-07-01 08:18:15,644] {dag.py:2396} INFO - Sync 1 DAGs
[2025-07-01 08:18:15,693] {processor.py:171} INFO - Processing /opt/airflow/dags/gcs_upload_dag.py took 1.574 seconds
[2025-07-01 08:18:45,802] {processor.py:163} INFO - Started process (PID=667) to work on /opt/airflow/dags/gcs_upload_dag.py
[2025-07-01 08:18:45,805] {processor.py:642} INFO - Processing file /opt/airflow/dags/gcs_upload_dag.py for tasks to queue
[2025-07-01 08:18:45,806] {logging_mixin.py:109} INFO - [2025-07-01 08:18:45,806] {dagbag.py:500} INFO - Filling up the DagBag from /opt/airflow/dags/gcs_upload_dag.py
[2025-07-01 08:18:47,363] {processor.py:654} INFO - DAG(s) dict_keys(['data_ingestion_gcs_dag']) retrieved from /opt/airflow/dags/gcs_upload_dag.py
[2025-07-01 08:18:47,387] {logging_mixin.py:109} INFO - [2025-07-01 08:18:47,385] {dag.py:2396} INFO - Sync 1 DAGs
[2025-07-01 08:18:47,440] {processor.py:171} INFO - Processing /opt/airflow/dags/gcs_upload_dag.py took 1.646 seconds
[2025-07-01 08:19:17,759] {processor.py:163} INFO - Started process (PID=700) to work on /opt/airflow/dags/gcs_upload_dag.py
[2025-07-01 08:19:17,764] {processor.py:642} INFO - Processing file /opt/airflow/dags/gcs_upload_dag.py for tasks to queue
[2025-07-01 08:19:17,769] {logging_mixin.py:109} INFO - [2025-07-01 08:19:17,768] {dagbag.py:500} INFO - Filling up the DagBag from /opt/airflow/dags/gcs_upload_dag.py
[2025-07-01 08:19:20,216] {processor.py:654} INFO - DAG(s) dict_keys(['data_ingestion_gcs_dag']) retrieved from /opt/airflow/dags/gcs_upload_dag.py
[2025-07-01 08:19:20,246] {logging_mixin.py:109} INFO - [2025-07-01 08:19:20,244] {dag.py:2396} INFO - Sync 1 DAGs
[2025-07-01 08:19:20,302] {processor.py:171} INFO - Processing /opt/airflow/dags/gcs_upload_dag.py took 2.559 seconds
[2025-07-01 08:19:50,457] {processor.py:163} INFO - Started process (PID=733) to work on /opt/airflow/dags/gcs_upload_dag.py
[2025-07-01 08:19:50,461] {processor.py:642} INFO - Processing file /opt/airflow/dags/gcs_upload_dag.py for tasks to queue
[2025-07-01 08:19:50,464] {logging_mixin.py:109} INFO - [2025-07-01 08:19:50,464] {dagbag.py:500} INFO - Filling up the DagBag from /opt/airflow/dags/gcs_upload_dag.py
[2025-07-01 08:19:52,165] {processor.py:654} INFO - DAG(s) dict_keys(['data_ingestion_gcs_dag']) retrieved from /opt/airflow/dags/gcs_upload_dag.py
[2025-07-01 08:19:52,185] {logging_mixin.py:109} INFO - [2025-07-01 08:19:52,183] {dag.py:2396} INFO - Sync 1 DAGs
[2025-07-01 08:19:52,242] {processor.py:171} INFO - Processing /opt/airflow/dags/gcs_upload_dag.py took 1.795 seconds
[2025-07-01 08:20:22,505] {processor.py:163} INFO - Started process (PID=766) to work on /opt/airflow/dags/gcs_upload_dag.py
[2025-07-01 08:20:22,508] {processor.py:642} INFO - Processing file /opt/airflow/dags/gcs_upload_dag.py for tasks to queue
[2025-07-01 08:20:22,509] {logging_mixin.py:109} INFO - [2025-07-01 08:20:22,509] {dagbag.py:500} INFO - Filling up the DagBag from /opt/airflow/dags/gcs_upload_dag.py
[2025-07-01 08:20:24,218] {processor.py:654} INFO - DAG(s) dict_keys(['data_ingestion_gcs_dag']) retrieved from /opt/airflow/dags/gcs_upload_dag.py
[2025-07-01 08:20:24,267] {logging_mixin.py:109} INFO - [2025-07-01 08:20:24,264] {dag.py:2396} INFO - Sync 1 DAGs
[2025-07-01 08:20:24,336] {processor.py:171} INFO - Processing /opt/airflow/dags/gcs_upload_dag.py took 1.864 seconds
[2025-07-01 08:20:54,607] {processor.py:163} INFO - Started process (PID=799) to work on /opt/airflow/dags/gcs_upload_dag.py
[2025-07-01 08:20:54,615] {processor.py:642} INFO - Processing file /opt/airflow/dags/gcs_upload_dag.py for tasks to queue
[2025-07-01 08:20:54,619] {logging_mixin.py:109} INFO - [2025-07-01 08:20:54,618] {dagbag.py:500} INFO - Filling up the DagBag from /opt/airflow/dags/gcs_upload_dag.py
[2025-07-01 08:20:56,581] {processor.py:654} INFO - DAG(s) dict_keys(['data_ingestion_gcs_dag']) retrieved from /opt/airflow/dags/gcs_upload_dag.py
[2025-07-01 08:20:56,605] {logging_mixin.py:109} INFO - [2025-07-01 08:20:56,603] {dag.py:2396} INFO - Sync 1 DAGs
[2025-07-01 08:20:56,649] {processor.py:171} INFO - Processing /opt/airflow/dags/gcs_upload_dag.py took 2.061 seconds
[2025-07-01 08:21:26,958] {processor.py:163} INFO - Started process (PID=851) to work on /opt/airflow/dags/gcs_upload_dag.py
[2025-07-01 08:21:26,962] {processor.py:642} INFO - Processing file /opt/airflow/dags/gcs_upload_dag.py for tasks to queue
[2025-07-01 08:21:26,963] {logging_mixin.py:109} INFO - [2025-07-01 08:21:26,963] {dagbag.py:500} INFO - Filling up the DagBag from /opt/airflow/dags/gcs_upload_dag.py
[2025-07-01 08:21:29,099] {processor.py:654} INFO - DAG(s) dict_keys(['data_ingestion_gcs_dag']) retrieved from /opt/airflow/dags/gcs_upload_dag.py
[2025-07-01 08:21:29,123] {logging_mixin.py:109} INFO - [2025-07-01 08:21:29,121] {dag.py:2396} INFO - Sync 1 DAGs
[2025-07-01 08:21:29,176] {processor.py:171} INFO - Processing /opt/airflow/dags/gcs_upload_dag.py took 2.225 seconds
[2025-07-01 08:21:59,391] {processor.py:163} INFO - Started process (PID=885) to work on /opt/airflow/dags/gcs_upload_dag.py
[2025-07-01 08:21:59,395] {processor.py:642} INFO - Processing file /opt/airflow/dags/gcs_upload_dag.py for tasks to queue
[2025-07-01 08:21:59,397] {logging_mixin.py:109} INFO - [2025-07-01 08:21:59,396] {dagbag.py:500} INFO - Filling up the DagBag from /opt/airflow/dags/gcs_upload_dag.py
[2025-07-01 08:22:03,531] {processor.py:654} INFO - DAG(s) dict_keys(['data_ingestion_gcs_dag']) retrieved from /opt/airflow/dags/gcs_upload_dag.py
[2025-07-01 08:22:03,608] {logging_mixin.py:109} INFO - [2025-07-01 08:22:03,596] {dag.py:2396} INFO - Sync 1 DAGs
[2025-07-01 08:22:03,775] {processor.py:171} INFO - Processing /opt/airflow/dags/gcs_upload_dag.py took 4.399 seconds
[2025-07-01 08:22:34,076] {processor.py:163} INFO - Started process (PID=918) to work on /opt/airflow/dags/gcs_upload_dag.py
[2025-07-01 08:22:34,079] {processor.py:642} INFO - Processing file /opt/airflow/dags/gcs_upload_dag.py for tasks to queue
[2025-07-01 08:22:34,081] {logging_mixin.py:109} INFO - [2025-07-01 08:22:34,081] {dagbag.py:500} INFO - Filling up the DagBag from /opt/airflow/dags/gcs_upload_dag.py
[2025-07-01 08:22:35,863] {processor.py:654} INFO - DAG(s) dict_keys(['data_ingestion_gcs_dag']) retrieved from /opt/airflow/dags/gcs_upload_dag.py
[2025-07-01 08:22:35,892] {logging_mixin.py:109} INFO - [2025-07-01 08:22:35,889] {dag.py:2396} INFO - Sync 1 DAGs
[2025-07-01 08:22:35,966] {processor.py:171} INFO - Processing /opt/airflow/dags/gcs_upload_dag.py took 1.897 seconds
[2025-07-01 08:23:06,178] {processor.py:163} INFO - Started process (PID=951) to work on /opt/airflow/dags/gcs_upload_dag.py
[2025-07-01 08:23:06,183] {processor.py:642} INFO - Processing file /opt/airflow/dags/gcs_upload_dag.py for tasks to queue
[2025-07-01 08:23:06,186] {logging_mixin.py:109} INFO - [2025-07-01 08:23:06,185] {dagbag.py:500} INFO - Filling up the DagBag from /opt/airflow/dags/gcs_upload_dag.py
[2025-07-01 08:23:08,031] {processor.py:654} INFO - DAG(s) dict_keys(['data_ingestion_gcs_dag']) retrieved from /opt/airflow/dags/gcs_upload_dag.py
[2025-07-01 08:23:08,056] {logging_mixin.py:109} INFO - [2025-07-01 08:23:08,054] {dag.py:2396} INFO - Sync 1 DAGs
[2025-07-01 08:23:08,098] {processor.py:171} INFO - Processing /opt/airflow/dags/gcs_upload_dag.py took 1.930 seconds
[2025-07-01 08:23:38,193] {processor.py:163} INFO - Started process (PID=985) to work on /opt/airflow/dags/gcs_upload_dag.py
[2025-07-01 08:23:38,199] {processor.py:642} INFO - Processing file /opt/airflow/dags/gcs_upload_dag.py for tasks to queue
[2025-07-01 08:23:38,203] {logging_mixin.py:109} INFO - [2025-07-01 08:23:38,202] {dagbag.py:500} INFO - Filling up the DagBag from /opt/airflow/dags/gcs_upload_dag.py
[2025-07-01 08:23:40,363] {processor.py:654} INFO - DAG(s) dict_keys(['data_ingestion_gcs_dag']) retrieved from /opt/airflow/dags/gcs_upload_dag.py
[2025-07-01 08:23:40,390] {logging_mixin.py:109} INFO - [2025-07-01 08:23:40,388] {dag.py:2396} INFO - Sync 1 DAGs
[2025-07-01 08:23:40,468] {processor.py:171} INFO - Processing /opt/airflow/dags/gcs_upload_dag.py took 2.286 seconds
[2025-07-01 08:24:10,706] {processor.py:163} INFO - Started process (PID=1018) to work on /opt/airflow/dags/gcs_upload_dag.py
[2025-07-01 08:24:10,710] {processor.py:642} INFO - Processing file /opt/airflow/dags/gcs_upload_dag.py for tasks to queue
[2025-07-01 08:24:10,712] {logging_mixin.py:109} INFO - [2025-07-01 08:24:10,712] {dagbag.py:500} INFO - Filling up the DagBag from /opt/airflow/dags/gcs_upload_dag.py
[2025-07-01 08:24:14,347] {processor.py:654} INFO - DAG(s) dict_keys(['data_ingestion_gcs_dag']) retrieved from /opt/airflow/dags/gcs_upload_dag.py
[2025-07-01 08:24:14,376] {logging_mixin.py:109} INFO - [2025-07-01 08:24:14,372] {dag.py:2396} INFO - Sync 1 DAGs
[2025-07-01 08:24:14,463] {processor.py:171} INFO - Processing /opt/airflow/dags/gcs_upload_dag.py took 3.766 seconds
[2025-07-01 08:24:44,678] {processor.py:163} INFO - Started process (PID=1051) to work on /opt/airflow/dags/gcs_upload_dag.py
[2025-07-01 08:24:44,681] {processor.py:642} INFO - Processing file /opt/airflow/dags/gcs_upload_dag.py for tasks to queue
[2025-07-01 08:24:44,683] {logging_mixin.py:109} INFO - [2025-07-01 08:24:44,683] {dagbag.py:500} INFO - Filling up the DagBag from /opt/airflow/dags/gcs_upload_dag.py
[2025-07-01 08:24:46,194] {processor.py:654} INFO - DAG(s) dict_keys(['data_ingestion_gcs_dag']) retrieved from /opt/airflow/dags/gcs_upload_dag.py
[2025-07-01 08:24:46,213] {logging_mixin.py:109} INFO - [2025-07-01 08:24:46,212] {dag.py:2396} INFO - Sync 1 DAGs
[2025-07-01 08:24:46,270] {processor.py:171} INFO - Processing /opt/airflow/dags/gcs_upload_dag.py took 1.599 seconds
[2025-07-01 08:25:16,480] {processor.py:163} INFO - Started process (PID=1084) to work on /opt/airflow/dags/gcs_upload_dag.py
[2025-07-01 08:25:16,485] {processor.py:642} INFO - Processing file /opt/airflow/dags/gcs_upload_dag.py for tasks to queue
[2025-07-01 08:25:16,487] {logging_mixin.py:109} INFO - [2025-07-01 08:25:16,487] {dagbag.py:500} INFO - Filling up the DagBag from /opt/airflow/dags/gcs_upload_dag.py
[2025-07-01 08:25:18,017] {processor.py:654} INFO - DAG(s) dict_keys(['data_ingestion_gcs_dag']) retrieved from /opt/airflow/dags/gcs_upload_dag.py
[2025-07-01 08:25:18,051] {logging_mixin.py:109} INFO - [2025-07-01 08:25:18,048] {dag.py:2396} INFO - Sync 1 DAGs
[2025-07-01 08:25:18,111] {processor.py:171} INFO - Processing /opt/airflow/dags/gcs_upload_dag.py took 1.638 seconds
[2025-07-01 08:25:48,458] {processor.py:163} INFO - Started process (PID=1117) to work on /opt/airflow/dags/gcs_upload_dag.py
[2025-07-01 08:25:48,461] {processor.py:642} INFO - Processing file /opt/airflow/dags/gcs_upload_dag.py for tasks to queue
[2025-07-01 08:25:48,463] {logging_mixin.py:109} INFO - [2025-07-01 08:25:48,463] {dagbag.py:500} INFO - Filling up the DagBag from /opt/airflow/dags/gcs_upload_dag.py
[2025-07-01 08:25:49,940] {processor.py:654} INFO - DAG(s) dict_keys(['data_ingestion_gcs_dag']) retrieved from /opt/airflow/dags/gcs_upload_dag.py
[2025-07-01 08:25:49,964] {logging_mixin.py:109} INFO - [2025-07-01 08:25:49,962] {dag.py:2396} INFO - Sync 1 DAGs
[2025-07-01 08:25:50,011] {processor.py:171} INFO - Processing /opt/airflow/dags/gcs_upload_dag.py took 1.563 seconds
[2025-07-01 08:26:20,402] {processor.py:163} INFO - Started process (PID=1152) to work on /opt/airflow/dags/gcs_upload_dag.py
[2025-07-01 08:26:20,406] {processor.py:642} INFO - Processing file /opt/airflow/dags/gcs_upload_dag.py for tasks to queue
[2025-07-01 08:26:20,409] {logging_mixin.py:109} INFO - [2025-07-01 08:26:20,408] {dagbag.py:500} INFO - Filling up the DagBag from /opt/airflow/dags/gcs_upload_dag.py
[2025-07-01 08:26:23,206] {processor.py:654} INFO - DAG(s) dict_keys(['data_ingestion_gcs_dag']) retrieved from /opt/airflow/dags/gcs_upload_dag.py
[2025-07-01 08:26:23,248] {logging_mixin.py:109} INFO - [2025-07-01 08:26:23,244] {dag.py:2396} INFO - Sync 1 DAGs
[2025-07-01 08:26:23,349] {processor.py:171} INFO - Processing /opt/airflow/dags/gcs_upload_dag.py took 2.957 seconds
[2025-07-01 08:26:53,672] {processor.py:163} INFO - Started process (PID=1217) to work on /opt/airflow/dags/gcs_upload_dag.py
[2025-07-01 08:26:53,677] {processor.py:642} INFO - Processing file /opt/airflow/dags/gcs_upload_dag.py for tasks to queue
[2025-07-01 08:26:53,681] {logging_mixin.py:109} INFO - [2025-07-01 08:26:53,680] {dagbag.py:500} INFO - Filling up the DagBag from /opt/airflow/dags/gcs_upload_dag.py
[2025-07-01 08:26:57,911] {processor.py:654} INFO - DAG(s) dict_keys(['data_ingestion_gcs_dag']) retrieved from /opt/airflow/dags/gcs_upload_dag.py
[2025-07-01 08:26:57,974] {logging_mixin.py:109} INFO - [2025-07-01 08:26:57,971] {dag.py:2396} INFO - Sync 1 DAGs
[2025-07-01 08:26:58,109] {processor.py:171} INFO - Processing /opt/airflow/dags/gcs_upload_dag.py took 4.449 seconds
[2025-07-01 08:27:28,370] {processor.py:163} INFO - Started process (PID=1250) to work on /opt/airflow/dags/gcs_upload_dag.py
[2025-07-01 08:27:28,376] {processor.py:642} INFO - Processing file /opt/airflow/dags/gcs_upload_dag.py for tasks to queue
[2025-07-01 08:27:28,379] {logging_mixin.py:109} INFO - [2025-07-01 08:27:28,379] {dagbag.py:500} INFO - Filling up the DagBag from /opt/airflow/dags/gcs_upload_dag.py
[2025-07-01 08:27:32,110] {processor.py:654} INFO - DAG(s) dict_keys(['data_ingestion_gcs_dag']) retrieved from /opt/airflow/dags/gcs_upload_dag.py
[2025-07-01 08:27:32,153] {logging_mixin.py:109} INFO - [2025-07-01 08:27:32,148] {dag.py:2396} INFO - Sync 1 DAGs
[2025-07-01 08:27:32,244] {processor.py:171} INFO - Processing /opt/airflow/dags/gcs_upload_dag.py took 3.886 seconds
[2025-07-01 08:28:02,478] {processor.py:163} INFO - Started process (PID=1283) to work on /opt/airflow/dags/gcs_upload_dag.py
[2025-07-01 08:28:02,482] {processor.py:642} INFO - Processing file /opt/airflow/dags/gcs_upload_dag.py for tasks to queue
[2025-07-01 08:28:02,484] {logging_mixin.py:109} INFO - [2025-07-01 08:28:02,484] {dagbag.py:500} INFO - Filling up the DagBag from /opt/airflow/dags/gcs_upload_dag.py
[2025-07-01 08:28:04,124] {processor.py:654} INFO - DAG(s) dict_keys(['data_ingestion_gcs_dag']) retrieved from /opt/airflow/dags/gcs_upload_dag.py
[2025-07-01 08:28:04,145] {logging_mixin.py:109} INFO - [2025-07-01 08:28:04,143] {dag.py:2396} INFO - Sync 1 DAGs
[2025-07-01 08:28:04,189] {processor.py:171} INFO - Processing /opt/airflow/dags/gcs_upload_dag.py took 1.720 seconds
[2025-07-01 08:28:34,387] {processor.py:163} INFO - Started process (PID=1316) to work on /opt/airflow/dags/gcs_upload_dag.py
[2025-07-01 08:28:34,390] {processor.py:642} INFO - Processing file /opt/airflow/dags/gcs_upload_dag.py for tasks to queue
[2025-07-01 08:28:34,391] {logging_mixin.py:109} INFO - [2025-07-01 08:28:34,391] {dagbag.py:500} INFO - Filling up the DagBag from /opt/airflow/dags/gcs_upload_dag.py
[2025-07-01 08:28:36,037] {processor.py:654} INFO - DAG(s) dict_keys(['data_ingestion_gcs_dag']) retrieved from /opt/airflow/dags/gcs_upload_dag.py
[2025-07-01 08:28:36,061] {logging_mixin.py:109} INFO - [2025-07-01 08:28:36,059] {dag.py:2396} INFO - Sync 1 DAGs
[2025-07-01 08:28:36,111] {processor.py:171} INFO - Processing /opt/airflow/dags/gcs_upload_dag.py took 1.730 seconds
[2025-07-01 08:29:06,259] {processor.py:163} INFO - Started process (PID=1349) to work on /opt/airflow/dags/gcs_upload_dag.py
[2025-07-01 08:29:06,262] {processor.py:642} INFO - Processing file /opt/airflow/dags/gcs_upload_dag.py for tasks to queue
[2025-07-01 08:29:06,264] {logging_mixin.py:109} INFO - [2025-07-01 08:29:06,264] {dagbag.py:500} INFO - Filling up the DagBag from /opt/airflow/dags/gcs_upload_dag.py
[2025-07-01 08:29:08,358] {processor.py:654} INFO - DAG(s) dict_keys(['data_ingestion_gcs_dag']) retrieved from /opt/airflow/dags/gcs_upload_dag.py
[2025-07-01 08:29:08,395] {logging_mixin.py:109} INFO - [2025-07-01 08:29:08,391] {dag.py:2396} INFO - Sync 1 DAGs
[2025-07-01 08:29:08,466] {processor.py:171} INFO - Processing /opt/airflow/dags/gcs_upload_dag.py took 2.214 seconds
[2025-07-01 08:29:38,585] {processor.py:163} INFO - Started process (PID=1379) to work on /opt/airflow/dags/gcs_upload_dag.py
[2025-07-01 08:29:38,589] {processor.py:642} INFO - Processing file /opt/airflow/dags/gcs_upload_dag.py for tasks to queue
[2025-07-01 08:29:38,592] {logging_mixin.py:109} INFO - [2025-07-01 08:29:38,591] {dagbag.py:500} INFO - Filling up the DagBag from /opt/airflow/dags/gcs_upload_dag.py
[2025-07-01 08:29:40,478] {processor.py:654} INFO - DAG(s) dict_keys(['data_ingestion_gcs_dag']) retrieved from /opt/airflow/dags/gcs_upload_dag.py
[2025-07-01 08:29:40,502] {logging_mixin.py:109} INFO - [2025-07-01 08:29:40,499] {dag.py:2396} INFO - Sync 1 DAGs
[2025-07-01 08:29:40,588] {processor.py:171} INFO - Processing /opt/airflow/dags/gcs_upload_dag.py took 2.011 seconds
[2025-07-01 08:30:10,872] {processor.py:163} INFO - Started process (PID=1405) to work on /opt/airflow/dags/gcs_upload_dag.py
[2025-07-01 08:30:10,880] {processor.py:642} INFO - Processing file /opt/airflow/dags/gcs_upload_dag.py for tasks to queue
[2025-07-01 08:30:10,884] {logging_mixin.py:109} INFO - [2025-07-01 08:30:10,883] {dagbag.py:500} INFO - Filling up the DagBag from /opt/airflow/dags/gcs_upload_dag.py
[2025-07-01 08:30:13,169] {processor.py:654} INFO - DAG(s) dict_keys(['data_ingestion_gcs_dag']) retrieved from /opt/airflow/dags/gcs_upload_dag.py
[2025-07-01 08:30:13,202] {logging_mixin.py:109} INFO - [2025-07-01 08:30:13,199] {dag.py:2396} INFO - Sync 1 DAGs
[2025-07-01 08:30:13,271] {processor.py:171} INFO - Processing /opt/airflow/dags/gcs_upload_dag.py took 2.414 seconds
[2025-07-01 08:30:43,481] {processor.py:163} INFO - Started process (PID=1445) to work on /opt/airflow/dags/gcs_upload_dag.py
[2025-07-01 08:30:43,484] {processor.py:642} INFO - Processing file /opt/airflow/dags/gcs_upload_dag.py for tasks to queue
[2025-07-01 08:30:43,488] {logging_mixin.py:109} INFO - [2025-07-01 08:30:43,488] {dagbag.py:500} INFO - Filling up the DagBag from /opt/airflow/dags/gcs_upload_dag.py
[2025-07-01 08:30:46,169] {processor.py:654} INFO - DAG(s) dict_keys(['data_ingestion_gcs_dag']) retrieved from /opt/airflow/dags/gcs_upload_dag.py
[2025-07-01 08:30:46,211] {logging_mixin.py:109} INFO - [2025-07-01 08:30:46,208] {dag.py:2396} INFO - Sync 1 DAGs
[2025-07-01 08:30:46,297] {processor.py:171} INFO - Processing /opt/airflow/dags/gcs_upload_dag.py took 2.827 seconds
[2025-07-01 08:31:16,668] {processor.py:163} INFO - Started process (PID=1480) to work on /opt/airflow/dags/gcs_upload_dag.py
[2025-07-01 08:31:16,674] {processor.py:642} INFO - Processing file /opt/airflow/dags/gcs_upload_dag.py for tasks to queue
[2025-07-01 08:31:16,677] {logging_mixin.py:109} INFO - [2025-07-01 08:31:16,677] {dagbag.py:500} INFO - Filling up the DagBag from /opt/airflow/dags/gcs_upload_dag.py
[2025-07-01 08:31:18,702] {processor.py:654} INFO - DAG(s) dict_keys(['data_ingestion_gcs_dag']) retrieved from /opt/airflow/dags/gcs_upload_dag.py
[2025-07-01 08:31:18,726] {logging_mixin.py:109} INFO - [2025-07-01 08:31:18,723] {dag.py:2396} INFO - Sync 1 DAGs
[2025-07-01 08:31:18,783] {processor.py:171} INFO - Processing /opt/airflow/dags/gcs_upload_dag.py took 2.126 seconds
[2025-07-01 08:31:49,022] {processor.py:163} INFO - Started process (PID=1523) to work on /opt/airflow/dags/gcs_upload_dag.py
[2025-07-01 08:31:49,026] {processor.py:642} INFO - Processing file /opt/airflow/dags/gcs_upload_dag.py for tasks to queue
[2025-07-01 08:31:49,029] {logging_mixin.py:109} INFO - [2025-07-01 08:31:49,029] {dagbag.py:500} INFO - Filling up the DagBag from /opt/airflow/dags/gcs_upload_dag.py
[2025-07-01 08:31:51,274] {processor.py:654} INFO - DAG(s) dict_keys(['data_ingestion_gcs_dag']) retrieved from /opt/airflow/dags/gcs_upload_dag.py
[2025-07-01 08:31:51,308] {logging_mixin.py:109} INFO - [2025-07-01 08:31:51,305] {dag.py:2396} INFO - Sync 1 DAGs
[2025-07-01 08:31:51,372] {processor.py:171} INFO - Processing /opt/airflow/dags/gcs_upload_dag.py took 2.359 seconds
[2025-07-01 08:32:21,587] {processor.py:163} INFO - Started process (PID=1557) to work on /opt/airflow/dags/gcs_upload_dag.py
[2025-07-01 08:32:21,590] {processor.py:642} INFO - Processing file /opt/airflow/dags/gcs_upload_dag.py for tasks to queue
[2025-07-01 08:32:21,592] {logging_mixin.py:109} INFO - [2025-07-01 08:32:21,592] {dagbag.py:500} INFO - Filling up the DagBag from /opt/airflow/dags/gcs_upload_dag.py
[2025-07-01 08:32:23,938] {processor.py:654} INFO - DAG(s) dict_keys(['data_ingestion_gcs_dag']) retrieved from /opt/airflow/dags/gcs_upload_dag.py
[2025-07-01 08:32:23,971] {logging_mixin.py:109} INFO - [2025-07-01 08:32:23,966] {dag.py:2396} INFO - Sync 1 DAGs
[2025-07-01 08:32:24,061] {processor.py:171} INFO - Processing /opt/airflow/dags/gcs_upload_dag.py took 2.516 seconds
[2025-07-01 08:32:54,302] {processor.py:163} INFO - Started process (PID=1590) to work on /opt/airflow/dags/gcs_upload_dag.py
[2025-07-01 08:32:54,306] {processor.py:642} INFO - Processing file /opt/airflow/dags/gcs_upload_dag.py for tasks to queue
[2025-07-01 08:32:54,308] {logging_mixin.py:109} INFO - [2025-07-01 08:32:54,308] {dagbag.py:500} INFO - Filling up the DagBag from /opt/airflow/dags/gcs_upload_dag.py
[2025-07-01 08:32:56,886] {processor.py:654} INFO - DAG(s) dict_keys(['data_ingestion_gcs_dag']) retrieved from /opt/airflow/dags/gcs_upload_dag.py
[2025-07-01 08:32:56,924] {logging_mixin.py:109} INFO - [2025-07-01 08:32:56,921] {dag.py:2396} INFO - Sync 1 DAGs
[2025-07-01 08:32:57,026] {processor.py:171} INFO - Processing /opt/airflow/dags/gcs_upload_dag.py took 2.737 seconds
[2025-07-01 08:33:27,300] {processor.py:163} INFO - Started process (PID=1622) to work on /opt/airflow/dags/gcs_upload_dag.py
[2025-07-01 08:33:27,303] {processor.py:642} INFO - Processing file /opt/airflow/dags/gcs_upload_dag.py for tasks to queue
[2025-07-01 08:33:27,304] {logging_mixin.py:109} INFO - [2025-07-01 08:33:27,304] {dagbag.py:500} INFO - Filling up the DagBag from /opt/airflow/dags/gcs_upload_dag.py
[2025-07-01 08:33:29,058] {processor.py:654} INFO - DAG(s) dict_keys(['data_ingestion_gcs_dag']) retrieved from /opt/airflow/dags/gcs_upload_dag.py
[2025-07-01 08:33:29,084] {logging_mixin.py:109} INFO - [2025-07-01 08:33:29,081] {dag.py:2396} INFO - Sync 1 DAGs
[2025-07-01 08:33:29,137] {processor.py:171} INFO - Processing /opt/airflow/dags/gcs_upload_dag.py took 1.842 seconds
[2025-07-01 08:33:59,282] {processor.py:163} INFO - Started process (PID=1656) to work on /opt/airflow/dags/gcs_upload_dag.py
[2025-07-01 08:33:59,291] {processor.py:642} INFO - Processing file /opt/airflow/dags/gcs_upload_dag.py for tasks to queue
[2025-07-01 08:33:59,293] {logging_mixin.py:109} INFO - [2025-07-01 08:33:59,293] {dagbag.py:500} INFO - Filling up the DagBag from /opt/airflow/dags/gcs_upload_dag.py
[2025-07-01 08:34:02,006] {processor.py:654} INFO - DAG(s) dict_keys(['data_ingestion_gcs_dag']) retrieved from /opt/airflow/dags/gcs_upload_dag.py
[2025-07-01 08:34:02,030] {logging_mixin.py:109} INFO - [2025-07-01 08:34:02,028] {dag.py:2396} INFO - Sync 1 DAGs
[2025-07-01 08:34:02,077] {processor.py:171} INFO - Processing /opt/airflow/dags/gcs_upload_dag.py took 2.812 seconds
[2025-07-01 08:34:32,295] {processor.py:163} INFO - Started process (PID=1689) to work on /opt/airflow/dags/gcs_upload_dag.py
[2025-07-01 08:34:32,299] {processor.py:642} INFO - Processing file /opt/airflow/dags/gcs_upload_dag.py for tasks to queue
[2025-07-01 08:34:32,301] {logging_mixin.py:109} INFO - [2025-07-01 08:34:32,301] {dagbag.py:500} INFO - Filling up the DagBag from /opt/airflow/dags/gcs_upload_dag.py
[2025-07-01 08:34:33,738] {processor.py:654} INFO - DAG(s) dict_keys(['data_ingestion_gcs_dag']) retrieved from /opt/airflow/dags/gcs_upload_dag.py
[2025-07-01 08:34:33,766] {logging_mixin.py:109} INFO - [2025-07-01 08:34:33,763] {dag.py:2396} INFO - Sync 1 DAGs
[2025-07-01 08:34:33,816] {processor.py:171} INFO - Processing /opt/airflow/dags/gcs_upload_dag.py took 1.528 seconds
[2025-07-01 08:35:04,071] {processor.py:163} INFO - Started process (PID=1722) to work on /opt/airflow/dags/gcs_upload_dag.py
[2025-07-01 08:35:04,075] {processor.py:642} INFO - Processing file /opt/airflow/dags/gcs_upload_dag.py for tasks to queue
[2025-07-01 08:35:04,078] {logging_mixin.py:109} INFO - [2025-07-01 08:35:04,078] {dagbag.py:500} INFO - Filling up the DagBag from /opt/airflow/dags/gcs_upload_dag.py
[2025-07-01 08:35:06,767] {processor.py:654} INFO - DAG(s) dict_keys(['data_ingestion_gcs_dag']) retrieved from /opt/airflow/dags/gcs_upload_dag.py
[2025-07-01 08:35:06,797] {logging_mixin.py:109} INFO - [2025-07-01 08:35:06,794] {dag.py:2396} INFO - Sync 1 DAGs
[2025-07-01 08:35:06,862] {processor.py:171} INFO - Processing /opt/airflow/dags/gcs_upload_dag.py took 2.801 seconds
[2025-07-01 08:35:37,150] {processor.py:163} INFO - Started process (PID=1752) to work on /opt/airflow/dags/gcs_upload_dag.py
[2025-07-01 08:35:37,152] {processor.py:642} INFO - Processing file /opt/airflow/dags/gcs_upload_dag.py for tasks to queue
[2025-07-01 08:35:37,153] {logging_mixin.py:109} INFO - [2025-07-01 08:35:37,153] {dagbag.py:500} INFO - Filling up the DagBag from /opt/airflow/dags/gcs_upload_dag.py
[2025-07-01 08:35:38,868] {processor.py:654} INFO - DAG(s) dict_keys(['data_ingestion_gcs_dag']) retrieved from /opt/airflow/dags/gcs_upload_dag.py
[2025-07-01 08:35:38,892] {logging_mixin.py:109} INFO - [2025-07-01 08:35:38,889] {dag.py:2396} INFO - Sync 1 DAGs
[2025-07-01 08:35:38,945] {processor.py:171} INFO - Processing /opt/airflow/dags/gcs_upload_dag.py took 1.801 seconds
[2025-07-01 08:36:09,248] {processor.py:163} INFO - Started process (PID=1788) to work on /opt/airflow/dags/gcs_upload_dag.py
[2025-07-01 08:36:09,251] {processor.py:642} INFO - Processing file /opt/airflow/dags/gcs_upload_dag.py for tasks to queue
[2025-07-01 08:36:09,252] {logging_mixin.py:109} INFO - [2025-07-01 08:36:09,252] {dagbag.py:500} INFO - Filling up the DagBag from /opt/airflow/dags/gcs_upload_dag.py
[2025-07-01 08:36:11,305] {processor.py:654} INFO - DAG(s) dict_keys(['data_ingestion_gcs_dag']) retrieved from /opt/airflow/dags/gcs_upload_dag.py
[2025-07-01 08:36:11,331] {logging_mixin.py:109} INFO - [2025-07-01 08:36:11,329] {dag.py:2396} INFO - Sync 1 DAGs
[2025-07-01 08:36:11,381] {processor.py:171} INFO - Processing /opt/airflow/dags/gcs_upload_dag.py took 2.138 seconds
[2025-07-01 08:36:41,648] {processor.py:163} INFO - Started process (PID=1831) to work on /opt/airflow/dags/gcs_upload_dag.py
[2025-07-01 08:36:41,651] {processor.py:642} INFO - Processing file /opt/airflow/dags/gcs_upload_dag.py for tasks to queue
[2025-07-01 08:36:41,653] {logging_mixin.py:109} INFO - [2025-07-01 08:36:41,653] {dagbag.py:500} INFO - Filling up the DagBag from /opt/airflow/dags/gcs_upload_dag.py
[2025-07-01 08:36:44,399] {processor.py:654} INFO - DAG(s) dict_keys(['data_ingestion_gcs_dag']) retrieved from /opt/airflow/dags/gcs_upload_dag.py
[2025-07-01 08:36:44,429] {logging_mixin.py:109} INFO - [2025-07-01 08:36:44,426] {dag.py:2396} INFO - Sync 1 DAGs
[2025-07-01 08:36:44,485] {processor.py:171} INFO - Processing /opt/airflow/dags/gcs_upload_dag.py took 2.849 seconds
[2025-07-01 08:37:14,736] {processor.py:163} INFO - Started process (PID=1863) to work on /opt/airflow/dags/gcs_upload_dag.py
[2025-07-01 08:37:14,741] {processor.py:642} INFO - Processing file /opt/airflow/dags/gcs_upload_dag.py for tasks to queue
[2025-07-01 08:37:14,744] {logging_mixin.py:109} INFO - [2025-07-01 08:37:14,744] {dagbag.py:500} INFO - Filling up the DagBag from /opt/airflow/dags/gcs_upload_dag.py
[2025-07-01 08:37:17,356] {processor.py:654} INFO - DAG(s) dict_keys(['data_ingestion_gcs_dag']) retrieved from /opt/airflow/dags/gcs_upload_dag.py
[2025-07-01 08:37:17,404] {logging_mixin.py:109} INFO - [2025-07-01 08:37:17,399] {dag.py:2396} INFO - Sync 1 DAGs
[2025-07-01 08:37:17,471] {processor.py:171} INFO - Processing /opt/airflow/dags/gcs_upload_dag.py took 2.753 seconds
[2025-07-01 08:37:47,767] {processor.py:163} INFO - Started process (PID=1887) to work on /opt/airflow/dags/gcs_upload_dag.py
[2025-07-01 08:37:47,771] {processor.py:642} INFO - Processing file /opt/airflow/dags/gcs_upload_dag.py for tasks to queue
[2025-07-01 08:37:47,773] {logging_mixin.py:109} INFO - [2025-07-01 08:37:47,773] {dagbag.py:500} INFO - Filling up the DagBag from /opt/airflow/dags/gcs_upload_dag.py
[2025-07-01 08:37:49,996] {processor.py:654} INFO - DAG(s) dict_keys(['data_ingestion_gcs_dag']) retrieved from /opt/airflow/dags/gcs_upload_dag.py
[2025-07-01 08:37:50,038] {logging_mixin.py:109} INFO - [2025-07-01 08:37:50,034] {dag.py:2396} INFO - Sync 1 DAGs
[2025-07-01 08:37:50,128] {processor.py:171} INFO - Processing /opt/airflow/dags/gcs_upload_dag.py took 2.374 seconds
[2025-07-01 08:38:20,493] {processor.py:163} INFO - Started process (PID=1920) to work on /opt/airflow/dags/gcs_upload_dag.py
[2025-07-01 08:38:20,498] {processor.py:642} INFO - Processing file /opt/airflow/dags/gcs_upload_dag.py for tasks to queue
[2025-07-01 08:38:20,502] {logging_mixin.py:109} INFO - [2025-07-01 08:38:20,502] {dagbag.py:500} INFO - Filling up the DagBag from /opt/airflow/dags/gcs_upload_dag.py
[2025-07-01 08:38:22,832] {processor.py:654} INFO - DAG(s) dict_keys(['data_ingestion_gcs_dag']) retrieved from /opt/airflow/dags/gcs_upload_dag.py
[2025-07-01 08:38:22,858] {logging_mixin.py:109} INFO - [2025-07-01 08:38:22,856] {dag.py:2396} INFO - Sync 1 DAGs
[2025-07-01 08:38:22,914] {processor.py:171} INFO - Processing /opt/airflow/dags/gcs_upload_dag.py took 2.469 seconds
[2025-07-01 08:38:53,181] {processor.py:163} INFO - Started process (PID=1953) to work on /opt/airflow/dags/gcs_upload_dag.py
[2025-07-01 08:38:53,187] {processor.py:642} INFO - Processing file /opt/airflow/dags/gcs_upload_dag.py for tasks to queue
[2025-07-01 08:38:53,190] {logging_mixin.py:109} INFO - [2025-07-01 08:38:53,190] {dagbag.py:500} INFO - Filling up the DagBag from /opt/airflow/dags/gcs_upload_dag.py
[2025-07-01 08:38:54,847] {processor.py:654} INFO - DAG(s) dict_keys(['data_ingestion_gcs_dag']) retrieved from /opt/airflow/dags/gcs_upload_dag.py
[2025-07-01 08:38:54,872] {logging_mixin.py:109} INFO - [2025-07-01 08:38:54,870] {dag.py:2396} INFO - Sync 1 DAGs
[2025-07-01 08:38:54,917] {processor.py:171} INFO - Processing /opt/airflow/dags/gcs_upload_dag.py took 1.750 seconds
[2025-07-01 08:39:25,205] {processor.py:163} INFO - Started process (PID=1986) to work on /opt/airflow/dags/gcs_upload_dag.py
[2025-07-01 08:39:25,211] {processor.py:642} INFO - Processing file /opt/airflow/dags/gcs_upload_dag.py for tasks to queue
[2025-07-01 08:39:25,215] {logging_mixin.py:109} INFO - [2025-07-01 08:39:25,215] {dagbag.py:500} INFO - Filling up the DagBag from /opt/airflow/dags/gcs_upload_dag.py
[2025-07-01 08:39:28,376] {processor.py:654} INFO - DAG(s) dict_keys(['data_ingestion_gcs_dag']) retrieved from /opt/airflow/dags/gcs_upload_dag.py
[2025-07-01 08:39:28,436] {logging_mixin.py:109} INFO - [2025-07-01 08:39:28,432] {dag.py:2396} INFO - Sync 1 DAGs
[2025-07-01 08:39:28,562] {processor.py:171} INFO - Processing /opt/airflow/dags/gcs_upload_dag.py took 3.374 seconds
[2025-07-01 08:39:58,966] {processor.py:163} INFO - Started process (PID=2019) to work on /opt/airflow/dags/gcs_upload_dag.py
[2025-07-01 08:39:58,975] {processor.py:642} INFO - Processing file /opt/airflow/dags/gcs_upload_dag.py for tasks to queue
[2025-07-01 08:39:58,979] {logging_mixin.py:109} INFO - [2025-07-01 08:39:58,979] {dagbag.py:500} INFO - Filling up the DagBag from /opt/airflow/dags/gcs_upload_dag.py
[2025-07-01 08:40:01,707] {processor.py:654} INFO - DAG(s) dict_keys(['data_ingestion_gcs_dag']) retrieved from /opt/airflow/dags/gcs_upload_dag.py
[2025-07-01 08:40:01,763] {logging_mixin.py:109} INFO - [2025-07-01 08:40:01,758] {dag.py:2396} INFO - Sync 1 DAGs
[2025-07-01 08:40:01,885] {processor.py:171} INFO - Processing /opt/airflow/dags/gcs_upload_dag.py took 2.942 seconds
[2025-07-01 08:40:32,282] {processor.py:163} INFO - Started process (PID=2052) to work on /opt/airflow/dags/gcs_upload_dag.py
[2025-07-01 08:40:32,286] {processor.py:642} INFO - Processing file /opt/airflow/dags/gcs_upload_dag.py for tasks to queue
[2025-07-01 08:40:32,289] {logging_mixin.py:109} INFO - [2025-07-01 08:40:32,289] {dagbag.py:500} INFO - Filling up the DagBag from /opt/airflow/dags/gcs_upload_dag.py
[2025-07-01 08:40:34,719] {processor.py:654} INFO - DAG(s) dict_keys(['data_ingestion_gcs_dag']) retrieved from /opt/airflow/dags/gcs_upload_dag.py
[2025-07-01 08:40:34,746] {logging_mixin.py:109} INFO - [2025-07-01 08:40:34,744] {dag.py:2396} INFO - Sync 1 DAGs
[2025-07-01 08:40:34,797] {processor.py:171} INFO - Processing /opt/airflow/dags/gcs_upload_dag.py took 2.527 seconds
[2025-07-01 08:41:05,024] {processor.py:163} INFO - Started process (PID=2085) to work on /opt/airflow/dags/gcs_upload_dag.py
[2025-07-01 08:41:05,028] {processor.py:642} INFO - Processing file /opt/airflow/dags/gcs_upload_dag.py for tasks to queue
[2025-07-01 08:41:05,030] {logging_mixin.py:109} INFO - [2025-07-01 08:41:05,030] {dagbag.py:500} INFO - Filling up the DagBag from /opt/airflow/dags/gcs_upload_dag.py
[2025-07-01 08:41:07,006] {processor.py:654} INFO - DAG(s) dict_keys(['data_ingestion_gcs_dag']) retrieved from /opt/airflow/dags/gcs_upload_dag.py
[2025-07-01 08:41:07,025] {logging_mixin.py:109} INFO - [2025-07-01 08:41:07,023] {dag.py:2396} INFO - Sync 1 DAGs
[2025-07-01 08:41:07,071] {processor.py:171} INFO - Processing /opt/airflow/dags/gcs_upload_dag.py took 2.054 seconds
[2025-07-01 08:41:37,390] {processor.py:163} INFO - Started process (PID=2128) to work on /opt/airflow/dags/gcs_upload_dag.py
[2025-07-01 08:41:37,393] {processor.py:642} INFO - Processing file /opt/airflow/dags/gcs_upload_dag.py for tasks to queue
[2025-07-01 08:41:37,395] {logging_mixin.py:109} INFO - [2025-07-01 08:41:37,395] {dagbag.py:500} INFO - Filling up the DagBag from /opt/airflow/dags/gcs_upload_dag.py
[2025-07-01 08:41:38,953] {processor.py:654} INFO - DAG(s) dict_keys(['data_ingestion_gcs_dag']) retrieved from /opt/airflow/dags/gcs_upload_dag.py
[2025-07-01 08:41:39,009] {logging_mixin.py:109} INFO - [2025-07-01 08:41:39,004] {dag.py:2396} INFO - Sync 1 DAGs
[2025-07-01 08:41:39,067] {processor.py:171} INFO - Processing /opt/airflow/dags/gcs_upload_dag.py took 1.683 seconds
[2025-07-01 08:42:09,265] {processor.py:163} INFO - Started process (PID=2171) to work on /opt/airflow/dags/gcs_upload_dag.py
[2025-07-01 08:42:09,269] {processor.py:642} INFO - Processing file /opt/airflow/dags/gcs_upload_dag.py for tasks to queue
[2025-07-01 08:42:09,270] {logging_mixin.py:109} INFO - [2025-07-01 08:42:09,270] {dagbag.py:500} INFO - Filling up the DagBag from /opt/airflow/dags/gcs_upload_dag.py
[2025-07-01 08:42:10,631] {processor.py:654} INFO - DAG(s) dict_keys(['data_ingestion_gcs_dag']) retrieved from /opt/airflow/dags/gcs_upload_dag.py
[2025-07-01 08:42:10,651] {logging_mixin.py:109} INFO - [2025-07-01 08:42:10,649] {dag.py:2396} INFO - Sync 1 DAGs
[2025-07-01 08:42:10,692] {processor.py:171} INFO - Processing /opt/airflow/dags/gcs_upload_dag.py took 1.434 seconds
[2025-07-01 08:42:40,873] {processor.py:163} INFO - Started process (PID=2204) to work on /opt/airflow/dags/gcs_upload_dag.py
[2025-07-01 08:42:40,880] {processor.py:642} INFO - Processing file /opt/airflow/dags/gcs_upload_dag.py for tasks to queue
[2025-07-01 08:42:40,884] {logging_mixin.py:109} INFO - [2025-07-01 08:42:40,883] {dagbag.py:500} INFO - Filling up the DagBag from /opt/airflow/dags/gcs_upload_dag.py
[2025-07-01 08:42:42,546] {processor.py:654} INFO - DAG(s) dict_keys(['data_ingestion_gcs_dag']) retrieved from /opt/airflow/dags/gcs_upload_dag.py
[2025-07-01 08:42:42,574] {logging_mixin.py:109} INFO - [2025-07-01 08:42:42,571] {dag.py:2396} INFO - Sync 1 DAGs
[2025-07-01 08:42:42,624] {processor.py:171} INFO - Processing /opt/airflow/dags/gcs_upload_dag.py took 1.766 seconds
[2025-07-01 08:43:12,910] {processor.py:163} INFO - Started process (PID=2237) to work on /opt/airflow/dags/gcs_upload_dag.py
[2025-07-01 08:43:12,930] {processor.py:642} INFO - Processing file /opt/airflow/dags/gcs_upload_dag.py for tasks to queue
[2025-07-01 08:43:12,933] {logging_mixin.py:109} INFO - [2025-07-01 08:43:12,932] {dagbag.py:500} INFO - Filling up the DagBag from /opt/airflow/dags/gcs_upload_dag.py
[2025-07-01 08:43:15,466] {processor.py:654} INFO - DAG(s) dict_keys(['data_ingestion_gcs_dag']) retrieved from /opt/airflow/dags/gcs_upload_dag.py
[2025-07-01 08:43:15,570] {logging_mixin.py:109} INFO - [2025-07-01 08:43:15,557] {dag.py:2396} INFO - Sync 1 DAGs
[2025-07-01 08:43:15,711] {processor.py:171} INFO - Processing /opt/airflow/dags/gcs_upload_dag.py took 2.815 seconds
[2025-07-01 08:43:45,951] {processor.py:163} INFO - Started process (PID=2270) to work on /opt/airflow/dags/gcs_upload_dag.py
[2025-07-01 08:43:45,955] {processor.py:642} INFO - Processing file /opt/airflow/dags/gcs_upload_dag.py for tasks to queue
[2025-07-01 08:43:45,959] {logging_mixin.py:109} INFO - [2025-07-01 08:43:45,958] {dagbag.py:500} INFO - Filling up the DagBag from /opt/airflow/dags/gcs_upload_dag.py
[2025-07-01 08:43:48,591] {processor.py:654} INFO - DAG(s) dict_keys(['data_ingestion_gcs_dag']) retrieved from /opt/airflow/dags/gcs_upload_dag.py
[2025-07-01 08:43:48,649] {logging_mixin.py:109} INFO - [2025-07-01 08:43:48,645] {dag.py:2396} INFO - Sync 1 DAGs
[2025-07-01 08:43:48,746] {processor.py:171} INFO - Processing /opt/airflow/dags/gcs_upload_dag.py took 2.806 seconds
[2025-07-01 08:44:19,017] {processor.py:163} INFO - Started process (PID=2303) to work on /opt/airflow/dags/gcs_upload_dag.py
[2025-07-01 08:44:19,021] {processor.py:642} INFO - Processing file /opt/airflow/dags/gcs_upload_dag.py for tasks to queue
[2025-07-01 08:44:19,025] {logging_mixin.py:109} INFO - [2025-07-01 08:44:19,024] {dagbag.py:500} INFO - Filling up the DagBag from /opt/airflow/dags/gcs_upload_dag.py
[2025-07-01 08:44:21,035] {processor.py:654} INFO - DAG(s) dict_keys(['data_ingestion_gcs_dag']) retrieved from /opt/airflow/dags/gcs_upload_dag.py
[2025-07-01 08:44:21,067] {logging_mixin.py:109} INFO - [2025-07-01 08:44:21,064] {dag.py:2396} INFO - Sync 1 DAGs
[2025-07-01 08:44:21,123] {processor.py:171} INFO - Processing /opt/airflow/dags/gcs_upload_dag.py took 2.117 seconds
[2025-07-01 08:44:51,412] {processor.py:163} INFO - Started process (PID=2336) to work on /opt/airflow/dags/gcs_upload_dag.py
[2025-07-01 08:44:51,415] {processor.py:642} INFO - Processing file /opt/airflow/dags/gcs_upload_dag.py for tasks to queue
[2025-07-01 08:44:51,417] {logging_mixin.py:109} INFO - [2025-07-01 08:44:51,417] {dagbag.py:500} INFO - Filling up the DagBag from /opt/airflow/dags/gcs_upload_dag.py
[2025-07-01 08:44:53,423] {processor.py:654} INFO - DAG(s) dict_keys(['data_ingestion_gcs_dag']) retrieved from /opt/airflow/dags/gcs_upload_dag.py
[2025-07-01 08:44:53,451] {logging_mixin.py:109} INFO - [2025-07-01 08:44:53,449] {dag.py:2396} INFO - Sync 1 DAGs
[2025-07-01 08:44:53,515] {processor.py:171} INFO - Processing /opt/airflow/dags/gcs_upload_dag.py took 2.138 seconds
[2025-07-01 08:45:23,677] {processor.py:163} INFO - Started process (PID=2369) to work on /opt/airflow/dags/gcs_upload_dag.py
[2025-07-01 08:45:23,680] {processor.py:642} INFO - Processing file /opt/airflow/dags/gcs_upload_dag.py for tasks to queue
[2025-07-01 08:45:23,682] {logging_mixin.py:109} INFO - [2025-07-01 08:45:23,682] {dagbag.py:500} INFO - Filling up the DagBag from /opt/airflow/dags/gcs_upload_dag.py
[2025-07-01 08:45:25,935] {processor.py:654} INFO - DAG(s) dict_keys(['data_ingestion_gcs_dag']) retrieved from /opt/airflow/dags/gcs_upload_dag.py
[2025-07-01 08:45:25,966] {logging_mixin.py:109} INFO - [2025-07-01 08:45:25,962] {dag.py:2396} INFO - Sync 1 DAGs
[2025-07-01 08:45:26,036] {processor.py:171} INFO - Processing /opt/airflow/dags/gcs_upload_dag.py took 2.365 seconds
[2025-07-01 08:45:56,331] {processor.py:163} INFO - Started process (PID=2401) to work on /opt/airflow/dags/gcs_upload_dag.py
[2025-07-01 08:45:56,336] {processor.py:642} INFO - Processing file /opt/airflow/dags/gcs_upload_dag.py for tasks to queue
[2025-07-01 08:45:56,338] {logging_mixin.py:109} INFO - [2025-07-01 08:45:56,338] {dagbag.py:500} INFO - Filling up the DagBag from /opt/airflow/dags/gcs_upload_dag.py
[2025-07-01 08:45:57,951] {processor.py:654} INFO - DAG(s) dict_keys(['data_ingestion_gcs_dag']) retrieved from /opt/airflow/dags/gcs_upload_dag.py
[2025-07-01 08:45:57,977] {logging_mixin.py:109} INFO - [2025-07-01 08:45:57,975] {dag.py:2396} INFO - Sync 1 DAGs
[2025-07-01 08:45:58,028] {processor.py:171} INFO - Processing /opt/airflow/dags/gcs_upload_dag.py took 1.705 seconds
[2025-07-01 08:46:28,505] {processor.py:163} INFO - Started process (PID=2435) to work on /opt/airflow/dags/gcs_upload_dag.py
[2025-07-01 08:46:28,508] {processor.py:642} INFO - Processing file /opt/airflow/dags/gcs_upload_dag.py for tasks to queue
[2025-07-01 08:46:28,510] {logging_mixin.py:109} INFO - [2025-07-01 08:46:28,509] {dagbag.py:500} INFO - Filling up the DagBag from /opt/airflow/dags/gcs_upload_dag.py
[2025-07-01 08:46:31,042] {processor.py:654} INFO - DAG(s) dict_keys(['data_ingestion_gcs_dag']) retrieved from /opt/airflow/dags/gcs_upload_dag.py
[2025-07-01 08:46:31,094] {logging_mixin.py:109} INFO - [2025-07-01 08:46:31,089] {dag.py:2396} INFO - Sync 1 DAGs
[2025-07-01 08:46:31,198] {processor.py:171} INFO - Processing /opt/airflow/dags/gcs_upload_dag.py took 2.700 seconds
[2025-07-01 08:47:01,508] {processor.py:163} INFO - Started process (PID=2478) to work on /opt/airflow/dags/gcs_upload_dag.py
[2025-07-01 08:47:01,512] {processor.py:642} INFO - Processing file /opt/airflow/dags/gcs_upload_dag.py for tasks to queue
[2025-07-01 08:47:01,515] {logging_mixin.py:109} INFO - [2025-07-01 08:47:01,514] {dagbag.py:500} INFO - Filling up the DagBag from /opt/airflow/dags/gcs_upload_dag.py
[2025-07-01 08:47:04,246] {processor.py:654} INFO - DAG(s) dict_keys(['data_ingestion_gcs_dag']) retrieved from /opt/airflow/dags/gcs_upload_dag.py
[2025-07-01 08:47:04,273] {logging_mixin.py:109} INFO - [2025-07-01 08:47:04,270] {dag.py:2396} INFO - Sync 1 DAGs
[2025-07-01 08:47:04,331] {processor.py:171} INFO - Processing /opt/airflow/dags/gcs_upload_dag.py took 2.833 seconds
[2025-07-01 08:47:34,597] {processor.py:163} INFO - Started process (PID=2511) to work on /opt/airflow/dags/gcs_upload_dag.py
[2025-07-01 08:47:34,600] {processor.py:642} INFO - Processing file /opt/airflow/dags/gcs_upload_dag.py for tasks to queue
[2025-07-01 08:47:34,602] {logging_mixin.py:109} INFO - [2025-07-01 08:47:34,602] {dagbag.py:500} INFO - Filling up the DagBag from /opt/airflow/dags/gcs_upload_dag.py
[2025-07-01 08:47:36,187] {processor.py:654} INFO - DAG(s) dict_keys(['data_ingestion_gcs_dag']) retrieved from /opt/airflow/dags/gcs_upload_dag.py
[2025-07-01 08:47:36,214] {logging_mixin.py:109} INFO - [2025-07-01 08:47:36,212] {dag.py:2396} INFO - Sync 1 DAGs
[2025-07-01 08:47:36,266] {processor.py:171} INFO - Processing /opt/airflow/dags/gcs_upload_dag.py took 1.676 seconds
[2025-07-01 08:48:06,518] {processor.py:163} INFO - Started process (PID=2544) to work on /opt/airflow/dags/gcs_upload_dag.py
[2025-07-01 08:48:06,521] {processor.py:642} INFO - Processing file /opt/airflow/dags/gcs_upload_dag.py for tasks to queue
[2025-07-01 08:48:06,522] {logging_mixin.py:109} INFO - [2025-07-01 08:48:06,522] {dagbag.py:500} INFO - Filling up the DagBag from /opt/airflow/dags/gcs_upload_dag.py
[2025-07-01 08:48:08,779] {processor.py:654} INFO - DAG(s) dict_keys(['data_ingestion_gcs_dag']) retrieved from /opt/airflow/dags/gcs_upload_dag.py
[2025-07-01 08:48:08,811] {logging_mixin.py:109} INFO - [2025-07-01 08:48:08,807] {dag.py:2396} INFO - Sync 1 DAGs
[2025-07-01 08:48:08,898] {processor.py:171} INFO - Processing /opt/airflow/dags/gcs_upload_dag.py took 2.384 seconds
[2025-07-01 08:48:39,153] {processor.py:163} INFO - Started process (PID=2577) to work on /opt/airflow/dags/gcs_upload_dag.py
[2025-07-01 08:48:39,155] {processor.py:642} INFO - Processing file /opt/airflow/dags/gcs_upload_dag.py for tasks to queue
[2025-07-01 08:48:39,157] {logging_mixin.py:109} INFO - [2025-07-01 08:48:39,157] {dagbag.py:500} INFO - Filling up the DagBag from /opt/airflow/dags/gcs_upload_dag.py
[2025-07-01 08:48:40,673] {processor.py:654} INFO - DAG(s) dict_keys(['data_ingestion_gcs_dag']) retrieved from /opt/airflow/dags/gcs_upload_dag.py
[2025-07-01 08:48:40,694] {logging_mixin.py:109} INFO - [2025-07-01 08:48:40,692] {dag.py:2396} INFO - Sync 1 DAGs
[2025-07-01 08:48:40,745] {processor.py:171} INFO - Processing /opt/airflow/dags/gcs_upload_dag.py took 1.599 seconds
[2025-07-01 08:49:11,045] {processor.py:163} INFO - Started process (PID=2610) to work on /opt/airflow/dags/gcs_upload_dag.py
[2025-07-01 08:49:11,048] {processor.py:642} INFO - Processing file /opt/airflow/dags/gcs_upload_dag.py for tasks to queue
[2025-07-01 08:49:11,050] {logging_mixin.py:109} INFO - [2025-07-01 08:49:11,049] {dagbag.py:500} INFO - Filling up the DagBag from /opt/airflow/dags/gcs_upload_dag.py
[2025-07-01 08:49:12,465] {processor.py:654} INFO - DAG(s) dict_keys(['data_ingestion_gcs_dag']) retrieved from /opt/airflow/dags/gcs_upload_dag.py
[2025-07-01 08:49:12,487] {logging_mixin.py:109} INFO - [2025-07-01 08:49:12,485] {dag.py:2396} INFO - Sync 1 DAGs
[2025-07-01 08:49:12,536] {processor.py:171} INFO - Processing /opt/airflow/dags/gcs_upload_dag.py took 1.496 seconds
[2025-07-01 08:49:42,819] {processor.py:163} INFO - Started process (PID=2643) to work on /opt/airflow/dags/gcs_upload_dag.py
[2025-07-01 08:49:42,823] {processor.py:642} INFO - Processing file /opt/airflow/dags/gcs_upload_dag.py for tasks to queue
[2025-07-01 08:49:42,827] {logging_mixin.py:109} INFO - [2025-07-01 08:49:42,826] {dagbag.py:500} INFO - Filling up the DagBag from /opt/airflow/dags/gcs_upload_dag.py
[2025-07-01 08:49:44,544] {processor.py:654} INFO - DAG(s) dict_keys(['data_ingestion_gcs_dag']) retrieved from /opt/airflow/dags/gcs_upload_dag.py
[2025-07-01 08:49:44,616] {logging_mixin.py:109} INFO - [2025-07-01 08:49:44,607] {dag.py:2396} INFO - Sync 1 DAGs
[2025-07-01 08:49:44,717] {processor.py:171} INFO - Processing /opt/airflow/dags/gcs_upload_dag.py took 1.909 seconds
[2025-07-01 08:50:14,967] {processor.py:163} INFO - Started process (PID=2676) to work on /opt/airflow/dags/gcs_upload_dag.py
[2025-07-01 08:50:14,969] {processor.py:642} INFO - Processing file /opt/airflow/dags/gcs_upload_dag.py for tasks to queue
[2025-07-01 08:50:14,971] {logging_mixin.py:109} INFO - [2025-07-01 08:50:14,971] {dagbag.py:500} INFO - Filling up the DagBag from /opt/airflow/dags/gcs_upload_dag.py
[2025-07-01 08:50:16,463] {processor.py:654} INFO - DAG(s) dict_keys(['data_ingestion_gcs_dag']) retrieved from /opt/airflow/dags/gcs_upload_dag.py
[2025-07-01 08:50:16,490] {logging_mixin.py:109} INFO - [2025-07-01 08:50:16,488] {dag.py:2396} INFO - Sync 1 DAGs
[2025-07-01 08:50:16,540] {processor.py:171} INFO - Processing /opt/airflow/dags/gcs_upload_dag.py took 1.579 seconds
[2025-07-01 08:50:46,874] {processor.py:163} INFO - Started process (PID=2709) to work on /opt/airflow/dags/gcs_upload_dag.py
[2025-07-01 08:50:46,876] {processor.py:642} INFO - Processing file /opt/airflow/dags/gcs_upload_dag.py for tasks to queue
[2025-07-01 08:50:46,878] {logging_mixin.py:109} INFO - [2025-07-01 08:50:46,877] {dagbag.py:500} INFO - Filling up the DagBag from /opt/airflow/dags/gcs_upload_dag.py
[2025-07-01 08:50:48,225] {processor.py:654} INFO - DAG(s) dict_keys(['data_ingestion_gcs_dag']) retrieved from /opt/airflow/dags/gcs_upload_dag.py
[2025-07-01 08:50:48,252] {logging_mixin.py:109} INFO - [2025-07-01 08:50:48,249] {dag.py:2396} INFO - Sync 1 DAGs
[2025-07-01 08:50:48,289] {processor.py:171} INFO - Processing /opt/airflow/dags/gcs_upload_dag.py took 1.421 seconds
[2025-07-01 08:51:18,499] {processor.py:163} INFO - Started process (PID=2742) to work on /opt/airflow/dags/gcs_upload_dag.py
[2025-07-01 08:51:18,501] {processor.py:642} INFO - Processing file /opt/airflow/dags/gcs_upload_dag.py for tasks to queue
[2025-07-01 08:51:18,503] {logging_mixin.py:109} INFO - [2025-07-01 08:51:18,502] {dagbag.py:500} INFO - Filling up the DagBag from /opt/airflow/dags/gcs_upload_dag.py
[2025-07-01 08:51:19,933] {processor.py:654} INFO - DAG(s) dict_keys(['data_ingestion_gcs_dag']) retrieved from /opt/airflow/dags/gcs_upload_dag.py
[2025-07-01 08:51:19,956] {logging_mixin.py:109} INFO - [2025-07-01 08:51:19,954] {dag.py:2396} INFO - Sync 1 DAGs
[2025-07-01 08:51:19,997] {processor.py:171} INFO - Processing /opt/airflow/dags/gcs_upload_dag.py took 1.504 seconds
[2025-07-01 08:51:50,254] {processor.py:163} INFO - Started process (PID=2786) to work on /opt/airflow/dags/gcs_upload_dag.py
[2025-07-01 08:51:50,257] {processor.py:642} INFO - Processing file /opt/airflow/dags/gcs_upload_dag.py for tasks to queue
[2025-07-01 08:51:50,259] {logging_mixin.py:109} INFO - [2025-07-01 08:51:50,259] {dagbag.py:500} INFO - Filling up the DagBag from /opt/airflow/dags/gcs_upload_dag.py
[2025-07-01 08:51:52,252] {processor.py:654} INFO - DAG(s) dict_keys(['data_ingestion_gcs_dag']) retrieved from /opt/airflow/dags/gcs_upload_dag.py
[2025-07-01 08:51:52,277] {logging_mixin.py:109} INFO - [2025-07-01 08:51:52,275] {dag.py:2396} INFO - Sync 1 DAGs
[2025-07-01 08:51:52,335] {processor.py:171} INFO - Processing /opt/airflow/dags/gcs_upload_dag.py took 2.090 seconds
[2025-07-01 08:52:22,566] {processor.py:163} INFO - Started process (PID=2843) to work on /opt/airflow/dags/gcs_upload_dag.py
[2025-07-01 08:52:22,578] {processor.py:642} INFO - Processing file /opt/airflow/dags/gcs_upload_dag.py for tasks to queue
[2025-07-01 08:52:22,581] {logging_mixin.py:109} INFO - [2025-07-01 08:52:22,580] {dagbag.py:500} INFO - Filling up the DagBag from /opt/airflow/dags/gcs_upload_dag.py
[2025-07-01 08:52:25,476] {processor.py:654} INFO - DAG(s) dict_keys(['data_ingestion_gcs_dag']) retrieved from /opt/airflow/dags/gcs_upload_dag.py
[2025-07-01 08:52:25,512] {logging_mixin.py:109} INFO - [2025-07-01 08:52:25,508] {dag.py:2396} INFO - Sync 1 DAGs
[2025-07-01 08:52:25,584] {processor.py:171} INFO - Processing /opt/airflow/dags/gcs_upload_dag.py took 3.034 seconds
[2025-07-01 08:52:55,865] {processor.py:163} INFO - Started process (PID=2876) to work on /opt/airflow/dags/gcs_upload_dag.py
[2025-07-01 08:52:55,870] {processor.py:642} INFO - Processing file /opt/airflow/dags/gcs_upload_dag.py for tasks to queue
[2025-07-01 08:52:55,872] {logging_mixin.py:109} INFO - [2025-07-01 08:52:55,872] {dagbag.py:500} INFO - Filling up the DagBag from /opt/airflow/dags/gcs_upload_dag.py
[2025-07-01 08:52:58,253] {processor.py:654} INFO - DAG(s) dict_keys(['data_ingestion_gcs_dag']) retrieved from /opt/airflow/dags/gcs_upload_dag.py
[2025-07-01 08:52:58,310] {logging_mixin.py:109} INFO - [2025-07-01 08:52:58,306] {dag.py:2396} INFO - Sync 1 DAGs
[2025-07-01 08:52:58,433] {processor.py:171} INFO - Processing /opt/airflow/dags/gcs_upload_dag.py took 2.577 seconds
[2025-07-01 08:53:28,865] {processor.py:163} INFO - Started process (PID=2909) to work on /opt/airflow/dags/gcs_upload_dag.py
[2025-07-01 08:53:28,879] {processor.py:642} INFO - Processing file /opt/airflow/dags/gcs_upload_dag.py for tasks to queue
[2025-07-01 08:53:28,885] {logging_mixin.py:109} INFO - [2025-07-01 08:53:28,885] {dagbag.py:500} INFO - Filling up the DagBag from /opt/airflow/dags/gcs_upload_dag.py
[2025-07-01 08:53:31,595] {processor.py:654} INFO - DAG(s) dict_keys(['data_ingestion_gcs_dag']) retrieved from /opt/airflow/dags/gcs_upload_dag.py
[2025-07-01 08:53:31,622] {logging_mixin.py:109} INFO - [2025-07-01 08:53:31,620] {dag.py:2396} INFO - Sync 1 DAGs
[2025-07-01 08:53:31,674] {processor.py:171} INFO - Processing /opt/airflow/dags/gcs_upload_dag.py took 2.832 seconds
[2025-07-01 08:54:01,908] {processor.py:163} INFO - Started process (PID=2942) to work on /opt/airflow/dags/gcs_upload_dag.py
[2025-07-01 08:54:01,911] {processor.py:642} INFO - Processing file /opt/airflow/dags/gcs_upload_dag.py for tasks to queue
[2025-07-01 08:54:01,913] {logging_mixin.py:109} INFO - [2025-07-01 08:54:01,912] {dagbag.py:500} INFO - Filling up the DagBag from /opt/airflow/dags/gcs_upload_dag.py
[2025-07-01 08:54:04,010] {processor.py:654} INFO - DAG(s) dict_keys(['data_ingestion_gcs_dag']) retrieved from /opt/airflow/dags/gcs_upload_dag.py
[2025-07-01 08:54:04,039] {logging_mixin.py:109} INFO - [2025-07-01 08:54:04,037] {dag.py:2396} INFO - Sync 1 DAGs
[2025-07-01 08:54:04,106] {processor.py:171} INFO - Processing /opt/airflow/dags/gcs_upload_dag.py took 2.206 seconds
[2025-07-01 08:54:34,245] {processor.py:163} INFO - Started process (PID=2975) to work on /opt/airflow/dags/gcs_upload_dag.py
[2025-07-01 08:54:34,248] {processor.py:642} INFO - Processing file /opt/airflow/dags/gcs_upload_dag.py for tasks to queue
[2025-07-01 08:54:34,250] {logging_mixin.py:109} INFO - [2025-07-01 08:54:34,250] {dagbag.py:500} INFO - Filling up the DagBag from /opt/airflow/dags/gcs_upload_dag.py
[2025-07-01 08:54:35,813] {processor.py:654} INFO - DAG(s) dict_keys(['data_ingestion_gcs_dag']) retrieved from /opt/airflow/dags/gcs_upload_dag.py
[2025-07-01 08:54:35,832] {logging_mixin.py:109} INFO - [2025-07-01 08:54:35,830] {dag.py:2396} INFO - Sync 1 DAGs
[2025-07-01 08:54:35,878] {processor.py:171} INFO - Processing /opt/airflow/dags/gcs_upload_dag.py took 1.639 seconds
[2025-07-01 08:55:06,173] {processor.py:163} INFO - Started process (PID=3008) to work on /opt/airflow/dags/gcs_upload_dag.py
[2025-07-01 08:55:06,180] {processor.py:642} INFO - Processing file /opt/airflow/dags/gcs_upload_dag.py for tasks to queue
[2025-07-01 08:55:06,184] {logging_mixin.py:109} INFO - [2025-07-01 08:55:06,184] {dagbag.py:500} INFO - Filling up the DagBag from /opt/airflow/dags/gcs_upload_dag.py
[2025-07-01 08:55:08,453] {processor.py:654} INFO - DAG(s) dict_keys(['data_ingestion_gcs_dag']) retrieved from /opt/airflow/dags/gcs_upload_dag.py
[2025-07-01 08:55:08,497] {logging_mixin.py:109} INFO - [2025-07-01 08:55:08,493] {dag.py:2396} INFO - Sync 1 DAGs
[2025-07-01 08:55:08,590] {processor.py:171} INFO - Processing /opt/airflow/dags/gcs_upload_dag.py took 2.434 seconds
[2025-07-01 08:55:38,944] {processor.py:163} INFO - Started process (PID=3041) to work on /opt/airflow/dags/gcs_upload_dag.py
[2025-07-01 08:55:38,947] {processor.py:642} INFO - Processing file /opt/airflow/dags/gcs_upload_dag.py for tasks to queue
[2025-07-01 08:55:38,949] {logging_mixin.py:109} INFO - [2025-07-01 08:55:38,949] {dagbag.py:500} INFO - Filling up the DagBag from /opt/airflow/dags/gcs_upload_dag.py
[2025-07-01 08:55:40,743] {processor.py:654} INFO - DAG(s) dict_keys(['data_ingestion_gcs_dag']) retrieved from /opt/airflow/dags/gcs_upload_dag.py
[2025-07-01 08:55:40,780] {logging_mixin.py:109} INFO - [2025-07-01 08:55:40,777] {dag.py:2396} INFO - Sync 1 DAGs
[2025-07-01 08:55:40,846] {processor.py:171} INFO - Processing /opt/airflow/dags/gcs_upload_dag.py took 1.910 seconds
[2025-07-01 08:56:11,194] {processor.py:163} INFO - Started process (PID=3074) to work on /opt/airflow/dags/gcs_upload_dag.py
[2025-07-01 08:56:11,197] {processor.py:642} INFO - Processing file /opt/airflow/dags/gcs_upload_dag.py for tasks to queue
[2025-07-01 08:56:11,199] {logging_mixin.py:109} INFO - [2025-07-01 08:56:11,199] {dagbag.py:500} INFO - Filling up the DagBag from /opt/airflow/dags/gcs_upload_dag.py
[2025-07-01 08:56:13,287] {processor.py:654} INFO - DAG(s) dict_keys(['data_ingestion_gcs_dag']) retrieved from /opt/airflow/dags/gcs_upload_dag.py
[2025-07-01 08:56:13,312] {logging_mixin.py:109} INFO - [2025-07-01 08:56:13,309] {dag.py:2396} INFO - Sync 1 DAGs
[2025-07-01 08:56:13,371] {processor.py:171} INFO - Processing /opt/airflow/dags/gcs_upload_dag.py took 2.183 seconds
[2025-07-01 08:56:43,572] {processor.py:163} INFO - Started process (PID=3107) to work on /opt/airflow/dags/gcs_upload_dag.py
[2025-07-01 08:56:43,577] {processor.py:642} INFO - Processing file /opt/airflow/dags/gcs_upload_dag.py for tasks to queue
[2025-07-01 08:56:43,588] {logging_mixin.py:109} INFO - [2025-07-01 08:56:43,588] {dagbag.py:500} INFO - Filling up the DagBag from /opt/airflow/dags/gcs_upload_dag.py
[2025-07-01 08:56:47,105] {processor.py:654} INFO - DAG(s) dict_keys(['data_ingestion_gcs_dag']) retrieved from /opt/airflow/dags/gcs_upload_dag.py
[2025-07-01 08:56:47,152] {logging_mixin.py:109} INFO - [2025-07-01 08:56:47,149] {dag.py:2396} INFO - Sync 1 DAGs
[2025-07-01 08:56:47,233] {processor.py:171} INFO - Processing /opt/airflow/dags/gcs_upload_dag.py took 3.693 seconds
[2025-07-01 08:57:17,509] {processor.py:163} INFO - Started process (PID=3150) to work on /opt/airflow/dags/gcs_upload_dag.py
[2025-07-01 08:57:17,512] {processor.py:642} INFO - Processing file /opt/airflow/dags/gcs_upload_dag.py for tasks to queue
[2025-07-01 08:57:17,514] {logging_mixin.py:109} INFO - [2025-07-01 08:57:17,514] {dagbag.py:500} INFO - Filling up the DagBag from /opt/airflow/dags/gcs_upload_dag.py
[2025-07-01 08:57:19,060] {processor.py:654} INFO - DAG(s) dict_keys(['data_ingestion_gcs_dag']) retrieved from /opt/airflow/dags/gcs_upload_dag.py
[2025-07-01 08:57:19,082] {logging_mixin.py:109} INFO - [2025-07-01 08:57:19,080] {dag.py:2396} INFO - Sync 1 DAGs
[2025-07-01 08:57:19,133] {processor.py:171} INFO - Processing /opt/airflow/dags/gcs_upload_dag.py took 1.632 seconds
[2025-07-01 08:57:49,388] {processor.py:163} INFO - Started process (PID=3183) to work on /opt/airflow/dags/gcs_upload_dag.py
[2025-07-01 08:57:49,392] {processor.py:642} INFO - Processing file /opt/airflow/dags/gcs_upload_dag.py for tasks to queue
[2025-07-01 08:57:49,396] {logging_mixin.py:109} INFO - [2025-07-01 08:57:49,396] {dagbag.py:500} INFO - Filling up the DagBag from /opt/airflow/dags/gcs_upload_dag.py
[2025-07-01 08:57:51,263] {processor.py:654} INFO - DAG(s) dict_keys(['data_ingestion_gcs_dag']) retrieved from /opt/airflow/dags/gcs_upload_dag.py
[2025-07-01 08:57:51,298] {logging_mixin.py:109} INFO - [2025-07-01 08:57:51,296] {dag.py:2396} INFO - Sync 1 DAGs
[2025-07-01 08:57:51,360] {processor.py:171} INFO - Processing /opt/airflow/dags/gcs_upload_dag.py took 1.981 seconds
[2025-07-01 08:58:21,686] {processor.py:163} INFO - Started process (PID=3217) to work on /opt/airflow/dags/gcs_upload_dag.py
[2025-07-01 08:58:21,691] {processor.py:642} INFO - Processing file /opt/airflow/dags/gcs_upload_dag.py for tasks to queue
[2025-07-01 08:58:21,694] {logging_mixin.py:109} INFO - [2025-07-01 08:58:21,693] {dagbag.py:500} INFO - Filling up the DagBag from /opt/airflow/dags/gcs_upload_dag.py
[2025-07-01 08:58:24,238] {processor.py:654} INFO - DAG(s) dict_keys(['data_ingestion_gcs_dag']) retrieved from /opt/airflow/dags/gcs_upload_dag.py
[2025-07-01 08:58:24,270] {logging_mixin.py:109} INFO - [2025-07-01 08:58:24,268] {dag.py:2396} INFO - Sync 1 DAGs
[2025-07-01 08:58:24,332] {processor.py:171} INFO - Processing /opt/airflow/dags/gcs_upload_dag.py took 2.657 seconds
[2025-07-01 08:58:54,664] {processor.py:163} INFO - Started process (PID=3250) to work on /opt/airflow/dags/gcs_upload_dag.py
[2025-07-01 08:58:54,668] {processor.py:642} INFO - Processing file /opt/airflow/dags/gcs_upload_dag.py for tasks to queue
[2025-07-01 08:58:54,671] {logging_mixin.py:109} INFO - [2025-07-01 08:58:54,670] {dagbag.py:500} INFO - Filling up the DagBag from /opt/airflow/dags/gcs_upload_dag.py
[2025-07-01 08:58:56,897] {processor.py:654} INFO - DAG(s) dict_keys(['data_ingestion_gcs_dag']) retrieved from /opt/airflow/dags/gcs_upload_dag.py
[2025-07-01 08:58:56,938] {logging_mixin.py:109} INFO - [2025-07-01 08:58:56,935] {dag.py:2396} INFO - Sync 1 DAGs
[2025-07-01 08:58:57,032] {processor.py:171} INFO - Processing /opt/airflow/dags/gcs_upload_dag.py took 2.380 seconds
[2025-07-01 08:59:27,438] {processor.py:163} INFO - Started process (PID=3273) to work on /opt/airflow/dags/gcs_upload_dag.py
[2025-07-01 08:59:27,442] {processor.py:642} INFO - Processing file /opt/airflow/dags/gcs_upload_dag.py for tasks to queue
[2025-07-01 08:59:27,444] {logging_mixin.py:109} INFO - [2025-07-01 08:59:27,444] {dagbag.py:500} INFO - Filling up the DagBag from /opt/airflow/dags/gcs_upload_dag.py
[2025-07-01 08:59:29,353] {processor.py:654} INFO - DAG(s) dict_keys(['data_ingestion_gcs_dag']) retrieved from /opt/airflow/dags/gcs_upload_dag.py
[2025-07-01 08:59:29,383] {logging_mixin.py:109} INFO - [2025-07-01 08:59:29,380] {dag.py:2396} INFO - Sync 1 DAGs
[2025-07-01 08:59:29,437] {processor.py:171} INFO - Processing /opt/airflow/dags/gcs_upload_dag.py took 2.010 seconds
[2025-07-01 08:59:59,700] {processor.py:163} INFO - Started process (PID=3306) to work on /opt/airflow/dags/gcs_upload_dag.py
[2025-07-01 08:59:59,704] {processor.py:642} INFO - Processing file /opt/airflow/dags/gcs_upload_dag.py for tasks to queue
[2025-07-01 08:59:59,706] {logging_mixin.py:109} INFO - [2025-07-01 08:59:59,706] {dagbag.py:500} INFO - Filling up the DagBag from /opt/airflow/dags/gcs_upload_dag.py
[2025-07-01 09:00:02,198] {processor.py:654} INFO - DAG(s) dict_keys(['data_ingestion_gcs_dag']) retrieved from /opt/airflow/dags/gcs_upload_dag.py
[2025-07-01 09:00:02,229] {logging_mixin.py:109} INFO - [2025-07-01 09:00:02,227] {dag.py:2396} INFO - Sync 1 DAGs
[2025-07-01 09:00:02,297] {processor.py:171} INFO - Processing /opt/airflow/dags/gcs_upload_dag.py took 2.608 seconds
[2025-07-01 09:00:32,609] {processor.py:163} INFO - Started process (PID=3339) to work on /opt/airflow/dags/gcs_upload_dag.py
[2025-07-01 09:00:32,616] {processor.py:642} INFO - Processing file /opt/airflow/dags/gcs_upload_dag.py for tasks to queue
[2025-07-01 09:00:32,620] {logging_mixin.py:109} INFO - [2025-07-01 09:00:32,619] {dagbag.py:500} INFO - Filling up the DagBag from /opt/airflow/dags/gcs_upload_dag.py
[2025-07-01 09:00:34,781] {processor.py:654} INFO - DAG(s) dict_keys(['data_ingestion_gcs_dag']) retrieved from /opt/airflow/dags/gcs_upload_dag.py
[2025-07-01 09:00:34,805] {logging_mixin.py:109} INFO - [2025-07-01 09:00:34,803] {dag.py:2396} INFO - Sync 1 DAGs
[2025-07-01 09:00:34,857] {processor.py:171} INFO - Processing /opt/airflow/dags/gcs_upload_dag.py took 2.264 seconds
[2025-07-01 09:01:05,104] {processor.py:163} INFO - Started process (PID=3372) to work on /opt/airflow/dags/gcs_upload_dag.py
[2025-07-01 09:01:05,107] {processor.py:642} INFO - Processing file /opt/airflow/dags/gcs_upload_dag.py for tasks to queue
[2025-07-01 09:01:05,109] {logging_mixin.py:109} INFO - [2025-07-01 09:01:05,109] {dagbag.py:500} INFO - Filling up the DagBag from /opt/airflow/dags/gcs_upload_dag.py
[2025-07-01 09:01:06,581] {processor.py:654} INFO - DAG(s) dict_keys(['data_ingestion_gcs_dag']) retrieved from /opt/airflow/dags/gcs_upload_dag.py
[2025-07-01 09:01:06,609] {logging_mixin.py:109} INFO - [2025-07-01 09:01:06,607] {dag.py:2396} INFO - Sync 1 DAGs
[2025-07-01 09:01:06,662] {processor.py:171} INFO - Processing /opt/airflow/dags/gcs_upload_dag.py took 1.565 seconds
[2025-07-01 09:01:37,100] {processor.py:163} INFO - Started process (PID=3405) to work on /opt/airflow/dags/gcs_upload_dag.py
[2025-07-01 09:01:37,105] {processor.py:642} INFO - Processing file /opt/airflow/dags/gcs_upload_dag.py for tasks to queue
[2025-07-01 09:01:37,108] {logging_mixin.py:109} INFO - [2025-07-01 09:01:37,107] {dagbag.py:500} INFO - Filling up the DagBag from /opt/airflow/dags/gcs_upload_dag.py
[2025-07-01 09:01:38,828] {processor.py:654} INFO - DAG(s) dict_keys(['data_ingestion_gcs_dag']) retrieved from /opt/airflow/dags/gcs_upload_dag.py
[2025-07-01 09:01:38,857] {logging_mixin.py:109} INFO - [2025-07-01 09:01:38,855] {dag.py:2396} INFO - Sync 1 DAGs
[2025-07-01 09:01:38,919] {processor.py:171} INFO - Processing /opt/airflow/dags/gcs_upload_dag.py took 1.829 seconds
[2025-07-01 09:02:09,193] {processor.py:163} INFO - Started process (PID=3448) to work on /opt/airflow/dags/gcs_upload_dag.py
[2025-07-01 09:02:09,196] {processor.py:642} INFO - Processing file /opt/airflow/dags/gcs_upload_dag.py for tasks to queue
[2025-07-01 09:02:09,199] {logging_mixin.py:109} INFO - [2025-07-01 09:02:09,198] {dagbag.py:500} INFO - Filling up the DagBag from /opt/airflow/dags/gcs_upload_dag.py
[2025-07-01 09:02:10,911] {processor.py:654} INFO - DAG(s) dict_keys(['data_ingestion_gcs_dag']) retrieved from /opt/airflow/dags/gcs_upload_dag.py
[2025-07-01 09:02:10,936] {logging_mixin.py:109} INFO - [2025-07-01 09:02:10,934] {dag.py:2396} INFO - Sync 1 DAGs
[2025-07-01 09:02:10,989] {processor.py:171} INFO - Processing /opt/airflow/dags/gcs_upload_dag.py took 1.806 seconds
[2025-07-01 09:02:41,238] {processor.py:163} INFO - Started process (PID=3482) to work on /opt/airflow/dags/gcs_upload_dag.py
[2025-07-01 09:02:41,241] {processor.py:642} INFO - Processing file /opt/airflow/dags/gcs_upload_dag.py for tasks to queue
[2025-07-01 09:02:41,244] {logging_mixin.py:109} INFO - [2025-07-01 09:02:41,244] {dagbag.py:500} INFO - Filling up the DagBag from /opt/airflow/dags/gcs_upload_dag.py
[2025-07-01 09:02:43,294] {processor.py:654} INFO - DAG(s) dict_keys(['data_ingestion_gcs_dag']) retrieved from /opt/airflow/dags/gcs_upload_dag.py
[2025-07-01 09:02:43,323] {logging_mixin.py:109} INFO - [2025-07-01 09:02:43,321] {dag.py:2396} INFO - Sync 1 DAGs
[2025-07-01 09:02:43,383] {processor.py:171} INFO - Processing /opt/airflow/dags/gcs_upload_dag.py took 2.154 seconds
[2025-07-01 09:03:13,697] {processor.py:163} INFO - Started process (PID=3515) to work on /opt/airflow/dags/gcs_upload_dag.py
[2025-07-01 09:03:13,713] {processor.py:642} INFO - Processing file /opt/airflow/dags/gcs_upload_dag.py for tasks to queue
[2025-07-01 09:03:13,715] {logging_mixin.py:109} INFO - [2025-07-01 09:03:13,715] {dagbag.py:500} INFO - Filling up the DagBag from /opt/airflow/dags/gcs_upload_dag.py
[2025-07-01 09:03:15,793] {processor.py:654} INFO - DAG(s) dict_keys(['data_ingestion_gcs_dag']) retrieved from /opt/airflow/dags/gcs_upload_dag.py
[2025-07-01 09:03:15,813] {logging_mixin.py:109} INFO - [2025-07-01 09:03:15,812] {dag.py:2396} INFO - Sync 1 DAGs
[2025-07-01 09:03:15,867] {processor.py:171} INFO - Processing /opt/airflow/dags/gcs_upload_dag.py took 2.187 seconds
[2025-07-01 09:03:46,112] {processor.py:163} INFO - Started process (PID=3548) to work on /opt/airflow/dags/gcs_upload_dag.py
[2025-07-01 09:03:46,116] {processor.py:642} INFO - Processing file /opt/airflow/dags/gcs_upload_dag.py for tasks to queue
[2025-07-01 09:03:46,119] {logging_mixin.py:109} INFO - [2025-07-01 09:03:46,119] {dagbag.py:500} INFO - Filling up the DagBag from /opt/airflow/dags/gcs_upload_dag.py
[2025-07-01 09:03:48,184] {processor.py:654} INFO - DAG(s) dict_keys(['data_ingestion_gcs_dag']) retrieved from /opt/airflow/dags/gcs_upload_dag.py
[2025-07-01 09:03:48,211] {logging_mixin.py:109} INFO - [2025-07-01 09:03:48,209] {dag.py:2396} INFO - Sync 1 DAGs
[2025-07-01 09:03:48,265] {processor.py:171} INFO - Processing /opt/airflow/dags/gcs_upload_dag.py took 2.167 seconds
[2025-07-01 09:04:18,504] {processor.py:163} INFO - Started process (PID=3581) to work on /opt/airflow/dags/gcs_upload_dag.py
[2025-07-01 09:04:18,509] {processor.py:642} INFO - Processing file /opt/airflow/dags/gcs_upload_dag.py for tasks to queue
[2025-07-01 09:04:18,511] {logging_mixin.py:109} INFO - [2025-07-01 09:04:18,511] {dagbag.py:500} INFO - Filling up the DagBag from /opt/airflow/dags/gcs_upload_dag.py
[2025-07-01 09:04:21,031] {processor.py:654} INFO - DAG(s) dict_keys(['data_ingestion_gcs_dag']) retrieved from /opt/airflow/dags/gcs_upload_dag.py
[2025-07-01 09:04:21,063] {logging_mixin.py:109} INFO - [2025-07-01 09:04:21,061] {dag.py:2396} INFO - Sync 1 DAGs
[2025-07-01 09:04:21,126] {processor.py:171} INFO - Processing /opt/airflow/dags/gcs_upload_dag.py took 2.630 seconds
[2025-07-01 09:04:51,380] {processor.py:163} INFO - Started process (PID=3614) to work on /opt/airflow/dags/gcs_upload_dag.py
[2025-07-01 09:04:51,383] {processor.py:642} INFO - Processing file /opt/airflow/dags/gcs_upload_dag.py for tasks to queue
[2025-07-01 09:04:51,386] {logging_mixin.py:109} INFO - [2025-07-01 09:04:51,386] {dagbag.py:500} INFO - Filling up the DagBag from /opt/airflow/dags/gcs_upload_dag.py
[2025-07-01 09:04:53,589] {processor.py:654} INFO - DAG(s) dict_keys(['data_ingestion_gcs_dag']) retrieved from /opt/airflow/dags/gcs_upload_dag.py
[2025-07-01 09:04:53,632] {logging_mixin.py:109} INFO - [2025-07-01 09:04:53,628] {dag.py:2396} INFO - Sync 1 DAGs
[2025-07-01 09:04:53,743] {processor.py:171} INFO - Processing /opt/airflow/dags/gcs_upload_dag.py took 2.370 seconds
[2025-07-01 09:05:24,073] {processor.py:163} INFO - Started process (PID=3647) to work on /opt/airflow/dags/gcs_upload_dag.py
[2025-07-01 09:05:24,076] {processor.py:642} INFO - Processing file /opt/airflow/dags/gcs_upload_dag.py for tasks to queue
[2025-07-01 09:05:24,078] {logging_mixin.py:109} INFO - [2025-07-01 09:05:24,077] {dagbag.py:500} INFO - Filling up the DagBag from /opt/airflow/dags/gcs_upload_dag.py
[2025-07-01 09:05:25,997] {processor.py:654} INFO - DAG(s) dict_keys(['data_ingestion_gcs_dag']) retrieved from /opt/airflow/dags/gcs_upload_dag.py
[2025-07-01 09:05:26,021] {logging_mixin.py:109} INFO - [2025-07-01 09:05:26,019] {dag.py:2396} INFO - Sync 1 DAGs
[2025-07-01 09:05:26,089] {processor.py:171} INFO - Processing /opt/airflow/dags/gcs_upload_dag.py took 2.024 seconds
[2025-07-01 09:05:56,432] {processor.py:163} INFO - Started process (PID=3679) to work on /opt/airflow/dags/gcs_upload_dag.py
[2025-07-01 09:05:56,436] {processor.py:642} INFO - Processing file /opt/airflow/dags/gcs_upload_dag.py for tasks to queue
[2025-07-01 09:05:56,440] {logging_mixin.py:109} INFO - [2025-07-01 09:05:56,439] {dagbag.py:500} INFO - Filling up the DagBag from /opt/airflow/dags/gcs_upload_dag.py
[2025-07-01 09:05:58,443] {processor.py:654} INFO - DAG(s) dict_keys(['data_ingestion_gcs_dag']) retrieved from /opt/airflow/dags/gcs_upload_dag.py
[2025-07-01 09:05:58,479] {logging_mixin.py:109} INFO - [2025-07-01 09:05:58,476] {dag.py:2396} INFO - Sync 1 DAGs
[2025-07-01 09:05:58,547] {processor.py:171} INFO - Processing /opt/airflow/dags/gcs_upload_dag.py took 2.126 seconds
[2025-07-01 09:06:28,949] {processor.py:163} INFO - Started process (PID=3712) to work on /opt/airflow/dags/gcs_upload_dag.py
[2025-07-01 09:06:28,954] {processor.py:642} INFO - Processing file /opt/airflow/dags/gcs_upload_dag.py for tasks to queue
[2025-07-01 09:06:28,956] {logging_mixin.py:109} INFO - [2025-07-01 09:06:28,956] {dagbag.py:500} INFO - Filling up the DagBag from /opt/airflow/dags/gcs_upload_dag.py
[2025-07-01 09:06:31,801] {processor.py:654} INFO - DAG(s) dict_keys(['data_ingestion_gcs_dag']) retrieved from /opt/airflow/dags/gcs_upload_dag.py
[2025-07-01 09:06:31,839] {logging_mixin.py:109} INFO - [2025-07-01 09:06:31,836] {dag.py:2396} INFO - Sync 1 DAGs
[2025-07-01 09:06:31,936] {processor.py:171} INFO - Processing /opt/airflow/dags/gcs_upload_dag.py took 2.995 seconds
[2025-07-01 09:07:02,276] {processor.py:163} INFO - Started process (PID=3743) to work on /opt/airflow/dags/gcs_upload_dag.py
[2025-07-01 09:07:02,280] {processor.py:642} INFO - Processing file /opt/airflow/dags/gcs_upload_dag.py for tasks to queue
[2025-07-01 09:07:02,284] {logging_mixin.py:109} INFO - [2025-07-01 09:07:02,284] {dagbag.py:500} INFO - Filling up the DagBag from /opt/airflow/dags/gcs_upload_dag.py
[2025-07-01 09:07:04,252] {processor.py:654} INFO - DAG(s) dict_keys(['data_ingestion_gcs_dag']) retrieved from /opt/airflow/dags/gcs_upload_dag.py
[2025-07-01 09:07:04,302] {logging_mixin.py:109} INFO - [2025-07-01 09:07:04,297] {dag.py:2396} INFO - Sync 1 DAGs
[2025-07-01 09:07:04,406] {processor.py:171} INFO - Processing /opt/airflow/dags/gcs_upload_dag.py took 2.139 seconds
[2025-07-01 09:07:34,588] {processor.py:163} INFO - Started process (PID=3779) to work on /opt/airflow/dags/gcs_upload_dag.py
[2025-07-01 09:07:34,594] {processor.py:642} INFO - Processing file /opt/airflow/dags/gcs_upload_dag.py for tasks to queue
[2025-07-01 09:07:34,598] {logging_mixin.py:109} INFO - [2025-07-01 09:07:34,597] {dagbag.py:500} INFO - Filling up the DagBag from /opt/airflow/dags/gcs_upload_dag.py
[2025-07-01 09:07:37,061] {processor.py:654} INFO - DAG(s) dict_keys(['data_ingestion_gcs_dag']) retrieved from /opt/airflow/dags/gcs_upload_dag.py
[2025-07-01 09:07:37,094] {logging_mixin.py:109} INFO - [2025-07-01 09:07:37,090] {dag.py:2396} INFO - Sync 1 DAGs
[2025-07-01 09:07:37,171] {processor.py:171} INFO - Processing /opt/airflow/dags/gcs_upload_dag.py took 2.600 seconds
[2025-07-01 09:08:07,466] {processor.py:163} INFO - Started process (PID=3812) to work on /opt/airflow/dags/gcs_upload_dag.py
[2025-07-01 09:08:07,472] {processor.py:642} INFO - Processing file /opt/airflow/dags/gcs_upload_dag.py for tasks to queue
[2025-07-01 09:08:07,475] {logging_mixin.py:109} INFO - [2025-07-01 09:08:07,474] {dagbag.py:500} INFO - Filling up the DagBag from /opt/airflow/dags/gcs_upload_dag.py
[2025-07-01 09:08:09,251] {processor.py:654} INFO - DAG(s) dict_keys(['data_ingestion_gcs_dag']) retrieved from /opt/airflow/dags/gcs_upload_dag.py
[2025-07-01 09:08:09,279] {logging_mixin.py:109} INFO - [2025-07-01 09:08:09,277] {dag.py:2396} INFO - Sync 1 DAGs
[2025-07-01 09:08:09,363] {processor.py:171} INFO - Processing /opt/airflow/dags/gcs_upload_dag.py took 1.910 seconds
[2025-07-01 09:08:39,679] {processor.py:163} INFO - Started process (PID=3845) to work on /opt/airflow/dags/gcs_upload_dag.py
[2025-07-01 09:08:39,685] {processor.py:642} INFO - Processing file /opt/airflow/dags/gcs_upload_dag.py for tasks to queue
[2025-07-01 09:08:39,688] {logging_mixin.py:109} INFO - [2025-07-01 09:08:39,687] {dagbag.py:500} INFO - Filling up the DagBag from /opt/airflow/dags/gcs_upload_dag.py
[2025-07-01 09:08:41,656] {processor.py:654} INFO - DAG(s) dict_keys(['data_ingestion_gcs_dag']) retrieved from /opt/airflow/dags/gcs_upload_dag.py
[2025-07-01 09:08:41,683] {logging_mixin.py:109} INFO - [2025-07-01 09:08:41,681] {dag.py:2396} INFO - Sync 1 DAGs
[2025-07-01 09:08:41,739] {processor.py:171} INFO - Processing /opt/airflow/dags/gcs_upload_dag.py took 2.082 seconds
[2025-07-01 09:09:12,025] {processor.py:163} INFO - Started process (PID=3878) to work on /opt/airflow/dags/gcs_upload_dag.py
[2025-07-01 09:09:12,030] {processor.py:642} INFO - Processing file /opt/airflow/dags/gcs_upload_dag.py for tasks to queue
[2025-07-01 09:09:12,034] {logging_mixin.py:109} INFO - [2025-07-01 09:09:12,033] {dagbag.py:500} INFO - Filling up the DagBag from /opt/airflow/dags/gcs_upload_dag.py
[2025-07-01 09:09:13,791] {processor.py:654} INFO - DAG(s) dict_keys(['data_ingestion_gcs_dag']) retrieved from /opt/airflow/dags/gcs_upload_dag.py
[2025-07-01 09:09:13,818] {logging_mixin.py:109} INFO - [2025-07-01 09:09:13,815] {dag.py:2396} INFO - Sync 1 DAGs
[2025-07-01 09:09:13,874] {processor.py:171} INFO - Processing /opt/airflow/dags/gcs_upload_dag.py took 1.863 seconds
[2025-07-01 09:09:44,265] {processor.py:163} INFO - Started process (PID=3920) to work on /opt/airflow/dags/gcs_upload_dag.py
[2025-07-01 09:09:44,269] {processor.py:642} INFO - Processing file /opt/airflow/dags/gcs_upload_dag.py for tasks to queue
[2025-07-01 09:09:44,271] {logging_mixin.py:109} INFO - [2025-07-01 09:09:44,271] {dagbag.py:500} INFO - Filling up the DagBag from /opt/airflow/dags/gcs_upload_dag.py
[2025-07-01 09:09:47,581] {processor.py:654} INFO - DAG(s) dict_keys(['data_ingestion_gcs_dag']) retrieved from /opt/airflow/dags/gcs_upload_dag.py
[2025-07-01 09:09:47,620] {logging_mixin.py:109} INFO - [2025-07-01 09:09:47,616] {dag.py:2396} INFO - Sync 1 DAGs
[2025-07-01 09:09:47,693] {processor.py:171} INFO - Processing /opt/airflow/dags/gcs_upload_dag.py took 3.438 seconds
[2025-07-01 09:10:17,985] {processor.py:163} INFO - Started process (PID=3944) to work on /opt/airflow/dags/gcs_upload_dag.py
[2025-07-01 09:10:17,989] {processor.py:642} INFO - Processing file /opt/airflow/dags/gcs_upload_dag.py for tasks to queue
[2025-07-01 09:10:17,991] {logging_mixin.py:109} INFO - [2025-07-01 09:10:17,991] {dagbag.py:500} INFO - Filling up the DagBag from /opt/airflow/dags/gcs_upload_dag.py
[2025-07-01 09:10:20,081] {processor.py:654} INFO - DAG(s) dict_keys(['data_ingestion_gcs_dag']) retrieved from /opt/airflow/dags/gcs_upload_dag.py
[2025-07-01 09:10:20,114] {logging_mixin.py:109} INFO - [2025-07-01 09:10:20,111] {dag.py:2396} INFO - Sync 1 DAGs
[2025-07-01 09:10:20,179] {processor.py:171} INFO - Processing /opt/airflow/dags/gcs_upload_dag.py took 2.205 seconds
[2025-07-01 09:10:50,273] {processor.py:163} INFO - Started process (PID=3977) to work on /opt/airflow/dags/gcs_upload_dag.py
[2025-07-01 09:10:50,279] {processor.py:642} INFO - Processing file /opt/airflow/dags/gcs_upload_dag.py for tasks to queue
[2025-07-01 09:10:50,281] {logging_mixin.py:109} INFO - [2025-07-01 09:10:50,281] {dagbag.py:500} INFO - Filling up the DagBag from /opt/airflow/dags/gcs_upload_dag.py
[2025-07-01 09:10:52,477] {processor.py:654} INFO - DAG(s) dict_keys(['data_ingestion_gcs_dag']) retrieved from /opt/airflow/dags/gcs_upload_dag.py
[2025-07-01 09:10:52,660] {logging_mixin.py:109} INFO - [2025-07-01 09:10:52,647] {dag.py:2396} INFO - Sync 1 DAGs
[2025-07-01 09:10:52,949] {processor.py:171} INFO - Processing /opt/airflow/dags/gcs_upload_dag.py took 2.680 seconds
[2025-07-01 09:11:23,342] {processor.py:163} INFO - Started process (PID=4010) to work on /opt/airflow/dags/gcs_upload_dag.py
[2025-07-01 09:11:23,351] {processor.py:642} INFO - Processing file /opt/airflow/dags/gcs_upload_dag.py for tasks to queue
[2025-07-01 09:11:23,356] {logging_mixin.py:109} INFO - [2025-07-01 09:11:23,355] {dagbag.py:500} INFO - Filling up the DagBag from /opt/airflow/dags/gcs_upload_dag.py
[2025-07-01 09:11:25,243] {processor.py:654} INFO - DAG(s) dict_keys(['data_ingestion_gcs_dag']) retrieved from /opt/airflow/dags/gcs_upload_dag.py
[2025-07-01 09:11:25,273] {logging_mixin.py:109} INFO - [2025-07-01 09:11:25,270] {dag.py:2396} INFO - Sync 1 DAGs
[2025-07-01 09:11:25,346] {processor.py:171} INFO - Processing /opt/airflow/dags/gcs_upload_dag.py took 2.027 seconds
[2025-07-01 09:11:55,621] {processor.py:163} INFO - Started process (PID=4043) to work on /opt/airflow/dags/gcs_upload_dag.py
[2025-07-01 09:11:55,624] {processor.py:642} INFO - Processing file /opt/airflow/dags/gcs_upload_dag.py for tasks to queue
[2025-07-01 09:11:55,626] {logging_mixin.py:109} INFO - [2025-07-01 09:11:55,626] {dagbag.py:500} INFO - Filling up the DagBag from /opt/airflow/dags/gcs_upload_dag.py
[2025-07-01 09:11:57,430] {processor.py:654} INFO - DAG(s) dict_keys(['data_ingestion_gcs_dag']) retrieved from /opt/airflow/dags/gcs_upload_dag.py
[2025-07-01 09:11:57,458] {logging_mixin.py:109} INFO - [2025-07-01 09:11:57,456] {dag.py:2396} INFO - Sync 1 DAGs
[2025-07-01 09:11:57,517] {processor.py:171} INFO - Processing /opt/airflow/dags/gcs_upload_dag.py took 1.905 seconds
[2025-07-01 09:12:27,912] {processor.py:163} INFO - Started process (PID=4086) to work on /opt/airflow/dags/gcs_upload_dag.py
[2025-07-01 09:12:27,915] {processor.py:642} INFO - Processing file /opt/airflow/dags/gcs_upload_dag.py for tasks to queue
[2025-07-01 09:12:27,917] {logging_mixin.py:109} INFO - [2025-07-01 09:12:27,916] {dagbag.py:500} INFO - Filling up the DagBag from /opt/airflow/dags/gcs_upload_dag.py
[2025-07-01 09:12:29,269] {processor.py:654} INFO - DAG(s) dict_keys(['data_ingestion_gcs_dag']) retrieved from /opt/airflow/dags/gcs_upload_dag.py
[2025-07-01 09:12:29,289] {logging_mixin.py:109} INFO - [2025-07-01 09:12:29,287] {dag.py:2396} INFO - Sync 1 DAGs
[2025-07-01 09:12:29,340] {processor.py:171} INFO - Processing /opt/airflow/dags/gcs_upload_dag.py took 1.435 seconds
[2025-07-01 09:12:59,622] {processor.py:163} INFO - Started process (PID=4119) to work on /opt/airflow/dags/gcs_upload_dag.py
[2025-07-01 09:12:59,626] {processor.py:642} INFO - Processing file /opt/airflow/dags/gcs_upload_dag.py for tasks to queue
[2025-07-01 09:12:59,629] {logging_mixin.py:109} INFO - [2025-07-01 09:12:59,628] {dagbag.py:500} INFO - Filling up the DagBag from /opt/airflow/dags/gcs_upload_dag.py
[2025-07-01 09:13:01,309] {processor.py:654} INFO - DAG(s) dict_keys(['data_ingestion_gcs_dag']) retrieved from /opt/airflow/dags/gcs_upload_dag.py
[2025-07-01 09:13:01,334] {logging_mixin.py:109} INFO - [2025-07-01 09:13:01,331] {dag.py:2396} INFO - Sync 1 DAGs
[2025-07-01 09:13:01,390] {processor.py:171} INFO - Processing /opt/airflow/dags/gcs_upload_dag.py took 1.781 seconds
[2025-07-01 09:13:31,524] {processor.py:163} INFO - Started process (PID=4152) to work on /opt/airflow/dags/gcs_upload_dag.py
[2025-07-01 09:13:31,528] {processor.py:642} INFO - Processing file /opt/airflow/dags/gcs_upload_dag.py for tasks to queue
[2025-07-01 09:13:31,532] {logging_mixin.py:109} INFO - [2025-07-01 09:13:31,532] {dagbag.py:500} INFO - Filling up the DagBag from /opt/airflow/dags/gcs_upload_dag.py
[2025-07-01 09:13:33,173] {processor.py:654} INFO - DAG(s) dict_keys(['data_ingestion_gcs_dag']) retrieved from /opt/airflow/dags/gcs_upload_dag.py
[2025-07-01 09:13:33,203] {logging_mixin.py:109} INFO - [2025-07-01 09:13:33,201] {dag.py:2396} INFO - Sync 1 DAGs
[2025-07-01 09:13:33,253] {processor.py:171} INFO - Processing /opt/airflow/dags/gcs_upload_dag.py took 1.741 seconds
[2025-07-01 09:14:03,581] {processor.py:163} INFO - Started process (PID=4185) to work on /opt/airflow/dags/gcs_upload_dag.py
[2025-07-01 09:14:03,597] {processor.py:642} INFO - Processing file /opt/airflow/dags/gcs_upload_dag.py for tasks to queue
[2025-07-01 09:14:03,601] {logging_mixin.py:109} INFO - [2025-07-01 09:14:03,600] {dagbag.py:500} INFO - Filling up the DagBag from /opt/airflow/dags/gcs_upload_dag.py
[2025-07-01 09:14:06,331] {processor.py:654} INFO - DAG(s) dict_keys(['data_ingestion_gcs_dag']) retrieved from /opt/airflow/dags/gcs_upload_dag.py
[2025-07-01 09:14:06,392] {logging_mixin.py:109} INFO - [2025-07-01 09:14:06,388] {dag.py:2396} INFO - Sync 1 DAGs
[2025-07-01 09:14:06,544] {processor.py:171} INFO - Processing /opt/airflow/dags/gcs_upload_dag.py took 2.990 seconds
[2025-07-01 09:14:37,070] {processor.py:163} INFO - Started process (PID=4218) to work on /opt/airflow/dags/gcs_upload_dag.py
[2025-07-01 09:14:37,074] {processor.py:642} INFO - Processing file /opt/airflow/dags/gcs_upload_dag.py for tasks to queue
[2025-07-01 09:14:37,077] {logging_mixin.py:109} INFO - [2025-07-01 09:14:37,076] {dagbag.py:500} INFO - Filling up the DagBag from /opt/airflow/dags/gcs_upload_dag.py
[2025-07-01 09:14:39,906] {processor.py:654} INFO - DAG(s) dict_keys(['data_ingestion_gcs_dag']) retrieved from /opt/airflow/dags/gcs_upload_dag.py
[2025-07-01 09:14:39,943] {logging_mixin.py:109} INFO - [2025-07-01 09:14:39,939] {dag.py:2396} INFO - Sync 1 DAGs
[2025-07-01 09:14:40,064] {processor.py:171} INFO - Processing /opt/airflow/dags/gcs_upload_dag.py took 3.008 seconds
[2025-07-01 09:15:10,439] {processor.py:163} INFO - Started process (PID=4251) to work on /opt/airflow/dags/gcs_upload_dag.py
[2025-07-01 09:15:10,445] {processor.py:642} INFO - Processing file /opt/airflow/dags/gcs_upload_dag.py for tasks to queue
[2025-07-01 09:15:10,449] {logging_mixin.py:109} INFO - [2025-07-01 09:15:10,448] {dagbag.py:500} INFO - Filling up the DagBag from /opt/airflow/dags/gcs_upload_dag.py
[2025-07-01 09:15:12,972] {processor.py:654} INFO - DAG(s) dict_keys(['data_ingestion_gcs_dag']) retrieved from /opt/airflow/dags/gcs_upload_dag.py
[2025-07-01 09:15:13,025] {logging_mixin.py:109} INFO - [2025-07-01 09:15:13,021] {dag.py:2396} INFO - Sync 1 DAGs
[2025-07-01 09:15:13,091] {processor.py:171} INFO - Processing /opt/airflow/dags/gcs_upload_dag.py took 2.670 seconds
[2025-07-01 09:15:43,442] {processor.py:163} INFO - Started process (PID=4284) to work on /opt/airflow/dags/gcs_upload_dag.py
[2025-07-01 09:15:43,447] {processor.py:642} INFO - Processing file /opt/airflow/dags/gcs_upload_dag.py for tasks to queue
[2025-07-01 09:15:43,450] {logging_mixin.py:109} INFO - [2025-07-01 09:15:43,450] {dagbag.py:500} INFO - Filling up the DagBag from /opt/airflow/dags/gcs_upload_dag.py
[2025-07-01 09:15:46,382] {processor.py:654} INFO - DAG(s) dict_keys(['data_ingestion_gcs_dag']) retrieved from /opt/airflow/dags/gcs_upload_dag.py
[2025-07-01 09:15:46,431] {logging_mixin.py:109} INFO - [2025-07-01 09:15:46,427] {dag.py:2396} INFO - Sync 1 DAGs
[2025-07-01 09:15:46,567] {processor.py:171} INFO - Processing /opt/airflow/dags/gcs_upload_dag.py took 3.139 seconds
[2025-07-01 09:16:16,914] {processor.py:163} INFO - Started process (PID=4317) to work on /opt/airflow/dags/gcs_upload_dag.py
[2025-07-01 09:16:16,916] {processor.py:642} INFO - Processing file /opt/airflow/dags/gcs_upload_dag.py for tasks to queue
[2025-07-01 09:16:16,917] {logging_mixin.py:109} INFO - [2025-07-01 09:16:16,916] {dagbag.py:500} INFO - Filling up the DagBag from /opt/airflow/dags/gcs_upload_dag.py
[2025-07-01 09:16:18,084] {processor.py:654} INFO - DAG(s) dict_keys(['data_ingestion_gcs_dag']) retrieved from /opt/airflow/dags/gcs_upload_dag.py
[2025-07-01 09:16:18,096] {logging_mixin.py:109} INFO - [2025-07-01 09:16:18,095] {dag.py:2396} INFO - Sync 1 DAGs
[2025-07-01 09:16:18,123] {processor.py:171} INFO - Processing /opt/airflow/dags/gcs_upload_dag.py took 1.215 seconds
[2025-07-01 09:16:48,280] {processor.py:163} INFO - Started process (PID=4350) to work on /opt/airflow/dags/gcs_upload_dag.py
[2025-07-01 09:16:48,281] {processor.py:642} INFO - Processing file /opt/airflow/dags/gcs_upload_dag.py for tasks to queue
[2025-07-01 09:16:48,282] {logging_mixin.py:109} INFO - [2025-07-01 09:16:48,282] {dagbag.py:500} INFO - Filling up the DagBag from /opt/airflow/dags/gcs_upload_dag.py
[2025-07-01 09:16:49,107] {processor.py:654} INFO - DAG(s) dict_keys(['data_ingestion_gcs_dag']) retrieved from /opt/airflow/dags/gcs_upload_dag.py
[2025-07-01 09:16:49,120] {logging_mixin.py:109} INFO - [2025-07-01 09:16:49,119] {dag.py:2396} INFO - Sync 1 DAGs
[2025-07-01 09:16:49,146] {processor.py:171} INFO - Processing /opt/airflow/dags/gcs_upload_dag.py took 0.871 seconds
[2025-07-01 09:17:19,291] {processor.py:163} INFO - Started process (PID=4403) to work on /opt/airflow/dags/gcs_upload_dag.py
[2025-07-01 09:17:19,293] {processor.py:642} INFO - Processing file /opt/airflow/dags/gcs_upload_dag.py for tasks to queue
[2025-07-01 09:17:19,294] {logging_mixin.py:109} INFO - [2025-07-01 09:17:19,294] {dagbag.py:500} INFO - Filling up the DagBag from /opt/airflow/dags/gcs_upload_dag.py
[2025-07-01 09:17:20,502] {processor.py:654} INFO - DAG(s) dict_keys(['data_ingestion_gcs_dag']) retrieved from /opt/airflow/dags/gcs_upload_dag.py
[2025-07-01 09:17:20,523] {logging_mixin.py:109} INFO - [2025-07-01 09:17:20,521] {dag.py:2396} INFO - Sync 1 DAGs
[2025-07-01 09:17:20,564] {logging_mixin.py:109} INFO - [2025-07-01 09:17:20,561] {dag.py:2935} INFO - Setting next_dagrun for data_ingestion_gcs_dag to 2025-06-30T00:00:00+00:00
[2025-07-01 09:17:20,589] {processor.py:171} INFO - Processing /opt/airflow/dags/gcs_upload_dag.py took 1.302 seconds
[2025-07-01 09:17:50,795] {processor.py:163} INFO - Started process (PID=4459) to work on /opt/airflow/dags/gcs_upload_dag.py
[2025-07-01 09:17:50,798] {processor.py:642} INFO - Processing file /opt/airflow/dags/gcs_upload_dag.py for tasks to queue
[2025-07-01 09:17:50,799] {logging_mixin.py:109} INFO - [2025-07-01 09:17:50,799] {dagbag.py:500} INFO - Filling up the DagBag from /opt/airflow/dags/gcs_upload_dag.py
[2025-07-01 09:17:51,658] {processor.py:654} INFO - DAG(s) dict_keys(['data_ingestion_gcs_dag']) retrieved from /opt/airflow/dags/gcs_upload_dag.py
[2025-07-01 09:17:51,671] {logging_mixin.py:109} INFO - [2025-07-01 09:17:51,670] {dag.py:2396} INFO - Sync 1 DAGs
[2025-07-01 09:17:51,696] {processor.py:171} INFO - Processing /opt/airflow/dags/gcs_upload_dag.py took 0.905 seconds
[2025-07-01 09:18:21,858] {processor.py:163} INFO - Started process (PID=4492) to work on /opt/airflow/dags/gcs_upload_dag.py
[2025-07-01 09:18:21,860] {processor.py:642} INFO - Processing file /opt/airflow/dags/gcs_upload_dag.py for tasks to queue
[2025-07-01 09:18:21,861] {logging_mixin.py:109} INFO - [2025-07-01 09:18:21,861] {dagbag.py:500} INFO - Filling up the DagBag from /opt/airflow/dags/gcs_upload_dag.py
[2025-07-01 09:18:22,714] {processor.py:654} INFO - DAG(s) dict_keys(['data_ingestion_gcs_dag']) retrieved from /opt/airflow/dags/gcs_upload_dag.py
[2025-07-01 09:18:22,726] {logging_mixin.py:109} INFO - [2025-07-01 09:18:22,725] {dag.py:2396} INFO - Sync 1 DAGs
[2025-07-01 09:18:22,753] {processor.py:171} INFO - Processing /opt/airflow/dags/gcs_upload_dag.py took 0.896 seconds
[2025-07-01 09:18:52,892] {processor.py:163} INFO - Started process (PID=4535) to work on /opt/airflow/dags/gcs_upload_dag.py
[2025-07-01 09:18:52,893] {processor.py:642} INFO - Processing file /opt/airflow/dags/gcs_upload_dag.py for tasks to queue
[2025-07-01 09:18:52,895] {logging_mixin.py:109} INFO - [2025-07-01 09:18:52,895] {dagbag.py:500} INFO - Filling up the DagBag from /opt/airflow/dags/gcs_upload_dag.py
[2025-07-01 09:18:54,124] {processor.py:654} INFO - DAG(s) dict_keys(['data_ingestion_gcs_dag']) retrieved from /opt/airflow/dags/gcs_upload_dag.py
[2025-07-01 09:18:54,136] {logging_mixin.py:109} INFO - [2025-07-01 09:18:54,135] {dag.py:2396} INFO - Sync 1 DAGs
[2025-07-01 09:18:54,170] {processor.py:171} INFO - Processing /opt/airflow/dags/gcs_upload_dag.py took 1.283 seconds
[2025-07-01 09:19:24,358] {processor.py:163} INFO - Started process (PID=4568) to work on /opt/airflow/dags/gcs_upload_dag.py
[2025-07-01 09:19:24,360] {processor.py:642} INFO - Processing file /opt/airflow/dags/gcs_upload_dag.py for tasks to queue
[2025-07-01 09:19:24,362] {logging_mixin.py:109} INFO - [2025-07-01 09:19:24,362] {dagbag.py:500} INFO - Filling up the DagBag from /opt/airflow/dags/gcs_upload_dag.py
[2025-07-01 09:19:25,408] {processor.py:654} INFO - DAG(s) dict_keys(['data_ingestion_gcs_dag']) retrieved from /opt/airflow/dags/gcs_upload_dag.py
[2025-07-01 09:19:25,422] {logging_mixin.py:109} INFO - [2025-07-01 09:19:25,421] {dag.py:2396} INFO - Sync 1 DAGs
[2025-07-01 09:19:25,452] {processor.py:171} INFO - Processing /opt/airflow/dags/gcs_upload_dag.py took 1.099 seconds
[2025-07-01 09:19:55,568] {processor.py:163} INFO - Started process (PID=4611) to work on /opt/airflow/dags/gcs_upload_dag.py
[2025-07-01 09:19:55,570] {processor.py:642} INFO - Processing file /opt/airflow/dags/gcs_upload_dag.py for tasks to queue
[2025-07-01 09:19:55,571] {logging_mixin.py:109} INFO - [2025-07-01 09:19:55,571] {dagbag.py:500} INFO - Filling up the DagBag from /opt/airflow/dags/gcs_upload_dag.py
[2025-07-01 09:19:56,526] {processor.py:654} INFO - DAG(s) dict_keys(['data_ingestion_gcs_dag']) retrieved from /opt/airflow/dags/gcs_upload_dag.py
[2025-07-01 09:19:56,540] {logging_mixin.py:109} INFO - [2025-07-01 09:19:56,539] {dag.py:2396} INFO - Sync 1 DAGs
[2025-07-01 09:19:56,571] {processor.py:171} INFO - Processing /opt/airflow/dags/gcs_upload_dag.py took 1.007 seconds
[2025-07-01 09:20:26,821] {processor.py:163} INFO - Started process (PID=4644) to work on /opt/airflow/dags/gcs_upload_dag.py
[2025-07-01 09:20:26,822] {processor.py:642} INFO - Processing file /opt/airflow/dags/gcs_upload_dag.py for tasks to queue
[2025-07-01 09:20:26,823] {logging_mixin.py:109} INFO - [2025-07-01 09:20:26,823] {dagbag.py:500} INFO - Filling up the DagBag from /opt/airflow/dags/gcs_upload_dag.py
[2025-07-01 09:20:27,694] {processor.py:654} INFO - DAG(s) dict_keys(['data_ingestion_gcs_dag']) retrieved from /opt/airflow/dags/gcs_upload_dag.py
[2025-07-01 09:20:27,709] {logging_mixin.py:109} INFO - [2025-07-01 09:20:27,707] {dag.py:2396} INFO - Sync 1 DAGs
[2025-07-01 09:20:27,751] {processor.py:171} INFO - Processing /opt/airflow/dags/gcs_upload_dag.py took 0.933 seconds
[2025-07-01 09:20:57,991] {processor.py:163} INFO - Started process (PID=4677) to work on /opt/airflow/dags/gcs_upload_dag.py
[2025-07-01 09:20:57,993] {processor.py:642} INFO - Processing file /opt/airflow/dags/gcs_upload_dag.py for tasks to queue
[2025-07-01 09:20:57,994] {logging_mixin.py:109} INFO - [2025-07-01 09:20:57,994] {dagbag.py:500} INFO - Filling up the DagBag from /opt/airflow/dags/gcs_upload_dag.py
[2025-07-01 09:20:58,869] {processor.py:654} INFO - DAG(s) dict_keys(['data_ingestion_gcs_dag']) retrieved from /opt/airflow/dags/gcs_upload_dag.py
[2025-07-01 09:20:58,881] {logging_mixin.py:109} INFO - [2025-07-01 09:20:58,880] {dag.py:2396} INFO - Sync 1 DAGs
[2025-07-01 09:20:58,907] {processor.py:171} INFO - Processing /opt/airflow/dags/gcs_upload_dag.py took 0.920 seconds
[2025-07-01 09:21:29,224] {processor.py:163} INFO - Started process (PID=4720) to work on /opt/airflow/dags/gcs_upload_dag.py
[2025-07-01 09:21:29,225] {processor.py:642} INFO - Processing file /opt/airflow/dags/gcs_upload_dag.py for tasks to queue
[2025-07-01 09:21:29,226] {logging_mixin.py:109} INFO - [2025-07-01 09:21:29,226] {dagbag.py:500} INFO - Filling up the DagBag from /opt/airflow/dags/gcs_upload_dag.py
[2025-07-01 09:21:30,007] {processor.py:654} INFO - DAG(s) dict_keys(['data_ingestion_gcs_dag']) retrieved from /opt/airflow/dags/gcs_upload_dag.py
[2025-07-01 09:21:30,021] {logging_mixin.py:109} INFO - [2025-07-01 09:21:30,020] {dag.py:2396} INFO - Sync 1 DAGs
[2025-07-01 09:21:30,050] {processor.py:171} INFO - Processing /opt/airflow/dags/gcs_upload_dag.py took 0.829 seconds
[2025-07-01 09:22:00,261] {processor.py:163} INFO - Started process (PID=4753) to work on /opt/airflow/dags/gcs_upload_dag.py
[2025-07-01 09:22:00,263] {processor.py:642} INFO - Processing file /opt/airflow/dags/gcs_upload_dag.py for tasks to queue
[2025-07-01 09:22:00,265] {logging_mixin.py:109} INFO - [2025-07-01 09:22:00,265] {dagbag.py:500} INFO - Filling up the DagBag from /opt/airflow/dags/gcs_upload_dag.py
[2025-07-01 09:22:01,169] {processor.py:654} INFO - DAG(s) dict_keys(['data_ingestion_gcs_dag']) retrieved from /opt/airflow/dags/gcs_upload_dag.py
[2025-07-01 09:22:01,185] {logging_mixin.py:109} INFO - [2025-07-01 09:22:01,183] {dag.py:2396} INFO - Sync 1 DAGs
[2025-07-01 09:22:01,217] {processor.py:171} INFO - Processing /opt/airflow/dags/gcs_upload_dag.py took 0.963 seconds
[2025-07-01 09:22:31,437] {processor.py:163} INFO - Started process (PID=4806) to work on /opt/airflow/dags/gcs_upload_dag.py
[2025-07-01 09:22:31,439] {processor.py:642} INFO - Processing file /opt/airflow/dags/gcs_upload_dag.py for tasks to queue
[2025-07-01 09:22:31,440] {logging_mixin.py:109} INFO - [2025-07-01 09:22:31,440] {dagbag.py:500} INFO - Filling up the DagBag from /opt/airflow/dags/gcs_upload_dag.py
[2025-07-01 09:22:32,295] {processor.py:654} INFO - DAG(s) dict_keys(['data_ingestion_gcs_dag']) retrieved from /opt/airflow/dags/gcs_upload_dag.py
[2025-07-01 09:22:32,308] {logging_mixin.py:109} INFO - [2025-07-01 09:22:32,307] {dag.py:2396} INFO - Sync 1 DAGs
[2025-07-01 09:22:32,336] {processor.py:171} INFO - Processing /opt/airflow/dags/gcs_upload_dag.py took 0.902 seconds
[2025-07-01 09:23:02,521] {processor.py:163} INFO - Started process (PID=4839) to work on /opt/airflow/dags/gcs_upload_dag.py
[2025-07-01 09:23:02,523] {processor.py:642} INFO - Processing file /opt/airflow/dags/gcs_upload_dag.py for tasks to queue
[2025-07-01 09:23:02,524] {logging_mixin.py:109} INFO - [2025-07-01 09:23:02,524] {dagbag.py:500} INFO - Filling up the DagBag from /opt/airflow/dags/gcs_upload_dag.py
[2025-07-01 09:23:03,615] {processor.py:654} INFO - DAG(s) dict_keys(['data_ingestion_gcs_dag']) retrieved from /opt/airflow/dags/gcs_upload_dag.py
[2025-07-01 09:23:03,633] {logging_mixin.py:109} INFO - [2025-07-01 09:23:03,632] {dag.py:2396} INFO - Sync 1 DAGs
[2025-07-01 09:23:03,672] {processor.py:171} INFO - Processing /opt/airflow/dags/gcs_upload_dag.py took 1.154 seconds
[2025-07-01 09:23:33,853] {processor.py:163} INFO - Started process (PID=4882) to work on /opt/airflow/dags/gcs_upload_dag.py
[2025-07-01 09:23:33,855] {processor.py:642} INFO - Processing file /opt/airflow/dags/gcs_upload_dag.py for tasks to queue
[2025-07-01 09:23:33,856] {logging_mixin.py:109} INFO - [2025-07-01 09:23:33,856] {dagbag.py:500} INFO - Filling up the DagBag from /opt/airflow/dags/gcs_upload_dag.py
[2025-07-01 09:23:34,827] {processor.py:654} INFO - DAG(s) dict_keys(['data_ingestion_gcs_dag']) retrieved from /opt/airflow/dags/gcs_upload_dag.py
[2025-07-01 09:23:34,842] {logging_mixin.py:109} INFO - [2025-07-01 09:23:34,840] {dag.py:2396} INFO - Sync 1 DAGs
[2025-07-01 09:23:34,868] {processor.py:171} INFO - Processing /opt/airflow/dags/gcs_upload_dag.py took 1.021 seconds
[2025-07-01 09:24:05,066] {processor.py:163} INFO - Started process (PID=4915) to work on /opt/airflow/dags/gcs_upload_dag.py
[2025-07-01 09:24:05,069] {processor.py:642} INFO - Processing file /opt/airflow/dags/gcs_upload_dag.py for tasks to queue
[2025-07-01 09:24:05,070] {logging_mixin.py:109} INFO - [2025-07-01 09:24:05,069] {dagbag.py:500} INFO - Filling up the DagBag from /opt/airflow/dags/gcs_upload_dag.py
[2025-07-01 09:24:05,999] {processor.py:654} INFO - DAG(s) dict_keys(['data_ingestion_gcs_dag']) retrieved from /opt/airflow/dags/gcs_upload_dag.py
[2025-07-01 09:24:06,014] {logging_mixin.py:109} INFO - [2025-07-01 09:24:06,013] {dag.py:2396} INFO - Sync 1 DAGs
[2025-07-01 09:24:06,041] {processor.py:171} INFO - Processing /opt/airflow/dags/gcs_upload_dag.py took 0.979 seconds
[2025-07-01 09:24:36,300] {processor.py:163} INFO - Started process (PID=4958) to work on /opt/airflow/dags/gcs_upload_dag.py
[2025-07-01 09:24:36,301] {processor.py:642} INFO - Processing file /opt/airflow/dags/gcs_upload_dag.py for tasks to queue
[2025-07-01 09:24:36,302] {logging_mixin.py:109} INFO - [2025-07-01 09:24:36,302] {dagbag.py:500} INFO - Filling up the DagBag from /opt/airflow/dags/gcs_upload_dag.py
[2025-07-01 09:24:37,394] {processor.py:654} INFO - DAG(s) dict_keys(['data_ingestion_gcs_dag']) retrieved from /opt/airflow/dags/gcs_upload_dag.py
[2025-07-01 09:24:37,426] {logging_mixin.py:109} INFO - [2025-07-01 09:24:37,424] {dag.py:2396} INFO - Sync 1 DAGs
[2025-07-01 09:24:37,457] {processor.py:171} INFO - Processing /opt/airflow/dags/gcs_upload_dag.py took 1.160 seconds
[2025-07-01 09:25:07,629] {processor.py:163} INFO - Started process (PID=4991) to work on /opt/airflow/dags/gcs_upload_dag.py
[2025-07-01 09:25:07,631] {processor.py:642} INFO - Processing file /opt/airflow/dags/gcs_upload_dag.py for tasks to queue
[2025-07-01 09:25:07,632] {logging_mixin.py:109} INFO - [2025-07-01 09:25:07,632] {dagbag.py:500} INFO - Filling up the DagBag from /opt/airflow/dags/gcs_upload_dag.py
[2025-07-01 09:25:08,569] {processor.py:654} INFO - DAG(s) dict_keys(['data_ingestion_gcs_dag']) retrieved from /opt/airflow/dags/gcs_upload_dag.py
[2025-07-01 09:25:08,582] {logging_mixin.py:109} INFO - [2025-07-01 09:25:08,580] {dag.py:2396} INFO - Sync 1 DAGs
[2025-07-01 09:25:08,611] {processor.py:171} INFO - Processing /opt/airflow/dags/gcs_upload_dag.py took 0.986 seconds
[2025-07-01 09:25:38,839] {processor.py:163} INFO - Started process (PID=5024) to work on /opt/airflow/dags/gcs_upload_dag.py
[2025-07-01 09:25:38,840] {processor.py:642} INFO - Processing file /opt/airflow/dags/gcs_upload_dag.py for tasks to queue
[2025-07-01 09:25:38,841] {logging_mixin.py:109} INFO - [2025-07-01 09:25:38,841] {dagbag.py:500} INFO - Filling up the DagBag from /opt/airflow/dags/gcs_upload_dag.py
[2025-07-01 09:25:39,746] {processor.py:654} INFO - DAG(s) dict_keys(['data_ingestion_gcs_dag']) retrieved from /opt/airflow/dags/gcs_upload_dag.py
[2025-07-01 09:25:39,758] {logging_mixin.py:109} INFO - [2025-07-01 09:25:39,757] {dag.py:2396} INFO - Sync 1 DAGs
[2025-07-01 09:25:39,789] {processor.py:171} INFO - Processing /opt/airflow/dags/gcs_upload_dag.py took 0.954 seconds
[2025-07-01 09:26:10,035] {processor.py:163} INFO - Started process (PID=5067) to work on /opt/airflow/dags/gcs_upload_dag.py
[2025-07-01 09:26:10,036] {processor.py:642} INFO - Processing file /opt/airflow/dags/gcs_upload_dag.py for tasks to queue
[2025-07-01 09:26:10,037] {logging_mixin.py:109} INFO - [2025-07-01 09:26:10,037] {dagbag.py:500} INFO - Filling up the DagBag from /opt/airflow/dags/gcs_upload_dag.py
[2025-07-01 09:26:10,909] {processor.py:654} INFO - DAG(s) dict_keys(['data_ingestion_gcs_dag']) retrieved from /opt/airflow/dags/gcs_upload_dag.py
[2025-07-01 09:26:10,922] {logging_mixin.py:109} INFO - [2025-07-01 09:26:10,920] {dag.py:2396} INFO - Sync 1 DAGs
[2025-07-01 09:26:10,949] {processor.py:171} INFO - Processing /opt/airflow/dags/gcs_upload_dag.py took 0.917 seconds
[2025-07-01 09:26:41,179] {processor.py:163} INFO - Started process (PID=5100) to work on /opt/airflow/dags/gcs_upload_dag.py
[2025-07-01 09:26:41,180] {processor.py:642} INFO - Processing file /opt/airflow/dags/gcs_upload_dag.py for tasks to queue
[2025-07-01 09:26:41,181] {logging_mixin.py:109} INFO - [2025-07-01 09:26:41,181] {dagbag.py:500} INFO - Filling up the DagBag from /opt/airflow/dags/gcs_upload_dag.py
[2025-07-01 09:26:42,229] {processor.py:654} INFO - DAG(s) dict_keys(['data_ingestion_gcs_dag']) retrieved from /opt/airflow/dags/gcs_upload_dag.py
[2025-07-01 09:26:42,248] {logging_mixin.py:109} INFO - [2025-07-01 09:26:42,247] {dag.py:2396} INFO - Sync 1 DAGs
[2025-07-01 09:26:42,291] {processor.py:171} INFO - Processing /opt/airflow/dags/gcs_upload_dag.py took 1.116 seconds
[2025-07-01 09:27:12,416] {processor.py:163} INFO - Started process (PID=5143) to work on /opt/airflow/dags/gcs_upload_dag.py
[2025-07-01 09:27:12,418] {processor.py:642} INFO - Processing file /opt/airflow/dags/gcs_upload_dag.py for tasks to queue
[2025-07-01 09:27:12,419] {logging_mixin.py:109} INFO - [2025-07-01 09:27:12,419] {dagbag.py:500} INFO - Filling up the DagBag from /opt/airflow/dags/gcs_upload_dag.py
[2025-07-01 09:27:13,177] {processor.py:654} INFO - DAG(s) dict_keys(['data_ingestion_gcs_dag']) retrieved from /opt/airflow/dags/gcs_upload_dag.py
[2025-07-01 09:27:13,193] {logging_mixin.py:109} INFO - [2025-07-01 09:27:13,192] {dag.py:2396} INFO - Sync 1 DAGs
[2025-07-01 09:27:13,221] {processor.py:171} INFO - Processing /opt/airflow/dags/gcs_upload_dag.py took 0.809 seconds
[2025-07-01 09:27:43,426] {processor.py:163} INFO - Started process (PID=5186) to work on /opt/airflow/dags/gcs_upload_dag.py
[2025-07-01 09:27:43,428] {processor.py:642} INFO - Processing file /opt/airflow/dags/gcs_upload_dag.py for tasks to queue
[2025-07-01 09:27:43,429] {logging_mixin.py:109} INFO - [2025-07-01 09:27:43,429] {dagbag.py:500} INFO - Filling up the DagBag from /opt/airflow/dags/gcs_upload_dag.py
[2025-07-01 09:27:44,156] {processor.py:654} INFO - DAG(s) dict_keys(['data_ingestion_gcs_dag']) retrieved from /opt/airflow/dags/gcs_upload_dag.py
[2025-07-01 09:27:44,166] {logging_mixin.py:109} INFO - [2025-07-01 09:27:44,165] {dag.py:2396} INFO - Sync 1 DAGs
[2025-07-01 09:27:44,190] {processor.py:171} INFO - Processing /opt/airflow/dags/gcs_upload_dag.py took 0.766 seconds
[2025-07-01 09:28:14,381] {processor.py:163} INFO - Started process (PID=5229) to work on /opt/airflow/dags/gcs_upload_dag.py
[2025-07-01 09:28:14,382] {processor.py:642} INFO - Processing file /opt/airflow/dags/gcs_upload_dag.py for tasks to queue
[2025-07-01 09:28:14,383] {logging_mixin.py:109} INFO - [2025-07-01 09:28:14,383] {dagbag.py:500} INFO - Filling up the DagBag from /opt/airflow/dags/gcs_upload_dag.py
[2025-07-01 09:28:15,147] {processor.py:654} INFO - DAG(s) dict_keys(['data_ingestion_gcs_dag']) retrieved from /opt/airflow/dags/gcs_upload_dag.py
[2025-07-01 09:28:15,158] {logging_mixin.py:109} INFO - [2025-07-01 09:28:15,157] {dag.py:2396} INFO - Sync 1 DAGs
[2025-07-01 09:28:15,192] {processor.py:171} INFO - Processing /opt/airflow/dags/gcs_upload_dag.py took 0.815 seconds
[2025-07-01 09:28:45,369] {processor.py:163} INFO - Started process (PID=5262) to work on /opt/airflow/dags/gcs_upload_dag.py
[2025-07-01 09:28:45,370] {processor.py:642} INFO - Processing file /opt/airflow/dags/gcs_upload_dag.py for tasks to queue
[2025-07-01 09:28:45,371] {logging_mixin.py:109} INFO - [2025-07-01 09:28:45,370] {dagbag.py:500} INFO - Filling up the DagBag from /opt/airflow/dags/gcs_upload_dag.py
[2025-07-01 09:28:46,119] {processor.py:654} INFO - DAG(s) dict_keys(['data_ingestion_gcs_dag']) retrieved from /opt/airflow/dags/gcs_upload_dag.py
[2025-07-01 09:28:46,131] {logging_mixin.py:109} INFO - [2025-07-01 09:28:46,130] {dag.py:2396} INFO - Sync 1 DAGs
[2025-07-01 09:28:46,172] {processor.py:171} INFO - Processing /opt/airflow/dags/gcs_upload_dag.py took 0.806 seconds
[2025-07-01 09:29:16,360] {processor.py:163} INFO - Started process (PID=5305) to work on /opt/airflow/dags/gcs_upload_dag.py
[2025-07-01 09:29:16,361] {processor.py:642} INFO - Processing file /opt/airflow/dags/gcs_upload_dag.py for tasks to queue
[2025-07-01 09:29:16,362] {logging_mixin.py:109} INFO - [2025-07-01 09:29:16,362] {dagbag.py:500} INFO - Filling up the DagBag from /opt/airflow/dags/gcs_upload_dag.py
[2025-07-01 09:29:17,118] {processor.py:654} INFO - DAG(s) dict_keys(['data_ingestion_gcs_dag']) retrieved from /opt/airflow/dags/gcs_upload_dag.py
[2025-07-01 09:29:17,128] {logging_mixin.py:109} INFO - [2025-07-01 09:29:17,127] {dag.py:2396} INFO - Sync 1 DAGs
[2025-07-01 09:29:17,166] {processor.py:171} INFO - Processing /opt/airflow/dags/gcs_upload_dag.py took 0.810 seconds
[2025-07-01 09:29:47,423] {processor.py:163} INFO - Started process (PID=5338) to work on /opt/airflow/dags/gcs_upload_dag.py
[2025-07-01 09:29:47,425] {processor.py:642} INFO - Processing file /opt/airflow/dags/gcs_upload_dag.py for tasks to queue
[2025-07-01 09:29:47,425] {logging_mixin.py:109} INFO - [2025-07-01 09:29:47,425] {dagbag.py:500} INFO - Filling up the DagBag from /opt/airflow/dags/gcs_upload_dag.py
[2025-07-01 09:29:48,222] {processor.py:654} INFO - DAG(s) dict_keys(['data_ingestion_gcs_dag']) retrieved from /opt/airflow/dags/gcs_upload_dag.py
[2025-07-01 09:29:48,234] {logging_mixin.py:109} INFO - [2025-07-01 09:29:48,233] {dag.py:2396} INFO - Sync 1 DAGs
[2025-07-01 09:29:48,262] {processor.py:171} INFO - Processing /opt/airflow/dags/gcs_upload_dag.py took 0.842 seconds
[2025-07-01 09:30:18,455] {processor.py:163} INFO - Started process (PID=5381) to work on /opt/airflow/dags/gcs_upload_dag.py
[2025-07-01 09:30:18,457] {processor.py:642} INFO - Processing file /opt/airflow/dags/gcs_upload_dag.py for tasks to queue
[2025-07-01 09:30:18,458] {logging_mixin.py:109} INFO - [2025-07-01 09:30:18,458] {dagbag.py:500} INFO - Filling up the DagBag from /opt/airflow/dags/gcs_upload_dag.py
[2025-07-01 09:30:19,299] {processor.py:654} INFO - DAG(s) dict_keys(['data_ingestion_gcs_dag']) retrieved from /opt/airflow/dags/gcs_upload_dag.py
[2025-07-01 09:30:19,320] {logging_mixin.py:109} INFO - [2025-07-01 09:30:19,318] {dag.py:2396} INFO - Sync 1 DAGs
[2025-07-01 09:30:19,348] {processor.py:171} INFO - Processing /opt/airflow/dags/gcs_upload_dag.py took 0.896 seconds
[2025-07-01 09:30:49,525] {processor.py:163} INFO - Started process (PID=5414) to work on /opt/airflow/dags/gcs_upload_dag.py
[2025-07-01 09:30:49,527] {processor.py:642} INFO - Processing file /opt/airflow/dags/gcs_upload_dag.py for tasks to queue
[2025-07-01 09:30:49,528] {logging_mixin.py:109} INFO - [2025-07-01 09:30:49,528] {dagbag.py:500} INFO - Filling up the DagBag from /opt/airflow/dags/gcs_upload_dag.py
[2025-07-01 09:30:50,566] {processor.py:654} INFO - DAG(s) dict_keys(['data_ingestion_gcs_dag']) retrieved from /opt/airflow/dags/gcs_upload_dag.py
[2025-07-01 09:30:50,584] {logging_mixin.py:109} INFO - [2025-07-01 09:30:50,583] {dag.py:2396} INFO - Sync 1 DAGs
[2025-07-01 09:30:50,623] {processor.py:171} INFO - Processing /opt/airflow/dags/gcs_upload_dag.py took 1.102 seconds
[2025-07-01 09:31:20,898] {processor.py:163} INFO - Started process (PID=5447) to work on /opt/airflow/dags/gcs_upload_dag.py
[2025-07-01 09:31:20,899] {processor.py:642} INFO - Processing file /opt/airflow/dags/gcs_upload_dag.py for tasks to queue
[2025-07-01 09:31:20,900] {logging_mixin.py:109} INFO - [2025-07-01 09:31:20,900] {dagbag.py:500} INFO - Filling up the DagBag from /opt/airflow/dags/gcs_upload_dag.py
[2025-07-01 09:31:21,765] {processor.py:654} INFO - DAG(s) dict_keys(['data_ingestion_gcs_dag']) retrieved from /opt/airflow/dags/gcs_upload_dag.py
[2025-07-01 09:31:21,776] {logging_mixin.py:109} INFO - [2025-07-01 09:31:21,775] {dag.py:2396} INFO - Sync 1 DAGs
[2025-07-01 09:31:21,800] {processor.py:171} INFO - Processing /opt/airflow/dags/gcs_upload_dag.py took 0.904 seconds
[2025-07-01 09:31:51,996] {processor.py:163} INFO - Started process (PID=5490) to work on /opt/airflow/dags/gcs_upload_dag.py
[2025-07-01 09:31:51,997] {processor.py:642} INFO - Processing file /opt/airflow/dags/gcs_upload_dag.py for tasks to queue
[2025-07-01 09:31:51,998] {logging_mixin.py:109} INFO - [2025-07-01 09:31:51,998] {dagbag.py:500} INFO - Filling up the DagBag from /opt/airflow/dags/gcs_upload_dag.py
[2025-07-01 09:31:52,765] {processor.py:654} INFO - DAG(s) dict_keys(['data_ingestion_gcs_dag']) retrieved from /opt/airflow/dags/gcs_upload_dag.py
[2025-07-01 09:31:52,777] {logging_mixin.py:109} INFO - [2025-07-01 09:31:52,775] {dag.py:2396} INFO - Sync 1 DAGs
[2025-07-01 09:31:52,804] {processor.py:171} INFO - Processing /opt/airflow/dags/gcs_upload_dag.py took 0.811 seconds
[2025-07-01 09:32:23,015] {processor.py:163} INFO - Started process (PID=5523) to work on /opt/airflow/dags/gcs_upload_dag.py
[2025-07-01 09:32:23,016] {processor.py:642} INFO - Processing file /opt/airflow/dags/gcs_upload_dag.py for tasks to queue
[2025-07-01 09:32:23,016] {logging_mixin.py:109} INFO - [2025-07-01 09:32:23,016] {dagbag.py:500} INFO - Filling up the DagBag from /opt/airflow/dags/gcs_upload_dag.py
[2025-07-01 09:32:23,786] {processor.py:654} INFO - DAG(s) dict_keys(['data_ingestion_gcs_dag']) retrieved from /opt/airflow/dags/gcs_upload_dag.py
[2025-07-01 09:32:23,797] {logging_mixin.py:109} INFO - [2025-07-01 09:32:23,796] {dag.py:2396} INFO - Sync 1 DAGs
[2025-07-01 09:32:23,822] {processor.py:171} INFO - Processing /opt/airflow/dags/gcs_upload_dag.py took 0.810 seconds
[2025-07-01 09:32:54,008] {processor.py:163} INFO - Started process (PID=5575) to work on /opt/airflow/dags/gcs_upload_dag.py
[2025-07-01 09:32:54,010] {processor.py:642} INFO - Processing file /opt/airflow/dags/gcs_upload_dag.py for tasks to queue
[2025-07-01 09:32:54,011] {logging_mixin.py:109} INFO - [2025-07-01 09:32:54,011] {dagbag.py:500} INFO - Filling up the DagBag from /opt/airflow/dags/gcs_upload_dag.py
[2025-07-01 09:32:55,558] {processor.py:654} INFO - DAG(s) dict_keys(['data_ingestion_gcs_dag']) retrieved from /opt/airflow/dags/gcs_upload_dag.py
[2025-07-01 09:32:55,571] {logging_mixin.py:109} INFO - [2025-07-01 09:32:55,570] {dag.py:2396} INFO - Sync 1 DAGs
[2025-07-01 09:32:55,597] {processor.py:171} INFO - Processing /opt/airflow/dags/gcs_upload_dag.py took 1.595 seconds
[2025-07-01 09:33:25,738] {processor.py:163} INFO - Started process (PID=5608) to work on /opt/airflow/dags/gcs_upload_dag.py
[2025-07-01 09:33:25,740] {processor.py:642} INFO - Processing file /opt/airflow/dags/gcs_upload_dag.py for tasks to queue
[2025-07-01 09:33:25,742] {logging_mixin.py:109} INFO - [2025-07-01 09:33:25,741] {dagbag.py:500} INFO - Filling up the DagBag from /opt/airflow/dags/gcs_upload_dag.py
[2025-07-01 09:33:26,575] {processor.py:654} INFO - DAG(s) dict_keys(['data_ingestion_gcs_dag']) retrieved from /opt/airflow/dags/gcs_upload_dag.py
[2025-07-01 09:33:26,587] {logging_mixin.py:109} INFO - [2025-07-01 09:33:26,586] {dag.py:2396} INFO - Sync 1 DAGs
[2025-07-01 09:33:26,614] {processor.py:171} INFO - Processing /opt/airflow/dags/gcs_upload_dag.py took 0.882 seconds
[2025-07-01 09:33:56,802] {processor.py:163} INFO - Started process (PID=5651) to work on /opt/airflow/dags/gcs_upload_dag.py
[2025-07-01 09:33:56,804] {processor.py:642} INFO - Processing file /opt/airflow/dags/gcs_upload_dag.py for tasks to queue
[2025-07-01 09:33:56,805] {logging_mixin.py:109} INFO - [2025-07-01 09:33:56,804] {dagbag.py:500} INFO - Filling up the DagBag from /opt/airflow/dags/gcs_upload_dag.py
[2025-07-01 09:33:57,778] {processor.py:654} INFO - DAG(s) dict_keys(['data_ingestion_gcs_dag']) retrieved from /opt/airflow/dags/gcs_upload_dag.py
[2025-07-01 09:33:57,795] {logging_mixin.py:109} INFO - [2025-07-01 09:33:57,794] {dag.py:2396} INFO - Sync 1 DAGs
[2025-07-01 09:33:57,823] {processor.py:171} INFO - Processing /opt/airflow/dags/gcs_upload_dag.py took 1.024 seconds
[2025-07-01 09:34:28,024] {processor.py:163} INFO - Started process (PID=5685) to work on /opt/airflow/dags/gcs_upload_dag.py
[2025-07-01 09:34:28,026] {processor.py:642} INFO - Processing file /opt/airflow/dags/gcs_upload_dag.py for tasks to queue
[2025-07-01 09:34:28,027] {logging_mixin.py:109} INFO - [2025-07-01 09:34:28,027] {dagbag.py:500} INFO - Filling up the DagBag from /opt/airflow/dags/gcs_upload_dag.py
[2025-07-01 09:34:28,844] {processor.py:654} INFO - DAG(s) dict_keys(['data_ingestion_gcs_dag']) retrieved from /opt/airflow/dags/gcs_upload_dag.py
[2025-07-01 09:34:28,856] {logging_mixin.py:109} INFO - [2025-07-01 09:34:28,855] {dag.py:2396} INFO - Sync 1 DAGs
[2025-07-01 09:34:28,885] {processor.py:171} INFO - Processing /opt/airflow/dags/gcs_upload_dag.py took 0.863 seconds
[2025-07-01 09:34:59,062] {processor.py:163} INFO - Started process (PID=5718) to work on /opt/airflow/dags/gcs_upload_dag.py
[2025-07-01 09:34:59,064] {processor.py:642} INFO - Processing file /opt/airflow/dags/gcs_upload_dag.py for tasks to queue
[2025-07-01 09:34:59,065] {logging_mixin.py:109} INFO - [2025-07-01 09:34:59,064] {dagbag.py:500} INFO - Filling up the DagBag from /opt/airflow/dags/gcs_upload_dag.py
[2025-07-01 09:34:59,882] {processor.py:654} INFO - DAG(s) dict_keys(['data_ingestion_gcs_dag']) retrieved from /opt/airflow/dags/gcs_upload_dag.py
[2025-07-01 09:34:59,897] {logging_mixin.py:109} INFO - [2025-07-01 09:34:59,896] {dag.py:2396} INFO - Sync 1 DAGs
[2025-07-01 09:34:59,922] {processor.py:171} INFO - Processing /opt/airflow/dags/gcs_upload_dag.py took 0.864 seconds
[2025-07-01 09:35:30,119] {processor.py:163} INFO - Started process (PID=5761) to work on /opt/airflow/dags/gcs_upload_dag.py
[2025-07-01 09:35:30,121] {processor.py:642} INFO - Processing file /opt/airflow/dags/gcs_upload_dag.py for tasks to queue
[2025-07-01 09:35:30,122] {logging_mixin.py:109} INFO - [2025-07-01 09:35:30,122] {dagbag.py:500} INFO - Filling up the DagBag from /opt/airflow/dags/gcs_upload_dag.py
[2025-07-01 09:35:30,927] {processor.py:654} INFO - DAG(s) dict_keys(['data_ingestion_gcs_dag']) retrieved from /opt/airflow/dags/gcs_upload_dag.py
[2025-07-01 09:35:30,939] {logging_mixin.py:109} INFO - [2025-07-01 09:35:30,938] {dag.py:2396} INFO - Sync 1 DAGs
[2025-07-01 09:35:30,973] {processor.py:171} INFO - Processing /opt/airflow/dags/gcs_upload_dag.py took 0.858 seconds
[2025-07-01 09:36:01,148] {processor.py:163} INFO - Started process (PID=5794) to work on /opt/airflow/dags/gcs_upload_dag.py
[2025-07-01 09:36:01,149] {processor.py:642} INFO - Processing file /opt/airflow/dags/gcs_upload_dag.py for tasks to queue
[2025-07-01 09:36:01,150] {logging_mixin.py:109} INFO - [2025-07-01 09:36:01,150] {dagbag.py:500} INFO - Filling up the DagBag from /opt/airflow/dags/gcs_upload_dag.py
[2025-07-01 09:36:01,938] {processor.py:654} INFO - DAG(s) dict_keys(['data_ingestion_gcs_dag']) retrieved from /opt/airflow/dags/gcs_upload_dag.py
[2025-07-01 09:36:01,949] {logging_mixin.py:109} INFO - [2025-07-01 09:36:01,948] {dag.py:2396} INFO - Sync 1 DAGs
[2025-07-01 09:36:01,985] {processor.py:171} INFO - Processing /opt/airflow/dags/gcs_upload_dag.py took 0.841 seconds
[2025-07-01 09:36:32,212] {processor.py:163} INFO - Started process (PID=5837) to work on /opt/airflow/dags/gcs_upload_dag.py
[2025-07-01 09:36:32,214] {processor.py:642} INFO - Processing file /opt/airflow/dags/gcs_upload_dag.py for tasks to queue
[2025-07-01 09:36:32,215] {logging_mixin.py:109} INFO - [2025-07-01 09:36:32,215] {dagbag.py:500} INFO - Filling up the DagBag from /opt/airflow/dags/gcs_upload_dag.py
[2025-07-01 09:36:33,109] {processor.py:654} INFO - DAG(s) dict_keys(['data_ingestion_gcs_dag']) retrieved from /opt/airflow/dags/gcs_upload_dag.py
[2025-07-01 09:36:33,129] {logging_mixin.py:109} INFO - [2025-07-01 09:36:33,127] {dag.py:2396} INFO - Sync 1 DAGs
[2025-07-01 09:36:33,160] {processor.py:171} INFO - Processing /opt/airflow/dags/gcs_upload_dag.py took 0.950 seconds
[2025-07-01 09:37:03,328] {processor.py:163} INFO - Started process (PID=5870) to work on /opt/airflow/dags/gcs_upload_dag.py
[2025-07-01 09:37:03,329] {processor.py:642} INFO - Processing file /opt/airflow/dags/gcs_upload_dag.py for tasks to queue
[2025-07-01 09:37:03,330] {logging_mixin.py:109} INFO - [2025-07-01 09:37:03,330] {dagbag.py:500} INFO - Filling up the DagBag from /opt/airflow/dags/gcs_upload_dag.py
[2025-07-01 09:37:04,146] {processor.py:654} INFO - DAG(s) dict_keys(['data_ingestion_gcs_dag']) retrieved from /opt/airflow/dags/gcs_upload_dag.py
[2025-07-01 09:37:04,162] {logging_mixin.py:109} INFO - [2025-07-01 09:37:04,160] {dag.py:2396} INFO - Sync 1 DAGs
[2025-07-01 09:37:04,194] {processor.py:171} INFO - Processing /opt/airflow/dags/gcs_upload_dag.py took 0.869 seconds
[2025-07-01 09:37:34,396] {processor.py:163} INFO - Started process (PID=5922) to work on /opt/airflow/dags/gcs_upload_dag.py
[2025-07-01 09:37:34,398] {processor.py:642} INFO - Processing file /opt/airflow/dags/gcs_upload_dag.py for tasks to queue
[2025-07-01 09:37:34,399] {logging_mixin.py:109} INFO - [2025-07-01 09:37:34,399] {dagbag.py:500} INFO - Filling up the DagBag from /opt/airflow/dags/gcs_upload_dag.py
[2025-07-01 09:37:35,429] {processor.py:654} INFO - DAG(s) dict_keys(['data_ingestion_gcs_dag']) retrieved from /opt/airflow/dags/gcs_upload_dag.py
[2025-07-01 09:37:35,450] {logging_mixin.py:109} INFO - [2025-07-01 09:37:35,447] {dag.py:2396} INFO - Sync 1 DAGs
[2025-07-01 09:37:35,503] {processor.py:171} INFO - Processing /opt/airflow/dags/gcs_upload_dag.py took 1.111 seconds
[2025-07-01 09:38:05,601] {processor.py:163} INFO - Started process (PID=5955) to work on /opt/airflow/dags/gcs_upload_dag.py
[2025-07-01 09:38:05,603] {processor.py:642} INFO - Processing file /opt/airflow/dags/gcs_upload_dag.py for tasks to queue
[2025-07-01 09:38:05,604] {logging_mixin.py:109} INFO - [2025-07-01 09:38:05,604] {dagbag.py:500} INFO - Filling up the DagBag from /opt/airflow/dags/gcs_upload_dag.py
[2025-07-01 09:38:06,671] {processor.py:654} INFO - DAG(s) dict_keys(['data_ingestion_gcs_dag']) retrieved from /opt/airflow/dags/gcs_upload_dag.py
[2025-07-01 09:38:06,714] {logging_mixin.py:109} INFO - [2025-07-01 09:38:06,712] {dag.py:2396} INFO - Sync 1 DAGs
[2025-07-01 09:38:06,849] {processor.py:171} INFO - Processing /opt/airflow/dags/gcs_upload_dag.py took 1.251 seconds
[2025-07-01 09:38:37,049] {processor.py:163} INFO - Started process (PID=5988) to work on /opt/airflow/dags/gcs_upload_dag.py
[2025-07-01 09:38:37,050] {processor.py:642} INFO - Processing file /opt/airflow/dags/gcs_upload_dag.py for tasks to queue
[2025-07-01 09:38:37,051] {logging_mixin.py:109} INFO - [2025-07-01 09:38:37,051] {dagbag.py:500} INFO - Filling up the DagBag from /opt/airflow/dags/gcs_upload_dag.py
[2025-07-01 09:38:38,178] {processor.py:654} INFO - DAG(s) dict_keys(['data_ingestion_gcs_dag']) retrieved from /opt/airflow/dags/gcs_upload_dag.py
[2025-07-01 09:38:38,191] {logging_mixin.py:109} INFO - [2025-07-01 09:38:38,189] {dag.py:2396} INFO - Sync 1 DAGs
[2025-07-01 09:38:38,216] {processor.py:171} INFO - Processing /opt/airflow/dags/gcs_upload_dag.py took 1.170 seconds
[2025-07-01 09:39:08,392] {processor.py:163} INFO - Started process (PID=6031) to work on /opt/airflow/dags/gcs_upload_dag.py
[2025-07-01 09:39:08,394] {processor.py:642} INFO - Processing file /opt/airflow/dags/gcs_upload_dag.py for tasks to queue
[2025-07-01 09:39:08,395] {logging_mixin.py:109} INFO - [2025-07-01 09:39:08,395] {dagbag.py:500} INFO - Filling up the DagBag from /opt/airflow/dags/gcs_upload_dag.py
[2025-07-01 09:39:09,266] {processor.py:654} INFO - DAG(s) dict_keys(['data_ingestion_gcs_dag']) retrieved from /opt/airflow/dags/gcs_upload_dag.py
[2025-07-01 09:39:09,277] {logging_mixin.py:109} INFO - [2025-07-01 09:39:09,276] {dag.py:2396} INFO - Sync 1 DAGs
[2025-07-01 09:39:09,307] {processor.py:171} INFO - Processing /opt/airflow/dags/gcs_upload_dag.py took 0.918 seconds
[2025-07-01 09:39:39,431] {processor.py:163} INFO - Started process (PID=6064) to work on /opt/airflow/dags/gcs_upload_dag.py
[2025-07-01 09:39:39,432] {processor.py:642} INFO - Processing file /opt/airflow/dags/gcs_upload_dag.py for tasks to queue
[2025-07-01 09:39:39,433] {logging_mixin.py:109} INFO - [2025-07-01 09:39:39,433] {dagbag.py:500} INFO - Filling up the DagBag from /opt/airflow/dags/gcs_upload_dag.py
[2025-07-01 09:39:40,405] {processor.py:654} INFO - DAG(s) dict_keys(['data_ingestion_gcs_dag']) retrieved from /opt/airflow/dags/gcs_upload_dag.py
[2025-07-01 09:39:40,416] {logging_mixin.py:109} INFO - [2025-07-01 09:39:40,415] {dag.py:2396} INFO - Sync 1 DAGs
[2025-07-01 09:39:40,443] {processor.py:171} INFO - Processing /opt/airflow/dags/gcs_upload_dag.py took 1.014 seconds
[2025-07-01 09:40:10,619] {processor.py:163} INFO - Started process (PID=6107) to work on /opt/airflow/dags/gcs_upload_dag.py
[2025-07-01 09:40:10,620] {processor.py:642} INFO - Processing file /opt/airflow/dags/gcs_upload_dag.py for tasks to queue
[2025-07-01 09:40:10,621] {logging_mixin.py:109} INFO - [2025-07-01 09:40:10,621] {dagbag.py:500} INFO - Filling up the DagBag from /opt/airflow/dags/gcs_upload_dag.py
[2025-07-01 09:40:11,630] {processor.py:654} INFO - DAG(s) dict_keys(['data_ingestion_gcs_dag']) retrieved from /opt/airflow/dags/gcs_upload_dag.py
[2025-07-01 09:40:11,642] {logging_mixin.py:109} INFO - [2025-07-01 09:40:11,641] {dag.py:2396} INFO - Sync 1 DAGs
[2025-07-01 09:40:11,668] {processor.py:171} INFO - Processing /opt/airflow/dags/gcs_upload_dag.py took 1.052 seconds
[2025-07-01 09:40:41,819] {processor.py:163} INFO - Started process (PID=6140) to work on /opt/airflow/dags/gcs_upload_dag.py
[2025-07-01 09:40:41,821] {processor.py:642} INFO - Processing file /opt/airflow/dags/gcs_upload_dag.py for tasks to queue
[2025-07-01 09:40:41,823] {logging_mixin.py:109} INFO - [2025-07-01 09:40:41,823] {dagbag.py:500} INFO - Filling up the DagBag from /opt/airflow/dags/gcs_upload_dag.py
[2025-07-01 09:40:42,689] {processor.py:654} INFO - DAG(s) dict_keys(['data_ingestion_gcs_dag']) retrieved from /opt/airflow/dags/gcs_upload_dag.py
[2025-07-01 09:40:42,701] {logging_mixin.py:109} INFO - [2025-07-01 09:40:42,699] {dag.py:2396} INFO - Sync 1 DAGs
[2025-07-01 09:40:42,727] {processor.py:171} INFO - Processing /opt/airflow/dags/gcs_upload_dag.py took 0.913 seconds
[2025-07-01 09:41:12,916] {processor.py:163} INFO - Started process (PID=6183) to work on /opt/airflow/dags/gcs_upload_dag.py
[2025-07-01 09:41:12,918] {processor.py:642} INFO - Processing file /opt/airflow/dags/gcs_upload_dag.py for tasks to queue
[2025-07-01 09:41:12,919] {logging_mixin.py:109} INFO - [2025-07-01 09:41:12,918] {dagbag.py:500} INFO - Filling up the DagBag from /opt/airflow/dags/gcs_upload_dag.py
[2025-07-01 09:41:13,854] {processor.py:654} INFO - DAG(s) dict_keys(['data_ingestion_gcs_dag']) retrieved from /opt/airflow/dags/gcs_upload_dag.py
[2025-07-01 09:41:13,871] {logging_mixin.py:109} INFO - [2025-07-01 09:41:13,869] {dag.py:2396} INFO - Sync 1 DAGs
[2025-07-01 09:41:13,902] {processor.py:171} INFO - Processing /opt/airflow/dags/gcs_upload_dag.py took 0.989 seconds
[2025-07-01 09:41:44,182] {processor.py:163} INFO - Started process (PID=6216) to work on /opt/airflow/dags/gcs_upload_dag.py
[2025-07-01 09:41:44,183] {processor.py:642} INFO - Processing file /opt/airflow/dags/gcs_upload_dag.py for tasks to queue
[2025-07-01 09:41:44,184] {logging_mixin.py:109} INFO - [2025-07-01 09:41:44,184] {dagbag.py:500} INFO - Filling up the DagBag from /opt/airflow/dags/gcs_upload_dag.py
[2025-07-01 09:41:45,054] {processor.py:654} INFO - DAG(s) dict_keys(['data_ingestion_gcs_dag']) retrieved from /opt/airflow/dags/gcs_upload_dag.py
[2025-07-01 09:41:45,067] {logging_mixin.py:109} INFO - [2025-07-01 09:41:45,066] {dag.py:2396} INFO - Sync 1 DAGs
[2025-07-01 09:41:45,092] {processor.py:171} INFO - Processing /opt/airflow/dags/gcs_upload_dag.py took 0.915 seconds
[2025-07-01 09:42:15,262] {processor.py:163} INFO - Started process (PID=6259) to work on /opt/airflow/dags/gcs_upload_dag.py
[2025-07-01 09:42:15,264] {processor.py:642} INFO - Processing file /opt/airflow/dags/gcs_upload_dag.py for tasks to queue
[2025-07-01 09:42:15,265] {logging_mixin.py:109} INFO - [2025-07-01 09:42:15,265] {dagbag.py:500} INFO - Filling up the DagBag from /opt/airflow/dags/gcs_upload_dag.py
[2025-07-01 09:42:16,456] {processor.py:654} INFO - DAG(s) dict_keys(['data_ingestion_gcs_dag']) retrieved from /opt/airflow/dags/gcs_upload_dag.py
[2025-07-01 09:42:16,472] {logging_mixin.py:109} INFO - [2025-07-01 09:42:16,471] {dag.py:2396} INFO - Sync 1 DAGs
[2025-07-01 09:42:16,503] {processor.py:171} INFO - Processing /opt/airflow/dags/gcs_upload_dag.py took 1.244 seconds
[2025-07-01 09:42:46,574] {processor.py:163} INFO - Started process (PID=6302) to work on /opt/airflow/dags/gcs_upload_dag.py
[2025-07-01 09:42:46,575] {processor.py:642} INFO - Processing file /opt/airflow/dags/gcs_upload_dag.py for tasks to queue
[2025-07-01 09:42:46,576] {logging_mixin.py:109} INFO - [2025-07-01 09:42:46,576] {dagbag.py:500} INFO - Filling up the DagBag from /opt/airflow/dags/gcs_upload_dag.py
[2025-07-01 09:42:47,359] {processor.py:654} INFO - DAG(s) dict_keys(['data_ingestion_gcs_dag']) retrieved from /opt/airflow/dags/gcs_upload_dag.py
[2025-07-01 09:42:47,370] {logging_mixin.py:109} INFO - [2025-07-01 09:42:47,369] {dag.py:2396} INFO - Sync 1 DAGs
[2025-07-01 09:42:47,386] {logging_mixin.py:109} INFO - [2025-07-01 09:42:47,386] {dag.py:2935} INFO - Setting next_dagrun for data_ingestion_gcs_dag to 2025-07-01T00:00:00+00:00
[2025-07-01 09:42:47,398] {processor.py:171} INFO - Processing /opt/airflow/dags/gcs_upload_dag.py took 0.827 seconds
[2025-07-01 09:43:17,588] {processor.py:163} INFO - Started process (PID=6335) to work on /opt/airflow/dags/gcs_upload_dag.py
[2025-07-01 09:43:17,590] {processor.py:642} INFO - Processing file /opt/airflow/dags/gcs_upload_dag.py for tasks to queue
[2025-07-01 09:43:17,591] {logging_mixin.py:109} INFO - [2025-07-01 09:43:17,590] {dagbag.py:500} INFO - Filling up the DagBag from /opt/airflow/dags/gcs_upload_dag.py
[2025-07-01 09:43:18,655] {processor.py:654} INFO - DAG(s) dict_keys(['data_ingestion_gcs_dag']) retrieved from /opt/airflow/dags/gcs_upload_dag.py
[2025-07-01 09:43:18,670] {logging_mixin.py:109} INFO - [2025-07-01 09:43:18,669] {dag.py:2396} INFO - Sync 1 DAGs
[2025-07-01 09:43:18,690] {logging_mixin.py:109} INFO - [2025-07-01 09:43:18,690] {dag.py:2935} INFO - Setting next_dagrun for data_ingestion_gcs_dag to 2025-07-01T00:00:00+00:00
[2025-07-01 09:43:18,703] {processor.py:171} INFO - Processing /opt/airflow/dags/gcs_upload_dag.py took 1.118 seconds
[2025-07-01 09:43:48,800] {processor.py:163} INFO - Started process (PID=6379) to work on /opt/airflow/dags/gcs_upload_dag.py
[2025-07-01 09:43:48,803] {processor.py:642} INFO - Processing file /opt/airflow/dags/gcs_upload_dag.py for tasks to queue
[2025-07-01 09:43:48,805] {logging_mixin.py:109} INFO - [2025-07-01 09:43:48,804] {dagbag.py:500} INFO - Filling up the DagBag from /opt/airflow/dags/gcs_upload_dag.py
[2025-07-01 09:43:49,671] {processor.py:654} INFO - DAG(s) dict_keys(['data_ingestion_gcs_dag']) retrieved from /opt/airflow/dags/gcs_upload_dag.py
[2025-07-01 09:43:49,683] {logging_mixin.py:109} INFO - [2025-07-01 09:43:49,682] {dag.py:2396} INFO - Sync 1 DAGs
[2025-07-01 09:43:49,700] {logging_mixin.py:109} INFO - [2025-07-01 09:43:49,700] {dag.py:2935} INFO - Setting next_dagrun for data_ingestion_gcs_dag to 2025-07-01T00:00:00+00:00
[2025-07-01 09:43:49,718] {processor.py:171} INFO - Processing /opt/airflow/dags/gcs_upload_dag.py took 0.926 seconds
[2025-07-01 09:44:19,971] {processor.py:163} INFO - Started process (PID=6412) to work on /opt/airflow/dags/gcs_upload_dag.py
[2025-07-01 09:44:19,973] {processor.py:642} INFO - Processing file /opt/airflow/dags/gcs_upload_dag.py for tasks to queue
[2025-07-01 09:44:19,974] {logging_mixin.py:109} INFO - [2025-07-01 09:44:19,974] {dagbag.py:500} INFO - Filling up the DagBag from /opt/airflow/dags/gcs_upload_dag.py
[2025-07-01 09:44:20,863] {processor.py:654} INFO - DAG(s) dict_keys(['data_ingestion_gcs_dag']) retrieved from /opt/airflow/dags/gcs_upload_dag.py
[2025-07-01 09:44:20,876] {logging_mixin.py:109} INFO - [2025-07-01 09:44:20,875] {dag.py:2396} INFO - Sync 1 DAGs
[2025-07-01 09:44:20,897] {logging_mixin.py:109} INFO - [2025-07-01 09:44:20,896] {dag.py:2935} INFO - Setting next_dagrun for data_ingestion_gcs_dag to 2025-07-01T00:00:00+00:00
[2025-07-01 09:44:20,908] {processor.py:171} INFO - Processing /opt/airflow/dags/gcs_upload_dag.py took 0.941 seconds
[2025-07-01 09:44:51,141] {processor.py:163} INFO - Started process (PID=6455) to work on /opt/airflow/dags/gcs_upload_dag.py
[2025-07-01 09:44:51,142] {processor.py:642} INFO - Processing file /opt/airflow/dags/gcs_upload_dag.py for tasks to queue
[2025-07-01 09:44:51,143] {logging_mixin.py:109} INFO - [2025-07-01 09:44:51,143] {dagbag.py:500} INFO - Filling up the DagBag from /opt/airflow/dags/gcs_upload_dag.py
[2025-07-01 09:44:52,080] {processor.py:654} INFO - DAG(s) dict_keys(['data_ingestion_gcs_dag']) retrieved from /opt/airflow/dags/gcs_upload_dag.py
[2025-07-01 09:44:52,093] {logging_mixin.py:109} INFO - [2025-07-01 09:44:52,091] {dag.py:2396} INFO - Sync 1 DAGs
[2025-07-01 09:44:52,115] {logging_mixin.py:109} INFO - [2025-07-01 09:44:52,115] {dag.py:2935} INFO - Setting next_dagrun for data_ingestion_gcs_dag to 2025-07-01T00:00:00+00:00
[2025-07-01 09:44:52,128] {processor.py:171} INFO - Processing /opt/airflow/dags/gcs_upload_dag.py took 0.990 seconds
[2025-07-01 09:45:22,319] {processor.py:163} INFO - Started process (PID=6488) to work on /opt/airflow/dags/gcs_upload_dag.py
[2025-07-01 09:45:22,320] {processor.py:642} INFO - Processing file /opt/airflow/dags/gcs_upload_dag.py for tasks to queue
[2025-07-01 09:45:22,321] {logging_mixin.py:109} INFO - [2025-07-01 09:45:22,321] {dagbag.py:500} INFO - Filling up the DagBag from /opt/airflow/dags/gcs_upload_dag.py
[2025-07-01 09:45:23,248] {processor.py:654} INFO - DAG(s) dict_keys(['data_ingestion_gcs_dag']) retrieved from /opt/airflow/dags/gcs_upload_dag.py
[2025-07-01 09:45:23,262] {logging_mixin.py:109} INFO - [2025-07-01 09:45:23,261] {dag.py:2396} INFO - Sync 1 DAGs
[2025-07-01 09:45:23,279] {logging_mixin.py:109} INFO - [2025-07-01 09:45:23,279] {dag.py:2935} INFO - Setting next_dagrun for data_ingestion_gcs_dag to 2025-07-01T00:00:00+00:00
[2025-07-01 09:45:23,291] {processor.py:171} INFO - Processing /opt/airflow/dags/gcs_upload_dag.py took 0.976 seconds
[2025-07-01 09:45:53,504] {processor.py:163} INFO - Started process (PID=6531) to work on /opt/airflow/dags/gcs_upload_dag.py
[2025-07-01 09:45:53,506] {processor.py:642} INFO - Processing file /opt/airflow/dags/gcs_upload_dag.py for tasks to queue
[2025-07-01 09:45:53,507] {logging_mixin.py:109} INFO - [2025-07-01 09:45:53,507] {dagbag.py:500} INFO - Filling up the DagBag from /opt/airflow/dags/gcs_upload_dag.py
[2025-07-01 09:45:54,724] {processor.py:654} INFO - DAG(s) dict_keys(['data_ingestion_gcs_dag']) retrieved from /opt/airflow/dags/gcs_upload_dag.py
[2025-07-01 09:45:54,738] {logging_mixin.py:109} INFO - [2025-07-01 09:45:54,737] {dag.py:2396} INFO - Sync 1 DAGs
[2025-07-01 09:45:54,760] {logging_mixin.py:109} INFO - [2025-07-01 09:45:54,760] {dag.py:2935} INFO - Setting next_dagrun for data_ingestion_gcs_dag to 2025-07-01T00:00:00+00:00
[2025-07-01 09:45:54,776] {processor.py:171} INFO - Processing /opt/airflow/dags/gcs_upload_dag.py took 1.276 seconds
[2025-07-01 09:46:24,993] {processor.py:163} INFO - Started process (PID=6565) to work on /opt/airflow/dags/gcs_upload_dag.py
[2025-07-01 09:46:24,996] {processor.py:642} INFO - Processing file /opt/airflow/dags/gcs_upload_dag.py for tasks to queue
[2025-07-01 09:46:24,997] {logging_mixin.py:109} INFO - [2025-07-01 09:46:24,997] {dagbag.py:500} INFO - Filling up the DagBag from /opt/airflow/dags/gcs_upload_dag.py
[2025-07-01 09:46:25,829] {processor.py:654} INFO - DAG(s) dict_keys(['data_ingestion_gcs_dag']) retrieved from /opt/airflow/dags/gcs_upload_dag.py
[2025-07-01 09:46:25,842] {logging_mixin.py:109} INFO - [2025-07-01 09:46:25,841] {dag.py:2396} INFO - Sync 1 DAGs
[2025-07-01 09:46:25,858] {logging_mixin.py:109} INFO - [2025-07-01 09:46:25,858] {dag.py:2935} INFO - Setting next_dagrun for data_ingestion_gcs_dag to 2025-07-01T00:00:00+00:00
[2025-07-01 09:46:25,870] {processor.py:171} INFO - Processing /opt/airflow/dags/gcs_upload_dag.py took 0.883 seconds
[2025-07-01 09:46:55,997] {processor.py:163} INFO - Started process (PID=6598) to work on /opt/airflow/dags/gcs_upload_dag.py
[2025-07-01 09:46:55,998] {processor.py:642} INFO - Processing file /opt/airflow/dags/gcs_upload_dag.py for tasks to queue
[2025-07-01 09:46:56,000] {logging_mixin.py:109} INFO - [2025-07-01 09:46:55,999] {dagbag.py:500} INFO - Filling up the DagBag from /opt/airflow/dags/gcs_upload_dag.py
[2025-07-01 09:46:56,864] {processor.py:654} INFO - DAG(s) dict_keys(['data_ingestion_gcs_dag']) retrieved from /opt/airflow/dags/gcs_upload_dag.py
[2025-07-01 09:46:56,876] {logging_mixin.py:109} INFO - [2025-07-01 09:46:56,875] {dag.py:2396} INFO - Sync 1 DAGs
[2025-07-01 09:46:56,892] {logging_mixin.py:109} INFO - [2025-07-01 09:46:56,892] {dag.py:2935} INFO - Setting next_dagrun for data_ingestion_gcs_dag to 2025-07-01T00:00:00+00:00
[2025-07-01 09:46:56,903] {processor.py:171} INFO - Processing /opt/airflow/dags/gcs_upload_dag.py took 0.910 seconds
[2025-07-01 09:47:27,128] {processor.py:163} INFO - Started process (PID=6640) to work on /opt/airflow/dags/gcs_upload_dag.py
[2025-07-01 09:47:27,130] {processor.py:642} INFO - Processing file /opt/airflow/dags/gcs_upload_dag.py for tasks to queue
[2025-07-01 09:47:27,131] {logging_mixin.py:109} INFO - [2025-07-01 09:47:27,131] {dagbag.py:500} INFO - Filling up the DagBag from /opt/airflow/dags/gcs_upload_dag.py
[2025-07-01 09:47:28,126] {processor.py:654} INFO - DAG(s) dict_keys(['data_ingestion_gcs_dag']) retrieved from /opt/airflow/dags/gcs_upload_dag.py
[2025-07-01 09:47:28,139] {logging_mixin.py:109} INFO - [2025-07-01 09:47:28,138] {dag.py:2396} INFO - Sync 1 DAGs
[2025-07-01 09:47:28,158] {logging_mixin.py:109} INFO - [2025-07-01 09:47:28,158] {dag.py:2935} INFO - Setting next_dagrun for data_ingestion_gcs_dag to 2025-07-01T00:00:00+00:00
[2025-07-01 09:47:28,171] {processor.py:171} INFO - Processing /opt/airflow/dags/gcs_upload_dag.py took 1.046 seconds
[2025-07-01 09:47:58,349] {processor.py:163} INFO - Started process (PID=6673) to work on /opt/airflow/dags/gcs_upload_dag.py
[2025-07-01 09:47:58,351] {processor.py:642} INFO - Processing file /opt/airflow/dags/gcs_upload_dag.py for tasks to queue
[2025-07-01 09:47:58,353] {logging_mixin.py:109} INFO - [2025-07-01 09:47:58,352] {dagbag.py:500} INFO - Filling up the DagBag from /opt/airflow/dags/gcs_upload_dag.py
[2025-07-01 09:47:59,158] {processor.py:654} INFO - DAG(s) dict_keys(['data_ingestion_gcs_dag']) retrieved from /opt/airflow/dags/gcs_upload_dag.py
[2025-07-01 09:47:59,171] {logging_mixin.py:109} INFO - [2025-07-01 09:47:59,170] {dag.py:2396} INFO - Sync 1 DAGs
[2025-07-01 09:47:59,189] {logging_mixin.py:109} INFO - [2025-07-01 09:47:59,189] {dag.py:2935} INFO - Setting next_dagrun for data_ingestion_gcs_dag to 2025-07-01T00:00:00+00:00
[2025-07-01 09:47:59,201] {processor.py:171} INFO - Processing /opt/airflow/dags/gcs_upload_dag.py took 0.856 seconds
[2025-07-01 09:48:29,397] {processor.py:163} INFO - Started process (PID=6713) to work on /opt/airflow/dags/gcs_upload_dag.py
[2025-07-01 09:48:29,398] {processor.py:642} INFO - Processing file /opt/airflow/dags/gcs_upload_dag.py for tasks to queue
[2025-07-01 09:48:29,399] {logging_mixin.py:109} INFO - [2025-07-01 09:48:29,399] {dagbag.py:500} INFO - Filling up the DagBag from /opt/airflow/dags/gcs_upload_dag.py
[2025-07-01 09:48:30,787] {processor.py:654} INFO - DAG(s) dict_keys(['data_ingestion_gcs_dag']) retrieved from /opt/airflow/dags/gcs_upload_dag.py
[2025-07-01 09:48:30,802] {logging_mixin.py:109} INFO - [2025-07-01 09:48:30,801] {dag.py:2396} INFO - Sync 1 DAGs
[2025-07-01 09:48:30,826] {logging_mixin.py:109} INFO - [2025-07-01 09:48:30,825] {dag.py:2935} INFO - Setting next_dagrun for data_ingestion_gcs_dag to 2025-07-01T00:00:00+00:00
[2025-07-01 09:48:30,842] {processor.py:171} INFO - Processing /opt/airflow/dags/gcs_upload_dag.py took 1.449 seconds
[2025-07-01 09:49:01,022] {processor.py:163} INFO - Started process (PID=6749) to work on /opt/airflow/dags/gcs_upload_dag.py
[2025-07-01 09:49:01,024] {processor.py:642} INFO - Processing file /opt/airflow/dags/gcs_upload_dag.py for tasks to queue
[2025-07-01 09:49:01,025] {logging_mixin.py:109} INFO - [2025-07-01 09:49:01,025] {dagbag.py:500} INFO - Filling up the DagBag from /opt/airflow/dags/gcs_upload_dag.py
[2025-07-01 09:49:01,960] {processor.py:654} INFO - DAG(s) dict_keys(['data_ingestion_gcs_dag']) retrieved from /opt/airflow/dags/gcs_upload_dag.py
[2025-07-01 09:49:01,972] {logging_mixin.py:109} INFO - [2025-07-01 09:49:01,971] {dag.py:2396} INFO - Sync 1 DAGs
[2025-07-01 09:49:01,989] {logging_mixin.py:109} INFO - [2025-07-01 09:49:01,989] {dag.py:2935} INFO - Setting next_dagrun for data_ingestion_gcs_dag to 2025-07-01T00:00:00+00:00
[2025-07-01 09:49:02,001] {processor.py:171} INFO - Processing /opt/airflow/dags/gcs_upload_dag.py took 0.983 seconds
[2025-07-01 09:49:32,205] {processor.py:163} INFO - Started process (PID=6782) to work on /opt/airflow/dags/gcs_upload_dag.py
[2025-07-01 09:49:32,206] {processor.py:642} INFO - Processing file /opt/airflow/dags/gcs_upload_dag.py for tasks to queue
[2025-07-01 09:49:32,209] {logging_mixin.py:109} INFO - [2025-07-01 09:49:32,208] {dagbag.py:500} INFO - Filling up the DagBag from /opt/airflow/dags/gcs_upload_dag.py
[2025-07-01 09:49:33,349] {processor.py:654} INFO - DAG(s) dict_keys(['data_ingestion_gcs_dag']) retrieved from /opt/airflow/dags/gcs_upload_dag.py
[2025-07-01 09:49:33,362] {logging_mixin.py:109} INFO - [2025-07-01 09:49:33,361] {dag.py:2396} INFO - Sync 1 DAGs
[2025-07-01 09:49:33,380] {logging_mixin.py:109} INFO - [2025-07-01 09:49:33,380] {dag.py:2935} INFO - Setting next_dagrun for data_ingestion_gcs_dag to 2025-07-01T00:00:00+00:00
[2025-07-01 09:49:33,394] {processor.py:171} INFO - Processing /opt/airflow/dags/gcs_upload_dag.py took 1.192 seconds
[2025-07-01 09:50:03,462] {processor.py:163} INFO - Started process (PID=6825) to work on /opt/airflow/dags/gcs_upload_dag.py
[2025-07-01 09:50:03,463] {processor.py:642} INFO - Processing file /opt/airflow/dags/gcs_upload_dag.py for tasks to queue
[2025-07-01 09:50:03,464] {logging_mixin.py:109} INFO - [2025-07-01 09:50:03,464] {dagbag.py:500} INFO - Filling up the DagBag from /opt/airflow/dags/gcs_upload_dag.py
[2025-07-01 09:50:04,294] {processor.py:654} INFO - DAG(s) dict_keys(['data_ingestion_gcs_dag']) retrieved from /opt/airflow/dags/gcs_upload_dag.py
[2025-07-01 09:50:04,306] {logging_mixin.py:109} INFO - [2025-07-01 09:50:04,305] {dag.py:2396} INFO - Sync 1 DAGs
[2025-07-01 09:50:04,324] {logging_mixin.py:109} INFO - [2025-07-01 09:50:04,324] {dag.py:2935} INFO - Setting next_dagrun for data_ingestion_gcs_dag to 2025-07-01T00:00:00+00:00
[2025-07-01 09:50:04,336] {processor.py:171} INFO - Processing /opt/airflow/dags/gcs_upload_dag.py took 0.879 seconds
[2025-07-01 09:50:34,546] {processor.py:163} INFO - Started process (PID=6858) to work on /opt/airflow/dags/gcs_upload_dag.py
[2025-07-01 09:50:34,548] {processor.py:642} INFO - Processing file /opt/airflow/dags/gcs_upload_dag.py for tasks to queue
[2025-07-01 09:50:34,549] {logging_mixin.py:109} INFO - [2025-07-01 09:50:34,549] {dagbag.py:500} INFO - Filling up the DagBag from /opt/airflow/dags/gcs_upload_dag.py
[2025-07-01 09:50:35,472] {processor.py:654} INFO - DAG(s) dict_keys(['data_ingestion_gcs_dag']) retrieved from /opt/airflow/dags/gcs_upload_dag.py
[2025-07-01 09:50:35,484] {logging_mixin.py:109} INFO - [2025-07-01 09:50:35,483] {dag.py:2396} INFO - Sync 1 DAGs
[2025-07-01 09:50:35,503] {logging_mixin.py:109} INFO - [2025-07-01 09:50:35,502] {dag.py:2935} INFO - Setting next_dagrun for data_ingestion_gcs_dag to 2025-07-01T00:00:00+00:00
[2025-07-01 09:50:35,518] {processor.py:171} INFO - Processing /opt/airflow/dags/gcs_upload_dag.py took 0.977 seconds
[2025-07-01 09:51:05,769] {processor.py:163} INFO - Started process (PID=6901) to work on /opt/airflow/dags/gcs_upload_dag.py
[2025-07-01 09:51:05,771] {processor.py:642} INFO - Processing file /opt/airflow/dags/gcs_upload_dag.py for tasks to queue
[2025-07-01 09:51:05,773] {logging_mixin.py:109} INFO - [2025-07-01 09:51:05,773] {dagbag.py:500} INFO - Filling up the DagBag from /opt/airflow/dags/gcs_upload_dag.py
[2025-07-01 09:51:06,756] {processor.py:654} INFO - DAG(s) dict_keys(['data_ingestion_gcs_dag']) retrieved from /opt/airflow/dags/gcs_upload_dag.py
[2025-07-01 09:51:06,773] {logging_mixin.py:109} INFO - [2025-07-01 09:51:06,772] {dag.py:2396} INFO - Sync 1 DAGs
[2025-07-01 09:51:06,793] {logging_mixin.py:109} INFO - [2025-07-01 09:51:06,793] {dag.py:2935} INFO - Setting next_dagrun for data_ingestion_gcs_dag to 2025-07-01T00:00:00+00:00
[2025-07-01 09:51:06,807] {processor.py:171} INFO - Processing /opt/airflow/dags/gcs_upload_dag.py took 1.042 seconds
[2025-07-01 09:51:37,031] {processor.py:163} INFO - Started process (PID=6934) to work on /opt/airflow/dags/gcs_upload_dag.py
[2025-07-01 09:51:37,032] {processor.py:642} INFO - Processing file /opt/airflow/dags/gcs_upload_dag.py for tasks to queue
[2025-07-01 09:51:37,033] {logging_mixin.py:109} INFO - [2025-07-01 09:51:37,033] {dagbag.py:500} INFO - Filling up the DagBag from /opt/airflow/dags/gcs_upload_dag.py
[2025-07-01 09:51:38,049] {processor.py:654} INFO - DAG(s) dict_keys(['data_ingestion_gcs_dag']) retrieved from /opt/airflow/dags/gcs_upload_dag.py
[2025-07-01 09:51:38,064] {logging_mixin.py:109} INFO - [2025-07-01 09:51:38,063] {dag.py:2396} INFO - Sync 1 DAGs
[2025-07-01 09:51:38,086] {logging_mixin.py:109} INFO - [2025-07-01 09:51:38,086] {dag.py:2935} INFO - Setting next_dagrun for data_ingestion_gcs_dag to 2025-07-01T00:00:00+00:00
[2025-07-01 09:51:38,101] {processor.py:171} INFO - Processing /opt/airflow/dags/gcs_upload_dag.py took 1.075 seconds
[2025-07-01 09:52:08,383] {processor.py:163} INFO - Started process (PID=6967) to work on /opt/airflow/dags/gcs_upload_dag.py
[2025-07-01 09:52:08,385] {processor.py:642} INFO - Processing file /opt/airflow/dags/gcs_upload_dag.py for tasks to queue
[2025-07-01 09:52:08,386] {logging_mixin.py:109} INFO - [2025-07-01 09:52:08,386] {dagbag.py:500} INFO - Filling up the DagBag from /opt/airflow/dags/gcs_upload_dag.py
[2025-07-01 09:52:09,632] {processor.py:654} INFO - DAG(s) dict_keys(['data_ingestion_gcs_dag']) retrieved from /opt/airflow/dags/gcs_upload_dag.py
[2025-07-01 09:52:09,648] {logging_mixin.py:109} INFO - [2025-07-01 09:52:09,646] {dag.py:2396} INFO - Sync 1 DAGs
[2025-07-01 09:52:09,670] {logging_mixin.py:109} INFO - [2025-07-01 09:52:09,670] {dag.py:2935} INFO - Setting next_dagrun for data_ingestion_gcs_dag to 2025-07-01T00:00:00+00:00
[2025-07-01 09:52:09,684] {processor.py:171} INFO - Processing /opt/airflow/dags/gcs_upload_dag.py took 1.306 seconds
[2025-07-01 09:52:39,884] {processor.py:163} INFO - Started process (PID=7010) to work on /opt/airflow/dags/gcs_upload_dag.py
[2025-07-01 09:52:39,885] {processor.py:642} INFO - Processing file /opt/airflow/dags/gcs_upload_dag.py for tasks to queue
[2025-07-01 09:52:39,886] {logging_mixin.py:109} INFO - [2025-07-01 09:52:39,886] {dagbag.py:500} INFO - Filling up the DagBag from /opt/airflow/dags/gcs_upload_dag.py
[2025-07-01 09:52:40,721] {processor.py:654} INFO - DAG(s) dict_keys(['data_ingestion_gcs_dag']) retrieved from /opt/airflow/dags/gcs_upload_dag.py
[2025-07-01 09:52:40,735] {logging_mixin.py:109} INFO - [2025-07-01 09:52:40,734] {dag.py:2396} INFO - Sync 1 DAGs
[2025-07-01 09:52:40,753] {logging_mixin.py:109} INFO - [2025-07-01 09:52:40,753] {dag.py:2935} INFO - Setting next_dagrun for data_ingestion_gcs_dag to 2025-07-01T00:00:00+00:00
[2025-07-01 09:52:40,766] {processor.py:171} INFO - Processing /opt/airflow/dags/gcs_upload_dag.py took 0.887 seconds
[2025-07-01 09:53:10,924] {processor.py:163} INFO - Started process (PID=7043) to work on /opt/airflow/dags/gcs_upload_dag.py
[2025-07-01 09:53:10,926] {processor.py:642} INFO - Processing file /opt/airflow/dags/gcs_upload_dag.py for tasks to queue
[2025-07-01 09:53:10,926] {logging_mixin.py:109} INFO - [2025-07-01 09:53:10,926] {dagbag.py:500} INFO - Filling up the DagBag from /opt/airflow/dags/gcs_upload_dag.py
[2025-07-01 09:53:11,970] {processor.py:654} INFO - DAG(s) dict_keys(['data_ingestion_gcs_dag']) retrieved from /opt/airflow/dags/gcs_upload_dag.py
[2025-07-01 09:53:11,987] {logging_mixin.py:109} INFO - [2025-07-01 09:53:11,985] {dag.py:2396} INFO - Sync 1 DAGs
[2025-07-01 09:53:12,008] {logging_mixin.py:109} INFO - [2025-07-01 09:53:12,008] {dag.py:2935} INFO - Setting next_dagrun for data_ingestion_gcs_dag to 2025-07-01T00:00:00+00:00
[2025-07-01 09:53:12,019] {processor.py:171} INFO - Processing /opt/airflow/dags/gcs_upload_dag.py took 1.098 seconds
[2025-07-01 09:53:42,141] {processor.py:163} INFO - Started process (PID=7086) to work on /opt/airflow/dags/gcs_upload_dag.py
[2025-07-01 09:53:42,143] {processor.py:642} INFO - Processing file /opt/airflow/dags/gcs_upload_dag.py for tasks to queue
[2025-07-01 09:53:42,144] {logging_mixin.py:109} INFO - [2025-07-01 09:53:42,144] {dagbag.py:500} INFO - Filling up the DagBag from /opt/airflow/dags/gcs_upload_dag.py
[2025-07-01 09:53:43,229] {processor.py:654} INFO - DAG(s) dict_keys(['data_ingestion_gcs_dag']) retrieved from /opt/airflow/dags/gcs_upload_dag.py
[2025-07-01 09:53:43,245] {logging_mixin.py:109} INFO - [2025-07-01 09:53:43,243] {dag.py:2396} INFO - Sync 1 DAGs
[2025-07-01 09:53:43,269] {logging_mixin.py:109} INFO - [2025-07-01 09:53:43,269] {dag.py:2935} INFO - Setting next_dagrun for data_ingestion_gcs_dag to 2025-07-01T00:00:00+00:00
[2025-07-01 09:53:43,292] {processor.py:171} INFO - Processing /opt/airflow/dags/gcs_upload_dag.py took 1.154 seconds
[2025-07-01 09:54:13,421] {processor.py:163} INFO - Started process (PID=7119) to work on /opt/airflow/dags/gcs_upload_dag.py
[2025-07-01 09:54:13,422] {processor.py:642} INFO - Processing file /opt/airflow/dags/gcs_upload_dag.py for tasks to queue
[2025-07-01 09:54:13,423] {logging_mixin.py:109} INFO - [2025-07-01 09:54:13,423] {dagbag.py:500} INFO - Filling up the DagBag from /opt/airflow/dags/gcs_upload_dag.py
[2025-07-01 09:54:14,472] {processor.py:654} INFO - DAG(s) dict_keys(['data_ingestion_gcs_dag']) retrieved from /opt/airflow/dags/gcs_upload_dag.py
[2025-07-01 09:54:14,486] {logging_mixin.py:109} INFO - [2025-07-01 09:54:14,485] {dag.py:2396} INFO - Sync 1 DAGs
[2025-07-01 09:54:14,505] {logging_mixin.py:109} INFO - [2025-07-01 09:54:14,504] {dag.py:2935} INFO - Setting next_dagrun for data_ingestion_gcs_dag to 2025-07-01T00:00:00+00:00
[2025-07-01 09:54:14,519] {processor.py:171} INFO - Processing /opt/airflow/dags/gcs_upload_dag.py took 1.102 seconds
[2025-07-01 09:54:44,657] {processor.py:163} INFO - Started process (PID=7162) to work on /opt/airflow/dags/gcs_upload_dag.py
[2025-07-01 09:54:44,658] {processor.py:642} INFO - Processing file /opt/airflow/dags/gcs_upload_dag.py for tasks to queue
[2025-07-01 09:54:44,660] {logging_mixin.py:109} INFO - [2025-07-01 09:54:44,659] {dagbag.py:500} INFO - Filling up the DagBag from /opt/airflow/dags/gcs_upload_dag.py
[2025-07-01 09:54:45,951] {processor.py:654} INFO - DAG(s) dict_keys(['data_ingestion_gcs_dag']) retrieved from /opt/airflow/dags/gcs_upload_dag.py
[2025-07-01 09:54:45,966] {logging_mixin.py:109} INFO - [2025-07-01 09:54:45,965] {dag.py:2396} INFO - Sync 1 DAGs
[2025-07-01 09:54:45,993] {logging_mixin.py:109} INFO - [2025-07-01 09:54:45,993] {dag.py:2935} INFO - Setting next_dagrun for data_ingestion_gcs_dag to 2025-07-01T00:00:00+00:00
[2025-07-01 09:54:46,008] {processor.py:171} INFO - Processing /opt/airflow/dags/gcs_upload_dag.py took 1.355 seconds
[2025-07-01 09:55:16,189] {processor.py:163} INFO - Started process (PID=7195) to work on /opt/airflow/dags/gcs_upload_dag.py
[2025-07-01 09:55:16,191] {processor.py:642} INFO - Processing file /opt/airflow/dags/gcs_upload_dag.py for tasks to queue
[2025-07-01 09:55:16,192] {logging_mixin.py:109} INFO - [2025-07-01 09:55:16,192] {dagbag.py:500} INFO - Filling up the DagBag from /opt/airflow/dags/gcs_upload_dag.py
[2025-07-01 09:55:17,179] {processor.py:654} INFO - DAG(s) dict_keys(['data_ingestion_gcs_dag']) retrieved from /opt/airflow/dags/gcs_upload_dag.py
[2025-07-01 09:55:17,191] {logging_mixin.py:109} INFO - [2025-07-01 09:55:17,190] {dag.py:2396} INFO - Sync 1 DAGs
[2025-07-01 09:55:17,209] {logging_mixin.py:109} INFO - [2025-07-01 09:55:17,209] {dag.py:2935} INFO - Setting next_dagrun for data_ingestion_gcs_dag to 2025-07-01T00:00:00+00:00
[2025-07-01 09:55:17,223] {processor.py:171} INFO - Processing /opt/airflow/dags/gcs_upload_dag.py took 1.039 seconds
[2025-07-01 09:55:47,421] {processor.py:163} INFO - Started process (PID=7228) to work on /opt/airflow/dags/gcs_upload_dag.py
[2025-07-01 09:55:47,423] {processor.py:642} INFO - Processing file /opt/airflow/dags/gcs_upload_dag.py for tasks to queue
[2025-07-01 09:55:47,425] {logging_mixin.py:109} INFO - [2025-07-01 09:55:47,425] {dagbag.py:500} INFO - Filling up the DagBag from /opt/airflow/dags/gcs_upload_dag.py
[2025-07-01 09:55:48,301] {processor.py:654} INFO - DAG(s) dict_keys(['data_ingestion_gcs_dag']) retrieved from /opt/airflow/dags/gcs_upload_dag.py
[2025-07-01 09:55:48,312] {logging_mixin.py:109} INFO - [2025-07-01 09:55:48,311] {dag.py:2396} INFO - Sync 1 DAGs
[2025-07-01 09:55:48,328] {logging_mixin.py:109} INFO - [2025-07-01 09:55:48,328] {dag.py:2935} INFO - Setting next_dagrun for data_ingestion_gcs_dag to 2025-07-01T00:00:00+00:00
[2025-07-01 09:55:48,340] {processor.py:171} INFO - Processing /opt/airflow/dags/gcs_upload_dag.py took 0.927 seconds
[2025-07-01 09:56:18,640] {processor.py:163} INFO - Started process (PID=7271) to work on /opt/airflow/dags/gcs_upload_dag.py
[2025-07-01 09:56:18,641] {processor.py:642} INFO - Processing file /opt/airflow/dags/gcs_upload_dag.py for tasks to queue
[2025-07-01 09:56:18,642] {logging_mixin.py:109} INFO - [2025-07-01 09:56:18,642] {dagbag.py:500} INFO - Filling up the DagBag from /opt/airflow/dags/gcs_upload_dag.py
[2025-07-01 09:56:19,555] {processor.py:654} INFO - DAG(s) dict_keys(['data_ingestion_gcs_dag']) retrieved from /opt/airflow/dags/gcs_upload_dag.py
[2025-07-01 09:56:19,573] {logging_mixin.py:109} INFO - [2025-07-01 09:56:19,571] {dag.py:2396} INFO - Sync 1 DAGs
[2025-07-01 09:56:19,597] {logging_mixin.py:109} INFO - [2025-07-01 09:56:19,597] {dag.py:2935} INFO - Setting next_dagrun for data_ingestion_gcs_dag to 2025-07-01T00:00:00+00:00
[2025-07-01 09:56:19,613] {processor.py:171} INFO - Processing /opt/airflow/dags/gcs_upload_dag.py took 0.975 seconds
[2025-07-01 09:56:49,894] {processor.py:163} INFO - Started process (PID=7304) to work on /opt/airflow/dags/gcs_upload_dag.py
[2025-07-01 09:56:49,895] {processor.py:642} INFO - Processing file /opt/airflow/dags/gcs_upload_dag.py for tasks to queue
[2025-07-01 09:56:49,896] {logging_mixin.py:109} INFO - [2025-07-01 09:56:49,896] {dagbag.py:500} INFO - Filling up the DagBag from /opt/airflow/dags/gcs_upload_dag.py
[2025-07-01 09:56:50,828] {processor.py:654} INFO - DAG(s) dict_keys(['data_ingestion_gcs_dag']) retrieved from /opt/airflow/dags/gcs_upload_dag.py
[2025-07-01 09:56:50,842] {logging_mixin.py:109} INFO - [2025-07-01 09:56:50,841] {dag.py:2396} INFO - Sync 1 DAGs
[2025-07-01 09:56:50,862] {logging_mixin.py:109} INFO - [2025-07-01 09:56:50,862] {dag.py:2935} INFO - Setting next_dagrun for data_ingestion_gcs_dag to 2025-07-01T00:00:00+00:00
[2025-07-01 09:56:50,875] {processor.py:171} INFO - Processing /opt/airflow/dags/gcs_upload_dag.py took 0.984 seconds
[2025-07-01 09:57:21,106] {processor.py:163} INFO - Started process (PID=7347) to work on /opt/airflow/dags/gcs_upload_dag.py
[2025-07-01 09:57:21,107] {processor.py:642} INFO - Processing file /opt/airflow/dags/gcs_upload_dag.py for tasks to queue
[2025-07-01 09:57:21,108] {logging_mixin.py:109} INFO - [2025-07-01 09:57:21,108] {dagbag.py:500} INFO - Filling up the DagBag from /opt/airflow/dags/gcs_upload_dag.py
[2025-07-01 09:57:22,204] {processor.py:654} INFO - DAG(s) dict_keys(['data_ingestion_gcs_dag']) retrieved from /opt/airflow/dags/gcs_upload_dag.py
[2025-07-01 09:57:22,217] {logging_mixin.py:109} INFO - [2025-07-01 09:57:22,216] {dag.py:2396} INFO - Sync 1 DAGs
[2025-07-01 09:57:22,236] {logging_mixin.py:109} INFO - [2025-07-01 09:57:22,236] {dag.py:2935} INFO - Setting next_dagrun for data_ingestion_gcs_dag to 2025-07-01T00:00:00+00:00
[2025-07-01 09:57:22,247] {processor.py:171} INFO - Processing /opt/airflow/dags/gcs_upload_dag.py took 1.146 seconds
[2025-07-01 09:57:52,327] {processor.py:163} INFO - Started process (PID=7380) to work on /opt/airflow/dags/gcs_upload_dag.py
[2025-07-01 09:57:52,329] {processor.py:642} INFO - Processing file /opt/airflow/dags/gcs_upload_dag.py for tasks to queue
[2025-07-01 09:57:52,330] {logging_mixin.py:109} INFO - [2025-07-01 09:57:52,330] {dagbag.py:500} INFO - Filling up the DagBag from /opt/airflow/dags/gcs_upload_dag.py
[2025-07-01 09:57:53,278] {processor.py:654} INFO - DAG(s) dict_keys(['data_ingestion_gcs_dag']) retrieved from /opt/airflow/dags/gcs_upload_dag.py
[2025-07-01 09:57:53,290] {logging_mixin.py:109} INFO - [2025-07-01 09:57:53,289] {dag.py:2396} INFO - Sync 1 DAGs
[2025-07-01 09:57:53,309] {logging_mixin.py:109} INFO - [2025-07-01 09:57:53,308] {dag.py:2935} INFO - Setting next_dagrun for data_ingestion_gcs_dag to 2025-07-01T00:00:00+00:00
[2025-07-01 09:57:53,322] {processor.py:171} INFO - Processing /opt/airflow/dags/gcs_upload_dag.py took 0.998 seconds
[2025-07-01 09:58:23,558] {processor.py:163} INFO - Started process (PID=7413) to work on /opt/airflow/dags/gcs_upload_dag.py
[2025-07-01 09:58:23,559] {processor.py:642} INFO - Processing file /opt/airflow/dags/gcs_upload_dag.py for tasks to queue
[2025-07-01 09:58:23,560] {logging_mixin.py:109} INFO - [2025-07-01 09:58:23,560] {dagbag.py:500} INFO - Filling up the DagBag from /opt/airflow/dags/gcs_upload_dag.py
[2025-07-01 09:58:24,482] {processor.py:654} INFO - DAG(s) dict_keys(['data_ingestion_gcs_dag']) retrieved from /opt/airflow/dags/gcs_upload_dag.py
[2025-07-01 09:58:24,495] {logging_mixin.py:109} INFO - [2025-07-01 09:58:24,494] {dag.py:2396} INFO - Sync 1 DAGs
[2025-07-01 09:58:24,516] {logging_mixin.py:109} INFO - [2025-07-01 09:58:24,515] {dag.py:2935} INFO - Setting next_dagrun for data_ingestion_gcs_dag to 2025-07-01T00:00:00+00:00
[2025-07-01 09:58:24,530] {processor.py:171} INFO - Processing /opt/airflow/dags/gcs_upload_dag.py took 0.982 seconds
[2025-07-01 09:58:54,781] {processor.py:163} INFO - Started process (PID=7456) to work on /opt/airflow/dags/gcs_upload_dag.py
[2025-07-01 09:58:54,785] {processor.py:642} INFO - Processing file /opt/airflow/dags/gcs_upload_dag.py for tasks to queue
[2025-07-01 09:58:54,788] {logging_mixin.py:109} INFO - [2025-07-01 09:58:54,788] {dagbag.py:500} INFO - Filling up the DagBag from /opt/airflow/dags/gcs_upload_dag.py
[2025-07-01 09:58:55,952] {processor.py:654} INFO - DAG(s) dict_keys(['data_ingestion_gcs_dag']) retrieved from /opt/airflow/dags/gcs_upload_dag.py
[2025-07-01 09:58:55,970] {logging_mixin.py:109} INFO - [2025-07-01 09:58:55,967] {dag.py:2396} INFO - Sync 1 DAGs
[2025-07-01 09:58:55,999] {logging_mixin.py:109} INFO - [2025-07-01 09:58:55,999] {dag.py:2935} INFO - Setting next_dagrun for data_ingestion_gcs_dag to 2025-07-01T00:00:00+00:00
[2025-07-01 09:58:56,015] {processor.py:171} INFO - Processing /opt/airflow/dags/gcs_upload_dag.py took 1.238 seconds
[2025-07-01 09:59:26,205] {processor.py:163} INFO - Started process (PID=7489) to work on /opt/airflow/dags/gcs_upload_dag.py
[2025-07-01 09:59:26,207] {processor.py:642} INFO - Processing file /opt/airflow/dags/gcs_upload_dag.py for tasks to queue
[2025-07-01 09:59:26,208] {logging_mixin.py:109} INFO - [2025-07-01 09:59:26,208] {dagbag.py:500} INFO - Filling up the DagBag from /opt/airflow/dags/gcs_upload_dag.py
[2025-07-01 09:59:27,076] {processor.py:654} INFO - DAG(s) dict_keys(['data_ingestion_gcs_dag']) retrieved from /opt/airflow/dags/gcs_upload_dag.py
[2025-07-01 09:59:27,088] {logging_mixin.py:109} INFO - [2025-07-01 09:59:27,087] {dag.py:2396} INFO - Sync 1 DAGs
[2025-07-01 09:59:27,106] {logging_mixin.py:109} INFO - [2025-07-01 09:59:27,106] {dag.py:2935} INFO - Setting next_dagrun for data_ingestion_gcs_dag to 2025-07-01T00:00:00+00:00
[2025-07-01 09:59:27,118] {processor.py:171} INFO - Processing /opt/airflow/dags/gcs_upload_dag.py took 0.917 seconds
[2025-07-01 09:59:57,317] {processor.py:163} INFO - Started process (PID=7532) to work on /opt/airflow/dags/gcs_upload_dag.py
[2025-07-01 09:59:57,320] {processor.py:642} INFO - Processing file /opt/airflow/dags/gcs_upload_dag.py for tasks to queue
[2025-07-01 09:59:57,322] {logging_mixin.py:109} INFO - [2025-07-01 09:59:57,321] {dagbag.py:500} INFO - Filling up the DagBag from /opt/airflow/dags/gcs_upload_dag.py
[2025-07-01 09:59:58,552] {processor.py:654} INFO - DAG(s) dict_keys(['data_ingestion_gcs_dag']) retrieved from /opt/airflow/dags/gcs_upload_dag.py
[2025-07-01 09:59:58,564] {logging_mixin.py:109} INFO - [2025-07-01 09:59:58,563] {dag.py:2396} INFO - Sync 1 DAGs
[2025-07-01 09:59:58,585] {logging_mixin.py:109} INFO - [2025-07-01 09:59:58,585] {dag.py:2935} INFO - Setting next_dagrun for data_ingestion_gcs_dag to 2025-07-01T00:00:00+00:00
[2025-07-01 09:59:58,598] {processor.py:171} INFO - Processing /opt/airflow/dags/gcs_upload_dag.py took 1.287 seconds
[2025-07-01 10:00:28,793] {processor.py:163} INFO - Started process (PID=7565) to work on /opt/airflow/dags/gcs_upload_dag.py
[2025-07-01 10:00:28,794] {processor.py:642} INFO - Processing file /opt/airflow/dags/gcs_upload_dag.py for tasks to queue
[2025-07-01 10:00:28,796] {logging_mixin.py:109} INFO - [2025-07-01 10:00:28,795] {dagbag.py:500} INFO - Filling up the DagBag from /opt/airflow/dags/gcs_upload_dag.py
[2025-07-01 10:00:29,678] {processor.py:654} INFO - DAG(s) dict_keys(['data_ingestion_gcs_dag']) retrieved from /opt/airflow/dags/gcs_upload_dag.py
[2025-07-01 10:00:29,694] {logging_mixin.py:109} INFO - [2025-07-01 10:00:29,692] {dag.py:2396} INFO - Sync 1 DAGs
[2025-07-01 10:00:29,720] {logging_mixin.py:109} INFO - [2025-07-01 10:00:29,720] {dag.py:2935} INFO - Setting next_dagrun for data_ingestion_gcs_dag to 2025-07-01T00:00:00+00:00
[2025-07-01 10:00:29,741] {processor.py:171} INFO - Processing /opt/airflow/dags/gcs_upload_dag.py took 0.953 seconds
[2025-07-01 10:00:59,932] {processor.py:163} INFO - Started process (PID=7599) to work on /opt/airflow/dags/gcs_upload_dag.py
[2025-07-01 10:00:59,933] {processor.py:642} INFO - Processing file /opt/airflow/dags/gcs_upload_dag.py for tasks to queue
[2025-07-01 10:00:59,934] {logging_mixin.py:109} INFO - [2025-07-01 10:00:59,934] {dagbag.py:500} INFO - Filling up the DagBag from /opt/airflow/dags/gcs_upload_dag.py
[2025-07-01 10:01:00,745] {processor.py:654} INFO - DAG(s) dict_keys(['data_ingestion_gcs_dag']) retrieved from /opt/airflow/dags/gcs_upload_dag.py
[2025-07-01 10:01:00,757] {logging_mixin.py:109} INFO - [2025-07-01 10:01:00,756] {dag.py:2396} INFO - Sync 1 DAGs
[2025-07-01 10:01:00,775] {logging_mixin.py:109} INFO - [2025-07-01 10:01:00,774] {dag.py:2935} INFO - Setting next_dagrun for data_ingestion_gcs_dag to 2025-07-01T00:00:00+00:00
[2025-07-01 10:01:00,785] {processor.py:171} INFO - Processing /opt/airflow/dags/gcs_upload_dag.py took 0.856 seconds
[2025-07-01 10:01:30,945] {processor.py:163} INFO - Started process (PID=7642) to work on /opt/airflow/dags/gcs_upload_dag.py
[2025-07-01 10:01:30,947] {processor.py:642} INFO - Processing file /opt/airflow/dags/gcs_upload_dag.py for tasks to queue
[2025-07-01 10:01:30,948] {logging_mixin.py:109} INFO - [2025-07-01 10:01:30,948] {dagbag.py:500} INFO - Filling up the DagBag from /opt/airflow/dags/gcs_upload_dag.py
[2025-07-01 10:01:31,954] {processor.py:654} INFO - DAG(s) dict_keys(['data_ingestion_gcs_dag']) retrieved from /opt/airflow/dags/gcs_upload_dag.py
[2025-07-01 10:01:31,971] {logging_mixin.py:109} INFO - [2025-07-01 10:01:31,970] {dag.py:2396} INFO - Sync 1 DAGs
[2025-07-01 10:01:32,005] {logging_mixin.py:109} INFO - [2025-07-01 10:01:32,005] {dag.py:2935} INFO - Setting next_dagrun for data_ingestion_gcs_dag to 2025-07-01T00:00:00+00:00
[2025-07-01 10:01:32,026] {processor.py:171} INFO - Processing /opt/airflow/dags/gcs_upload_dag.py took 1.083 seconds
[2025-07-01 10:02:02,159] {processor.py:163} INFO - Started process (PID=7675) to work on /opt/airflow/dags/gcs_upload_dag.py
[2025-07-01 10:02:02,160] {processor.py:642} INFO - Processing file /opt/airflow/dags/gcs_upload_dag.py for tasks to queue
[2025-07-01 10:02:02,161] {logging_mixin.py:109} INFO - [2025-07-01 10:02:02,160] {dagbag.py:500} INFO - Filling up the DagBag from /opt/airflow/dags/gcs_upload_dag.py
[2025-07-01 10:02:03,063] {processor.py:654} INFO - DAG(s) dict_keys(['data_ingestion_gcs_dag']) retrieved from /opt/airflow/dags/gcs_upload_dag.py
[2025-07-01 10:02:03,080] {logging_mixin.py:109} INFO - [2025-07-01 10:02:03,078] {dag.py:2396} INFO - Sync 1 DAGs
[2025-07-01 10:02:03,104] {logging_mixin.py:109} INFO - [2025-07-01 10:02:03,103] {dag.py:2935} INFO - Setting next_dagrun for data_ingestion_gcs_dag to 2025-07-01T00:00:00+00:00
[2025-07-01 10:02:03,117] {processor.py:171} INFO - Processing /opt/airflow/dags/gcs_upload_dag.py took 0.962 seconds
[2025-07-01 10:02:33,350] {processor.py:163} INFO - Started process (PID=7718) to work on /opt/airflow/dags/gcs_upload_dag.py
[2025-07-01 10:02:33,352] {processor.py:642} INFO - Processing file /opt/airflow/dags/gcs_upload_dag.py for tasks to queue
[2025-07-01 10:02:33,353] {logging_mixin.py:109} INFO - [2025-07-01 10:02:33,353] {dagbag.py:500} INFO - Filling up the DagBag from /opt/airflow/dags/gcs_upload_dag.py
[2025-07-01 10:02:34,293] {processor.py:654} INFO - DAG(s) dict_keys(['data_ingestion_gcs_dag']) retrieved from /opt/airflow/dags/gcs_upload_dag.py
[2025-07-01 10:02:34,307] {logging_mixin.py:109} INFO - [2025-07-01 10:02:34,306] {dag.py:2396} INFO - Sync 1 DAGs
[2025-07-01 10:02:34,324] {logging_mixin.py:109} INFO - [2025-07-01 10:02:34,323] {dag.py:2935} INFO - Setting next_dagrun for data_ingestion_gcs_dag to 2025-07-01T00:00:00+00:00
[2025-07-01 10:02:34,336] {processor.py:171} INFO - Processing /opt/airflow/dags/gcs_upload_dag.py took 0.990 seconds
[2025-07-01 10:03:04,623] {processor.py:163} INFO - Started process (PID=7751) to work on /opt/airflow/dags/gcs_upload_dag.py
[2025-07-01 10:03:04,626] {processor.py:642} INFO - Processing file /opt/airflow/dags/gcs_upload_dag.py for tasks to queue
[2025-07-01 10:03:04,628] {logging_mixin.py:109} INFO - [2025-07-01 10:03:04,627] {dagbag.py:500} INFO - Filling up the DagBag from /opt/airflow/dags/gcs_upload_dag.py
[2025-07-01 10:03:05,748] {processor.py:654} INFO - DAG(s) dict_keys(['data_ingestion_gcs_dag']) retrieved from /opt/airflow/dags/gcs_upload_dag.py
[2025-07-01 10:03:05,767] {logging_mixin.py:109} INFO - [2025-07-01 10:03:05,765] {dag.py:2396} INFO - Sync 1 DAGs
[2025-07-01 10:03:05,797] {logging_mixin.py:109} INFO - [2025-07-01 10:03:05,797] {dag.py:2935} INFO - Setting next_dagrun for data_ingestion_gcs_dag to 2025-07-01T00:00:00+00:00
[2025-07-01 10:03:05,811] {processor.py:171} INFO - Processing /opt/airflow/dags/gcs_upload_dag.py took 1.200 seconds
[2025-07-01 10:03:35,985] {processor.py:163} INFO - Started process (PID=7794) to work on /opt/airflow/dags/gcs_upload_dag.py
[2025-07-01 10:03:35,987] {processor.py:642} INFO - Processing file /opt/airflow/dags/gcs_upload_dag.py for tasks to queue
[2025-07-01 10:03:35,988] {logging_mixin.py:109} INFO - [2025-07-01 10:03:35,988] {dagbag.py:500} INFO - Filling up the DagBag from /opt/airflow/dags/gcs_upload_dag.py
[2025-07-01 10:03:37,020] {processor.py:654} INFO - DAG(s) dict_keys(['data_ingestion_gcs_dag']) retrieved from /opt/airflow/dags/gcs_upload_dag.py
[2025-07-01 10:03:37,033] {logging_mixin.py:109} INFO - [2025-07-01 10:03:37,032] {dag.py:2396} INFO - Sync 1 DAGs
[2025-07-01 10:03:37,052] {logging_mixin.py:109} INFO - [2025-07-01 10:03:37,052] {dag.py:2935} INFO - Setting next_dagrun for data_ingestion_gcs_dag to 2025-07-01T00:00:00+00:00
[2025-07-01 10:03:37,065] {processor.py:171} INFO - Processing /opt/airflow/dags/gcs_upload_dag.py took 1.085 seconds
[2025-07-01 10:04:07,202] {processor.py:163} INFO - Started process (PID=7827) to work on /opt/airflow/dags/gcs_upload_dag.py
[2025-07-01 10:04:07,205] {processor.py:642} INFO - Processing file /opt/airflow/dags/gcs_upload_dag.py for tasks to queue
[2025-07-01 10:04:07,207] {logging_mixin.py:109} INFO - [2025-07-01 10:04:07,207] {dagbag.py:500} INFO - Filling up the DagBag from /opt/airflow/dags/gcs_upload_dag.py
[2025-07-01 10:04:09,505] {processor.py:654} INFO - DAG(s) dict_keys(['data_ingestion_gcs_dag']) retrieved from /opt/airflow/dags/gcs_upload_dag.py
[2025-07-01 10:04:09,544] {logging_mixin.py:109} INFO - [2025-07-01 10:04:09,541] {dag.py:2396} INFO - Sync 1 DAGs
[2025-07-01 10:04:09,605] {logging_mixin.py:109} INFO - [2025-07-01 10:04:09,605] {dag.py:2935} INFO - Setting next_dagrun for data_ingestion_gcs_dag to 2025-07-01T00:00:00+00:00
[2025-07-01 10:04:09,632] {processor.py:171} INFO - Processing /opt/airflow/dags/gcs_upload_dag.py took 2.438 seconds
[2025-07-01 10:04:39,847] {processor.py:163} INFO - Started process (PID=7860) to work on /opt/airflow/dags/gcs_upload_dag.py
[2025-07-01 10:04:39,848] {processor.py:642} INFO - Processing file /opt/airflow/dags/gcs_upload_dag.py for tasks to queue
[2025-07-01 10:04:39,849] {logging_mixin.py:109} INFO - [2025-07-01 10:04:39,849] {dagbag.py:500} INFO - Filling up the DagBag from /opt/airflow/dags/gcs_upload_dag.py
[2025-07-01 10:04:40,801] {processor.py:654} INFO - DAG(s) dict_keys(['data_ingestion_gcs_dag']) retrieved from /opt/airflow/dags/gcs_upload_dag.py
[2025-07-01 10:04:40,816] {logging_mixin.py:109} INFO - [2025-07-01 10:04:40,814] {dag.py:2396} INFO - Sync 1 DAGs
[2025-07-01 10:04:40,834] {logging_mixin.py:109} INFO - [2025-07-01 10:04:40,834] {dag.py:2935} INFO - Setting next_dagrun for data_ingestion_gcs_dag to 2025-07-01T00:00:00+00:00
[2025-07-01 10:04:40,849] {processor.py:171} INFO - Processing /opt/airflow/dags/gcs_upload_dag.py took 1.006 seconds
[2025-07-01 10:05:11,029] {processor.py:163} INFO - Started process (PID=7893) to work on /opt/airflow/dags/gcs_upload_dag.py
[2025-07-01 10:05:11,031] {processor.py:642} INFO - Processing file /opt/airflow/dags/gcs_upload_dag.py for tasks to queue
[2025-07-01 10:05:11,031] {logging_mixin.py:109} INFO - [2025-07-01 10:05:11,031] {dagbag.py:500} INFO - Filling up the DagBag from /opt/airflow/dags/gcs_upload_dag.py
[2025-07-01 10:05:11,883] {processor.py:654} INFO - DAG(s) dict_keys(['data_ingestion_gcs_dag']) retrieved from /opt/airflow/dags/gcs_upload_dag.py
[2025-07-01 10:05:11,900] {logging_mixin.py:109} INFO - [2025-07-01 10:05:11,898] {dag.py:2396} INFO - Sync 1 DAGs
[2025-07-01 10:05:11,925] {logging_mixin.py:109} INFO - [2025-07-01 10:05:11,924] {dag.py:2935} INFO - Setting next_dagrun for data_ingestion_gcs_dag to 2025-07-01T00:00:00+00:00
[2025-07-01 10:05:11,939] {processor.py:171} INFO - Processing /opt/airflow/dags/gcs_upload_dag.py took 0.912 seconds
[2025-07-01 10:05:42,145] {processor.py:163} INFO - Started process (PID=7937) to work on /opt/airflow/dags/gcs_upload_dag.py
[2025-07-01 10:05:42,147] {processor.py:642} INFO - Processing file /opt/airflow/dags/gcs_upload_dag.py for tasks to queue
[2025-07-01 10:05:42,147] {logging_mixin.py:109} INFO - [2025-07-01 10:05:42,147] {dagbag.py:500} INFO - Filling up the DagBag from /opt/airflow/dags/gcs_upload_dag.py
[2025-07-01 10:05:43,031] {processor.py:654} INFO - DAG(s) dict_keys(['data_ingestion_gcs_dag']) retrieved from /opt/airflow/dags/gcs_upload_dag.py
[2025-07-01 10:05:43,043] {logging_mixin.py:109} INFO - [2025-07-01 10:05:43,042] {dag.py:2396} INFO - Sync 1 DAGs
[2025-07-01 10:05:43,059] {logging_mixin.py:109} INFO - [2025-07-01 10:05:43,059] {dag.py:2935} INFO - Setting next_dagrun for data_ingestion_gcs_dag to 2025-07-01T00:00:00+00:00
[2025-07-01 10:05:43,072] {processor.py:171} INFO - Processing /opt/airflow/dags/gcs_upload_dag.py took 0.929 seconds
[2025-07-01 10:06:13,279] {processor.py:163} INFO - Started process (PID=7970) to work on /opt/airflow/dags/gcs_upload_dag.py
[2025-07-01 10:06:13,281] {processor.py:642} INFO - Processing file /opt/airflow/dags/gcs_upload_dag.py for tasks to queue
[2025-07-01 10:06:13,282] {logging_mixin.py:109} INFO - [2025-07-01 10:06:13,282] {dagbag.py:500} INFO - Filling up the DagBag from /opt/airflow/dags/gcs_upload_dag.py
[2025-07-01 10:06:14,566] {processor.py:654} INFO - DAG(s) dict_keys(['data_ingestion_gcs_dag']) retrieved from /opt/airflow/dags/gcs_upload_dag.py
[2025-07-01 10:06:14,588] {logging_mixin.py:109} INFO - [2025-07-01 10:06:14,586] {dag.py:2396} INFO - Sync 1 DAGs
[2025-07-01 10:06:14,614] {logging_mixin.py:109} INFO - [2025-07-01 10:06:14,613] {dag.py:2935} INFO - Setting next_dagrun for data_ingestion_gcs_dag to 2025-07-01T00:00:00+00:00
[2025-07-01 10:06:14,629] {processor.py:171} INFO - Processing /opt/airflow/dags/gcs_upload_dag.py took 1.355 seconds
[2025-07-01 10:06:44,821] {processor.py:163} INFO - Started process (PID=8013) to work on /opt/airflow/dags/gcs_upload_dag.py
[2025-07-01 10:06:44,823] {processor.py:642} INFO - Processing file /opt/airflow/dags/gcs_upload_dag.py for tasks to queue
[2025-07-01 10:06:44,824] {logging_mixin.py:109} INFO - [2025-07-01 10:06:44,824] {dagbag.py:500} INFO - Filling up the DagBag from /opt/airflow/dags/gcs_upload_dag.py
[2025-07-01 10:06:45,846] {processor.py:654} INFO - DAG(s) dict_keys(['data_ingestion_gcs_dag']) retrieved from /opt/airflow/dags/gcs_upload_dag.py
[2025-07-01 10:06:45,862] {logging_mixin.py:109} INFO - [2025-07-01 10:06:45,860] {dag.py:2396} INFO - Sync 1 DAGs
[2025-07-01 10:06:45,882] {logging_mixin.py:109} INFO - [2025-07-01 10:06:45,882] {dag.py:2935} INFO - Setting next_dagrun for data_ingestion_gcs_dag to 2025-07-01T00:00:00+00:00
[2025-07-01 10:06:45,896] {processor.py:171} INFO - Processing /opt/airflow/dags/gcs_upload_dag.py took 1.079 seconds
[2025-07-01 10:07:16,010] {processor.py:163} INFO - Started process (PID=8046) to work on /opt/airflow/dags/gcs_upload_dag.py
[2025-07-01 10:07:16,012] {processor.py:642} INFO - Processing file /opt/airflow/dags/gcs_upload_dag.py for tasks to queue
[2025-07-01 10:07:16,013] {logging_mixin.py:109} INFO - [2025-07-01 10:07:16,013] {dagbag.py:500} INFO - Filling up the DagBag from /opt/airflow/dags/gcs_upload_dag.py
[2025-07-01 10:07:16,885] {processor.py:654} INFO - DAG(s) dict_keys(['data_ingestion_gcs_dag']) retrieved from /opt/airflow/dags/gcs_upload_dag.py
[2025-07-01 10:07:16,898] {logging_mixin.py:109} INFO - [2025-07-01 10:07:16,896] {dag.py:2396} INFO - Sync 1 DAGs
[2025-07-01 10:07:16,916] {logging_mixin.py:109} INFO - [2025-07-01 10:07:16,916] {dag.py:2935} INFO - Setting next_dagrun for data_ingestion_gcs_dag to 2025-07-01T00:00:00+00:00
[2025-07-01 10:07:16,930] {processor.py:171} INFO - Processing /opt/airflow/dags/gcs_upload_dag.py took 0.924 seconds
[2025-07-01 10:07:47,146] {processor.py:163} INFO - Started process (PID=8088) to work on /opt/airflow/dags/gcs_upload_dag.py
[2025-07-01 10:07:47,148] {processor.py:642} INFO - Processing file /opt/airflow/dags/gcs_upload_dag.py for tasks to queue
[2025-07-01 10:07:47,149] {logging_mixin.py:109} INFO - [2025-07-01 10:07:47,149] {dagbag.py:500} INFO - Filling up the DagBag from /opt/airflow/dags/gcs_upload_dag.py
[2025-07-01 10:07:48,096] {processor.py:654} INFO - DAG(s) dict_keys(['data_ingestion_gcs_dag']) retrieved from /opt/airflow/dags/gcs_upload_dag.py
[2025-07-01 10:07:48,110] {logging_mixin.py:109} INFO - [2025-07-01 10:07:48,108] {dag.py:2396} INFO - Sync 1 DAGs
[2025-07-01 10:07:48,130] {logging_mixin.py:109} INFO - [2025-07-01 10:07:48,130] {dag.py:2935} INFO - Setting next_dagrun for data_ingestion_gcs_dag to 2025-07-01T00:00:00+00:00
[2025-07-01 10:07:48,141] {processor.py:171} INFO - Processing /opt/airflow/dags/gcs_upload_dag.py took 0.998 seconds
[2025-07-01 10:08:18,364] {processor.py:163} INFO - Started process (PID=8122) to work on /opt/airflow/dags/gcs_upload_dag.py
[2025-07-01 10:08:18,366] {processor.py:642} INFO - Processing file /opt/airflow/dags/gcs_upload_dag.py for tasks to queue
[2025-07-01 10:08:18,367] {logging_mixin.py:109} INFO - [2025-07-01 10:08:18,366] {dagbag.py:500} INFO - Filling up the DagBag from /opt/airflow/dags/gcs_upload_dag.py
[2025-07-01 10:08:19,263] {processor.py:654} INFO - DAG(s) dict_keys(['data_ingestion_gcs_dag']) retrieved from /opt/airflow/dags/gcs_upload_dag.py
[2025-07-01 10:08:19,276] {logging_mixin.py:109} INFO - [2025-07-01 10:08:19,275] {dag.py:2396} INFO - Sync 1 DAGs
[2025-07-01 10:08:19,293] {logging_mixin.py:109} INFO - [2025-07-01 10:08:19,293] {dag.py:2935} INFO - Setting next_dagrun for data_ingestion_gcs_dag to 2025-07-01T00:00:00+00:00
[2025-07-01 10:08:19,306] {processor.py:171} INFO - Processing /opt/airflow/dags/gcs_upload_dag.py took 0.944 seconds
[2025-07-01 10:08:49,572] {processor.py:163} INFO - Started process (PID=8155) to work on /opt/airflow/dags/gcs_upload_dag.py
[2025-07-01 10:08:49,573] {processor.py:642} INFO - Processing file /opt/airflow/dags/gcs_upload_dag.py for tasks to queue
[2025-07-01 10:08:49,574] {logging_mixin.py:109} INFO - [2025-07-01 10:08:49,574] {dagbag.py:500} INFO - Filling up the DagBag from /opt/airflow/dags/gcs_upload_dag.py
[2025-07-01 10:08:50,496] {processor.py:654} INFO - DAG(s) dict_keys(['data_ingestion_gcs_dag']) retrieved from /opt/airflow/dags/gcs_upload_dag.py
[2025-07-01 10:08:50,510] {logging_mixin.py:109} INFO - [2025-07-01 10:08:50,509] {dag.py:2396} INFO - Sync 1 DAGs
[2025-07-01 10:08:50,529] {logging_mixin.py:109} INFO - [2025-07-01 10:08:50,529] {dag.py:2935} INFO - Setting next_dagrun for data_ingestion_gcs_dag to 2025-07-01T00:00:00+00:00
[2025-07-01 10:08:50,540] {processor.py:171} INFO - Processing /opt/airflow/dags/gcs_upload_dag.py took 0.970 seconds
[2025-07-01 10:09:20,820] {processor.py:163} INFO - Started process (PID=8198) to work on /opt/airflow/dags/gcs_upload_dag.py
[2025-07-01 10:09:20,821] {processor.py:642} INFO - Processing file /opt/airflow/dags/gcs_upload_dag.py for tasks to queue
[2025-07-01 10:09:20,823] {logging_mixin.py:109} INFO - [2025-07-01 10:09:20,823] {dagbag.py:500} INFO - Filling up the DagBag from /opt/airflow/dags/gcs_upload_dag.py
[2025-07-01 10:09:21,682] {processor.py:654} INFO - DAG(s) dict_keys(['data_ingestion_gcs_dag']) retrieved from /opt/airflow/dags/gcs_upload_dag.py
[2025-07-01 10:09:21,695] {logging_mixin.py:109} INFO - [2025-07-01 10:09:21,694] {dag.py:2396} INFO - Sync 1 DAGs
[2025-07-01 10:09:21,713] {logging_mixin.py:109} INFO - [2025-07-01 10:09:21,713] {dag.py:2935} INFO - Setting next_dagrun for data_ingestion_gcs_dag to 2025-07-01T00:00:00+00:00
[2025-07-01 10:09:21,724] {processor.py:171} INFO - Processing /opt/airflow/dags/gcs_upload_dag.py took 0.909 seconds
[2025-07-01 10:09:51,982] {processor.py:163} INFO - Started process (PID=8231) to work on /opt/airflow/dags/gcs_upload_dag.py
[2025-07-01 10:09:51,983] {processor.py:642} INFO - Processing file /opt/airflow/dags/gcs_upload_dag.py for tasks to queue
[2025-07-01 10:09:51,984] {logging_mixin.py:109} INFO - [2025-07-01 10:09:51,984] {dagbag.py:500} INFO - Filling up the DagBag from /opt/airflow/dags/gcs_upload_dag.py
[2025-07-01 10:09:52,886] {processor.py:654} INFO - DAG(s) dict_keys(['data_ingestion_gcs_dag']) retrieved from /opt/airflow/dags/gcs_upload_dag.py
[2025-07-01 10:09:52,900] {logging_mixin.py:109} INFO - [2025-07-01 10:09:52,899] {dag.py:2396} INFO - Sync 1 DAGs
[2025-07-01 10:09:52,920] {logging_mixin.py:109} INFO - [2025-07-01 10:09:52,920] {dag.py:2935} INFO - Setting next_dagrun for data_ingestion_gcs_dag to 2025-07-01T00:00:00+00:00
[2025-07-01 10:09:52,933] {processor.py:171} INFO - Processing /opt/airflow/dags/gcs_upload_dag.py took 0.954 seconds
[2025-07-01 10:10:23,221] {processor.py:163} INFO - Started process (PID=8274) to work on /opt/airflow/dags/gcs_upload_dag.py
[2025-07-01 10:10:23,223] {processor.py:642} INFO - Processing file /opt/airflow/dags/gcs_upload_dag.py for tasks to queue
[2025-07-01 10:10:23,224] {logging_mixin.py:109} INFO - [2025-07-01 10:10:23,223] {dagbag.py:500} INFO - Filling up the DagBag from /opt/airflow/dags/gcs_upload_dag.py
[2025-07-01 10:10:24,083] {processor.py:654} INFO - DAG(s) dict_keys(['data_ingestion_gcs_dag']) retrieved from /opt/airflow/dags/gcs_upload_dag.py
[2025-07-01 10:10:24,095] {logging_mixin.py:109} INFO - [2025-07-01 10:10:24,094] {dag.py:2396} INFO - Sync 1 DAGs
[2025-07-01 10:10:24,113] {logging_mixin.py:109} INFO - [2025-07-01 10:10:24,113] {dag.py:2935} INFO - Setting next_dagrun for data_ingestion_gcs_dag to 2025-07-01T00:00:00+00:00
[2025-07-01 10:10:24,124] {processor.py:171} INFO - Processing /opt/airflow/dags/gcs_upload_dag.py took 0.906 seconds
[2025-07-01 10:10:54,402] {processor.py:163} INFO - Started process (PID=8307) to work on /opt/airflow/dags/gcs_upload_dag.py
[2025-07-01 10:10:54,403] {processor.py:642} INFO - Processing file /opt/airflow/dags/gcs_upload_dag.py for tasks to queue
[2025-07-01 10:10:54,404] {logging_mixin.py:109} INFO - [2025-07-01 10:10:54,404] {dagbag.py:500} INFO - Filling up the DagBag from /opt/airflow/dags/gcs_upload_dag.py
[2025-07-01 10:10:55,295] {processor.py:654} INFO - DAG(s) dict_keys(['data_ingestion_gcs_dag']) retrieved from /opt/airflow/dags/gcs_upload_dag.py
[2025-07-01 10:10:55,308] {logging_mixin.py:109} INFO - [2025-07-01 10:10:55,306] {dag.py:2396} INFO - Sync 1 DAGs
[2025-07-01 10:10:55,327] {logging_mixin.py:109} INFO - [2025-07-01 10:10:55,327] {dag.py:2935} INFO - Setting next_dagrun for data_ingestion_gcs_dag to 2025-07-01T00:00:00+00:00
[2025-07-01 10:10:55,340] {processor.py:171} INFO - Processing /opt/airflow/dags/gcs_upload_dag.py took 0.941 seconds
[2025-07-01 10:11:25,655] {processor.py:163} INFO - Started process (PID=8350) to work on /opt/airflow/dags/gcs_upload_dag.py
[2025-07-01 10:11:25,656] {processor.py:642} INFO - Processing file /opt/airflow/dags/gcs_upload_dag.py for tasks to queue
[2025-07-01 10:11:25,658] {logging_mixin.py:109} INFO - [2025-07-01 10:11:25,658] {dagbag.py:500} INFO - Filling up the DagBag from /opt/airflow/dags/gcs_upload_dag.py
[2025-07-01 10:11:26,517] {processor.py:654} INFO - DAG(s) dict_keys(['data_ingestion_gcs_dag']) retrieved from /opt/airflow/dags/gcs_upload_dag.py
[2025-07-01 10:11:26,536] {logging_mixin.py:109} INFO - [2025-07-01 10:11:26,534] {dag.py:2396} INFO - Sync 1 DAGs
[2025-07-01 10:11:26,560] {logging_mixin.py:109} INFO - [2025-07-01 10:11:26,560] {dag.py:2935} INFO - Setting next_dagrun for data_ingestion_gcs_dag to 2025-07-01T00:00:00+00:00
[2025-07-01 10:11:26,575] {processor.py:171} INFO - Processing /opt/airflow/dags/gcs_upload_dag.py took 0.924 seconds
[2025-07-01 10:11:56,855] {processor.py:163} INFO - Started process (PID=8383) to work on /opt/airflow/dags/gcs_upload_dag.py
[2025-07-01 10:11:56,856] {processor.py:642} INFO - Processing file /opt/airflow/dags/gcs_upload_dag.py for tasks to queue
[2025-07-01 10:11:56,857] {logging_mixin.py:109} INFO - [2025-07-01 10:11:56,857] {dagbag.py:500} INFO - Filling up the DagBag from /opt/airflow/dags/gcs_upload_dag.py
[2025-07-01 10:11:57,640] {processor.py:654} INFO - DAG(s) dict_keys(['data_ingestion_gcs_dag']) retrieved from /opt/airflow/dags/gcs_upload_dag.py
[2025-07-01 10:11:57,651] {logging_mixin.py:109} INFO - [2025-07-01 10:11:57,650] {dag.py:2396} INFO - Sync 1 DAGs
[2025-07-01 10:11:57,666] {logging_mixin.py:109} INFO - [2025-07-01 10:11:57,666] {dag.py:2935} INFO - Setting next_dagrun for data_ingestion_gcs_dag to 2025-07-01T00:00:00+00:00
[2025-07-01 10:11:57,678] {processor.py:171} INFO - Processing /opt/airflow/dags/gcs_upload_dag.py took 0.826 seconds
[2025-07-01 10:12:27,898] {processor.py:163} INFO - Started process (PID=8426) to work on /opt/airflow/dags/gcs_upload_dag.py
[2025-07-01 10:12:27,900] {processor.py:642} INFO - Processing file /opt/airflow/dags/gcs_upload_dag.py for tasks to queue
[2025-07-01 10:12:27,901] {logging_mixin.py:109} INFO - [2025-07-01 10:12:27,901] {dagbag.py:500} INFO - Filling up the DagBag from /opt/airflow/dags/gcs_upload_dag.py
[2025-07-01 10:12:28,726] {processor.py:654} INFO - DAG(s) dict_keys(['data_ingestion_gcs_dag']) retrieved from /opt/airflow/dags/gcs_upload_dag.py
[2025-07-01 10:12:28,738] {logging_mixin.py:109} INFO - [2025-07-01 10:12:28,737] {dag.py:2396} INFO - Sync 1 DAGs
[2025-07-01 10:12:28,755] {logging_mixin.py:109} INFO - [2025-07-01 10:12:28,755] {dag.py:2935} INFO - Setting next_dagrun for data_ingestion_gcs_dag to 2025-07-01T00:00:00+00:00
[2025-07-01 10:12:28,766] {processor.py:171} INFO - Processing /opt/airflow/dags/gcs_upload_dag.py took 0.873 seconds
[2025-07-01 10:12:58,986] {processor.py:163} INFO - Started process (PID=8459) to work on /opt/airflow/dags/gcs_upload_dag.py
[2025-07-01 10:12:58,987] {processor.py:642} INFO - Processing file /opt/airflow/dags/gcs_upload_dag.py for tasks to queue
[2025-07-01 10:12:58,988] {logging_mixin.py:109} INFO - [2025-07-01 10:12:58,988] {dagbag.py:500} INFO - Filling up the DagBag from /opt/airflow/dags/gcs_upload_dag.py
[2025-07-01 10:12:59,853] {processor.py:654} INFO - DAG(s) dict_keys(['data_ingestion_gcs_dag']) retrieved from /opt/airflow/dags/gcs_upload_dag.py
[2025-07-01 10:12:59,866] {logging_mixin.py:109} INFO - [2025-07-01 10:12:59,864] {dag.py:2396} INFO - Sync 1 DAGs
[2025-07-01 10:12:59,886] {logging_mixin.py:109} INFO - [2025-07-01 10:12:59,885] {dag.py:2935} INFO - Setting next_dagrun for data_ingestion_gcs_dag to 2025-07-01T00:00:00+00:00
[2025-07-01 10:12:59,898] {processor.py:171} INFO - Processing /opt/airflow/dags/gcs_upload_dag.py took 0.916 seconds
[2025-07-01 10:13:30,076] {processor.py:163} INFO - Started process (PID=8502) to work on /opt/airflow/dags/gcs_upload_dag.py
[2025-07-01 10:13:30,078] {processor.py:642} INFO - Processing file /opt/airflow/dags/gcs_upload_dag.py for tasks to queue
[2025-07-01 10:13:30,079] {logging_mixin.py:109} INFO - [2025-07-01 10:13:30,078] {dagbag.py:500} INFO - Filling up the DagBag from /opt/airflow/dags/gcs_upload_dag.py
[2025-07-01 10:13:30,915] {processor.py:654} INFO - DAG(s) dict_keys(['data_ingestion_gcs_dag']) retrieved from /opt/airflow/dags/gcs_upload_dag.py
[2025-07-01 10:13:30,928] {logging_mixin.py:109} INFO - [2025-07-01 10:13:30,926] {dag.py:2396} INFO - Sync 1 DAGs
[2025-07-01 10:13:30,945] {logging_mixin.py:109} INFO - [2025-07-01 10:13:30,945] {dag.py:2935} INFO - Setting next_dagrun for data_ingestion_gcs_dag to 2025-07-01T00:00:00+00:00
[2025-07-01 10:13:30,958] {processor.py:171} INFO - Processing /opt/airflow/dags/gcs_upload_dag.py took 0.885 seconds
[2025-07-01 10:14:01,141] {processor.py:163} INFO - Started process (PID=8535) to work on /opt/airflow/dags/gcs_upload_dag.py
[2025-07-01 10:14:01,143] {processor.py:642} INFO - Processing file /opt/airflow/dags/gcs_upload_dag.py for tasks to queue
[2025-07-01 10:14:01,144] {logging_mixin.py:109} INFO - [2025-07-01 10:14:01,144] {dagbag.py:500} INFO - Filling up the DagBag from /opt/airflow/dags/gcs_upload_dag.py
[2025-07-01 10:14:01,937] {processor.py:654} INFO - DAG(s) dict_keys(['data_ingestion_gcs_dag']) retrieved from /opt/airflow/dags/gcs_upload_dag.py
[2025-07-01 10:14:01,949] {logging_mixin.py:109} INFO - [2025-07-01 10:14:01,948] {dag.py:2396} INFO - Sync 1 DAGs
[2025-07-01 10:14:01,965] {logging_mixin.py:109} INFO - [2025-07-01 10:14:01,965] {dag.py:2935} INFO - Setting next_dagrun for data_ingestion_gcs_dag to 2025-07-01T00:00:00+00:00
[2025-07-01 10:14:01,977] {processor.py:171} INFO - Processing /opt/airflow/dags/gcs_upload_dag.py took 0.840 seconds
[2025-07-01 10:14:32,186] {processor.py:163} INFO - Started process (PID=8568) to work on /opt/airflow/dags/gcs_upload_dag.py
[2025-07-01 10:14:32,188] {processor.py:642} INFO - Processing file /opt/airflow/dags/gcs_upload_dag.py for tasks to queue
[2025-07-01 10:14:32,189] {logging_mixin.py:109} INFO - [2025-07-01 10:14:32,189] {dagbag.py:500} INFO - Filling up the DagBag from /opt/airflow/dags/gcs_upload_dag.py
[2025-07-01 10:14:33,371] {processor.py:654} INFO - DAG(s) dict_keys(['data_ingestion_gcs_dag']) retrieved from /opt/airflow/dags/gcs_upload_dag.py
[2025-07-01 10:14:33,386] {logging_mixin.py:109} INFO - [2025-07-01 10:14:33,385] {dag.py:2396} INFO - Sync 1 DAGs
[2025-07-01 10:14:33,414] {logging_mixin.py:109} INFO - [2025-07-01 10:14:33,413] {dag.py:2935} INFO - Setting next_dagrun for data_ingestion_gcs_dag to 2025-07-01T00:00:00+00:00
[2025-07-01 10:14:33,430] {processor.py:171} INFO - Processing /opt/airflow/dags/gcs_upload_dag.py took 1.248 seconds
[2025-07-01 10:15:03,611] {processor.py:163} INFO - Started process (PID=8611) to work on /opt/airflow/dags/gcs_upload_dag.py
[2025-07-01 10:15:03,612] {processor.py:642} INFO - Processing file /opt/airflow/dags/gcs_upload_dag.py for tasks to queue
[2025-07-01 10:15:03,613] {logging_mixin.py:109} INFO - [2025-07-01 10:15:03,613] {dagbag.py:500} INFO - Filling up the DagBag from /opt/airflow/dags/gcs_upload_dag.py
[2025-07-01 10:15:04,501] {processor.py:654} INFO - DAG(s) dict_keys(['data_ingestion_gcs_dag']) retrieved from /opt/airflow/dags/gcs_upload_dag.py
[2025-07-01 10:15:04,515] {logging_mixin.py:109} INFO - [2025-07-01 10:15:04,513] {dag.py:2396} INFO - Sync 1 DAGs
[2025-07-01 10:15:04,533] {logging_mixin.py:109} INFO - [2025-07-01 10:15:04,533] {dag.py:2935} INFO - Setting next_dagrun for data_ingestion_gcs_dag to 2025-07-01T00:00:00+00:00
[2025-07-01 10:15:04,545] {processor.py:171} INFO - Processing /opt/airflow/dags/gcs_upload_dag.py took 0.937 seconds
[2025-07-01 10:15:34,662] {processor.py:163} INFO - Started process (PID=8644) to work on /opt/airflow/dags/gcs_upload_dag.py
[2025-07-01 10:15:34,663] {processor.py:642} INFO - Processing file /opt/airflow/dags/gcs_upload_dag.py for tasks to queue
[2025-07-01 10:15:34,664] {logging_mixin.py:109} INFO - [2025-07-01 10:15:34,664] {dagbag.py:500} INFO - Filling up the DagBag from /opt/airflow/dags/gcs_upload_dag.py
[2025-07-01 10:15:35,496] {processor.py:654} INFO - DAG(s) dict_keys(['data_ingestion_gcs_dag']) retrieved from /opt/airflow/dags/gcs_upload_dag.py
[2025-07-01 10:15:35,512] {logging_mixin.py:109} INFO - [2025-07-01 10:15:35,510] {dag.py:2396} INFO - Sync 1 DAGs
[2025-07-01 10:15:35,529] {logging_mixin.py:109} INFO - [2025-07-01 10:15:35,529] {dag.py:2935} INFO - Setting next_dagrun for data_ingestion_gcs_dag to 2025-07-01T00:00:00+00:00
[2025-07-01 10:15:35,543] {processor.py:171} INFO - Processing /opt/airflow/dags/gcs_upload_dag.py took 0.884 seconds
[2025-07-01 10:16:05,787] {processor.py:163} INFO - Started process (PID=8687) to work on /opt/airflow/dags/gcs_upload_dag.py
[2025-07-01 10:16:05,789] {processor.py:642} INFO - Processing file /opt/airflow/dags/gcs_upload_dag.py for tasks to queue
[2025-07-01 10:16:05,789] {logging_mixin.py:109} INFO - [2025-07-01 10:16:05,789] {dagbag.py:500} INFO - Filling up the DagBag from /opt/airflow/dags/gcs_upload_dag.py
[2025-07-01 10:16:06,659] {processor.py:654} INFO - DAG(s) dict_keys(['data_ingestion_gcs_dag']) retrieved from /opt/airflow/dags/gcs_upload_dag.py
[2025-07-01 10:16:06,675] {logging_mixin.py:109} INFO - [2025-07-01 10:16:06,673] {dag.py:2396} INFO - Sync 1 DAGs
[2025-07-01 10:16:06,699] {logging_mixin.py:109} INFO - [2025-07-01 10:16:06,699] {dag.py:2935} INFO - Setting next_dagrun for data_ingestion_gcs_dag to 2025-07-01T00:00:00+00:00
[2025-07-01 10:16:06,713] {processor.py:171} INFO - Processing /opt/airflow/dags/gcs_upload_dag.py took 0.929 seconds
[2025-07-01 10:16:36,976] {processor.py:163} INFO - Started process (PID=8720) to work on /opt/airflow/dags/gcs_upload_dag.py
[2025-07-01 10:16:36,977] {processor.py:642} INFO - Processing file /opt/airflow/dags/gcs_upload_dag.py for tasks to queue
[2025-07-01 10:16:36,978] {logging_mixin.py:109} INFO - [2025-07-01 10:16:36,978] {dagbag.py:500} INFO - Filling up the DagBag from /opt/airflow/dags/gcs_upload_dag.py
[2025-07-01 10:16:37,834] {processor.py:654} INFO - DAG(s) dict_keys(['data_ingestion_gcs_dag']) retrieved from /opt/airflow/dags/gcs_upload_dag.py
[2025-07-01 10:16:37,847] {logging_mixin.py:109} INFO - [2025-07-01 10:16:37,846] {dag.py:2396} INFO - Sync 1 DAGs
[2025-07-01 10:16:37,865] {logging_mixin.py:109} INFO - [2025-07-01 10:16:37,865] {dag.py:2935} INFO - Setting next_dagrun for data_ingestion_gcs_dag to 2025-07-01T00:00:00+00:00
[2025-07-01 10:16:37,877] {processor.py:171} INFO - Processing /opt/airflow/dags/gcs_upload_dag.py took 0.904 seconds
[2025-07-01 10:17:08,076] {processor.py:163} INFO - Started process (PID=8763) to work on /opt/airflow/dags/gcs_upload_dag.py
[2025-07-01 10:17:08,077] {processor.py:642} INFO - Processing file /opt/airflow/dags/gcs_upload_dag.py for tasks to queue
[2025-07-01 10:17:08,078] {logging_mixin.py:109} INFO - [2025-07-01 10:17:08,078] {dagbag.py:500} INFO - Filling up the DagBag from /opt/airflow/dags/gcs_upload_dag.py
[2025-07-01 10:17:08,867] {processor.py:654} INFO - DAG(s) dict_keys(['data_ingestion_gcs_dag']) retrieved from /opt/airflow/dags/gcs_upload_dag.py
[2025-07-01 10:17:08,880] {logging_mixin.py:109} INFO - [2025-07-01 10:17:08,879] {dag.py:2396} INFO - Sync 1 DAGs
[2025-07-01 10:17:08,898] {logging_mixin.py:109} INFO - [2025-07-01 10:17:08,898] {dag.py:2935} INFO - Setting next_dagrun for data_ingestion_gcs_dag to 2025-07-01T00:00:00+00:00
[2025-07-01 10:17:08,909] {processor.py:171} INFO - Processing /opt/airflow/dags/gcs_upload_dag.py took 0.837 seconds
[2025-07-01 10:17:39,171] {processor.py:163} INFO - Started process (PID=8796) to work on /opt/airflow/dags/gcs_upload_dag.py
[2025-07-01 10:17:39,173] {processor.py:642} INFO - Processing file /opt/airflow/dags/gcs_upload_dag.py for tasks to queue
[2025-07-01 10:17:39,175] {logging_mixin.py:109} INFO - [2025-07-01 10:17:39,174] {dagbag.py:500} INFO - Filling up the DagBag from /opt/airflow/dags/gcs_upload_dag.py
[2025-07-01 10:17:39,999] {processor.py:654} INFO - DAG(s) dict_keys(['data_ingestion_gcs_dag']) retrieved from /opt/airflow/dags/gcs_upload_dag.py
[2025-07-01 10:17:40,011] {logging_mixin.py:109} INFO - [2025-07-01 10:17:40,010] {dag.py:2396} INFO - Sync 1 DAGs
[2025-07-01 10:17:40,031] {logging_mixin.py:109} INFO - [2025-07-01 10:17:40,031] {dag.py:2935} INFO - Setting next_dagrun for data_ingestion_gcs_dag to 2025-07-01T00:00:00+00:00
[2025-07-01 10:17:40,044] {processor.py:171} INFO - Processing /opt/airflow/dags/gcs_upload_dag.py took 0.879 seconds
[2025-07-01 10:18:10,242] {processor.py:163} INFO - Started process (PID=8839) to work on /opt/airflow/dags/gcs_upload_dag.py
[2025-07-01 10:18:10,243] {processor.py:642} INFO - Processing file /opt/airflow/dags/gcs_upload_dag.py for tasks to queue
[2025-07-01 10:18:10,244] {logging_mixin.py:109} INFO - [2025-07-01 10:18:10,244] {dagbag.py:500} INFO - Filling up the DagBag from /opt/airflow/dags/gcs_upload_dag.py
[2025-07-01 10:18:11,090] {processor.py:654} INFO - DAG(s) dict_keys(['data_ingestion_gcs_dag']) retrieved from /opt/airflow/dags/gcs_upload_dag.py
[2025-07-01 10:18:11,102] {logging_mixin.py:109} INFO - [2025-07-01 10:18:11,101] {dag.py:2396} INFO - Sync 1 DAGs
[2025-07-01 10:18:11,121] {logging_mixin.py:109} INFO - [2025-07-01 10:18:11,121] {dag.py:2935} INFO - Setting next_dagrun for data_ingestion_gcs_dag to 2025-07-01T00:00:00+00:00
[2025-07-01 10:18:11,133] {processor.py:171} INFO - Processing /opt/airflow/dags/gcs_upload_dag.py took 0.895 seconds
[2025-07-01 10:18:41,357] {processor.py:163} INFO - Started process (PID=8872) to work on /opt/airflow/dags/gcs_upload_dag.py
[2025-07-01 10:18:41,360] {processor.py:642} INFO - Processing file /opt/airflow/dags/gcs_upload_dag.py for tasks to queue
[2025-07-01 10:18:41,361] {logging_mixin.py:109} INFO - [2025-07-01 10:18:41,361] {dagbag.py:500} INFO - Filling up the DagBag from /opt/airflow/dags/gcs_upload_dag.py
[2025-07-01 10:18:42,352] {processor.py:654} INFO - DAG(s) dict_keys(['data_ingestion_gcs_dag']) retrieved from /opt/airflow/dags/gcs_upload_dag.py
[2025-07-01 10:18:42,367] {logging_mixin.py:109} INFO - [2025-07-01 10:18:42,366] {dag.py:2396} INFO - Sync 1 DAGs
[2025-07-01 10:18:42,387] {logging_mixin.py:109} INFO - [2025-07-01 10:18:42,387] {dag.py:2935} INFO - Setting next_dagrun for data_ingestion_gcs_dag to 2025-07-01T00:00:00+00:00
[2025-07-01 10:18:42,402] {processor.py:171} INFO - Processing /opt/airflow/dags/gcs_upload_dag.py took 1.058 seconds
[2025-07-01 10:19:12,556] {processor.py:163} INFO - Started process (PID=8915) to work on /opt/airflow/dags/gcs_upload_dag.py
[2025-07-01 10:19:12,559] {processor.py:642} INFO - Processing file /opt/airflow/dags/gcs_upload_dag.py for tasks to queue
[2025-07-01 10:19:12,561] {logging_mixin.py:109} INFO - [2025-07-01 10:19:12,561] {dagbag.py:500} INFO - Filling up the DagBag from /opt/airflow/dags/gcs_upload_dag.py
[2025-07-01 10:19:14,336] {processor.py:654} INFO - DAG(s) dict_keys(['data_ingestion_gcs_dag']) retrieved from /opt/airflow/dags/gcs_upload_dag.py
[2025-07-01 10:19:14,361] {logging_mixin.py:109} INFO - [2025-07-01 10:19:14,358] {dag.py:2396} INFO - Sync 1 DAGs
[2025-07-01 10:19:14,386] {logging_mixin.py:109} INFO - [2025-07-01 10:19:14,386] {dag.py:2935} INFO - Setting next_dagrun for data_ingestion_gcs_dag to 2025-07-01T00:00:00+00:00
[2025-07-01 10:19:14,398] {processor.py:171} INFO - Processing /opt/airflow/dags/gcs_upload_dag.py took 1.851 seconds
[2025-07-01 10:19:44,592] {processor.py:163} INFO - Started process (PID=8948) to work on /opt/airflow/dags/gcs_upload_dag.py
[2025-07-01 10:19:44,594] {processor.py:642} INFO - Processing file /opt/airflow/dags/gcs_upload_dag.py for tasks to queue
[2025-07-01 10:19:44,595] {logging_mixin.py:109} INFO - [2025-07-01 10:19:44,595] {dagbag.py:500} INFO - Filling up the DagBag from /opt/airflow/dags/gcs_upload_dag.py
[2025-07-01 10:19:45,497] {processor.py:654} INFO - DAG(s) dict_keys(['data_ingestion_gcs_dag']) retrieved from /opt/airflow/dags/gcs_upload_dag.py
[2025-07-01 10:19:45,511] {logging_mixin.py:109} INFO - [2025-07-01 10:19:45,510] {dag.py:2396} INFO - Sync 1 DAGs
[2025-07-01 10:19:45,530] {logging_mixin.py:109} INFO - [2025-07-01 10:19:45,530] {dag.py:2935} INFO - Setting next_dagrun for data_ingestion_gcs_dag to 2025-07-01T00:00:00+00:00
[2025-07-01 10:19:45,547] {processor.py:171} INFO - Processing /opt/airflow/dags/gcs_upload_dag.py took 0.958 seconds
[2025-07-01 10:20:15,730] {processor.py:163} INFO - Started process (PID=8981) to work on /opt/airflow/dags/gcs_upload_dag.py
[2025-07-01 10:20:15,732] {processor.py:642} INFO - Processing file /opt/airflow/dags/gcs_upload_dag.py for tasks to queue
[2025-07-01 10:20:15,733] {logging_mixin.py:109} INFO - [2025-07-01 10:20:15,733] {dagbag.py:500} INFO - Filling up the DagBag from /opt/airflow/dags/gcs_upload_dag.py
[2025-07-01 10:20:16,565] {processor.py:654} INFO - DAG(s) dict_keys(['data_ingestion_gcs_dag']) retrieved from /opt/airflow/dags/gcs_upload_dag.py
[2025-07-01 10:20:16,582] {logging_mixin.py:109} INFO - [2025-07-01 10:20:16,580] {dag.py:2396} INFO - Sync 1 DAGs
[2025-07-01 10:20:16,604] {logging_mixin.py:109} INFO - [2025-07-01 10:20:16,604] {dag.py:2935} INFO - Setting next_dagrun for data_ingestion_gcs_dag to 2025-07-01T00:00:00+00:00
[2025-07-01 10:20:16,618] {processor.py:171} INFO - Processing /opt/airflow/dags/gcs_upload_dag.py took 0.891 seconds
[2025-07-01 10:20:46,818] {processor.py:163} INFO - Started process (PID=9024) to work on /opt/airflow/dags/gcs_upload_dag.py
[2025-07-01 10:20:46,819] {processor.py:642} INFO - Processing file /opt/airflow/dags/gcs_upload_dag.py for tasks to queue
[2025-07-01 10:20:46,820] {logging_mixin.py:109} INFO - [2025-07-01 10:20:46,820] {dagbag.py:500} INFO - Filling up the DagBag from /opt/airflow/dags/gcs_upload_dag.py
[2025-07-01 10:20:47,682] {processor.py:654} INFO - DAG(s) dict_keys(['data_ingestion_gcs_dag']) retrieved from /opt/airflow/dags/gcs_upload_dag.py
[2025-07-01 10:20:47,695] {logging_mixin.py:109} INFO - [2025-07-01 10:20:47,694] {dag.py:2396} INFO - Sync 1 DAGs
[2025-07-01 10:20:47,712] {logging_mixin.py:109} INFO - [2025-07-01 10:20:47,711] {dag.py:2935} INFO - Setting next_dagrun for data_ingestion_gcs_dag to 2025-07-01T00:00:00+00:00
[2025-07-01 10:20:47,724] {processor.py:171} INFO - Processing /opt/airflow/dags/gcs_upload_dag.py took 0.910 seconds
[2025-07-01 10:21:17,980] {processor.py:163} INFO - Started process (PID=9057) to work on /opt/airflow/dags/gcs_upload_dag.py
[2025-07-01 10:21:17,982] {processor.py:642} INFO - Processing file /opt/airflow/dags/gcs_upload_dag.py for tasks to queue
[2025-07-01 10:21:17,983] {logging_mixin.py:109} INFO - [2025-07-01 10:21:17,983] {dagbag.py:500} INFO - Filling up the DagBag from /opt/airflow/dags/gcs_upload_dag.py
[2025-07-01 10:21:18,833] {processor.py:654} INFO - DAG(s) dict_keys(['data_ingestion_gcs_dag']) retrieved from /opt/airflow/dags/gcs_upload_dag.py
[2025-07-01 10:21:18,845] {logging_mixin.py:109} INFO - [2025-07-01 10:21:18,844] {dag.py:2396} INFO - Sync 1 DAGs
[2025-07-01 10:21:18,860] {logging_mixin.py:109} INFO - [2025-07-01 10:21:18,860] {dag.py:2935} INFO - Setting next_dagrun for data_ingestion_gcs_dag to 2025-07-01T00:00:00+00:00
[2025-07-01 10:21:18,871] {processor.py:171} INFO - Processing /opt/airflow/dags/gcs_upload_dag.py took 0.895 seconds
[2025-07-01 10:21:49,070] {processor.py:163} INFO - Started process (PID=9100) to work on /opt/airflow/dags/gcs_upload_dag.py
[2025-07-01 10:21:49,072] {processor.py:642} INFO - Processing file /opt/airflow/dags/gcs_upload_dag.py for tasks to queue
[2025-07-01 10:21:49,073] {logging_mixin.py:109} INFO - [2025-07-01 10:21:49,073] {dagbag.py:500} INFO - Filling up the DagBag from /opt/airflow/dags/gcs_upload_dag.py
[2025-07-01 10:21:50,113] {processor.py:654} INFO - DAG(s) dict_keys(['data_ingestion_gcs_dag']) retrieved from /opt/airflow/dags/gcs_upload_dag.py
[2025-07-01 10:21:50,129] {logging_mixin.py:109} INFO - [2025-07-01 10:21:50,127] {dag.py:2396} INFO - Sync 1 DAGs
[2025-07-01 10:21:50,150] {logging_mixin.py:109} INFO - [2025-07-01 10:21:50,150] {dag.py:2935} INFO - Setting next_dagrun for data_ingestion_gcs_dag to 2025-07-01T00:00:00+00:00
[2025-07-01 10:21:50,170] {processor.py:171} INFO - Processing /opt/airflow/dags/gcs_upload_dag.py took 1.105 seconds
[2025-07-01 10:22:20,261] {processor.py:163} INFO - Started process (PID=9133) to work on /opt/airflow/dags/gcs_upload_dag.py
[2025-07-01 10:22:20,263] {processor.py:642} INFO - Processing file /opt/airflow/dags/gcs_upload_dag.py for tasks to queue
[2025-07-01 10:22:20,264] {logging_mixin.py:109} INFO - [2025-07-01 10:22:20,264] {dagbag.py:500} INFO - Filling up the DagBag from /opt/airflow/dags/gcs_upload_dag.py
[2025-07-01 10:22:21,105] {processor.py:654} INFO - DAG(s) dict_keys(['data_ingestion_gcs_dag']) retrieved from /opt/airflow/dags/gcs_upload_dag.py
[2025-07-01 10:22:21,119] {logging_mixin.py:109} INFO - [2025-07-01 10:22:21,117] {dag.py:2396} INFO - Sync 1 DAGs
[2025-07-01 10:22:21,138] {logging_mixin.py:109} INFO - [2025-07-01 10:22:21,138] {dag.py:2935} INFO - Setting next_dagrun for data_ingestion_gcs_dag to 2025-07-01T00:00:00+00:00
[2025-07-01 10:22:21,151] {processor.py:171} INFO - Processing /opt/airflow/dags/gcs_upload_dag.py took 0.893 seconds
[2025-07-01 10:22:51,333] {processor.py:163} INFO - Started process (PID=9175) to work on /opt/airflow/dags/gcs_upload_dag.py
[2025-07-01 10:22:51,334] {processor.py:642} INFO - Processing file /opt/airflow/dags/gcs_upload_dag.py for tasks to queue
[2025-07-01 10:22:51,335] {logging_mixin.py:109} INFO - [2025-07-01 10:22:51,335] {dagbag.py:500} INFO - Filling up the DagBag from /opt/airflow/dags/gcs_upload_dag.py
[2025-07-01 10:22:52,397] {processor.py:654} INFO - DAG(s) dict_keys(['data_ingestion_gcs_dag']) retrieved from /opt/airflow/dags/gcs_upload_dag.py
[2025-07-01 10:22:52,414] {logging_mixin.py:109} INFO - [2025-07-01 10:22:52,412] {dag.py:2396} INFO - Sync 1 DAGs
[2025-07-01 10:22:52,439] {logging_mixin.py:109} INFO - [2025-07-01 10:22:52,439] {dag.py:2935} INFO - Setting next_dagrun for data_ingestion_gcs_dag to 2025-07-01T00:00:00+00:00
[2025-07-01 10:22:52,455] {processor.py:171} INFO - Processing /opt/airflow/dags/gcs_upload_dag.py took 1.126 seconds
[2025-07-01 10:23:22,541] {processor.py:163} INFO - Started process (PID=9209) to work on /opt/airflow/dags/gcs_upload_dag.py
[2025-07-01 10:23:22,542] {processor.py:642} INFO - Processing file /opt/airflow/dags/gcs_upload_dag.py for tasks to queue
[2025-07-01 10:23:22,543] {logging_mixin.py:109} INFO - [2025-07-01 10:23:22,543] {dagbag.py:500} INFO - Filling up the DagBag from /opt/airflow/dags/gcs_upload_dag.py
[2025-07-01 10:23:23,361] {processor.py:654} INFO - DAG(s) dict_keys(['data_ingestion_gcs_dag']) retrieved from /opt/airflow/dags/gcs_upload_dag.py
[2025-07-01 10:23:23,373] {logging_mixin.py:109} INFO - [2025-07-01 10:23:23,372] {dag.py:2396} INFO - Sync 1 DAGs
[2025-07-01 10:23:23,392] {logging_mixin.py:109} INFO - [2025-07-01 10:23:23,391] {dag.py:2935} INFO - Setting next_dagrun for data_ingestion_gcs_dag to 2025-07-01T00:00:00+00:00
[2025-07-01 10:23:23,404] {processor.py:171} INFO - Processing /opt/airflow/dags/gcs_upload_dag.py took 0.867 seconds
[2025-07-01 10:23:34,513] {processor.py:163} INFO - Started process (PID=9232) to work on /opt/airflow/dags/gcs_upload_dag.py
[2025-07-01 10:23:34,514] {processor.py:642} INFO - Processing file /opt/airflow/dags/gcs_upload_dag.py for tasks to queue
[2025-07-01 10:23:34,515] {logging_mixin.py:109} INFO - [2025-07-01 10:23:34,515] {dagbag.py:500} INFO - Filling up the DagBag from /opt/airflow/dags/gcs_upload_dag.py
[2025-07-01 10:23:35,364] {logging_mixin.py:109} INFO - [2025-07-01 10:23:35,355] {dagbag.py:334} ERROR - Failed to import: /opt/airflow/dags/gcs_upload_dag.py
Traceback (most recent call last):
  File "/home/airflow/.local/lib/python3.6/site-packages/airflow/models/dagbag.py", line 331, in _load_modules_from_file
    loader.exec_module(new_module)
  File "<frozen importlib._bootstrap_external>", line 678, in exec_module
  File "<frozen importlib._bootstrap>", line 219, in _call_with_frames_removed
  File "/opt/airflow/dags/gcs_upload_dag.py", line 70, in <module>
    bash_command=f"curl -sS {dataset_url} > {path_to_local_home}/{parquet_file}"
  File "/home/airflow/.local/lib/python3.6/site-packages/airflow/models/baseoperator.py", line 188, in apply_defaults
    result = func(self, *args, **kwargs)
  File "/home/airflow/.local/lib/python3.6/site-packages/airflow/operators/bash.py", line 143, in __init__
    super().__init__(**kwargs)
  File "/home/airflow/.local/lib/python3.6/site-packages/airflow/models/baseoperator.py", line 188, in apply_defaults
    result = func(self, *args, **kwargs)
  File "/home/airflow/.local/lib/python3.6/site-packages/airflow/models/baseoperator.py", line 683, in __init__
    self.dag = dag or DagContext.get_current_dag()
  File "/home/airflow/.local/lib/python3.6/site-packages/airflow/models/baseoperator.py", line 789, in __setattr__
    super().__setattr__(key, value)
  File "/home/airflow/.local/lib/python3.6/site-packages/airflow/models/baseoperator.py", line 840, in dag
    dag.add_task(self)
  File "/home/airflow/.local/lib/python3.6/site-packages/airflow/models/dag.py", line 2139, in add_task
    raise AirflowException("Task is missing the start_date parameter")
airflow.exceptions.AirflowException: Task is missing the start_date parameter
[2025-07-01 10:23:35,377] {processor.py:690} INFO - Deactivated 1 DAGs which are no longer present in /opt/airflow/dags/gcs_upload_dag.py
[2025-07-01 10:23:35,378] {processor.py:656} WARNING - No viable dags retrieved from /opt/airflow/dags/gcs_upload_dag.py
[2025-07-01 10:23:35,388] {processor.py:171} INFO - Processing /opt/airflow/dags/gcs_upload_dag.py took 0.877 seconds
[2025-07-01 10:23:36,434] {processor.py:163} INFO - Started process (PID=9245) to work on /opt/airflow/dags/gcs_upload_dag.py
[2025-07-01 10:23:36,436] {processor.py:642} INFO - Processing file /opt/airflow/dags/gcs_upload_dag.py for tasks to queue
[2025-07-01 10:23:36,437] {logging_mixin.py:109} INFO - [2025-07-01 10:23:36,437] {dagbag.py:500} INFO - Filling up the DagBag from /opt/airflow/dags/gcs_upload_dag.py
[2025-07-01 10:23:37,225] {logging_mixin.py:109} INFO - [2025-07-01 10:23:37,218] {dagbag.py:334} ERROR - Failed to import: /opt/airflow/dags/gcs_upload_dag.py
Traceback (most recent call last):
  File "/home/airflow/.local/lib/python3.6/site-packages/airflow/models/dagbag.py", line 331, in _load_modules_from_file
    loader.exec_module(new_module)
  File "<frozen importlib._bootstrap_external>", line 678, in exec_module
  File "<frozen importlib._bootstrap>", line 219, in _call_with_frames_removed
  File "/opt/airflow/dags/gcs_upload_dag.py", line 70, in <module>
    bash_command=f"curl -sS {dataset_url} > {path_to_local_home}/{parquet_file}"
  File "/home/airflow/.local/lib/python3.6/site-packages/airflow/models/baseoperator.py", line 188, in apply_defaults
    result = func(self, *args, **kwargs)
  File "/home/airflow/.local/lib/python3.6/site-packages/airflow/operators/bash.py", line 143, in __init__
    super().__init__(**kwargs)
  File "/home/airflow/.local/lib/python3.6/site-packages/airflow/models/baseoperator.py", line 188, in apply_defaults
    result = func(self, *args, **kwargs)
  File "/home/airflow/.local/lib/python3.6/site-packages/airflow/models/baseoperator.py", line 683, in __init__
    self.dag = dag or DagContext.get_current_dag()
  File "/home/airflow/.local/lib/python3.6/site-packages/airflow/models/baseoperator.py", line 789, in __setattr__
    super().__setattr__(key, value)
  File "/home/airflow/.local/lib/python3.6/site-packages/airflow/models/baseoperator.py", line 840, in dag
    dag.add_task(self)
  File "/home/airflow/.local/lib/python3.6/site-packages/airflow/models/dag.py", line 2139, in add_task
    raise AirflowException("Task is missing the start_date parameter")
airflow.exceptions.AirflowException: Task is missing the start_date parameter
[2025-07-01 10:23:37,238] {processor.py:656} WARNING - No viable dags retrieved from /opt/airflow/dags/gcs_upload_dag.py
[2025-07-01 10:23:37,248] {processor.py:171} INFO - Processing /opt/airflow/dags/gcs_upload_dag.py took 0.817 seconds
[2025-07-01 10:23:42,329] {processor.py:163} INFO - Started process (PID=9258) to work on /opt/airflow/dags/gcs_upload_dag.py
[2025-07-01 10:23:42,331] {processor.py:642} INFO - Processing file /opt/airflow/dags/gcs_upload_dag.py for tasks to queue
[2025-07-01 10:23:42,332] {logging_mixin.py:109} INFO - [2025-07-01 10:23:42,332] {dagbag.py:500} INFO - Filling up the DagBag from /opt/airflow/dags/gcs_upload_dag.py
[2025-07-01 10:23:43,326] {logging_mixin.py:109} INFO - [2025-07-01 10:23:43,314] {dagbag.py:334} ERROR - Failed to import: /opt/airflow/dags/gcs_upload_dag.py
Traceback (most recent call last):
  File "/home/airflow/.local/lib/python3.6/site-packages/airflow/models/dagbag.py", line 331, in _load_modules_from_file
    loader.exec_module(new_module)
  File "<frozen importlib._bootstrap_external>", line 678, in exec_module
  File "<frozen importlib._bootstrap>", line 219, in _call_with_frames_removed
  File "/opt/airflow/dags/gcs_upload_dag.py", line 70, in <module>
    bash_command=f"curl -sS {dataset_url} > {path_to_local_home}/{parquet_file}"
  File "/home/airflow/.local/lib/python3.6/site-packages/airflow/models/baseoperator.py", line 188, in apply_defaults
    result = func(self, *args, **kwargs)
  File "/home/airflow/.local/lib/python3.6/site-packages/airflow/operators/bash.py", line 143, in __init__
    super().__init__(**kwargs)
  File "/home/airflow/.local/lib/python3.6/site-packages/airflow/models/baseoperator.py", line 188, in apply_defaults
    result = func(self, *args, **kwargs)
  File "/home/airflow/.local/lib/python3.6/site-packages/airflow/models/baseoperator.py", line 683, in __init__
    self.dag = dag or DagContext.get_current_dag()
  File "/home/airflow/.local/lib/python3.6/site-packages/airflow/models/baseoperator.py", line 789, in __setattr__
    super().__setattr__(key, value)
  File "/home/airflow/.local/lib/python3.6/site-packages/airflow/models/baseoperator.py", line 840, in dag
    dag.add_task(self)
  File "/home/airflow/.local/lib/python3.6/site-packages/airflow/models/dag.py", line 2139, in add_task
    raise AirflowException("Task is missing the start_date parameter")
airflow.exceptions.AirflowException: Task is missing the start_date parameter
[2025-07-01 10:23:43,345] {processor.py:656} WARNING - No viable dags retrieved from /opt/airflow/dags/gcs_upload_dag.py
[2025-07-01 10:23:43,354] {processor.py:171} INFO - Processing /opt/airflow/dags/gcs_upload_dag.py took 1.029 seconds
[2025-07-01 10:24:13,548] {processor.py:163} INFO - Started process (PID=9301) to work on /opt/airflow/dags/gcs_upload_dag.py
[2025-07-01 10:24:13,550] {processor.py:642} INFO - Processing file /opt/airflow/dags/gcs_upload_dag.py for tasks to queue
[2025-07-01 10:24:13,551] {logging_mixin.py:109} INFO - [2025-07-01 10:24:13,551] {dagbag.py:500} INFO - Filling up the DagBag from /opt/airflow/dags/gcs_upload_dag.py
[2025-07-01 10:24:14,489] {logging_mixin.py:109} INFO - [2025-07-01 10:24:14,475] {dagbag.py:334} ERROR - Failed to import: /opt/airflow/dags/gcs_upload_dag.py
Traceback (most recent call last):
  File "/home/airflow/.local/lib/python3.6/site-packages/airflow/models/dagbag.py", line 331, in _load_modules_from_file
    loader.exec_module(new_module)
  File "<frozen importlib._bootstrap_external>", line 678, in exec_module
  File "<frozen importlib._bootstrap>", line 219, in _call_with_frames_removed
  File "/opt/airflow/dags/gcs_upload_dag.py", line 70, in <module>
    bash_command=f"curl -sS {dataset_url} > {path_to_local_home}/{parquet_file}"
  File "/home/airflow/.local/lib/python3.6/site-packages/airflow/models/baseoperator.py", line 188, in apply_defaults
    result = func(self, *args, **kwargs)
  File "/home/airflow/.local/lib/python3.6/site-packages/airflow/operators/bash.py", line 143, in __init__
    super().__init__(**kwargs)
  File "/home/airflow/.local/lib/python3.6/site-packages/airflow/models/baseoperator.py", line 188, in apply_defaults
    result = func(self, *args, **kwargs)
  File "/home/airflow/.local/lib/python3.6/site-packages/airflow/models/baseoperator.py", line 683, in __init__
    self.dag = dag or DagContext.get_current_dag()
  File "/home/airflow/.local/lib/python3.6/site-packages/airflow/models/baseoperator.py", line 789, in __setattr__
    super().__setattr__(key, value)
  File "/home/airflow/.local/lib/python3.6/site-packages/airflow/models/baseoperator.py", line 840, in dag
    dag.add_task(self)
  File "/home/airflow/.local/lib/python3.6/site-packages/airflow/models/dag.py", line 2139, in add_task
    raise AirflowException("Task is missing the start_date parameter")
airflow.exceptions.AirflowException: Task is missing the start_date parameter
[2025-07-01 10:24:14,504] {processor.py:656} WARNING - No viable dags retrieved from /opt/airflow/dags/gcs_upload_dag.py
[2025-07-01 10:24:14,514] {processor.py:171} INFO - Processing /opt/airflow/dags/gcs_upload_dag.py took 0.970 seconds
[2025-07-01 10:24:44,748] {processor.py:163} INFO - Started process (PID=9334) to work on /opt/airflow/dags/gcs_upload_dag.py
[2025-07-01 10:24:44,749] {processor.py:642} INFO - Processing file /opt/airflow/dags/gcs_upload_dag.py for tasks to queue
[2025-07-01 10:24:44,750] {logging_mixin.py:109} INFO - [2025-07-01 10:24:44,750] {dagbag.py:500} INFO - Filling up the DagBag from /opt/airflow/dags/gcs_upload_dag.py
[2025-07-01 10:24:45,581] {logging_mixin.py:109} INFO - [2025-07-01 10:24:45,573] {dagbag.py:334} ERROR - Failed to import: /opt/airflow/dags/gcs_upload_dag.py
Traceback (most recent call last):
  File "/home/airflow/.local/lib/python3.6/site-packages/airflow/models/dagbag.py", line 331, in _load_modules_from_file
    loader.exec_module(new_module)
  File "<frozen importlib._bootstrap_external>", line 678, in exec_module
  File "<frozen importlib._bootstrap>", line 219, in _call_with_frames_removed
  File "/opt/airflow/dags/gcs_upload_dag.py", line 70, in <module>
    bash_command=f"curl -sS {dataset_url} > {path_to_local_home}/{parquet_file}"
  File "/home/airflow/.local/lib/python3.6/site-packages/airflow/models/baseoperator.py", line 188, in apply_defaults
    result = func(self, *args, **kwargs)
  File "/home/airflow/.local/lib/python3.6/site-packages/airflow/operators/bash.py", line 143, in __init__
    super().__init__(**kwargs)
  File "/home/airflow/.local/lib/python3.6/site-packages/airflow/models/baseoperator.py", line 188, in apply_defaults
    result = func(self, *args, **kwargs)
  File "/home/airflow/.local/lib/python3.6/site-packages/airflow/models/baseoperator.py", line 683, in __init__
    self.dag = dag or DagContext.get_current_dag()
  File "/home/airflow/.local/lib/python3.6/site-packages/airflow/models/baseoperator.py", line 789, in __setattr__
    super().__setattr__(key, value)
  File "/home/airflow/.local/lib/python3.6/site-packages/airflow/models/baseoperator.py", line 840, in dag
    dag.add_task(self)
  File "/home/airflow/.local/lib/python3.6/site-packages/airflow/models/dag.py", line 2139, in add_task
    raise AirflowException("Task is missing the start_date parameter")
airflow.exceptions.AirflowException: Task is missing the start_date parameter
[2025-07-01 10:24:45,595] {processor.py:656} WARNING - No viable dags retrieved from /opt/airflow/dags/gcs_upload_dag.py
[2025-07-01 10:24:45,604] {processor.py:171} INFO - Processing /opt/airflow/dags/gcs_upload_dag.py took 0.859 seconds
[2025-07-01 10:25:15,796] {processor.py:163} INFO - Started process (PID=9377) to work on /opt/airflow/dags/gcs_upload_dag.py
[2025-07-01 10:25:15,798] {processor.py:642} INFO - Processing file /opt/airflow/dags/gcs_upload_dag.py for tasks to queue
[2025-07-01 10:25:15,799] {logging_mixin.py:109} INFO - [2025-07-01 10:25:15,799] {dagbag.py:500} INFO - Filling up the DagBag from /opt/airflow/dags/gcs_upload_dag.py
[2025-07-01 10:25:16,687] {logging_mixin.py:109} INFO - [2025-07-01 10:25:16,678] {dagbag.py:334} ERROR - Failed to import: /opt/airflow/dags/gcs_upload_dag.py
Traceback (most recent call last):
  File "/home/airflow/.local/lib/python3.6/site-packages/airflow/models/dagbag.py", line 331, in _load_modules_from_file
    loader.exec_module(new_module)
  File "<frozen importlib._bootstrap_external>", line 678, in exec_module
  File "<frozen importlib._bootstrap>", line 219, in _call_with_frames_removed
  File "/opt/airflow/dags/gcs_upload_dag.py", line 70, in <module>
    bash_command=f"curl -sS {dataset_url} > {path_to_local_home}/{parquet_file}"
  File "/home/airflow/.local/lib/python3.6/site-packages/airflow/models/baseoperator.py", line 188, in apply_defaults
    result = func(self, *args, **kwargs)
  File "/home/airflow/.local/lib/python3.6/site-packages/airflow/operators/bash.py", line 143, in __init__
    super().__init__(**kwargs)
  File "/home/airflow/.local/lib/python3.6/site-packages/airflow/models/baseoperator.py", line 188, in apply_defaults
    result = func(self, *args, **kwargs)
  File "/home/airflow/.local/lib/python3.6/site-packages/airflow/models/baseoperator.py", line 683, in __init__
    self.dag = dag or DagContext.get_current_dag()
  File "/home/airflow/.local/lib/python3.6/site-packages/airflow/models/baseoperator.py", line 789, in __setattr__
    super().__setattr__(key, value)
  File "/home/airflow/.local/lib/python3.6/site-packages/airflow/models/baseoperator.py", line 840, in dag
    dag.add_task(self)
  File "/home/airflow/.local/lib/python3.6/site-packages/airflow/models/dag.py", line 2139, in add_task
    raise AirflowException("Task is missing the start_date parameter")
airflow.exceptions.AirflowException: Task is missing the start_date parameter
[2025-07-01 10:25:16,699] {processor.py:656} WARNING - No viable dags retrieved from /opt/airflow/dags/gcs_upload_dag.py
[2025-07-01 10:25:16,708] {processor.py:171} INFO - Processing /opt/airflow/dags/gcs_upload_dag.py took 0.918 seconds
[2025-07-01 10:25:46,910] {processor.py:163} INFO - Started process (PID=9411) to work on /opt/airflow/dags/gcs_upload_dag.py
[2025-07-01 10:25:46,912] {processor.py:642} INFO - Processing file /opt/airflow/dags/gcs_upload_dag.py for tasks to queue
[2025-07-01 10:25:46,913] {logging_mixin.py:109} INFO - [2025-07-01 10:25:46,913] {dagbag.py:500} INFO - Filling up the DagBag from /opt/airflow/dags/gcs_upload_dag.py
[2025-07-01 10:25:47,679] {logging_mixin.py:109} INFO - [2025-07-01 10:25:47,672] {dagbag.py:334} ERROR - Failed to import: /opt/airflow/dags/gcs_upload_dag.py
Traceback (most recent call last):
  File "/home/airflow/.local/lib/python3.6/site-packages/airflow/models/dagbag.py", line 331, in _load_modules_from_file
    loader.exec_module(new_module)
  File "<frozen importlib._bootstrap_external>", line 678, in exec_module
  File "<frozen importlib._bootstrap>", line 219, in _call_with_frames_removed
  File "/opt/airflow/dags/gcs_upload_dag.py", line 70, in <module>
    bash_command=f"curl -sS {dataset_url} > {path_to_local_home}/{parquet_file}"
  File "/home/airflow/.local/lib/python3.6/site-packages/airflow/models/baseoperator.py", line 188, in apply_defaults
    result = func(self, *args, **kwargs)
  File "/home/airflow/.local/lib/python3.6/site-packages/airflow/operators/bash.py", line 143, in __init__
    super().__init__(**kwargs)
  File "/home/airflow/.local/lib/python3.6/site-packages/airflow/models/baseoperator.py", line 188, in apply_defaults
    result = func(self, *args, **kwargs)
  File "/home/airflow/.local/lib/python3.6/site-packages/airflow/models/baseoperator.py", line 683, in __init__
    self.dag = dag or DagContext.get_current_dag()
  File "/home/airflow/.local/lib/python3.6/site-packages/airflow/models/baseoperator.py", line 789, in __setattr__
    super().__setattr__(key, value)
  File "/home/airflow/.local/lib/python3.6/site-packages/airflow/models/baseoperator.py", line 840, in dag
    dag.add_task(self)
  File "/home/airflow/.local/lib/python3.6/site-packages/airflow/models/dag.py", line 2139, in add_task
    raise AirflowException("Task is missing the start_date parameter")
airflow.exceptions.AirflowException: Task is missing the start_date parameter
[2025-07-01 10:25:47,693] {processor.py:656} WARNING - No viable dags retrieved from /opt/airflow/dags/gcs_upload_dag.py
[2025-07-01 10:25:47,701] {processor.py:171} INFO - Processing /opt/airflow/dags/gcs_upload_dag.py took 0.794 seconds
[2025-07-01 10:26:17,893] {processor.py:163} INFO - Started process (PID=9454) to work on /opt/airflow/dags/gcs_upload_dag.py
[2025-07-01 10:26:17,894] {processor.py:642} INFO - Processing file /opt/airflow/dags/gcs_upload_dag.py for tasks to queue
[2025-07-01 10:26:17,895] {logging_mixin.py:109} INFO - [2025-07-01 10:26:17,895] {dagbag.py:500} INFO - Filling up the DagBag from /opt/airflow/dags/gcs_upload_dag.py
[2025-07-01 10:26:18,799] {logging_mixin.py:109} INFO - [2025-07-01 10:26:18,791] {dagbag.py:334} ERROR - Failed to import: /opt/airflow/dags/gcs_upload_dag.py
Traceback (most recent call last):
  File "/home/airflow/.local/lib/python3.6/site-packages/airflow/models/dagbag.py", line 331, in _load_modules_from_file
    loader.exec_module(new_module)
  File "<frozen importlib._bootstrap_external>", line 678, in exec_module
  File "<frozen importlib._bootstrap>", line 219, in _call_with_frames_removed
  File "/opt/airflow/dags/gcs_upload_dag.py", line 70, in <module>
    bash_command=f"curl -sS {dataset_url} > {path_to_local_home}/{parquet_file}"
  File "/home/airflow/.local/lib/python3.6/site-packages/airflow/models/baseoperator.py", line 188, in apply_defaults
    result = func(self, *args, **kwargs)
  File "/home/airflow/.local/lib/python3.6/site-packages/airflow/operators/bash.py", line 143, in __init__
    super().__init__(**kwargs)
  File "/home/airflow/.local/lib/python3.6/site-packages/airflow/models/baseoperator.py", line 188, in apply_defaults
    result = func(self, *args, **kwargs)
  File "/home/airflow/.local/lib/python3.6/site-packages/airflow/models/baseoperator.py", line 683, in __init__
    self.dag = dag or DagContext.get_current_dag()
  File "/home/airflow/.local/lib/python3.6/site-packages/airflow/models/baseoperator.py", line 789, in __setattr__
    super().__setattr__(key, value)
  File "/home/airflow/.local/lib/python3.6/site-packages/airflow/models/baseoperator.py", line 840, in dag
    dag.add_task(self)
  File "/home/airflow/.local/lib/python3.6/site-packages/airflow/models/dag.py", line 2139, in add_task
    raise AirflowException("Task is missing the start_date parameter")
airflow.exceptions.AirflowException: Task is missing the start_date parameter
[2025-07-01 10:26:18,812] {processor.py:656} WARNING - No viable dags retrieved from /opt/airflow/dags/gcs_upload_dag.py
[2025-07-01 10:26:18,821] {processor.py:171} INFO - Processing /opt/airflow/dags/gcs_upload_dag.py took 0.933 seconds
[2025-07-01 10:26:49,024] {processor.py:163} INFO - Started process (PID=9487) to work on /opt/airflow/dags/gcs_upload_dag.py
[2025-07-01 10:26:49,025] {processor.py:642} INFO - Processing file /opt/airflow/dags/gcs_upload_dag.py for tasks to queue
[2025-07-01 10:26:49,026] {logging_mixin.py:109} INFO - [2025-07-01 10:26:49,026] {dagbag.py:500} INFO - Filling up the DagBag from /opt/airflow/dags/gcs_upload_dag.py
[2025-07-01 10:26:49,773] {logging_mixin.py:109} INFO - [2025-07-01 10:26:49,765] {dagbag.py:334} ERROR - Failed to import: /opt/airflow/dags/gcs_upload_dag.py
Traceback (most recent call last):
  File "/home/airflow/.local/lib/python3.6/site-packages/airflow/models/dagbag.py", line 331, in _load_modules_from_file
    loader.exec_module(new_module)
  File "<frozen importlib._bootstrap_external>", line 678, in exec_module
  File "<frozen importlib._bootstrap>", line 219, in _call_with_frames_removed
  File "/opt/airflow/dags/gcs_upload_dag.py", line 70, in <module>
    bash_command=f"curl -sS {dataset_url} > {path_to_local_home}/{parquet_file}"
  File "/home/airflow/.local/lib/python3.6/site-packages/airflow/models/baseoperator.py", line 188, in apply_defaults
    result = func(self, *args, **kwargs)
  File "/home/airflow/.local/lib/python3.6/site-packages/airflow/operators/bash.py", line 143, in __init__
    super().__init__(**kwargs)
  File "/home/airflow/.local/lib/python3.6/site-packages/airflow/models/baseoperator.py", line 188, in apply_defaults
    result = func(self, *args, **kwargs)
  File "/home/airflow/.local/lib/python3.6/site-packages/airflow/models/baseoperator.py", line 683, in __init__
    self.dag = dag or DagContext.get_current_dag()
  File "/home/airflow/.local/lib/python3.6/site-packages/airflow/models/baseoperator.py", line 789, in __setattr__
    super().__setattr__(key, value)
  File "/home/airflow/.local/lib/python3.6/site-packages/airflow/models/baseoperator.py", line 840, in dag
    dag.add_task(self)
  File "/home/airflow/.local/lib/python3.6/site-packages/airflow/models/dag.py", line 2139, in add_task
    raise AirflowException("Task is missing the start_date parameter")
airflow.exceptions.AirflowException: Task is missing the start_date parameter
[2025-07-01 10:26:49,786] {processor.py:656} WARNING - No viable dags retrieved from /opt/airflow/dags/gcs_upload_dag.py
[2025-07-01 10:26:49,794] {processor.py:171} INFO - Processing /opt/airflow/dags/gcs_upload_dag.py took 0.773 seconds
[2025-07-01 10:27:19,999] {processor.py:163} INFO - Started process (PID=9530) to work on /opt/airflow/dags/gcs_upload_dag.py
[2025-07-01 10:27:20,000] {processor.py:642} INFO - Processing file /opt/airflow/dags/gcs_upload_dag.py for tasks to queue
[2025-07-01 10:27:20,001] {logging_mixin.py:109} INFO - [2025-07-01 10:27:20,001] {dagbag.py:500} INFO - Filling up the DagBag from /opt/airflow/dags/gcs_upload_dag.py
[2025-07-01 10:27:20,927] {logging_mixin.py:109} INFO - [2025-07-01 10:27:20,918] {dagbag.py:334} ERROR - Failed to import: /opt/airflow/dags/gcs_upload_dag.py
Traceback (most recent call last):
  File "/home/airflow/.local/lib/python3.6/site-packages/airflow/models/dagbag.py", line 331, in _load_modules_from_file
    loader.exec_module(new_module)
  File "<frozen importlib._bootstrap_external>", line 678, in exec_module
  File "<frozen importlib._bootstrap>", line 219, in _call_with_frames_removed
  File "/opt/airflow/dags/gcs_upload_dag.py", line 70, in <module>
    bash_command=f"curl -sS {dataset_url} > {path_to_local_home}/{parquet_file}"
  File "/home/airflow/.local/lib/python3.6/site-packages/airflow/models/baseoperator.py", line 188, in apply_defaults
    result = func(self, *args, **kwargs)
  File "/home/airflow/.local/lib/python3.6/site-packages/airflow/operators/bash.py", line 143, in __init__
    super().__init__(**kwargs)
  File "/home/airflow/.local/lib/python3.6/site-packages/airflow/models/baseoperator.py", line 188, in apply_defaults
    result = func(self, *args, **kwargs)
  File "/home/airflow/.local/lib/python3.6/site-packages/airflow/models/baseoperator.py", line 683, in __init__
    self.dag = dag or DagContext.get_current_dag()
  File "/home/airflow/.local/lib/python3.6/site-packages/airflow/models/baseoperator.py", line 789, in __setattr__
    super().__setattr__(key, value)
  File "/home/airflow/.local/lib/python3.6/site-packages/airflow/models/baseoperator.py", line 840, in dag
    dag.add_task(self)
  File "/home/airflow/.local/lib/python3.6/site-packages/airflow/models/dag.py", line 2139, in add_task
    raise AirflowException("Task is missing the start_date parameter")
airflow.exceptions.AirflowException: Task is missing the start_date parameter
[2025-07-01 10:27:20,941] {processor.py:656} WARNING - No viable dags retrieved from /opt/airflow/dags/gcs_upload_dag.py
[2025-07-01 10:27:20,951] {processor.py:171} INFO - Processing /opt/airflow/dags/gcs_upload_dag.py took 0.956 seconds
[2025-07-01 10:27:51,115] {processor.py:163} INFO - Started process (PID=9563) to work on /opt/airflow/dags/gcs_upload_dag.py
[2025-07-01 10:27:51,117] {processor.py:642} INFO - Processing file /opt/airflow/dags/gcs_upload_dag.py for tasks to queue
[2025-07-01 10:27:51,118] {logging_mixin.py:109} INFO - [2025-07-01 10:27:51,117] {dagbag.py:500} INFO - Filling up the DagBag from /opt/airflow/dags/gcs_upload_dag.py
[2025-07-01 10:27:51,852] {logging_mixin.py:109} INFO - [2025-07-01 10:27:51,843] {dagbag.py:334} ERROR - Failed to import: /opt/airflow/dags/gcs_upload_dag.py
Traceback (most recent call last):
  File "/home/airflow/.local/lib/python3.6/site-packages/airflow/models/dagbag.py", line 331, in _load_modules_from_file
    loader.exec_module(new_module)
  File "<frozen importlib._bootstrap_external>", line 678, in exec_module
  File "<frozen importlib._bootstrap>", line 219, in _call_with_frames_removed
  File "/opt/airflow/dags/gcs_upload_dag.py", line 70, in <module>
    bash_command=f"curl -sS {dataset_url} > {path_to_local_home}/{parquet_file}"
  File "/home/airflow/.local/lib/python3.6/site-packages/airflow/models/baseoperator.py", line 188, in apply_defaults
    result = func(self, *args, **kwargs)
  File "/home/airflow/.local/lib/python3.6/site-packages/airflow/operators/bash.py", line 143, in __init__
    super().__init__(**kwargs)
  File "/home/airflow/.local/lib/python3.6/site-packages/airflow/models/baseoperator.py", line 188, in apply_defaults
    result = func(self, *args, **kwargs)
  File "/home/airflow/.local/lib/python3.6/site-packages/airflow/models/baseoperator.py", line 683, in __init__
    self.dag = dag or DagContext.get_current_dag()
  File "/home/airflow/.local/lib/python3.6/site-packages/airflow/models/baseoperator.py", line 789, in __setattr__
    super().__setattr__(key, value)
  File "/home/airflow/.local/lib/python3.6/site-packages/airflow/models/baseoperator.py", line 840, in dag
    dag.add_task(self)
  File "/home/airflow/.local/lib/python3.6/site-packages/airflow/models/dag.py", line 2139, in add_task
    raise AirflowException("Task is missing the start_date parameter")
airflow.exceptions.AirflowException: Task is missing the start_date parameter
[2025-07-01 10:27:51,865] {processor.py:656} WARNING - No viable dags retrieved from /opt/airflow/dags/gcs_upload_dag.py
[2025-07-01 10:27:51,874] {processor.py:171} INFO - Processing /opt/airflow/dags/gcs_upload_dag.py took 0.761 seconds
[2025-07-01 10:28:22,055] {processor.py:163} INFO - Started process (PID=9606) to work on /opt/airflow/dags/gcs_upload_dag.py
[2025-07-01 10:28:22,057] {processor.py:642} INFO - Processing file /opt/airflow/dags/gcs_upload_dag.py for tasks to queue
[2025-07-01 10:28:22,058] {logging_mixin.py:109} INFO - [2025-07-01 10:28:22,058] {dagbag.py:500} INFO - Filling up the DagBag from /opt/airflow/dags/gcs_upload_dag.py
[2025-07-01 10:28:22,932] {logging_mixin.py:109} INFO - [2025-07-01 10:28:22,925] {dagbag.py:334} ERROR - Failed to import: /opt/airflow/dags/gcs_upload_dag.py
Traceback (most recent call last):
  File "/home/airflow/.local/lib/python3.6/site-packages/airflow/models/dagbag.py", line 331, in _load_modules_from_file
    loader.exec_module(new_module)
  File "<frozen importlib._bootstrap_external>", line 678, in exec_module
  File "<frozen importlib._bootstrap>", line 219, in _call_with_frames_removed
  File "/opt/airflow/dags/gcs_upload_dag.py", line 70, in <module>
    bash_command=f"curl -sS {dataset_url} > {path_to_local_home}/{parquet_file}"
  File "/home/airflow/.local/lib/python3.6/site-packages/airflow/models/baseoperator.py", line 188, in apply_defaults
    result = func(self, *args, **kwargs)
  File "/home/airflow/.local/lib/python3.6/site-packages/airflow/operators/bash.py", line 143, in __init__
    super().__init__(**kwargs)
  File "/home/airflow/.local/lib/python3.6/site-packages/airflow/models/baseoperator.py", line 188, in apply_defaults
    result = func(self, *args, **kwargs)
  File "/home/airflow/.local/lib/python3.6/site-packages/airflow/models/baseoperator.py", line 683, in __init__
    self.dag = dag or DagContext.get_current_dag()
  File "/home/airflow/.local/lib/python3.6/site-packages/airflow/models/baseoperator.py", line 789, in __setattr__
    super().__setattr__(key, value)
  File "/home/airflow/.local/lib/python3.6/site-packages/airflow/models/baseoperator.py", line 840, in dag
    dag.add_task(self)
  File "/home/airflow/.local/lib/python3.6/site-packages/airflow/models/dag.py", line 2139, in add_task
    raise AirflowException("Task is missing the start_date parameter")
airflow.exceptions.AirflowException: Task is missing the start_date parameter
[2025-07-01 10:28:22,950] {processor.py:656} WARNING - No viable dags retrieved from /opt/airflow/dags/gcs_upload_dag.py
[2025-07-01 10:28:22,962] {processor.py:171} INFO - Processing /opt/airflow/dags/gcs_upload_dag.py took 0.911 seconds
[2025-07-01 10:28:53,150] {processor.py:163} INFO - Started process (PID=9639) to work on /opt/airflow/dags/gcs_upload_dag.py
[2025-07-01 10:28:53,151] {processor.py:642} INFO - Processing file /opt/airflow/dags/gcs_upload_dag.py for tasks to queue
[2025-07-01 10:28:53,152] {logging_mixin.py:109} INFO - [2025-07-01 10:28:53,152] {dagbag.py:500} INFO - Filling up the DagBag from /opt/airflow/dags/gcs_upload_dag.py
[2025-07-01 10:28:53,928] {logging_mixin.py:109} INFO - [2025-07-01 10:28:53,918] {dagbag.py:334} ERROR - Failed to import: /opt/airflow/dags/gcs_upload_dag.py
Traceback (most recent call last):
  File "/home/airflow/.local/lib/python3.6/site-packages/airflow/models/dagbag.py", line 331, in _load_modules_from_file
    loader.exec_module(new_module)
  File "<frozen importlib._bootstrap_external>", line 678, in exec_module
  File "<frozen importlib._bootstrap>", line 219, in _call_with_frames_removed
  File "/opt/airflow/dags/gcs_upload_dag.py", line 70, in <module>
    bash_command=f"curl -sS {dataset_url} > {path_to_local_home}/{parquet_file}"
  File "/home/airflow/.local/lib/python3.6/site-packages/airflow/models/baseoperator.py", line 188, in apply_defaults
    result = func(self, *args, **kwargs)
  File "/home/airflow/.local/lib/python3.6/site-packages/airflow/operators/bash.py", line 143, in __init__
    super().__init__(**kwargs)
  File "/home/airflow/.local/lib/python3.6/site-packages/airflow/models/baseoperator.py", line 188, in apply_defaults
    result = func(self, *args, **kwargs)
  File "/home/airflow/.local/lib/python3.6/site-packages/airflow/models/baseoperator.py", line 683, in __init__
    self.dag = dag or DagContext.get_current_dag()
  File "/home/airflow/.local/lib/python3.6/site-packages/airflow/models/baseoperator.py", line 789, in __setattr__
    super().__setattr__(key, value)
  File "/home/airflow/.local/lib/python3.6/site-packages/airflow/models/baseoperator.py", line 840, in dag
    dag.add_task(self)
  File "/home/airflow/.local/lib/python3.6/site-packages/airflow/models/dag.py", line 2139, in add_task
    raise AirflowException("Task is missing the start_date parameter")
airflow.exceptions.AirflowException: Task is missing the start_date parameter
[2025-07-01 10:28:53,942] {processor.py:656} WARNING - No viable dags retrieved from /opt/airflow/dags/gcs_upload_dag.py
[2025-07-01 10:28:53,950] {processor.py:171} INFO - Processing /opt/airflow/dags/gcs_upload_dag.py took 0.803 seconds
[2025-07-01 10:29:24,120] {processor.py:163} INFO - Started process (PID=9682) to work on /opt/airflow/dags/gcs_upload_dag.py
[2025-07-01 10:29:24,122] {processor.py:642} INFO - Processing file /opt/airflow/dags/gcs_upload_dag.py for tasks to queue
[2025-07-01 10:29:24,123] {logging_mixin.py:109} INFO - [2025-07-01 10:29:24,123] {dagbag.py:500} INFO - Filling up the DagBag from /opt/airflow/dags/gcs_upload_dag.py
[2025-07-01 10:29:25,027] {logging_mixin.py:109} INFO - [2025-07-01 10:29:25,019] {dagbag.py:334} ERROR - Failed to import: /opt/airflow/dags/gcs_upload_dag.py
Traceback (most recent call last):
  File "/home/airflow/.local/lib/python3.6/site-packages/airflow/models/dagbag.py", line 331, in _load_modules_from_file
    loader.exec_module(new_module)
  File "<frozen importlib._bootstrap_external>", line 678, in exec_module
  File "<frozen importlib._bootstrap>", line 219, in _call_with_frames_removed
  File "/opt/airflow/dags/gcs_upload_dag.py", line 70, in <module>
    bash_command=f"curl -sS {dataset_url} > {path_to_local_home}/{parquet_file}"
  File "/home/airflow/.local/lib/python3.6/site-packages/airflow/models/baseoperator.py", line 188, in apply_defaults
    result = func(self, *args, **kwargs)
  File "/home/airflow/.local/lib/python3.6/site-packages/airflow/operators/bash.py", line 143, in __init__
    super().__init__(**kwargs)
  File "/home/airflow/.local/lib/python3.6/site-packages/airflow/models/baseoperator.py", line 188, in apply_defaults
    result = func(self, *args, **kwargs)
  File "/home/airflow/.local/lib/python3.6/site-packages/airflow/models/baseoperator.py", line 683, in __init__
    self.dag = dag or DagContext.get_current_dag()
  File "/home/airflow/.local/lib/python3.6/site-packages/airflow/models/baseoperator.py", line 789, in __setattr__
    super().__setattr__(key, value)
  File "/home/airflow/.local/lib/python3.6/site-packages/airflow/models/baseoperator.py", line 840, in dag
    dag.add_task(self)
  File "/home/airflow/.local/lib/python3.6/site-packages/airflow/models/dag.py", line 2139, in add_task
    raise AirflowException("Task is missing the start_date parameter")
airflow.exceptions.AirflowException: Task is missing the start_date parameter
[2025-07-01 10:29:25,038] {processor.py:656} WARNING - No viable dags retrieved from /opt/airflow/dags/gcs_upload_dag.py
[2025-07-01 10:29:25,047] {processor.py:171} INFO - Processing /opt/airflow/dags/gcs_upload_dag.py took 0.932 seconds
[2025-07-01 10:29:55,265] {processor.py:163} INFO - Started process (PID=9715) to work on /opt/airflow/dags/gcs_upload_dag.py
[2025-07-01 10:29:55,266] {processor.py:642} INFO - Processing file /opt/airflow/dags/gcs_upload_dag.py for tasks to queue
[2025-07-01 10:29:55,267] {logging_mixin.py:109} INFO - [2025-07-01 10:29:55,267] {dagbag.py:500} INFO - Filling up the DagBag from /opt/airflow/dags/gcs_upload_dag.py
[2025-07-01 10:29:56,056] {logging_mixin.py:109} INFO - [2025-07-01 10:29:56,048] {dagbag.py:334} ERROR - Failed to import: /opt/airflow/dags/gcs_upload_dag.py
Traceback (most recent call last):
  File "/home/airflow/.local/lib/python3.6/site-packages/airflow/models/dagbag.py", line 331, in _load_modules_from_file
    loader.exec_module(new_module)
  File "<frozen importlib._bootstrap_external>", line 678, in exec_module
  File "<frozen importlib._bootstrap>", line 219, in _call_with_frames_removed
  File "/opt/airflow/dags/gcs_upload_dag.py", line 70, in <module>
    bash_command=f"curl -sS {dataset_url} > {path_to_local_home}/{parquet_file}"
  File "/home/airflow/.local/lib/python3.6/site-packages/airflow/models/baseoperator.py", line 188, in apply_defaults
    result = func(self, *args, **kwargs)
  File "/home/airflow/.local/lib/python3.6/site-packages/airflow/operators/bash.py", line 143, in __init__
    super().__init__(**kwargs)
  File "/home/airflow/.local/lib/python3.6/site-packages/airflow/models/baseoperator.py", line 188, in apply_defaults
    result = func(self, *args, **kwargs)
  File "/home/airflow/.local/lib/python3.6/site-packages/airflow/models/baseoperator.py", line 683, in __init__
    self.dag = dag or DagContext.get_current_dag()
  File "/home/airflow/.local/lib/python3.6/site-packages/airflow/models/baseoperator.py", line 789, in __setattr__
    super().__setattr__(key, value)
  File "/home/airflow/.local/lib/python3.6/site-packages/airflow/models/baseoperator.py", line 840, in dag
    dag.add_task(self)
  File "/home/airflow/.local/lib/python3.6/site-packages/airflow/models/dag.py", line 2139, in add_task
    raise AirflowException("Task is missing the start_date parameter")
airflow.exceptions.AirflowException: Task is missing the start_date parameter
[2025-07-01 10:29:56,069] {processor.py:656} WARNING - No viable dags retrieved from /opt/airflow/dags/gcs_upload_dag.py
[2025-07-01 10:29:56,078] {processor.py:171} INFO - Processing /opt/airflow/dags/gcs_upload_dag.py took 0.816 seconds
[2025-07-01 10:30:26,280] {processor.py:163} INFO - Started process (PID=9758) to work on /opt/airflow/dags/gcs_upload_dag.py
[2025-07-01 10:30:26,282] {processor.py:642} INFO - Processing file /opt/airflow/dags/gcs_upload_dag.py for tasks to queue
[2025-07-01 10:30:26,283] {logging_mixin.py:109} INFO - [2025-07-01 10:30:26,283] {dagbag.py:500} INFO - Filling up the DagBag from /opt/airflow/dags/gcs_upload_dag.py
[2025-07-01 10:30:27,187] {logging_mixin.py:109} INFO - [2025-07-01 10:30:27,179] {dagbag.py:334} ERROR - Failed to import: /opt/airflow/dags/gcs_upload_dag.py
Traceback (most recent call last):
  File "/home/airflow/.local/lib/python3.6/site-packages/airflow/models/dagbag.py", line 331, in _load_modules_from_file
    loader.exec_module(new_module)
  File "<frozen importlib._bootstrap_external>", line 678, in exec_module
  File "<frozen importlib._bootstrap>", line 219, in _call_with_frames_removed
  File "/opt/airflow/dags/gcs_upload_dag.py", line 70, in <module>
    bash_command=f"curl -sS {dataset_url} > {path_to_local_home}/{parquet_file}"
  File "/home/airflow/.local/lib/python3.6/site-packages/airflow/models/baseoperator.py", line 188, in apply_defaults
    result = func(self, *args, **kwargs)
  File "/home/airflow/.local/lib/python3.6/site-packages/airflow/operators/bash.py", line 143, in __init__
    super().__init__(**kwargs)
  File "/home/airflow/.local/lib/python3.6/site-packages/airflow/models/baseoperator.py", line 188, in apply_defaults
    result = func(self, *args, **kwargs)
  File "/home/airflow/.local/lib/python3.6/site-packages/airflow/models/baseoperator.py", line 683, in __init__
    self.dag = dag or DagContext.get_current_dag()
  File "/home/airflow/.local/lib/python3.6/site-packages/airflow/models/baseoperator.py", line 789, in __setattr__
    super().__setattr__(key, value)
  File "/home/airflow/.local/lib/python3.6/site-packages/airflow/models/baseoperator.py", line 840, in dag
    dag.add_task(self)
  File "/home/airflow/.local/lib/python3.6/site-packages/airflow/models/dag.py", line 2139, in add_task
    raise AirflowException("Task is missing the start_date parameter")
airflow.exceptions.AirflowException: Task is missing the start_date parameter
[2025-07-01 10:30:27,202] {processor.py:656} WARNING - No viable dags retrieved from /opt/airflow/dags/gcs_upload_dag.py
[2025-07-01 10:30:27,212] {processor.py:171} INFO - Processing /opt/airflow/dags/gcs_upload_dag.py took 0.936 seconds
[2025-07-01 10:30:57,525] {processor.py:163} INFO - Started process (PID=9791) to work on /opt/airflow/dags/gcs_upload_dag.py
[2025-07-01 10:30:57,526] {processor.py:642} INFO - Processing file /opt/airflow/dags/gcs_upload_dag.py for tasks to queue
[2025-07-01 10:30:57,527] {logging_mixin.py:109} INFO - [2025-07-01 10:30:57,527] {dagbag.py:500} INFO - Filling up the DagBag from /opt/airflow/dags/gcs_upload_dag.py
[2025-07-01 10:30:58,302] {logging_mixin.py:109} INFO - [2025-07-01 10:30:58,294] {dagbag.py:334} ERROR - Failed to import: /opt/airflow/dags/gcs_upload_dag.py
Traceback (most recent call last):
  File "/home/airflow/.local/lib/python3.6/site-packages/airflow/models/dagbag.py", line 331, in _load_modules_from_file
    loader.exec_module(new_module)
  File "<frozen importlib._bootstrap_external>", line 678, in exec_module
  File "<frozen importlib._bootstrap>", line 219, in _call_with_frames_removed
  File "/opt/airflow/dags/gcs_upload_dag.py", line 70, in <module>
    bash_command=f"curl -sS {dataset_url} > {path_to_local_home}/{parquet_file}"
  File "/home/airflow/.local/lib/python3.6/site-packages/airflow/models/baseoperator.py", line 188, in apply_defaults
    result = func(self, *args, **kwargs)
  File "/home/airflow/.local/lib/python3.6/site-packages/airflow/operators/bash.py", line 143, in __init__
    super().__init__(**kwargs)
  File "/home/airflow/.local/lib/python3.6/site-packages/airflow/models/baseoperator.py", line 188, in apply_defaults
    result = func(self, *args, **kwargs)
  File "/home/airflow/.local/lib/python3.6/site-packages/airflow/models/baseoperator.py", line 683, in __init__
    self.dag = dag or DagContext.get_current_dag()
  File "/home/airflow/.local/lib/python3.6/site-packages/airflow/models/baseoperator.py", line 789, in __setattr__
    super().__setattr__(key, value)
  File "/home/airflow/.local/lib/python3.6/site-packages/airflow/models/baseoperator.py", line 840, in dag
    dag.add_task(self)
  File "/home/airflow/.local/lib/python3.6/site-packages/airflow/models/dag.py", line 2139, in add_task
    raise AirflowException("Task is missing the start_date parameter")
airflow.exceptions.AirflowException: Task is missing the start_date parameter
[2025-07-01 10:30:58,314] {processor.py:656} WARNING - No viable dags retrieved from /opt/airflow/dags/gcs_upload_dag.py
[2025-07-01 10:30:58,322] {processor.py:171} INFO - Processing /opt/airflow/dags/gcs_upload_dag.py took 0.800 seconds
[2025-07-01 10:31:28,551] {processor.py:163} INFO - Started process (PID=9834) to work on /opt/airflow/dags/gcs_upload_dag.py
[2025-07-01 10:31:28,553] {processor.py:642} INFO - Processing file /opt/airflow/dags/gcs_upload_dag.py for tasks to queue
[2025-07-01 10:31:28,554] {logging_mixin.py:109} INFO - [2025-07-01 10:31:28,554] {dagbag.py:500} INFO - Filling up the DagBag from /opt/airflow/dags/gcs_upload_dag.py
[2025-07-01 10:31:29,329] {logging_mixin.py:109} INFO - [2025-07-01 10:31:29,322] {dagbag.py:334} ERROR - Failed to import: /opt/airflow/dags/gcs_upload_dag.py
Traceback (most recent call last):
  File "/home/airflow/.local/lib/python3.6/site-packages/airflow/models/dagbag.py", line 331, in _load_modules_from_file
    loader.exec_module(new_module)
  File "<frozen importlib._bootstrap_external>", line 678, in exec_module
  File "<frozen importlib._bootstrap>", line 219, in _call_with_frames_removed
  File "/opt/airflow/dags/gcs_upload_dag.py", line 70, in <module>
    bash_command=f"curl -sS {dataset_url} > {path_to_local_home}/{parquet_file}"
  File "/home/airflow/.local/lib/python3.6/site-packages/airflow/models/baseoperator.py", line 188, in apply_defaults
    result = func(self, *args, **kwargs)
  File "/home/airflow/.local/lib/python3.6/site-packages/airflow/operators/bash.py", line 143, in __init__
    super().__init__(**kwargs)
  File "/home/airflow/.local/lib/python3.6/site-packages/airflow/models/baseoperator.py", line 188, in apply_defaults
    result = func(self, *args, **kwargs)
  File "/home/airflow/.local/lib/python3.6/site-packages/airflow/models/baseoperator.py", line 683, in __init__
    self.dag = dag or DagContext.get_current_dag()
  File "/home/airflow/.local/lib/python3.6/site-packages/airflow/models/baseoperator.py", line 789, in __setattr__
    super().__setattr__(key, value)
  File "/home/airflow/.local/lib/python3.6/site-packages/airflow/models/baseoperator.py", line 840, in dag
    dag.add_task(self)
  File "/home/airflow/.local/lib/python3.6/site-packages/airflow/models/dag.py", line 2139, in add_task
    raise AirflowException("Task is missing the start_date parameter")
airflow.exceptions.AirflowException: Task is missing the start_date parameter
[2025-07-01 10:31:29,340] {processor.py:656} WARNING - No viable dags retrieved from /opt/airflow/dags/gcs_upload_dag.py
[2025-07-01 10:31:29,348] {processor.py:171} INFO - Processing /opt/airflow/dags/gcs_upload_dag.py took 0.801 seconds
[2025-07-01 10:31:59,568] {processor.py:163} INFO - Started process (PID=9867) to work on /opt/airflow/dags/gcs_upload_dag.py
[2025-07-01 10:31:59,569] {processor.py:642} INFO - Processing file /opt/airflow/dags/gcs_upload_dag.py for tasks to queue
[2025-07-01 10:31:59,570] {logging_mixin.py:109} INFO - [2025-07-01 10:31:59,570] {dagbag.py:500} INFO - Filling up the DagBag from /opt/airflow/dags/gcs_upload_dag.py
[2025-07-01 10:32:00,327] {logging_mixin.py:109} INFO - [2025-07-01 10:32:00,319] {dagbag.py:334} ERROR - Failed to import: /opt/airflow/dags/gcs_upload_dag.py
Traceback (most recent call last):
  File "/home/airflow/.local/lib/python3.6/site-packages/airflow/models/dagbag.py", line 331, in _load_modules_from_file
    loader.exec_module(new_module)
  File "<frozen importlib._bootstrap_external>", line 678, in exec_module
  File "<frozen importlib._bootstrap>", line 219, in _call_with_frames_removed
  File "/opt/airflow/dags/gcs_upload_dag.py", line 70, in <module>
    bash_command=f"curl -sS {dataset_url} > {path_to_local_home}/{parquet_file}"
  File "/home/airflow/.local/lib/python3.6/site-packages/airflow/models/baseoperator.py", line 188, in apply_defaults
    result = func(self, *args, **kwargs)
  File "/home/airflow/.local/lib/python3.6/site-packages/airflow/operators/bash.py", line 143, in __init__
    super().__init__(**kwargs)
  File "/home/airflow/.local/lib/python3.6/site-packages/airflow/models/baseoperator.py", line 188, in apply_defaults
    result = func(self, *args, **kwargs)
  File "/home/airflow/.local/lib/python3.6/site-packages/airflow/models/baseoperator.py", line 683, in __init__
    self.dag = dag or DagContext.get_current_dag()
  File "/home/airflow/.local/lib/python3.6/site-packages/airflow/models/baseoperator.py", line 789, in __setattr__
    super().__setattr__(key, value)
  File "/home/airflow/.local/lib/python3.6/site-packages/airflow/models/baseoperator.py", line 840, in dag
    dag.add_task(self)
  File "/home/airflow/.local/lib/python3.6/site-packages/airflow/models/dag.py", line 2139, in add_task
    raise AirflowException("Task is missing the start_date parameter")
airflow.exceptions.AirflowException: Task is missing the start_date parameter
[2025-07-01 10:32:00,340] {processor.py:656} WARNING - No viable dags retrieved from /opt/airflow/dags/gcs_upload_dag.py
[2025-07-01 10:32:00,349] {processor.py:171} INFO - Processing /opt/airflow/dags/gcs_upload_dag.py took 0.784 seconds
[2025-07-01 10:32:30,485] {processor.py:163} INFO - Started process (PID=9910) to work on /opt/airflow/dags/gcs_upload_dag.py
[2025-07-01 10:32:30,487] {processor.py:642} INFO - Processing file /opt/airflow/dags/gcs_upload_dag.py for tasks to queue
[2025-07-01 10:32:30,488] {logging_mixin.py:109} INFO - [2025-07-01 10:32:30,488] {dagbag.py:500} INFO - Filling up the DagBag from /opt/airflow/dags/gcs_upload_dag.py
[2025-07-01 10:32:31,542] {logging_mixin.py:109} INFO - [2025-07-01 10:32:31,534] {dagbag.py:334} ERROR - Failed to import: /opt/airflow/dags/gcs_upload_dag.py
Traceback (most recent call last):
  File "/home/airflow/.local/lib/python3.6/site-packages/airflow/models/dagbag.py", line 331, in _load_modules_from_file
    loader.exec_module(new_module)
  File "<frozen importlib._bootstrap_external>", line 678, in exec_module
  File "<frozen importlib._bootstrap>", line 219, in _call_with_frames_removed
  File "/opt/airflow/dags/gcs_upload_dag.py", line 70, in <module>
    bash_command=f"curl -sS {dataset_url} > {path_to_local_home}/{parquet_file}"
  File "/home/airflow/.local/lib/python3.6/site-packages/airflow/models/baseoperator.py", line 188, in apply_defaults
    result = func(self, *args, **kwargs)
  File "/home/airflow/.local/lib/python3.6/site-packages/airflow/operators/bash.py", line 143, in __init__
    super().__init__(**kwargs)
  File "/home/airflow/.local/lib/python3.6/site-packages/airflow/models/baseoperator.py", line 188, in apply_defaults
    result = func(self, *args, **kwargs)
  File "/home/airflow/.local/lib/python3.6/site-packages/airflow/models/baseoperator.py", line 683, in __init__
    self.dag = dag or DagContext.get_current_dag()
  File "/home/airflow/.local/lib/python3.6/site-packages/airflow/models/baseoperator.py", line 789, in __setattr__
    super().__setattr__(key, value)
  File "/home/airflow/.local/lib/python3.6/site-packages/airflow/models/baseoperator.py", line 840, in dag
    dag.add_task(self)
  File "/home/airflow/.local/lib/python3.6/site-packages/airflow/models/dag.py", line 2139, in add_task
    raise AirflowException("Task is missing the start_date parameter")
airflow.exceptions.AirflowException: Task is missing the start_date parameter
[2025-07-01 10:32:31,557] {processor.py:656} WARNING - No viable dags retrieved from /opt/airflow/dags/gcs_upload_dag.py
[2025-07-01 10:32:31,568] {processor.py:171} INFO - Processing /opt/airflow/dags/gcs_upload_dag.py took 1.086 seconds
[2025-07-01 10:33:01,677] {processor.py:163} INFO - Started process (PID=9943) to work on /opt/airflow/dags/gcs_upload_dag.py
[2025-07-01 10:33:01,679] {processor.py:642} INFO - Processing file /opt/airflow/dags/gcs_upload_dag.py for tasks to queue
[2025-07-01 10:33:01,680] {logging_mixin.py:109} INFO - [2025-07-01 10:33:01,680] {dagbag.py:500} INFO - Filling up the DagBag from /opt/airflow/dags/gcs_upload_dag.py
[2025-07-01 10:33:02,447] {logging_mixin.py:109} INFO - [2025-07-01 10:33:02,438] {dagbag.py:334} ERROR - Failed to import: /opt/airflow/dags/gcs_upload_dag.py
Traceback (most recent call last):
  File "/home/airflow/.local/lib/python3.6/site-packages/airflow/models/dagbag.py", line 331, in _load_modules_from_file
    loader.exec_module(new_module)
  File "<frozen importlib._bootstrap_external>", line 678, in exec_module
  File "<frozen importlib._bootstrap>", line 219, in _call_with_frames_removed
  File "/opt/airflow/dags/gcs_upload_dag.py", line 70, in <module>
    bash_command=f"curl -sS {dataset_url} > {path_to_local_home}/{parquet_file}"
  File "/home/airflow/.local/lib/python3.6/site-packages/airflow/models/baseoperator.py", line 188, in apply_defaults
    result = func(self, *args, **kwargs)
  File "/home/airflow/.local/lib/python3.6/site-packages/airflow/operators/bash.py", line 143, in __init__
    super().__init__(**kwargs)
  File "/home/airflow/.local/lib/python3.6/site-packages/airflow/models/baseoperator.py", line 188, in apply_defaults
    result = func(self, *args, **kwargs)
  File "/home/airflow/.local/lib/python3.6/site-packages/airflow/models/baseoperator.py", line 683, in __init__
    self.dag = dag or DagContext.get_current_dag()
  File "/home/airflow/.local/lib/python3.6/site-packages/airflow/models/baseoperator.py", line 789, in __setattr__
    super().__setattr__(key, value)
  File "/home/airflow/.local/lib/python3.6/site-packages/airflow/models/baseoperator.py", line 840, in dag
    dag.add_task(self)
  File "/home/airflow/.local/lib/python3.6/site-packages/airflow/models/dag.py", line 2139, in add_task
    raise AirflowException("Task is missing the start_date parameter")
airflow.exceptions.AirflowException: Task is missing the start_date parameter
[2025-07-01 10:33:02,461] {processor.py:656} WARNING - No viable dags retrieved from /opt/airflow/dags/gcs_upload_dag.py
[2025-07-01 10:33:02,469] {processor.py:171} INFO - Processing /opt/airflow/dags/gcs_upload_dag.py took 0.795 seconds
[2025-07-01 10:33:32,650] {processor.py:163} INFO - Started process (PID=9986) to work on /opt/airflow/dags/gcs_upload_dag.py
[2025-07-01 10:33:32,651] {processor.py:642} INFO - Processing file /opt/airflow/dags/gcs_upload_dag.py for tasks to queue
[2025-07-01 10:33:32,652] {logging_mixin.py:109} INFO - [2025-07-01 10:33:32,652] {dagbag.py:500} INFO - Filling up the DagBag from /opt/airflow/dags/gcs_upload_dag.py
[2025-07-01 10:33:33,570] {logging_mixin.py:109} INFO - [2025-07-01 10:33:33,561] {dagbag.py:334} ERROR - Failed to import: /opt/airflow/dags/gcs_upload_dag.py
Traceback (most recent call last):
  File "/home/airflow/.local/lib/python3.6/site-packages/airflow/models/dagbag.py", line 331, in _load_modules_from_file
    loader.exec_module(new_module)
  File "<frozen importlib._bootstrap_external>", line 678, in exec_module
  File "<frozen importlib._bootstrap>", line 219, in _call_with_frames_removed
  File "/opt/airflow/dags/gcs_upload_dag.py", line 70, in <module>
    bash_command=f"curl -sS {dataset_url} > {path_to_local_home}/{parquet_file}"
  File "/home/airflow/.local/lib/python3.6/site-packages/airflow/models/baseoperator.py", line 188, in apply_defaults
    result = func(self, *args, **kwargs)
  File "/home/airflow/.local/lib/python3.6/site-packages/airflow/operators/bash.py", line 143, in __init__
    super().__init__(**kwargs)
  File "/home/airflow/.local/lib/python3.6/site-packages/airflow/models/baseoperator.py", line 188, in apply_defaults
    result = func(self, *args, **kwargs)
  File "/home/airflow/.local/lib/python3.6/site-packages/airflow/models/baseoperator.py", line 683, in __init__
    self.dag = dag or DagContext.get_current_dag()
  File "/home/airflow/.local/lib/python3.6/site-packages/airflow/models/baseoperator.py", line 789, in __setattr__
    super().__setattr__(key, value)
  File "/home/airflow/.local/lib/python3.6/site-packages/airflow/models/baseoperator.py", line 840, in dag
    dag.add_task(self)
  File "/home/airflow/.local/lib/python3.6/site-packages/airflow/models/dag.py", line 2139, in add_task
    raise AirflowException("Task is missing the start_date parameter")
airflow.exceptions.AirflowException: Task is missing the start_date parameter
[2025-07-01 10:33:33,584] {processor.py:656} WARNING - No viable dags retrieved from /opt/airflow/dags/gcs_upload_dag.py
[2025-07-01 10:33:33,594] {processor.py:171} INFO - Processing /opt/airflow/dags/gcs_upload_dag.py took 0.947 seconds
[2025-07-01 10:34:03,800] {processor.py:163} INFO - Started process (PID=10019) to work on /opt/airflow/dags/gcs_upload_dag.py
[2025-07-01 10:34:03,801] {processor.py:642} INFO - Processing file /opt/airflow/dags/gcs_upload_dag.py for tasks to queue
[2025-07-01 10:34:03,802] {logging_mixin.py:109} INFO - [2025-07-01 10:34:03,802] {dagbag.py:500} INFO - Filling up the DagBag from /opt/airflow/dags/gcs_upload_dag.py
[2025-07-01 10:34:04,519] {logging_mixin.py:109} INFO - [2025-07-01 10:34:04,513] {dagbag.py:334} ERROR - Failed to import: /opt/airflow/dags/gcs_upload_dag.py
Traceback (most recent call last):
  File "/home/airflow/.local/lib/python3.6/site-packages/airflow/models/dagbag.py", line 331, in _load_modules_from_file
    loader.exec_module(new_module)
  File "<frozen importlib._bootstrap_external>", line 678, in exec_module
  File "<frozen importlib._bootstrap>", line 219, in _call_with_frames_removed
  File "/opt/airflow/dags/gcs_upload_dag.py", line 70, in <module>
    bash_command=f"curl -sS {dataset_url} > {path_to_local_home}/{parquet_file}"
  File "/home/airflow/.local/lib/python3.6/site-packages/airflow/models/baseoperator.py", line 188, in apply_defaults
    result = func(self, *args, **kwargs)
  File "/home/airflow/.local/lib/python3.6/site-packages/airflow/operators/bash.py", line 143, in __init__
    super().__init__(**kwargs)
  File "/home/airflow/.local/lib/python3.6/site-packages/airflow/models/baseoperator.py", line 188, in apply_defaults
    result = func(self, *args, **kwargs)
  File "/home/airflow/.local/lib/python3.6/site-packages/airflow/models/baseoperator.py", line 683, in __init__
    self.dag = dag or DagContext.get_current_dag()
  File "/home/airflow/.local/lib/python3.6/site-packages/airflow/models/baseoperator.py", line 789, in __setattr__
    super().__setattr__(key, value)
  File "/home/airflow/.local/lib/python3.6/site-packages/airflow/models/baseoperator.py", line 840, in dag
    dag.add_task(self)
  File "/home/airflow/.local/lib/python3.6/site-packages/airflow/models/dag.py", line 2139, in add_task
    raise AirflowException("Task is missing the start_date parameter")
airflow.exceptions.AirflowException: Task is missing the start_date parameter
[2025-07-01 10:34:04,532] {processor.py:656} WARNING - No viable dags retrieved from /opt/airflow/dags/gcs_upload_dag.py
[2025-07-01 10:34:04,541] {processor.py:171} INFO - Processing /opt/airflow/dags/gcs_upload_dag.py took 0.744 seconds
[2025-07-01 10:34:34,753] {processor.py:163} INFO - Started process (PID=10062) to work on /opt/airflow/dags/gcs_upload_dag.py
[2025-07-01 10:34:34,755] {processor.py:642} INFO - Processing file /opt/airflow/dags/gcs_upload_dag.py for tasks to queue
[2025-07-01 10:34:34,756] {logging_mixin.py:109} INFO - [2025-07-01 10:34:34,756] {dagbag.py:500} INFO - Filling up the DagBag from /opt/airflow/dags/gcs_upload_dag.py
[2025-07-01 10:34:35,692] {logging_mixin.py:109} INFO - [2025-07-01 10:34:35,683] {dagbag.py:334} ERROR - Failed to import: /opt/airflow/dags/gcs_upload_dag.py
Traceback (most recent call last):
  File "/home/airflow/.local/lib/python3.6/site-packages/airflow/models/dagbag.py", line 331, in _load_modules_from_file
    loader.exec_module(new_module)
  File "<frozen importlib._bootstrap_external>", line 678, in exec_module
  File "<frozen importlib._bootstrap>", line 219, in _call_with_frames_removed
  File "/opt/airflow/dags/gcs_upload_dag.py", line 70, in <module>
    bash_command=f"curl -sS {dataset_url} > {path_to_local_home}/{parquet_file}"
  File "/home/airflow/.local/lib/python3.6/site-packages/airflow/models/baseoperator.py", line 188, in apply_defaults
    result = func(self, *args, **kwargs)
  File "/home/airflow/.local/lib/python3.6/site-packages/airflow/operators/bash.py", line 143, in __init__
    super().__init__(**kwargs)
  File "/home/airflow/.local/lib/python3.6/site-packages/airflow/models/baseoperator.py", line 188, in apply_defaults
    result = func(self, *args, **kwargs)
  File "/home/airflow/.local/lib/python3.6/site-packages/airflow/models/baseoperator.py", line 683, in __init__
    self.dag = dag or DagContext.get_current_dag()
  File "/home/airflow/.local/lib/python3.6/site-packages/airflow/models/baseoperator.py", line 789, in __setattr__
    super().__setattr__(key, value)
  File "/home/airflow/.local/lib/python3.6/site-packages/airflow/models/baseoperator.py", line 840, in dag
    dag.add_task(self)
  File "/home/airflow/.local/lib/python3.6/site-packages/airflow/models/dag.py", line 2139, in add_task
    raise AirflowException("Task is missing the start_date parameter")
airflow.exceptions.AirflowException: Task is missing the start_date parameter
[2025-07-01 10:34:35,711] {processor.py:656} WARNING - No viable dags retrieved from /opt/airflow/dags/gcs_upload_dag.py
[2025-07-01 10:34:35,721] {processor.py:171} INFO - Processing /opt/airflow/dags/gcs_upload_dag.py took 0.974 seconds
[2025-07-01 10:35:05,976] {processor.py:163} INFO - Started process (PID=10095) to work on /opt/airflow/dags/gcs_upload_dag.py
[2025-07-01 10:35:05,978] {processor.py:642} INFO - Processing file /opt/airflow/dags/gcs_upload_dag.py for tasks to queue
[2025-07-01 10:35:05,979] {logging_mixin.py:109} INFO - [2025-07-01 10:35:05,979] {dagbag.py:500} INFO - Filling up the DagBag from /opt/airflow/dags/gcs_upload_dag.py
[2025-07-01 10:35:06,806] {logging_mixin.py:109} INFO - [2025-07-01 10:35:06,798] {dagbag.py:334} ERROR - Failed to import: /opt/airflow/dags/gcs_upload_dag.py
Traceback (most recent call last):
  File "/home/airflow/.local/lib/python3.6/site-packages/airflow/models/dagbag.py", line 331, in _load_modules_from_file
    loader.exec_module(new_module)
  File "<frozen importlib._bootstrap_external>", line 678, in exec_module
  File "<frozen importlib._bootstrap>", line 219, in _call_with_frames_removed
  File "/opt/airflow/dags/gcs_upload_dag.py", line 70, in <module>
    bash_command=f"curl -sS {dataset_url} > {path_to_local_home}/{parquet_file}"
  File "/home/airflow/.local/lib/python3.6/site-packages/airflow/models/baseoperator.py", line 188, in apply_defaults
    result = func(self, *args, **kwargs)
  File "/home/airflow/.local/lib/python3.6/site-packages/airflow/operators/bash.py", line 143, in __init__
    super().__init__(**kwargs)
  File "/home/airflow/.local/lib/python3.6/site-packages/airflow/models/baseoperator.py", line 188, in apply_defaults
    result = func(self, *args, **kwargs)
  File "/home/airflow/.local/lib/python3.6/site-packages/airflow/models/baseoperator.py", line 683, in __init__
    self.dag = dag or DagContext.get_current_dag()
  File "/home/airflow/.local/lib/python3.6/site-packages/airflow/models/baseoperator.py", line 789, in __setattr__
    super().__setattr__(key, value)
  File "/home/airflow/.local/lib/python3.6/site-packages/airflow/models/baseoperator.py", line 840, in dag
    dag.add_task(self)
  File "/home/airflow/.local/lib/python3.6/site-packages/airflow/models/dag.py", line 2139, in add_task
    raise AirflowException("Task is missing the start_date parameter")
airflow.exceptions.AirflowException: Task is missing the start_date parameter
[2025-07-01 10:35:06,819] {processor.py:656} WARNING - No viable dags retrieved from /opt/airflow/dags/gcs_upload_dag.py
[2025-07-01 10:35:06,836] {processor.py:171} INFO - Processing /opt/airflow/dags/gcs_upload_dag.py took 0.863 seconds
[2025-07-01 10:35:37,043] {processor.py:163} INFO - Started process (PID=10138) to work on /opt/airflow/dags/gcs_upload_dag.py
[2025-07-01 10:35:37,045] {processor.py:642} INFO - Processing file /opt/airflow/dags/gcs_upload_dag.py for tasks to queue
[2025-07-01 10:35:37,046] {logging_mixin.py:109} INFO - [2025-07-01 10:35:37,046] {dagbag.py:500} INFO - Filling up the DagBag from /opt/airflow/dags/gcs_upload_dag.py
[2025-07-01 10:35:37,935] {logging_mixin.py:109} INFO - [2025-07-01 10:35:37,928] {dagbag.py:334} ERROR - Failed to import: /opt/airflow/dags/gcs_upload_dag.py
Traceback (most recent call last):
  File "/home/airflow/.local/lib/python3.6/site-packages/airflow/models/dagbag.py", line 331, in _load_modules_from_file
    loader.exec_module(new_module)
  File "<frozen importlib._bootstrap_external>", line 678, in exec_module
  File "<frozen importlib._bootstrap>", line 219, in _call_with_frames_removed
  File "/opt/airflow/dags/gcs_upload_dag.py", line 70, in <module>
    bash_command=f"curl -sS {dataset_url} > {path_to_local_home}/{parquet_file}"
  File "/home/airflow/.local/lib/python3.6/site-packages/airflow/models/baseoperator.py", line 188, in apply_defaults
    result = func(self, *args, **kwargs)
  File "/home/airflow/.local/lib/python3.6/site-packages/airflow/operators/bash.py", line 143, in __init__
    super().__init__(**kwargs)
  File "/home/airflow/.local/lib/python3.6/site-packages/airflow/models/baseoperator.py", line 188, in apply_defaults
    result = func(self, *args, **kwargs)
  File "/home/airflow/.local/lib/python3.6/site-packages/airflow/models/baseoperator.py", line 683, in __init__
    self.dag = dag or DagContext.get_current_dag()
  File "/home/airflow/.local/lib/python3.6/site-packages/airflow/models/baseoperator.py", line 789, in __setattr__
    super().__setattr__(key, value)
  File "/home/airflow/.local/lib/python3.6/site-packages/airflow/models/baseoperator.py", line 840, in dag
    dag.add_task(self)
  File "/home/airflow/.local/lib/python3.6/site-packages/airflow/models/dag.py", line 2139, in add_task
    raise AirflowException("Task is missing the start_date parameter")
airflow.exceptions.AirflowException: Task is missing the start_date parameter
[2025-07-01 10:35:37,948] {processor.py:656} WARNING - No viable dags retrieved from /opt/airflow/dags/gcs_upload_dag.py
[2025-07-01 10:35:37,958] {processor.py:171} INFO - Processing /opt/airflow/dags/gcs_upload_dag.py took 0.919 seconds
[2025-07-01 10:36:08,176] {processor.py:163} INFO - Started process (PID=10171) to work on /opt/airflow/dags/gcs_upload_dag.py
[2025-07-01 10:36:08,178] {processor.py:642} INFO - Processing file /opt/airflow/dags/gcs_upload_dag.py for tasks to queue
[2025-07-01 10:36:08,179] {logging_mixin.py:109} INFO - [2025-07-01 10:36:08,178] {dagbag.py:500} INFO - Filling up the DagBag from /opt/airflow/dags/gcs_upload_dag.py
[2025-07-01 10:36:08,901] {logging_mixin.py:109} INFO - [2025-07-01 10:36:08,894] {dagbag.py:334} ERROR - Failed to import: /opt/airflow/dags/gcs_upload_dag.py
Traceback (most recent call last):
  File "/home/airflow/.local/lib/python3.6/site-packages/airflow/models/dagbag.py", line 331, in _load_modules_from_file
    loader.exec_module(new_module)
  File "<frozen importlib._bootstrap_external>", line 678, in exec_module
  File "<frozen importlib._bootstrap>", line 219, in _call_with_frames_removed
  File "/opt/airflow/dags/gcs_upload_dag.py", line 70, in <module>
    bash_command=f"curl -sS {dataset_url} > {path_to_local_home}/{parquet_file}"
  File "/home/airflow/.local/lib/python3.6/site-packages/airflow/models/baseoperator.py", line 188, in apply_defaults
    result = func(self, *args, **kwargs)
  File "/home/airflow/.local/lib/python3.6/site-packages/airflow/operators/bash.py", line 143, in __init__
    super().__init__(**kwargs)
  File "/home/airflow/.local/lib/python3.6/site-packages/airflow/models/baseoperator.py", line 188, in apply_defaults
    result = func(self, *args, **kwargs)
  File "/home/airflow/.local/lib/python3.6/site-packages/airflow/models/baseoperator.py", line 683, in __init__
    self.dag = dag or DagContext.get_current_dag()
  File "/home/airflow/.local/lib/python3.6/site-packages/airflow/models/baseoperator.py", line 789, in __setattr__
    super().__setattr__(key, value)
  File "/home/airflow/.local/lib/python3.6/site-packages/airflow/models/baseoperator.py", line 840, in dag
    dag.add_task(self)
  File "/home/airflow/.local/lib/python3.6/site-packages/airflow/models/dag.py", line 2139, in add_task
    raise AirflowException("Task is missing the start_date parameter")
airflow.exceptions.AirflowException: Task is missing the start_date parameter
[2025-07-01 10:36:08,915] {processor.py:656} WARNING - No viable dags retrieved from /opt/airflow/dags/gcs_upload_dag.py
[2025-07-01 10:36:08,926] {processor.py:171} INFO - Processing /opt/airflow/dags/gcs_upload_dag.py took 0.753 seconds
[2025-07-01 10:36:39,187] {processor.py:163} INFO - Started process (PID=10214) to work on /opt/airflow/dags/gcs_upload_dag.py
[2025-07-01 10:36:39,188] {processor.py:642} INFO - Processing file /opt/airflow/dags/gcs_upload_dag.py for tasks to queue
[2025-07-01 10:36:39,189] {logging_mixin.py:109} INFO - [2025-07-01 10:36:39,189] {dagbag.py:500} INFO - Filling up the DagBag from /opt/airflow/dags/gcs_upload_dag.py
[2025-07-01 10:36:40,048] {logging_mixin.py:109} INFO - [2025-07-01 10:36:40,040] {dagbag.py:334} ERROR - Failed to import: /opt/airflow/dags/gcs_upload_dag.py
Traceback (most recent call last):
  File "/home/airflow/.local/lib/python3.6/site-packages/airflow/models/dagbag.py", line 331, in _load_modules_from_file
    loader.exec_module(new_module)
  File "<frozen importlib._bootstrap_external>", line 678, in exec_module
  File "<frozen importlib._bootstrap>", line 219, in _call_with_frames_removed
  File "/opt/airflow/dags/gcs_upload_dag.py", line 70, in <module>
    bash_command=f"curl -sS {dataset_url} > {path_to_local_home}/{parquet_file}"
  File "/home/airflow/.local/lib/python3.6/site-packages/airflow/models/baseoperator.py", line 188, in apply_defaults
    result = func(self, *args, **kwargs)
  File "/home/airflow/.local/lib/python3.6/site-packages/airflow/operators/bash.py", line 143, in __init__
    super().__init__(**kwargs)
  File "/home/airflow/.local/lib/python3.6/site-packages/airflow/models/baseoperator.py", line 188, in apply_defaults
    result = func(self, *args, **kwargs)
  File "/home/airflow/.local/lib/python3.6/site-packages/airflow/models/baseoperator.py", line 683, in __init__
    self.dag = dag or DagContext.get_current_dag()
  File "/home/airflow/.local/lib/python3.6/site-packages/airflow/models/baseoperator.py", line 789, in __setattr__
    super().__setattr__(key, value)
  File "/home/airflow/.local/lib/python3.6/site-packages/airflow/models/baseoperator.py", line 840, in dag
    dag.add_task(self)
  File "/home/airflow/.local/lib/python3.6/site-packages/airflow/models/dag.py", line 2139, in add_task
    raise AirflowException("Task is missing the start_date parameter")
airflow.exceptions.AirflowException: Task is missing the start_date parameter
[2025-07-01 10:36:40,064] {processor.py:656} WARNING - No viable dags retrieved from /opt/airflow/dags/gcs_upload_dag.py
[2025-07-01 10:36:40,075] {processor.py:171} INFO - Processing /opt/airflow/dags/gcs_upload_dag.py took 0.891 seconds
[2025-07-01 10:37:10,244] {processor.py:163} INFO - Started process (PID=10247) to work on /opt/airflow/dags/gcs_upload_dag.py
[2025-07-01 10:37:10,245] {processor.py:642} INFO - Processing file /opt/airflow/dags/gcs_upload_dag.py for tasks to queue
[2025-07-01 10:37:10,246] {logging_mixin.py:109} INFO - [2025-07-01 10:37:10,246] {dagbag.py:500} INFO - Filling up the DagBag from /opt/airflow/dags/gcs_upload_dag.py
[2025-07-01 10:37:10,982] {logging_mixin.py:109} INFO - [2025-07-01 10:37:10,974] {dagbag.py:334} ERROR - Failed to import: /opt/airflow/dags/gcs_upload_dag.py
Traceback (most recent call last):
  File "/home/airflow/.local/lib/python3.6/site-packages/airflow/models/dagbag.py", line 331, in _load_modules_from_file
    loader.exec_module(new_module)
  File "<frozen importlib._bootstrap_external>", line 678, in exec_module
  File "<frozen importlib._bootstrap>", line 219, in _call_with_frames_removed
  File "/opt/airflow/dags/gcs_upload_dag.py", line 70, in <module>
    bash_command=f"curl -sS {dataset_url} > {path_to_local_home}/{parquet_file}"
  File "/home/airflow/.local/lib/python3.6/site-packages/airflow/models/baseoperator.py", line 188, in apply_defaults
    result = func(self, *args, **kwargs)
  File "/home/airflow/.local/lib/python3.6/site-packages/airflow/operators/bash.py", line 143, in __init__
    super().__init__(**kwargs)
  File "/home/airflow/.local/lib/python3.6/site-packages/airflow/models/baseoperator.py", line 188, in apply_defaults
    result = func(self, *args, **kwargs)
  File "/home/airflow/.local/lib/python3.6/site-packages/airflow/models/baseoperator.py", line 683, in __init__
    self.dag = dag or DagContext.get_current_dag()
  File "/home/airflow/.local/lib/python3.6/site-packages/airflow/models/baseoperator.py", line 789, in __setattr__
    super().__setattr__(key, value)
  File "/home/airflow/.local/lib/python3.6/site-packages/airflow/models/baseoperator.py", line 840, in dag
    dag.add_task(self)
  File "/home/airflow/.local/lib/python3.6/site-packages/airflow/models/dag.py", line 2139, in add_task
    raise AirflowException("Task is missing the start_date parameter")
airflow.exceptions.AirflowException: Task is missing the start_date parameter
[2025-07-01 10:37:10,995] {processor.py:656} WARNING - No viable dags retrieved from /opt/airflow/dags/gcs_upload_dag.py
[2025-07-01 10:37:11,012] {processor.py:171} INFO - Processing /opt/airflow/dags/gcs_upload_dag.py took 0.772 seconds
[2025-07-01 10:37:41,051] {processor.py:163} INFO - Started process (PID=10290) to work on /opt/airflow/dags/gcs_upload_dag.py
[2025-07-01 10:37:41,053] {processor.py:642} INFO - Processing file /opt/airflow/dags/gcs_upload_dag.py for tasks to queue
[2025-07-01 10:37:41,054] {logging_mixin.py:109} INFO - [2025-07-01 10:37:41,054] {dagbag.py:500} INFO - Filling up the DagBag from /opt/airflow/dags/gcs_upload_dag.py
[2025-07-01 10:37:41,975] {logging_mixin.py:109} INFO - [2025-07-01 10:37:41,968] {dagbag.py:334} ERROR - Failed to import: /opt/airflow/dags/gcs_upload_dag.py
Traceback (most recent call last):
  File "/home/airflow/.local/lib/python3.6/site-packages/airflow/models/dagbag.py", line 331, in _load_modules_from_file
    loader.exec_module(new_module)
  File "<frozen importlib._bootstrap_external>", line 678, in exec_module
  File "<frozen importlib._bootstrap>", line 219, in _call_with_frames_removed
  File "/opt/airflow/dags/gcs_upload_dag.py", line 70, in <module>
    bash_command=f"curl -sS {dataset_url} > {path_to_local_home}/{parquet_file}"
  File "/home/airflow/.local/lib/python3.6/site-packages/airflow/models/baseoperator.py", line 188, in apply_defaults
    result = func(self, *args, **kwargs)
  File "/home/airflow/.local/lib/python3.6/site-packages/airflow/operators/bash.py", line 143, in __init__
    super().__init__(**kwargs)
  File "/home/airflow/.local/lib/python3.6/site-packages/airflow/models/baseoperator.py", line 188, in apply_defaults
    result = func(self, *args, **kwargs)
  File "/home/airflow/.local/lib/python3.6/site-packages/airflow/models/baseoperator.py", line 683, in __init__
    self.dag = dag or DagContext.get_current_dag()
  File "/home/airflow/.local/lib/python3.6/site-packages/airflow/models/baseoperator.py", line 789, in __setattr__
    super().__setattr__(key, value)
  File "/home/airflow/.local/lib/python3.6/site-packages/airflow/models/baseoperator.py", line 840, in dag
    dag.add_task(self)
  File "/home/airflow/.local/lib/python3.6/site-packages/airflow/models/dag.py", line 2139, in add_task
    raise AirflowException("Task is missing the start_date parameter")
airflow.exceptions.AirflowException: Task is missing the start_date parameter
[2025-07-01 10:37:41,987] {processor.py:656} WARNING - No viable dags retrieved from /opt/airflow/dags/gcs_upload_dag.py
[2025-07-01 10:37:41,995] {processor.py:171} INFO - Processing /opt/airflow/dags/gcs_upload_dag.py took 0.947 seconds
[2025-07-01 10:38:12,260] {processor.py:163} INFO - Started process (PID=10323) to work on /opt/airflow/dags/gcs_upload_dag.py
[2025-07-01 10:38:12,261] {processor.py:642} INFO - Processing file /opt/airflow/dags/gcs_upload_dag.py for tasks to queue
[2025-07-01 10:38:12,262] {logging_mixin.py:109} INFO - [2025-07-01 10:38:12,262] {dagbag.py:500} INFO - Filling up the DagBag from /opt/airflow/dags/gcs_upload_dag.py
[2025-07-01 10:38:13,034] {logging_mixin.py:109} INFO - [2025-07-01 10:38:13,026] {dagbag.py:334} ERROR - Failed to import: /opt/airflow/dags/gcs_upload_dag.py
Traceback (most recent call last):
  File "/home/airflow/.local/lib/python3.6/site-packages/airflow/models/dagbag.py", line 331, in _load_modules_from_file
    loader.exec_module(new_module)
  File "<frozen importlib._bootstrap_external>", line 678, in exec_module
  File "<frozen importlib._bootstrap>", line 219, in _call_with_frames_removed
  File "/opt/airflow/dags/gcs_upload_dag.py", line 70, in <module>
    bash_command=f"curl -sS {dataset_url} > {path_to_local_home}/{parquet_file}"
  File "/home/airflow/.local/lib/python3.6/site-packages/airflow/models/baseoperator.py", line 188, in apply_defaults
    result = func(self, *args, **kwargs)
  File "/home/airflow/.local/lib/python3.6/site-packages/airflow/operators/bash.py", line 143, in __init__
    super().__init__(**kwargs)
  File "/home/airflow/.local/lib/python3.6/site-packages/airflow/models/baseoperator.py", line 188, in apply_defaults
    result = func(self, *args, **kwargs)
  File "/home/airflow/.local/lib/python3.6/site-packages/airflow/models/baseoperator.py", line 683, in __init__
    self.dag = dag or DagContext.get_current_dag()
  File "/home/airflow/.local/lib/python3.6/site-packages/airflow/models/baseoperator.py", line 789, in __setattr__
    super().__setattr__(key, value)
  File "/home/airflow/.local/lib/python3.6/site-packages/airflow/models/baseoperator.py", line 840, in dag
    dag.add_task(self)
  File "/home/airflow/.local/lib/python3.6/site-packages/airflow/models/dag.py", line 2139, in add_task
    raise AirflowException("Task is missing the start_date parameter")
airflow.exceptions.AirflowException: Task is missing the start_date parameter
[2025-07-01 10:38:13,048] {processor.py:656} WARNING - No viable dags retrieved from /opt/airflow/dags/gcs_upload_dag.py
[2025-07-01 10:38:13,056] {processor.py:171} INFO - Processing /opt/airflow/dags/gcs_upload_dag.py took 0.799 seconds
[2025-07-01 10:38:43,285] {processor.py:163} INFO - Started process (PID=10366) to work on /opt/airflow/dags/gcs_upload_dag.py
[2025-07-01 10:38:43,286] {processor.py:642} INFO - Processing file /opt/airflow/dags/gcs_upload_dag.py for tasks to queue
[2025-07-01 10:38:43,287] {logging_mixin.py:109} INFO - [2025-07-01 10:38:43,287] {dagbag.py:500} INFO - Filling up the DagBag from /opt/airflow/dags/gcs_upload_dag.py
[2025-07-01 10:38:44,002] {logging_mixin.py:109} INFO - [2025-07-01 10:38:43,995] {dagbag.py:334} ERROR - Failed to import: /opt/airflow/dags/gcs_upload_dag.py
Traceback (most recent call last):
  File "/home/airflow/.local/lib/python3.6/site-packages/airflow/models/dagbag.py", line 331, in _load_modules_from_file
    loader.exec_module(new_module)
  File "<frozen importlib._bootstrap_external>", line 678, in exec_module
  File "<frozen importlib._bootstrap>", line 219, in _call_with_frames_removed
  File "/opt/airflow/dags/gcs_upload_dag.py", line 70, in <module>
    bash_command=f"curl -sS {dataset_url} > {path_to_local_home}/{parquet_file}"
  File "/home/airflow/.local/lib/python3.6/site-packages/airflow/models/baseoperator.py", line 188, in apply_defaults
    result = func(self, *args, **kwargs)
  File "/home/airflow/.local/lib/python3.6/site-packages/airflow/operators/bash.py", line 143, in __init__
    super().__init__(**kwargs)
  File "/home/airflow/.local/lib/python3.6/site-packages/airflow/models/baseoperator.py", line 188, in apply_defaults
    result = func(self, *args, **kwargs)
  File "/home/airflow/.local/lib/python3.6/site-packages/airflow/models/baseoperator.py", line 683, in __init__
    self.dag = dag or DagContext.get_current_dag()
  File "/home/airflow/.local/lib/python3.6/site-packages/airflow/models/baseoperator.py", line 789, in __setattr__
    super().__setattr__(key, value)
  File "/home/airflow/.local/lib/python3.6/site-packages/airflow/models/baseoperator.py", line 840, in dag
    dag.add_task(self)
  File "/home/airflow/.local/lib/python3.6/site-packages/airflow/models/dag.py", line 2139, in add_task
    raise AirflowException("Task is missing the start_date parameter")
airflow.exceptions.AirflowException: Task is missing the start_date parameter
[2025-07-01 10:38:44,013] {processor.py:656} WARNING - No viable dags retrieved from /opt/airflow/dags/gcs_upload_dag.py
[2025-07-01 10:38:44,021] {processor.py:171} INFO - Processing /opt/airflow/dags/gcs_upload_dag.py took 0.739 seconds
[2025-07-01 10:39:14,238] {processor.py:163} INFO - Started process (PID=10399) to work on /opt/airflow/dags/gcs_upload_dag.py
[2025-07-01 10:39:14,239] {processor.py:642} INFO - Processing file /opt/airflow/dags/gcs_upload_dag.py for tasks to queue
[2025-07-01 10:39:14,240] {logging_mixin.py:109} INFO - [2025-07-01 10:39:14,240] {dagbag.py:500} INFO - Filling up the DagBag from /opt/airflow/dags/gcs_upload_dag.py
[2025-07-01 10:39:15,061] {logging_mixin.py:109} INFO - [2025-07-01 10:39:15,053] {dagbag.py:334} ERROR - Failed to import: /opt/airflow/dags/gcs_upload_dag.py
Traceback (most recent call last):
  File "/home/airflow/.local/lib/python3.6/site-packages/airflow/models/dagbag.py", line 331, in _load_modules_from_file
    loader.exec_module(new_module)
  File "<frozen importlib._bootstrap_external>", line 678, in exec_module
  File "<frozen importlib._bootstrap>", line 219, in _call_with_frames_removed
  File "/opt/airflow/dags/gcs_upload_dag.py", line 70, in <module>
    bash_command=f"curl -sS {dataset_url} > {path_to_local_home}/{parquet_file}"
  File "/home/airflow/.local/lib/python3.6/site-packages/airflow/models/baseoperator.py", line 188, in apply_defaults
    result = func(self, *args, **kwargs)
  File "/home/airflow/.local/lib/python3.6/site-packages/airflow/operators/bash.py", line 143, in __init__
    super().__init__(**kwargs)
  File "/home/airflow/.local/lib/python3.6/site-packages/airflow/models/baseoperator.py", line 188, in apply_defaults
    result = func(self, *args, **kwargs)
  File "/home/airflow/.local/lib/python3.6/site-packages/airflow/models/baseoperator.py", line 683, in __init__
    self.dag = dag or DagContext.get_current_dag()
  File "/home/airflow/.local/lib/python3.6/site-packages/airflow/models/baseoperator.py", line 789, in __setattr__
    super().__setattr__(key, value)
  File "/home/airflow/.local/lib/python3.6/site-packages/airflow/models/baseoperator.py", line 840, in dag
    dag.add_task(self)
  File "/home/airflow/.local/lib/python3.6/site-packages/airflow/models/dag.py", line 2139, in add_task
    raise AirflowException("Task is missing the start_date parameter")
airflow.exceptions.AirflowException: Task is missing the start_date parameter
[2025-07-01 10:39:15,073] {processor.py:656} WARNING - No viable dags retrieved from /opt/airflow/dags/gcs_upload_dag.py
[2025-07-01 10:39:15,082] {processor.py:171} INFO - Processing /opt/airflow/dags/gcs_upload_dag.py took 0.847 seconds
[2025-07-01 10:39:45,264] {processor.py:163} INFO - Started process (PID=10442) to work on /opt/airflow/dags/gcs_upload_dag.py
[2025-07-01 10:39:45,265] {processor.py:642} INFO - Processing file /opt/airflow/dags/gcs_upload_dag.py for tasks to queue
[2025-07-01 10:39:45,266] {logging_mixin.py:109} INFO - [2025-07-01 10:39:45,266] {dagbag.py:500} INFO - Filling up the DagBag from /opt/airflow/dags/gcs_upload_dag.py
[2025-07-01 10:39:46,001] {logging_mixin.py:109} INFO - [2025-07-01 10:39:45,993] {dagbag.py:334} ERROR - Failed to import: /opt/airflow/dags/gcs_upload_dag.py
Traceback (most recent call last):
  File "/home/airflow/.local/lib/python3.6/site-packages/airflow/models/dagbag.py", line 331, in _load_modules_from_file
    loader.exec_module(new_module)
  File "<frozen importlib._bootstrap_external>", line 678, in exec_module
  File "<frozen importlib._bootstrap>", line 219, in _call_with_frames_removed
  File "/opt/airflow/dags/gcs_upload_dag.py", line 70, in <module>
    bash_command=f"curl -sS {dataset_url} > {path_to_local_home}/{parquet_file}"
  File "/home/airflow/.local/lib/python3.6/site-packages/airflow/models/baseoperator.py", line 188, in apply_defaults
    result = func(self, *args, **kwargs)
  File "/home/airflow/.local/lib/python3.6/site-packages/airflow/operators/bash.py", line 143, in __init__
    super().__init__(**kwargs)
  File "/home/airflow/.local/lib/python3.6/site-packages/airflow/models/baseoperator.py", line 188, in apply_defaults
    result = func(self, *args, **kwargs)
  File "/home/airflow/.local/lib/python3.6/site-packages/airflow/models/baseoperator.py", line 683, in __init__
    self.dag = dag or DagContext.get_current_dag()
  File "/home/airflow/.local/lib/python3.6/site-packages/airflow/models/baseoperator.py", line 789, in __setattr__
    super().__setattr__(key, value)
  File "/home/airflow/.local/lib/python3.6/site-packages/airflow/models/baseoperator.py", line 840, in dag
    dag.add_task(self)
  File "/home/airflow/.local/lib/python3.6/site-packages/airflow/models/dag.py", line 2139, in add_task
    raise AirflowException("Task is missing the start_date parameter")
airflow.exceptions.AirflowException: Task is missing the start_date parameter
[2025-07-01 10:39:46,018] {processor.py:656} WARNING - No viable dags retrieved from /opt/airflow/dags/gcs_upload_dag.py
[2025-07-01 10:39:46,037] {processor.py:171} INFO - Processing /opt/airflow/dags/gcs_upload_dag.py took 0.777 seconds
[2025-07-01 10:40:16,263] {processor.py:163} INFO - Started process (PID=10475) to work on /opt/airflow/dags/gcs_upload_dag.py
[2025-07-01 10:40:16,265] {processor.py:642} INFO - Processing file /opt/airflow/dags/gcs_upload_dag.py for tasks to queue
[2025-07-01 10:40:16,266] {logging_mixin.py:109} INFO - [2025-07-01 10:40:16,266] {dagbag.py:500} INFO - Filling up the DagBag from /opt/airflow/dags/gcs_upload_dag.py
[2025-07-01 10:40:17,038] {logging_mixin.py:109} INFO - [2025-07-01 10:40:17,031] {dagbag.py:334} ERROR - Failed to import: /opt/airflow/dags/gcs_upload_dag.py
Traceback (most recent call last):
  File "/home/airflow/.local/lib/python3.6/site-packages/airflow/models/dagbag.py", line 331, in _load_modules_from_file
    loader.exec_module(new_module)
  File "<frozen importlib._bootstrap_external>", line 678, in exec_module
  File "<frozen importlib._bootstrap>", line 219, in _call_with_frames_removed
  File "/opt/airflow/dags/gcs_upload_dag.py", line 70, in <module>
    bash_command=f"curl -sS {dataset_url} > {path_to_local_home}/{parquet_file}"
  File "/home/airflow/.local/lib/python3.6/site-packages/airflow/models/baseoperator.py", line 188, in apply_defaults
    result = func(self, *args, **kwargs)
  File "/home/airflow/.local/lib/python3.6/site-packages/airflow/operators/bash.py", line 143, in __init__
    super().__init__(**kwargs)
  File "/home/airflow/.local/lib/python3.6/site-packages/airflow/models/baseoperator.py", line 188, in apply_defaults
    result = func(self, *args, **kwargs)
  File "/home/airflow/.local/lib/python3.6/site-packages/airflow/models/baseoperator.py", line 683, in __init__
    self.dag = dag or DagContext.get_current_dag()
  File "/home/airflow/.local/lib/python3.6/site-packages/airflow/models/baseoperator.py", line 789, in __setattr__
    super().__setattr__(key, value)
  File "/home/airflow/.local/lib/python3.6/site-packages/airflow/models/baseoperator.py", line 840, in dag
    dag.add_task(self)
  File "/home/airflow/.local/lib/python3.6/site-packages/airflow/models/dag.py", line 2139, in add_task
    raise AirflowException("Task is missing the start_date parameter")
airflow.exceptions.AirflowException: Task is missing the start_date parameter
[2025-07-01 10:40:17,052] {processor.py:656} WARNING - No viable dags retrieved from /opt/airflow/dags/gcs_upload_dag.py
[2025-07-01 10:40:17,060] {processor.py:171} INFO - Processing /opt/airflow/dags/gcs_upload_dag.py took 0.800 seconds
[2025-07-01 10:40:47,300] {processor.py:163} INFO - Started process (PID=10518) to work on /opt/airflow/dags/gcs_upload_dag.py
[2025-07-01 10:40:47,301] {processor.py:642} INFO - Processing file /opt/airflow/dags/gcs_upload_dag.py for tasks to queue
[2025-07-01 10:40:47,302] {logging_mixin.py:109} INFO - [2025-07-01 10:40:47,302] {dagbag.py:500} INFO - Filling up the DagBag from /opt/airflow/dags/gcs_upload_dag.py
[2025-07-01 10:40:48,128] {logging_mixin.py:109} INFO - [2025-07-01 10:40:48,122] {dagbag.py:334} ERROR - Failed to import: /opt/airflow/dags/gcs_upload_dag.py
Traceback (most recent call last):
  File "/home/airflow/.local/lib/python3.6/site-packages/airflow/models/dagbag.py", line 331, in _load_modules_from_file
    loader.exec_module(new_module)
  File "<frozen importlib._bootstrap_external>", line 678, in exec_module
  File "<frozen importlib._bootstrap>", line 219, in _call_with_frames_removed
  File "/opt/airflow/dags/gcs_upload_dag.py", line 70, in <module>
    bash_command=f"curl -sS {dataset_url} > {path_to_local_home}/{parquet_file}"
  File "/home/airflow/.local/lib/python3.6/site-packages/airflow/models/baseoperator.py", line 188, in apply_defaults
    result = func(self, *args, **kwargs)
  File "/home/airflow/.local/lib/python3.6/site-packages/airflow/operators/bash.py", line 143, in __init__
    super().__init__(**kwargs)
  File "/home/airflow/.local/lib/python3.6/site-packages/airflow/models/baseoperator.py", line 188, in apply_defaults
    result = func(self, *args, **kwargs)
  File "/home/airflow/.local/lib/python3.6/site-packages/airflow/models/baseoperator.py", line 683, in __init__
    self.dag = dag or DagContext.get_current_dag()
  File "/home/airflow/.local/lib/python3.6/site-packages/airflow/models/baseoperator.py", line 789, in __setattr__
    super().__setattr__(key, value)
  File "/home/airflow/.local/lib/python3.6/site-packages/airflow/models/baseoperator.py", line 840, in dag
    dag.add_task(self)
  File "/home/airflow/.local/lib/python3.6/site-packages/airflow/models/dag.py", line 2139, in add_task
    raise AirflowException("Task is missing the start_date parameter")
airflow.exceptions.AirflowException: Task is missing the start_date parameter
[2025-07-01 10:40:48,144] {processor.py:656} WARNING - No viable dags retrieved from /opt/airflow/dags/gcs_upload_dag.py
[2025-07-01 10:40:48,153] {processor.py:171} INFO - Processing /opt/airflow/dags/gcs_upload_dag.py took 0.856 seconds
[2025-07-01 10:41:06,666] {processor.py:163} INFO - Started process (PID=10541) to work on /opt/airflow/dags/gcs_upload_dag.py
[2025-07-01 10:41:06,669] {processor.py:642} INFO - Processing file /opt/airflow/dags/gcs_upload_dag.py for tasks to queue
[2025-07-01 10:41:06,670] {logging_mixin.py:109} INFO - [2025-07-01 10:41:06,670] {dagbag.py:500} INFO - Filling up the DagBag from /opt/airflow/dags/gcs_upload_dag.py
[2025-07-01 10:41:07,528] {processor.py:654} INFO - DAG(s) dict_keys(['data_ingestion_gcs_dag']) retrieved from /opt/airflow/dags/gcs_upload_dag.py
[2025-07-01 10:41:07,539] {logging_mixin.py:109} INFO - [2025-07-01 10:41:07,538] {dag.py:2396} INFO - Sync 1 DAGs
[2025-07-01 10:41:07,555] {logging_mixin.py:109} INFO - [2025-07-01 10:41:07,555] {dag.py:2935} INFO - Setting next_dagrun for data_ingestion_gcs_dag to 2025-07-01T00:00:00+00:00
[2025-07-01 10:41:07,574] {processor.py:171} INFO - Processing /opt/airflow/dags/gcs_upload_dag.py took 0.912 seconds
[2025-07-01 10:41:37,760] {processor.py:163} INFO - Started process (PID=10584) to work on /opt/airflow/dags/gcs_upload_dag.py
[2025-07-01 10:41:37,761] {processor.py:642} INFO - Processing file /opt/airflow/dags/gcs_upload_dag.py for tasks to queue
[2025-07-01 10:41:37,762] {logging_mixin.py:109} INFO - [2025-07-01 10:41:37,762] {dagbag.py:500} INFO - Filling up the DagBag from /opt/airflow/dags/gcs_upload_dag.py
[2025-07-01 10:41:38,573] {processor.py:654} INFO - DAG(s) dict_keys(['data_ingestion_gcs_dag']) retrieved from /opt/airflow/dags/gcs_upload_dag.py
[2025-07-01 10:41:38,585] {logging_mixin.py:109} INFO - [2025-07-01 10:41:38,584] {dag.py:2396} INFO - Sync 1 DAGs
[2025-07-01 10:41:38,603] {logging_mixin.py:109} INFO - [2025-07-01 10:41:38,603] {dag.py:2935} INFO - Setting next_dagrun for data_ingestion_gcs_dag to 2025-07-01T00:00:00+00:00
[2025-07-01 10:41:38,620] {processor.py:171} INFO - Processing /opt/airflow/dags/gcs_upload_dag.py took 0.865 seconds
[2025-07-01 10:42:08,838] {processor.py:163} INFO - Started process (PID=10617) to work on /opt/airflow/dags/gcs_upload_dag.py
[2025-07-01 10:42:08,839] {processor.py:642} INFO - Processing file /opt/airflow/dags/gcs_upload_dag.py for tasks to queue
[2025-07-01 10:42:08,841] {logging_mixin.py:109} INFO - [2025-07-01 10:42:08,840] {dagbag.py:500} INFO - Filling up the DagBag from /opt/airflow/dags/gcs_upload_dag.py
[2025-07-01 10:42:10,288] {processor.py:654} INFO - DAG(s) dict_keys(['data_ingestion_gcs_dag']) retrieved from /opt/airflow/dags/gcs_upload_dag.py
[2025-07-01 10:42:10,324] {logging_mixin.py:109} INFO - [2025-07-01 10:42:10,320] {dag.py:2396} INFO - Sync 1 DAGs
[2025-07-01 10:42:10,372] {logging_mixin.py:109} INFO - [2025-07-01 10:42:10,372] {dag.py:2935} INFO - Setting next_dagrun for data_ingestion_gcs_dag to 2025-07-01T00:00:00+00:00
[2025-07-01 10:42:10,398] {processor.py:171} INFO - Processing /opt/airflow/dags/gcs_upload_dag.py took 1.564 seconds
[2025-07-01 10:42:40,556] {processor.py:163} INFO - Started process (PID=10660) to work on /opt/airflow/dags/gcs_upload_dag.py
[2025-07-01 10:42:40,558] {processor.py:642} INFO - Processing file /opt/airflow/dags/gcs_upload_dag.py for tasks to queue
[2025-07-01 10:42:40,560] {logging_mixin.py:109} INFO - [2025-07-01 10:42:40,560] {dagbag.py:500} INFO - Filling up the DagBag from /opt/airflow/dags/gcs_upload_dag.py
[2025-07-01 10:42:41,590] {processor.py:654} INFO - DAG(s) dict_keys(['data_ingestion_gcs_dag']) retrieved from /opt/airflow/dags/gcs_upload_dag.py
[2025-07-01 10:42:41,605] {logging_mixin.py:109} INFO - [2025-07-01 10:42:41,603] {dag.py:2396} INFO - Sync 1 DAGs
[2025-07-01 10:42:41,626] {logging_mixin.py:109} INFO - [2025-07-01 10:42:41,626] {dag.py:2935} INFO - Setting next_dagrun for data_ingestion_gcs_dag to 2025-07-01T00:00:00+00:00
[2025-07-01 10:42:41,639] {processor.py:171} INFO - Processing /opt/airflow/dags/gcs_upload_dag.py took 1.086 seconds
[2025-07-01 10:43:11,810] {processor.py:163} INFO - Started process (PID=10693) to work on /opt/airflow/dags/gcs_upload_dag.py
[2025-07-01 10:43:11,812] {processor.py:642} INFO - Processing file /opt/airflow/dags/gcs_upload_dag.py for tasks to queue
[2025-07-01 10:43:11,812] {logging_mixin.py:109} INFO - [2025-07-01 10:43:11,812] {dagbag.py:500} INFO - Filling up the DagBag from /opt/airflow/dags/gcs_upload_dag.py
[2025-07-01 10:43:12,688] {processor.py:654} INFO - DAG(s) dict_keys(['data_ingestion_gcs_dag']) retrieved from /opt/airflow/dags/gcs_upload_dag.py
[2025-07-01 10:43:12,701] {logging_mixin.py:109} INFO - [2025-07-01 10:43:12,700] {dag.py:2396} INFO - Sync 1 DAGs
[2025-07-01 10:43:12,719] {logging_mixin.py:109} INFO - [2025-07-01 10:43:12,718] {dag.py:2935} INFO - Setting next_dagrun for data_ingestion_gcs_dag to 2025-07-01T00:00:00+00:00
[2025-07-01 10:43:12,731] {processor.py:171} INFO - Processing /opt/airflow/dags/gcs_upload_dag.py took 0.923 seconds
[2025-07-01 10:43:43,010] {processor.py:163} INFO - Started process (PID=10726) to work on /opt/airflow/dags/gcs_upload_dag.py
[2025-07-01 10:43:43,012] {processor.py:642} INFO - Processing file /opt/airflow/dags/gcs_upload_dag.py for tasks to queue
[2025-07-01 10:43:43,013] {logging_mixin.py:109} INFO - [2025-07-01 10:43:43,013] {dagbag.py:500} INFO - Filling up the DagBag from /opt/airflow/dags/gcs_upload_dag.py
[2025-07-01 10:43:43,937] {processor.py:654} INFO - DAG(s) dict_keys(['data_ingestion_gcs_dag']) retrieved from /opt/airflow/dags/gcs_upload_dag.py
[2025-07-01 10:43:43,950] {logging_mixin.py:109} INFO - [2025-07-01 10:43:43,949] {dag.py:2396} INFO - Sync 1 DAGs
[2025-07-01 10:43:43,972] {logging_mixin.py:109} INFO - [2025-07-01 10:43:43,971] {dag.py:2935} INFO - Setting next_dagrun for data_ingestion_gcs_dag to 2025-07-01T00:00:00+00:00
[2025-07-01 10:43:43,983] {processor.py:171} INFO - Processing /opt/airflow/dags/gcs_upload_dag.py took 0.976 seconds
[2025-07-01 10:44:14,217] {processor.py:163} INFO - Started process (PID=10769) to work on /opt/airflow/dags/gcs_upload_dag.py
[2025-07-01 10:44:14,218] {processor.py:642} INFO - Processing file /opt/airflow/dags/gcs_upload_dag.py for tasks to queue
[2025-07-01 10:44:14,219] {logging_mixin.py:109} INFO - [2025-07-01 10:44:14,219] {dagbag.py:500} INFO - Filling up the DagBag from /opt/airflow/dags/gcs_upload_dag.py
[2025-07-01 10:44:14,994] {processor.py:654} INFO - DAG(s) dict_keys(['data_ingestion_gcs_dag']) retrieved from /opt/airflow/dags/gcs_upload_dag.py
[2025-07-01 10:44:15,005] {logging_mixin.py:109} INFO - [2025-07-01 10:44:15,004] {dag.py:2396} INFO - Sync 1 DAGs
[2025-07-01 10:44:15,020] {logging_mixin.py:109} INFO - [2025-07-01 10:44:15,020] {dag.py:2935} INFO - Setting next_dagrun for data_ingestion_gcs_dag to 2025-07-01T00:00:00+00:00
[2025-07-01 10:44:15,031] {processor.py:171} INFO - Processing /opt/airflow/dags/gcs_upload_dag.py took 0.817 seconds
[2025-07-01 10:44:45,203] {processor.py:163} INFO - Started process (PID=10802) to work on /opt/airflow/dags/gcs_upload_dag.py
[2025-07-01 10:44:45,205] {processor.py:642} INFO - Processing file /opt/airflow/dags/gcs_upload_dag.py for tasks to queue
[2025-07-01 10:44:45,205] {logging_mixin.py:109} INFO - [2025-07-01 10:44:45,205] {dagbag.py:500} INFO - Filling up the DagBag from /opt/airflow/dags/gcs_upload_dag.py
[2025-07-01 10:44:46,135] {processor.py:654} INFO - DAG(s) dict_keys(['data_ingestion_gcs_dag']) retrieved from /opt/airflow/dags/gcs_upload_dag.py
[2025-07-01 10:44:46,147] {logging_mixin.py:109} INFO - [2025-07-01 10:44:46,146] {dag.py:2396} INFO - Sync 1 DAGs
[2025-07-01 10:44:46,168] {logging_mixin.py:109} INFO - [2025-07-01 10:44:46,167] {dag.py:2935} INFO - Setting next_dagrun for data_ingestion_gcs_dag to 2025-07-01T00:00:00+00:00
[2025-07-01 10:44:46,181] {processor.py:171} INFO - Processing /opt/airflow/dags/gcs_upload_dag.py took 0.981 seconds
[2025-07-01 10:45:16,489] {processor.py:163} INFO - Started process (PID=10846) to work on /opt/airflow/dags/gcs_upload_dag.py
[2025-07-01 10:45:16,491] {processor.py:642} INFO - Processing file /opt/airflow/dags/gcs_upload_dag.py for tasks to queue
[2025-07-01 10:45:16,491] {logging_mixin.py:109} INFO - [2025-07-01 10:45:16,491] {dagbag.py:500} INFO - Filling up the DagBag from /opt/airflow/dags/gcs_upload_dag.py
[2025-07-01 10:45:17,288] {processor.py:654} INFO - DAG(s) dict_keys(['data_ingestion_gcs_dag']) retrieved from /opt/airflow/dags/gcs_upload_dag.py
[2025-07-01 10:45:17,299] {logging_mixin.py:109} INFO - [2025-07-01 10:45:17,298] {dag.py:2396} INFO - Sync 1 DAGs
[2025-07-01 10:45:17,315] {logging_mixin.py:109} INFO - [2025-07-01 10:45:17,315] {dag.py:2935} INFO - Setting next_dagrun for data_ingestion_gcs_dag to 2025-07-01T00:00:00+00:00
[2025-07-01 10:45:17,328] {processor.py:171} INFO - Processing /opt/airflow/dags/gcs_upload_dag.py took 0.842 seconds
[2025-07-01 10:45:47,522] {processor.py:163} INFO - Started process (PID=10879) to work on /opt/airflow/dags/gcs_upload_dag.py
[2025-07-01 10:45:47,524] {processor.py:642} INFO - Processing file /opt/airflow/dags/gcs_upload_dag.py for tasks to queue
[2025-07-01 10:45:47,526] {logging_mixin.py:109} INFO - [2025-07-01 10:45:47,525] {dagbag.py:500} INFO - Filling up the DagBag from /opt/airflow/dags/gcs_upload_dag.py
[2025-07-01 10:45:48,490] {processor.py:654} INFO - DAG(s) dict_keys(['data_ingestion_gcs_dag']) retrieved from /opt/airflow/dags/gcs_upload_dag.py
[2025-07-01 10:45:48,503] {logging_mixin.py:109} INFO - [2025-07-01 10:45:48,502] {dag.py:2396} INFO - Sync 1 DAGs
[2025-07-01 10:45:48,522] {logging_mixin.py:109} INFO - [2025-07-01 10:45:48,522] {dag.py:2935} INFO - Setting next_dagrun for data_ingestion_gcs_dag to 2025-07-01T00:00:00+00:00
[2025-07-01 10:45:48,533] {processor.py:171} INFO - Processing /opt/airflow/dags/gcs_upload_dag.py took 1.014 seconds
[2025-07-01 10:46:18,747] {processor.py:163} INFO - Started process (PID=10922) to work on /opt/airflow/dags/gcs_upload_dag.py
[2025-07-01 10:46:18,748] {processor.py:642} INFO - Processing file /opt/airflow/dags/gcs_upload_dag.py for tasks to queue
[2025-07-01 10:46:18,750] {logging_mixin.py:109} INFO - [2025-07-01 10:46:18,750] {dagbag.py:500} INFO - Filling up the DagBag from /opt/airflow/dags/gcs_upload_dag.py
[2025-07-01 10:46:19,938] {processor.py:654} INFO - DAG(s) dict_keys(['data_ingestion_gcs_dag']) retrieved from /opt/airflow/dags/gcs_upload_dag.py
[2025-07-01 10:46:19,951] {logging_mixin.py:109} INFO - [2025-07-01 10:46:19,950] {dag.py:2396} INFO - Sync 1 DAGs
[2025-07-01 10:46:19,970] {logging_mixin.py:109} INFO - [2025-07-01 10:46:19,970] {dag.py:2935} INFO - Setting next_dagrun for data_ingestion_gcs_dag to 2025-07-01T00:00:00+00:00
[2025-07-01 10:46:19,983] {processor.py:171} INFO - Processing /opt/airflow/dags/gcs_upload_dag.py took 1.239 seconds
[2025-07-01 10:46:50,150] {processor.py:163} INFO - Started process (PID=10955) to work on /opt/airflow/dags/gcs_upload_dag.py
[2025-07-01 10:46:50,152] {processor.py:642} INFO - Processing file /opt/airflow/dags/gcs_upload_dag.py for tasks to queue
[2025-07-01 10:46:50,153] {logging_mixin.py:109} INFO - [2025-07-01 10:46:50,153] {dagbag.py:500} INFO - Filling up the DagBag from /opt/airflow/dags/gcs_upload_dag.py
[2025-07-01 10:46:51,157] {processor.py:654} INFO - DAG(s) dict_keys(['data_ingestion_gcs_dag']) retrieved from /opt/airflow/dags/gcs_upload_dag.py
[2025-07-01 10:46:51,171] {logging_mixin.py:109} INFO - [2025-07-01 10:46:51,169] {dag.py:2396} INFO - Sync 1 DAGs
[2025-07-01 10:46:51,189] {logging_mixin.py:109} INFO - [2025-07-01 10:46:51,188] {dag.py:2935} INFO - Setting next_dagrun for data_ingestion_gcs_dag to 2025-07-01T00:00:00+00:00
[2025-07-01 10:46:51,202] {processor.py:171} INFO - Processing /opt/airflow/dags/gcs_upload_dag.py took 1.056 seconds
[2025-07-01 10:47:21,368] {processor.py:163} INFO - Started process (PID=10998) to work on /opt/airflow/dags/gcs_upload_dag.py
[2025-07-01 10:47:21,370] {processor.py:642} INFO - Processing file /opt/airflow/dags/gcs_upload_dag.py for tasks to queue
[2025-07-01 10:47:21,372] {logging_mixin.py:109} INFO - [2025-07-01 10:47:21,372] {dagbag.py:500} INFO - Filling up the DagBag from /opt/airflow/dags/gcs_upload_dag.py
[2025-07-01 10:47:22,207] {processor.py:654} INFO - DAG(s) dict_keys(['data_ingestion_gcs_dag']) retrieved from /opt/airflow/dags/gcs_upload_dag.py
[2025-07-01 10:47:22,218] {logging_mixin.py:109} INFO - [2025-07-01 10:47:22,217] {dag.py:2396} INFO - Sync 1 DAGs
[2025-07-01 10:47:22,233] {logging_mixin.py:109} INFO - [2025-07-01 10:47:22,233] {dag.py:2935} INFO - Setting next_dagrun for data_ingestion_gcs_dag to 2025-07-01T00:00:00+00:00
[2025-07-01 10:47:22,244] {processor.py:171} INFO - Processing /opt/airflow/dags/gcs_upload_dag.py took 0.879 seconds
[2025-07-01 10:47:52,461] {processor.py:163} INFO - Started process (PID=11031) to work on /opt/airflow/dags/gcs_upload_dag.py
[2025-07-01 10:47:52,462] {processor.py:642} INFO - Processing file /opt/airflow/dags/gcs_upload_dag.py for tasks to queue
[2025-07-01 10:47:52,463] {logging_mixin.py:109} INFO - [2025-07-01 10:47:52,463] {dagbag.py:500} INFO - Filling up the DagBag from /opt/airflow/dags/gcs_upload_dag.py
[2025-07-01 10:47:53,403] {processor.py:654} INFO - DAG(s) dict_keys(['data_ingestion_gcs_dag']) retrieved from /opt/airflow/dags/gcs_upload_dag.py
[2025-07-01 10:47:53,418] {logging_mixin.py:109} INFO - [2025-07-01 10:47:53,416] {dag.py:2396} INFO - Sync 1 DAGs
[2025-07-01 10:47:53,438] {logging_mixin.py:109} INFO - [2025-07-01 10:47:53,438] {dag.py:2935} INFO - Setting next_dagrun for data_ingestion_gcs_dag to 2025-07-01T00:00:00+00:00
[2025-07-01 10:47:53,452] {processor.py:171} INFO - Processing /opt/airflow/dags/gcs_upload_dag.py took 0.994 seconds
[2025-07-01 10:48:23,716] {processor.py:163} INFO - Started process (PID=11074) to work on /opt/airflow/dags/gcs_upload_dag.py
[2025-07-01 10:48:23,718] {processor.py:642} INFO - Processing file /opt/airflow/dags/gcs_upload_dag.py for tasks to queue
[2025-07-01 10:48:23,720] {logging_mixin.py:109} INFO - [2025-07-01 10:48:23,719] {dagbag.py:500} INFO - Filling up the DagBag from /opt/airflow/dags/gcs_upload_dag.py
[2025-07-01 10:48:24,666] {processor.py:654} INFO - DAG(s) dict_keys(['data_ingestion_gcs_dag']) retrieved from /opt/airflow/dags/gcs_upload_dag.py
[2025-07-01 10:48:24,678] {logging_mixin.py:109} INFO - [2025-07-01 10:48:24,677] {dag.py:2396} INFO - Sync 1 DAGs
[2025-07-01 10:48:24,696] {logging_mixin.py:109} INFO - [2025-07-01 10:48:24,696] {dag.py:2935} INFO - Setting next_dagrun for data_ingestion_gcs_dag to 2025-07-01T00:00:00+00:00
[2025-07-01 10:48:24,708] {processor.py:171} INFO - Processing /opt/airflow/dags/gcs_upload_dag.py took 0.997 seconds
[2025-07-01 10:48:54,942] {processor.py:163} INFO - Started process (PID=11107) to work on /opt/airflow/dags/gcs_upload_dag.py
[2025-07-01 10:48:54,943] {processor.py:642} INFO - Processing file /opt/airflow/dags/gcs_upload_dag.py for tasks to queue
[2025-07-01 10:48:54,944] {logging_mixin.py:109} INFO - [2025-07-01 10:48:54,944] {dagbag.py:500} INFO - Filling up the DagBag from /opt/airflow/dags/gcs_upload_dag.py
[2025-07-01 10:48:55,814] {processor.py:654} INFO - DAG(s) dict_keys(['data_ingestion_gcs_dag']) retrieved from /opt/airflow/dags/gcs_upload_dag.py
[2025-07-01 10:48:55,826] {logging_mixin.py:109} INFO - [2025-07-01 10:48:55,825] {dag.py:2396} INFO - Sync 1 DAGs
[2025-07-01 10:48:55,842] {logging_mixin.py:109} INFO - [2025-07-01 10:48:55,842] {dag.py:2935} INFO - Setting next_dagrun for data_ingestion_gcs_dag to 2025-07-01T00:00:00+00:00
[2025-07-01 10:48:55,852] {processor.py:171} INFO - Processing /opt/airflow/dags/gcs_upload_dag.py took 0.914 seconds
[2025-07-01 10:49:26,095] {processor.py:163} INFO - Started process (PID=11150) to work on /opt/airflow/dags/gcs_upload_dag.py
[2025-07-01 10:49:26,096] {processor.py:642} INFO - Processing file /opt/airflow/dags/gcs_upload_dag.py for tasks to queue
[2025-07-01 10:49:26,097] {logging_mixin.py:109} INFO - [2025-07-01 10:49:26,097] {dagbag.py:500} INFO - Filling up the DagBag from /opt/airflow/dags/gcs_upload_dag.py
[2025-07-01 10:49:27,288] {processor.py:654} INFO - DAG(s) dict_keys(['data_ingestion_gcs_dag']) retrieved from /opt/airflow/dags/gcs_upload_dag.py
[2025-07-01 10:49:27,304] {logging_mixin.py:109} INFO - [2025-07-01 10:49:27,303] {dag.py:2396} INFO - Sync 1 DAGs
[2025-07-01 10:49:27,329] {logging_mixin.py:109} INFO - [2025-07-01 10:49:27,329] {dag.py:2935} INFO - Setting next_dagrun for data_ingestion_gcs_dag to 2025-07-01T00:00:00+00:00
[2025-07-01 10:49:27,347] {processor.py:171} INFO - Processing /opt/airflow/dags/gcs_upload_dag.py took 1.223 seconds
[2025-07-01 10:49:57,538] {processor.py:163} INFO - Started process (PID=11183) to work on /opt/airflow/dags/gcs_upload_dag.py
[2025-07-01 10:49:57,540] {processor.py:642} INFO - Processing file /opt/airflow/dags/gcs_upload_dag.py for tasks to queue
[2025-07-01 10:49:57,540] {logging_mixin.py:109} INFO - [2025-07-01 10:49:57,540] {dagbag.py:500} INFO - Filling up the DagBag from /opt/airflow/dags/gcs_upload_dag.py
[2025-07-01 10:49:58,382] {processor.py:654} INFO - DAG(s) dict_keys(['data_ingestion_gcs_dag']) retrieved from /opt/airflow/dags/gcs_upload_dag.py
[2025-07-01 10:49:58,394] {logging_mixin.py:109} INFO - [2025-07-01 10:49:58,393] {dag.py:2396} INFO - Sync 1 DAGs
[2025-07-01 10:49:58,411] {logging_mixin.py:109} INFO - [2025-07-01 10:49:58,410] {dag.py:2935} INFO - Setting next_dagrun for data_ingestion_gcs_dag to 2025-07-01T00:00:00+00:00
[2025-07-01 10:49:58,422] {processor.py:171} INFO - Processing /opt/airflow/dags/gcs_upload_dag.py took 0.887 seconds
[2025-07-01 10:50:28,539] {processor.py:163} INFO - Started process (PID=11226) to work on /opt/airflow/dags/gcs_upload_dag.py
[2025-07-01 10:50:28,541] {processor.py:642} INFO - Processing file /opt/airflow/dags/gcs_upload_dag.py for tasks to queue
[2025-07-01 10:50:28,542] {logging_mixin.py:109} INFO - [2025-07-01 10:50:28,542] {dagbag.py:500} INFO - Filling up the DagBag from /opt/airflow/dags/gcs_upload_dag.py
[2025-07-01 10:50:29,622] {processor.py:654} INFO - DAG(s) dict_keys(['data_ingestion_gcs_dag']) retrieved from /opt/airflow/dags/gcs_upload_dag.py
[2025-07-01 10:50:29,642] {logging_mixin.py:109} INFO - [2025-07-01 10:50:29,641] {dag.py:2396} INFO - Sync 1 DAGs
[2025-07-01 10:50:29,667] {logging_mixin.py:109} INFO - [2025-07-01 10:50:29,667] {dag.py:2935} INFO - Setting next_dagrun for data_ingestion_gcs_dag to 2025-07-01T00:00:00+00:00
[2025-07-01 10:50:29,681] {processor.py:171} INFO - Processing /opt/airflow/dags/gcs_upload_dag.py took 1.147 seconds
[2025-07-01 10:50:59,939] {processor.py:163} INFO - Started process (PID=11259) to work on /opt/airflow/dags/gcs_upload_dag.py
[2025-07-01 10:50:59,940] {processor.py:642} INFO - Processing file /opt/airflow/dags/gcs_upload_dag.py for tasks to queue
[2025-07-01 10:50:59,941] {logging_mixin.py:109} INFO - [2025-07-01 10:50:59,941] {dagbag.py:500} INFO - Filling up the DagBag from /opt/airflow/dags/gcs_upload_dag.py
[2025-07-01 10:51:00,760] {processor.py:654} INFO - DAG(s) dict_keys(['data_ingestion_gcs_dag']) retrieved from /opt/airflow/dags/gcs_upload_dag.py
[2025-07-01 10:51:00,773] {logging_mixin.py:109} INFO - [2025-07-01 10:51:00,772] {dag.py:2396} INFO - Sync 1 DAGs
[2025-07-01 10:51:00,790] {logging_mixin.py:109} INFO - [2025-07-01 10:51:00,790] {dag.py:2935} INFO - Setting next_dagrun for data_ingestion_gcs_dag to 2025-07-01T00:00:00+00:00
[2025-07-01 10:51:00,801] {processor.py:171} INFO - Processing /opt/airflow/dags/gcs_upload_dag.py took 0.865 seconds
[2025-07-01 10:51:31,083] {processor.py:163} INFO - Started process (PID=11292) to work on /opt/airflow/dags/gcs_upload_dag.py
[2025-07-01 10:51:31,084] {processor.py:642} INFO - Processing file /opt/airflow/dags/gcs_upload_dag.py for tasks to queue
[2025-07-01 10:51:31,086] {logging_mixin.py:109} INFO - [2025-07-01 10:51:31,085] {dagbag.py:500} INFO - Filling up the DagBag from /opt/airflow/dags/gcs_upload_dag.py
[2025-07-01 10:51:32,057] {processor.py:654} INFO - DAG(s) dict_keys(['data_ingestion_gcs_dag']) retrieved from /opt/airflow/dags/gcs_upload_dag.py
[2025-07-01 10:51:32,072] {logging_mixin.py:109} INFO - [2025-07-01 10:51:32,070] {dag.py:2396} INFO - Sync 1 DAGs
[2025-07-01 10:51:32,091] {logging_mixin.py:109} INFO - [2025-07-01 10:51:32,091] {dag.py:2935} INFO - Setting next_dagrun for data_ingestion_gcs_dag to 2025-07-01T00:00:00+00:00
[2025-07-01 10:51:32,104] {processor.py:171} INFO - Processing /opt/airflow/dags/gcs_upload_dag.py took 1.026 seconds
[2025-07-01 10:52:02,307] {processor.py:163} INFO - Started process (PID=11335) to work on /opt/airflow/dags/gcs_upload_dag.py
[2025-07-01 10:52:02,309] {processor.py:642} INFO - Processing file /opt/airflow/dags/gcs_upload_dag.py for tasks to queue
[2025-07-01 10:52:02,309] {logging_mixin.py:109} INFO - [2025-07-01 10:52:02,309] {dagbag.py:500} INFO - Filling up the DagBag from /opt/airflow/dags/gcs_upload_dag.py
[2025-07-01 10:52:03,253] {processor.py:654} INFO - DAG(s) dict_keys(['data_ingestion_gcs_dag']) retrieved from /opt/airflow/dags/gcs_upload_dag.py
[2025-07-01 10:52:03,266] {logging_mixin.py:109} INFO - [2025-07-01 10:52:03,265] {dag.py:2396} INFO - Sync 1 DAGs
[2025-07-01 10:52:03,288] {logging_mixin.py:109} INFO - [2025-07-01 10:52:03,288] {dag.py:2935} INFO - Setting next_dagrun for data_ingestion_gcs_dag to 2025-07-01T00:00:00+00:00
[2025-07-01 10:52:03,299] {processor.py:171} INFO - Processing /opt/airflow/dags/gcs_upload_dag.py took 0.995 seconds
[2025-07-01 10:52:33,513] {processor.py:163} INFO - Started process (PID=11368) to work on /opt/airflow/dags/gcs_upload_dag.py
[2025-07-01 10:52:33,514] {processor.py:642} INFO - Processing file /opt/airflow/dags/gcs_upload_dag.py for tasks to queue
[2025-07-01 10:52:33,515] {logging_mixin.py:109} INFO - [2025-07-01 10:52:33,515] {dagbag.py:500} INFO - Filling up the DagBag from /opt/airflow/dags/gcs_upload_dag.py
[2025-07-01 10:52:34,366] {processor.py:654} INFO - DAG(s) dict_keys(['data_ingestion_gcs_dag']) retrieved from /opt/airflow/dags/gcs_upload_dag.py
[2025-07-01 10:52:34,379] {logging_mixin.py:109} INFO - [2025-07-01 10:52:34,377] {dag.py:2396} INFO - Sync 1 DAGs
[2025-07-01 10:52:34,397] {logging_mixin.py:109} INFO - [2025-07-01 10:52:34,396] {dag.py:2935} INFO - Setting next_dagrun for data_ingestion_gcs_dag to 2025-07-01T00:00:00+00:00
[2025-07-01 10:52:34,407] {processor.py:171} INFO - Processing /opt/airflow/dags/gcs_upload_dag.py took 0.897 seconds
[2025-07-01 10:53:04,607] {processor.py:163} INFO - Started process (PID=11411) to work on /opt/airflow/dags/gcs_upload_dag.py
[2025-07-01 10:53:04,609] {processor.py:642} INFO - Processing file /opt/airflow/dags/gcs_upload_dag.py for tasks to queue
[2025-07-01 10:53:04,610] {logging_mixin.py:109} INFO - [2025-07-01 10:53:04,610] {dagbag.py:500} INFO - Filling up the DagBag from /opt/airflow/dags/gcs_upload_dag.py
[2025-07-01 10:53:05,556] {processor.py:654} INFO - DAG(s) dict_keys(['data_ingestion_gcs_dag']) retrieved from /opt/airflow/dags/gcs_upload_dag.py
[2025-07-01 10:53:05,571] {logging_mixin.py:109} INFO - [2025-07-01 10:53:05,569] {dag.py:2396} INFO - Sync 1 DAGs
[2025-07-01 10:53:05,592] {logging_mixin.py:109} INFO - [2025-07-01 10:53:05,592] {dag.py:2935} INFO - Setting next_dagrun for data_ingestion_gcs_dag to 2025-07-01T00:00:00+00:00
[2025-07-01 10:53:05,608] {processor.py:171} INFO - Processing /opt/airflow/dags/gcs_upload_dag.py took 1.003 seconds
[2025-07-01 10:53:35,829] {processor.py:163} INFO - Started process (PID=11444) to work on /opt/airflow/dags/gcs_upload_dag.py
[2025-07-01 10:53:35,830] {processor.py:642} INFO - Processing file /opt/airflow/dags/gcs_upload_dag.py for tasks to queue
[2025-07-01 10:53:35,831] {logging_mixin.py:109} INFO - [2025-07-01 10:53:35,831] {dagbag.py:500} INFO - Filling up the DagBag from /opt/airflow/dags/gcs_upload_dag.py
[2025-07-01 10:53:36,615] {processor.py:654} INFO - DAG(s) dict_keys(['data_ingestion_gcs_dag']) retrieved from /opt/airflow/dags/gcs_upload_dag.py
[2025-07-01 10:53:36,627] {logging_mixin.py:109} INFO - [2025-07-01 10:53:36,626] {dag.py:2396} INFO - Sync 1 DAGs
[2025-07-01 10:53:36,642] {logging_mixin.py:109} INFO - [2025-07-01 10:53:36,642] {dag.py:2935} INFO - Setting next_dagrun for data_ingestion_gcs_dag to 2025-07-01T00:00:00+00:00
[2025-07-01 10:53:36,653] {processor.py:171} INFO - Processing /opt/airflow/dags/gcs_upload_dag.py took 0.827 seconds
[2025-07-01 10:54:06,847] {processor.py:163} INFO - Started process (PID=11487) to work on /opt/airflow/dags/gcs_upload_dag.py
[2025-07-01 10:54:06,849] {processor.py:642} INFO - Processing file /opt/airflow/dags/gcs_upload_dag.py for tasks to queue
[2025-07-01 10:54:06,850] {logging_mixin.py:109} INFO - [2025-07-01 10:54:06,849] {dagbag.py:500} INFO - Filling up the DagBag from /opt/airflow/dags/gcs_upload_dag.py
[2025-07-01 10:54:07,654] {processor.py:654} INFO - DAG(s) dict_keys(['data_ingestion_gcs_dag']) retrieved from /opt/airflow/dags/gcs_upload_dag.py
[2025-07-01 10:54:07,665] {logging_mixin.py:109} INFO - [2025-07-01 10:54:07,664] {dag.py:2396} INFO - Sync 1 DAGs
[2025-07-01 10:54:07,681] {logging_mixin.py:109} INFO - [2025-07-01 10:54:07,681] {dag.py:2935} INFO - Setting next_dagrun for data_ingestion_gcs_dag to 2025-07-01T00:00:00+00:00
[2025-07-01 10:54:07,693] {processor.py:171} INFO - Processing /opt/airflow/dags/gcs_upload_dag.py took 0.849 seconds
[2025-07-01 10:54:37,891] {processor.py:163} INFO - Started process (PID=11520) to work on /opt/airflow/dags/gcs_upload_dag.py
[2025-07-01 10:54:37,893] {processor.py:642} INFO - Processing file /opt/airflow/dags/gcs_upload_dag.py for tasks to queue
[2025-07-01 10:54:37,894] {logging_mixin.py:109} INFO - [2025-07-01 10:54:37,894] {dagbag.py:500} INFO - Filling up the DagBag from /opt/airflow/dags/gcs_upload_dag.py
[2025-07-01 10:54:38,656] {processor.py:654} INFO - DAG(s) dict_keys(['data_ingestion_gcs_dag']) retrieved from /opt/airflow/dags/gcs_upload_dag.py
[2025-07-01 10:54:38,669] {logging_mixin.py:109} INFO - [2025-07-01 10:54:38,668] {dag.py:2396} INFO - Sync 1 DAGs
[2025-07-01 10:54:38,687] {logging_mixin.py:109} INFO - [2025-07-01 10:54:38,687] {dag.py:2935} INFO - Setting next_dagrun for data_ingestion_gcs_dag to 2025-07-01T00:00:00+00:00
[2025-07-01 10:54:38,698] {processor.py:171} INFO - Processing /opt/airflow/dags/gcs_upload_dag.py took 0.810 seconds
[2025-07-01 10:55:08,894] {processor.py:163} INFO - Started process (PID=11563) to work on /opt/airflow/dags/gcs_upload_dag.py
[2025-07-01 10:55:08,895] {processor.py:642} INFO - Processing file /opt/airflow/dags/gcs_upload_dag.py for tasks to queue
[2025-07-01 10:55:08,896] {logging_mixin.py:109} INFO - [2025-07-01 10:55:08,896] {dagbag.py:500} INFO - Filling up the DagBag from /opt/airflow/dags/gcs_upload_dag.py
[2025-07-01 10:55:09,651] {processor.py:654} INFO - DAG(s) dict_keys(['data_ingestion_gcs_dag']) retrieved from /opt/airflow/dags/gcs_upload_dag.py
[2025-07-01 10:55:09,663] {logging_mixin.py:109} INFO - [2025-07-01 10:55:09,662] {dag.py:2396} INFO - Sync 1 DAGs
[2025-07-01 10:55:09,679] {logging_mixin.py:109} INFO - [2025-07-01 10:55:09,678] {dag.py:2935} INFO - Setting next_dagrun for data_ingestion_gcs_dag to 2025-07-01T00:00:00+00:00
[2025-07-01 10:55:09,690] {processor.py:171} INFO - Processing /opt/airflow/dags/gcs_upload_dag.py took 0.799 seconds
[2025-07-01 10:55:39,906] {processor.py:163} INFO - Started process (PID=11596) to work on /opt/airflow/dags/gcs_upload_dag.py
[2025-07-01 10:55:39,907] {processor.py:642} INFO - Processing file /opt/airflow/dags/gcs_upload_dag.py for tasks to queue
[2025-07-01 10:55:39,908] {logging_mixin.py:109} INFO - [2025-07-01 10:55:39,908] {dagbag.py:500} INFO - Filling up the DagBag from /opt/airflow/dags/gcs_upload_dag.py
[2025-07-01 10:55:40,663] {processor.py:654} INFO - DAG(s) dict_keys(['data_ingestion_gcs_dag']) retrieved from /opt/airflow/dags/gcs_upload_dag.py
[2025-07-01 10:55:40,673] {logging_mixin.py:109} INFO - [2025-07-01 10:55:40,672] {dag.py:2396} INFO - Sync 1 DAGs
[2025-07-01 10:55:40,688] {logging_mixin.py:109} INFO - [2025-07-01 10:55:40,688] {dag.py:2935} INFO - Setting next_dagrun for data_ingestion_gcs_dag to 2025-07-01T00:00:00+00:00
[2025-07-01 10:55:40,699] {processor.py:171} INFO - Processing /opt/airflow/dags/gcs_upload_dag.py took 0.797 seconds
[2025-07-01 10:56:10,865] {processor.py:163} INFO - Started process (PID=11639) to work on /opt/airflow/dags/gcs_upload_dag.py
[2025-07-01 10:56:10,866] {processor.py:642} INFO - Processing file /opt/airflow/dags/gcs_upload_dag.py for tasks to queue
[2025-07-01 10:56:10,867] {logging_mixin.py:109} INFO - [2025-07-01 10:56:10,867] {dagbag.py:500} INFO - Filling up the DagBag from /opt/airflow/dags/gcs_upload_dag.py
[2025-07-01 10:56:11,615] {processor.py:654} INFO - DAG(s) dict_keys(['data_ingestion_gcs_dag']) retrieved from /opt/airflow/dags/gcs_upload_dag.py
[2025-07-01 10:56:11,626] {logging_mixin.py:109} INFO - [2025-07-01 10:56:11,625] {dag.py:2396} INFO - Sync 1 DAGs
[2025-07-01 10:56:11,641] {logging_mixin.py:109} INFO - [2025-07-01 10:56:11,641] {dag.py:2935} INFO - Setting next_dagrun for data_ingestion_gcs_dag to 2025-07-01T00:00:00+00:00
[2025-07-01 10:56:11,653] {processor.py:171} INFO - Processing /opt/airflow/dags/gcs_upload_dag.py took 0.791 seconds
[2025-07-01 10:56:41,891] {processor.py:163} INFO - Started process (PID=11672) to work on /opt/airflow/dags/gcs_upload_dag.py
[2025-07-01 10:56:41,893] {processor.py:642} INFO - Processing file /opt/airflow/dags/gcs_upload_dag.py for tasks to queue
[2025-07-01 10:56:41,894] {logging_mixin.py:109} INFO - [2025-07-01 10:56:41,893] {dagbag.py:500} INFO - Filling up the DagBag from /opt/airflow/dags/gcs_upload_dag.py
[2025-07-01 10:56:42,666] {processor.py:654} INFO - DAG(s) dict_keys(['data_ingestion_gcs_dag']) retrieved from /opt/airflow/dags/gcs_upload_dag.py
[2025-07-01 10:56:42,678] {logging_mixin.py:109} INFO - [2025-07-01 10:56:42,677] {dag.py:2396} INFO - Sync 1 DAGs
[2025-07-01 10:56:42,694] {logging_mixin.py:109} INFO - [2025-07-01 10:56:42,694] {dag.py:2935} INFO - Setting next_dagrun for data_ingestion_gcs_dag to 2025-07-01T00:00:00+00:00
[2025-07-01 10:56:42,704] {processor.py:171} INFO - Processing /opt/airflow/dags/gcs_upload_dag.py took 0.816 seconds
[2025-07-01 10:57:12,922] {processor.py:163} INFO - Started process (PID=11715) to work on /opt/airflow/dags/gcs_upload_dag.py
[2025-07-01 10:57:12,924] {processor.py:642} INFO - Processing file /opt/airflow/dags/gcs_upload_dag.py for tasks to queue
[2025-07-01 10:57:12,925] {logging_mixin.py:109} INFO - [2025-07-01 10:57:12,925] {dagbag.py:500} INFO - Filling up the DagBag from /opt/airflow/dags/gcs_upload_dag.py
[2025-07-01 10:57:13,686] {processor.py:654} INFO - DAG(s) dict_keys(['data_ingestion_gcs_dag']) retrieved from /opt/airflow/dags/gcs_upload_dag.py
[2025-07-01 10:57:13,701] {logging_mixin.py:109} INFO - [2025-07-01 10:57:13,700] {dag.py:2396} INFO - Sync 1 DAGs
[2025-07-01 10:57:13,718] {logging_mixin.py:109} INFO - [2025-07-01 10:57:13,718] {dag.py:2935} INFO - Setting next_dagrun for data_ingestion_gcs_dag to 2025-07-01T00:00:00+00:00
[2025-07-01 10:57:13,728] {processor.py:171} INFO - Processing /opt/airflow/dags/gcs_upload_dag.py took 0.810 seconds
[2025-07-01 10:57:43,943] {processor.py:163} INFO - Started process (PID=11748) to work on /opt/airflow/dags/gcs_upload_dag.py
[2025-07-01 10:57:43,944] {processor.py:642} INFO - Processing file /opt/airflow/dags/gcs_upload_dag.py for tasks to queue
[2025-07-01 10:57:43,945] {logging_mixin.py:109} INFO - [2025-07-01 10:57:43,945] {dagbag.py:500} INFO - Filling up the DagBag from /opt/airflow/dags/gcs_upload_dag.py
[2025-07-01 10:57:44,715] {processor.py:654} INFO - DAG(s) dict_keys(['data_ingestion_gcs_dag']) retrieved from /opt/airflow/dags/gcs_upload_dag.py
[2025-07-01 10:57:44,726] {logging_mixin.py:109} INFO - [2025-07-01 10:57:44,725] {dag.py:2396} INFO - Sync 1 DAGs
[2025-07-01 10:57:44,740] {logging_mixin.py:109} INFO - [2025-07-01 10:57:44,740] {dag.py:2935} INFO - Setting next_dagrun for data_ingestion_gcs_dag to 2025-07-01T00:00:00+00:00
[2025-07-01 10:57:44,751] {processor.py:171} INFO - Processing /opt/airflow/dags/gcs_upload_dag.py took 0.811 seconds
[2025-07-01 10:58:14,981] {processor.py:163} INFO - Started process (PID=11791) to work on /opt/airflow/dags/gcs_upload_dag.py
[2025-07-01 10:58:14,984] {processor.py:642} INFO - Processing file /opt/airflow/dags/gcs_upload_dag.py for tasks to queue
[2025-07-01 10:58:14,986] {logging_mixin.py:109} INFO - [2025-07-01 10:58:14,986] {dagbag.py:500} INFO - Filling up the DagBag from /opt/airflow/dags/gcs_upload_dag.py
[2025-07-01 10:58:15,876] {processor.py:654} INFO - DAG(s) dict_keys(['data_ingestion_gcs_dag']) retrieved from /opt/airflow/dags/gcs_upload_dag.py
[2025-07-01 10:58:15,889] {logging_mixin.py:109} INFO - [2025-07-01 10:58:15,888] {dag.py:2396} INFO - Sync 1 DAGs
[2025-07-01 10:58:15,906] {logging_mixin.py:109} INFO - [2025-07-01 10:58:15,906] {dag.py:2935} INFO - Setting next_dagrun for data_ingestion_gcs_dag to 2025-07-01T00:00:00+00:00
[2025-07-01 10:58:15,919] {processor.py:171} INFO - Processing /opt/airflow/dags/gcs_upload_dag.py took 0.946 seconds
[2025-07-01 10:58:46,192] {processor.py:163} INFO - Started process (PID=11824) to work on /opt/airflow/dags/gcs_upload_dag.py
[2025-07-01 10:58:46,194] {processor.py:642} INFO - Processing file /opt/airflow/dags/gcs_upload_dag.py for tasks to queue
[2025-07-01 10:58:46,195] {logging_mixin.py:109} INFO - [2025-07-01 10:58:46,195] {dagbag.py:500} INFO - Filling up the DagBag from /opt/airflow/dags/gcs_upload_dag.py
[2025-07-01 10:58:47,027] {processor.py:654} INFO - DAG(s) dict_keys(['data_ingestion_gcs_dag']) retrieved from /opt/airflow/dags/gcs_upload_dag.py
[2025-07-01 10:58:47,038] {logging_mixin.py:109} INFO - [2025-07-01 10:58:47,037] {dag.py:2396} INFO - Sync 1 DAGs
[2025-07-01 10:58:47,054] {logging_mixin.py:109} INFO - [2025-07-01 10:58:47,054] {dag.py:2935} INFO - Setting next_dagrun for data_ingestion_gcs_dag to 2025-07-01T00:00:00+00:00
[2025-07-01 10:58:47,066] {processor.py:171} INFO - Processing /opt/airflow/dags/gcs_upload_dag.py took 0.876 seconds
[2025-07-01 10:59:17,368] {processor.py:163} INFO - Started process (PID=11867) to work on /opt/airflow/dags/gcs_upload_dag.py
[2025-07-01 10:59:17,372] {processor.py:642} INFO - Processing file /opt/airflow/dags/gcs_upload_dag.py for tasks to queue
[2025-07-01 10:59:17,374] {logging_mixin.py:109} INFO - [2025-07-01 10:59:17,374] {dagbag.py:500} INFO - Filling up the DagBag from /opt/airflow/dags/gcs_upload_dag.py
[2025-07-01 10:59:18,314] {processor.py:654} INFO - DAG(s) dict_keys(['data_ingestion_gcs_dag']) retrieved from /opt/airflow/dags/gcs_upload_dag.py
[2025-07-01 10:59:18,326] {logging_mixin.py:109} INFO - [2025-07-01 10:59:18,325] {dag.py:2396} INFO - Sync 1 DAGs
[2025-07-01 10:59:18,344] {logging_mixin.py:109} INFO - [2025-07-01 10:59:18,344] {dag.py:2935} INFO - Setting next_dagrun for data_ingestion_gcs_dag to 2025-07-01T00:00:00+00:00
[2025-07-01 10:59:18,356] {processor.py:171} INFO - Processing /opt/airflow/dags/gcs_upload_dag.py took 1.001 seconds
[2025-07-01 10:59:48,508] {processor.py:163} INFO - Started process (PID=11900) to work on /opt/airflow/dags/gcs_upload_dag.py
[2025-07-01 10:59:48,509] {processor.py:642} INFO - Processing file /opt/airflow/dags/gcs_upload_dag.py for tasks to queue
[2025-07-01 10:59:48,511] {logging_mixin.py:109} INFO - [2025-07-01 10:59:48,511] {dagbag.py:500} INFO - Filling up the DagBag from /opt/airflow/dags/gcs_upload_dag.py
[2025-07-01 10:59:49,471] {processor.py:654} INFO - DAG(s) dict_keys(['data_ingestion_gcs_dag']) retrieved from /opt/airflow/dags/gcs_upload_dag.py
[2025-07-01 10:59:49,485] {logging_mixin.py:109} INFO - [2025-07-01 10:59:49,484] {dag.py:2396} INFO - Sync 1 DAGs
[2025-07-01 10:59:49,503] {logging_mixin.py:109} INFO - [2025-07-01 10:59:49,503] {dag.py:2935} INFO - Setting next_dagrun for data_ingestion_gcs_dag to 2025-07-01T00:00:00+00:00
[2025-07-01 10:59:49,516] {processor.py:171} INFO - Processing /opt/airflow/dags/gcs_upload_dag.py took 1.011 seconds
[2025-07-01 11:00:19,797] {processor.py:163} INFO - Started process (PID=11943) to work on /opt/airflow/dags/gcs_upload_dag.py
[2025-07-01 11:00:19,799] {processor.py:642} INFO - Processing file /opt/airflow/dags/gcs_upload_dag.py for tasks to queue
[2025-07-01 11:00:19,803] {logging_mixin.py:109} INFO - [2025-07-01 11:00:19,802] {dagbag.py:500} INFO - Filling up the DagBag from /opt/airflow/dags/gcs_upload_dag.py
[2025-07-01 11:00:21,331] {processor.py:654} INFO - DAG(s) dict_keys(['data_ingestion_gcs_dag']) retrieved from /opt/airflow/dags/gcs_upload_dag.py
[2025-07-01 11:00:21,345] {logging_mixin.py:109} INFO - [2025-07-01 11:00:21,344] {dag.py:2396} INFO - Sync 1 DAGs
[2025-07-01 11:00:21,365] {logging_mixin.py:109} INFO - [2025-07-01 11:00:21,365] {dag.py:2935} INFO - Setting next_dagrun for data_ingestion_gcs_dag to 2025-07-01T00:00:00+00:00
[2025-07-01 11:00:21,381] {processor.py:171} INFO - Processing /opt/airflow/dags/gcs_upload_dag.py took 1.591 seconds
[2025-07-01 11:00:51,581] {processor.py:163} INFO - Started process (PID=11976) to work on /opt/airflow/dags/gcs_upload_dag.py
[2025-07-01 11:00:51,582] {processor.py:642} INFO - Processing file /opt/airflow/dags/gcs_upload_dag.py for tasks to queue
[2025-07-01 11:00:51,583] {logging_mixin.py:109} INFO - [2025-07-01 11:00:51,583] {dagbag.py:500} INFO - Filling up the DagBag from /opt/airflow/dags/gcs_upload_dag.py
[2025-07-01 11:00:52,358] {processor.py:654} INFO - DAG(s) dict_keys(['data_ingestion_gcs_dag']) retrieved from /opt/airflow/dags/gcs_upload_dag.py
[2025-07-01 11:00:52,369] {logging_mixin.py:109} INFO - [2025-07-01 11:00:52,368] {dag.py:2396} INFO - Sync 1 DAGs
[2025-07-01 11:00:52,385] {logging_mixin.py:109} INFO - [2025-07-01 11:00:52,385] {dag.py:2935} INFO - Setting next_dagrun for data_ingestion_gcs_dag to 2025-07-01T00:00:00+00:00
[2025-07-01 11:00:52,396] {processor.py:171} INFO - Processing /opt/airflow/dags/gcs_upload_dag.py took 0.819 seconds
[2025-07-01 11:02:54,286] {processor.py:163} INFO - Started process (PID=176) to work on /opt/airflow/dags/gcs_upload_dag.py
[2025-07-01 11:02:54,289] {processor.py:642} INFO - Processing file /opt/airflow/dags/gcs_upload_dag.py for tasks to queue
[2025-07-01 11:02:54,291] {logging_mixin.py:109} INFO - [2025-07-01 11:02:54,291] {dagbag.py:500} INFO - Filling up the DagBag from /opt/airflow/dags/gcs_upload_dag.py
[2025-07-01 11:02:57,551] {processor.py:654} INFO - DAG(s) dict_keys(['data_ingestion_gcs_dag']) retrieved from /opt/airflow/dags/gcs_upload_dag.py
[2025-07-01 11:02:57,567] {logging_mixin.py:109} INFO - [2025-07-01 11:02:57,565] {dag.py:2396} INFO - Sync 1 DAGs
[2025-07-01 11:02:57,588] {logging_mixin.py:109} INFO - [2025-07-01 11:02:57,588] {dag.py:2935} INFO - Setting next_dagrun for data_ingestion_gcs_dag to 2025-07-01T00:00:00+00:00
[2025-07-01 11:02:57,602] {processor.py:171} INFO - Processing /opt/airflow/dags/gcs_upload_dag.py took 3.289 seconds
[2025-07-01 11:03:27,780] {processor.py:163} INFO - Started process (PID=209) to work on /opt/airflow/dags/gcs_upload_dag.py
[2025-07-01 11:03:27,781] {processor.py:642} INFO - Processing file /opt/airflow/dags/gcs_upload_dag.py for tasks to queue
[2025-07-01 11:03:27,782] {logging_mixin.py:109} INFO - [2025-07-01 11:03:27,782] {dagbag.py:500} INFO - Filling up the DagBag from /opt/airflow/dags/gcs_upload_dag.py
[2025-07-01 11:03:28,676] {processor.py:654} INFO - DAG(s) dict_keys(['data_ingestion_gcs_dag']) retrieved from /opt/airflow/dags/gcs_upload_dag.py
[2025-07-01 11:03:28,688] {logging_mixin.py:109} INFO - [2025-07-01 11:03:28,687] {dag.py:2396} INFO - Sync 1 DAGs
[2025-07-01 11:03:28,706] {logging_mixin.py:109} INFO - [2025-07-01 11:03:28,706] {dag.py:2935} INFO - Setting next_dagrun for data_ingestion_gcs_dag to 2025-07-01T00:00:00+00:00
[2025-07-01 11:03:28,718] {processor.py:171} INFO - Processing /opt/airflow/dags/gcs_upload_dag.py took 0.942 seconds
[2025-07-01 11:03:58,829] {processor.py:163} INFO - Started process (PID=252) to work on /opt/airflow/dags/gcs_upload_dag.py
[2025-07-01 11:03:58,830] {processor.py:642} INFO - Processing file /opt/airflow/dags/gcs_upload_dag.py for tasks to queue
[2025-07-01 11:03:58,831] {logging_mixin.py:109} INFO - [2025-07-01 11:03:58,830] {dagbag.py:500} INFO - Filling up the DagBag from /opt/airflow/dags/gcs_upload_dag.py
[2025-07-01 11:03:59,833] {processor.py:654} INFO - DAG(s) dict_keys(['data_ingestion_gcs_dag']) retrieved from /opt/airflow/dags/gcs_upload_dag.py
[2025-07-01 11:03:59,847] {logging_mixin.py:109} INFO - [2025-07-01 11:03:59,846] {dag.py:2396} INFO - Sync 1 DAGs
[2025-07-01 11:03:59,867] {logging_mixin.py:109} INFO - [2025-07-01 11:03:59,867] {dag.py:2935} INFO - Setting next_dagrun for data_ingestion_gcs_dag to 2025-07-01T00:00:00+00:00
[2025-07-01 11:03:59,881] {processor.py:171} INFO - Processing /opt/airflow/dags/gcs_upload_dag.py took 1.055 seconds
[2025-07-01 11:04:30,263] {processor.py:163} INFO - Started process (PID=285) to work on /opt/airflow/dags/gcs_upload_dag.py
[2025-07-01 11:04:30,265] {processor.py:642} INFO - Processing file /opt/airflow/dags/gcs_upload_dag.py for tasks to queue
[2025-07-01 11:04:30,266] {logging_mixin.py:109} INFO - [2025-07-01 11:04:30,266] {dagbag.py:500} INFO - Filling up the DagBag from /opt/airflow/dags/gcs_upload_dag.py
[2025-07-01 11:04:31,144] {processor.py:654} INFO - DAG(s) dict_keys(['data_ingestion_gcs_dag']) retrieved from /opt/airflow/dags/gcs_upload_dag.py
[2025-07-01 11:04:31,156] {logging_mixin.py:109} INFO - [2025-07-01 11:04:31,154] {dag.py:2396} INFO - Sync 1 DAGs
[2025-07-01 11:04:31,175] {logging_mixin.py:109} INFO - [2025-07-01 11:04:31,175] {dag.py:2935} INFO - Setting next_dagrun for data_ingestion_gcs_dag to 2025-07-01T00:00:00+00:00
[2025-07-01 11:04:31,187] {processor.py:171} INFO - Processing /opt/airflow/dags/gcs_upload_dag.py took 0.930 seconds
[2025-07-01 11:05:01,477] {processor.py:163} INFO - Started process (PID=341) to work on /opt/airflow/dags/gcs_upload_dag.py
[2025-07-01 11:05:01,479] {processor.py:642} INFO - Processing file /opt/airflow/dags/gcs_upload_dag.py for tasks to queue
[2025-07-01 11:05:01,480] {logging_mixin.py:109} INFO - [2025-07-01 11:05:01,480] {dagbag.py:500} INFO - Filling up the DagBag from /opt/airflow/dags/gcs_upload_dag.py
[2025-07-01 11:05:02,509] {processor.py:654} INFO - DAG(s) dict_keys(['data_ingestion_gcs_dag']) retrieved from /opt/airflow/dags/gcs_upload_dag.py
[2025-07-01 11:05:02,521] {logging_mixin.py:109} INFO - [2025-07-01 11:05:02,520] {dag.py:2396} INFO - Sync 1 DAGs
[2025-07-01 11:05:02,545] {processor.py:171} INFO - Processing /opt/airflow/dags/gcs_upload_dag.py took 1.072 seconds
[2025-07-01 11:05:32,737] {processor.py:163} INFO - Started process (PID=384) to work on /opt/airflow/dags/gcs_upload_dag.py
[2025-07-01 11:05:32,738] {processor.py:642} INFO - Processing file /opt/airflow/dags/gcs_upload_dag.py for tasks to queue
[2025-07-01 11:05:32,739] {logging_mixin.py:109} INFO - [2025-07-01 11:05:32,739] {dagbag.py:500} INFO - Filling up the DagBag from /opt/airflow/dags/gcs_upload_dag.py
[2025-07-01 11:05:33,535] {processor.py:654} INFO - DAG(s) dict_keys(['data_ingestion_gcs_dag']) retrieved from /opt/airflow/dags/gcs_upload_dag.py
[2025-07-01 11:05:33,546] {logging_mixin.py:109} INFO - [2025-07-01 11:05:33,545] {dag.py:2396} INFO - Sync 1 DAGs
[2025-07-01 11:05:33,571] {processor.py:171} INFO - Processing /opt/airflow/dags/gcs_upload_dag.py took 0.837 seconds
[2025-07-01 11:06:03,784] {processor.py:163} INFO - Started process (PID=417) to work on /opt/airflow/dags/gcs_upload_dag.py
[2025-07-01 11:06:03,786] {processor.py:642} INFO - Processing file /opt/airflow/dags/gcs_upload_dag.py for tasks to queue
[2025-07-01 11:06:03,787] {logging_mixin.py:109} INFO - [2025-07-01 11:06:03,787] {dagbag.py:500} INFO - Filling up the DagBag from /opt/airflow/dags/gcs_upload_dag.py
[2025-07-01 11:06:04,854] {processor.py:654} INFO - DAG(s) dict_keys(['data_ingestion_gcs_dag']) retrieved from /opt/airflow/dags/gcs_upload_dag.py
[2025-07-01 11:06:04,871] {logging_mixin.py:109} INFO - [2025-07-01 11:06:04,870] {dag.py:2396} INFO - Sync 1 DAGs
[2025-07-01 11:06:04,899] {processor.py:171} INFO - Processing /opt/airflow/dags/gcs_upload_dag.py took 1.120 seconds
[2025-07-01 11:06:34,957] {processor.py:163} INFO - Started process (PID=460) to work on /opt/airflow/dags/gcs_upload_dag.py
[2025-07-01 11:06:34,958] {processor.py:642} INFO - Processing file /opt/airflow/dags/gcs_upload_dag.py for tasks to queue
[2025-07-01 11:06:34,959] {logging_mixin.py:109} INFO - [2025-07-01 11:06:34,959] {dagbag.py:500} INFO - Filling up the DagBag from /opt/airflow/dags/gcs_upload_dag.py
[2025-07-01 11:06:35,822] {processor.py:654} INFO - DAG(s) dict_keys(['data_ingestion_gcs_dag']) retrieved from /opt/airflow/dags/gcs_upload_dag.py
[2025-07-01 11:06:35,832] {logging_mixin.py:109} INFO - [2025-07-01 11:06:35,831] {dag.py:2396} INFO - Sync 1 DAGs
[2025-07-01 11:06:35,863] {processor.py:171} INFO - Processing /opt/airflow/dags/gcs_upload_dag.py took 0.910 seconds
[2025-07-01 11:07:06,100] {processor.py:163} INFO - Started process (PID=493) to work on /opt/airflow/dags/gcs_upload_dag.py
[2025-07-01 11:07:06,103] {processor.py:642} INFO - Processing file /opt/airflow/dags/gcs_upload_dag.py for tasks to queue
[2025-07-01 11:07:06,104] {logging_mixin.py:109} INFO - [2025-07-01 11:07:06,104] {dagbag.py:500} INFO - Filling up the DagBag from /opt/airflow/dags/gcs_upload_dag.py
[2025-07-01 11:07:06,986] {processor.py:654} INFO - DAG(s) dict_keys(['data_ingestion_gcs_dag']) retrieved from /opt/airflow/dags/gcs_upload_dag.py
[2025-07-01 11:07:06,997] {logging_mixin.py:109} INFO - [2025-07-01 11:07:06,996] {dag.py:2396} INFO - Sync 1 DAGs
[2025-07-01 11:07:07,023] {processor.py:171} INFO - Processing /opt/airflow/dags/gcs_upload_dag.py took 0.929 seconds
[2025-07-01 11:07:37,221] {processor.py:163} INFO - Started process (PID=536) to work on /opt/airflow/dags/gcs_upload_dag.py
[2025-07-01 11:07:37,224] {processor.py:642} INFO - Processing file /opt/airflow/dags/gcs_upload_dag.py for tasks to queue
[2025-07-01 11:07:37,226] {logging_mixin.py:109} INFO - [2025-07-01 11:07:37,226] {dagbag.py:500} INFO - Filling up the DagBag from /opt/airflow/dags/gcs_upload_dag.py
[2025-07-01 11:07:38,242] {processor.py:654} INFO - DAG(s) dict_keys(['data_ingestion_gcs_dag']) retrieved from /opt/airflow/dags/gcs_upload_dag.py
[2025-07-01 11:07:38,253] {logging_mixin.py:109} INFO - [2025-07-01 11:07:38,252] {dag.py:2396} INFO - Sync 1 DAGs
[2025-07-01 11:07:38,277] {processor.py:171} INFO - Processing /opt/airflow/dags/gcs_upload_dag.py took 1.061 seconds
[2025-07-01 11:08:08,459] {processor.py:163} INFO - Started process (PID=569) to work on /opt/airflow/dags/gcs_upload_dag.py
[2025-07-01 11:08:08,460] {processor.py:642} INFO - Processing file /opt/airflow/dags/gcs_upload_dag.py for tasks to queue
[2025-07-01 11:08:08,461] {logging_mixin.py:109} INFO - [2025-07-01 11:08:08,461] {dagbag.py:500} INFO - Filling up the DagBag from /opt/airflow/dags/gcs_upload_dag.py
[2025-07-01 11:08:09,368] {processor.py:654} INFO - DAG(s) dict_keys(['data_ingestion_gcs_dag']) retrieved from /opt/airflow/dags/gcs_upload_dag.py
[2025-07-01 11:08:09,380] {logging_mixin.py:109} INFO - [2025-07-01 11:08:09,379] {dag.py:2396} INFO - Sync 1 DAGs
[2025-07-01 11:08:09,414] {processor.py:171} INFO - Processing /opt/airflow/dags/gcs_upload_dag.py took 0.958 seconds
[2025-07-01 11:08:39,601] {processor.py:163} INFO - Started process (PID=612) to work on /opt/airflow/dags/gcs_upload_dag.py
[2025-07-01 11:08:39,603] {processor.py:642} INFO - Processing file /opt/airflow/dags/gcs_upload_dag.py for tasks to queue
[2025-07-01 11:08:39,604] {logging_mixin.py:109} INFO - [2025-07-01 11:08:39,604] {dagbag.py:500} INFO - Filling up the DagBag from /opt/airflow/dags/gcs_upload_dag.py
[2025-07-01 11:08:40,860] {processor.py:654} INFO - DAG(s) dict_keys(['data_ingestion_gcs_dag']) retrieved from /opt/airflow/dags/gcs_upload_dag.py
[2025-07-01 11:08:40,877] {logging_mixin.py:109} INFO - [2025-07-01 11:08:40,875] {dag.py:2396} INFO - Sync 1 DAGs
[2025-07-01 11:08:40,907] {processor.py:171} INFO - Processing /opt/airflow/dags/gcs_upload_dag.py took 1.310 seconds
[2025-07-01 11:09:11,112] {processor.py:163} INFO - Started process (PID=645) to work on /opt/airflow/dags/gcs_upload_dag.py
[2025-07-01 11:09:11,115] {processor.py:642} INFO - Processing file /opt/airflow/dags/gcs_upload_dag.py for tasks to queue
[2025-07-01 11:09:11,116] {logging_mixin.py:109} INFO - [2025-07-01 11:09:11,116] {dagbag.py:500} INFO - Filling up the DagBag from /opt/airflow/dags/gcs_upload_dag.py
[2025-07-01 11:09:12,334] {processor.py:654} INFO - DAG(s) dict_keys(['data_ingestion_gcs_dag']) retrieved from /opt/airflow/dags/gcs_upload_dag.py
[2025-07-01 11:09:12,348] {logging_mixin.py:109} INFO - [2025-07-01 11:09:12,346] {dag.py:2396} INFO - Sync 1 DAGs
[2025-07-01 11:09:12,376] {processor.py:171} INFO - Processing /opt/airflow/dags/gcs_upload_dag.py took 1.270 seconds
[2025-07-01 11:09:42,589] {processor.py:163} INFO - Started process (PID=698) to work on /opt/airflow/dags/gcs_upload_dag.py
[2025-07-01 11:09:42,590] {processor.py:642} INFO - Processing file /opt/airflow/dags/gcs_upload_dag.py for tasks to queue
[2025-07-01 11:09:42,591] {logging_mixin.py:109} INFO - [2025-07-01 11:09:42,591] {dagbag.py:500} INFO - Filling up the DagBag from /opt/airflow/dags/gcs_upload_dag.py
[2025-07-01 11:09:43,578] {processor.py:654} INFO - DAG(s) dict_keys(['data_ingestion_gcs_dag']) retrieved from /opt/airflow/dags/gcs_upload_dag.py
[2025-07-01 11:09:43,591] {logging_mixin.py:109} INFO - [2025-07-01 11:09:43,590] {dag.py:2396} INFO - Sync 1 DAGs
[2025-07-01 11:09:43,620] {processor.py:171} INFO - Processing /opt/airflow/dags/gcs_upload_dag.py took 1.036 seconds
[2025-07-01 11:10:13,834] {processor.py:163} INFO - Started process (PID=731) to work on /opt/airflow/dags/gcs_upload_dag.py
[2025-07-01 11:10:13,835] {processor.py:642} INFO - Processing file /opt/airflow/dags/gcs_upload_dag.py for tasks to queue
[2025-07-01 11:10:13,836] {logging_mixin.py:109} INFO - [2025-07-01 11:10:13,836] {dagbag.py:500} INFO - Filling up the DagBag from /opt/airflow/dags/gcs_upload_dag.py
[2025-07-01 11:10:14,666] {processor.py:654} INFO - DAG(s) dict_keys(['data_ingestion_gcs_dag']) retrieved from /opt/airflow/dags/gcs_upload_dag.py
[2025-07-01 11:10:14,679] {logging_mixin.py:109} INFO - [2025-07-01 11:10:14,678] {dag.py:2396} INFO - Sync 1 DAGs
[2025-07-01 11:10:14,706] {processor.py:171} INFO - Processing /opt/airflow/dags/gcs_upload_dag.py took 0.874 seconds
[2025-07-01 11:10:44,922] {processor.py:163} INFO - Started process (PID=764) to work on /opt/airflow/dags/gcs_upload_dag.py
[2025-07-01 11:10:44,923] {processor.py:642} INFO - Processing file /opt/airflow/dags/gcs_upload_dag.py for tasks to queue
[2025-07-01 11:10:44,924] {logging_mixin.py:109} INFO - [2025-07-01 11:10:44,924] {dagbag.py:500} INFO - Filling up the DagBag from /opt/airflow/dags/gcs_upload_dag.py
[2025-07-01 11:10:45,908] {processor.py:654} INFO - DAG(s) dict_keys(['data_ingestion_gcs_dag']) retrieved from /opt/airflow/dags/gcs_upload_dag.py
[2025-07-01 11:10:45,925] {logging_mixin.py:109} INFO - [2025-07-01 11:10:45,923] {dag.py:2396} INFO - Sync 1 DAGs
[2025-07-01 11:10:45,958] {processor.py:171} INFO - Processing /opt/airflow/dags/gcs_upload_dag.py took 1.039 seconds
[2025-07-01 11:11:16,149] {processor.py:163} INFO - Started process (PID=807) to work on /opt/airflow/dags/gcs_upload_dag.py
[2025-07-01 11:11:16,151] {processor.py:642} INFO - Processing file /opt/airflow/dags/gcs_upload_dag.py for tasks to queue
[2025-07-01 11:11:16,153] {logging_mixin.py:109} INFO - [2025-07-01 11:11:16,153] {dagbag.py:500} INFO - Filling up the DagBag from /opt/airflow/dags/gcs_upload_dag.py
[2025-07-01 11:11:17,392] {processor.py:654} INFO - DAG(s) dict_keys(['data_ingestion_gcs_dag']) retrieved from /opt/airflow/dags/gcs_upload_dag.py
[2025-07-01 11:11:17,408] {logging_mixin.py:109} INFO - [2025-07-01 11:11:17,407] {dag.py:2396} INFO - Sync 1 DAGs
[2025-07-01 11:11:17,456] {processor.py:171} INFO - Processing /opt/airflow/dags/gcs_upload_dag.py took 1.316 seconds
[2025-07-01 11:11:47,634] {processor.py:163} INFO - Started process (PID=840) to work on /opt/airflow/dags/gcs_upload_dag.py
[2025-07-01 11:11:47,635] {processor.py:642} INFO - Processing file /opt/airflow/dags/gcs_upload_dag.py for tasks to queue
[2025-07-01 11:11:47,637] {logging_mixin.py:109} INFO - [2025-07-01 11:11:47,636] {dagbag.py:500} INFO - Filling up the DagBag from /opt/airflow/dags/gcs_upload_dag.py
[2025-07-01 11:11:49,000] {processor.py:654} INFO - DAG(s) dict_keys(['data_ingestion_gcs_dag']) retrieved from /opt/airflow/dags/gcs_upload_dag.py
[2025-07-01 11:11:49,013] {logging_mixin.py:109} INFO - [2025-07-01 11:11:49,012] {dag.py:2396} INFO - Sync 1 DAGs
[2025-07-01 11:11:49,042] {processor.py:171} INFO - Processing /opt/airflow/dags/gcs_upload_dag.py took 1.413 seconds
[2025-07-01 11:12:19,224] {processor.py:163} INFO - Started process (PID=883) to work on /opt/airflow/dags/gcs_upload_dag.py
[2025-07-01 11:12:19,226] {processor.py:642} INFO - Processing file /opt/airflow/dags/gcs_upload_dag.py for tasks to queue
[2025-07-01 11:12:19,227] {logging_mixin.py:109} INFO - [2025-07-01 11:12:19,227] {dagbag.py:500} INFO - Filling up the DagBag from /opt/airflow/dags/gcs_upload_dag.py
[2025-07-01 11:12:20,447] {processor.py:654} INFO - DAG(s) dict_keys(['data_ingestion_gcs_dag']) retrieved from /opt/airflow/dags/gcs_upload_dag.py
[2025-07-01 11:12:20,461] {logging_mixin.py:109} INFO - [2025-07-01 11:12:20,460] {dag.py:2396} INFO - Sync 1 DAGs
[2025-07-01 11:12:20,492] {processor.py:171} INFO - Processing /opt/airflow/dags/gcs_upload_dag.py took 1.274 seconds
[2025-07-01 11:12:50,692] {processor.py:163} INFO - Started process (PID=916) to work on /opt/airflow/dags/gcs_upload_dag.py
[2025-07-01 11:12:50,693] {processor.py:642} INFO - Processing file /opt/airflow/dags/gcs_upload_dag.py for tasks to queue
[2025-07-01 11:12:50,694] {logging_mixin.py:109} INFO - [2025-07-01 11:12:50,694] {dagbag.py:500} INFO - Filling up the DagBag from /opt/airflow/dags/gcs_upload_dag.py
[2025-07-01 11:12:51,530] {processor.py:654} INFO - DAG(s) dict_keys(['data_ingestion_gcs_dag']) retrieved from /opt/airflow/dags/gcs_upload_dag.py
[2025-07-01 11:12:51,542] {logging_mixin.py:109} INFO - [2025-07-01 11:12:51,541] {dag.py:2396} INFO - Sync 1 DAGs
[2025-07-01 11:12:51,568] {processor.py:171} INFO - Processing /opt/airflow/dags/gcs_upload_dag.py took 0.879 seconds
[2025-07-01 11:13:21,730] {processor.py:163} INFO - Started process (PID=959) to work on /opt/airflow/dags/gcs_upload_dag.py
[2025-07-01 11:13:21,732] {processor.py:642} INFO - Processing file /opt/airflow/dags/gcs_upload_dag.py for tasks to queue
[2025-07-01 11:13:21,733] {logging_mixin.py:109} INFO - [2025-07-01 11:13:21,733] {dagbag.py:500} INFO - Filling up the DagBag from /opt/airflow/dags/gcs_upload_dag.py
[2025-07-01 11:13:22,780] {processor.py:654} INFO - DAG(s) dict_keys(['data_ingestion_gcs_dag']) retrieved from /opt/airflow/dags/gcs_upload_dag.py
[2025-07-01 11:13:22,794] {logging_mixin.py:109} INFO - [2025-07-01 11:13:22,793] {dag.py:2396} INFO - Sync 1 DAGs
[2025-07-01 11:13:22,823] {processor.py:171} INFO - Processing /opt/airflow/dags/gcs_upload_dag.py took 1.097 seconds
[2025-07-01 11:13:53,003] {processor.py:163} INFO - Started process (PID=992) to work on /opt/airflow/dags/gcs_upload_dag.py
[2025-07-01 11:13:53,005] {processor.py:642} INFO - Processing file /opt/airflow/dags/gcs_upload_dag.py for tasks to queue
[2025-07-01 11:13:53,006] {logging_mixin.py:109} INFO - [2025-07-01 11:13:53,006] {dagbag.py:500} INFO - Filling up the DagBag from /opt/airflow/dags/gcs_upload_dag.py
[2025-07-01 11:13:54,092] {processor.py:654} INFO - DAG(s) dict_keys(['data_ingestion_gcs_dag']) retrieved from /opt/airflow/dags/gcs_upload_dag.py
[2025-07-01 11:13:54,148] {logging_mixin.py:109} INFO - [2025-07-01 11:13:54,145] {dag.py:2396} INFO - Sync 1 DAGs
[2025-07-01 11:13:54,273] {processor.py:171} INFO - Processing /opt/airflow/dags/gcs_upload_dag.py took 1.274 seconds
[2025-07-01 11:14:05,103] {processor.py:163} INFO - Started process (PID=1015) to work on /opt/airflow/dags/gcs_upload_dag.py
[2025-07-01 11:14:05,104] {processor.py:642} INFO - Processing file /opt/airflow/dags/gcs_upload_dag.py for tasks to queue
[2025-07-01 11:14:05,105] {logging_mixin.py:109} INFO - [2025-07-01 11:14:05,105] {dagbag.py:500} INFO - Filling up the DagBag from /opt/airflow/dags/gcs_upload_dag.py
[2025-07-01 11:14:05,963] {processor.py:654} INFO - DAG(s) dict_keys(['data_ingestion_gcs_dag']) retrieved from /opt/airflow/dags/gcs_upload_dag.py
[2025-07-01 11:14:05,976] {logging_mixin.py:109} INFO - [2025-07-01 11:14:05,975] {dag.py:2396} INFO - Sync 1 DAGs
[2025-07-01 11:14:06,009] {processor.py:171} INFO - Processing /opt/airflow/dags/gcs_upload_dag.py took 0.909 seconds
[2025-07-01 11:14:36,229] {processor.py:163} INFO - Started process (PID=1058) to work on /opt/airflow/dags/gcs_upload_dag.py
[2025-07-01 11:14:36,230] {processor.py:642} INFO - Processing file /opt/airflow/dags/gcs_upload_dag.py for tasks to queue
[2025-07-01 11:14:36,231] {logging_mixin.py:109} INFO - [2025-07-01 11:14:36,231] {dagbag.py:500} INFO - Filling up the DagBag from /opt/airflow/dags/gcs_upload_dag.py
[2025-07-01 11:14:37,220] {processor.py:654} INFO - DAG(s) dict_keys(['data_ingestion_gcs_dag']) retrieved from /opt/airflow/dags/gcs_upload_dag.py
[2025-07-01 11:14:37,235] {logging_mixin.py:109} INFO - [2025-07-01 11:14:37,234] {dag.py:2396} INFO - Sync 1 DAGs
[2025-07-01 11:14:37,269] {processor.py:171} INFO - Processing /opt/airflow/dags/gcs_upload_dag.py took 1.043 seconds
[2025-07-01 11:15:07,492] {processor.py:163} INFO - Started process (PID=1101) to work on /opt/airflow/dags/gcs_upload_dag.py
[2025-07-01 11:15:07,494] {processor.py:642} INFO - Processing file /opt/airflow/dags/gcs_upload_dag.py for tasks to queue
[2025-07-01 11:15:07,495] {logging_mixin.py:109} INFO - [2025-07-01 11:15:07,495] {dagbag.py:500} INFO - Filling up the DagBag from /opt/airflow/dags/gcs_upload_dag.py
[2025-07-01 11:15:08,760] {processor.py:654} INFO - DAG(s) dict_keys(['data_ingestion_gcs_dag']) retrieved from /opt/airflow/dags/gcs_upload_dag.py
[2025-07-01 11:15:08,779] {logging_mixin.py:109} INFO - [2025-07-01 11:15:08,777] {dag.py:2396} INFO - Sync 1 DAGs
[2025-07-01 11:15:08,825] {processor.py:171} INFO - Processing /opt/airflow/dags/gcs_upload_dag.py took 1.338 seconds
[2025-07-01 11:15:39,016] {processor.py:163} INFO - Started process (PID=1134) to work on /opt/airflow/dags/gcs_upload_dag.py
[2025-07-01 11:15:39,017] {processor.py:642} INFO - Processing file /opt/airflow/dags/gcs_upload_dag.py for tasks to queue
[2025-07-01 11:15:39,018] {logging_mixin.py:109} INFO - [2025-07-01 11:15:39,018] {dagbag.py:500} INFO - Filling up the DagBag from /opt/airflow/dags/gcs_upload_dag.py
[2025-07-01 11:15:39,914] {processor.py:654} INFO - DAG(s) dict_keys(['data_ingestion_gcs_dag']) retrieved from /opt/airflow/dags/gcs_upload_dag.py
[2025-07-01 11:15:39,926] {logging_mixin.py:109} INFO - [2025-07-01 11:15:39,925] {dag.py:2396} INFO - Sync 1 DAGs
[2025-07-01 11:15:39,954] {processor.py:171} INFO - Processing /opt/airflow/dags/gcs_upload_dag.py took 0.941 seconds
[2025-07-01 11:16:10,022] {processor.py:163} INFO - Started process (PID=1168) to work on /opt/airflow/dags/gcs_upload_dag.py
[2025-07-01 11:16:10,023] {processor.py:642} INFO - Processing file /opt/airflow/dags/gcs_upload_dag.py for tasks to queue
[2025-07-01 11:16:10,024] {logging_mixin.py:109} INFO - [2025-07-01 11:16:10,024] {dagbag.py:500} INFO - Filling up the DagBag from /opt/airflow/dags/gcs_upload_dag.py
[2025-07-01 11:16:10,857] {processor.py:654} INFO - DAG(s) dict_keys(['data_ingestion_gcs_dag']) retrieved from /opt/airflow/dags/gcs_upload_dag.py
[2025-07-01 11:16:10,869] {logging_mixin.py:109} INFO - [2025-07-01 11:16:10,868] {dag.py:2396} INFO - Sync 1 DAGs
[2025-07-01 11:16:10,896] {processor.py:171} INFO - Processing /opt/airflow/dags/gcs_upload_dag.py took 0.878 seconds
[2025-07-01 11:16:41,107] {processor.py:163} INFO - Started process (PID=1211) to work on /opt/airflow/dags/gcs_upload_dag.py
[2025-07-01 11:16:41,108] {processor.py:642} INFO - Processing file /opt/airflow/dags/gcs_upload_dag.py for tasks to queue
[2025-07-01 11:16:41,110] {logging_mixin.py:109} INFO - [2025-07-01 11:16:41,110] {dagbag.py:500} INFO - Filling up the DagBag from /opt/airflow/dags/gcs_upload_dag.py
[2025-07-01 11:16:42,074] {processor.py:654} INFO - DAG(s) dict_keys(['data_ingestion_gcs_dag']) retrieved from /opt/airflow/dags/gcs_upload_dag.py
[2025-07-01 11:16:42,088] {logging_mixin.py:109} INFO - [2025-07-01 11:16:42,087] {dag.py:2396} INFO - Sync 1 DAGs
[2025-07-01 11:16:42,121] {processor.py:171} INFO - Processing /opt/airflow/dags/gcs_upload_dag.py took 1.018 seconds
[2025-07-01 11:17:12,315] {processor.py:163} INFO - Started process (PID=1244) to work on /opt/airflow/dags/gcs_upload_dag.py
[2025-07-01 11:17:12,316] {processor.py:642} INFO - Processing file /opt/airflow/dags/gcs_upload_dag.py for tasks to queue
[2025-07-01 11:17:12,317] {logging_mixin.py:109} INFO - [2025-07-01 11:17:12,317] {dagbag.py:500} INFO - Filling up the DagBag from /opt/airflow/dags/gcs_upload_dag.py
[2025-07-01 11:17:13,171] {processor.py:654} INFO - DAG(s) dict_keys(['data_ingestion_gcs_dag']) retrieved from /opt/airflow/dags/gcs_upload_dag.py
[2025-07-01 11:17:13,182] {logging_mixin.py:109} INFO - [2025-07-01 11:17:13,181] {dag.py:2396} INFO - Sync 1 DAGs
[2025-07-01 11:17:13,212] {processor.py:171} INFO - Processing /opt/airflow/dags/gcs_upload_dag.py took 0.901 seconds
[2025-07-01 11:17:43,460] {processor.py:163} INFO - Started process (PID=1277) to work on /opt/airflow/dags/gcs_upload_dag.py
[2025-07-01 11:17:43,462] {processor.py:642} INFO - Processing file /opt/airflow/dags/gcs_upload_dag.py for tasks to queue
[2025-07-01 11:17:43,464] {logging_mixin.py:109} INFO - [2025-07-01 11:17:43,464] {dagbag.py:500} INFO - Filling up the DagBag from /opt/airflow/dags/gcs_upload_dag.py
[2025-07-01 11:17:44,707] {processor.py:654} INFO - DAG(s) dict_keys(['data_ingestion_gcs_dag']) retrieved from /opt/airflow/dags/gcs_upload_dag.py
[2025-07-01 11:17:44,719] {logging_mixin.py:109} INFO - [2025-07-01 11:17:44,718] {dag.py:2396} INFO - Sync 1 DAGs
[2025-07-01 11:17:44,747] {processor.py:171} INFO - Processing /opt/airflow/dags/gcs_upload_dag.py took 1.290 seconds
[2025-07-01 11:18:14,939] {processor.py:163} INFO - Started process (PID=1320) to work on /opt/airflow/dags/gcs_upload_dag.py
[2025-07-01 11:18:14,942] {processor.py:642} INFO - Processing file /opt/airflow/dags/gcs_upload_dag.py for tasks to queue
[2025-07-01 11:18:14,943] {logging_mixin.py:109} INFO - [2025-07-01 11:18:14,943] {dagbag.py:500} INFO - Filling up the DagBag from /opt/airflow/dags/gcs_upload_dag.py
[2025-07-01 11:18:15,930] {processor.py:654} INFO - DAG(s) dict_keys(['data_ingestion_gcs_dag']) retrieved from /opt/airflow/dags/gcs_upload_dag.py
[2025-07-01 11:18:15,950] {logging_mixin.py:109} INFO - [2025-07-01 11:18:15,949] {dag.py:2396} INFO - Sync 1 DAGs
[2025-07-01 11:18:15,991] {processor.py:171} INFO - Processing /opt/airflow/dags/gcs_upload_dag.py took 1.056 seconds
[2025-07-01 11:18:46,176] {processor.py:163} INFO - Started process (PID=1353) to work on /opt/airflow/dags/gcs_upload_dag.py
[2025-07-01 11:18:46,177] {processor.py:642} INFO - Processing file /opt/airflow/dags/gcs_upload_dag.py for tasks to queue
[2025-07-01 11:18:46,178] {logging_mixin.py:109} INFO - [2025-07-01 11:18:46,178] {dagbag.py:500} INFO - Filling up the DagBag from /opt/airflow/dags/gcs_upload_dag.py
[2025-07-01 11:18:47,082] {processor.py:654} INFO - DAG(s) dict_keys(['data_ingestion_gcs_dag']) retrieved from /opt/airflow/dags/gcs_upload_dag.py
[2025-07-01 11:18:47,096] {logging_mixin.py:109} INFO - [2025-07-01 11:18:47,095] {dag.py:2396} INFO - Sync 1 DAGs
[2025-07-01 11:18:47,121] {processor.py:171} INFO - Processing /opt/airflow/dags/gcs_upload_dag.py took 0.947 seconds
[2025-07-01 11:19:17,380] {processor.py:163} INFO - Started process (PID=1396) to work on /opt/airflow/dags/gcs_upload_dag.py
[2025-07-01 11:19:17,381] {processor.py:642} INFO - Processing file /opt/airflow/dags/gcs_upload_dag.py for tasks to queue
[2025-07-01 11:19:17,382] {logging_mixin.py:109} INFO - [2025-07-01 11:19:17,382] {dagbag.py:500} INFO - Filling up the DagBag from /opt/airflow/dags/gcs_upload_dag.py
[2025-07-01 11:19:18,259] {processor.py:654} INFO - DAG(s) dict_keys(['data_ingestion_gcs_dag']) retrieved from /opt/airflow/dags/gcs_upload_dag.py
[2025-07-01 11:19:18,273] {logging_mixin.py:109} INFO - [2025-07-01 11:19:18,272] {dag.py:2396} INFO - Sync 1 DAGs
[2025-07-01 11:19:18,307] {processor.py:171} INFO - Processing /opt/airflow/dags/gcs_upload_dag.py took 0.930 seconds
[2025-07-01 11:19:48,516] {processor.py:163} INFO - Started process (PID=1439) to work on /opt/airflow/dags/gcs_upload_dag.py
[2025-07-01 11:19:48,517] {processor.py:642} INFO - Processing file /opt/airflow/dags/gcs_upload_dag.py for tasks to queue
[2025-07-01 11:19:48,518] {logging_mixin.py:109} INFO - [2025-07-01 11:19:48,518] {dagbag.py:500} INFO - Filling up the DagBag from /opt/airflow/dags/gcs_upload_dag.py
[2025-07-01 11:19:49,404] {processor.py:654} INFO - DAG(s) dict_keys(['data_ingestion_gcs_dag']) retrieved from /opt/airflow/dags/gcs_upload_dag.py
[2025-07-01 11:19:49,415] {logging_mixin.py:109} INFO - [2025-07-01 11:19:49,414] {dag.py:2396} INFO - Sync 1 DAGs
[2025-07-01 11:19:49,443] {processor.py:171} INFO - Processing /opt/airflow/dags/gcs_upload_dag.py took 0.929 seconds
[2025-07-01 11:20:19,674] {processor.py:163} INFO - Started process (PID=1482) to work on /opt/airflow/dags/gcs_upload_dag.py
[2025-07-01 11:20:19,675] {processor.py:642} INFO - Processing file /opt/airflow/dags/gcs_upload_dag.py for tasks to queue
[2025-07-01 11:20:19,676] {logging_mixin.py:109} INFO - [2025-07-01 11:20:19,676] {dagbag.py:500} INFO - Filling up the DagBag from /opt/airflow/dags/gcs_upload_dag.py
[2025-07-01 11:20:20,482] {processor.py:654} INFO - DAG(s) dict_keys(['data_ingestion_gcs_dag']) retrieved from /opt/airflow/dags/gcs_upload_dag.py
[2025-07-01 11:20:20,492] {logging_mixin.py:109} INFO - [2025-07-01 11:20:20,491] {dag.py:2396} INFO - Sync 1 DAGs
[2025-07-01 11:20:20,517] {processor.py:171} INFO - Processing /opt/airflow/dags/gcs_upload_dag.py took 0.845 seconds
[2025-07-01 11:20:50,719] {processor.py:163} INFO - Started process (PID=1515) to work on /opt/airflow/dags/gcs_upload_dag.py
[2025-07-01 11:20:50,721] {processor.py:642} INFO - Processing file /opt/airflow/dags/gcs_upload_dag.py for tasks to queue
[2025-07-01 11:20:50,722] {logging_mixin.py:109} INFO - [2025-07-01 11:20:50,722] {dagbag.py:500} INFO - Filling up the DagBag from /opt/airflow/dags/gcs_upload_dag.py
[2025-07-01 11:20:51,622] {processor.py:654} INFO - DAG(s) dict_keys(['data_ingestion_gcs_dag']) retrieved from /opt/airflow/dags/gcs_upload_dag.py
[2025-07-01 11:20:51,638] {logging_mixin.py:109} INFO - [2025-07-01 11:20:51,636] {dag.py:2396} INFO - Sync 1 DAGs
[2025-07-01 11:20:51,670] {processor.py:171} INFO - Processing /opt/airflow/dags/gcs_upload_dag.py took 0.954 seconds
[2025-07-01 11:21:21,866] {processor.py:163} INFO - Started process (PID=1557) to work on /opt/airflow/dags/gcs_upload_dag.py
[2025-07-01 11:21:21,867] {processor.py:642} INFO - Processing file /opt/airflow/dags/gcs_upload_dag.py for tasks to queue
[2025-07-01 11:21:21,868] {logging_mixin.py:109} INFO - [2025-07-01 11:21:21,868] {dagbag.py:500} INFO - Filling up the DagBag from /opt/airflow/dags/gcs_upload_dag.py
[2025-07-01 11:21:22,892] {processor.py:654} INFO - DAG(s) dict_keys(['data_ingestion_gcs_dag']) retrieved from /opt/airflow/dags/gcs_upload_dag.py
[2025-07-01 11:21:22,910] {logging_mixin.py:109} INFO - [2025-07-01 11:21:22,909] {dag.py:2396} INFO - Sync 1 DAGs
[2025-07-01 11:21:22,938] {processor.py:171} INFO - Processing /opt/airflow/dags/gcs_upload_dag.py took 1.076 seconds
[2025-07-01 11:21:53,036] {processor.py:163} INFO - Started process (PID=1590) to work on /opt/airflow/dags/gcs_upload_dag.py
[2025-07-01 11:21:53,038] {processor.py:642} INFO - Processing file /opt/airflow/dags/gcs_upload_dag.py for tasks to queue
[2025-07-01 11:21:53,040] {logging_mixin.py:109} INFO - [2025-07-01 11:21:53,040] {dagbag.py:500} INFO - Filling up the DagBag from /opt/airflow/dags/gcs_upload_dag.py
[2025-07-01 11:21:53,924] {processor.py:654} INFO - DAG(s) dict_keys(['data_ingestion_gcs_dag']) retrieved from /opt/airflow/dags/gcs_upload_dag.py
[2025-07-01 11:21:53,934] {logging_mixin.py:109} INFO - [2025-07-01 11:21:53,933] {dag.py:2396} INFO - Sync 1 DAGs
[2025-07-01 11:21:53,958] {processor.py:171} INFO - Processing /opt/airflow/dags/gcs_upload_dag.py took 0.927 seconds
[2025-07-01 11:22:24,198] {processor.py:163} INFO - Started process (PID=1633) to work on /opt/airflow/dags/gcs_upload_dag.py
[2025-07-01 11:22:24,200] {processor.py:642} INFO - Processing file /opt/airflow/dags/gcs_upload_dag.py for tasks to queue
[2025-07-01 11:22:24,201] {logging_mixin.py:109} INFO - [2025-07-01 11:22:24,201] {dagbag.py:500} INFO - Filling up the DagBag from /opt/airflow/dags/gcs_upload_dag.py
[2025-07-01 11:22:25,243] {processor.py:654} INFO - DAG(s) dict_keys(['data_ingestion_gcs_dag']) retrieved from /opt/airflow/dags/gcs_upload_dag.py
[2025-07-01 11:22:25,257] {logging_mixin.py:109} INFO - [2025-07-01 11:22:25,256] {dag.py:2396} INFO - Sync 1 DAGs
[2025-07-01 11:22:25,290] {processor.py:171} INFO - Processing /opt/airflow/dags/gcs_upload_dag.py took 1.095 seconds
[2025-07-01 11:22:55,512] {processor.py:163} INFO - Started process (PID=1666) to work on /opt/airflow/dags/gcs_upload_dag.py
[2025-07-01 11:22:55,513] {processor.py:642} INFO - Processing file /opt/airflow/dags/gcs_upload_dag.py for tasks to queue
[2025-07-01 11:22:55,513] {logging_mixin.py:109} INFO - [2025-07-01 11:22:55,513] {dagbag.py:500} INFO - Filling up the DagBag from /opt/airflow/dags/gcs_upload_dag.py
[2025-07-01 11:22:56,334] {processor.py:654} INFO - DAG(s) dict_keys(['data_ingestion_gcs_dag']) retrieved from /opt/airflow/dags/gcs_upload_dag.py
[2025-07-01 11:22:56,344] {logging_mixin.py:109} INFO - [2025-07-01 11:22:56,343] {dag.py:2396} INFO - Sync 1 DAGs
[2025-07-01 11:22:56,367] {processor.py:171} INFO - Processing /opt/airflow/dags/gcs_upload_dag.py took 0.858 seconds
[2025-07-01 11:23:26,628] {processor.py:163} INFO - Started process (PID=1708) to work on /opt/airflow/dags/gcs_upload_dag.py
[2025-07-01 11:23:26,630] {processor.py:642} INFO - Processing file /opt/airflow/dags/gcs_upload_dag.py for tasks to queue
[2025-07-01 11:23:26,632] {logging_mixin.py:109} INFO - [2025-07-01 11:23:26,632] {dagbag.py:500} INFO - Filling up the DagBag from /opt/airflow/dags/gcs_upload_dag.py
[2025-07-01 11:23:27,815] {processor.py:654} INFO - DAG(s) dict_keys(['data_ingestion_gcs_dag']) retrieved from /opt/airflow/dags/gcs_upload_dag.py
[2025-07-01 11:23:27,831] {logging_mixin.py:109} INFO - [2025-07-01 11:23:27,830] {dag.py:2396} INFO - Sync 1 DAGs
[2025-07-01 11:23:27,867] {processor.py:171} INFO - Processing /opt/airflow/dags/gcs_upload_dag.py took 1.245 seconds
[2025-07-01 11:23:58,141] {processor.py:163} INFO - Started process (PID=1742) to work on /opt/airflow/dags/gcs_upload_dag.py
[2025-07-01 11:23:58,143] {processor.py:642} INFO - Processing file /opt/airflow/dags/gcs_upload_dag.py for tasks to queue
[2025-07-01 11:23:58,144] {logging_mixin.py:109} INFO - [2025-07-01 11:23:58,144] {dagbag.py:500} INFO - Filling up the DagBag from /opt/airflow/dags/gcs_upload_dag.py
[2025-07-01 11:23:59,355] {processor.py:654} INFO - DAG(s) dict_keys(['data_ingestion_gcs_dag']) retrieved from /opt/airflow/dags/gcs_upload_dag.py
[2025-07-01 11:23:59,369] {logging_mixin.py:109} INFO - [2025-07-01 11:23:59,368] {dag.py:2396} INFO - Sync 1 DAGs
[2025-07-01 11:23:59,402] {processor.py:171} INFO - Processing /opt/airflow/dags/gcs_upload_dag.py took 1.225 seconds
[2025-07-01 11:24:29,615] {processor.py:163} INFO - Started process (PID=1775) to work on /opt/airflow/dags/gcs_upload_dag.py
[2025-07-01 11:24:29,616] {processor.py:642} INFO - Processing file /opt/airflow/dags/gcs_upload_dag.py for tasks to queue
[2025-07-01 11:24:29,617] {logging_mixin.py:109} INFO - [2025-07-01 11:24:29,617] {dagbag.py:500} INFO - Filling up the DagBag from /opt/airflow/dags/gcs_upload_dag.py
[2025-07-01 11:24:30,521] {processor.py:654} INFO - DAG(s) dict_keys(['data_ingestion_gcs_dag']) retrieved from /opt/airflow/dags/gcs_upload_dag.py
[2025-07-01 11:24:30,533] {logging_mixin.py:109} INFO - [2025-07-01 11:24:30,532] {dag.py:2396} INFO - Sync 1 DAGs
[2025-07-01 11:24:30,559] {processor.py:171} INFO - Processing /opt/airflow/dags/gcs_upload_dag.py took 0.947 seconds
