[2025-05-31 10:45:51,183] {processor.py:163} INFO - Started process (PID=324) to work on /home/airflow/.local/lib/python3.6/site-packages/airflow/example_dags/example_trigger_target_dag.py
[2025-05-31 10:45:51,185] {processor.py:642} INFO - Processing file /home/airflow/.local/lib/python3.6/site-packages/airflow/example_dags/example_trigger_target_dag.py for tasks to queue
[2025-05-31 10:45:51,186] {logging_mixin.py:109} INFO - [2025-05-31 10:45:51,186] {dagbag.py:500} INFO - Filling up the DagBag from /home/airflow/.local/lib/python3.6/site-packages/airflow/example_dags/example_trigger_target_dag.py
[2025-05-31 10:45:51,278] {processor.py:654} INFO - DAG(s) dict_keys(['example_trigger_target_dag']) retrieved from /home/airflow/.local/lib/python3.6/site-packages/airflow/example_dags/example_trigger_target_dag.py
[2025-05-31 10:45:51,310] {logging_mixin.py:109} INFO - [2025-05-31 10:45:51,310] {dag.py:2396} INFO - Sync 1 DAGs
[2025-05-31 10:45:51,396] {logging_mixin.py:109} INFO - [2025-05-31 10:45:51,395] {dag.py:2935} INFO - Setting next_dagrun for example_trigger_target_dag to None
[2025-05-31 10:45:51,429] {processor.py:171} INFO - Processing /home/airflow/.local/lib/python3.6/site-packages/airflow/example_dags/example_trigger_target_dag.py took 0.252 seconds
[2025-05-31 10:46:22,120] {processor.py:163} INFO - Started process (PID=504) to work on /home/airflow/.local/lib/python3.6/site-packages/airflow/example_dags/example_trigger_target_dag.py
[2025-05-31 10:46:22,122] {processor.py:642} INFO - Processing file /home/airflow/.local/lib/python3.6/site-packages/airflow/example_dags/example_trigger_target_dag.py for tasks to queue
[2025-05-31 10:46:22,123] {logging_mixin.py:109} INFO - [2025-05-31 10:46:22,123] {dagbag.py:500} INFO - Filling up the DagBag from /home/airflow/.local/lib/python3.6/site-packages/airflow/example_dags/example_trigger_target_dag.py
[2025-05-31 10:46:22,157] {processor.py:654} INFO - DAG(s) dict_keys(['example_trigger_target_dag']) retrieved from /home/airflow/.local/lib/python3.6/site-packages/airflow/example_dags/example_trigger_target_dag.py
[2025-05-31 10:46:22,173] {logging_mixin.py:109} INFO - [2025-05-31 10:46:22,173] {dag.py:2396} INFO - Sync 1 DAGs
[2025-05-31 10:46:22,195] {logging_mixin.py:109} INFO - [2025-05-31 10:46:22,195] {dag.py:2935} INFO - Setting next_dagrun for example_trigger_target_dag to None
[2025-05-31 10:46:22,207] {processor.py:171} INFO - Processing /home/airflow/.local/lib/python3.6/site-packages/airflow/example_dags/example_trigger_target_dag.py took 0.090 seconds
[2025-05-31 10:46:53,001] {processor.py:163} INFO - Started process (PID=694) to work on /home/airflow/.local/lib/python3.6/site-packages/airflow/example_dags/example_trigger_target_dag.py
[2025-05-31 10:46:53,003] {processor.py:642} INFO - Processing file /home/airflow/.local/lib/python3.6/site-packages/airflow/example_dags/example_trigger_target_dag.py for tasks to queue
[2025-05-31 10:46:53,004] {logging_mixin.py:109} INFO - [2025-05-31 10:46:53,004] {dagbag.py:500} INFO - Filling up the DagBag from /home/airflow/.local/lib/python3.6/site-packages/airflow/example_dags/example_trigger_target_dag.py
[2025-05-31 10:46:53,046] {processor.py:654} INFO - DAG(s) dict_keys(['example_trigger_target_dag']) retrieved from /home/airflow/.local/lib/python3.6/site-packages/airflow/example_dags/example_trigger_target_dag.py
[2025-05-31 10:46:53,060] {logging_mixin.py:109} INFO - [2025-05-31 10:46:53,059] {dag.py:2396} INFO - Sync 1 DAGs
[2025-05-31 10:46:53,092] {logging_mixin.py:109} INFO - [2025-05-31 10:46:53,092] {dag.py:2935} INFO - Setting next_dagrun for example_trigger_target_dag to None
[2025-05-31 10:46:53,105] {processor.py:171} INFO - Processing /home/airflow/.local/lib/python3.6/site-packages/airflow/example_dags/example_trigger_target_dag.py took 0.109 seconds
[2025-05-31 10:47:23,955] {processor.py:163} INFO - Started process (PID=874) to work on /home/airflow/.local/lib/python3.6/site-packages/airflow/example_dags/example_trigger_target_dag.py
[2025-05-31 10:47:23,957] {processor.py:642} INFO - Processing file /home/airflow/.local/lib/python3.6/site-packages/airflow/example_dags/example_trigger_target_dag.py for tasks to queue
[2025-05-31 10:47:23,958] {logging_mixin.py:109} INFO - [2025-05-31 10:47:23,958] {dagbag.py:500} INFO - Filling up the DagBag from /home/airflow/.local/lib/python3.6/site-packages/airflow/example_dags/example_trigger_target_dag.py
[2025-05-31 10:47:23,992] {processor.py:654} INFO - DAG(s) dict_keys(['example_trigger_target_dag']) retrieved from /home/airflow/.local/lib/python3.6/site-packages/airflow/example_dags/example_trigger_target_dag.py
[2025-05-31 10:47:24,005] {logging_mixin.py:109} INFO - [2025-05-31 10:47:24,004] {dag.py:2396} INFO - Sync 1 DAGs
[2025-05-31 10:47:24,027] {logging_mixin.py:109} INFO - [2025-05-31 10:47:24,027] {dag.py:2935} INFO - Setting next_dagrun for example_trigger_target_dag to None
[2025-05-31 10:47:24,040] {processor.py:171} INFO - Processing /home/airflow/.local/lib/python3.6/site-packages/airflow/example_dags/example_trigger_target_dag.py took 0.088 seconds
[2025-05-31 10:47:54,335] {processor.py:163} INFO - Started process (PID=1060) to work on /home/airflow/.local/lib/python3.6/site-packages/airflow/example_dags/example_trigger_target_dag.py
[2025-05-31 10:47:54,336] {processor.py:642} INFO - Processing file /home/airflow/.local/lib/python3.6/site-packages/airflow/example_dags/example_trigger_target_dag.py for tasks to queue
[2025-05-31 10:47:54,338] {logging_mixin.py:109} INFO - [2025-05-31 10:47:54,338] {dagbag.py:500} INFO - Filling up the DagBag from /home/airflow/.local/lib/python3.6/site-packages/airflow/example_dags/example_trigger_target_dag.py
[2025-05-31 10:47:54,375] {processor.py:654} INFO - DAG(s) dict_keys(['example_trigger_target_dag']) retrieved from /home/airflow/.local/lib/python3.6/site-packages/airflow/example_dags/example_trigger_target_dag.py
[2025-05-31 10:47:54,390] {logging_mixin.py:109} INFO - [2025-05-31 10:47:54,390] {dag.py:2396} INFO - Sync 1 DAGs
[2025-05-31 10:47:54,416] {logging_mixin.py:109} INFO - [2025-05-31 10:47:54,416] {dag.py:2935} INFO - Setting next_dagrun for example_trigger_target_dag to None
[2025-05-31 10:47:54,429] {processor.py:171} INFO - Processing /home/airflow/.local/lib/python3.6/site-packages/airflow/example_dags/example_trigger_target_dag.py took 0.098 seconds
[2025-05-31 10:48:25,685] {processor.py:163} INFO - Started process (PID=1245) to work on /home/airflow/.local/lib/python3.6/site-packages/airflow/example_dags/example_trigger_target_dag.py
[2025-05-31 10:48:25,688] {processor.py:642} INFO - Processing file /home/airflow/.local/lib/python3.6/site-packages/airflow/example_dags/example_trigger_target_dag.py for tasks to queue
[2025-05-31 10:48:25,689] {logging_mixin.py:109} INFO - [2025-05-31 10:48:25,689] {dagbag.py:500} INFO - Filling up the DagBag from /home/airflow/.local/lib/python3.6/site-packages/airflow/example_dags/example_trigger_target_dag.py
[2025-05-31 10:48:25,738] {processor.py:654} INFO - DAG(s) dict_keys(['example_trigger_target_dag']) retrieved from /home/airflow/.local/lib/python3.6/site-packages/airflow/example_dags/example_trigger_target_dag.py
[2025-05-31 10:48:25,756] {logging_mixin.py:109} INFO - [2025-05-31 10:48:25,755] {dag.py:2396} INFO - Sync 1 DAGs
[2025-05-31 10:48:25,787] {logging_mixin.py:109} INFO - [2025-05-31 10:48:25,787] {dag.py:2935} INFO - Setting next_dagrun for example_trigger_target_dag to None
[2025-05-31 10:48:25,803] {processor.py:171} INFO - Processing /home/airflow/.local/lib/python3.6/site-packages/airflow/example_dags/example_trigger_target_dag.py took 0.124 seconds
[2025-05-31 10:48:57,021] {processor.py:163} INFO - Started process (PID=1425) to work on /home/airflow/.local/lib/python3.6/site-packages/airflow/example_dags/example_trigger_target_dag.py
[2025-05-31 10:48:57,025] {processor.py:642} INFO - Processing file /home/airflow/.local/lib/python3.6/site-packages/airflow/example_dags/example_trigger_target_dag.py for tasks to queue
[2025-05-31 10:48:57,028] {logging_mixin.py:109} INFO - [2025-05-31 10:48:57,027] {dagbag.py:500} INFO - Filling up the DagBag from /home/airflow/.local/lib/python3.6/site-packages/airflow/example_dags/example_trigger_target_dag.py
[2025-05-31 10:48:57,111] {processor.py:654} INFO - DAG(s) dict_keys(['example_trigger_target_dag']) retrieved from /home/airflow/.local/lib/python3.6/site-packages/airflow/example_dags/example_trigger_target_dag.py
[2025-05-31 10:48:57,143] {logging_mixin.py:109} INFO - [2025-05-31 10:48:57,142] {dag.py:2396} INFO - Sync 1 DAGs
[2025-05-31 10:48:57,198] {logging_mixin.py:109} INFO - [2025-05-31 10:48:57,197] {dag.py:2935} INFO - Setting next_dagrun for example_trigger_target_dag to None
[2025-05-31 10:48:57,230] {processor.py:171} INFO - Processing /home/airflow/.local/lib/python3.6/site-packages/airflow/example_dags/example_trigger_target_dag.py took 0.218 seconds
[2025-05-31 10:49:28,255] {processor.py:163} INFO - Started process (PID=1614) to work on /home/airflow/.local/lib/python3.6/site-packages/airflow/example_dags/example_trigger_target_dag.py
[2025-05-31 10:49:28,258] {processor.py:642} INFO - Processing file /home/airflow/.local/lib/python3.6/site-packages/airflow/example_dags/example_trigger_target_dag.py for tasks to queue
[2025-05-31 10:49:28,259] {logging_mixin.py:109} INFO - [2025-05-31 10:49:28,259] {dagbag.py:500} INFO - Filling up the DagBag from /home/airflow/.local/lib/python3.6/site-packages/airflow/example_dags/example_trigger_target_dag.py
[2025-05-31 10:49:28,340] {processor.py:654} INFO - DAG(s) dict_keys(['example_trigger_target_dag']) retrieved from /home/airflow/.local/lib/python3.6/site-packages/airflow/example_dags/example_trigger_target_dag.py
[2025-05-31 10:49:28,367] {logging_mixin.py:109} INFO - [2025-05-31 10:49:28,367] {dag.py:2396} INFO - Sync 1 DAGs
[2025-05-31 10:49:28,412] {logging_mixin.py:109} INFO - [2025-05-31 10:49:28,412] {dag.py:2935} INFO - Setting next_dagrun for example_trigger_target_dag to None
[2025-05-31 10:49:28,436] {processor.py:171} INFO - Processing /home/airflow/.local/lib/python3.6/site-packages/airflow/example_dags/example_trigger_target_dag.py took 0.189 seconds
[2025-05-31 10:49:59,085] {processor.py:163} INFO - Started process (PID=1790) to work on /home/airflow/.local/lib/python3.6/site-packages/airflow/example_dags/example_trigger_target_dag.py
[2025-05-31 10:49:59,092] {processor.py:642} INFO - Processing file /home/airflow/.local/lib/python3.6/site-packages/airflow/example_dags/example_trigger_target_dag.py for tasks to queue
[2025-05-31 10:49:59,093] {logging_mixin.py:109} INFO - [2025-05-31 10:49:59,093] {dagbag.py:500} INFO - Filling up the DagBag from /home/airflow/.local/lib/python3.6/site-packages/airflow/example_dags/example_trigger_target_dag.py
[2025-05-31 10:49:59,156] {processor.py:654} INFO - DAG(s) dict_keys(['example_trigger_target_dag']) retrieved from /home/airflow/.local/lib/python3.6/site-packages/airflow/example_dags/example_trigger_target_dag.py
[2025-05-31 10:49:59,174] {logging_mixin.py:109} INFO - [2025-05-31 10:49:59,174] {dag.py:2396} INFO - Sync 1 DAGs
[2025-05-31 10:49:59,206] {logging_mixin.py:109} INFO - [2025-05-31 10:49:59,206] {dag.py:2935} INFO - Setting next_dagrun for example_trigger_target_dag to None
[2025-05-31 10:49:59,222] {processor.py:171} INFO - Processing /home/airflow/.local/lib/python3.6/site-packages/airflow/example_dags/example_trigger_target_dag.py took 0.144 seconds
[2025-05-31 10:50:29,289] {processor.py:163} INFO - Started process (PID=1971) to work on /home/airflow/.local/lib/python3.6/site-packages/airflow/example_dags/example_trigger_target_dag.py
[2025-05-31 10:50:29,291] {processor.py:642} INFO - Processing file /home/airflow/.local/lib/python3.6/site-packages/airflow/example_dags/example_trigger_target_dag.py for tasks to queue
[2025-05-31 10:50:29,292] {logging_mixin.py:109} INFO - [2025-05-31 10:50:29,292] {dagbag.py:500} INFO - Filling up the DagBag from /home/airflow/.local/lib/python3.6/site-packages/airflow/example_dags/example_trigger_target_dag.py
[2025-05-31 10:50:29,336] {processor.py:654} INFO - DAG(s) dict_keys(['example_trigger_target_dag']) retrieved from /home/airflow/.local/lib/python3.6/site-packages/airflow/example_dags/example_trigger_target_dag.py
[2025-05-31 10:50:29,351] {logging_mixin.py:109} INFO - [2025-05-31 10:50:29,351] {dag.py:2396} INFO - Sync 1 DAGs
[2025-05-31 10:50:29,374] {logging_mixin.py:109} INFO - [2025-05-31 10:50:29,374] {dag.py:2935} INFO - Setting next_dagrun for example_trigger_target_dag to None
[2025-05-31 10:50:29,387] {processor.py:171} INFO - Processing /home/airflow/.local/lib/python3.6/site-packages/airflow/example_dags/example_trigger_target_dag.py took 0.103 seconds
[2025-05-31 10:51:01,305] {processor.py:163} INFO - Started process (PID=2151) to work on /home/airflow/.local/lib/python3.6/site-packages/airflow/example_dags/example_trigger_target_dag.py
[2025-05-31 10:51:01,308] {processor.py:642} INFO - Processing file /home/airflow/.local/lib/python3.6/site-packages/airflow/example_dags/example_trigger_target_dag.py for tasks to queue
[2025-05-31 10:51:01,310] {logging_mixin.py:109} INFO - [2025-05-31 10:51:01,310] {dagbag.py:500} INFO - Filling up the DagBag from /home/airflow/.local/lib/python3.6/site-packages/airflow/example_dags/example_trigger_target_dag.py
[2025-05-31 10:51:01,409] {processor.py:654} INFO - DAG(s) dict_keys(['example_trigger_target_dag']) retrieved from /home/airflow/.local/lib/python3.6/site-packages/airflow/example_dags/example_trigger_target_dag.py
[2025-05-31 10:51:01,435] {logging_mixin.py:109} INFO - [2025-05-31 10:51:01,434] {dag.py:2396} INFO - Sync 1 DAGs
[2025-05-31 10:51:01,471] {logging_mixin.py:109} INFO - [2025-05-31 10:51:01,470] {dag.py:2935} INFO - Setting next_dagrun for example_trigger_target_dag to None
[2025-05-31 10:51:01,488] {processor.py:171} INFO - Processing /home/airflow/.local/lib/python3.6/site-packages/airflow/example_dags/example_trigger_target_dag.py took 0.195 seconds
[2025-05-31 10:51:32,075] {processor.py:163} INFO - Started process (PID=2343) to work on /home/airflow/.local/lib/python3.6/site-packages/airflow/example_dags/example_trigger_target_dag.py
[2025-05-31 10:51:32,077] {processor.py:642} INFO - Processing file /home/airflow/.local/lib/python3.6/site-packages/airflow/example_dags/example_trigger_target_dag.py for tasks to queue
[2025-05-31 10:51:32,079] {logging_mixin.py:109} INFO - [2025-05-31 10:51:32,078] {dagbag.py:500} INFO - Filling up the DagBag from /home/airflow/.local/lib/python3.6/site-packages/airflow/example_dags/example_trigger_target_dag.py
[2025-05-31 10:51:32,125] {processor.py:654} INFO - DAG(s) dict_keys(['example_trigger_target_dag']) retrieved from /home/airflow/.local/lib/python3.6/site-packages/airflow/example_dags/example_trigger_target_dag.py
[2025-05-31 10:51:32,141] {logging_mixin.py:109} INFO - [2025-05-31 10:51:32,141] {dag.py:2396} INFO - Sync 1 DAGs
[2025-05-31 10:51:32,167] {logging_mixin.py:109} INFO - [2025-05-31 10:51:32,167] {dag.py:2935} INFO - Setting next_dagrun for example_trigger_target_dag to None
[2025-05-31 10:51:32,182] {processor.py:171} INFO - Processing /home/airflow/.local/lib/python3.6/site-packages/airflow/example_dags/example_trigger_target_dag.py took 0.111 seconds
[2025-05-31 10:52:03,408] {processor.py:163} INFO - Started process (PID=2521) to work on /home/airflow/.local/lib/python3.6/site-packages/airflow/example_dags/example_trigger_target_dag.py
[2025-05-31 10:52:03,409] {processor.py:642} INFO - Processing file /home/airflow/.local/lib/python3.6/site-packages/airflow/example_dags/example_trigger_target_dag.py for tasks to queue
[2025-05-31 10:52:03,411] {logging_mixin.py:109} INFO - [2025-05-31 10:52:03,411] {dagbag.py:500} INFO - Filling up the DagBag from /home/airflow/.local/lib/python3.6/site-packages/airflow/example_dags/example_trigger_target_dag.py
[2025-05-31 10:52:03,453] {processor.py:654} INFO - DAG(s) dict_keys(['example_trigger_target_dag']) retrieved from /home/airflow/.local/lib/python3.6/site-packages/airflow/example_dags/example_trigger_target_dag.py
[2025-05-31 10:52:03,468] {logging_mixin.py:109} INFO - [2025-05-31 10:52:03,468] {dag.py:2396} INFO - Sync 1 DAGs
[2025-05-31 10:52:03,495] {logging_mixin.py:109} INFO - [2025-05-31 10:52:03,494] {dag.py:2935} INFO - Setting next_dagrun for example_trigger_target_dag to None
[2025-05-31 10:52:03,508] {processor.py:171} INFO - Processing /home/airflow/.local/lib/python3.6/site-packages/airflow/example_dags/example_trigger_target_dag.py took 0.105 seconds
[2025-05-31 10:52:36,255] {processor.py:163} INFO - Started process (PID=2701) to work on /home/airflow/.local/lib/python3.6/site-packages/airflow/example_dags/example_trigger_target_dag.py
[2025-05-31 10:52:36,268] {processor.py:642} INFO - Processing file /home/airflow/.local/lib/python3.6/site-packages/airflow/example_dags/example_trigger_target_dag.py for tasks to queue
[2025-05-31 10:52:36,271] {logging_mixin.py:109} INFO - [2025-05-31 10:52:36,270] {dagbag.py:500} INFO - Filling up the DagBag from /home/airflow/.local/lib/python3.6/site-packages/airflow/example_dags/example_trigger_target_dag.py
[2025-05-31 10:52:36,379] {processor.py:654} INFO - DAG(s) dict_keys(['example_trigger_target_dag']) retrieved from /home/airflow/.local/lib/python3.6/site-packages/airflow/example_dags/example_trigger_target_dag.py
[2025-05-31 10:52:36,424] {logging_mixin.py:109} INFO - [2025-05-31 10:52:36,424] {dag.py:2396} INFO - Sync 1 DAGs
[2025-05-31 10:52:36,479] {logging_mixin.py:109} INFO - [2025-05-31 10:52:36,478] {dag.py:2935} INFO - Setting next_dagrun for example_trigger_target_dag to None
[2025-05-31 10:52:36,504] {processor.py:171} INFO - Processing /home/airflow/.local/lib/python3.6/site-packages/airflow/example_dags/example_trigger_target_dag.py took 0.262 seconds
[2025-05-31 10:53:08,606] {processor.py:163} INFO - Started process (PID=2891) to work on /home/airflow/.local/lib/python3.6/site-packages/airflow/example_dags/example_trigger_target_dag.py
[2025-05-31 10:53:08,608] {processor.py:642} INFO - Processing file /home/airflow/.local/lib/python3.6/site-packages/airflow/example_dags/example_trigger_target_dag.py for tasks to queue
[2025-05-31 10:53:08,610] {logging_mixin.py:109} INFO - [2025-05-31 10:53:08,610] {dagbag.py:500} INFO - Filling up the DagBag from /home/airflow/.local/lib/python3.6/site-packages/airflow/example_dags/example_trigger_target_dag.py
[2025-05-31 10:53:08,663] {processor.py:654} INFO - DAG(s) dict_keys(['example_trigger_target_dag']) retrieved from /home/airflow/.local/lib/python3.6/site-packages/airflow/example_dags/example_trigger_target_dag.py
[2025-05-31 10:53:08,680] {logging_mixin.py:109} INFO - [2025-05-31 10:53:08,680] {dag.py:2396} INFO - Sync 1 DAGs
[2025-05-31 10:53:08,710] {logging_mixin.py:109} INFO - [2025-05-31 10:53:08,710] {dag.py:2935} INFO - Setting next_dagrun for example_trigger_target_dag to None
[2025-05-31 10:53:08,728] {processor.py:171} INFO - Processing /home/airflow/.local/lib/python3.6/site-packages/airflow/example_dags/example_trigger_target_dag.py took 0.126 seconds
[2025-05-31 10:53:39,526] {processor.py:163} INFO - Started process (PID=3071) to work on /home/airflow/.local/lib/python3.6/site-packages/airflow/example_dags/example_trigger_target_dag.py
[2025-05-31 10:53:39,530] {processor.py:642} INFO - Processing file /home/airflow/.local/lib/python3.6/site-packages/airflow/example_dags/example_trigger_target_dag.py for tasks to queue
[2025-05-31 10:53:39,533] {logging_mixin.py:109} INFO - [2025-05-31 10:53:39,533] {dagbag.py:500} INFO - Filling up the DagBag from /home/airflow/.local/lib/python3.6/site-packages/airflow/example_dags/example_trigger_target_dag.py
[2025-05-31 10:53:39,658] {processor.py:654} INFO - DAG(s) dict_keys(['example_trigger_target_dag']) retrieved from /home/airflow/.local/lib/python3.6/site-packages/airflow/example_dags/example_trigger_target_dag.py
[2025-05-31 10:53:39,696] {logging_mixin.py:109} INFO - [2025-05-31 10:53:39,695] {dag.py:2396} INFO - Sync 1 DAGs
[2025-05-31 10:53:39,757] {logging_mixin.py:109} INFO - [2025-05-31 10:53:39,756] {dag.py:2935} INFO - Setting next_dagrun for example_trigger_target_dag to None
[2025-05-31 10:53:39,798] {processor.py:171} INFO - Processing /home/airflow/.local/lib/python3.6/site-packages/airflow/example_dags/example_trigger_target_dag.py took 0.290 seconds
[2025-05-31 10:54:10,018] {processor.py:163} INFO - Started process (PID=3248) to work on /home/airflow/.local/lib/python3.6/site-packages/airflow/example_dags/example_trigger_target_dag.py
[2025-05-31 10:54:10,020] {processor.py:642} INFO - Processing file /home/airflow/.local/lib/python3.6/site-packages/airflow/example_dags/example_trigger_target_dag.py for tasks to queue
[2025-05-31 10:54:10,021] {logging_mixin.py:109} INFO - [2025-05-31 10:54:10,021] {dagbag.py:500} INFO - Filling up the DagBag from /home/airflow/.local/lib/python3.6/site-packages/airflow/example_dags/example_trigger_target_dag.py
[2025-05-31 10:54:10,066] {processor.py:654} INFO - DAG(s) dict_keys(['example_trigger_target_dag']) retrieved from /home/airflow/.local/lib/python3.6/site-packages/airflow/example_dags/example_trigger_target_dag.py
[2025-05-31 10:54:10,081] {logging_mixin.py:109} INFO - [2025-05-31 10:54:10,081] {dag.py:2396} INFO - Sync 1 DAGs
[2025-05-31 10:54:10,105] {logging_mixin.py:109} INFO - [2025-05-31 10:54:10,105] {dag.py:2935} INFO - Setting next_dagrun for example_trigger_target_dag to None
[2025-05-31 10:54:10,117] {processor.py:171} INFO - Processing /home/airflow/.local/lib/python3.6/site-packages/airflow/example_dags/example_trigger_target_dag.py took 0.103 seconds
[2025-05-31 10:54:40,317] {processor.py:163} INFO - Started process (PID=3428) to work on /home/airflow/.local/lib/python3.6/site-packages/airflow/example_dags/example_trigger_target_dag.py
[2025-05-31 10:54:40,319] {processor.py:642} INFO - Processing file /home/airflow/.local/lib/python3.6/site-packages/airflow/example_dags/example_trigger_target_dag.py for tasks to queue
[2025-05-31 10:54:40,320] {logging_mixin.py:109} INFO - [2025-05-31 10:54:40,320] {dagbag.py:500} INFO - Filling up the DagBag from /home/airflow/.local/lib/python3.6/site-packages/airflow/example_dags/example_trigger_target_dag.py
[2025-05-31 10:54:40,364] {processor.py:654} INFO - DAG(s) dict_keys(['example_trigger_target_dag']) retrieved from /home/airflow/.local/lib/python3.6/site-packages/airflow/example_dags/example_trigger_target_dag.py
[2025-05-31 10:54:40,380] {logging_mixin.py:109} INFO - [2025-05-31 10:54:40,380] {dag.py:2396} INFO - Sync 1 DAGs
[2025-05-31 10:54:40,408] {logging_mixin.py:109} INFO - [2025-05-31 10:54:40,408] {dag.py:2935} INFO - Setting next_dagrun for example_trigger_target_dag to None
[2025-05-31 10:54:40,422] {processor.py:171} INFO - Processing /home/airflow/.local/lib/python3.6/site-packages/airflow/example_dags/example_trigger_target_dag.py took 0.110 seconds
[2025-05-31 10:55:10,782] {processor.py:163} INFO - Started process (PID=3608) to work on /home/airflow/.local/lib/python3.6/site-packages/airflow/example_dags/example_trigger_target_dag.py
[2025-05-31 10:55:10,783] {processor.py:642} INFO - Processing file /home/airflow/.local/lib/python3.6/site-packages/airflow/example_dags/example_trigger_target_dag.py for tasks to queue
[2025-05-31 10:55:10,784] {logging_mixin.py:109} INFO - [2025-05-31 10:55:10,784] {dagbag.py:500} INFO - Filling up the DagBag from /home/airflow/.local/lib/python3.6/site-packages/airflow/example_dags/example_trigger_target_dag.py
[2025-05-31 10:55:10,824] {processor.py:654} INFO - DAG(s) dict_keys(['example_trigger_target_dag']) retrieved from /home/airflow/.local/lib/python3.6/site-packages/airflow/example_dags/example_trigger_target_dag.py
[2025-05-31 10:55:10,838] {logging_mixin.py:109} INFO - [2025-05-31 10:55:10,838] {dag.py:2396} INFO - Sync 1 DAGs
[2025-05-31 10:55:10,862] {logging_mixin.py:109} INFO - [2025-05-31 10:55:10,862] {dag.py:2935} INFO - Setting next_dagrun for example_trigger_target_dag to None
[2025-05-31 10:55:10,874] {processor.py:171} INFO - Processing /home/airflow/.local/lib/python3.6/site-packages/airflow/example_dags/example_trigger_target_dag.py took 0.096 seconds
[2025-05-31 10:55:41,754] {processor.py:163} INFO - Started process (PID=3796) to work on /home/airflow/.local/lib/python3.6/site-packages/airflow/example_dags/example_trigger_target_dag.py
[2025-05-31 10:55:41,755] {processor.py:642} INFO - Processing file /home/airflow/.local/lib/python3.6/site-packages/airflow/example_dags/example_trigger_target_dag.py for tasks to queue
[2025-05-31 10:55:41,756] {logging_mixin.py:109} INFO - [2025-05-31 10:55:41,756] {dagbag.py:500} INFO - Filling up the DagBag from /home/airflow/.local/lib/python3.6/site-packages/airflow/example_dags/example_trigger_target_dag.py
[2025-05-31 10:55:41,803] {processor.py:654} INFO - DAG(s) dict_keys(['example_trigger_target_dag']) retrieved from /home/airflow/.local/lib/python3.6/site-packages/airflow/example_dags/example_trigger_target_dag.py
[2025-05-31 10:55:41,820] {logging_mixin.py:109} INFO - [2025-05-31 10:55:41,819] {dag.py:2396} INFO - Sync 1 DAGs
[2025-05-31 10:55:41,865] {logging_mixin.py:109} INFO - [2025-05-31 10:55:41,865] {dag.py:2935} INFO - Setting next_dagrun for example_trigger_target_dag to None
[2025-05-31 10:55:41,880] {processor.py:171} INFO - Processing /home/airflow/.local/lib/python3.6/site-packages/airflow/example_dags/example_trigger_target_dag.py took 0.132 seconds
[2025-05-31 10:56:13,252] {processor.py:163} INFO - Started process (PID=3976) to work on /home/airflow/.local/lib/python3.6/site-packages/airflow/example_dags/example_trigger_target_dag.py
[2025-05-31 10:56:13,254] {processor.py:642} INFO - Processing file /home/airflow/.local/lib/python3.6/site-packages/airflow/example_dags/example_trigger_target_dag.py for tasks to queue
[2025-05-31 10:56:13,256] {logging_mixin.py:109} INFO - [2025-05-31 10:56:13,256] {dagbag.py:500} INFO - Filling up the DagBag from /home/airflow/.local/lib/python3.6/site-packages/airflow/example_dags/example_trigger_target_dag.py
[2025-05-31 10:56:13,320] {processor.py:654} INFO - DAG(s) dict_keys(['example_trigger_target_dag']) retrieved from /home/airflow/.local/lib/python3.6/site-packages/airflow/example_dags/example_trigger_target_dag.py
[2025-05-31 10:56:13,338] {logging_mixin.py:109} INFO - [2025-05-31 10:56:13,338] {dag.py:2396} INFO - Sync 1 DAGs
[2025-05-31 10:56:13,371] {logging_mixin.py:109} INFO - [2025-05-31 10:56:13,371] {dag.py:2935} INFO - Setting next_dagrun for example_trigger_target_dag to None
[2025-05-31 10:56:13,390] {processor.py:171} INFO - Processing /home/airflow/.local/lib/python3.6/site-packages/airflow/example_dags/example_trigger_target_dag.py took 0.143 seconds
[2025-05-31 10:56:43,786] {processor.py:163} INFO - Started process (PID=4156) to work on /home/airflow/.local/lib/python3.6/site-packages/airflow/example_dags/example_trigger_target_dag.py
[2025-05-31 10:56:43,788] {processor.py:642} INFO - Processing file /home/airflow/.local/lib/python3.6/site-packages/airflow/example_dags/example_trigger_target_dag.py for tasks to queue
[2025-05-31 10:56:43,790] {logging_mixin.py:109} INFO - [2025-05-31 10:56:43,790] {dagbag.py:500} INFO - Filling up the DagBag from /home/airflow/.local/lib/python3.6/site-packages/airflow/example_dags/example_trigger_target_dag.py
[2025-05-31 10:56:43,844] {processor.py:654} INFO - DAG(s) dict_keys(['example_trigger_target_dag']) retrieved from /home/airflow/.local/lib/python3.6/site-packages/airflow/example_dags/example_trigger_target_dag.py
[2025-05-31 10:56:43,860] {logging_mixin.py:109} INFO - [2025-05-31 10:56:43,860] {dag.py:2396} INFO - Sync 1 DAGs
[2025-05-31 10:56:43,888] {logging_mixin.py:109} INFO - [2025-05-31 10:56:43,887] {dag.py:2935} INFO - Setting next_dagrun for example_trigger_target_dag to None
[2025-05-31 10:56:43,906] {processor.py:171} INFO - Processing /home/airflow/.local/lib/python3.6/site-packages/airflow/example_dags/example_trigger_target_dag.py took 0.126 seconds
[2025-05-31 10:57:14,857] {processor.py:163} INFO - Started process (PID=4356) to work on /home/airflow/.local/lib/python3.6/site-packages/airflow/example_dags/example_trigger_target_dag.py
[2025-05-31 10:57:14,862] {processor.py:642} INFO - Processing file /home/airflow/.local/lib/python3.6/site-packages/airflow/example_dags/example_trigger_target_dag.py for tasks to queue
[2025-05-31 10:57:14,872] {logging_mixin.py:109} INFO - [2025-05-31 10:57:14,871] {dagbag.py:500} INFO - Filling up the DagBag from /home/airflow/.local/lib/python3.6/site-packages/airflow/example_dags/example_trigger_target_dag.py
[2025-05-31 10:57:14,998] {processor.py:654} INFO - DAG(s) dict_keys(['example_trigger_target_dag']) retrieved from /home/airflow/.local/lib/python3.6/site-packages/airflow/example_dags/example_trigger_target_dag.py
[2025-05-31 10:57:15,045] {logging_mixin.py:109} INFO - [2025-05-31 10:57:15,045] {dag.py:2396} INFO - Sync 1 DAGs
[2025-05-31 10:57:15,098] {logging_mixin.py:109} INFO - [2025-05-31 10:57:15,098] {dag.py:2935} INFO - Setting next_dagrun for example_trigger_target_dag to None
[2025-05-31 10:57:15,120] {processor.py:171} INFO - Processing /home/airflow/.local/lib/python3.6/site-packages/airflow/example_dags/example_trigger_target_dag.py took 0.273 seconds
[2025-05-31 10:57:45,765] {processor.py:163} INFO - Started process (PID=4536) to work on /home/airflow/.local/lib/python3.6/site-packages/airflow/example_dags/example_trigger_target_dag.py
[2025-05-31 10:57:45,766] {processor.py:642} INFO - Processing file /home/airflow/.local/lib/python3.6/site-packages/airflow/example_dags/example_trigger_target_dag.py for tasks to queue
[2025-05-31 10:57:45,767] {logging_mixin.py:109} INFO - [2025-05-31 10:57:45,767] {dagbag.py:500} INFO - Filling up the DagBag from /home/airflow/.local/lib/python3.6/site-packages/airflow/example_dags/example_trigger_target_dag.py
[2025-05-31 10:57:45,818] {processor.py:654} INFO - DAG(s) dict_keys(['example_trigger_target_dag']) retrieved from /home/airflow/.local/lib/python3.6/site-packages/airflow/example_dags/example_trigger_target_dag.py
[2025-05-31 10:57:45,834] {logging_mixin.py:109} INFO - [2025-05-31 10:57:45,834] {dag.py:2396} INFO - Sync 1 DAGs
[2025-05-31 10:57:45,869] {logging_mixin.py:109} INFO - [2025-05-31 10:57:45,869] {dag.py:2935} INFO - Setting next_dagrun for example_trigger_target_dag to None
[2025-05-31 10:57:45,885] {processor.py:171} INFO - Processing /home/airflow/.local/lib/python3.6/site-packages/airflow/example_dags/example_trigger_target_dag.py took 0.125 seconds
[2025-05-31 10:58:16,027] {processor.py:163} INFO - Started process (PID=4716) to work on /home/airflow/.local/lib/python3.6/site-packages/airflow/example_dags/example_trigger_target_dag.py
[2025-05-31 10:58:16,029] {processor.py:642} INFO - Processing file /home/airflow/.local/lib/python3.6/site-packages/airflow/example_dags/example_trigger_target_dag.py for tasks to queue
[2025-05-31 10:58:16,031] {logging_mixin.py:109} INFO - [2025-05-31 10:58:16,030] {dagbag.py:500} INFO - Filling up the DagBag from /home/airflow/.local/lib/python3.6/site-packages/airflow/example_dags/example_trigger_target_dag.py
[2025-05-31 10:58:16,078] {processor.py:654} INFO - DAG(s) dict_keys(['example_trigger_target_dag']) retrieved from /home/airflow/.local/lib/python3.6/site-packages/airflow/example_dags/example_trigger_target_dag.py
[2025-05-31 10:58:16,093] {logging_mixin.py:109} INFO - [2025-05-31 10:58:16,093] {dag.py:2396} INFO - Sync 1 DAGs
[2025-05-31 10:58:16,120] {logging_mixin.py:109} INFO - [2025-05-31 10:58:16,119] {dag.py:2935} INFO - Setting next_dagrun for example_trigger_target_dag to None
[2025-05-31 10:58:16,137] {processor.py:171} INFO - Processing /home/airflow/.local/lib/python3.6/site-packages/airflow/example_dags/example_trigger_target_dag.py took 0.115 seconds
[2025-05-31 10:58:46,688] {processor.py:163} INFO - Started process (PID=4896) to work on /home/airflow/.local/lib/python3.6/site-packages/airflow/example_dags/example_trigger_target_dag.py
[2025-05-31 10:58:46,690] {processor.py:642} INFO - Processing file /home/airflow/.local/lib/python3.6/site-packages/airflow/example_dags/example_trigger_target_dag.py for tasks to queue
[2025-05-31 10:58:46,691] {logging_mixin.py:109} INFO - [2025-05-31 10:58:46,691] {dagbag.py:500} INFO - Filling up the DagBag from /home/airflow/.local/lib/python3.6/site-packages/airflow/example_dags/example_trigger_target_dag.py
[2025-05-31 10:58:46,733] {processor.py:654} INFO - DAG(s) dict_keys(['example_trigger_target_dag']) retrieved from /home/airflow/.local/lib/python3.6/site-packages/airflow/example_dags/example_trigger_target_dag.py
[2025-05-31 10:58:46,746] {logging_mixin.py:109} INFO - [2025-05-31 10:58:46,745] {dag.py:2396} INFO - Sync 1 DAGs
[2025-05-31 10:58:46,768] {logging_mixin.py:109} INFO - [2025-05-31 10:58:46,768] {dag.py:2935} INFO - Setting next_dagrun for example_trigger_target_dag to None
[2025-05-31 10:58:46,784] {processor.py:171} INFO - Processing /home/airflow/.local/lib/python3.6/site-packages/airflow/example_dags/example_trigger_target_dag.py took 0.100 seconds
[2025-05-31 10:59:17,712] {processor.py:163} INFO - Started process (PID=5076) to work on /home/airflow/.local/lib/python3.6/site-packages/airflow/example_dags/example_trigger_target_dag.py
[2025-05-31 10:59:17,714] {processor.py:642} INFO - Processing file /home/airflow/.local/lib/python3.6/site-packages/airflow/example_dags/example_trigger_target_dag.py for tasks to queue
[2025-05-31 10:59:17,715] {logging_mixin.py:109} INFO - [2025-05-31 10:59:17,715] {dagbag.py:500} INFO - Filling up the DagBag from /home/airflow/.local/lib/python3.6/site-packages/airflow/example_dags/example_trigger_target_dag.py
[2025-05-31 10:59:17,781] {processor.py:654} INFO - DAG(s) dict_keys(['example_trigger_target_dag']) retrieved from /home/airflow/.local/lib/python3.6/site-packages/airflow/example_dags/example_trigger_target_dag.py
[2025-05-31 10:59:17,804] {logging_mixin.py:109} INFO - [2025-05-31 10:59:17,804] {dag.py:2396} INFO - Sync 1 DAGs
[2025-05-31 10:59:17,873] {logging_mixin.py:109} INFO - [2025-05-31 10:59:17,873] {dag.py:2935} INFO - Setting next_dagrun for example_trigger_target_dag to None
[2025-05-31 10:59:17,912] {processor.py:171} INFO - Processing /home/airflow/.local/lib/python3.6/site-packages/airflow/example_dags/example_trigger_target_dag.py took 0.207 seconds
[2025-05-31 10:59:48,996] {processor.py:163} INFO - Started process (PID=5256) to work on /home/airflow/.local/lib/python3.6/site-packages/airflow/example_dags/example_trigger_target_dag.py
[2025-05-31 10:59:48,998] {processor.py:642} INFO - Processing file /home/airflow/.local/lib/python3.6/site-packages/airflow/example_dags/example_trigger_target_dag.py for tasks to queue
[2025-05-31 10:59:49,000] {logging_mixin.py:109} INFO - [2025-05-31 10:59:49,000] {dagbag.py:500} INFO - Filling up the DagBag from /home/airflow/.local/lib/python3.6/site-packages/airflow/example_dags/example_trigger_target_dag.py
[2025-05-31 10:59:49,054] {processor.py:654} INFO - DAG(s) dict_keys(['example_trigger_target_dag']) retrieved from /home/airflow/.local/lib/python3.6/site-packages/airflow/example_dags/example_trigger_target_dag.py
[2025-05-31 10:59:49,073] {logging_mixin.py:109} INFO - [2025-05-31 10:59:49,072] {dag.py:2396} INFO - Sync 1 DAGs
[2025-05-31 10:59:49,101] {logging_mixin.py:109} INFO - [2025-05-31 10:59:49,101] {dag.py:2935} INFO - Setting next_dagrun for example_trigger_target_dag to None
[2025-05-31 10:59:49,117] {processor.py:171} INFO - Processing /home/airflow/.local/lib/python3.6/site-packages/airflow/example_dags/example_trigger_target_dag.py took 0.126 seconds
[2025-05-31 11:00:20,043] {processor.py:163} INFO - Started process (PID=5438) to work on /home/airflow/.local/lib/python3.6/site-packages/airflow/example_dags/example_trigger_target_dag.py
[2025-05-31 11:00:20,044] {processor.py:642} INFO - Processing file /home/airflow/.local/lib/python3.6/site-packages/airflow/example_dags/example_trigger_target_dag.py for tasks to queue
[2025-05-31 11:00:20,046] {logging_mixin.py:109} INFO - [2025-05-31 11:00:20,046] {dagbag.py:500} INFO - Filling up the DagBag from /home/airflow/.local/lib/python3.6/site-packages/airflow/example_dags/example_trigger_target_dag.py
[2025-05-31 11:00:20,085] {processor.py:654} INFO - DAG(s) dict_keys(['example_trigger_target_dag']) retrieved from /home/airflow/.local/lib/python3.6/site-packages/airflow/example_dags/example_trigger_target_dag.py
[2025-05-31 11:00:20,099] {logging_mixin.py:109} INFO - [2025-05-31 11:00:20,098] {dag.py:2396} INFO - Sync 1 DAGs
[2025-05-31 11:00:20,122] {logging_mixin.py:109} INFO - [2025-05-31 11:00:20,122] {dag.py:2935} INFO - Setting next_dagrun for example_trigger_target_dag to None
[2025-05-31 11:00:20,134] {processor.py:171} INFO - Processing /home/airflow/.local/lib/python3.6/site-packages/airflow/example_dags/example_trigger_target_dag.py took 0.095 seconds
[2025-05-31 11:00:50,994] {processor.py:163} INFO - Started process (PID=5628) to work on /home/airflow/.local/lib/python3.6/site-packages/airflow/example_dags/example_trigger_target_dag.py
[2025-05-31 11:00:50,995] {processor.py:642} INFO - Processing file /home/airflow/.local/lib/python3.6/site-packages/airflow/example_dags/example_trigger_target_dag.py for tasks to queue
[2025-05-31 11:00:50,996] {logging_mixin.py:109} INFO - [2025-05-31 11:00:50,996] {dagbag.py:500} INFO - Filling up the DagBag from /home/airflow/.local/lib/python3.6/site-packages/airflow/example_dags/example_trigger_target_dag.py
[2025-05-31 11:00:51,030] {processor.py:654} INFO - DAG(s) dict_keys(['example_trigger_target_dag']) retrieved from /home/airflow/.local/lib/python3.6/site-packages/airflow/example_dags/example_trigger_target_dag.py
[2025-05-31 11:00:51,042] {logging_mixin.py:109} INFO - [2025-05-31 11:00:51,041] {dag.py:2396} INFO - Sync 1 DAGs
[2025-05-31 11:00:51,060] {logging_mixin.py:109} INFO - [2025-05-31 11:00:51,060] {dag.py:2935} INFO - Setting next_dagrun for example_trigger_target_dag to None
[2025-05-31 11:00:51,070] {processor.py:171} INFO - Processing /home/airflow/.local/lib/python3.6/site-packages/airflow/example_dags/example_trigger_target_dag.py took 0.080 seconds
[2025-05-31 11:01:21,831] {processor.py:163} INFO - Started process (PID=5808) to work on /home/airflow/.local/lib/python3.6/site-packages/airflow/example_dags/example_trigger_target_dag.py
[2025-05-31 11:01:21,833] {processor.py:642} INFO - Processing file /home/airflow/.local/lib/python3.6/site-packages/airflow/example_dags/example_trigger_target_dag.py for tasks to queue
[2025-05-31 11:01:21,834] {logging_mixin.py:109} INFO - [2025-05-31 11:01:21,834] {dagbag.py:500} INFO - Filling up the DagBag from /home/airflow/.local/lib/python3.6/site-packages/airflow/example_dags/example_trigger_target_dag.py
[2025-05-31 11:01:21,873] {processor.py:654} INFO - DAG(s) dict_keys(['example_trigger_target_dag']) retrieved from /home/airflow/.local/lib/python3.6/site-packages/airflow/example_dags/example_trigger_target_dag.py
[2025-05-31 11:01:21,886] {logging_mixin.py:109} INFO - [2025-05-31 11:01:21,886] {dag.py:2396} INFO - Sync 1 DAGs
[2025-05-31 11:01:21,909] {logging_mixin.py:109} INFO - [2025-05-31 11:01:21,909] {dag.py:2935} INFO - Setting next_dagrun for example_trigger_target_dag to None
[2025-05-31 11:01:21,923] {processor.py:171} INFO - Processing /home/airflow/.local/lib/python3.6/site-packages/airflow/example_dags/example_trigger_target_dag.py took 0.096 seconds
[2025-05-31 11:01:52,090] {processor.py:163} INFO - Started process (PID=5996) to work on /home/airflow/.local/lib/python3.6/site-packages/airflow/example_dags/example_trigger_target_dag.py
[2025-05-31 11:01:52,092] {processor.py:642} INFO - Processing file /home/airflow/.local/lib/python3.6/site-packages/airflow/example_dags/example_trigger_target_dag.py for tasks to queue
[2025-05-31 11:01:52,094] {logging_mixin.py:109} INFO - [2025-05-31 11:01:52,094] {dagbag.py:500} INFO - Filling up the DagBag from /home/airflow/.local/lib/python3.6/site-packages/airflow/example_dags/example_trigger_target_dag.py
[2025-05-31 11:01:52,145] {processor.py:654} INFO - DAG(s) dict_keys(['example_trigger_target_dag']) retrieved from /home/airflow/.local/lib/python3.6/site-packages/airflow/example_dags/example_trigger_target_dag.py
[2025-05-31 11:01:52,161] {logging_mixin.py:109} INFO - [2025-05-31 11:01:52,161] {dag.py:2396} INFO - Sync 1 DAGs
[2025-05-31 11:01:52,196] {logging_mixin.py:109} INFO - [2025-05-31 11:01:52,196] {dag.py:2935} INFO - Setting next_dagrun for example_trigger_target_dag to None
[2025-05-31 11:01:52,212] {processor.py:171} INFO - Processing /home/airflow/.local/lib/python3.6/site-packages/airflow/example_dags/example_trigger_target_dag.py took 0.127 seconds
[2025-05-31 11:02:23,099] {processor.py:163} INFO - Started process (PID=6178) to work on /home/airflow/.local/lib/python3.6/site-packages/airflow/example_dags/example_trigger_target_dag.py
[2025-05-31 11:02:23,101] {processor.py:642} INFO - Processing file /home/airflow/.local/lib/python3.6/site-packages/airflow/example_dags/example_trigger_target_dag.py for tasks to queue
[2025-05-31 11:02:23,102] {logging_mixin.py:109} INFO - [2025-05-31 11:02:23,102] {dagbag.py:500} INFO - Filling up the DagBag from /home/airflow/.local/lib/python3.6/site-packages/airflow/example_dags/example_trigger_target_dag.py
[2025-05-31 11:02:23,148] {processor.py:654} INFO - DAG(s) dict_keys(['example_trigger_target_dag']) retrieved from /home/airflow/.local/lib/python3.6/site-packages/airflow/example_dags/example_trigger_target_dag.py
[2025-05-31 11:02:23,165] {logging_mixin.py:109} INFO - [2025-05-31 11:02:23,164] {dag.py:2396} INFO - Sync 1 DAGs
[2025-05-31 11:02:23,192] {logging_mixin.py:109} INFO - [2025-05-31 11:02:23,192] {dag.py:2935} INFO - Setting next_dagrun for example_trigger_target_dag to None
[2025-05-31 11:02:23,208] {processor.py:171} INFO - Processing /home/airflow/.local/lib/python3.6/site-packages/airflow/example_dags/example_trigger_target_dag.py took 0.113 seconds
[2025-05-31 11:02:54,665] {processor.py:163} INFO - Started process (PID=6356) to work on /home/airflow/.local/lib/python3.6/site-packages/airflow/example_dags/example_trigger_target_dag.py
[2025-05-31 11:02:54,667] {processor.py:642} INFO - Processing file /home/airflow/.local/lib/python3.6/site-packages/airflow/example_dags/example_trigger_target_dag.py for tasks to queue
[2025-05-31 11:02:54,668] {logging_mixin.py:109} INFO - [2025-05-31 11:02:54,668] {dagbag.py:500} INFO - Filling up the DagBag from /home/airflow/.local/lib/python3.6/site-packages/airflow/example_dags/example_trigger_target_dag.py
[2025-05-31 11:02:54,721] {processor.py:654} INFO - DAG(s) dict_keys(['example_trigger_target_dag']) retrieved from /home/airflow/.local/lib/python3.6/site-packages/airflow/example_dags/example_trigger_target_dag.py
[2025-05-31 11:02:54,742] {logging_mixin.py:109} INFO - [2025-05-31 11:02:54,741] {dag.py:2396} INFO - Sync 1 DAGs
[2025-05-31 11:02:54,775] {logging_mixin.py:109} INFO - [2025-05-31 11:02:54,775] {dag.py:2935} INFO - Setting next_dagrun for example_trigger_target_dag to None
[2025-05-31 11:02:54,788] {processor.py:171} INFO - Processing /home/airflow/.local/lib/python3.6/site-packages/airflow/example_dags/example_trigger_target_dag.py took 0.128 seconds
[2025-05-31 11:03:25,567] {processor.py:163} INFO - Started process (PID=6546) to work on /home/airflow/.local/lib/python3.6/site-packages/airflow/example_dags/example_trigger_target_dag.py
[2025-05-31 11:03:25,570] {processor.py:642} INFO - Processing file /home/airflow/.local/lib/python3.6/site-packages/airflow/example_dags/example_trigger_target_dag.py for tasks to queue
[2025-05-31 11:03:25,572] {logging_mixin.py:109} INFO - [2025-05-31 11:03:25,571] {dagbag.py:500} INFO - Filling up the DagBag from /home/airflow/.local/lib/python3.6/site-packages/airflow/example_dags/example_trigger_target_dag.py
[2025-05-31 11:03:25,625] {processor.py:654} INFO - DAG(s) dict_keys(['example_trigger_target_dag']) retrieved from /home/airflow/.local/lib/python3.6/site-packages/airflow/example_dags/example_trigger_target_dag.py
[2025-05-31 11:03:25,644] {logging_mixin.py:109} INFO - [2025-05-31 11:03:25,644] {dag.py:2396} INFO - Sync 1 DAGs
[2025-05-31 11:03:25,676] {logging_mixin.py:109} INFO - [2025-05-31 11:03:25,676] {dag.py:2935} INFO - Setting next_dagrun for example_trigger_target_dag to None
[2025-05-31 11:03:25,693] {processor.py:171} INFO - Processing /home/airflow/.local/lib/python3.6/site-packages/airflow/example_dags/example_trigger_target_dag.py took 0.133 seconds
[2025-05-31 11:03:56,867] {processor.py:163} INFO - Started process (PID=6728) to work on /home/airflow/.local/lib/python3.6/site-packages/airflow/example_dags/example_trigger_target_dag.py
[2025-05-31 11:03:56,868] {processor.py:642} INFO - Processing file /home/airflow/.local/lib/python3.6/site-packages/airflow/example_dags/example_trigger_target_dag.py for tasks to queue
[2025-05-31 11:03:56,870] {logging_mixin.py:109} INFO - [2025-05-31 11:03:56,870] {dagbag.py:500} INFO - Filling up the DagBag from /home/airflow/.local/lib/python3.6/site-packages/airflow/example_dags/example_trigger_target_dag.py
[2025-05-31 11:03:56,911] {processor.py:654} INFO - DAG(s) dict_keys(['example_trigger_target_dag']) retrieved from /home/airflow/.local/lib/python3.6/site-packages/airflow/example_dags/example_trigger_target_dag.py
[2025-05-31 11:03:56,925] {logging_mixin.py:109} INFO - [2025-05-31 11:03:56,925] {dag.py:2396} INFO - Sync 1 DAGs
[2025-05-31 11:03:56,949] {logging_mixin.py:109} INFO - [2025-05-31 11:03:56,949] {dag.py:2935} INFO - Setting next_dagrun for example_trigger_target_dag to None
[2025-05-31 11:03:56,964] {processor.py:171} INFO - Processing /home/airflow/.local/lib/python3.6/site-packages/airflow/example_dags/example_trigger_target_dag.py took 0.101 seconds
[2025-05-31 11:04:28,050] {processor.py:163} INFO - Started process (PID=6918) to work on /home/airflow/.local/lib/python3.6/site-packages/airflow/example_dags/example_trigger_target_dag.py
[2025-05-31 11:04:28,052] {processor.py:642} INFO - Processing file /home/airflow/.local/lib/python3.6/site-packages/airflow/example_dags/example_trigger_target_dag.py for tasks to queue
[2025-05-31 11:04:28,053] {logging_mixin.py:109} INFO - [2025-05-31 11:04:28,053] {dagbag.py:500} INFO - Filling up the DagBag from /home/airflow/.local/lib/python3.6/site-packages/airflow/example_dags/example_trigger_target_dag.py
[2025-05-31 11:04:28,098] {processor.py:654} INFO - DAG(s) dict_keys(['example_trigger_target_dag']) retrieved from /home/airflow/.local/lib/python3.6/site-packages/airflow/example_dags/example_trigger_target_dag.py
[2025-05-31 11:04:28,112] {logging_mixin.py:109} INFO - [2025-05-31 11:04:28,112] {dag.py:2396} INFO - Sync 1 DAGs
[2025-05-31 11:04:28,138] {logging_mixin.py:109} INFO - [2025-05-31 11:04:28,138] {dag.py:2935} INFO - Setting next_dagrun for example_trigger_target_dag to None
[2025-05-31 11:04:28,152] {processor.py:171} INFO - Processing /home/airflow/.local/lib/python3.6/site-packages/airflow/example_dags/example_trigger_target_dag.py took 0.107 seconds
[2025-05-31 11:04:59,050] {processor.py:163} INFO - Started process (PID=7096) to work on /home/airflow/.local/lib/python3.6/site-packages/airflow/example_dags/example_trigger_target_dag.py
[2025-05-31 11:04:59,052] {processor.py:642} INFO - Processing file /home/airflow/.local/lib/python3.6/site-packages/airflow/example_dags/example_trigger_target_dag.py for tasks to queue
[2025-05-31 11:04:59,054] {logging_mixin.py:109} INFO - [2025-05-31 11:04:59,054] {dagbag.py:500} INFO - Filling up the DagBag from /home/airflow/.local/lib/python3.6/site-packages/airflow/example_dags/example_trigger_target_dag.py
[2025-05-31 11:04:59,106] {processor.py:654} INFO - DAG(s) dict_keys(['example_trigger_target_dag']) retrieved from /home/airflow/.local/lib/python3.6/site-packages/airflow/example_dags/example_trigger_target_dag.py
[2025-05-31 11:04:59,122] {logging_mixin.py:109} INFO - [2025-05-31 11:04:59,122] {dag.py:2396} INFO - Sync 1 DAGs
[2025-05-31 11:04:59,151] {logging_mixin.py:109} INFO - [2025-05-31 11:04:59,151] {dag.py:2935} INFO - Setting next_dagrun for example_trigger_target_dag to None
[2025-05-31 11:04:59,166] {processor.py:171} INFO - Processing /home/airflow/.local/lib/python3.6/site-packages/airflow/example_dags/example_trigger_target_dag.py took 0.121 seconds
[2025-05-31 11:05:29,723] {processor.py:163} INFO - Started process (PID=7276) to work on /home/airflow/.local/lib/python3.6/site-packages/airflow/example_dags/example_trigger_target_dag.py
[2025-05-31 11:05:29,725] {processor.py:642} INFO - Processing file /home/airflow/.local/lib/python3.6/site-packages/airflow/example_dags/example_trigger_target_dag.py for tasks to queue
[2025-05-31 11:05:29,726] {logging_mixin.py:109} INFO - [2025-05-31 11:05:29,726] {dagbag.py:500} INFO - Filling up the DagBag from /home/airflow/.local/lib/python3.6/site-packages/airflow/example_dags/example_trigger_target_dag.py
[2025-05-31 11:05:29,782] {processor.py:654} INFO - DAG(s) dict_keys(['example_trigger_target_dag']) retrieved from /home/airflow/.local/lib/python3.6/site-packages/airflow/example_dags/example_trigger_target_dag.py
[2025-05-31 11:05:29,799] {logging_mixin.py:109} INFO - [2025-05-31 11:05:29,799] {dag.py:2396} INFO - Sync 1 DAGs
[2025-05-31 11:05:29,824] {logging_mixin.py:109} INFO - [2025-05-31 11:05:29,824] {dag.py:2935} INFO - Setting next_dagrun for example_trigger_target_dag to None
[2025-05-31 11:05:29,839] {processor.py:171} INFO - Processing /home/airflow/.local/lib/python3.6/site-packages/airflow/example_dags/example_trigger_target_dag.py took 0.120 seconds
[2025-05-31 11:06:05,091] {processor.py:163} INFO - Started process (PID=7471) to work on /home/airflow/.local/lib/python3.6/site-packages/airflow/example_dags/example_trigger_target_dag.py
[2025-05-31 11:06:05,095] {processor.py:642} INFO - Processing file /home/airflow/.local/lib/python3.6/site-packages/airflow/example_dags/example_trigger_target_dag.py for tasks to queue
[2025-05-31 11:06:05,097] {logging_mixin.py:109} INFO - [2025-05-31 11:06:05,097] {dagbag.py:500} INFO - Filling up the DagBag from /home/airflow/.local/lib/python3.6/site-packages/airflow/example_dags/example_trigger_target_dag.py
[2025-05-31 11:06:05,209] {processor.py:654} INFO - DAG(s) dict_keys(['example_trigger_target_dag']) retrieved from /home/airflow/.local/lib/python3.6/site-packages/airflow/example_dags/example_trigger_target_dag.py
[2025-05-31 11:06:05,235] {logging_mixin.py:109} INFO - [2025-05-31 11:06:05,234] {dag.py:2396} INFO - Sync 1 DAGs
[2025-05-31 11:06:05,276] {logging_mixin.py:109} INFO - [2025-05-31 11:06:05,276] {dag.py:2935} INFO - Setting next_dagrun for example_trigger_target_dag to None
[2025-05-31 11:06:05,312] {processor.py:171} INFO - Processing /home/airflow/.local/lib/python3.6/site-packages/airflow/example_dags/example_trigger_target_dag.py took 0.229 seconds
[2025-05-31 11:06:36,073] {processor.py:163} INFO - Started process (PID=7651) to work on /home/airflow/.local/lib/python3.6/site-packages/airflow/example_dags/example_trigger_target_dag.py
[2025-05-31 11:06:36,076] {processor.py:642} INFO - Processing file /home/airflow/.local/lib/python3.6/site-packages/airflow/example_dags/example_trigger_target_dag.py for tasks to queue
[2025-05-31 11:06:36,078] {logging_mixin.py:109} INFO - [2025-05-31 11:06:36,077] {dagbag.py:500} INFO - Filling up the DagBag from /home/airflow/.local/lib/python3.6/site-packages/airflow/example_dags/example_trigger_target_dag.py
[2025-05-31 11:06:36,149] {processor.py:654} INFO - DAG(s) dict_keys(['example_trigger_target_dag']) retrieved from /home/airflow/.local/lib/python3.6/site-packages/airflow/example_dags/example_trigger_target_dag.py
[2025-05-31 11:06:36,166] {logging_mixin.py:109} INFO - [2025-05-31 11:06:36,166] {dag.py:2396} INFO - Sync 1 DAGs
[2025-05-31 11:06:36,202] {logging_mixin.py:109} INFO - [2025-05-31 11:06:36,202] {dag.py:2935} INFO - Setting next_dagrun for example_trigger_target_dag to None
[2025-05-31 11:06:36,217] {processor.py:171} INFO - Processing /home/airflow/.local/lib/python3.6/site-packages/airflow/example_dags/example_trigger_target_dag.py took 0.151 seconds
[2025-05-31 11:07:06,588] {processor.py:163} INFO - Started process (PID=7831) to work on /home/airflow/.local/lib/python3.6/site-packages/airflow/example_dags/example_trigger_target_dag.py
[2025-05-31 11:07:06,590] {processor.py:642} INFO - Processing file /home/airflow/.local/lib/python3.6/site-packages/airflow/example_dags/example_trigger_target_dag.py for tasks to queue
[2025-05-31 11:07:06,592] {logging_mixin.py:109} INFO - [2025-05-31 11:07:06,592] {dagbag.py:500} INFO - Filling up the DagBag from /home/airflow/.local/lib/python3.6/site-packages/airflow/example_dags/example_trigger_target_dag.py
[2025-05-31 11:07:06,635] {processor.py:654} INFO - DAG(s) dict_keys(['example_trigger_target_dag']) retrieved from /home/airflow/.local/lib/python3.6/site-packages/airflow/example_dags/example_trigger_target_dag.py
[2025-05-31 11:07:06,648] {logging_mixin.py:109} INFO - [2025-05-31 11:07:06,648] {dag.py:2396} INFO - Sync 1 DAGs
[2025-05-31 11:07:06,674] {logging_mixin.py:109} INFO - [2025-05-31 11:07:06,674] {dag.py:2935} INFO - Setting next_dagrun for example_trigger_target_dag to None
[2025-05-31 11:07:06,688] {processor.py:171} INFO - Processing /home/airflow/.local/lib/python3.6/site-packages/airflow/example_dags/example_trigger_target_dag.py took 0.105 seconds
[2025-05-31 11:07:37,261] {processor.py:163} INFO - Started process (PID=8020) to work on /home/airflow/.local/lib/python3.6/site-packages/airflow/example_dags/example_trigger_target_dag.py
[2025-05-31 11:07:37,264] {processor.py:642} INFO - Processing file /home/airflow/.local/lib/python3.6/site-packages/airflow/example_dags/example_trigger_target_dag.py for tasks to queue
[2025-05-31 11:07:37,265] {logging_mixin.py:109} INFO - [2025-05-31 11:07:37,265] {dagbag.py:500} INFO - Filling up the DagBag from /home/airflow/.local/lib/python3.6/site-packages/airflow/example_dags/example_trigger_target_dag.py
[2025-05-31 11:07:37,322] {processor.py:654} INFO - DAG(s) dict_keys(['example_trigger_target_dag']) retrieved from /home/airflow/.local/lib/python3.6/site-packages/airflow/example_dags/example_trigger_target_dag.py
[2025-05-31 11:07:37,339] {logging_mixin.py:109} INFO - [2025-05-31 11:07:37,339] {dag.py:2396} INFO - Sync 1 DAGs
[2025-05-31 11:07:37,373] {logging_mixin.py:109} INFO - [2025-05-31 11:07:37,373] {dag.py:2935} INFO - Setting next_dagrun for example_trigger_target_dag to None
[2025-05-31 11:07:37,391] {processor.py:171} INFO - Processing /home/airflow/.local/lib/python3.6/site-packages/airflow/example_dags/example_trigger_target_dag.py took 0.137 seconds
[2025-05-31 11:08:07,589] {processor.py:163} INFO - Started process (PID=8201) to work on /home/airflow/.local/lib/python3.6/site-packages/airflow/example_dags/example_trigger_target_dag.py
[2025-05-31 11:08:07,591] {processor.py:642} INFO - Processing file /home/airflow/.local/lib/python3.6/site-packages/airflow/example_dags/example_trigger_target_dag.py for tasks to queue
[2025-05-31 11:08:07,592] {logging_mixin.py:109} INFO - [2025-05-31 11:08:07,592] {dagbag.py:500} INFO - Filling up the DagBag from /home/airflow/.local/lib/python3.6/site-packages/airflow/example_dags/example_trigger_target_dag.py
[2025-05-31 11:08:07,638] {processor.py:654} INFO - DAG(s) dict_keys(['example_trigger_target_dag']) retrieved from /home/airflow/.local/lib/python3.6/site-packages/airflow/example_dags/example_trigger_target_dag.py
[2025-05-31 11:08:07,653] {logging_mixin.py:109} INFO - [2025-05-31 11:08:07,653] {dag.py:2396} INFO - Sync 1 DAGs
[2025-05-31 11:08:07,679] {logging_mixin.py:109} INFO - [2025-05-31 11:08:07,679] {dag.py:2935} INFO - Setting next_dagrun for example_trigger_target_dag to None
[2025-05-31 11:08:07,695] {processor.py:171} INFO - Processing /home/airflow/.local/lib/python3.6/site-packages/airflow/example_dags/example_trigger_target_dag.py took 0.111 seconds
[2025-05-31 11:08:38,439] {processor.py:163} INFO - Started process (PID=8381) to work on /home/airflow/.local/lib/python3.6/site-packages/airflow/example_dags/example_trigger_target_dag.py
[2025-05-31 11:08:38,440] {processor.py:642} INFO - Processing file /home/airflow/.local/lib/python3.6/site-packages/airflow/example_dags/example_trigger_target_dag.py for tasks to queue
[2025-05-31 11:08:38,442] {logging_mixin.py:109} INFO - [2025-05-31 11:08:38,441] {dagbag.py:500} INFO - Filling up the DagBag from /home/airflow/.local/lib/python3.6/site-packages/airflow/example_dags/example_trigger_target_dag.py
[2025-05-31 11:08:38,487] {processor.py:654} INFO - DAG(s) dict_keys(['example_trigger_target_dag']) retrieved from /home/airflow/.local/lib/python3.6/site-packages/airflow/example_dags/example_trigger_target_dag.py
[2025-05-31 11:08:38,503] {logging_mixin.py:109} INFO - [2025-05-31 11:08:38,502] {dag.py:2396} INFO - Sync 1 DAGs
[2025-05-31 11:08:38,528] {logging_mixin.py:109} INFO - [2025-05-31 11:08:38,527] {dag.py:2935} INFO - Setting next_dagrun for example_trigger_target_dag to None
[2025-05-31 11:08:38,542] {processor.py:171} INFO - Processing /home/airflow/.local/lib/python3.6/site-packages/airflow/example_dags/example_trigger_target_dag.py took 0.108 seconds
[2025-05-31 11:09:09,598] {processor.py:163} INFO - Started process (PID=8571) to work on /home/airflow/.local/lib/python3.6/site-packages/airflow/example_dags/example_trigger_target_dag.py
[2025-05-31 11:09:09,600] {processor.py:642} INFO - Processing file /home/airflow/.local/lib/python3.6/site-packages/airflow/example_dags/example_trigger_target_dag.py for tasks to queue
[2025-05-31 11:09:09,602] {logging_mixin.py:109} INFO - [2025-05-31 11:09:09,602] {dagbag.py:500} INFO - Filling up the DagBag from /home/airflow/.local/lib/python3.6/site-packages/airflow/example_dags/example_trigger_target_dag.py
[2025-05-31 11:09:09,659] {processor.py:654} INFO - DAG(s) dict_keys(['example_trigger_target_dag']) retrieved from /home/airflow/.local/lib/python3.6/site-packages/airflow/example_dags/example_trigger_target_dag.py
[2025-05-31 11:09:09,678] {logging_mixin.py:109} INFO - [2025-05-31 11:09:09,678] {dag.py:2396} INFO - Sync 1 DAGs
[2025-05-31 11:09:09,707] {logging_mixin.py:109} INFO - [2025-05-31 11:09:09,707] {dag.py:2935} INFO - Setting next_dagrun for example_trigger_target_dag to None
[2025-05-31 11:09:09,720] {processor.py:171} INFO - Processing /home/airflow/.local/lib/python3.6/site-packages/airflow/example_dags/example_trigger_target_dag.py took 0.128 seconds
[2025-05-31 11:09:40,178] {processor.py:163} INFO - Started process (PID=8750) to work on /home/airflow/.local/lib/python3.6/site-packages/airflow/example_dags/example_trigger_target_dag.py
[2025-05-31 11:09:40,180] {processor.py:642} INFO - Processing file /home/airflow/.local/lib/python3.6/site-packages/airflow/example_dags/example_trigger_target_dag.py for tasks to queue
[2025-05-31 11:09:40,181] {logging_mixin.py:109} INFO - [2025-05-31 11:09:40,181] {dagbag.py:500} INFO - Filling up the DagBag from /home/airflow/.local/lib/python3.6/site-packages/airflow/example_dags/example_trigger_target_dag.py
[2025-05-31 11:09:40,239] {processor.py:654} INFO - DAG(s) dict_keys(['example_trigger_target_dag']) retrieved from /home/airflow/.local/lib/python3.6/site-packages/airflow/example_dags/example_trigger_target_dag.py
[2025-05-31 11:09:40,260] {logging_mixin.py:109} INFO - [2025-05-31 11:09:40,260] {dag.py:2396} INFO - Sync 1 DAGs
[2025-05-31 11:09:40,296] {logging_mixin.py:109} INFO - [2025-05-31 11:09:40,295] {dag.py:2935} INFO - Setting next_dagrun for example_trigger_target_dag to None
[2025-05-31 11:09:40,313] {processor.py:171} INFO - Processing /home/airflow/.local/lib/python3.6/site-packages/airflow/example_dags/example_trigger_target_dag.py took 0.141 seconds
[2025-05-31 11:10:11,000] {processor.py:163} INFO - Started process (PID=8930) to work on /home/airflow/.local/lib/python3.6/site-packages/airflow/example_dags/example_trigger_target_dag.py
[2025-05-31 11:10:11,002] {processor.py:642} INFO - Processing file /home/airflow/.local/lib/python3.6/site-packages/airflow/example_dags/example_trigger_target_dag.py for tasks to queue
[2025-05-31 11:10:11,004] {logging_mixin.py:109} INFO - [2025-05-31 11:10:11,003] {dagbag.py:500} INFO - Filling up the DagBag from /home/airflow/.local/lib/python3.6/site-packages/airflow/example_dags/example_trigger_target_dag.py
[2025-05-31 11:10:11,047] {processor.py:654} INFO - DAG(s) dict_keys(['example_trigger_target_dag']) retrieved from /home/airflow/.local/lib/python3.6/site-packages/airflow/example_dags/example_trigger_target_dag.py
[2025-05-31 11:10:11,062] {logging_mixin.py:109} INFO - [2025-05-31 11:10:11,062] {dag.py:2396} INFO - Sync 1 DAGs
[2025-05-31 11:10:11,089] {logging_mixin.py:109} INFO - [2025-05-31 11:10:11,089] {dag.py:2935} INFO - Setting next_dagrun for example_trigger_target_dag to None
[2025-05-31 11:10:11,102] {processor.py:171} INFO - Processing /home/airflow/.local/lib/python3.6/site-packages/airflow/example_dags/example_trigger_target_dag.py took 0.106 seconds
[2025-05-31 11:10:43,130] {processor.py:163} INFO - Started process (PID=9120) to work on /home/airflow/.local/lib/python3.6/site-packages/airflow/example_dags/example_trigger_target_dag.py
[2025-05-31 11:10:43,133] {processor.py:642} INFO - Processing file /home/airflow/.local/lib/python3.6/site-packages/airflow/example_dags/example_trigger_target_dag.py for tasks to queue
[2025-05-31 11:10:43,135] {logging_mixin.py:109} INFO - [2025-05-31 11:10:43,135] {dagbag.py:500} INFO - Filling up the DagBag from /home/airflow/.local/lib/python3.6/site-packages/airflow/example_dags/example_trigger_target_dag.py
[2025-05-31 11:10:43,227] {processor.py:654} INFO - DAG(s) dict_keys(['example_trigger_target_dag']) retrieved from /home/airflow/.local/lib/python3.6/site-packages/airflow/example_dags/example_trigger_target_dag.py
[2025-05-31 11:10:43,261] {logging_mixin.py:109} INFO - [2025-05-31 11:10:43,261] {dag.py:2396} INFO - Sync 1 DAGs
[2025-05-31 11:10:43,333] {logging_mixin.py:109} INFO - [2025-05-31 11:10:43,333] {dag.py:2935} INFO - Setting next_dagrun for example_trigger_target_dag to None
[2025-05-31 11:10:43,603] {processor.py:171} INFO - Processing /home/airflow/.local/lib/python3.6/site-packages/airflow/example_dags/example_trigger_target_dag.py took 0.481 seconds
[2025-05-31 11:11:14,898] {processor.py:163} INFO - Started process (PID=9305) to work on /home/airflow/.local/lib/python3.6/site-packages/airflow/example_dags/example_trigger_target_dag.py
[2025-05-31 11:11:14,900] {processor.py:642} INFO - Processing file /home/airflow/.local/lib/python3.6/site-packages/airflow/example_dags/example_trigger_target_dag.py for tasks to queue
[2025-05-31 11:11:14,901] {logging_mixin.py:109} INFO - [2025-05-31 11:11:14,901] {dagbag.py:500} INFO - Filling up the DagBag from /home/airflow/.local/lib/python3.6/site-packages/airflow/example_dags/example_trigger_target_dag.py
[2025-05-31 11:11:14,947] {processor.py:654} INFO - DAG(s) dict_keys(['example_trigger_target_dag']) retrieved from /home/airflow/.local/lib/python3.6/site-packages/airflow/example_dags/example_trigger_target_dag.py
[2025-05-31 11:11:14,965] {logging_mixin.py:109} INFO - [2025-05-31 11:11:14,965] {dag.py:2396} INFO - Sync 1 DAGs
[2025-05-31 11:11:15,089] {logging_mixin.py:109} INFO - [2025-05-31 11:11:15,089] {dag.py:2935} INFO - Setting next_dagrun for example_trigger_target_dag to None
[2025-05-31 11:11:15,104] {processor.py:171} INFO - Processing /home/airflow/.local/lib/python3.6/site-packages/airflow/example_dags/example_trigger_target_dag.py took 0.211 seconds
[2025-05-31 11:11:45,496] {processor.py:163} INFO - Started process (PID=9485) to work on /home/airflow/.local/lib/python3.6/site-packages/airflow/example_dags/example_trigger_target_dag.py
[2025-05-31 11:11:45,499] {processor.py:642} INFO - Processing file /home/airflow/.local/lib/python3.6/site-packages/airflow/example_dags/example_trigger_target_dag.py for tasks to queue
[2025-05-31 11:11:45,500] {logging_mixin.py:109} INFO - [2025-05-31 11:11:45,500] {dagbag.py:500} INFO - Filling up the DagBag from /home/airflow/.local/lib/python3.6/site-packages/airflow/example_dags/example_trigger_target_dag.py
[2025-05-31 11:11:45,551] {processor.py:654} INFO - DAG(s) dict_keys(['example_trigger_target_dag']) retrieved from /home/airflow/.local/lib/python3.6/site-packages/airflow/example_dags/example_trigger_target_dag.py
[2025-05-31 11:11:45,567] {logging_mixin.py:109} INFO - [2025-05-31 11:11:45,567] {dag.py:2396} INFO - Sync 1 DAGs
[2025-05-31 11:11:45,682] {logging_mixin.py:109} INFO - [2025-05-31 11:11:45,682] {dag.py:2935} INFO - Setting next_dagrun for example_trigger_target_dag to None
[2025-05-31 11:11:45,696] {processor.py:171} INFO - Processing /home/airflow/.local/lib/python3.6/site-packages/airflow/example_dags/example_trigger_target_dag.py took 0.204 seconds
[2025-05-31 11:12:17,022] {processor.py:163} INFO - Started process (PID=9680) to work on /home/airflow/.local/lib/python3.6/site-packages/airflow/example_dags/example_trigger_target_dag.py
[2025-05-31 11:12:17,024] {processor.py:642} INFO - Processing file /home/airflow/.local/lib/python3.6/site-packages/airflow/example_dags/example_trigger_target_dag.py for tasks to queue
[2025-05-31 11:12:17,025] {logging_mixin.py:109} INFO - [2025-05-31 11:12:17,025] {dagbag.py:500} INFO - Filling up the DagBag from /home/airflow/.local/lib/python3.6/site-packages/airflow/example_dags/example_trigger_target_dag.py
[2025-05-31 11:12:17,076] {processor.py:654} INFO - DAG(s) dict_keys(['example_trigger_target_dag']) retrieved from /home/airflow/.local/lib/python3.6/site-packages/airflow/example_dags/example_trigger_target_dag.py
[2025-05-31 11:12:17,199] {logging_mixin.py:109} INFO - [2025-05-31 11:12:17,199] {dag.py:2396} INFO - Sync 1 DAGs
[2025-05-31 11:12:17,223] {logging_mixin.py:109} INFO - [2025-05-31 11:12:17,223] {dag.py:2935} INFO - Setting next_dagrun for example_trigger_target_dag to None
[2025-05-31 11:12:17,238] {processor.py:171} INFO - Processing /home/airflow/.local/lib/python3.6/site-packages/airflow/example_dags/example_trigger_target_dag.py took 0.221 seconds
[2025-05-31 11:12:47,781] {processor.py:163} INFO - Started process (PID=9860) to work on /home/airflow/.local/lib/python3.6/site-packages/airflow/example_dags/example_trigger_target_dag.py
[2025-05-31 11:12:47,782] {processor.py:642} INFO - Processing file /home/airflow/.local/lib/python3.6/site-packages/airflow/example_dags/example_trigger_target_dag.py for tasks to queue
[2025-05-31 11:12:47,784] {logging_mixin.py:109} INFO - [2025-05-31 11:12:47,784] {dagbag.py:500} INFO - Filling up the DagBag from /home/airflow/.local/lib/python3.6/site-packages/airflow/example_dags/example_trigger_target_dag.py
[2025-05-31 11:12:47,928] {processor.py:654} INFO - DAG(s) dict_keys(['example_trigger_target_dag']) retrieved from /home/airflow/.local/lib/python3.6/site-packages/airflow/example_dags/example_trigger_target_dag.py
[2025-05-31 11:12:47,957] {logging_mixin.py:109} INFO - [2025-05-31 11:12:47,956] {dag.py:2396} INFO - Sync 1 DAGs
[2025-05-31 11:12:47,986] {logging_mixin.py:109} INFO - [2025-05-31 11:12:47,986] {dag.py:2935} INFO - Setting next_dagrun for example_trigger_target_dag to None
[2025-05-31 11:12:48,005] {processor.py:171} INFO - Processing /home/airflow/.local/lib/python3.6/site-packages/airflow/example_dags/example_trigger_target_dag.py took 0.230 seconds
[2025-05-31 11:13:18,579] {processor.py:163} INFO - Started process (PID=10035) to work on /home/airflow/.local/lib/python3.6/site-packages/airflow/example_dags/example_trigger_target_dag.py
[2025-05-31 11:13:18,581] {processor.py:642} INFO - Processing file /home/airflow/.local/lib/python3.6/site-packages/airflow/example_dags/example_trigger_target_dag.py for tasks to queue
[2025-05-31 11:13:18,582] {logging_mixin.py:109} INFO - [2025-05-31 11:13:18,582] {dagbag.py:500} INFO - Filling up the DagBag from /home/airflow/.local/lib/python3.6/site-packages/airflow/example_dags/example_trigger_target_dag.py
[2025-05-31 11:13:18,726] {processor.py:654} INFO - DAG(s) dict_keys(['example_trigger_target_dag']) retrieved from /home/airflow/.local/lib/python3.6/site-packages/airflow/example_dags/example_trigger_target_dag.py
[2025-05-31 11:13:18,739] {logging_mixin.py:109} INFO - [2025-05-31 11:13:18,739] {dag.py:2396} INFO - Sync 1 DAGs
[2025-05-31 11:13:18,760] {logging_mixin.py:109} INFO - [2025-05-31 11:13:18,759] {dag.py:2935} INFO - Setting next_dagrun for example_trigger_target_dag to None
[2025-05-31 11:13:18,774] {processor.py:171} INFO - Processing /home/airflow/.local/lib/python3.6/site-packages/airflow/example_dags/example_trigger_target_dag.py took 0.200 seconds
[2025-05-31 11:13:50,610] {processor.py:163} INFO - Started process (PID=10230) to work on /home/airflow/.local/lib/python3.6/site-packages/airflow/example_dags/example_trigger_target_dag.py
[2025-05-31 11:13:50,612] {processor.py:642} INFO - Processing file /home/airflow/.local/lib/python3.6/site-packages/airflow/example_dags/example_trigger_target_dag.py for tasks to queue
[2025-05-31 11:13:50,613] {logging_mixin.py:109} INFO - [2025-05-31 11:13:50,613] {dagbag.py:500} INFO - Filling up the DagBag from /home/airflow/.local/lib/python3.6/site-packages/airflow/example_dags/example_trigger_target_dag.py
[2025-05-31 11:13:50,782] {processor.py:654} INFO - DAG(s) dict_keys(['example_trigger_target_dag']) retrieved from /home/airflow/.local/lib/python3.6/site-packages/airflow/example_dags/example_trigger_target_dag.py
[2025-05-31 11:13:50,796] {logging_mixin.py:109} INFO - [2025-05-31 11:13:50,796] {dag.py:2396} INFO - Sync 1 DAGs
[2025-05-31 11:13:50,820] {logging_mixin.py:109} INFO - [2025-05-31 11:13:50,819] {dag.py:2935} INFO - Setting next_dagrun for example_trigger_target_dag to None
[2025-05-31 11:13:50,834] {processor.py:171} INFO - Processing /home/airflow/.local/lib/python3.6/site-packages/airflow/example_dags/example_trigger_target_dag.py took 0.230 seconds
[2025-05-31 11:14:21,192] {processor.py:163} INFO - Started process (PID=10410) to work on /home/airflow/.local/lib/python3.6/site-packages/airflow/example_dags/example_trigger_target_dag.py
[2025-05-31 11:14:21,194] {processor.py:642} INFO - Processing file /home/airflow/.local/lib/python3.6/site-packages/airflow/example_dags/example_trigger_target_dag.py for tasks to queue
[2025-05-31 11:14:21,195] {logging_mixin.py:109} INFO - [2025-05-31 11:14:21,195] {dagbag.py:500} INFO - Filling up the DagBag from /home/airflow/.local/lib/python3.6/site-packages/airflow/example_dags/example_trigger_target_dag.py
[2025-05-31 11:14:21,331] {processor.py:654} INFO - DAG(s) dict_keys(['example_trigger_target_dag']) retrieved from /home/airflow/.local/lib/python3.6/site-packages/airflow/example_dags/example_trigger_target_dag.py
[2025-05-31 11:14:21,345] {logging_mixin.py:109} INFO - [2025-05-31 11:14:21,345] {dag.py:2396} INFO - Sync 1 DAGs
[2025-05-31 11:14:21,365] {logging_mixin.py:109} INFO - [2025-05-31 11:14:21,364] {dag.py:2935} INFO - Setting next_dagrun for example_trigger_target_dag to None
[2025-05-31 11:14:21,376] {processor.py:171} INFO - Processing /home/airflow/.local/lib/python3.6/site-packages/airflow/example_dags/example_trigger_target_dag.py took 0.189 seconds
[2025-05-31 11:14:52,339] {processor.py:163} INFO - Started process (PID=10590) to work on /home/airflow/.local/lib/python3.6/site-packages/airflow/example_dags/example_trigger_target_dag.py
[2025-05-31 11:14:52,342] {processor.py:642} INFO - Processing file /home/airflow/.local/lib/python3.6/site-packages/airflow/example_dags/example_trigger_target_dag.py for tasks to queue
[2025-05-31 11:14:52,343] {logging_mixin.py:109} INFO - [2025-05-31 11:14:52,343] {dagbag.py:500} INFO - Filling up the DagBag from /home/airflow/.local/lib/python3.6/site-packages/airflow/example_dags/example_trigger_target_dag.py
[2025-05-31 11:14:52,528] {processor.py:654} INFO - DAG(s) dict_keys(['example_trigger_target_dag']) retrieved from /home/airflow/.local/lib/python3.6/site-packages/airflow/example_dags/example_trigger_target_dag.py
[2025-05-31 11:14:52,554] {logging_mixin.py:109} INFO - [2025-05-31 11:14:52,554] {dag.py:2396} INFO - Sync 1 DAGs
[2025-05-31 11:14:52,585] {logging_mixin.py:109} INFO - [2025-05-31 11:14:52,584] {dag.py:2935} INFO - Setting next_dagrun for example_trigger_target_dag to None
[2025-05-31 11:14:52,601] {processor.py:171} INFO - Processing /home/airflow/.local/lib/python3.6/site-packages/airflow/example_dags/example_trigger_target_dag.py took 0.269 seconds
[2025-05-31 11:15:24,337] {processor.py:163} INFO - Started process (PID=10781) to work on /home/airflow/.local/lib/python3.6/site-packages/airflow/example_dags/example_trigger_target_dag.py
[2025-05-31 11:15:24,340] {processor.py:642} INFO - Processing file /home/airflow/.local/lib/python3.6/site-packages/airflow/example_dags/example_trigger_target_dag.py for tasks to queue
[2025-05-31 11:15:24,342] {logging_mixin.py:109} INFO - [2025-05-31 11:15:24,342] {dagbag.py:500} INFO - Filling up the DagBag from /home/airflow/.local/lib/python3.6/site-packages/airflow/example_dags/example_trigger_target_dag.py
[2025-05-31 11:15:24,513] {processor.py:654} INFO - DAG(s) dict_keys(['example_trigger_target_dag']) retrieved from /home/airflow/.local/lib/python3.6/site-packages/airflow/example_dags/example_trigger_target_dag.py
[2025-05-31 11:15:24,527] {logging_mixin.py:109} INFO - [2025-05-31 11:15:24,527] {dag.py:2396} INFO - Sync 1 DAGs
[2025-05-31 11:15:24,553] {logging_mixin.py:109} INFO - [2025-05-31 11:15:24,553] {dag.py:2935} INFO - Setting next_dagrun for example_trigger_target_dag to None
[2025-05-31 11:15:24,568] {processor.py:171} INFO - Processing /home/airflow/.local/lib/python3.6/site-packages/airflow/example_dags/example_trigger_target_dag.py took 0.237 seconds
[2025-05-31 11:15:54,917] {processor.py:163} INFO - Started process (PID=10979) to work on /home/airflow/.local/lib/python3.6/site-packages/airflow/example_dags/example_trigger_target_dag.py
[2025-05-31 11:15:54,920] {processor.py:642} INFO - Processing file /home/airflow/.local/lib/python3.6/site-packages/airflow/example_dags/example_trigger_target_dag.py for tasks to queue
[2025-05-31 11:15:54,921] {logging_mixin.py:109} INFO - [2025-05-31 11:15:54,921] {dagbag.py:500} INFO - Filling up the DagBag from /home/airflow/.local/lib/python3.6/site-packages/airflow/example_dags/example_trigger_target_dag.py
[2025-05-31 11:15:54,971] {processor.py:654} INFO - DAG(s) dict_keys(['example_trigger_target_dag']) retrieved from /home/airflow/.local/lib/python3.6/site-packages/airflow/example_dags/example_trigger_target_dag.py
[2025-05-31 11:15:54,985] {logging_mixin.py:109} INFO - [2025-05-31 11:15:54,985] {dag.py:2396} INFO - Sync 1 DAGs
[2025-05-31 11:15:55,011] {logging_mixin.py:109} INFO - [2025-05-31 11:15:55,011] {dag.py:2935} INFO - Setting next_dagrun for example_trigger_target_dag to None
[2025-05-31 11:15:55,028] {processor.py:171} INFO - Processing /home/airflow/.local/lib/python3.6/site-packages/airflow/example_dags/example_trigger_target_dag.py took 0.118 seconds
[2025-05-31 11:16:26,099] {processor.py:163} INFO - Started process (PID=11189) to work on /home/airflow/.local/lib/python3.6/site-packages/airflow/example_dags/example_trigger_target_dag.py
[2025-05-31 11:16:26,101] {processor.py:642} INFO - Processing file /home/airflow/.local/lib/python3.6/site-packages/airflow/example_dags/example_trigger_target_dag.py for tasks to queue
[2025-05-31 11:16:26,102] {logging_mixin.py:109} INFO - [2025-05-31 11:16:26,102] {dagbag.py:500} INFO - Filling up the DagBag from /home/airflow/.local/lib/python3.6/site-packages/airflow/example_dags/example_trigger_target_dag.py
[2025-05-31 11:16:26,151] {processor.py:654} INFO - DAG(s) dict_keys(['example_trigger_target_dag']) retrieved from /home/airflow/.local/lib/python3.6/site-packages/airflow/example_dags/example_trigger_target_dag.py
[2025-05-31 11:16:26,168] {logging_mixin.py:109} INFO - [2025-05-31 11:16:26,168] {dag.py:2396} INFO - Sync 1 DAGs
[2025-05-31 11:16:26,193] {logging_mixin.py:109} INFO - [2025-05-31 11:16:26,193] {dag.py:2935} INFO - Setting next_dagrun for example_trigger_target_dag to None
[2025-05-31 11:16:26,208] {processor.py:171} INFO - Processing /home/airflow/.local/lib/python3.6/site-packages/airflow/example_dags/example_trigger_target_dag.py took 0.115 seconds
[2025-05-31 11:16:57,091] {processor.py:163} INFO - Started process (PID=11384) to work on /home/airflow/.local/lib/python3.6/site-packages/airflow/example_dags/example_trigger_target_dag.py
[2025-05-31 11:16:57,093] {processor.py:642} INFO - Processing file /home/airflow/.local/lib/python3.6/site-packages/airflow/example_dags/example_trigger_target_dag.py for tasks to queue
[2025-05-31 11:16:57,094] {logging_mixin.py:109} INFO - [2025-05-31 11:16:57,094] {dagbag.py:500} INFO - Filling up the DagBag from /home/airflow/.local/lib/python3.6/site-packages/airflow/example_dags/example_trigger_target_dag.py
[2025-05-31 11:16:57,144] {processor.py:654} INFO - DAG(s) dict_keys(['example_trigger_target_dag']) retrieved from /home/airflow/.local/lib/python3.6/site-packages/airflow/example_dags/example_trigger_target_dag.py
[2025-05-31 11:16:57,161] {logging_mixin.py:109} INFO - [2025-05-31 11:16:57,161] {dag.py:2396} INFO - Sync 1 DAGs
[2025-05-31 11:16:57,187] {logging_mixin.py:109} INFO - [2025-05-31 11:16:57,187] {dag.py:2935} INFO - Setting next_dagrun for example_trigger_target_dag to None
[2025-05-31 11:16:57,200] {processor.py:171} INFO - Processing /home/airflow/.local/lib/python3.6/site-packages/airflow/example_dags/example_trigger_target_dag.py took 0.115 seconds
[2025-05-31 11:17:27,479] {processor.py:163} INFO - Started process (PID=11569) to work on /home/airflow/.local/lib/python3.6/site-packages/airflow/example_dags/example_trigger_target_dag.py
[2025-05-31 11:17:27,481] {processor.py:642} INFO - Processing file /home/airflow/.local/lib/python3.6/site-packages/airflow/example_dags/example_trigger_target_dag.py for tasks to queue
[2025-05-31 11:17:27,483] {logging_mixin.py:109} INFO - [2025-05-31 11:17:27,482] {dagbag.py:500} INFO - Filling up the DagBag from /home/airflow/.local/lib/python3.6/site-packages/airflow/example_dags/example_trigger_target_dag.py
[2025-05-31 11:17:27,533] {processor.py:654} INFO - DAG(s) dict_keys(['example_trigger_target_dag']) retrieved from /home/airflow/.local/lib/python3.6/site-packages/airflow/example_dags/example_trigger_target_dag.py
[2025-05-31 11:17:27,548] {logging_mixin.py:109} INFO - [2025-05-31 11:17:27,548] {dag.py:2396} INFO - Sync 1 DAGs
[2025-05-31 11:17:27,572] {logging_mixin.py:109} INFO - [2025-05-31 11:17:27,572] {dag.py:2935} INFO - Setting next_dagrun for example_trigger_target_dag to None
[2025-05-31 11:17:27,585] {processor.py:171} INFO - Processing /home/airflow/.local/lib/python3.6/site-packages/airflow/example_dags/example_trigger_target_dag.py took 0.111 seconds
[2025-05-31 11:17:58,630] {processor.py:163} INFO - Started process (PID=11756) to work on /home/airflow/.local/lib/python3.6/site-packages/airflow/example_dags/example_trigger_target_dag.py
[2025-05-31 11:17:58,632] {processor.py:642} INFO - Processing file /home/airflow/.local/lib/python3.6/site-packages/airflow/example_dags/example_trigger_target_dag.py for tasks to queue
[2025-05-31 11:17:58,634] {logging_mixin.py:109} INFO - [2025-05-31 11:17:58,633] {dagbag.py:500} INFO - Filling up the DagBag from /home/airflow/.local/lib/python3.6/site-packages/airflow/example_dags/example_trigger_target_dag.py
[2025-05-31 11:17:58,689] {processor.py:654} INFO - DAG(s) dict_keys(['example_trigger_target_dag']) retrieved from /home/airflow/.local/lib/python3.6/site-packages/airflow/example_dags/example_trigger_target_dag.py
[2025-05-31 11:17:58,709] {logging_mixin.py:109} INFO - [2025-05-31 11:17:58,709] {dag.py:2396} INFO - Sync 1 DAGs
[2025-05-31 11:17:58,742] {logging_mixin.py:109} INFO - [2025-05-31 11:17:58,742] {dag.py:2935} INFO - Setting next_dagrun for example_trigger_target_dag to None
[2025-05-31 11:17:58,759] {processor.py:171} INFO - Processing /home/airflow/.local/lib/python3.6/site-packages/airflow/example_dags/example_trigger_target_dag.py took 0.133 seconds
[2025-05-31 11:18:29,078] {processor.py:163} INFO - Started process (PID=11950) to work on /home/airflow/.local/lib/python3.6/site-packages/airflow/example_dags/example_trigger_target_dag.py
[2025-05-31 11:18:29,079] {processor.py:642} INFO - Processing file /home/airflow/.local/lib/python3.6/site-packages/airflow/example_dags/example_trigger_target_dag.py for tasks to queue
[2025-05-31 11:18:29,081] {logging_mixin.py:109} INFO - [2025-05-31 11:18:29,081] {dagbag.py:500} INFO - Filling up the DagBag from /home/airflow/.local/lib/python3.6/site-packages/airflow/example_dags/example_trigger_target_dag.py
[2025-05-31 11:18:29,131] {processor.py:654} INFO - DAG(s) dict_keys(['example_trigger_target_dag']) retrieved from /home/airflow/.local/lib/python3.6/site-packages/airflow/example_dags/example_trigger_target_dag.py
[2025-05-31 11:18:29,146] {logging_mixin.py:109} INFO - [2025-05-31 11:18:29,146] {dag.py:2396} INFO - Sync 1 DAGs
[2025-05-31 11:18:29,173] {logging_mixin.py:109} INFO - [2025-05-31 11:18:29,173] {dag.py:2935} INFO - Setting next_dagrun for example_trigger_target_dag to None
[2025-05-31 11:18:29,188] {processor.py:171} INFO - Processing /home/airflow/.local/lib/python3.6/site-packages/airflow/example_dags/example_trigger_target_dag.py took 0.116 seconds
[2025-05-31 11:19:00,490] {processor.py:163} INFO - Started process (PID=12134) to work on /home/airflow/.local/lib/python3.6/site-packages/airflow/example_dags/example_trigger_target_dag.py
[2025-05-31 11:19:00,493] {processor.py:642} INFO - Processing file /home/airflow/.local/lib/python3.6/site-packages/airflow/example_dags/example_trigger_target_dag.py for tasks to queue
[2025-05-31 11:19:00,494] {logging_mixin.py:109} INFO - [2025-05-31 11:19:00,494] {dagbag.py:500} INFO - Filling up the DagBag from /home/airflow/.local/lib/python3.6/site-packages/airflow/example_dags/example_trigger_target_dag.py
[2025-05-31 11:19:00,567] {processor.py:654} INFO - DAG(s) dict_keys(['example_trigger_target_dag']) retrieved from /home/airflow/.local/lib/python3.6/site-packages/airflow/example_dags/example_trigger_target_dag.py
[2025-05-31 11:19:00,592] {logging_mixin.py:109} INFO - [2025-05-31 11:19:00,591] {dag.py:2396} INFO - Sync 1 DAGs
[2025-05-31 11:19:00,637] {logging_mixin.py:109} INFO - [2025-05-31 11:19:00,637] {dag.py:2935} INFO - Setting next_dagrun for example_trigger_target_dag to None
[2025-05-31 11:19:00,656] {processor.py:171} INFO - Processing /home/airflow/.local/lib/python3.6/site-packages/airflow/example_dags/example_trigger_target_dag.py took 0.173 seconds
[2025-05-31 11:19:31,155] {processor.py:163} INFO - Started process (PID=12319) to work on /home/airflow/.local/lib/python3.6/site-packages/airflow/example_dags/example_trigger_target_dag.py
[2025-05-31 11:19:31,159] {processor.py:642} INFO - Processing file /home/airflow/.local/lib/python3.6/site-packages/airflow/example_dags/example_trigger_target_dag.py for tasks to queue
[2025-05-31 11:19:31,161] {logging_mixin.py:109} INFO - [2025-05-31 11:19:31,161] {dagbag.py:500} INFO - Filling up the DagBag from /home/airflow/.local/lib/python3.6/site-packages/airflow/example_dags/example_trigger_target_dag.py
[2025-05-31 11:19:31,247] {processor.py:654} INFO - DAG(s) dict_keys(['example_trigger_target_dag']) retrieved from /home/airflow/.local/lib/python3.6/site-packages/airflow/example_dags/example_trigger_target_dag.py
[2025-05-31 11:19:31,264] {logging_mixin.py:109} INFO - [2025-05-31 11:19:31,263] {dag.py:2396} INFO - Sync 1 DAGs
[2025-05-31 11:19:31,290] {logging_mixin.py:109} INFO - [2025-05-31 11:19:31,290] {dag.py:2935} INFO - Setting next_dagrun for example_trigger_target_dag to None
[2025-05-31 11:19:31,305] {processor.py:171} INFO - Processing /home/airflow/.local/lib/python3.6/site-packages/airflow/example_dags/example_trigger_target_dag.py took 0.157 seconds
[2025-05-31 11:20:02,005] {processor.py:163} INFO - Started process (PID=12514) to work on /home/airflow/.local/lib/python3.6/site-packages/airflow/example_dags/example_trigger_target_dag.py
[2025-05-31 11:20:02,007] {processor.py:642} INFO - Processing file /home/airflow/.local/lib/python3.6/site-packages/airflow/example_dags/example_trigger_target_dag.py for tasks to queue
[2025-05-31 11:20:02,008] {logging_mixin.py:109} INFO - [2025-05-31 11:20:02,008] {dagbag.py:500} INFO - Filling up the DagBag from /home/airflow/.local/lib/python3.6/site-packages/airflow/example_dags/example_trigger_target_dag.py
[2025-05-31 11:20:02,055] {processor.py:654} INFO - DAG(s) dict_keys(['example_trigger_target_dag']) retrieved from /home/airflow/.local/lib/python3.6/site-packages/airflow/example_dags/example_trigger_target_dag.py
[2025-05-31 11:20:02,072] {logging_mixin.py:109} INFO - [2025-05-31 11:20:02,072] {dag.py:2396} INFO - Sync 1 DAGs
[2025-05-31 11:20:02,098] {logging_mixin.py:109} INFO - [2025-05-31 11:20:02,098] {dag.py:2935} INFO - Setting next_dagrun for example_trigger_target_dag to None
[2025-05-31 11:20:02,111] {processor.py:171} INFO - Processing /home/airflow/.local/lib/python3.6/site-packages/airflow/example_dags/example_trigger_target_dag.py took 0.112 seconds
[2025-05-31 11:20:32,812] {processor.py:163} INFO - Started process (PID=12699) to work on /home/airflow/.local/lib/python3.6/site-packages/airflow/example_dags/example_trigger_target_dag.py
[2025-05-31 11:20:32,814] {processor.py:642} INFO - Processing file /home/airflow/.local/lib/python3.6/site-packages/airflow/example_dags/example_trigger_target_dag.py for tasks to queue
[2025-05-31 11:20:32,815] {logging_mixin.py:109} INFO - [2025-05-31 11:20:32,815] {dagbag.py:500} INFO - Filling up the DagBag from /home/airflow/.local/lib/python3.6/site-packages/airflow/example_dags/example_trigger_target_dag.py
[2025-05-31 11:20:32,881] {processor.py:654} INFO - DAG(s) dict_keys(['example_trigger_target_dag']) retrieved from /home/airflow/.local/lib/python3.6/site-packages/airflow/example_dags/example_trigger_target_dag.py
[2025-05-31 11:20:32,907] {logging_mixin.py:109} INFO - [2025-05-31 11:20:32,907] {dag.py:2396} INFO - Sync 1 DAGs
[2025-05-31 11:20:32,949] {logging_mixin.py:109} INFO - [2025-05-31 11:20:32,949] {dag.py:2935} INFO - Setting next_dagrun for example_trigger_target_dag to None
[2025-05-31 11:20:32,970] {processor.py:171} INFO - Processing /home/airflow/.local/lib/python3.6/site-packages/airflow/example_dags/example_trigger_target_dag.py took 0.163 seconds
[2025-05-31 11:21:03,328] {processor.py:163} INFO - Started process (PID=12885) to work on /home/airflow/.local/lib/python3.6/site-packages/airflow/example_dags/example_trigger_target_dag.py
[2025-05-31 11:21:03,330] {processor.py:642} INFO - Processing file /home/airflow/.local/lib/python3.6/site-packages/airflow/example_dags/example_trigger_target_dag.py for tasks to queue
[2025-05-31 11:21:03,331] {logging_mixin.py:109} INFO - [2025-05-31 11:21:03,331] {dagbag.py:500} INFO - Filling up the DagBag from /home/airflow/.local/lib/python3.6/site-packages/airflow/example_dags/example_trigger_target_dag.py
[2025-05-31 11:21:03,378] {processor.py:654} INFO - DAG(s) dict_keys(['example_trigger_target_dag']) retrieved from /home/airflow/.local/lib/python3.6/site-packages/airflow/example_dags/example_trigger_target_dag.py
[2025-05-31 11:21:03,394] {logging_mixin.py:109} INFO - [2025-05-31 11:21:03,394] {dag.py:2396} INFO - Sync 1 DAGs
[2025-05-31 11:21:03,420] {logging_mixin.py:109} INFO - [2025-05-31 11:21:03,420] {dag.py:2935} INFO - Setting next_dagrun for example_trigger_target_dag to None
[2025-05-31 11:21:03,432] {processor.py:171} INFO - Processing /home/airflow/.local/lib/python3.6/site-packages/airflow/example_dags/example_trigger_target_dag.py took 0.108 seconds
[2025-05-31 11:21:33,745] {processor.py:163} INFO - Started process (PID=13079) to work on /home/airflow/.local/lib/python3.6/site-packages/airflow/example_dags/example_trigger_target_dag.py
[2025-05-31 11:21:33,748] {processor.py:642} INFO - Processing file /home/airflow/.local/lib/python3.6/site-packages/airflow/example_dags/example_trigger_target_dag.py for tasks to queue
[2025-05-31 11:21:33,749] {logging_mixin.py:109} INFO - [2025-05-31 11:21:33,749] {dagbag.py:500} INFO - Filling up the DagBag from /home/airflow/.local/lib/python3.6/site-packages/airflow/example_dags/example_trigger_target_dag.py
[2025-05-31 11:21:33,806] {processor.py:654} INFO - DAG(s) dict_keys(['example_trigger_target_dag']) retrieved from /home/airflow/.local/lib/python3.6/site-packages/airflow/example_dags/example_trigger_target_dag.py
[2025-05-31 11:21:33,823] {logging_mixin.py:109} INFO - [2025-05-31 11:21:33,823] {dag.py:2396} INFO - Sync 1 DAGs
[2025-05-31 11:21:33,854] {logging_mixin.py:109} INFO - [2025-05-31 11:21:33,854] {dag.py:2935} INFO - Setting next_dagrun for example_trigger_target_dag to None
[2025-05-31 11:21:33,874] {processor.py:171} INFO - Processing /home/airflow/.local/lib/python3.6/site-packages/airflow/example_dags/example_trigger_target_dag.py took 0.134 seconds
[2025-05-31 11:22:04,755] {processor.py:163} INFO - Started process (PID=13264) to work on /home/airflow/.local/lib/python3.6/site-packages/airflow/example_dags/example_trigger_target_dag.py
[2025-05-31 11:22:04,757] {processor.py:642} INFO - Processing file /home/airflow/.local/lib/python3.6/site-packages/airflow/example_dags/example_trigger_target_dag.py for tasks to queue
[2025-05-31 11:22:04,758] {logging_mixin.py:109} INFO - [2025-05-31 11:22:04,758] {dagbag.py:500} INFO - Filling up the DagBag from /home/airflow/.local/lib/python3.6/site-packages/airflow/example_dags/example_trigger_target_dag.py
[2025-05-31 11:22:04,797] {processor.py:654} INFO - DAG(s) dict_keys(['example_trigger_target_dag']) retrieved from /home/airflow/.local/lib/python3.6/site-packages/airflow/example_dags/example_trigger_target_dag.py
[2025-05-31 11:22:04,810] {logging_mixin.py:109} INFO - [2025-05-31 11:22:04,809] {dag.py:2396} INFO - Sync 1 DAGs
[2025-05-31 11:22:04,831] {logging_mixin.py:109} INFO - [2025-05-31 11:22:04,831] {dag.py:2935} INFO - Setting next_dagrun for example_trigger_target_dag to None
[2025-05-31 11:22:04,843] {processor.py:171} INFO - Processing /home/airflow/.local/lib/python3.6/site-packages/airflow/example_dags/example_trigger_target_dag.py took 0.092 seconds
[2025-05-31 11:22:35,295] {processor.py:163} INFO - Started process (PID=13459) to work on /home/airflow/.local/lib/python3.6/site-packages/airflow/example_dags/example_trigger_target_dag.py
[2025-05-31 11:22:35,297] {processor.py:642} INFO - Processing file /home/airflow/.local/lib/python3.6/site-packages/airflow/example_dags/example_trigger_target_dag.py for tasks to queue
[2025-05-31 11:22:35,299] {logging_mixin.py:109} INFO - [2025-05-31 11:22:35,299] {dagbag.py:500} INFO - Filling up the DagBag from /home/airflow/.local/lib/python3.6/site-packages/airflow/example_dags/example_trigger_target_dag.py
[2025-05-31 11:22:35,348] {processor.py:654} INFO - DAG(s) dict_keys(['example_trigger_target_dag']) retrieved from /home/airflow/.local/lib/python3.6/site-packages/airflow/example_dags/example_trigger_target_dag.py
[2025-05-31 11:22:35,367] {logging_mixin.py:109} INFO - [2025-05-31 11:22:35,367] {dag.py:2396} INFO - Sync 1 DAGs
[2025-05-31 11:22:35,396] {logging_mixin.py:109} INFO - [2025-05-31 11:22:35,396] {dag.py:2935} INFO - Setting next_dagrun for example_trigger_target_dag to None
[2025-05-31 11:22:35,413] {processor.py:171} INFO - Processing /home/airflow/.local/lib/python3.6/site-packages/airflow/example_dags/example_trigger_target_dag.py took 0.123 seconds
[2025-05-31 11:23:05,841] {processor.py:163} INFO - Started process (PID=13644) to work on /home/airflow/.local/lib/python3.6/site-packages/airflow/example_dags/example_trigger_target_dag.py
[2025-05-31 11:23:05,843] {processor.py:642} INFO - Processing file /home/airflow/.local/lib/python3.6/site-packages/airflow/example_dags/example_trigger_target_dag.py for tasks to queue
[2025-05-31 11:23:05,845] {logging_mixin.py:109} INFO - [2025-05-31 11:23:05,845] {dagbag.py:500} INFO - Filling up the DagBag from /home/airflow/.local/lib/python3.6/site-packages/airflow/example_dags/example_trigger_target_dag.py
[2025-05-31 11:23:05,897] {processor.py:654} INFO - DAG(s) dict_keys(['example_trigger_target_dag']) retrieved from /home/airflow/.local/lib/python3.6/site-packages/airflow/example_dags/example_trigger_target_dag.py
[2025-05-31 11:23:05,916] {logging_mixin.py:109} INFO - [2025-05-31 11:23:05,916] {dag.py:2396} INFO - Sync 1 DAGs
[2025-05-31 11:23:05,945] {logging_mixin.py:109} INFO - [2025-05-31 11:23:05,945] {dag.py:2935} INFO - Setting next_dagrun for example_trigger_target_dag to None
[2025-05-31 11:23:05,960] {processor.py:171} INFO - Processing /home/airflow/.local/lib/python3.6/site-packages/airflow/example_dags/example_trigger_target_dag.py took 0.127 seconds
[2025-05-31 11:23:36,757] {processor.py:163} INFO - Started process (PID=13831) to work on /home/airflow/.local/lib/python3.6/site-packages/airflow/example_dags/example_trigger_target_dag.py
[2025-05-31 11:23:36,759] {processor.py:642} INFO - Processing file /home/airflow/.local/lib/python3.6/site-packages/airflow/example_dags/example_trigger_target_dag.py for tasks to queue
[2025-05-31 11:23:36,760] {logging_mixin.py:109} INFO - [2025-05-31 11:23:36,760] {dagbag.py:500} INFO - Filling up the DagBag from /home/airflow/.local/lib/python3.6/site-packages/airflow/example_dags/example_trigger_target_dag.py
[2025-05-31 11:23:36,801] {processor.py:654} INFO - DAG(s) dict_keys(['example_trigger_target_dag']) retrieved from /home/airflow/.local/lib/python3.6/site-packages/airflow/example_dags/example_trigger_target_dag.py
[2025-05-31 11:23:36,815] {logging_mixin.py:109} INFO - [2025-05-31 11:23:36,814] {dag.py:2396} INFO - Sync 1 DAGs
[2025-05-31 11:23:36,836] {logging_mixin.py:109} INFO - [2025-05-31 11:23:36,836] {dag.py:2935} INFO - Setting next_dagrun for example_trigger_target_dag to None
[2025-05-31 11:23:36,848] {processor.py:171} INFO - Processing /home/airflow/.local/lib/python3.6/site-packages/airflow/example_dags/example_trigger_target_dag.py took 0.095 seconds
[2025-05-31 11:24:07,348] {processor.py:163} INFO - Started process (PID=14024) to work on /home/airflow/.local/lib/python3.6/site-packages/airflow/example_dags/example_trigger_target_dag.py
[2025-05-31 11:24:07,349] {processor.py:642} INFO - Processing file /home/airflow/.local/lib/python3.6/site-packages/airflow/example_dags/example_trigger_target_dag.py for tasks to queue
[2025-05-31 11:24:07,350] {logging_mixin.py:109} INFO - [2025-05-31 11:24:07,350] {dagbag.py:500} INFO - Filling up the DagBag from /home/airflow/.local/lib/python3.6/site-packages/airflow/example_dags/example_trigger_target_dag.py
[2025-05-31 11:24:07,391] {processor.py:654} INFO - DAG(s) dict_keys(['example_trigger_target_dag']) retrieved from /home/airflow/.local/lib/python3.6/site-packages/airflow/example_dags/example_trigger_target_dag.py
[2025-05-31 11:24:07,404] {logging_mixin.py:109} INFO - [2025-05-31 11:24:07,404] {dag.py:2396} INFO - Sync 1 DAGs
[2025-05-31 11:24:07,428] {logging_mixin.py:109} INFO - [2025-05-31 11:24:07,428] {dag.py:2935} INFO - Setting next_dagrun for example_trigger_target_dag to None
[2025-05-31 11:24:07,445] {processor.py:171} INFO - Processing /home/airflow/.local/lib/python3.6/site-packages/airflow/example_dags/example_trigger_target_dag.py took 0.101 seconds
[2025-05-31 11:24:38,142] {processor.py:163} INFO - Started process (PID=14211) to work on /home/airflow/.local/lib/python3.6/site-packages/airflow/example_dags/example_trigger_target_dag.py
[2025-05-31 11:24:38,143] {processor.py:642} INFO - Processing file /home/airflow/.local/lib/python3.6/site-packages/airflow/example_dags/example_trigger_target_dag.py for tasks to queue
[2025-05-31 11:24:38,144] {logging_mixin.py:109} INFO - [2025-05-31 11:24:38,144] {dagbag.py:500} INFO - Filling up the DagBag from /home/airflow/.local/lib/python3.6/site-packages/airflow/example_dags/example_trigger_target_dag.py
[2025-05-31 11:24:38,182] {processor.py:654} INFO - DAG(s) dict_keys(['example_trigger_target_dag']) retrieved from /home/airflow/.local/lib/python3.6/site-packages/airflow/example_dags/example_trigger_target_dag.py
[2025-05-31 11:24:38,195] {logging_mixin.py:109} INFO - [2025-05-31 11:24:38,195] {dag.py:2396} INFO - Sync 1 DAGs
[2025-05-31 11:24:38,218] {logging_mixin.py:109} INFO - [2025-05-31 11:24:38,218] {dag.py:2935} INFO - Setting next_dagrun for example_trigger_target_dag to None
[2025-05-31 11:24:38,230] {processor.py:171} INFO - Processing /home/airflow/.local/lib/python3.6/site-packages/airflow/example_dags/example_trigger_target_dag.py took 0.092 seconds
[2025-05-31 11:25:09,049] {processor.py:163} INFO - Started process (PID=14396) to work on /home/airflow/.local/lib/python3.6/site-packages/airflow/example_dags/example_trigger_target_dag.py
[2025-05-31 11:25:09,051] {processor.py:642} INFO - Processing file /home/airflow/.local/lib/python3.6/site-packages/airflow/example_dags/example_trigger_target_dag.py for tasks to queue
[2025-05-31 11:25:09,052] {logging_mixin.py:109} INFO - [2025-05-31 11:25:09,052] {dagbag.py:500} INFO - Filling up the DagBag from /home/airflow/.local/lib/python3.6/site-packages/airflow/example_dags/example_trigger_target_dag.py
[2025-05-31 11:25:09,090] {processor.py:654} INFO - DAG(s) dict_keys(['example_trigger_target_dag']) retrieved from /home/airflow/.local/lib/python3.6/site-packages/airflow/example_dags/example_trigger_target_dag.py
[2025-05-31 11:25:09,101] {logging_mixin.py:109} INFO - [2025-05-31 11:25:09,101] {dag.py:2396} INFO - Sync 1 DAGs
[2025-05-31 11:25:09,121] {logging_mixin.py:109} INFO - [2025-05-31 11:25:09,121] {dag.py:2935} INFO - Setting next_dagrun for example_trigger_target_dag to None
[2025-05-31 11:25:09,131] {processor.py:171} INFO - Processing /home/airflow/.local/lib/python3.6/site-packages/airflow/example_dags/example_trigger_target_dag.py took 0.087 seconds
[2025-05-31 11:25:40,159] {processor.py:163} INFO - Started process (PID=14589) to work on /home/airflow/.local/lib/python3.6/site-packages/airflow/example_dags/example_trigger_target_dag.py
[2025-05-31 11:25:40,162] {processor.py:642} INFO - Processing file /home/airflow/.local/lib/python3.6/site-packages/airflow/example_dags/example_trigger_target_dag.py for tasks to queue
[2025-05-31 11:25:40,163] {logging_mixin.py:109} INFO - [2025-05-31 11:25:40,163] {dagbag.py:500} INFO - Filling up the DagBag from /home/airflow/.local/lib/python3.6/site-packages/airflow/example_dags/example_trigger_target_dag.py
[2025-05-31 11:25:40,212] {processor.py:654} INFO - DAG(s) dict_keys(['example_trigger_target_dag']) retrieved from /home/airflow/.local/lib/python3.6/site-packages/airflow/example_dags/example_trigger_target_dag.py
[2025-05-31 11:25:40,229] {logging_mixin.py:109} INFO - [2025-05-31 11:25:40,229] {dag.py:2396} INFO - Sync 1 DAGs
[2025-05-31 11:25:40,253] {logging_mixin.py:109} INFO - [2025-05-31 11:25:40,253] {dag.py:2935} INFO - Setting next_dagrun for example_trigger_target_dag to None
[2025-05-31 11:25:40,277] {processor.py:171} INFO - Processing /home/airflow/.local/lib/python3.6/site-packages/airflow/example_dags/example_trigger_target_dag.py took 0.123 seconds
[2025-05-31 11:26:11,334] {processor.py:163} INFO - Started process (PID=14784) to work on /home/airflow/.local/lib/python3.6/site-packages/airflow/example_dags/example_trigger_target_dag.py
[2025-05-31 11:26:11,336] {processor.py:642} INFO - Processing file /home/airflow/.local/lib/python3.6/site-packages/airflow/example_dags/example_trigger_target_dag.py for tasks to queue
[2025-05-31 11:26:11,338] {logging_mixin.py:109} INFO - [2025-05-31 11:26:11,338] {dagbag.py:500} INFO - Filling up the DagBag from /home/airflow/.local/lib/python3.6/site-packages/airflow/example_dags/example_trigger_target_dag.py
[2025-05-31 11:26:11,395] {processor.py:654} INFO - DAG(s) dict_keys(['example_trigger_target_dag']) retrieved from /home/airflow/.local/lib/python3.6/site-packages/airflow/example_dags/example_trigger_target_dag.py
[2025-05-31 11:26:11,418] {logging_mixin.py:109} INFO - [2025-05-31 11:26:11,418] {dag.py:2396} INFO - Sync 1 DAGs
[2025-05-31 11:26:11,454] {logging_mixin.py:109} INFO - [2025-05-31 11:26:11,454] {dag.py:2935} INFO - Setting next_dagrun for example_trigger_target_dag to None
[2025-05-31 11:26:11,472] {processor.py:171} INFO - Processing /home/airflow/.local/lib/python3.6/site-packages/airflow/example_dags/example_trigger_target_dag.py took 0.145 seconds
[2025-05-31 11:26:41,961] {processor.py:163} INFO - Started process (PID=14971) to work on /home/airflow/.local/lib/python3.6/site-packages/airflow/example_dags/example_trigger_target_dag.py
[2025-05-31 11:26:41,963] {processor.py:642} INFO - Processing file /home/airflow/.local/lib/python3.6/site-packages/airflow/example_dags/example_trigger_target_dag.py for tasks to queue
[2025-05-31 11:26:41,964] {logging_mixin.py:109} INFO - [2025-05-31 11:26:41,964] {dagbag.py:500} INFO - Filling up the DagBag from /home/airflow/.local/lib/python3.6/site-packages/airflow/example_dags/example_trigger_target_dag.py
[2025-05-31 11:26:42,010] {processor.py:654} INFO - DAG(s) dict_keys(['example_trigger_target_dag']) retrieved from /home/airflow/.local/lib/python3.6/site-packages/airflow/example_dags/example_trigger_target_dag.py
[2025-05-31 11:26:42,026] {logging_mixin.py:109} INFO - [2025-05-31 11:26:42,026] {dag.py:2396} INFO - Sync 1 DAGs
[2025-05-31 11:26:42,056] {logging_mixin.py:109} INFO - [2025-05-31 11:26:42,056] {dag.py:2935} INFO - Setting next_dagrun for example_trigger_target_dag to None
[2025-05-31 11:26:42,073] {processor.py:171} INFO - Processing /home/airflow/.local/lib/python3.6/site-packages/airflow/example_dags/example_trigger_target_dag.py took 0.117 seconds
[2025-05-31 11:27:12,855] {processor.py:163} INFO - Started process (PID=15166) to work on /home/airflow/.local/lib/python3.6/site-packages/airflow/example_dags/example_trigger_target_dag.py
[2025-05-31 11:27:12,857] {processor.py:642} INFO - Processing file /home/airflow/.local/lib/python3.6/site-packages/airflow/example_dags/example_trigger_target_dag.py for tasks to queue
[2025-05-31 11:27:12,858] {logging_mixin.py:109} INFO - [2025-05-31 11:27:12,858] {dagbag.py:500} INFO - Filling up the DagBag from /home/airflow/.local/lib/python3.6/site-packages/airflow/example_dags/example_trigger_target_dag.py
[2025-05-31 11:27:12,900] {processor.py:654} INFO - DAG(s) dict_keys(['example_trigger_target_dag']) retrieved from /home/airflow/.local/lib/python3.6/site-packages/airflow/example_dags/example_trigger_target_dag.py
[2025-05-31 11:27:12,915] {logging_mixin.py:109} INFO - [2025-05-31 11:27:12,914] {dag.py:2396} INFO - Sync 1 DAGs
[2025-05-31 11:27:12,942] {logging_mixin.py:109} INFO - [2025-05-31 11:27:12,942] {dag.py:2935} INFO - Setting next_dagrun for example_trigger_target_dag to None
[2025-05-31 11:27:12,957] {processor.py:171} INFO - Processing /home/airflow/.local/lib/python3.6/site-packages/airflow/example_dags/example_trigger_target_dag.py took 0.107 seconds
[2025-05-31 11:27:43,489] {processor.py:163} INFO - Started process (PID=15351) to work on /home/airflow/.local/lib/python3.6/site-packages/airflow/example_dags/example_trigger_target_dag.py
[2025-05-31 11:27:43,491] {processor.py:642} INFO - Processing file /home/airflow/.local/lib/python3.6/site-packages/airflow/example_dags/example_trigger_target_dag.py for tasks to queue
[2025-05-31 11:27:43,493] {logging_mixin.py:109} INFO - [2025-05-31 11:27:43,492] {dagbag.py:500} INFO - Filling up the DagBag from /home/airflow/.local/lib/python3.6/site-packages/airflow/example_dags/example_trigger_target_dag.py
[2025-05-31 11:27:43,545] {processor.py:654} INFO - DAG(s) dict_keys(['example_trigger_target_dag']) retrieved from /home/airflow/.local/lib/python3.6/site-packages/airflow/example_dags/example_trigger_target_dag.py
[2025-05-31 11:27:43,560] {logging_mixin.py:109} INFO - [2025-05-31 11:27:43,560] {dag.py:2396} INFO - Sync 1 DAGs
[2025-05-31 11:27:43,584] {logging_mixin.py:109} INFO - [2025-05-31 11:27:43,584] {dag.py:2935} INFO - Setting next_dagrun for example_trigger_target_dag to None
[2025-05-31 11:27:43,598] {processor.py:171} INFO - Processing /home/airflow/.local/lib/python3.6/site-packages/airflow/example_dags/example_trigger_target_dag.py took 0.112 seconds
[2025-05-31 11:28:14,483] {processor.py:163} INFO - Started process (PID=15534) to work on /home/airflow/.local/lib/python3.6/site-packages/airflow/example_dags/example_trigger_target_dag.py
[2025-05-31 11:28:14,486] {processor.py:642} INFO - Processing file /home/airflow/.local/lib/python3.6/site-packages/airflow/example_dags/example_trigger_target_dag.py for tasks to queue
[2025-05-31 11:28:14,489] {logging_mixin.py:109} INFO - [2025-05-31 11:28:14,489] {dagbag.py:500} INFO - Filling up the DagBag from /home/airflow/.local/lib/python3.6/site-packages/airflow/example_dags/example_trigger_target_dag.py
[2025-05-31 11:28:14,589] {processor.py:654} INFO - DAG(s) dict_keys(['example_trigger_target_dag']) retrieved from /home/airflow/.local/lib/python3.6/site-packages/airflow/example_dags/example_trigger_target_dag.py
[2025-05-31 11:28:14,624] {logging_mixin.py:109} INFO - [2025-05-31 11:28:14,624] {dag.py:2396} INFO - Sync 1 DAGs
[2025-05-31 11:28:14,670] {logging_mixin.py:109} INFO - [2025-05-31 11:28:14,670] {dag.py:2935} INFO - Setting next_dagrun for example_trigger_target_dag to None
[2025-05-31 11:28:14,693] {processor.py:171} INFO - Processing /home/airflow/.local/lib/python3.6/site-packages/airflow/example_dags/example_trigger_target_dag.py took 0.219 seconds
[2025-05-31 11:28:45,654] {processor.py:163} INFO - Started process (PID=15729) to work on /home/airflow/.local/lib/python3.6/site-packages/airflow/example_dags/example_trigger_target_dag.py
[2025-05-31 11:28:45,656] {processor.py:642} INFO - Processing file /home/airflow/.local/lib/python3.6/site-packages/airflow/example_dags/example_trigger_target_dag.py for tasks to queue
[2025-05-31 11:28:45,657] {logging_mixin.py:109} INFO - [2025-05-31 11:28:45,657] {dagbag.py:500} INFO - Filling up the DagBag from /home/airflow/.local/lib/python3.6/site-packages/airflow/example_dags/example_trigger_target_dag.py
[2025-05-31 11:28:45,712] {processor.py:654} INFO - DAG(s) dict_keys(['example_trigger_target_dag']) retrieved from /home/airflow/.local/lib/python3.6/site-packages/airflow/example_dags/example_trigger_target_dag.py
[2025-05-31 11:28:45,730] {logging_mixin.py:109} INFO - [2025-05-31 11:28:45,730] {dag.py:2396} INFO - Sync 1 DAGs
[2025-05-31 11:28:45,770] {logging_mixin.py:109} INFO - [2025-05-31 11:28:45,770] {dag.py:2935} INFO - Setting next_dagrun for example_trigger_target_dag to None
[2025-05-31 11:28:45,789] {processor.py:171} INFO - Processing /home/airflow/.local/lib/python3.6/site-packages/airflow/example_dags/example_trigger_target_dag.py took 0.141 seconds
[2025-05-31 11:29:16,198] {processor.py:163} INFO - Started process (PID=15914) to work on /home/airflow/.local/lib/python3.6/site-packages/airflow/example_dags/example_trigger_target_dag.py
[2025-05-31 11:29:16,201] {processor.py:642} INFO - Processing file /home/airflow/.local/lib/python3.6/site-packages/airflow/example_dags/example_trigger_target_dag.py for tasks to queue
[2025-05-31 11:29:16,203] {logging_mixin.py:109} INFO - [2025-05-31 11:29:16,203] {dagbag.py:500} INFO - Filling up the DagBag from /home/airflow/.local/lib/python3.6/site-packages/airflow/example_dags/example_trigger_target_dag.py
[2025-05-31 11:29:16,254] {processor.py:654} INFO - DAG(s) dict_keys(['example_trigger_target_dag']) retrieved from /home/airflow/.local/lib/python3.6/site-packages/airflow/example_dags/example_trigger_target_dag.py
[2025-05-31 11:29:16,272] {logging_mixin.py:109} INFO - [2025-05-31 11:29:16,272] {dag.py:2396} INFO - Sync 1 DAGs
[2025-05-31 11:29:16,300] {logging_mixin.py:109} INFO - [2025-05-31 11:29:16,300] {dag.py:2935} INFO - Setting next_dagrun for example_trigger_target_dag to None
[2025-05-31 11:29:16,313] {processor.py:171} INFO - Processing /home/airflow/.local/lib/python3.6/site-packages/airflow/example_dags/example_trigger_target_dag.py took 0.121 seconds
[2025-05-31 11:29:47,430] {processor.py:163} INFO - Started process (PID=16099) to work on /home/airflow/.local/lib/python3.6/site-packages/airflow/example_dags/example_trigger_target_dag.py
[2025-05-31 11:29:47,433] {processor.py:642} INFO - Processing file /home/airflow/.local/lib/python3.6/site-packages/airflow/example_dags/example_trigger_target_dag.py for tasks to queue
[2025-05-31 11:29:47,436] {logging_mixin.py:109} INFO - [2025-05-31 11:29:47,435] {dagbag.py:500} INFO - Filling up the DagBag from /home/airflow/.local/lib/python3.6/site-packages/airflow/example_dags/example_trigger_target_dag.py
[2025-05-31 11:29:47,504] {processor.py:654} INFO - DAG(s) dict_keys(['example_trigger_target_dag']) retrieved from /home/airflow/.local/lib/python3.6/site-packages/airflow/example_dags/example_trigger_target_dag.py
[2025-05-31 11:29:47,526] {logging_mixin.py:109} INFO - [2025-05-31 11:29:47,526] {dag.py:2396} INFO - Sync 1 DAGs
[2025-05-31 11:29:47,560] {logging_mixin.py:109} INFO - [2025-05-31 11:29:47,560] {dag.py:2935} INFO - Setting next_dagrun for example_trigger_target_dag to None
[2025-05-31 11:29:47,579] {processor.py:171} INFO - Processing /home/airflow/.local/lib/python3.6/site-packages/airflow/example_dags/example_trigger_target_dag.py took 0.155 seconds
[2025-05-31 11:30:18,181] {processor.py:163} INFO - Started process (PID=16291) to work on /home/airflow/.local/lib/python3.6/site-packages/airflow/example_dags/example_trigger_target_dag.py
[2025-05-31 11:30:18,183] {processor.py:642} INFO - Processing file /home/airflow/.local/lib/python3.6/site-packages/airflow/example_dags/example_trigger_target_dag.py for tasks to queue
[2025-05-31 11:30:18,184] {logging_mixin.py:109} INFO - [2025-05-31 11:30:18,184] {dagbag.py:500} INFO - Filling up the DagBag from /home/airflow/.local/lib/python3.6/site-packages/airflow/example_dags/example_trigger_target_dag.py
[2025-05-31 11:30:18,239] {processor.py:654} INFO - DAG(s) dict_keys(['example_trigger_target_dag']) retrieved from /home/airflow/.local/lib/python3.6/site-packages/airflow/example_dags/example_trigger_target_dag.py
[2025-05-31 11:30:18,254] {logging_mixin.py:109} INFO - [2025-05-31 11:30:18,254] {dag.py:2396} INFO - Sync 1 DAGs
[2025-05-31 11:30:18,281] {logging_mixin.py:109} INFO - [2025-05-31 11:30:18,281] {dag.py:2935} INFO - Setting next_dagrun for example_trigger_target_dag to None
[2025-05-31 11:30:18,294] {processor.py:171} INFO - Processing /home/airflow/.local/lib/python3.6/site-packages/airflow/example_dags/example_trigger_target_dag.py took 0.118 seconds
[2025-05-31 11:30:48,676] {processor.py:163} INFO - Started process (PID=16479) to work on /home/airflow/.local/lib/python3.6/site-packages/airflow/example_dags/example_trigger_target_dag.py
[2025-05-31 11:30:48,678] {processor.py:642} INFO - Processing file /home/airflow/.local/lib/python3.6/site-packages/airflow/example_dags/example_trigger_target_dag.py for tasks to queue
[2025-05-31 11:30:48,679] {logging_mixin.py:109} INFO - [2025-05-31 11:30:48,679] {dagbag.py:500} INFO - Filling up the DagBag from /home/airflow/.local/lib/python3.6/site-packages/airflow/example_dags/example_trigger_target_dag.py
[2025-05-31 11:30:48,719] {processor.py:654} INFO - DAG(s) dict_keys(['example_trigger_target_dag']) retrieved from /home/airflow/.local/lib/python3.6/site-packages/airflow/example_dags/example_trigger_target_dag.py
[2025-05-31 11:30:48,734] {logging_mixin.py:109} INFO - [2025-05-31 11:30:48,733] {dag.py:2396} INFO - Sync 1 DAGs
[2025-05-31 11:30:48,758] {logging_mixin.py:109} INFO - [2025-05-31 11:30:48,758] {dag.py:2935} INFO - Setting next_dagrun for example_trigger_target_dag to None
[2025-05-31 11:30:48,770] {processor.py:171} INFO - Processing /home/airflow/.local/lib/python3.6/site-packages/airflow/example_dags/example_trigger_target_dag.py took 0.099 seconds
[2025-05-31 11:31:19,658] {processor.py:163} INFO - Started process (PID=16664) to work on /home/airflow/.local/lib/python3.6/site-packages/airflow/example_dags/example_trigger_target_dag.py
[2025-05-31 11:31:19,660] {processor.py:642} INFO - Processing file /home/airflow/.local/lib/python3.6/site-packages/airflow/example_dags/example_trigger_target_dag.py for tasks to queue
[2025-05-31 11:31:19,661] {logging_mixin.py:109} INFO - [2025-05-31 11:31:19,661] {dagbag.py:500} INFO - Filling up the DagBag from /home/airflow/.local/lib/python3.6/site-packages/airflow/example_dags/example_trigger_target_dag.py
[2025-05-31 11:31:19,702] {processor.py:654} INFO - DAG(s) dict_keys(['example_trigger_target_dag']) retrieved from /home/airflow/.local/lib/python3.6/site-packages/airflow/example_dags/example_trigger_target_dag.py
[2025-05-31 11:31:19,716] {logging_mixin.py:109} INFO - [2025-05-31 11:31:19,716] {dag.py:2396} INFO - Sync 1 DAGs
[2025-05-31 11:31:19,740] {logging_mixin.py:109} INFO - [2025-05-31 11:31:19,740] {dag.py:2935} INFO - Setting next_dagrun for example_trigger_target_dag to None
[2025-05-31 11:31:19,752] {processor.py:171} INFO - Processing /home/airflow/.local/lib/python3.6/site-packages/airflow/example_dags/example_trigger_target_dag.py took 0.098 seconds
[2025-05-31 11:31:50,484] {processor.py:163} INFO - Started process (PID=16859) to work on /home/airflow/.local/lib/python3.6/site-packages/airflow/example_dags/example_trigger_target_dag.py
[2025-05-31 11:31:50,486] {processor.py:642} INFO - Processing file /home/airflow/.local/lib/python3.6/site-packages/airflow/example_dags/example_trigger_target_dag.py for tasks to queue
[2025-05-31 11:31:50,487] {logging_mixin.py:109} INFO - [2025-05-31 11:31:50,487] {dagbag.py:500} INFO - Filling up the DagBag from /home/airflow/.local/lib/python3.6/site-packages/airflow/example_dags/example_trigger_target_dag.py
[2025-05-31 11:31:50,538] {processor.py:654} INFO - DAG(s) dict_keys(['example_trigger_target_dag']) retrieved from /home/airflow/.local/lib/python3.6/site-packages/airflow/example_dags/example_trigger_target_dag.py
[2025-05-31 11:31:50,554] {logging_mixin.py:109} INFO - [2025-05-31 11:31:50,553] {dag.py:2396} INFO - Sync 1 DAGs
[2025-05-31 11:31:50,584] {logging_mixin.py:109} INFO - [2025-05-31 11:31:50,584] {dag.py:2935} INFO - Setting next_dagrun for example_trigger_target_dag to None
[2025-05-31 11:31:50,600] {processor.py:171} INFO - Processing /home/airflow/.local/lib/python3.6/site-packages/airflow/example_dags/example_trigger_target_dag.py took 0.121 seconds
[2025-05-31 11:32:20,850] {processor.py:163} INFO - Started process (PID=17044) to work on /home/airflow/.local/lib/python3.6/site-packages/airflow/example_dags/example_trigger_target_dag.py
[2025-05-31 11:32:20,853] {processor.py:642} INFO - Processing file /home/airflow/.local/lib/python3.6/site-packages/airflow/example_dags/example_trigger_target_dag.py for tasks to queue
[2025-05-31 11:32:20,855] {logging_mixin.py:109} INFO - [2025-05-31 11:32:20,855] {dagbag.py:500} INFO - Filling up the DagBag from /home/airflow/.local/lib/python3.6/site-packages/airflow/example_dags/example_trigger_target_dag.py
[2025-05-31 11:32:20,905] {processor.py:654} INFO - DAG(s) dict_keys(['example_trigger_target_dag']) retrieved from /home/airflow/.local/lib/python3.6/site-packages/airflow/example_dags/example_trigger_target_dag.py
[2025-05-31 11:32:20,922] {logging_mixin.py:109} INFO - [2025-05-31 11:32:20,922] {dag.py:2396} INFO - Sync 1 DAGs
[2025-05-31 11:32:20,952] {logging_mixin.py:109} INFO - [2025-05-31 11:32:20,952] {dag.py:2935} INFO - Setting next_dagrun for example_trigger_target_dag to None
[2025-05-31 11:32:20,965] {processor.py:171} INFO - Processing /home/airflow/.local/lib/python3.6/site-packages/airflow/example_dags/example_trigger_target_dag.py took 0.119 seconds
[2025-05-31 11:32:51,960] {processor.py:163} INFO - Started process (PID=17238) to work on /home/airflow/.local/lib/python3.6/site-packages/airflow/example_dags/example_trigger_target_dag.py
[2025-05-31 11:32:51,962] {processor.py:642} INFO - Processing file /home/airflow/.local/lib/python3.6/site-packages/airflow/example_dags/example_trigger_target_dag.py for tasks to queue
[2025-05-31 11:32:51,963] {logging_mixin.py:109} INFO - [2025-05-31 11:32:51,963] {dagbag.py:500} INFO - Filling up the DagBag from /home/airflow/.local/lib/python3.6/site-packages/airflow/example_dags/example_trigger_target_dag.py
[2025-05-31 11:32:52,011] {processor.py:654} INFO - DAG(s) dict_keys(['example_trigger_target_dag']) retrieved from /home/airflow/.local/lib/python3.6/site-packages/airflow/example_dags/example_trigger_target_dag.py
[2025-05-31 11:32:52,028] {logging_mixin.py:109} INFO - [2025-05-31 11:32:52,027] {dag.py:2396} INFO - Sync 1 DAGs
[2025-05-31 11:32:52,056] {logging_mixin.py:109} INFO - [2025-05-31 11:32:52,056] {dag.py:2935} INFO - Setting next_dagrun for example_trigger_target_dag to None
[2025-05-31 11:32:52,069] {processor.py:171} INFO - Processing /home/airflow/.local/lib/python3.6/site-packages/airflow/example_dags/example_trigger_target_dag.py took 0.115 seconds
[2025-05-31 11:33:22,374] {processor.py:163} INFO - Started process (PID=17423) to work on /home/airflow/.local/lib/python3.6/site-packages/airflow/example_dags/example_trigger_target_dag.py
[2025-05-31 11:33:22,376] {processor.py:642} INFO - Processing file /home/airflow/.local/lib/python3.6/site-packages/airflow/example_dags/example_trigger_target_dag.py for tasks to queue
[2025-05-31 11:33:22,377] {logging_mixin.py:109} INFO - [2025-05-31 11:33:22,377] {dagbag.py:500} INFO - Filling up the DagBag from /home/airflow/.local/lib/python3.6/site-packages/airflow/example_dags/example_trigger_target_dag.py
[2025-05-31 11:33:22,420] {processor.py:654} INFO - DAG(s) dict_keys(['example_trigger_target_dag']) retrieved from /home/airflow/.local/lib/python3.6/site-packages/airflow/example_dags/example_trigger_target_dag.py
[2025-05-31 11:33:22,435] {logging_mixin.py:109} INFO - [2025-05-31 11:33:22,435] {dag.py:2396} INFO - Sync 1 DAGs
[2025-05-31 11:33:22,462] {logging_mixin.py:109} INFO - [2025-05-31 11:33:22,461] {dag.py:2935} INFO - Setting next_dagrun for example_trigger_target_dag to None
[2025-05-31 11:33:22,474] {processor.py:171} INFO - Processing /home/airflow/.local/lib/python3.6/site-packages/airflow/example_dags/example_trigger_target_dag.py took 0.104 seconds
[2025-05-31 11:33:52,768] {processor.py:163} INFO - Started process (PID=17610) to work on /home/airflow/.local/lib/python3.6/site-packages/airflow/example_dags/example_trigger_target_dag.py
[2025-05-31 11:33:52,770] {processor.py:642} INFO - Processing file /home/airflow/.local/lib/python3.6/site-packages/airflow/example_dags/example_trigger_target_dag.py for tasks to queue
[2025-05-31 11:33:52,771] {logging_mixin.py:109} INFO - [2025-05-31 11:33:52,771] {dagbag.py:500} INFO - Filling up the DagBag from /home/airflow/.local/lib/python3.6/site-packages/airflow/example_dags/example_trigger_target_dag.py
[2025-05-31 11:33:52,830] {processor.py:654} INFO - DAG(s) dict_keys(['example_trigger_target_dag']) retrieved from /home/airflow/.local/lib/python3.6/site-packages/airflow/example_dags/example_trigger_target_dag.py
[2025-05-31 11:33:52,848] {logging_mixin.py:109} INFO - [2025-05-31 11:33:52,848] {dag.py:2396} INFO - Sync 1 DAGs
[2025-05-31 11:33:52,883] {logging_mixin.py:109} INFO - [2025-05-31 11:33:52,883] {dag.py:2935} INFO - Setting next_dagrun for example_trigger_target_dag to None
[2025-05-31 11:33:52,896] {processor.py:171} INFO - Processing /home/airflow/.local/lib/python3.6/site-packages/airflow/example_dags/example_trigger_target_dag.py took 0.132 seconds
[2025-05-31 11:34:24,415] {processor.py:163} INFO - Started process (PID=17803) to work on /home/airflow/.local/lib/python3.6/site-packages/airflow/example_dags/example_trigger_target_dag.py
[2025-05-31 11:34:24,418] {processor.py:642} INFO - Processing file /home/airflow/.local/lib/python3.6/site-packages/airflow/example_dags/example_trigger_target_dag.py for tasks to queue
[2025-05-31 11:34:24,419] {logging_mixin.py:109} INFO - [2025-05-31 11:34:24,419] {dagbag.py:500} INFO - Filling up the DagBag from /home/airflow/.local/lib/python3.6/site-packages/airflow/example_dags/example_trigger_target_dag.py
[2025-05-31 11:34:24,479] {processor.py:654} INFO - DAG(s) dict_keys(['example_trigger_target_dag']) retrieved from /home/airflow/.local/lib/python3.6/site-packages/airflow/example_dags/example_trigger_target_dag.py
[2025-05-31 11:34:24,500] {logging_mixin.py:109} INFO - [2025-05-31 11:34:24,500] {dag.py:2396} INFO - Sync 1 DAGs
[2025-05-31 11:34:24,536] {logging_mixin.py:109} INFO - [2025-05-31 11:34:24,536] {dag.py:2935} INFO - Setting next_dagrun for example_trigger_target_dag to None
[2025-05-31 11:34:24,551] {processor.py:171} INFO - Processing /home/airflow/.local/lib/python3.6/site-packages/airflow/example_dags/example_trigger_target_dag.py took 0.141 seconds
[2025-05-31 11:34:54,677] {processor.py:163} INFO - Started process (PID=17988) to work on /home/airflow/.local/lib/python3.6/site-packages/airflow/example_dags/example_trigger_target_dag.py
[2025-05-31 11:34:54,679] {processor.py:642} INFO - Processing file /home/airflow/.local/lib/python3.6/site-packages/airflow/example_dags/example_trigger_target_dag.py for tasks to queue
[2025-05-31 11:34:54,681] {logging_mixin.py:109} INFO - [2025-05-31 11:34:54,681] {dagbag.py:500} INFO - Filling up the DagBag from /home/airflow/.local/lib/python3.6/site-packages/airflow/example_dags/example_trigger_target_dag.py
[2025-05-31 11:34:54,730] {processor.py:654} INFO - DAG(s) dict_keys(['example_trigger_target_dag']) retrieved from /home/airflow/.local/lib/python3.6/site-packages/airflow/example_dags/example_trigger_target_dag.py
[2025-05-31 11:34:54,747] {logging_mixin.py:109} INFO - [2025-05-31 11:34:54,746] {dag.py:2396} INFO - Sync 1 DAGs
[2025-05-31 11:34:54,775] {logging_mixin.py:109} INFO - [2025-05-31 11:34:54,775] {dag.py:2935} INFO - Setting next_dagrun for example_trigger_target_dag to None
[2025-05-31 11:34:54,790] {processor.py:171} INFO - Processing /home/airflow/.local/lib/python3.6/site-packages/airflow/example_dags/example_trigger_target_dag.py took 0.118 seconds
[2025-05-31 11:35:25,138] {processor.py:163} INFO - Started process (PID=18173) to work on /home/airflow/.local/lib/python3.6/site-packages/airflow/example_dags/example_trigger_target_dag.py
[2025-05-31 11:35:25,139] {processor.py:642} INFO - Processing file /home/airflow/.local/lib/python3.6/site-packages/airflow/example_dags/example_trigger_target_dag.py for tasks to queue
[2025-05-31 11:35:25,141] {logging_mixin.py:109} INFO - [2025-05-31 11:35:25,140] {dagbag.py:500} INFO - Filling up the DagBag from /home/airflow/.local/lib/python3.6/site-packages/airflow/example_dags/example_trigger_target_dag.py
[2025-05-31 11:35:25,188] {processor.py:654} INFO - DAG(s) dict_keys(['example_trigger_target_dag']) retrieved from /home/airflow/.local/lib/python3.6/site-packages/airflow/example_dags/example_trigger_target_dag.py
[2025-05-31 11:35:25,202] {logging_mixin.py:109} INFO - [2025-05-31 11:35:25,202] {dag.py:2396} INFO - Sync 1 DAGs
[2025-05-31 11:35:25,227] {logging_mixin.py:109} INFO - [2025-05-31 11:35:25,227] {dag.py:2935} INFO - Setting next_dagrun for example_trigger_target_dag to None
[2025-05-31 11:35:25,243] {processor.py:171} INFO - Processing /home/airflow/.local/lib/python3.6/site-packages/airflow/example_dags/example_trigger_target_dag.py took 0.110 seconds
[2025-05-31 11:35:56,163] {processor.py:163} INFO - Started process (PID=18368) to work on /home/airflow/.local/lib/python3.6/site-packages/airflow/example_dags/example_trigger_target_dag.py
[2025-05-31 11:35:56,165] {processor.py:642} INFO - Processing file /home/airflow/.local/lib/python3.6/site-packages/airflow/example_dags/example_trigger_target_dag.py for tasks to queue
[2025-05-31 11:35:56,167] {logging_mixin.py:109} INFO - [2025-05-31 11:35:56,166] {dagbag.py:500} INFO - Filling up the DagBag from /home/airflow/.local/lib/python3.6/site-packages/airflow/example_dags/example_trigger_target_dag.py
[2025-05-31 11:35:56,218] {processor.py:654} INFO - DAG(s) dict_keys(['example_trigger_target_dag']) retrieved from /home/airflow/.local/lib/python3.6/site-packages/airflow/example_dags/example_trigger_target_dag.py
[2025-05-31 11:35:56,236] {logging_mixin.py:109} INFO - [2025-05-31 11:35:56,236] {dag.py:2396} INFO - Sync 1 DAGs
[2025-05-31 11:35:56,261] {logging_mixin.py:109} INFO - [2025-05-31 11:35:56,261] {dag.py:2935} INFO - Setting next_dagrun for example_trigger_target_dag to None
[2025-05-31 11:35:56,273] {processor.py:171} INFO - Processing /home/airflow/.local/lib/python3.6/site-packages/airflow/example_dags/example_trigger_target_dag.py took 0.115 seconds
[2025-05-31 11:36:27,512] {processor.py:163} INFO - Started process (PID=18553) to work on /home/airflow/.local/lib/python3.6/site-packages/airflow/example_dags/example_trigger_target_dag.py
[2025-05-31 11:36:27,514] {processor.py:642} INFO - Processing file /home/airflow/.local/lib/python3.6/site-packages/airflow/example_dags/example_trigger_target_dag.py for tasks to queue
[2025-05-31 11:36:27,515] {logging_mixin.py:109} INFO - [2025-05-31 11:36:27,515] {dagbag.py:500} INFO - Filling up the DagBag from /home/airflow/.local/lib/python3.6/site-packages/airflow/example_dags/example_trigger_target_dag.py
[2025-05-31 11:36:27,559] {processor.py:654} INFO - DAG(s) dict_keys(['example_trigger_target_dag']) retrieved from /home/airflow/.local/lib/python3.6/site-packages/airflow/example_dags/example_trigger_target_dag.py
[2025-05-31 11:36:27,573] {logging_mixin.py:109} INFO - [2025-05-31 11:36:27,572] {dag.py:2396} INFO - Sync 1 DAGs
[2025-05-31 11:36:27,596] {logging_mixin.py:109} INFO - [2025-05-31 11:36:27,596] {dag.py:2935} INFO - Setting next_dagrun for example_trigger_target_dag to None
[2025-05-31 11:36:27,610] {processor.py:171} INFO - Processing /home/airflow/.local/lib/python3.6/site-packages/airflow/example_dags/example_trigger_target_dag.py took 0.102 seconds
[2025-05-31 11:36:59,128] {processor.py:163} INFO - Started process (PID=18750) to work on /home/airflow/.local/lib/python3.6/site-packages/airflow/example_dags/example_trigger_target_dag.py
[2025-05-31 11:36:59,130] {processor.py:642} INFO - Processing file /home/airflow/.local/lib/python3.6/site-packages/airflow/example_dags/example_trigger_target_dag.py for tasks to queue
[2025-05-31 11:36:59,131] {logging_mixin.py:109} INFO - [2025-05-31 11:36:59,131] {dagbag.py:500} INFO - Filling up the DagBag from /home/airflow/.local/lib/python3.6/site-packages/airflow/example_dags/example_trigger_target_dag.py
[2025-05-31 11:36:59,171] {processor.py:654} INFO - DAG(s) dict_keys(['example_trigger_target_dag']) retrieved from /home/airflow/.local/lib/python3.6/site-packages/airflow/example_dags/example_trigger_target_dag.py
[2025-05-31 11:36:59,185] {logging_mixin.py:109} INFO - [2025-05-31 11:36:59,185] {dag.py:2396} INFO - Sync 1 DAGs
[2025-05-31 11:36:59,207] {logging_mixin.py:109} INFO - [2025-05-31 11:36:59,207] {dag.py:2935} INFO - Setting next_dagrun for example_trigger_target_dag to None
[2025-05-31 11:36:59,222] {processor.py:171} INFO - Processing /home/airflow/.local/lib/python3.6/site-packages/airflow/example_dags/example_trigger_target_dag.py took 0.098 seconds
[2025-05-31 11:37:29,884] {processor.py:163} INFO - Started process (PID=18935) to work on /home/airflow/.local/lib/python3.6/site-packages/airflow/example_dags/example_trigger_target_dag.py
[2025-05-31 11:37:29,886] {processor.py:642} INFO - Processing file /home/airflow/.local/lib/python3.6/site-packages/airflow/example_dags/example_trigger_target_dag.py for tasks to queue
[2025-05-31 11:37:29,887] {logging_mixin.py:109} INFO - [2025-05-31 11:37:29,886] {dagbag.py:500} INFO - Filling up the DagBag from /home/airflow/.local/lib/python3.6/site-packages/airflow/example_dags/example_trigger_target_dag.py
[2025-05-31 11:37:29,927] {processor.py:654} INFO - DAG(s) dict_keys(['example_trigger_target_dag']) retrieved from /home/airflow/.local/lib/python3.6/site-packages/airflow/example_dags/example_trigger_target_dag.py
[2025-05-31 11:37:29,940] {logging_mixin.py:109} INFO - [2025-05-31 11:37:29,940] {dag.py:2396} INFO - Sync 1 DAGs
[2025-05-31 11:37:29,962] {logging_mixin.py:109} INFO - [2025-05-31 11:37:29,962] {dag.py:2935} INFO - Setting next_dagrun for example_trigger_target_dag to None
[2025-05-31 11:37:29,974] {processor.py:171} INFO - Processing /home/airflow/.local/lib/python3.6/site-packages/airflow/example_dags/example_trigger_target_dag.py took 0.095 seconds
[2025-05-31 11:38:01,078] {processor.py:163} INFO - Started process (PID=19128) to work on /home/airflow/.local/lib/python3.6/site-packages/airflow/example_dags/example_trigger_target_dag.py
[2025-05-31 11:38:01,080] {processor.py:642} INFO - Processing file /home/airflow/.local/lib/python3.6/site-packages/airflow/example_dags/example_trigger_target_dag.py for tasks to queue
[2025-05-31 11:38:01,082] {logging_mixin.py:109} INFO - [2025-05-31 11:38:01,082] {dagbag.py:500} INFO - Filling up the DagBag from /home/airflow/.local/lib/python3.6/site-packages/airflow/example_dags/example_trigger_target_dag.py
[2025-05-31 11:38:01,136] {processor.py:654} INFO - DAG(s) dict_keys(['example_trigger_target_dag']) retrieved from /home/airflow/.local/lib/python3.6/site-packages/airflow/example_dags/example_trigger_target_dag.py
[2025-05-31 11:38:01,151] {logging_mixin.py:109} INFO - [2025-05-31 11:38:01,151] {dag.py:2396} INFO - Sync 1 DAGs
[2025-05-31 11:38:01,178] {logging_mixin.py:109} INFO - [2025-05-31 11:38:01,178] {dag.py:2935} INFO - Setting next_dagrun for example_trigger_target_dag to None
[2025-05-31 11:38:01,193] {processor.py:171} INFO - Processing /home/airflow/.local/lib/python3.6/site-packages/airflow/example_dags/example_trigger_target_dag.py took 0.120 seconds
[2025-05-31 11:38:31,912] {processor.py:163} INFO - Started process (PID=19315) to work on /home/airflow/.local/lib/python3.6/site-packages/airflow/example_dags/example_trigger_target_dag.py
[2025-05-31 11:38:31,914] {processor.py:642} INFO - Processing file /home/airflow/.local/lib/python3.6/site-packages/airflow/example_dags/example_trigger_target_dag.py for tasks to queue
[2025-05-31 11:38:31,915] {logging_mixin.py:109} INFO - [2025-05-31 11:38:31,915] {dagbag.py:500} INFO - Filling up the DagBag from /home/airflow/.local/lib/python3.6/site-packages/airflow/example_dags/example_trigger_target_dag.py
[2025-05-31 11:38:31,954] {processor.py:654} INFO - DAG(s) dict_keys(['example_trigger_target_dag']) retrieved from /home/airflow/.local/lib/python3.6/site-packages/airflow/example_dags/example_trigger_target_dag.py
[2025-05-31 11:38:31,967] {logging_mixin.py:109} INFO - [2025-05-31 11:38:31,967] {dag.py:2396} INFO - Sync 1 DAGs
[2025-05-31 11:38:31,988] {logging_mixin.py:109} INFO - [2025-05-31 11:38:31,988] {dag.py:2935} INFO - Setting next_dagrun for example_trigger_target_dag to None
[2025-05-31 11:38:32,000] {processor.py:171} INFO - Processing /home/airflow/.local/lib/python3.6/site-packages/airflow/example_dags/example_trigger_target_dag.py took 0.091 seconds
[2025-05-31 11:39:02,083] {processor.py:163} INFO - Started process (PID=19498) to work on /home/airflow/.local/lib/python3.6/site-packages/airflow/example_dags/example_trigger_target_dag.py
[2025-05-31 11:39:02,085] {processor.py:642} INFO - Processing file /home/airflow/.local/lib/python3.6/site-packages/airflow/example_dags/example_trigger_target_dag.py for tasks to queue
[2025-05-31 11:39:02,087] {logging_mixin.py:109} INFO - [2025-05-31 11:39:02,087] {dagbag.py:500} INFO - Filling up the DagBag from /home/airflow/.local/lib/python3.6/site-packages/airflow/example_dags/example_trigger_target_dag.py
[2025-05-31 11:39:02,146] {processor.py:654} INFO - DAG(s) dict_keys(['example_trigger_target_dag']) retrieved from /home/airflow/.local/lib/python3.6/site-packages/airflow/example_dags/example_trigger_target_dag.py
[2025-05-31 11:39:02,161] {logging_mixin.py:109} INFO - [2025-05-31 11:39:02,161] {dag.py:2396} INFO - Sync 1 DAGs
[2025-05-31 11:39:02,191] {logging_mixin.py:109} INFO - [2025-05-31 11:39:02,190] {dag.py:2935} INFO - Setting next_dagrun for example_trigger_target_dag to None
[2025-05-31 11:39:02,206] {processor.py:171} INFO - Processing /home/airflow/.local/lib/python3.6/site-packages/airflow/example_dags/example_trigger_target_dag.py took 0.128 seconds
[2025-05-31 11:39:32,617] {processor.py:163} INFO - Started process (PID=19693) to work on /home/airflow/.local/lib/python3.6/site-packages/airflow/example_dags/example_trigger_target_dag.py
[2025-05-31 11:39:32,619] {processor.py:642} INFO - Processing file /home/airflow/.local/lib/python3.6/site-packages/airflow/example_dags/example_trigger_target_dag.py for tasks to queue
[2025-05-31 11:39:32,620] {logging_mixin.py:109} INFO - [2025-05-31 11:39:32,620] {dagbag.py:500} INFO - Filling up the DagBag from /home/airflow/.local/lib/python3.6/site-packages/airflow/example_dags/example_trigger_target_dag.py
[2025-05-31 11:39:32,663] {processor.py:654} INFO - DAG(s) dict_keys(['example_trigger_target_dag']) retrieved from /home/airflow/.local/lib/python3.6/site-packages/airflow/example_dags/example_trigger_target_dag.py
[2025-05-31 11:39:32,679] {logging_mixin.py:109} INFO - [2025-05-31 11:39:32,679] {dag.py:2396} INFO - Sync 1 DAGs
[2025-05-31 11:39:32,703] {logging_mixin.py:109} INFO - [2025-05-31 11:39:32,703] {dag.py:2935} INFO - Setting next_dagrun for example_trigger_target_dag to None
[2025-05-31 11:39:32,715] {processor.py:171} INFO - Processing /home/airflow/.local/lib/python3.6/site-packages/airflow/example_dags/example_trigger_target_dag.py took 0.103 seconds
[2025-05-31 11:40:03,276] {processor.py:163} INFO - Started process (PID=19880) to work on /home/airflow/.local/lib/python3.6/site-packages/airflow/example_dags/example_trigger_target_dag.py
[2025-05-31 11:40:03,278] {processor.py:642} INFO - Processing file /home/airflow/.local/lib/python3.6/site-packages/airflow/example_dags/example_trigger_target_dag.py for tasks to queue
[2025-05-31 11:40:03,279] {logging_mixin.py:109} INFO - [2025-05-31 11:40:03,279] {dagbag.py:500} INFO - Filling up the DagBag from /home/airflow/.local/lib/python3.6/site-packages/airflow/example_dags/example_trigger_target_dag.py
[2025-05-31 11:40:03,318] {processor.py:654} INFO - DAG(s) dict_keys(['example_trigger_target_dag']) retrieved from /home/airflow/.local/lib/python3.6/site-packages/airflow/example_dags/example_trigger_target_dag.py
[2025-05-31 11:40:03,332] {logging_mixin.py:109} INFO - [2025-05-31 11:40:03,332] {dag.py:2396} INFO - Sync 1 DAGs
[2025-05-31 11:40:03,354] {logging_mixin.py:109} INFO - [2025-05-31 11:40:03,354] {dag.py:2935} INFO - Setting next_dagrun for example_trigger_target_dag to None
[2025-05-31 11:40:03,368] {processor.py:171} INFO - Processing /home/airflow/.local/lib/python3.6/site-packages/airflow/example_dags/example_trigger_target_dag.py took 0.096 seconds
[2025-05-31 11:40:34,318] {processor.py:163} INFO - Started process (PID=20072) to work on /home/airflow/.local/lib/python3.6/site-packages/airflow/example_dags/example_trigger_target_dag.py
[2025-05-31 11:40:34,320] {processor.py:642} INFO - Processing file /home/airflow/.local/lib/python3.6/site-packages/airflow/example_dags/example_trigger_target_dag.py for tasks to queue
[2025-05-31 11:40:34,321] {logging_mixin.py:109} INFO - [2025-05-31 11:40:34,321] {dagbag.py:500} INFO - Filling up the DagBag from /home/airflow/.local/lib/python3.6/site-packages/airflow/example_dags/example_trigger_target_dag.py
[2025-05-31 11:40:34,366] {processor.py:654} INFO - DAG(s) dict_keys(['example_trigger_target_dag']) retrieved from /home/airflow/.local/lib/python3.6/site-packages/airflow/example_dags/example_trigger_target_dag.py
[2025-05-31 11:40:34,381] {logging_mixin.py:109} INFO - [2025-05-31 11:40:34,381] {dag.py:2396} INFO - Sync 1 DAGs
[2025-05-31 11:40:34,415] {logging_mixin.py:109} INFO - [2025-05-31 11:40:34,415] {dag.py:2935} INFO - Setting next_dagrun for example_trigger_target_dag to None
[2025-05-31 11:40:34,430] {processor.py:171} INFO - Processing /home/airflow/.local/lib/python3.6/site-packages/airflow/example_dags/example_trigger_target_dag.py took 0.117 seconds
[2025-05-31 11:41:05,540] {processor.py:163} INFO - Started process (PID=20257) to work on /home/airflow/.local/lib/python3.6/site-packages/airflow/example_dags/example_trigger_target_dag.py
[2025-05-31 11:41:05,542] {processor.py:642} INFO - Processing file /home/airflow/.local/lib/python3.6/site-packages/airflow/example_dags/example_trigger_target_dag.py for tasks to queue
[2025-05-31 11:41:05,543] {logging_mixin.py:109} INFO - [2025-05-31 11:41:05,543] {dagbag.py:500} INFO - Filling up the DagBag from /home/airflow/.local/lib/python3.6/site-packages/airflow/example_dags/example_trigger_target_dag.py
[2025-05-31 11:41:05,582] {processor.py:654} INFO - DAG(s) dict_keys(['example_trigger_target_dag']) retrieved from /home/airflow/.local/lib/python3.6/site-packages/airflow/example_dags/example_trigger_target_dag.py
[2025-05-31 11:41:05,595] {logging_mixin.py:109} INFO - [2025-05-31 11:41:05,595] {dag.py:2396} INFO - Sync 1 DAGs
[2025-05-31 11:41:05,619] {logging_mixin.py:109} INFO - [2025-05-31 11:41:05,619] {dag.py:2935} INFO - Setting next_dagrun for example_trigger_target_dag to None
[2025-05-31 11:41:05,632] {processor.py:171} INFO - Processing /home/airflow/.local/lib/python3.6/site-packages/airflow/example_dags/example_trigger_target_dag.py took 0.096 seconds
[2025-05-31 11:41:36,671] {processor.py:163} INFO - Started process (PID=20454) to work on /home/airflow/.local/lib/python3.6/site-packages/airflow/example_dags/example_trigger_target_dag.py
[2025-05-31 11:41:36,674] {processor.py:642} INFO - Processing file /home/airflow/.local/lib/python3.6/site-packages/airflow/example_dags/example_trigger_target_dag.py for tasks to queue
[2025-05-31 11:41:36,675] {logging_mixin.py:109} INFO - [2025-05-31 11:41:36,675] {dagbag.py:500} INFO - Filling up the DagBag from /home/airflow/.local/lib/python3.6/site-packages/airflow/example_dags/example_trigger_target_dag.py
[2025-05-31 11:41:36,732] {processor.py:654} INFO - DAG(s) dict_keys(['example_trigger_target_dag']) retrieved from /home/airflow/.local/lib/python3.6/site-packages/airflow/example_dags/example_trigger_target_dag.py
[2025-05-31 11:41:36,748] {logging_mixin.py:109} INFO - [2025-05-31 11:41:36,748] {dag.py:2396} INFO - Sync 1 DAGs
[2025-05-31 11:41:36,778] {logging_mixin.py:109} INFO - [2025-05-31 11:41:36,778] {dag.py:2935} INFO - Setting next_dagrun for example_trigger_target_dag to None
[2025-05-31 11:41:36,797] {processor.py:171} INFO - Processing /home/airflow/.local/lib/python3.6/site-packages/airflow/example_dags/example_trigger_target_dag.py took 0.131 seconds
[2025-05-31 11:42:07,311] {processor.py:163} INFO - Started process (PID=20644) to work on /home/airflow/.local/lib/python3.6/site-packages/airflow/example_dags/example_trigger_target_dag.py
[2025-05-31 11:42:07,313] {processor.py:642} INFO - Processing file /home/airflow/.local/lib/python3.6/site-packages/airflow/example_dags/example_trigger_target_dag.py for tasks to queue
[2025-05-31 11:42:07,314] {logging_mixin.py:109} INFO - [2025-05-31 11:42:07,314] {dagbag.py:500} INFO - Filling up the DagBag from /home/airflow/.local/lib/python3.6/site-packages/airflow/example_dags/example_trigger_target_dag.py
[2025-05-31 11:42:07,353] {processor.py:654} INFO - DAG(s) dict_keys(['example_trigger_target_dag']) retrieved from /home/airflow/.local/lib/python3.6/site-packages/airflow/example_dags/example_trigger_target_dag.py
[2025-05-31 11:42:07,366] {logging_mixin.py:109} INFO - [2025-05-31 11:42:07,366] {dag.py:2396} INFO - Sync 1 DAGs
[2025-05-31 11:42:07,388] {logging_mixin.py:109} INFO - [2025-05-31 11:42:07,388] {dag.py:2935} INFO - Setting next_dagrun for example_trigger_target_dag to None
[2025-05-31 11:42:07,400] {processor.py:171} INFO - Processing /home/airflow/.local/lib/python3.6/site-packages/airflow/example_dags/example_trigger_target_dag.py took 0.093 seconds
[2025-05-31 11:42:38,149] {processor.py:163} INFO - Started process (PID=20827) to work on /home/airflow/.local/lib/python3.6/site-packages/airflow/example_dags/example_trigger_target_dag.py
[2025-05-31 11:42:38,151] {processor.py:642} INFO - Processing file /home/airflow/.local/lib/python3.6/site-packages/airflow/example_dags/example_trigger_target_dag.py for tasks to queue
[2025-05-31 11:42:38,152] {logging_mixin.py:109} INFO - [2025-05-31 11:42:38,152] {dagbag.py:500} INFO - Filling up the DagBag from /home/airflow/.local/lib/python3.6/site-packages/airflow/example_dags/example_trigger_target_dag.py
[2025-05-31 11:42:38,197] {processor.py:654} INFO - DAG(s) dict_keys(['example_trigger_target_dag']) retrieved from /home/airflow/.local/lib/python3.6/site-packages/airflow/example_dags/example_trigger_target_dag.py
[2025-05-31 11:42:38,211] {logging_mixin.py:109} INFO - [2025-05-31 11:42:38,211] {dag.py:2396} INFO - Sync 1 DAGs
[2025-05-31 11:42:38,243] {logging_mixin.py:109} INFO - [2025-05-31 11:42:38,242] {dag.py:2935} INFO - Setting next_dagrun for example_trigger_target_dag to None
[2025-05-31 11:42:38,257] {processor.py:171} INFO - Processing /home/airflow/.local/lib/python3.6/site-packages/airflow/example_dags/example_trigger_target_dag.py took 0.112 seconds
[2025-05-31 11:43:08,831] {processor.py:163} INFO - Started process (PID=21022) to work on /home/airflow/.local/lib/python3.6/site-packages/airflow/example_dags/example_trigger_target_dag.py
[2025-05-31 11:43:08,834] {processor.py:642} INFO - Processing file /home/airflow/.local/lib/python3.6/site-packages/airflow/example_dags/example_trigger_target_dag.py for tasks to queue
[2025-05-31 11:43:08,835] {logging_mixin.py:109} INFO - [2025-05-31 11:43:08,835] {dagbag.py:500} INFO - Filling up the DagBag from /home/airflow/.local/lib/python3.6/site-packages/airflow/example_dags/example_trigger_target_dag.py
[2025-05-31 11:43:08,881] {processor.py:654} INFO - DAG(s) dict_keys(['example_trigger_target_dag']) retrieved from /home/airflow/.local/lib/python3.6/site-packages/airflow/example_dags/example_trigger_target_dag.py
[2025-05-31 11:43:08,894] {logging_mixin.py:109} INFO - [2025-05-31 11:43:08,894] {dag.py:2396} INFO - Sync 1 DAGs
[2025-05-31 11:43:08,920] {logging_mixin.py:109} INFO - [2025-05-31 11:43:08,920] {dag.py:2935} INFO - Setting next_dagrun for example_trigger_target_dag to None
[2025-05-31 11:43:08,933] {processor.py:171} INFO - Processing /home/airflow/.local/lib/python3.6/site-packages/airflow/example_dags/example_trigger_target_dag.py took 0.108 seconds
[2025-05-31 11:43:39,177] {processor.py:163} INFO - Started process (PID=21207) to work on /home/airflow/.local/lib/python3.6/site-packages/airflow/example_dags/example_trigger_target_dag.py
[2025-05-31 11:43:39,179] {processor.py:642} INFO - Processing file /home/airflow/.local/lib/python3.6/site-packages/airflow/example_dags/example_trigger_target_dag.py for tasks to queue
[2025-05-31 11:43:39,180] {logging_mixin.py:109} INFO - [2025-05-31 11:43:39,180] {dagbag.py:500} INFO - Filling up the DagBag from /home/airflow/.local/lib/python3.6/site-packages/airflow/example_dags/example_trigger_target_dag.py
[2025-05-31 11:43:39,233] {processor.py:654} INFO - DAG(s) dict_keys(['example_trigger_target_dag']) retrieved from /home/airflow/.local/lib/python3.6/site-packages/airflow/example_dags/example_trigger_target_dag.py
[2025-05-31 11:43:39,246] {logging_mixin.py:109} INFO - [2025-05-31 11:43:39,246] {dag.py:2396} INFO - Sync 1 DAGs
[2025-05-31 11:43:39,274] {logging_mixin.py:109} INFO - [2025-05-31 11:43:39,274] {dag.py:2935} INFO - Setting next_dagrun for example_trigger_target_dag to None
[2025-05-31 11:43:39,286] {processor.py:171} INFO - Processing /home/airflow/.local/lib/python3.6/site-packages/airflow/example_dags/example_trigger_target_dag.py took 0.115 seconds
[2025-05-31 11:44:09,823] {processor.py:163} INFO - Started process (PID=21403) to work on /home/airflow/.local/lib/python3.6/site-packages/airflow/example_dags/example_trigger_target_dag.py
[2025-05-31 11:44:09,825] {processor.py:642} INFO - Processing file /home/airflow/.local/lib/python3.6/site-packages/airflow/example_dags/example_trigger_target_dag.py for tasks to queue
[2025-05-31 11:44:09,826] {logging_mixin.py:109} INFO - [2025-05-31 11:44:09,826] {dagbag.py:500} INFO - Filling up the DagBag from /home/airflow/.local/lib/python3.6/site-packages/airflow/example_dags/example_trigger_target_dag.py
[2025-05-31 11:44:09,872] {processor.py:654} INFO - DAG(s) dict_keys(['example_trigger_target_dag']) retrieved from /home/airflow/.local/lib/python3.6/site-packages/airflow/example_dags/example_trigger_target_dag.py
[2025-05-31 11:44:09,892] {logging_mixin.py:109} INFO - [2025-05-31 11:44:09,892] {dag.py:2396} INFO - Sync 1 DAGs
[2025-05-31 11:44:09,927] {logging_mixin.py:109} INFO - [2025-05-31 11:44:09,927] {dag.py:2935} INFO - Setting next_dagrun for example_trigger_target_dag to None
[2025-05-31 11:44:09,940] {processor.py:171} INFO - Processing /home/airflow/.local/lib/python3.6/site-packages/airflow/example_dags/example_trigger_target_dag.py took 0.122 seconds
[2025-05-31 11:44:40,559] {processor.py:163} INFO - Started process (PID=21588) to work on /home/airflow/.local/lib/python3.6/site-packages/airflow/example_dags/example_trigger_target_dag.py
[2025-05-31 11:44:40,561] {processor.py:642} INFO - Processing file /home/airflow/.local/lib/python3.6/site-packages/airflow/example_dags/example_trigger_target_dag.py for tasks to queue
[2025-05-31 11:44:40,562] {logging_mixin.py:109} INFO - [2025-05-31 11:44:40,562] {dagbag.py:500} INFO - Filling up the DagBag from /home/airflow/.local/lib/python3.6/site-packages/airflow/example_dags/example_trigger_target_dag.py
[2025-05-31 11:44:40,611] {processor.py:654} INFO - DAG(s) dict_keys(['example_trigger_target_dag']) retrieved from /home/airflow/.local/lib/python3.6/site-packages/airflow/example_dags/example_trigger_target_dag.py
[2025-05-31 11:44:40,630] {logging_mixin.py:109} INFO - [2025-05-31 11:44:40,629] {dag.py:2396} INFO - Sync 1 DAGs
[2025-05-31 11:44:40,663] {logging_mixin.py:109} INFO - [2025-05-31 11:44:40,663] {dag.py:2935} INFO - Setting next_dagrun for example_trigger_target_dag to None
[2025-05-31 11:44:40,680] {processor.py:171} INFO - Processing /home/airflow/.local/lib/python3.6/site-packages/airflow/example_dags/example_trigger_target_dag.py took 0.125 seconds
[2025-05-31 11:45:11,158] {processor.py:163} INFO - Started process (PID=21773) to work on /home/airflow/.local/lib/python3.6/site-packages/airflow/example_dags/example_trigger_target_dag.py
[2025-05-31 11:45:11,160] {processor.py:642} INFO - Processing file /home/airflow/.local/lib/python3.6/site-packages/airflow/example_dags/example_trigger_target_dag.py for tasks to queue
[2025-05-31 11:45:11,161] {logging_mixin.py:109} INFO - [2025-05-31 11:45:11,161] {dagbag.py:500} INFO - Filling up the DagBag from /home/airflow/.local/lib/python3.6/site-packages/airflow/example_dags/example_trigger_target_dag.py
[2025-05-31 11:45:11,212] {processor.py:654} INFO - DAG(s) dict_keys(['example_trigger_target_dag']) retrieved from /home/airflow/.local/lib/python3.6/site-packages/airflow/example_dags/example_trigger_target_dag.py
[2025-05-31 11:45:11,231] {logging_mixin.py:109} INFO - [2025-05-31 11:45:11,231] {dag.py:2396} INFO - Sync 1 DAGs
[2025-05-31 11:45:11,267] {logging_mixin.py:109} INFO - [2025-05-31 11:45:11,267] {dag.py:2935} INFO - Setting next_dagrun for example_trigger_target_dag to None
[2025-05-31 11:45:11,283] {processor.py:171} INFO - Processing /home/airflow/.local/lib/python3.6/site-packages/airflow/example_dags/example_trigger_target_dag.py took 0.130 seconds
[2025-05-31 11:45:42,087] {processor.py:163} INFO - Started process (PID=21968) to work on /home/airflow/.local/lib/python3.6/site-packages/airflow/example_dags/example_trigger_target_dag.py
[2025-05-31 11:45:42,090] {processor.py:642} INFO - Processing file /home/airflow/.local/lib/python3.6/site-packages/airflow/example_dags/example_trigger_target_dag.py for tasks to queue
[2025-05-31 11:45:42,091] {logging_mixin.py:109} INFO - [2025-05-31 11:45:42,091] {dagbag.py:500} INFO - Filling up the DagBag from /home/airflow/.local/lib/python3.6/site-packages/airflow/example_dags/example_trigger_target_dag.py
[2025-05-31 11:45:42,143] {processor.py:654} INFO - DAG(s) dict_keys(['example_trigger_target_dag']) retrieved from /home/airflow/.local/lib/python3.6/site-packages/airflow/example_dags/example_trigger_target_dag.py
[2025-05-31 11:45:42,158] {logging_mixin.py:109} INFO - [2025-05-31 11:45:42,158] {dag.py:2396} INFO - Sync 1 DAGs
[2025-05-31 11:45:42,184] {logging_mixin.py:109} INFO - [2025-05-31 11:45:42,184] {dag.py:2935} INFO - Setting next_dagrun for example_trigger_target_dag to None
[2025-05-31 11:45:42,196] {processor.py:171} INFO - Processing /home/airflow/.local/lib/python3.6/site-packages/airflow/example_dags/example_trigger_target_dag.py took 0.113 seconds
[2025-05-31 11:46:13,076] {processor.py:163} INFO - Started process (PID=22155) to work on /home/airflow/.local/lib/python3.6/site-packages/airflow/example_dags/example_trigger_target_dag.py
[2025-05-31 11:46:13,078] {processor.py:642} INFO - Processing file /home/airflow/.local/lib/python3.6/site-packages/airflow/example_dags/example_trigger_target_dag.py for tasks to queue
[2025-05-31 11:46:13,079] {logging_mixin.py:109} INFO - [2025-05-31 11:46:13,079] {dagbag.py:500} INFO - Filling up the DagBag from /home/airflow/.local/lib/python3.6/site-packages/airflow/example_dags/example_trigger_target_dag.py
[2025-05-31 11:46:13,126] {processor.py:654} INFO - DAG(s) dict_keys(['example_trigger_target_dag']) retrieved from /home/airflow/.local/lib/python3.6/site-packages/airflow/example_dags/example_trigger_target_dag.py
[2025-05-31 11:46:13,141] {logging_mixin.py:109} INFO - [2025-05-31 11:46:13,141] {dag.py:2396} INFO - Sync 1 DAGs
[2025-05-31 11:46:13,167] {logging_mixin.py:109} INFO - [2025-05-31 11:46:13,167] {dag.py:2935} INFO - Setting next_dagrun for example_trigger_target_dag to None
[2025-05-31 11:46:13,179] {processor.py:171} INFO - Processing /home/airflow/.local/lib/python3.6/site-packages/airflow/example_dags/example_trigger_target_dag.py took 0.109 seconds
[2025-05-31 11:46:43,880] {processor.py:163} INFO - Started process (PID=22338) to work on /home/airflow/.local/lib/python3.6/site-packages/airflow/example_dags/example_trigger_target_dag.py
[2025-05-31 11:46:43,882] {processor.py:642} INFO - Processing file /home/airflow/.local/lib/python3.6/site-packages/airflow/example_dags/example_trigger_target_dag.py for tasks to queue
[2025-05-31 11:46:43,883] {logging_mixin.py:109} INFO - [2025-05-31 11:46:43,883] {dagbag.py:500} INFO - Filling up the DagBag from /home/airflow/.local/lib/python3.6/site-packages/airflow/example_dags/example_trigger_target_dag.py
[2025-05-31 11:46:43,925] {processor.py:654} INFO - DAG(s) dict_keys(['example_trigger_target_dag']) retrieved from /home/airflow/.local/lib/python3.6/site-packages/airflow/example_dags/example_trigger_target_dag.py
[2025-05-31 11:46:43,943] {logging_mixin.py:109} INFO - [2025-05-31 11:46:43,943] {dag.py:2396} INFO - Sync 1 DAGs
[2025-05-31 11:46:43,968] {logging_mixin.py:109} INFO - [2025-05-31 11:46:43,968] {dag.py:2935} INFO - Setting next_dagrun for example_trigger_target_dag to None
[2025-05-31 11:46:43,983] {processor.py:171} INFO - Processing /home/airflow/.local/lib/python3.6/site-packages/airflow/example_dags/example_trigger_target_dag.py took 0.107 seconds
[2025-05-31 11:47:14,459] {processor.py:163} INFO - Started process (PID=22533) to work on /home/airflow/.local/lib/python3.6/site-packages/airflow/example_dags/example_trigger_target_dag.py
[2025-05-31 11:47:14,461] {processor.py:642} INFO - Processing file /home/airflow/.local/lib/python3.6/site-packages/airflow/example_dags/example_trigger_target_dag.py for tasks to queue
[2025-05-31 11:47:14,462] {logging_mixin.py:109} INFO - [2025-05-31 11:47:14,462] {dagbag.py:500} INFO - Filling up the DagBag from /home/airflow/.local/lib/python3.6/site-packages/airflow/example_dags/example_trigger_target_dag.py
[2025-05-31 11:47:14,501] {processor.py:654} INFO - DAG(s) dict_keys(['example_trigger_target_dag']) retrieved from /home/airflow/.local/lib/python3.6/site-packages/airflow/example_dags/example_trigger_target_dag.py
[2025-05-31 11:47:14,517] {logging_mixin.py:109} INFO - [2025-05-31 11:47:14,517] {dag.py:2396} INFO - Sync 1 DAGs
[2025-05-31 11:47:14,543] {logging_mixin.py:109} INFO - [2025-05-31 11:47:14,542] {dag.py:2935} INFO - Setting next_dagrun for example_trigger_target_dag to None
[2025-05-31 11:47:14,556] {processor.py:171} INFO - Processing /home/airflow/.local/lib/python3.6/site-packages/airflow/example_dags/example_trigger_target_dag.py took 0.101 seconds
[2025-05-31 11:47:44,963] {processor.py:163} INFO - Started process (PID=22718) to work on /home/airflow/.local/lib/python3.6/site-packages/airflow/example_dags/example_trigger_target_dag.py
[2025-05-31 11:47:44,965] {processor.py:642} INFO - Processing file /home/airflow/.local/lib/python3.6/site-packages/airflow/example_dags/example_trigger_target_dag.py for tasks to queue
[2025-05-31 11:47:44,966] {logging_mixin.py:109} INFO - [2025-05-31 11:47:44,965] {dagbag.py:500} INFO - Filling up the DagBag from /home/airflow/.local/lib/python3.6/site-packages/airflow/example_dags/example_trigger_target_dag.py
[2025-05-31 11:47:45,006] {processor.py:654} INFO - DAG(s) dict_keys(['example_trigger_target_dag']) retrieved from /home/airflow/.local/lib/python3.6/site-packages/airflow/example_dags/example_trigger_target_dag.py
[2025-05-31 11:47:45,018] {logging_mixin.py:109} INFO - [2025-05-31 11:47:45,018] {dag.py:2396} INFO - Sync 1 DAGs
[2025-05-31 11:47:45,039] {logging_mixin.py:109} INFO - [2025-05-31 11:47:45,039] {dag.py:2935} INFO - Setting next_dagrun for example_trigger_target_dag to None
[2025-05-31 11:47:45,050] {processor.py:171} INFO - Processing /home/airflow/.local/lib/python3.6/site-packages/airflow/example_dags/example_trigger_target_dag.py took 0.091 seconds
[2025-05-31 11:48:15,760] {processor.py:163} INFO - Started process (PID=22913) to work on /home/airflow/.local/lib/python3.6/site-packages/airflow/example_dags/example_trigger_target_dag.py
[2025-05-31 11:48:15,763] {processor.py:642} INFO - Processing file /home/airflow/.local/lib/python3.6/site-packages/airflow/example_dags/example_trigger_target_dag.py for tasks to queue
[2025-05-31 11:48:15,764] {logging_mixin.py:109} INFO - [2025-05-31 11:48:15,764] {dagbag.py:500} INFO - Filling up the DagBag from /home/airflow/.local/lib/python3.6/site-packages/airflow/example_dags/example_trigger_target_dag.py
[2025-05-31 11:48:15,818] {processor.py:654} INFO - DAG(s) dict_keys(['example_trigger_target_dag']) retrieved from /home/airflow/.local/lib/python3.6/site-packages/airflow/example_dags/example_trigger_target_dag.py
[2025-05-31 11:48:15,837] {logging_mixin.py:109} INFO - [2025-05-31 11:48:15,837] {dag.py:2396} INFO - Sync 1 DAGs
[2025-05-31 11:48:15,865] {logging_mixin.py:109} INFO - [2025-05-31 11:48:15,865] {dag.py:2935} INFO - Setting next_dagrun for example_trigger_target_dag to None
[2025-05-31 11:48:15,882] {processor.py:171} INFO - Processing /home/airflow/.local/lib/python3.6/site-packages/airflow/example_dags/example_trigger_target_dag.py took 0.127 seconds
[2025-05-31 11:48:46,776] {processor.py:163} INFO - Started process (PID=23100) to work on /home/airflow/.local/lib/python3.6/site-packages/airflow/example_dags/example_trigger_target_dag.py
[2025-05-31 11:48:46,778] {processor.py:642} INFO - Processing file /home/airflow/.local/lib/python3.6/site-packages/airflow/example_dags/example_trigger_target_dag.py for tasks to queue
[2025-05-31 11:48:46,779] {logging_mixin.py:109} INFO - [2025-05-31 11:48:46,779] {dagbag.py:500} INFO - Filling up the DagBag from /home/airflow/.local/lib/python3.6/site-packages/airflow/example_dags/example_trigger_target_dag.py
[2025-05-31 11:48:46,821] {processor.py:654} INFO - DAG(s) dict_keys(['example_trigger_target_dag']) retrieved from /home/airflow/.local/lib/python3.6/site-packages/airflow/example_dags/example_trigger_target_dag.py
[2025-05-31 11:48:46,836] {logging_mixin.py:109} INFO - [2025-05-31 11:48:46,836] {dag.py:2396} INFO - Sync 1 DAGs
[2025-05-31 11:48:46,860] {logging_mixin.py:109} INFO - [2025-05-31 11:48:46,859] {dag.py:2935} INFO - Setting next_dagrun for example_trigger_target_dag to None
[2025-05-31 11:48:46,871] {processor.py:171} INFO - Processing /home/airflow/.local/lib/python3.6/site-packages/airflow/example_dags/example_trigger_target_dag.py took 0.098 seconds
[2025-05-31 11:49:17,521] {processor.py:163} INFO - Started process (PID=23292) to work on /home/airflow/.local/lib/python3.6/site-packages/airflow/example_dags/example_trigger_target_dag.py
[2025-05-31 11:49:17,523] {processor.py:642} INFO - Processing file /home/airflow/.local/lib/python3.6/site-packages/airflow/example_dags/example_trigger_target_dag.py for tasks to queue
[2025-05-31 11:49:17,524] {logging_mixin.py:109} INFO - [2025-05-31 11:49:17,524] {dagbag.py:500} INFO - Filling up the DagBag from /home/airflow/.local/lib/python3.6/site-packages/airflow/example_dags/example_trigger_target_dag.py
[2025-05-31 11:49:17,569] {processor.py:654} INFO - DAG(s) dict_keys(['example_trigger_target_dag']) retrieved from /home/airflow/.local/lib/python3.6/site-packages/airflow/example_dags/example_trigger_target_dag.py
[2025-05-31 11:49:17,584] {logging_mixin.py:109} INFO - [2025-05-31 11:49:17,584] {dag.py:2396} INFO - Sync 1 DAGs
[2025-05-31 11:49:17,610] {logging_mixin.py:109} INFO - [2025-05-31 11:49:17,610] {dag.py:2935} INFO - Setting next_dagrun for example_trigger_target_dag to None
[2025-05-31 11:49:17,628] {processor.py:171} INFO - Processing /home/airflow/.local/lib/python3.6/site-packages/airflow/example_dags/example_trigger_target_dag.py took 0.113 seconds
[2025-05-31 11:49:48,665] {processor.py:163} INFO - Started process (PID=23480) to work on /home/airflow/.local/lib/python3.6/site-packages/airflow/example_dags/example_trigger_target_dag.py
[2025-05-31 11:49:48,667] {processor.py:642} INFO - Processing file /home/airflow/.local/lib/python3.6/site-packages/airflow/example_dags/example_trigger_target_dag.py for tasks to queue
[2025-05-31 11:49:48,668] {logging_mixin.py:109} INFO - [2025-05-31 11:49:48,668] {dagbag.py:500} INFO - Filling up the DagBag from /home/airflow/.local/lib/python3.6/site-packages/airflow/example_dags/example_trigger_target_dag.py
[2025-05-31 11:49:48,702] {processor.py:654} INFO - DAG(s) dict_keys(['example_trigger_target_dag']) retrieved from /home/airflow/.local/lib/python3.6/site-packages/airflow/example_dags/example_trigger_target_dag.py
[2025-05-31 11:49:48,714] {logging_mixin.py:109} INFO - [2025-05-31 11:49:48,714] {dag.py:2396} INFO - Sync 1 DAGs
[2025-05-31 11:49:48,736] {logging_mixin.py:109} INFO - [2025-05-31 11:49:48,736] {dag.py:2935} INFO - Setting next_dagrun for example_trigger_target_dag to None
[2025-05-31 11:49:48,750] {processor.py:171} INFO - Processing /home/airflow/.local/lib/python3.6/site-packages/airflow/example_dags/example_trigger_target_dag.py took 0.088 seconds
[2025-05-31 11:50:19,353] {processor.py:163} INFO - Started process (PID=23665) to work on /home/airflow/.local/lib/python3.6/site-packages/airflow/example_dags/example_trigger_target_dag.py
[2025-05-31 11:50:19,356] {processor.py:642} INFO - Processing file /home/airflow/.local/lib/python3.6/site-packages/airflow/example_dags/example_trigger_target_dag.py for tasks to queue
[2025-05-31 11:50:19,359] {logging_mixin.py:109} INFO - [2025-05-31 11:50:19,359] {dagbag.py:500} INFO - Filling up the DagBag from /home/airflow/.local/lib/python3.6/site-packages/airflow/example_dags/example_trigger_target_dag.py
[2025-05-31 11:50:19,429] {processor.py:654} INFO - DAG(s) dict_keys(['example_trigger_target_dag']) retrieved from /home/airflow/.local/lib/python3.6/site-packages/airflow/example_dags/example_trigger_target_dag.py
[2025-05-31 11:50:19,441] {logging_mixin.py:109} INFO - [2025-05-31 11:50:19,441] {dag.py:2396} INFO - Sync 1 DAGs
[2025-05-31 11:50:19,461] {logging_mixin.py:109} INFO - [2025-05-31 11:50:19,461] {dag.py:2935} INFO - Setting next_dagrun for example_trigger_target_dag to None
[2025-05-31 11:50:19,473] {processor.py:171} INFO - Processing /home/airflow/.local/lib/python3.6/site-packages/airflow/example_dags/example_trigger_target_dag.py took 0.125 seconds
[2025-05-31 11:50:50,572] {processor.py:163} INFO - Started process (PID=23858) to work on /home/airflow/.local/lib/python3.6/site-packages/airflow/example_dags/example_trigger_target_dag.py
[2025-05-31 11:50:50,574] {processor.py:642} INFO - Processing file /home/airflow/.local/lib/python3.6/site-packages/airflow/example_dags/example_trigger_target_dag.py for tasks to queue
[2025-05-31 11:50:50,575] {logging_mixin.py:109} INFO - [2025-05-31 11:50:50,575] {dagbag.py:500} INFO - Filling up the DagBag from /home/airflow/.local/lib/python3.6/site-packages/airflow/example_dags/example_trigger_target_dag.py
[2025-05-31 11:50:50,625] {processor.py:654} INFO - DAG(s) dict_keys(['example_trigger_target_dag']) retrieved from /home/airflow/.local/lib/python3.6/site-packages/airflow/example_dags/example_trigger_target_dag.py
[2025-05-31 11:50:50,643] {logging_mixin.py:109} INFO - [2025-05-31 11:50:50,643] {dag.py:2396} INFO - Sync 1 DAGs
[2025-05-31 11:50:50,677] {logging_mixin.py:109} INFO - [2025-05-31 11:50:50,676] {dag.py:2935} INFO - Setting next_dagrun for example_trigger_target_dag to None
[2025-05-31 11:50:50,692] {processor.py:171} INFO - Processing /home/airflow/.local/lib/python3.6/site-packages/airflow/example_dags/example_trigger_target_dag.py took 0.125 seconds
[2025-05-31 11:51:21,045] {processor.py:163} INFO - Started process (PID=24043) to work on /home/airflow/.local/lib/python3.6/site-packages/airflow/example_dags/example_trigger_target_dag.py
[2025-05-31 11:51:21,047] {processor.py:642} INFO - Processing file /home/airflow/.local/lib/python3.6/site-packages/airflow/example_dags/example_trigger_target_dag.py for tasks to queue
[2025-05-31 11:51:21,048] {logging_mixin.py:109} INFO - [2025-05-31 11:51:21,048] {dagbag.py:500} INFO - Filling up the DagBag from /home/airflow/.local/lib/python3.6/site-packages/airflow/example_dags/example_trigger_target_dag.py
[2025-05-31 11:51:21,093] {processor.py:654} INFO - DAG(s) dict_keys(['example_trigger_target_dag']) retrieved from /home/airflow/.local/lib/python3.6/site-packages/airflow/example_dags/example_trigger_target_dag.py
[2025-05-31 11:51:21,110] {logging_mixin.py:109} INFO - [2025-05-31 11:51:21,110] {dag.py:2396} INFO - Sync 1 DAGs
[2025-05-31 11:51:21,133] {logging_mixin.py:109} INFO - [2025-05-31 11:51:21,133] {dag.py:2935} INFO - Setting next_dagrun for example_trigger_target_dag to None
[2025-05-31 11:51:21,144] {processor.py:171} INFO - Processing /home/airflow/.local/lib/python3.6/site-packages/airflow/example_dags/example_trigger_target_dag.py took 0.104 seconds
[2025-05-31 11:51:51,694] {processor.py:163} INFO - Started process (PID=24238) to work on /home/airflow/.local/lib/python3.6/site-packages/airflow/example_dags/example_trigger_target_dag.py
[2025-05-31 11:51:51,696] {processor.py:642} INFO - Processing file /home/airflow/.local/lib/python3.6/site-packages/airflow/example_dags/example_trigger_target_dag.py for tasks to queue
[2025-05-31 11:51:51,697] {logging_mixin.py:109} INFO - [2025-05-31 11:51:51,697] {dagbag.py:500} INFO - Filling up the DagBag from /home/airflow/.local/lib/python3.6/site-packages/airflow/example_dags/example_trigger_target_dag.py
[2025-05-31 11:51:51,736] {processor.py:654} INFO - DAG(s) dict_keys(['example_trigger_target_dag']) retrieved from /home/airflow/.local/lib/python3.6/site-packages/airflow/example_dags/example_trigger_target_dag.py
[2025-05-31 11:51:51,749] {logging_mixin.py:109} INFO - [2025-05-31 11:51:51,749] {dag.py:2396} INFO - Sync 1 DAGs
[2025-05-31 11:51:51,770] {logging_mixin.py:109} INFO - [2025-05-31 11:51:51,770] {dag.py:2935} INFO - Setting next_dagrun for example_trigger_target_dag to None
[2025-05-31 11:51:51,783] {processor.py:171} INFO - Processing /home/airflow/.local/lib/python3.6/site-packages/airflow/example_dags/example_trigger_target_dag.py took 0.093 seconds
[2025-05-31 11:52:22,517] {processor.py:163} INFO - Started process (PID=24422) to work on /home/airflow/.local/lib/python3.6/site-packages/airflow/example_dags/example_trigger_target_dag.py
[2025-05-31 11:52:22,519] {processor.py:642} INFO - Processing file /home/airflow/.local/lib/python3.6/site-packages/airflow/example_dags/example_trigger_target_dag.py for tasks to queue
[2025-05-31 11:52:22,520] {logging_mixin.py:109} INFO - [2025-05-31 11:52:22,520] {dagbag.py:500} INFO - Filling up the DagBag from /home/airflow/.local/lib/python3.6/site-packages/airflow/example_dags/example_trigger_target_dag.py
[2025-05-31 11:52:22,567] {processor.py:654} INFO - DAG(s) dict_keys(['example_trigger_target_dag']) retrieved from /home/airflow/.local/lib/python3.6/site-packages/airflow/example_dags/example_trigger_target_dag.py
[2025-05-31 11:52:22,582] {logging_mixin.py:109} INFO - [2025-05-31 11:52:22,582] {dag.py:2396} INFO - Sync 1 DAGs
[2025-05-31 11:52:22,604] {logging_mixin.py:109} INFO - [2025-05-31 11:52:22,604] {dag.py:2935} INFO - Setting next_dagrun for example_trigger_target_dag to None
[2025-05-31 11:52:22,618] {processor.py:171} INFO - Processing /home/airflow/.local/lib/python3.6/site-packages/airflow/example_dags/example_trigger_target_dag.py took 0.105 seconds
[2025-05-31 11:52:53,325] {processor.py:163} INFO - Started process (PID=24607) to work on /home/airflow/.local/lib/python3.6/site-packages/airflow/example_dags/example_trigger_target_dag.py
[2025-05-31 11:52:53,327] {processor.py:642} INFO - Processing file /home/airflow/.local/lib/python3.6/site-packages/airflow/example_dags/example_trigger_target_dag.py for tasks to queue
[2025-05-31 11:52:53,329] {logging_mixin.py:109} INFO - [2025-05-31 11:52:53,328] {dagbag.py:500} INFO - Filling up the DagBag from /home/airflow/.local/lib/python3.6/site-packages/airflow/example_dags/example_trigger_target_dag.py
[2025-05-31 11:52:53,379] {processor.py:654} INFO - DAG(s) dict_keys(['example_trigger_target_dag']) retrieved from /home/airflow/.local/lib/python3.6/site-packages/airflow/example_dags/example_trigger_target_dag.py
[2025-05-31 11:52:53,395] {logging_mixin.py:109} INFO - [2025-05-31 11:52:53,395] {dag.py:2396} INFO - Sync 1 DAGs
[2025-05-31 11:52:53,421] {logging_mixin.py:109} INFO - [2025-05-31 11:52:53,421] {dag.py:2935} INFO - Setting next_dagrun for example_trigger_target_dag to None
[2025-05-31 11:52:53,436] {processor.py:171} INFO - Processing /home/airflow/.local/lib/python3.6/site-packages/airflow/example_dags/example_trigger_target_dag.py took 0.116 seconds
[2025-05-31 11:53:24,637] {processor.py:163} INFO - Started process (PID=24802) to work on /home/airflow/.local/lib/python3.6/site-packages/airflow/example_dags/example_trigger_target_dag.py
[2025-05-31 11:53:24,639] {processor.py:642} INFO - Processing file /home/airflow/.local/lib/python3.6/site-packages/airflow/example_dags/example_trigger_target_dag.py for tasks to queue
[2025-05-31 11:53:24,641] {logging_mixin.py:109} INFO - [2025-05-31 11:53:24,640] {dagbag.py:500} INFO - Filling up the DagBag from /home/airflow/.local/lib/python3.6/site-packages/airflow/example_dags/example_trigger_target_dag.py
[2025-05-31 11:53:24,698] {processor.py:654} INFO - DAG(s) dict_keys(['example_trigger_target_dag']) retrieved from /home/airflow/.local/lib/python3.6/site-packages/airflow/example_dags/example_trigger_target_dag.py
[2025-05-31 11:53:24,714] {logging_mixin.py:109} INFO - [2025-05-31 11:53:24,714] {dag.py:2396} INFO - Sync 1 DAGs
[2025-05-31 11:53:24,745] {logging_mixin.py:109} INFO - [2025-05-31 11:53:24,745] {dag.py:2935} INFO - Setting next_dagrun for example_trigger_target_dag to None
[2025-05-31 11:53:24,759] {processor.py:171} INFO - Processing /home/airflow/.local/lib/python3.6/site-packages/airflow/example_dags/example_trigger_target_dag.py took 0.127 seconds
[2025-05-31 11:53:54,899] {processor.py:163} INFO - Started process (PID=24988) to work on /home/airflow/.local/lib/python3.6/site-packages/airflow/example_dags/example_trigger_target_dag.py
[2025-05-31 11:53:54,901] {processor.py:642} INFO - Processing file /home/airflow/.local/lib/python3.6/site-packages/airflow/example_dags/example_trigger_target_dag.py for tasks to queue
[2025-05-31 11:53:54,902] {logging_mixin.py:109} INFO - [2025-05-31 11:53:54,902] {dagbag.py:500} INFO - Filling up the DagBag from /home/airflow/.local/lib/python3.6/site-packages/airflow/example_dags/example_trigger_target_dag.py
[2025-05-31 11:53:54,957] {processor.py:654} INFO - DAG(s) dict_keys(['example_trigger_target_dag']) retrieved from /home/airflow/.local/lib/python3.6/site-packages/airflow/example_dags/example_trigger_target_dag.py
[2025-05-31 11:53:54,977] {logging_mixin.py:109} INFO - [2025-05-31 11:53:54,977] {dag.py:2396} INFO - Sync 1 DAGs
[2025-05-31 11:53:55,011] {logging_mixin.py:109} INFO - [2025-05-31 11:53:55,011] {dag.py:2935} INFO - Setting next_dagrun for example_trigger_target_dag to None
[2025-05-31 11:53:55,027] {processor.py:171} INFO - Processing /home/airflow/.local/lib/python3.6/site-packages/airflow/example_dags/example_trigger_target_dag.py took 0.134 seconds
[2025-05-31 11:54:25,820] {processor.py:163} INFO - Started process (PID=25184) to work on /home/airflow/.local/lib/python3.6/site-packages/airflow/example_dags/example_trigger_target_dag.py
[2025-05-31 11:54:25,821] {processor.py:642} INFO - Processing file /home/airflow/.local/lib/python3.6/site-packages/airflow/example_dags/example_trigger_target_dag.py for tasks to queue
[2025-05-31 11:54:25,822] {logging_mixin.py:109} INFO - [2025-05-31 11:54:25,822] {dagbag.py:500} INFO - Filling up the DagBag from /home/airflow/.local/lib/python3.6/site-packages/airflow/example_dags/example_trigger_target_dag.py
[2025-05-31 11:54:25,864] {processor.py:654} INFO - DAG(s) dict_keys(['example_trigger_target_dag']) retrieved from /home/airflow/.local/lib/python3.6/site-packages/airflow/example_dags/example_trigger_target_dag.py
[2025-05-31 11:54:25,880] {logging_mixin.py:109} INFO - [2025-05-31 11:54:25,880] {dag.py:2396} INFO - Sync 1 DAGs
[2025-05-31 11:54:25,907] {logging_mixin.py:109} INFO - [2025-05-31 11:54:25,907] {dag.py:2935} INFO - Setting next_dagrun for example_trigger_target_dag to None
[2025-05-31 11:54:25,920] {processor.py:171} INFO - Processing /home/airflow/.local/lib/python3.6/site-packages/airflow/example_dags/example_trigger_target_dag.py took 0.105 seconds
[2025-05-31 11:54:56,233] {processor.py:163} INFO - Started process (PID=25372) to work on /home/airflow/.local/lib/python3.6/site-packages/airflow/example_dags/example_trigger_target_dag.py
[2025-05-31 11:54:55,965] {processor.py:642} INFO - Processing file /home/airflow/.local/lib/python3.6/site-packages/airflow/example_dags/example_trigger_target_dag.py for tasks to queue
[2025-05-31 11:54:55,968] {logging_mixin.py:109} INFO - [2025-05-31 11:54:55,968] {dagbag.py:500} INFO - Filling up the DagBag from /home/airflow/.local/lib/python3.6/site-packages/airflow/example_dags/example_trigger_target_dag.py
[2025-05-31 11:54:56,010] {processor.py:654} INFO - DAG(s) dict_keys(['example_trigger_target_dag']) retrieved from /home/airflow/.local/lib/python3.6/site-packages/airflow/example_dags/example_trigger_target_dag.py
[2025-05-31 11:54:56,027] {logging_mixin.py:109} INFO - [2025-05-31 11:54:56,027] {dag.py:2396} INFO - Sync 1 DAGs
[2025-05-31 11:54:56,063] {logging_mixin.py:109} INFO - [2025-05-31 11:54:56,063] {dag.py:2935} INFO - Setting next_dagrun for example_trigger_target_dag to None
[2025-05-31 11:54:56,083] {processor.py:171} INFO - Processing /home/airflow/.local/lib/python3.6/site-packages/airflow/example_dags/example_trigger_target_dag.py took 0.125 seconds
[2025-05-31 11:55:26,473] {processor.py:163} INFO - Started process (PID=25547) to work on /home/airflow/.local/lib/python3.6/site-packages/airflow/example_dags/example_trigger_target_dag.py
[2025-05-31 11:55:26,476] {processor.py:642} INFO - Processing file /home/airflow/.local/lib/python3.6/site-packages/airflow/example_dags/example_trigger_target_dag.py for tasks to queue
[2025-05-31 11:55:26,477] {logging_mixin.py:109} INFO - [2025-05-31 11:55:26,477] {dagbag.py:500} INFO - Filling up the DagBag from /home/airflow/.local/lib/python3.6/site-packages/airflow/example_dags/example_trigger_target_dag.py
[2025-05-31 11:55:26,518] {processor.py:654} INFO - DAG(s) dict_keys(['example_trigger_target_dag']) retrieved from /home/airflow/.local/lib/python3.6/site-packages/airflow/example_dags/example_trigger_target_dag.py
[2025-05-31 11:55:26,532] {logging_mixin.py:109} INFO - [2025-05-31 11:55:26,532] {dag.py:2396} INFO - Sync 1 DAGs
[2025-05-31 11:55:26,555] {logging_mixin.py:109} INFO - [2025-05-31 11:55:26,555] {dag.py:2935} INFO - Setting next_dagrun for example_trigger_target_dag to None
[2025-05-31 11:55:26,567] {processor.py:171} INFO - Processing /home/airflow/.local/lib/python3.6/site-packages/airflow/example_dags/example_trigger_target_dag.py took 0.100 seconds
[2025-05-31 11:55:57,635] {processor.py:163} INFO - Started process (PID=25752) to work on /home/airflow/.local/lib/python3.6/site-packages/airflow/example_dags/example_trigger_target_dag.py
[2025-05-31 11:55:57,637] {processor.py:642} INFO - Processing file /home/airflow/.local/lib/python3.6/site-packages/airflow/example_dags/example_trigger_target_dag.py for tasks to queue
[2025-05-31 11:55:57,638] {logging_mixin.py:109} INFO - [2025-05-31 11:55:57,638] {dagbag.py:500} INFO - Filling up the DagBag from /home/airflow/.local/lib/python3.6/site-packages/airflow/example_dags/example_trigger_target_dag.py
[2025-05-31 11:55:57,679] {processor.py:654} INFO - DAG(s) dict_keys(['example_trigger_target_dag']) retrieved from /home/airflow/.local/lib/python3.6/site-packages/airflow/example_dags/example_trigger_target_dag.py
[2025-05-31 11:55:57,693] {logging_mixin.py:109} INFO - [2025-05-31 11:55:57,692] {dag.py:2396} INFO - Sync 1 DAGs
[2025-05-31 11:55:57,717] {logging_mixin.py:109} INFO - [2025-05-31 11:55:57,717] {dag.py:2935} INFO - Setting next_dagrun for example_trigger_target_dag to None
[2025-05-31 11:55:57,729] {processor.py:171} INFO - Processing /home/airflow/.local/lib/python3.6/site-packages/airflow/example_dags/example_trigger_target_dag.py took 0.099 seconds
[2025-05-31 11:56:28,376] {processor.py:163} INFO - Started process (PID=25937) to work on /home/airflow/.local/lib/python3.6/site-packages/airflow/example_dags/example_trigger_target_dag.py
[2025-05-31 11:56:28,378] {processor.py:642} INFO - Processing file /home/airflow/.local/lib/python3.6/site-packages/airflow/example_dags/example_trigger_target_dag.py for tasks to queue
[2025-05-31 11:56:28,379] {logging_mixin.py:109} INFO - [2025-05-31 11:56:28,379] {dagbag.py:500} INFO - Filling up the DagBag from /home/airflow/.local/lib/python3.6/site-packages/airflow/example_dags/example_trigger_target_dag.py
[2025-05-31 11:56:28,425] {processor.py:654} INFO - DAG(s) dict_keys(['example_trigger_target_dag']) retrieved from /home/airflow/.local/lib/python3.6/site-packages/airflow/example_dags/example_trigger_target_dag.py
[2025-05-31 11:56:28,439] {logging_mixin.py:109} INFO - [2025-05-31 11:56:28,439] {dag.py:2396} INFO - Sync 1 DAGs
[2025-05-31 11:56:28,465] {logging_mixin.py:109} INFO - [2025-05-31 11:56:28,465] {dag.py:2935} INFO - Setting next_dagrun for example_trigger_target_dag to None
[2025-05-31 11:56:28,477] {processor.py:171} INFO - Processing /home/airflow/.local/lib/python3.6/site-packages/airflow/example_dags/example_trigger_target_dag.py took 0.106 seconds
[2025-05-31 11:56:58,835] {processor.py:163} INFO - Started process (PID=26122) to work on /home/airflow/.local/lib/python3.6/site-packages/airflow/example_dags/example_trigger_target_dag.py
[2025-05-31 11:56:58,837] {processor.py:642} INFO - Processing file /home/airflow/.local/lib/python3.6/site-packages/airflow/example_dags/example_trigger_target_dag.py for tasks to queue
[2025-05-31 11:56:58,839] {logging_mixin.py:109} INFO - [2025-05-31 11:56:58,839] {dagbag.py:500} INFO - Filling up the DagBag from /home/airflow/.local/lib/python3.6/site-packages/airflow/example_dags/example_trigger_target_dag.py
[2025-05-31 11:56:58,882] {processor.py:654} INFO - DAG(s) dict_keys(['example_trigger_target_dag']) retrieved from /home/airflow/.local/lib/python3.6/site-packages/airflow/example_dags/example_trigger_target_dag.py
[2025-05-31 11:56:58,907] {logging_mixin.py:109} INFO - [2025-05-31 11:56:58,907] {dag.py:2396} INFO - Sync 1 DAGs
[2025-05-31 11:56:58,942] {logging_mixin.py:109} INFO - [2025-05-31 11:56:58,942] {dag.py:2935} INFO - Setting next_dagrun for example_trigger_target_dag to None
[2025-05-31 11:56:58,961] {processor.py:171} INFO - Processing /home/airflow/.local/lib/python3.6/site-packages/airflow/example_dags/example_trigger_target_dag.py took 0.130 seconds
[2025-05-31 11:57:29,246] {processor.py:163} INFO - Started process (PID=26317) to work on /home/airflow/.local/lib/python3.6/site-packages/airflow/example_dags/example_trigger_target_dag.py
[2025-05-31 11:57:29,248] {processor.py:642} INFO - Processing file /home/airflow/.local/lib/python3.6/site-packages/airflow/example_dags/example_trigger_target_dag.py for tasks to queue
[2025-05-31 11:57:29,249] {logging_mixin.py:109} INFO - [2025-05-31 11:57:29,249] {dagbag.py:500} INFO - Filling up the DagBag from /home/airflow/.local/lib/python3.6/site-packages/airflow/example_dags/example_trigger_target_dag.py
[2025-05-31 11:57:29,291] {processor.py:654} INFO - DAG(s) dict_keys(['example_trigger_target_dag']) retrieved from /home/airflow/.local/lib/python3.6/site-packages/airflow/example_dags/example_trigger_target_dag.py
[2025-05-31 11:57:29,305] {logging_mixin.py:109} INFO - [2025-05-31 11:57:29,305] {dag.py:2396} INFO - Sync 1 DAGs
[2025-05-31 11:57:29,328] {logging_mixin.py:109} INFO - [2025-05-31 11:57:29,328] {dag.py:2935} INFO - Setting next_dagrun for example_trigger_target_dag to None
[2025-05-31 11:57:29,341] {processor.py:171} INFO - Processing /home/airflow/.local/lib/python3.6/site-packages/airflow/example_dags/example_trigger_target_dag.py took 0.099 seconds
[2025-05-31 11:57:59,683] {processor.py:163} INFO - Started process (PID=26497) to work on /home/airflow/.local/lib/python3.6/site-packages/airflow/example_dags/example_trigger_target_dag.py
[2025-05-31 11:57:59,684] {processor.py:642} INFO - Processing file /home/airflow/.local/lib/python3.6/site-packages/airflow/example_dags/example_trigger_target_dag.py for tasks to queue
[2025-05-31 11:57:59,685] {logging_mixin.py:109} INFO - [2025-05-31 11:57:59,685] {dagbag.py:500} INFO - Filling up the DagBag from /home/airflow/.local/lib/python3.6/site-packages/airflow/example_dags/example_trigger_target_dag.py
[2025-05-31 11:57:59,726] {processor.py:654} INFO - DAG(s) dict_keys(['example_trigger_target_dag']) retrieved from /home/airflow/.local/lib/python3.6/site-packages/airflow/example_dags/example_trigger_target_dag.py
[2025-05-31 11:57:59,741] {logging_mixin.py:109} INFO - [2025-05-31 11:57:59,741] {dag.py:2396} INFO - Sync 1 DAGs
[2025-05-31 11:57:59,764] {logging_mixin.py:109} INFO - [2025-05-31 11:57:59,764] {dag.py:2935} INFO - Setting next_dagrun for example_trigger_target_dag to None
[2025-05-31 11:57:59,776] {processor.py:171} INFO - Processing /home/airflow/.local/lib/python3.6/site-packages/airflow/example_dags/example_trigger_target_dag.py took 0.098 seconds
[2025-05-31 11:58:30,728] {processor.py:163} INFO - Started process (PID=26697) to work on /home/airflow/.local/lib/python3.6/site-packages/airflow/example_dags/example_trigger_target_dag.py
[2025-05-31 11:58:30,731] {processor.py:642} INFO - Processing file /home/airflow/.local/lib/python3.6/site-packages/airflow/example_dags/example_trigger_target_dag.py for tasks to queue
[2025-05-31 11:58:30,733] {logging_mixin.py:109} INFO - [2025-05-31 11:58:30,733] {dagbag.py:500} INFO - Filling up the DagBag from /home/airflow/.local/lib/python3.6/site-packages/airflow/example_dags/example_trigger_target_dag.py
[2025-05-31 11:58:30,812] {processor.py:654} INFO - DAG(s) dict_keys(['example_trigger_target_dag']) retrieved from /home/airflow/.local/lib/python3.6/site-packages/airflow/example_dags/example_trigger_target_dag.py
[2025-05-31 11:58:30,834] {logging_mixin.py:109} INFO - [2025-05-31 11:58:30,834] {dag.py:2396} INFO - Sync 1 DAGs
[2025-05-31 11:58:30,865] {logging_mixin.py:109} INFO - [2025-05-31 11:58:30,865] {dag.py:2935} INFO - Setting next_dagrun for example_trigger_target_dag to None
[2025-05-31 11:58:30,879] {processor.py:171} INFO - Processing /home/airflow/.local/lib/python3.6/site-packages/airflow/example_dags/example_trigger_target_dag.py took 0.157 seconds
[2025-05-31 11:59:01,190] {processor.py:163} INFO - Started process (PID=26879) to work on /home/airflow/.local/lib/python3.6/site-packages/airflow/example_dags/example_trigger_target_dag.py
[2025-05-31 11:59:01,192] {processor.py:642} INFO - Processing file /home/airflow/.local/lib/python3.6/site-packages/airflow/example_dags/example_trigger_target_dag.py for tasks to queue
[2025-05-31 11:59:01,193] {logging_mixin.py:109} INFO - [2025-05-31 11:59:01,193] {dagbag.py:500} INFO - Filling up the DagBag from /home/airflow/.local/lib/python3.6/site-packages/airflow/example_dags/example_trigger_target_dag.py
[2025-05-31 11:59:01,234] {processor.py:654} INFO - DAG(s) dict_keys(['example_trigger_target_dag']) retrieved from /home/airflow/.local/lib/python3.6/site-packages/airflow/example_dags/example_trigger_target_dag.py
[2025-05-31 11:59:01,247] {logging_mixin.py:109} INFO - [2025-05-31 11:59:01,247] {dag.py:2396} INFO - Sync 1 DAGs
[2025-05-31 11:59:01,269] {logging_mixin.py:109} INFO - [2025-05-31 11:59:01,269] {dag.py:2935} INFO - Setting next_dagrun for example_trigger_target_dag to None
[2025-05-31 11:59:01,282] {processor.py:171} INFO - Processing /home/airflow/.local/lib/python3.6/site-packages/airflow/example_dags/example_trigger_target_dag.py took 0.096 seconds
[2025-05-31 11:59:32,427] {processor.py:163} INFO - Started process (PID=27077) to work on /home/airflow/.local/lib/python3.6/site-packages/airflow/example_dags/example_trigger_target_dag.py
[2025-05-31 11:59:32,429] {processor.py:642} INFO - Processing file /home/airflow/.local/lib/python3.6/site-packages/airflow/example_dags/example_trigger_target_dag.py for tasks to queue
[2025-05-31 11:59:32,430] {logging_mixin.py:109} INFO - [2025-05-31 11:59:32,430] {dagbag.py:500} INFO - Filling up the DagBag from /home/airflow/.local/lib/python3.6/site-packages/airflow/example_dags/example_trigger_target_dag.py
[2025-05-31 11:59:32,472] {processor.py:654} INFO - DAG(s) dict_keys(['example_trigger_target_dag']) retrieved from /home/airflow/.local/lib/python3.6/site-packages/airflow/example_dags/example_trigger_target_dag.py
[2025-05-31 11:59:32,487] {logging_mixin.py:109} INFO - [2025-05-31 11:59:32,487] {dag.py:2396} INFO - Sync 1 DAGs
[2025-05-31 11:59:32,511] {logging_mixin.py:109} INFO - [2025-05-31 11:59:32,511] {dag.py:2935} INFO - Setting next_dagrun for example_trigger_target_dag to None
[2025-05-31 11:59:32,522] {processor.py:171} INFO - Processing /home/airflow/.local/lib/python3.6/site-packages/airflow/example_dags/example_trigger_target_dag.py took 0.099 seconds
[2025-05-31 12:00:04,245] {processor.py:163} INFO - Started process (PID=27272) to work on /home/airflow/.local/lib/python3.6/site-packages/airflow/example_dags/example_trigger_target_dag.py
[2025-05-31 12:00:04,247] {processor.py:642} INFO - Processing file /home/airflow/.local/lib/python3.6/site-packages/airflow/example_dags/example_trigger_target_dag.py for tasks to queue
[2025-05-31 12:00:04,248] {logging_mixin.py:109} INFO - [2025-05-31 12:00:04,248] {dagbag.py:500} INFO - Filling up the DagBag from /home/airflow/.local/lib/python3.6/site-packages/airflow/example_dags/example_trigger_target_dag.py
[2025-05-31 12:00:04,290] {processor.py:654} INFO - DAG(s) dict_keys(['example_trigger_target_dag']) retrieved from /home/airflow/.local/lib/python3.6/site-packages/airflow/example_dags/example_trigger_target_dag.py
[2025-05-31 12:00:04,303] {logging_mixin.py:109} INFO - [2025-05-31 12:00:04,303] {dag.py:2396} INFO - Sync 1 DAGs
[2025-05-31 12:00:04,328] {logging_mixin.py:109} INFO - [2025-05-31 12:00:04,328] {dag.py:2935} INFO - Setting next_dagrun for example_trigger_target_dag to None
[2025-05-31 12:00:04,341] {processor.py:171} INFO - Processing /home/airflow/.local/lib/python3.6/site-packages/airflow/example_dags/example_trigger_target_dag.py took 0.100 seconds
[2025-05-31 12:00:34,721] {processor.py:163} INFO - Started process (PID=27457) to work on /home/airflow/.local/lib/python3.6/site-packages/airflow/example_dags/example_trigger_target_dag.py
[2025-05-31 12:00:34,723] {processor.py:642} INFO - Processing file /home/airflow/.local/lib/python3.6/site-packages/airflow/example_dags/example_trigger_target_dag.py for tasks to queue
[2025-05-31 12:00:34,724] {logging_mixin.py:109} INFO - [2025-05-31 12:00:34,724] {dagbag.py:500} INFO - Filling up the DagBag from /home/airflow/.local/lib/python3.6/site-packages/airflow/example_dags/example_trigger_target_dag.py
[2025-05-31 12:00:34,766] {processor.py:654} INFO - DAG(s) dict_keys(['example_trigger_target_dag']) retrieved from /home/airflow/.local/lib/python3.6/site-packages/airflow/example_dags/example_trigger_target_dag.py
[2025-05-31 12:00:34,782] {logging_mixin.py:109} INFO - [2025-05-31 12:00:34,782] {dag.py:2396} INFO - Sync 1 DAGs
[2025-05-31 12:00:34,807] {logging_mixin.py:109} INFO - [2025-05-31 12:00:34,807] {dag.py:2935} INFO - Setting next_dagrun for example_trigger_target_dag to None
[2025-05-31 12:00:34,820] {processor.py:171} INFO - Processing /home/airflow/.local/lib/python3.6/site-packages/airflow/example_dags/example_trigger_target_dag.py took 0.103 seconds
[2025-05-31 12:01:06,203] {processor.py:163} INFO - Started process (PID=27652) to work on /home/airflow/.local/lib/python3.6/site-packages/airflow/example_dags/example_trigger_target_dag.py
[2025-05-31 12:01:06,205] {processor.py:642} INFO - Processing file /home/airflow/.local/lib/python3.6/site-packages/airflow/example_dags/example_trigger_target_dag.py for tasks to queue
[2025-05-31 12:01:06,206] {logging_mixin.py:109} INFO - [2025-05-31 12:01:06,206] {dagbag.py:500} INFO - Filling up the DagBag from /home/airflow/.local/lib/python3.6/site-packages/airflow/example_dags/example_trigger_target_dag.py
[2025-05-31 12:01:06,255] {processor.py:654} INFO - DAG(s) dict_keys(['example_trigger_target_dag']) retrieved from /home/airflow/.local/lib/python3.6/site-packages/airflow/example_dags/example_trigger_target_dag.py
[2025-05-31 12:01:06,273] {logging_mixin.py:109} INFO - [2025-05-31 12:01:06,273] {dag.py:2396} INFO - Sync 1 DAGs
[2025-05-31 12:01:06,302] {logging_mixin.py:109} INFO - [2025-05-31 12:01:06,302] {dag.py:2935} INFO - Setting next_dagrun for example_trigger_target_dag to None
[2025-05-31 12:01:06,317] {processor.py:171} INFO - Processing /home/airflow/.local/lib/python3.6/site-packages/airflow/example_dags/example_trigger_target_dag.py took 0.121 seconds
[2025-05-31 12:01:36,931] {processor.py:163} INFO - Started process (PID=27837) to work on /home/airflow/.local/lib/python3.6/site-packages/airflow/example_dags/example_trigger_target_dag.py
[2025-05-31 12:01:36,934] {processor.py:642} INFO - Processing file /home/airflow/.local/lib/python3.6/site-packages/airflow/example_dags/example_trigger_target_dag.py for tasks to queue
[2025-05-31 12:01:36,935] {logging_mixin.py:109} INFO - [2025-05-31 12:01:36,935] {dagbag.py:500} INFO - Filling up the DagBag from /home/airflow/.local/lib/python3.6/site-packages/airflow/example_dags/example_trigger_target_dag.py
[2025-05-31 12:01:36,982] {processor.py:654} INFO - DAG(s) dict_keys(['example_trigger_target_dag']) retrieved from /home/airflow/.local/lib/python3.6/site-packages/airflow/example_dags/example_trigger_target_dag.py
[2025-05-31 12:01:36,996] {logging_mixin.py:109} INFO - [2025-05-31 12:01:36,996] {dag.py:2396} INFO - Sync 1 DAGs
[2025-05-31 12:01:37,020] {logging_mixin.py:109} INFO - [2025-05-31 12:01:37,019] {dag.py:2935} INFO - Setting next_dagrun for example_trigger_target_dag to None
[2025-05-31 12:01:37,031] {processor.py:171} INFO - Processing /home/airflow/.local/lib/python3.6/site-packages/airflow/example_dags/example_trigger_target_dag.py took 0.105 seconds
[2025-05-31 12:02:08,005] {processor.py:163} INFO - Started process (PID=28031) to work on /home/airflow/.local/lib/python3.6/site-packages/airflow/example_dags/example_trigger_target_dag.py
[2025-05-31 12:02:08,007] {processor.py:642} INFO - Processing file /home/airflow/.local/lib/python3.6/site-packages/airflow/example_dags/example_trigger_target_dag.py for tasks to queue
[2025-05-31 12:02:08,008] {logging_mixin.py:109} INFO - [2025-05-31 12:02:08,008] {dagbag.py:500} INFO - Filling up the DagBag from /home/airflow/.local/lib/python3.6/site-packages/airflow/example_dags/example_trigger_target_dag.py
[2025-05-31 12:02:08,056] {processor.py:654} INFO - DAG(s) dict_keys(['example_trigger_target_dag']) retrieved from /home/airflow/.local/lib/python3.6/site-packages/airflow/example_dags/example_trigger_target_dag.py
[2025-05-31 12:02:08,074] {logging_mixin.py:109} INFO - [2025-05-31 12:02:08,074] {dag.py:2396} INFO - Sync 1 DAGs
[2025-05-31 12:02:08,101] {logging_mixin.py:109} INFO - [2025-05-31 12:02:08,101] {dag.py:2935} INFO - Setting next_dagrun for example_trigger_target_dag to None
[2025-05-31 12:02:08,117] {processor.py:171} INFO - Processing /home/airflow/.local/lib/python3.6/site-packages/airflow/example_dags/example_trigger_target_dag.py took 0.117 seconds
[2025-05-31 12:02:39,379] {processor.py:163} INFO - Started process (PID=28217) to work on /home/airflow/.local/lib/python3.6/site-packages/airflow/example_dags/example_trigger_target_dag.py
[2025-05-31 12:02:39,381] {processor.py:642} INFO - Processing file /home/airflow/.local/lib/python3.6/site-packages/airflow/example_dags/example_trigger_target_dag.py for tasks to queue
[2025-05-31 12:02:39,382] {logging_mixin.py:109} INFO - [2025-05-31 12:02:39,382] {dagbag.py:500} INFO - Filling up the DagBag from /home/airflow/.local/lib/python3.6/site-packages/airflow/example_dags/example_trigger_target_dag.py
[2025-05-31 12:02:39,424] {processor.py:654} INFO - DAG(s) dict_keys(['example_trigger_target_dag']) retrieved from /home/airflow/.local/lib/python3.6/site-packages/airflow/example_dags/example_trigger_target_dag.py
[2025-05-31 12:02:39,438] {logging_mixin.py:109} INFO - [2025-05-31 12:02:39,438] {dag.py:2396} INFO - Sync 1 DAGs
[2025-05-31 12:02:39,465] {logging_mixin.py:109} INFO - [2025-05-31 12:02:39,465] {dag.py:2935} INFO - Setting next_dagrun for example_trigger_target_dag to None
[2025-05-31 12:02:39,480] {processor.py:171} INFO - Processing /home/airflow/.local/lib/python3.6/site-packages/airflow/example_dags/example_trigger_target_dag.py took 0.105 seconds
[2025-05-31 12:03:10,464] {processor.py:163} INFO - Started process (PID=28402) to work on /home/airflow/.local/lib/python3.6/site-packages/airflow/example_dags/example_trigger_target_dag.py
[2025-05-31 12:03:10,466] {processor.py:642} INFO - Processing file /home/airflow/.local/lib/python3.6/site-packages/airflow/example_dags/example_trigger_target_dag.py for tasks to queue
[2025-05-31 12:03:10,468] {logging_mixin.py:109} INFO - [2025-05-31 12:03:10,468] {dagbag.py:500} INFO - Filling up the DagBag from /home/airflow/.local/lib/python3.6/site-packages/airflow/example_dags/example_trigger_target_dag.py
[2025-05-31 12:03:10,520] {processor.py:654} INFO - DAG(s) dict_keys(['example_trigger_target_dag']) retrieved from /home/airflow/.local/lib/python3.6/site-packages/airflow/example_dags/example_trigger_target_dag.py
[2025-05-31 12:03:10,540] {logging_mixin.py:109} INFO - [2025-05-31 12:03:10,540] {dag.py:2396} INFO - Sync 1 DAGs
[2025-05-31 12:03:10,570] {logging_mixin.py:109} INFO - [2025-05-31 12:03:10,570] {dag.py:2935} INFO - Setting next_dagrun for example_trigger_target_dag to None
[2025-05-31 12:03:10,584] {processor.py:171} INFO - Processing /home/airflow/.local/lib/python3.6/site-packages/airflow/example_dags/example_trigger_target_dag.py took 0.126 seconds
[2025-05-31 12:03:40,986] {processor.py:163} INFO - Started process (PID=28599) to work on /home/airflow/.local/lib/python3.6/site-packages/airflow/example_dags/example_trigger_target_dag.py
[2025-05-31 12:03:40,988] {processor.py:642} INFO - Processing file /home/airflow/.local/lib/python3.6/site-packages/airflow/example_dags/example_trigger_target_dag.py for tasks to queue
[2025-05-31 12:03:40,989] {logging_mixin.py:109} INFO - [2025-05-31 12:03:40,989] {dagbag.py:500} INFO - Filling up the DagBag from /home/airflow/.local/lib/python3.6/site-packages/airflow/example_dags/example_trigger_target_dag.py
[2025-05-31 12:03:41,037] {processor.py:654} INFO - DAG(s) dict_keys(['example_trigger_target_dag']) retrieved from /home/airflow/.local/lib/python3.6/site-packages/airflow/example_dags/example_trigger_target_dag.py
[2025-05-31 12:03:41,050] {logging_mixin.py:109} INFO - [2025-05-31 12:03:41,049] {dag.py:2396} INFO - Sync 1 DAGs
[2025-05-31 12:03:41,070] {logging_mixin.py:109} INFO - [2025-05-31 12:03:41,070] {dag.py:2935} INFO - Setting next_dagrun for example_trigger_target_dag to None
[2025-05-31 12:03:41,082] {processor.py:171} INFO - Processing /home/airflow/.local/lib/python3.6/site-packages/airflow/example_dags/example_trigger_target_dag.py took 0.101 seconds
[2025-05-31 12:04:11,524] {processor.py:163} INFO - Started process (PID=28782) to work on /home/airflow/.local/lib/python3.6/site-packages/airflow/example_dags/example_trigger_target_dag.py
[2025-05-31 12:04:11,526] {processor.py:642} INFO - Processing file /home/airflow/.local/lib/python3.6/site-packages/airflow/example_dags/example_trigger_target_dag.py for tasks to queue
[2025-05-31 12:04:11,527] {logging_mixin.py:109} INFO - [2025-05-31 12:04:11,527] {dagbag.py:500} INFO - Filling up the DagBag from /home/airflow/.local/lib/python3.6/site-packages/airflow/example_dags/example_trigger_target_dag.py
[2025-05-31 12:04:11,568] {processor.py:654} INFO - DAG(s) dict_keys(['example_trigger_target_dag']) retrieved from /home/airflow/.local/lib/python3.6/site-packages/airflow/example_dags/example_trigger_target_dag.py
[2025-05-31 12:04:11,582] {logging_mixin.py:109} INFO - [2025-05-31 12:04:11,582] {dag.py:2396} INFO - Sync 1 DAGs
[2025-05-31 12:04:11,607] {logging_mixin.py:109} INFO - [2025-05-31 12:04:11,607] {dag.py:2935} INFO - Setting next_dagrun for example_trigger_target_dag to None
[2025-05-31 12:04:11,619] {processor.py:171} INFO - Processing /home/airflow/.local/lib/python3.6/site-packages/airflow/example_dags/example_trigger_target_dag.py took 0.102 seconds
[2025-05-31 12:04:42,022] {processor.py:163} INFO - Started process (PID=28977) to work on /home/airflow/.local/lib/python3.6/site-packages/airflow/example_dags/example_trigger_target_dag.py
[2025-05-31 12:04:42,025] {processor.py:642} INFO - Processing file /home/airflow/.local/lib/python3.6/site-packages/airflow/example_dags/example_trigger_target_dag.py for tasks to queue
[2025-05-31 12:04:42,026] {logging_mixin.py:109} INFO - [2025-05-31 12:04:42,026] {dagbag.py:500} INFO - Filling up the DagBag from /home/airflow/.local/lib/python3.6/site-packages/airflow/example_dags/example_trigger_target_dag.py
[2025-05-31 12:04:42,076] {processor.py:654} INFO - DAG(s) dict_keys(['example_trigger_target_dag']) retrieved from /home/airflow/.local/lib/python3.6/site-packages/airflow/example_dags/example_trigger_target_dag.py
[2025-05-31 12:04:42,094] {logging_mixin.py:109} INFO - [2025-05-31 12:04:42,093] {dag.py:2396} INFO - Sync 1 DAGs
[2025-05-31 12:04:42,119] {logging_mixin.py:109} INFO - [2025-05-31 12:04:42,119] {dag.py:2935} INFO - Setting next_dagrun for example_trigger_target_dag to None
[2025-05-31 12:04:42,134] {processor.py:171} INFO - Processing /home/airflow/.local/lib/python3.6/site-packages/airflow/example_dags/example_trigger_target_dag.py took 0.116 seconds
[2025-05-31 12:05:12,328] {processor.py:163} INFO - Started process (PID=29162) to work on /home/airflow/.local/lib/python3.6/site-packages/airflow/example_dags/example_trigger_target_dag.py
[2025-05-31 12:05:12,330] {processor.py:642} INFO - Processing file /home/airflow/.local/lib/python3.6/site-packages/airflow/example_dags/example_trigger_target_dag.py for tasks to queue
[2025-05-31 12:05:12,331] {logging_mixin.py:109} INFO - [2025-05-31 12:05:12,331] {dagbag.py:500} INFO - Filling up the DagBag from /home/airflow/.local/lib/python3.6/site-packages/airflow/example_dags/example_trigger_target_dag.py
[2025-05-31 12:05:12,373] {processor.py:654} INFO - DAG(s) dict_keys(['example_trigger_target_dag']) retrieved from /home/airflow/.local/lib/python3.6/site-packages/airflow/example_dags/example_trigger_target_dag.py
[2025-05-31 12:05:12,386] {logging_mixin.py:109} INFO - [2025-05-31 12:05:12,386] {dag.py:2396} INFO - Sync 1 DAGs
[2025-05-31 12:05:12,411] {logging_mixin.py:109} INFO - [2025-05-31 12:05:12,411] {dag.py:2935} INFO - Setting next_dagrun for example_trigger_target_dag to None
[2025-05-31 12:05:12,425] {processor.py:171} INFO - Processing /home/airflow/.local/lib/python3.6/site-packages/airflow/example_dags/example_trigger_target_dag.py took 0.102 seconds
[2025-05-31 12:05:42,800] {processor.py:163} INFO - Started process (PID=29347) to work on /home/airflow/.local/lib/python3.6/site-packages/airflow/example_dags/example_trigger_target_dag.py
[2025-05-31 12:05:42,802] {processor.py:642} INFO - Processing file /home/airflow/.local/lib/python3.6/site-packages/airflow/example_dags/example_trigger_target_dag.py for tasks to queue
[2025-05-31 12:05:42,803] {logging_mixin.py:109} INFO - [2025-05-31 12:05:42,803] {dagbag.py:500} INFO - Filling up the DagBag from /home/airflow/.local/lib/python3.6/site-packages/airflow/example_dags/example_trigger_target_dag.py
[2025-05-31 12:05:42,848] {processor.py:654} INFO - DAG(s) dict_keys(['example_trigger_target_dag']) retrieved from /home/airflow/.local/lib/python3.6/site-packages/airflow/example_dags/example_trigger_target_dag.py
[2025-05-31 12:05:42,862] {logging_mixin.py:109} INFO - [2025-05-31 12:05:42,862] {dag.py:2396} INFO - Sync 1 DAGs
[2025-05-31 12:05:42,887] {logging_mixin.py:109} INFO - [2025-05-31 12:05:42,887] {dag.py:2935} INFO - Setting next_dagrun for example_trigger_target_dag to None
[2025-05-31 12:05:42,900] {processor.py:171} INFO - Processing /home/airflow/.local/lib/python3.6/site-packages/airflow/example_dags/example_trigger_target_dag.py took 0.105 seconds
[2025-05-31 12:06:13,644] {processor.py:163} INFO - Started process (PID=29542) to work on /home/airflow/.local/lib/python3.6/site-packages/airflow/example_dags/example_trigger_target_dag.py
[2025-05-31 12:06:13,646] {processor.py:642} INFO - Processing file /home/airflow/.local/lib/python3.6/site-packages/airflow/example_dags/example_trigger_target_dag.py for tasks to queue
[2025-05-31 12:06:13,647] {logging_mixin.py:109} INFO - [2025-05-31 12:06:13,647] {dagbag.py:500} INFO - Filling up the DagBag from /home/airflow/.local/lib/python3.6/site-packages/airflow/example_dags/example_trigger_target_dag.py
[2025-05-31 12:06:13,698] {processor.py:654} INFO - DAG(s) dict_keys(['example_trigger_target_dag']) retrieved from /home/airflow/.local/lib/python3.6/site-packages/airflow/example_dags/example_trigger_target_dag.py
[2025-05-31 12:06:13,716] {logging_mixin.py:109} INFO - [2025-05-31 12:06:13,716] {dag.py:2396} INFO - Sync 1 DAGs
[2025-05-31 12:06:13,747] {logging_mixin.py:109} INFO - [2025-05-31 12:06:13,747] {dag.py:2935} INFO - Setting next_dagrun for example_trigger_target_dag to None
[2025-05-31 12:06:13,763] {processor.py:171} INFO - Processing /home/airflow/.local/lib/python3.6/site-packages/airflow/example_dags/example_trigger_target_dag.py took 0.125 seconds
[2025-05-31 12:06:43,854] {processor.py:163} INFO - Started process (PID=29727) to work on /home/airflow/.local/lib/python3.6/site-packages/airflow/example_dags/example_trigger_target_dag.py
[2025-05-31 12:06:43,856] {processor.py:642} INFO - Processing file /home/airflow/.local/lib/python3.6/site-packages/airflow/example_dags/example_trigger_target_dag.py for tasks to queue
[2025-05-31 12:06:43,857] {logging_mixin.py:109} INFO - [2025-05-31 12:06:43,857] {dagbag.py:500} INFO - Filling up the DagBag from /home/airflow/.local/lib/python3.6/site-packages/airflow/example_dags/example_trigger_target_dag.py
[2025-05-31 12:06:43,902] {processor.py:654} INFO - DAG(s) dict_keys(['example_trigger_target_dag']) retrieved from /home/airflow/.local/lib/python3.6/site-packages/airflow/example_dags/example_trigger_target_dag.py
[2025-05-31 12:06:43,915] {logging_mixin.py:109} INFO - [2025-05-31 12:06:43,915] {dag.py:2396} INFO - Sync 1 DAGs
[2025-05-31 12:06:43,936] {logging_mixin.py:109} INFO - [2025-05-31 12:06:43,936] {dag.py:2935} INFO - Setting next_dagrun for example_trigger_target_dag to None
[2025-05-31 12:06:43,950] {processor.py:171} INFO - Processing /home/airflow/.local/lib/python3.6/site-packages/airflow/example_dags/example_trigger_target_dag.py took 0.102 seconds
[2025-05-31 12:07:14,656] {processor.py:163} INFO - Started process (PID=29913) to work on /home/airflow/.local/lib/python3.6/site-packages/airflow/example_dags/example_trigger_target_dag.py
[2025-05-31 12:07:14,658] {processor.py:642} INFO - Processing file /home/airflow/.local/lib/python3.6/site-packages/airflow/example_dags/example_trigger_target_dag.py for tasks to queue
[2025-05-31 12:07:14,659] {logging_mixin.py:109} INFO - [2025-05-31 12:07:14,659] {dagbag.py:500} INFO - Filling up the DagBag from /home/airflow/.local/lib/python3.6/site-packages/airflow/example_dags/example_trigger_target_dag.py
[2025-05-31 12:07:14,703] {processor.py:654} INFO - DAG(s) dict_keys(['example_trigger_target_dag']) retrieved from /home/airflow/.local/lib/python3.6/site-packages/airflow/example_dags/example_trigger_target_dag.py
[2025-05-31 12:07:14,716] {logging_mixin.py:109} INFO - [2025-05-31 12:07:14,716] {dag.py:2396} INFO - Sync 1 DAGs
[2025-05-31 12:07:14,745] {logging_mixin.py:109} INFO - [2025-05-31 12:07:14,745] {dag.py:2935} INFO - Setting next_dagrun for example_trigger_target_dag to None
[2025-05-31 12:07:14,762] {processor.py:171} INFO - Processing /home/airflow/.local/lib/python3.6/site-packages/airflow/example_dags/example_trigger_target_dag.py took 0.109 seconds
[2025-05-31 12:07:45,054] {processor.py:163} INFO - Started process (PID=30104) to work on /home/airflow/.local/lib/python3.6/site-packages/airflow/example_dags/example_trigger_target_dag.py
[2025-05-31 12:07:45,056] {processor.py:642} INFO - Processing file /home/airflow/.local/lib/python3.6/site-packages/airflow/example_dags/example_trigger_target_dag.py for tasks to queue
[2025-05-31 12:07:45,057] {logging_mixin.py:109} INFO - [2025-05-31 12:07:45,057] {dagbag.py:500} INFO - Filling up the DagBag from /home/airflow/.local/lib/python3.6/site-packages/airflow/example_dags/example_trigger_target_dag.py
[2025-05-31 12:07:45,096] {processor.py:654} INFO - DAG(s) dict_keys(['example_trigger_target_dag']) retrieved from /home/airflow/.local/lib/python3.6/site-packages/airflow/example_dags/example_trigger_target_dag.py
[2025-05-31 12:07:45,108] {logging_mixin.py:109} INFO - [2025-05-31 12:07:45,108] {dag.py:2396} INFO - Sync 1 DAGs
[2025-05-31 12:07:45,127] {logging_mixin.py:109} INFO - [2025-05-31 12:07:45,127] {dag.py:2935} INFO - Setting next_dagrun for example_trigger_target_dag to None
[2025-05-31 12:07:45,143] {processor.py:171} INFO - Processing /home/airflow/.local/lib/python3.6/site-packages/airflow/example_dags/example_trigger_target_dag.py took 0.092 seconds
[2025-05-31 12:08:15,492] {processor.py:163} INFO - Started process (PID=30287) to work on /home/airflow/.local/lib/python3.6/site-packages/airflow/example_dags/example_trigger_target_dag.py
[2025-05-31 12:08:15,494] {processor.py:642} INFO - Processing file /home/airflow/.local/lib/python3.6/site-packages/airflow/example_dags/example_trigger_target_dag.py for tasks to queue
[2025-05-31 12:08:15,495] {logging_mixin.py:109} INFO - [2025-05-31 12:08:15,495] {dagbag.py:500} INFO - Filling up the DagBag from /home/airflow/.local/lib/python3.6/site-packages/airflow/example_dags/example_trigger_target_dag.py
[2025-05-31 12:08:15,535] {processor.py:654} INFO - DAG(s) dict_keys(['example_trigger_target_dag']) retrieved from /home/airflow/.local/lib/python3.6/site-packages/airflow/example_dags/example_trigger_target_dag.py
[2025-05-31 12:08:15,548] {logging_mixin.py:109} INFO - [2025-05-31 12:08:15,548] {dag.py:2396} INFO - Sync 1 DAGs
[2025-05-31 12:08:15,573] {logging_mixin.py:109} INFO - [2025-05-31 12:08:15,572] {dag.py:2935} INFO - Setting next_dagrun for example_trigger_target_dag to None
[2025-05-31 12:08:15,585] {processor.py:171} INFO - Processing /home/airflow/.local/lib/python3.6/site-packages/airflow/example_dags/example_trigger_target_dag.py took 0.097 seconds
[2025-05-31 12:08:45,730] {processor.py:163} INFO - Started process (PID=30481) to work on /home/airflow/.local/lib/python3.6/site-packages/airflow/example_dags/example_trigger_target_dag.py
[2025-05-31 12:08:45,732] {processor.py:642} INFO - Processing file /home/airflow/.local/lib/python3.6/site-packages/airflow/example_dags/example_trigger_target_dag.py for tasks to queue
[2025-05-31 12:08:45,733] {logging_mixin.py:109} INFO - [2025-05-31 12:08:45,733] {dagbag.py:500} INFO - Filling up the DagBag from /home/airflow/.local/lib/python3.6/site-packages/airflow/example_dags/example_trigger_target_dag.py
[2025-05-31 12:08:45,783] {processor.py:654} INFO - DAG(s) dict_keys(['example_trigger_target_dag']) retrieved from /home/airflow/.local/lib/python3.6/site-packages/airflow/example_dags/example_trigger_target_dag.py
[2025-05-31 12:08:45,801] {logging_mixin.py:109} INFO - [2025-05-31 12:08:45,801] {dag.py:2396} INFO - Sync 1 DAGs
[2025-05-31 12:08:45,826] {logging_mixin.py:109} INFO - [2025-05-31 12:08:45,826] {dag.py:2935} INFO - Setting next_dagrun for example_trigger_target_dag to None
[2025-05-31 12:08:45,840] {processor.py:171} INFO - Processing /home/airflow/.local/lib/python3.6/site-packages/airflow/example_dags/example_trigger_target_dag.py took 0.115 seconds
[2025-05-31 12:09:16,730] {processor.py:163} INFO - Started process (PID=30667) to work on /home/airflow/.local/lib/python3.6/site-packages/airflow/example_dags/example_trigger_target_dag.py
[2025-05-31 12:09:16,732] {processor.py:642} INFO - Processing file /home/airflow/.local/lib/python3.6/site-packages/airflow/example_dags/example_trigger_target_dag.py for tasks to queue
[2025-05-31 12:09:16,733] {logging_mixin.py:109} INFO - [2025-05-31 12:09:16,733] {dagbag.py:500} INFO - Filling up the DagBag from /home/airflow/.local/lib/python3.6/site-packages/airflow/example_dags/example_trigger_target_dag.py
[2025-05-31 12:09:16,772] {processor.py:654} INFO - DAG(s) dict_keys(['example_trigger_target_dag']) retrieved from /home/airflow/.local/lib/python3.6/site-packages/airflow/example_dags/example_trigger_target_dag.py
[2025-05-31 12:09:16,785] {logging_mixin.py:109} INFO - [2025-05-31 12:09:16,784] {dag.py:2396} INFO - Sync 1 DAGs
[2025-05-31 12:09:16,807] {logging_mixin.py:109} INFO - [2025-05-31 12:09:16,807] {dag.py:2935} INFO - Setting next_dagrun for example_trigger_target_dag to None
[2025-05-31 12:09:16,818] {processor.py:171} INFO - Processing /home/airflow/.local/lib/python3.6/site-packages/airflow/example_dags/example_trigger_target_dag.py took 0.093 seconds
[2025-05-31 12:09:47,261] {processor.py:163} INFO - Started process (PID=30854) to work on /home/airflow/.local/lib/python3.6/site-packages/airflow/example_dags/example_trigger_target_dag.py
[2025-05-31 12:09:47,263] {processor.py:642} INFO - Processing file /home/airflow/.local/lib/python3.6/site-packages/airflow/example_dags/example_trigger_target_dag.py for tasks to queue
[2025-05-31 12:09:47,264] {logging_mixin.py:109} INFO - [2025-05-31 12:09:47,264] {dagbag.py:500} INFO - Filling up the DagBag from /home/airflow/.local/lib/python3.6/site-packages/airflow/example_dags/example_trigger_target_dag.py
[2025-05-31 12:09:47,303] {processor.py:654} INFO - DAG(s) dict_keys(['example_trigger_target_dag']) retrieved from /home/airflow/.local/lib/python3.6/site-packages/airflow/example_dags/example_trigger_target_dag.py
[2025-05-31 12:09:47,317] {logging_mixin.py:109} INFO - [2025-05-31 12:09:47,317] {dag.py:2396} INFO - Sync 1 DAGs
[2025-05-31 12:09:47,338] {logging_mixin.py:109} INFO - [2025-05-31 12:09:47,338] {dag.py:2935} INFO - Setting next_dagrun for example_trigger_target_dag to None
[2025-05-31 12:09:47,350] {processor.py:171} INFO - Processing /home/airflow/.local/lib/python3.6/site-packages/airflow/example_dags/example_trigger_target_dag.py took 0.093 seconds
[2025-05-31 12:10:18,439] {processor.py:163} INFO - Started process (PID=31047) to work on /home/airflow/.local/lib/python3.6/site-packages/airflow/example_dags/example_trigger_target_dag.py
[2025-05-31 12:10:18,442] {processor.py:642} INFO - Processing file /home/airflow/.local/lib/python3.6/site-packages/airflow/example_dags/example_trigger_target_dag.py for tasks to queue
[2025-05-31 12:10:18,443] {logging_mixin.py:109} INFO - [2025-05-31 12:10:18,443] {dagbag.py:500} INFO - Filling up the DagBag from /home/airflow/.local/lib/python3.6/site-packages/airflow/example_dags/example_trigger_target_dag.py
[2025-05-31 12:10:18,496] {processor.py:654} INFO - DAG(s) dict_keys(['example_trigger_target_dag']) retrieved from /home/airflow/.local/lib/python3.6/site-packages/airflow/example_dags/example_trigger_target_dag.py
[2025-05-31 12:10:18,512] {logging_mixin.py:109} INFO - [2025-05-31 12:10:18,512] {dag.py:2396} INFO - Sync 1 DAGs
[2025-05-31 12:10:18,540] {logging_mixin.py:109} INFO - [2025-05-31 12:10:18,540] {dag.py:2935} INFO - Setting next_dagrun for example_trigger_target_dag to None
[2025-05-31 12:10:18,557] {processor.py:171} INFO - Processing /home/airflow/.local/lib/python3.6/site-packages/airflow/example_dags/example_trigger_target_dag.py took 0.126 seconds
[2025-05-31 12:10:49,306] {processor.py:163} INFO - Started process (PID=31232) to work on /home/airflow/.local/lib/python3.6/site-packages/airflow/example_dags/example_trigger_target_dag.py
[2025-05-31 12:10:49,308] {processor.py:642} INFO - Processing file /home/airflow/.local/lib/python3.6/site-packages/airflow/example_dags/example_trigger_target_dag.py for tasks to queue
[2025-05-31 12:10:49,309] {logging_mixin.py:109} INFO - [2025-05-31 12:10:49,309] {dagbag.py:500} INFO - Filling up the DagBag from /home/airflow/.local/lib/python3.6/site-packages/airflow/example_dags/example_trigger_target_dag.py
[2025-05-31 12:10:49,394] {processor.py:654} INFO - DAG(s) dict_keys(['example_trigger_target_dag']) retrieved from /home/airflow/.local/lib/python3.6/site-packages/airflow/example_dags/example_trigger_target_dag.py
[2025-05-31 12:10:49,412] {logging_mixin.py:109} INFO - [2025-05-31 12:10:49,412] {dag.py:2396} INFO - Sync 1 DAGs
[2025-05-31 12:10:49,441] {logging_mixin.py:109} INFO - [2025-05-31 12:10:49,441] {dag.py:2935} INFO - Setting next_dagrun for example_trigger_target_dag to None
[2025-05-31 12:10:49,456] {processor.py:171} INFO - Processing /home/airflow/.local/lib/python3.6/site-packages/airflow/example_dags/example_trigger_target_dag.py took 0.154 seconds
[2025-05-31 17:31:09,605] {processor.py:163} INFO - Started process (PID=328) to work on /home/airflow/.local/lib/python3.6/site-packages/airflow/example_dags/example_trigger_target_dag.py
[2025-05-31 17:31:09,608] {processor.py:642} INFO - Processing file /home/airflow/.local/lib/python3.6/site-packages/airflow/example_dags/example_trigger_target_dag.py for tasks to queue
[2025-05-31 17:31:09,610] {logging_mixin.py:109} INFO - [2025-05-31 17:31:09,610] {dagbag.py:500} INFO - Filling up the DagBag from /home/airflow/.local/lib/python3.6/site-packages/airflow/example_dags/example_trigger_target_dag.py
[2025-05-31 17:31:09,675] {processor.py:654} INFO - DAG(s) dict_keys(['example_trigger_target_dag']) retrieved from /home/airflow/.local/lib/python3.6/site-packages/airflow/example_dags/example_trigger_target_dag.py
[2025-05-31 17:31:09,698] {logging_mixin.py:109} INFO - [2025-05-31 17:31:09,697] {dag.py:2396} INFO - Sync 1 DAGs
[2025-05-31 17:31:09,738] {logging_mixin.py:109} INFO - [2025-05-31 17:31:09,738] {dag.py:2935} INFO - Setting next_dagrun for example_trigger_target_dag to None
[2025-05-31 17:31:09,758] {processor.py:171} INFO - Processing /home/airflow/.local/lib/python3.6/site-packages/airflow/example_dags/example_trigger_target_dag.py took 0.159 seconds
[2025-05-31 17:31:42,813] {processor.py:163} INFO - Started process (PID=518) to work on /home/airflow/.local/lib/python3.6/site-packages/airflow/example_dags/example_trigger_target_dag.py
[2025-05-31 17:31:42,815] {processor.py:642} INFO - Processing file /home/airflow/.local/lib/python3.6/site-packages/airflow/example_dags/example_trigger_target_dag.py for tasks to queue
[2025-05-31 17:31:42,816] {logging_mixin.py:109} INFO - [2025-05-31 17:31:42,816] {dagbag.py:500} INFO - Filling up the DagBag from /home/airflow/.local/lib/python3.6/site-packages/airflow/example_dags/example_trigger_target_dag.py
[2025-05-31 17:31:42,896] {processor.py:654} INFO - DAG(s) dict_keys(['example_trigger_target_dag']) retrieved from /home/airflow/.local/lib/python3.6/site-packages/airflow/example_dags/example_trigger_target_dag.py
[2025-05-31 17:31:42,944] {logging_mixin.py:109} INFO - [2025-05-31 17:31:42,943] {dag.py:2396} INFO - Sync 1 DAGs
[2025-05-31 17:31:43,077] {logging_mixin.py:109} INFO - [2025-05-31 17:31:43,077] {dag.py:2935} INFO - Setting next_dagrun for example_trigger_target_dag to None
[2025-05-31 17:31:43,109] {processor.py:171} INFO - Processing /home/airflow/.local/lib/python3.6/site-packages/airflow/example_dags/example_trigger_target_dag.py took 0.303 seconds
[2025-05-31 17:32:14,567] {processor.py:163} INFO - Started process (PID=701) to work on /home/airflow/.local/lib/python3.6/site-packages/airflow/example_dags/example_trigger_target_dag.py
[2025-05-31 17:32:14,572] {processor.py:642} INFO - Processing file /home/airflow/.local/lib/python3.6/site-packages/airflow/example_dags/example_trigger_target_dag.py for tasks to queue
[2025-05-31 17:32:14,574] {logging_mixin.py:109} INFO - [2025-05-31 17:32:14,574] {dagbag.py:500} INFO - Filling up the DagBag from /home/airflow/.local/lib/python3.6/site-packages/airflow/example_dags/example_trigger_target_dag.py
[2025-05-31 17:32:14,674] {processor.py:654} INFO - DAG(s) dict_keys(['example_trigger_target_dag']) retrieved from /home/airflow/.local/lib/python3.6/site-packages/airflow/example_dags/example_trigger_target_dag.py
[2025-05-31 17:32:14,713] {logging_mixin.py:109} INFO - [2025-05-31 17:32:14,713] {dag.py:2396} INFO - Sync 1 DAGs
[2025-05-31 17:32:14,768] {logging_mixin.py:109} INFO - [2025-05-31 17:32:14,767] {dag.py:2935} INFO - Setting next_dagrun for example_trigger_target_dag to None
[2025-05-31 17:32:14,797] {processor.py:171} INFO - Processing /home/airflow/.local/lib/python3.6/site-packages/airflow/example_dags/example_trigger_target_dag.py took 0.239 seconds
[2025-05-31 17:32:45,511] {processor.py:163} INFO - Started process (PID=887) to work on /home/airflow/.local/lib/python3.6/site-packages/airflow/example_dags/example_trigger_target_dag.py
[2025-05-31 17:32:45,513] {processor.py:642} INFO - Processing file /home/airflow/.local/lib/python3.6/site-packages/airflow/example_dags/example_trigger_target_dag.py for tasks to queue
[2025-05-31 17:32:45,514] {logging_mixin.py:109} INFO - [2025-05-31 17:32:45,514] {dagbag.py:500} INFO - Filling up the DagBag from /home/airflow/.local/lib/python3.6/site-packages/airflow/example_dags/example_trigger_target_dag.py
[2025-05-31 17:32:45,574] {processor.py:654} INFO - DAG(s) dict_keys(['example_trigger_target_dag']) retrieved from /home/airflow/.local/lib/python3.6/site-packages/airflow/example_dags/example_trigger_target_dag.py
[2025-05-31 17:32:45,596] {logging_mixin.py:109} INFO - [2025-05-31 17:32:45,596] {dag.py:2396} INFO - Sync 1 DAGs
[2025-05-31 17:32:45,637] {logging_mixin.py:109} INFO - [2025-05-31 17:32:45,637] {dag.py:2935} INFO - Setting next_dagrun for example_trigger_target_dag to None
[2025-05-31 17:32:45,656] {processor.py:171} INFO - Processing /home/airflow/.local/lib/python3.6/site-packages/airflow/example_dags/example_trigger_target_dag.py took 0.152 seconds
[2025-05-31 17:33:16,762] {processor.py:163} INFO - Started process (PID=1089) to work on /home/airflow/.local/lib/python3.6/site-packages/airflow/example_dags/example_trigger_target_dag.py
[2025-05-31 17:33:16,764] {processor.py:642} INFO - Processing file /home/airflow/.local/lib/python3.6/site-packages/airflow/example_dags/example_trigger_target_dag.py for tasks to queue
[2025-05-31 17:33:16,766] {logging_mixin.py:109} INFO - [2025-05-31 17:33:16,766] {dagbag.py:500} INFO - Filling up the DagBag from /home/airflow/.local/lib/python3.6/site-packages/airflow/example_dags/example_trigger_target_dag.py
[2025-05-31 17:33:16,843] {processor.py:654} INFO - DAG(s) dict_keys(['example_trigger_target_dag']) retrieved from /home/airflow/.local/lib/python3.6/site-packages/airflow/example_dags/example_trigger_target_dag.py
[2025-05-31 17:33:16,899] {logging_mixin.py:109} INFO - [2025-05-31 17:33:16,899] {dag.py:2396} INFO - Sync 1 DAGs
[2025-05-31 17:33:16,994] {logging_mixin.py:109} INFO - [2025-05-31 17:33:16,994] {dag.py:2935} INFO - Setting next_dagrun for example_trigger_target_dag to None
[2025-05-31 17:33:17,031] {processor.py:171} INFO - Processing /home/airflow/.local/lib/python3.6/site-packages/airflow/example_dags/example_trigger_target_dag.py took 0.277 seconds
[2025-05-31 17:33:47,303] {processor.py:163} INFO - Started process (PID=1271) to work on /home/airflow/.local/lib/python3.6/site-packages/airflow/example_dags/example_trigger_target_dag.py
[2025-05-31 17:33:47,306] {processor.py:642} INFO - Processing file /home/airflow/.local/lib/python3.6/site-packages/airflow/example_dags/example_trigger_target_dag.py for tasks to queue
[2025-05-31 17:33:47,308] {logging_mixin.py:109} INFO - [2025-05-31 17:33:47,308] {dagbag.py:500} INFO - Filling up the DagBag from /home/airflow/.local/lib/python3.6/site-packages/airflow/example_dags/example_trigger_target_dag.py
[2025-05-31 17:33:47,384] {processor.py:654} INFO - DAG(s) dict_keys(['example_trigger_target_dag']) retrieved from /home/airflow/.local/lib/python3.6/site-packages/airflow/example_dags/example_trigger_target_dag.py
[2025-05-31 17:33:47,407] {logging_mixin.py:109} INFO - [2025-05-31 17:33:47,407] {dag.py:2396} INFO - Sync 1 DAGs
[2025-05-31 17:33:47,444] {logging_mixin.py:109} INFO - [2025-05-31 17:33:47,444] {dag.py:2935} INFO - Setting next_dagrun for example_trigger_target_dag to None
[2025-05-31 17:33:47,466] {processor.py:171} INFO - Processing /home/airflow/.local/lib/python3.6/site-packages/airflow/example_dags/example_trigger_target_dag.py took 0.170 seconds
[2025-05-31 17:34:18,645] {processor.py:163} INFO - Started process (PID=1467) to work on /home/airflow/.local/lib/python3.6/site-packages/airflow/example_dags/example_trigger_target_dag.py
[2025-05-31 17:34:18,653] {processor.py:642} INFO - Processing file /home/airflow/.local/lib/python3.6/site-packages/airflow/example_dags/example_trigger_target_dag.py for tasks to queue
[2025-05-31 17:34:18,660] {logging_mixin.py:109} INFO - [2025-05-31 17:34:18,659] {dagbag.py:500} INFO - Filling up the DagBag from /home/airflow/.local/lib/python3.6/site-packages/airflow/example_dags/example_trigger_target_dag.py
[2025-05-31 17:34:18,767] {processor.py:654} INFO - DAG(s) dict_keys(['example_trigger_target_dag']) retrieved from /home/airflow/.local/lib/python3.6/site-packages/airflow/example_dags/example_trigger_target_dag.py
[2025-05-31 17:34:18,795] {logging_mixin.py:109} INFO - [2025-05-31 17:34:18,795] {dag.py:2396} INFO - Sync 1 DAGs
[2025-05-31 17:34:18,856] {logging_mixin.py:109} INFO - [2025-05-31 17:34:18,855] {dag.py:2935} INFO - Setting next_dagrun for example_trigger_target_dag to None
[2025-05-31 17:34:18,896] {processor.py:171} INFO - Processing /home/airflow/.local/lib/python3.6/site-packages/airflow/example_dags/example_trigger_target_dag.py took 0.270 seconds
[2025-05-31 17:34:49,508] {processor.py:163} INFO - Started process (PID=1656) to work on /home/airflow/.local/lib/python3.6/site-packages/airflow/example_dags/example_trigger_target_dag.py
[2025-05-31 17:34:49,512] {processor.py:642} INFO - Processing file /home/airflow/.local/lib/python3.6/site-packages/airflow/example_dags/example_trigger_target_dag.py for tasks to queue
[2025-05-31 17:34:49,514] {logging_mixin.py:109} INFO - [2025-05-31 17:34:49,513] {dagbag.py:500} INFO - Filling up the DagBag from /home/airflow/.local/lib/python3.6/site-packages/airflow/example_dags/example_trigger_target_dag.py
[2025-05-31 17:34:49,583] {processor.py:654} INFO - DAG(s) dict_keys(['example_trigger_target_dag']) retrieved from /home/airflow/.local/lib/python3.6/site-packages/airflow/example_dags/example_trigger_target_dag.py
[2025-05-31 17:34:49,604] {logging_mixin.py:109} INFO - [2025-05-31 17:34:49,604] {dag.py:2396} INFO - Sync 1 DAGs
[2025-05-31 17:34:49,647] {logging_mixin.py:109} INFO - [2025-05-31 17:34:49,647] {dag.py:2935} INFO - Setting next_dagrun for example_trigger_target_dag to None
[2025-05-31 17:34:49,670] {processor.py:171} INFO - Processing /home/airflow/.local/lib/python3.6/site-packages/airflow/example_dags/example_trigger_target_dag.py took 0.170 seconds
[2025-05-31 17:35:21,011] {processor.py:163} INFO - Started process (PID=1847) to work on /home/airflow/.local/lib/python3.6/site-packages/airflow/example_dags/example_trigger_target_dag.py
[2025-05-31 17:35:21,014] {processor.py:642} INFO - Processing file /home/airflow/.local/lib/python3.6/site-packages/airflow/example_dags/example_trigger_target_dag.py for tasks to queue
[2025-05-31 17:35:21,016] {logging_mixin.py:109} INFO - [2025-05-31 17:35:21,016] {dagbag.py:500} INFO - Filling up the DagBag from /home/airflow/.local/lib/python3.6/site-packages/airflow/example_dags/example_trigger_target_dag.py
[2025-05-31 17:35:21,094] {processor.py:654} INFO - DAG(s) dict_keys(['example_trigger_target_dag']) retrieved from /home/airflow/.local/lib/python3.6/site-packages/airflow/example_dags/example_trigger_target_dag.py
[2025-05-31 17:35:21,117] {logging_mixin.py:109} INFO - [2025-05-31 17:35:21,117] {dag.py:2396} INFO - Sync 1 DAGs
[2025-05-31 17:35:21,156] {logging_mixin.py:109} INFO - [2025-05-31 17:35:21,155] {dag.py:2935} INFO - Setting next_dagrun for example_trigger_target_dag to None
[2025-05-31 17:35:21,172] {processor.py:171} INFO - Processing /home/airflow/.local/lib/python3.6/site-packages/airflow/example_dags/example_trigger_target_dag.py took 0.168 seconds
[2025-05-31 17:35:52,388] {processor.py:163} INFO - Started process (PID=2021) to work on /home/airflow/.local/lib/python3.6/site-packages/airflow/example_dags/example_trigger_target_dag.py
[2025-05-31 17:35:52,391] {processor.py:642} INFO - Processing file /home/airflow/.local/lib/python3.6/site-packages/airflow/example_dags/example_trigger_target_dag.py for tasks to queue
[2025-05-31 17:35:52,392] {logging_mixin.py:109} INFO - [2025-05-31 17:35:52,392] {dagbag.py:500} INFO - Filling up the DagBag from /home/airflow/.local/lib/python3.6/site-packages/airflow/example_dags/example_trigger_target_dag.py
[2025-05-31 17:35:52,444] {processor.py:654} INFO - DAG(s) dict_keys(['example_trigger_target_dag']) retrieved from /home/airflow/.local/lib/python3.6/site-packages/airflow/example_dags/example_trigger_target_dag.py
[2025-05-31 17:35:52,462] {logging_mixin.py:109} INFO - [2025-05-31 17:35:52,461] {dag.py:2396} INFO - Sync 1 DAGs
[2025-05-31 17:35:52,491] {logging_mixin.py:109} INFO - [2025-05-31 17:35:52,491] {dag.py:2935} INFO - Setting next_dagrun for example_trigger_target_dag to None
[2025-05-31 17:35:52,510] {processor.py:171} INFO - Processing /home/airflow/.local/lib/python3.6/site-packages/airflow/example_dags/example_trigger_target_dag.py took 0.128 seconds
[2025-05-31 17:36:23,755] {processor.py:163} INFO - Started process (PID=2253) to work on /home/airflow/.local/lib/python3.6/site-packages/airflow/example_dags/example_trigger_target_dag.py
[2025-05-31 17:36:23,758] {processor.py:642} INFO - Processing file /home/airflow/.local/lib/python3.6/site-packages/airflow/example_dags/example_trigger_target_dag.py for tasks to queue
[2025-05-31 17:36:23,759] {logging_mixin.py:109} INFO - [2025-05-31 17:36:23,759] {dagbag.py:500} INFO - Filling up the DagBag from /home/airflow/.local/lib/python3.6/site-packages/airflow/example_dags/example_trigger_target_dag.py
[2025-05-31 17:36:23,839] {processor.py:654} INFO - DAG(s) dict_keys(['example_trigger_target_dag']) retrieved from /home/airflow/.local/lib/python3.6/site-packages/airflow/example_dags/example_trigger_target_dag.py
[2025-05-31 17:36:23,876] {logging_mixin.py:109} INFO - [2025-05-31 17:36:23,876] {dag.py:2396} INFO - Sync 1 DAGs
[2025-05-31 17:36:23,924] {logging_mixin.py:109} INFO - [2025-05-31 17:36:23,923] {dag.py:2935} INFO - Setting next_dagrun for example_trigger_target_dag to None
[2025-05-31 17:36:23,947] {processor.py:171} INFO - Processing /home/airflow/.local/lib/python3.6/site-packages/airflow/example_dags/example_trigger_target_dag.py took 0.198 seconds
[2025-05-31 17:36:54,888] {processor.py:163} INFO - Started process (PID=2445) to work on /home/airflow/.local/lib/python3.6/site-packages/airflow/example_dags/example_trigger_target_dag.py
[2025-05-31 17:36:54,891] {processor.py:642} INFO - Processing file /home/airflow/.local/lib/python3.6/site-packages/airflow/example_dags/example_trigger_target_dag.py for tasks to queue
[2025-05-31 17:36:54,892] {logging_mixin.py:109} INFO - [2025-05-31 17:36:54,892] {dagbag.py:500} INFO - Filling up the DagBag from /home/airflow/.local/lib/python3.6/site-packages/airflow/example_dags/example_trigger_target_dag.py
[2025-05-31 17:36:54,953] {processor.py:654} INFO - DAG(s) dict_keys(['example_trigger_target_dag']) retrieved from /home/airflow/.local/lib/python3.6/site-packages/airflow/example_dags/example_trigger_target_dag.py
[2025-05-31 17:36:54,973] {logging_mixin.py:109} INFO - [2025-05-31 17:36:54,973] {dag.py:2396} INFO - Sync 1 DAGs
[2025-05-31 17:36:55,009] {logging_mixin.py:109} INFO - [2025-05-31 17:36:55,009] {dag.py:2935} INFO - Setting next_dagrun for example_trigger_target_dag to None
[2025-05-31 17:36:55,027] {processor.py:171} INFO - Processing /home/airflow/.local/lib/python3.6/site-packages/airflow/example_dags/example_trigger_target_dag.py took 0.145 seconds
[2025-05-31 17:37:26,000] {processor.py:163} INFO - Started process (PID=2638) to work on /home/airflow/.local/lib/python3.6/site-packages/airflow/example_dags/example_trigger_target_dag.py
[2025-05-31 17:37:26,003] {processor.py:642} INFO - Processing file /home/airflow/.local/lib/python3.6/site-packages/airflow/example_dags/example_trigger_target_dag.py for tasks to queue
[2025-05-31 17:37:26,005] {logging_mixin.py:109} INFO - [2025-05-31 17:37:26,005] {dagbag.py:500} INFO - Filling up the DagBag from /home/airflow/.local/lib/python3.6/site-packages/airflow/example_dags/example_trigger_target_dag.py
[2025-05-31 17:37:26,082] {processor.py:654} INFO - DAG(s) dict_keys(['example_trigger_target_dag']) retrieved from /home/airflow/.local/lib/python3.6/site-packages/airflow/example_dags/example_trigger_target_dag.py
[2025-05-31 17:37:26,105] {logging_mixin.py:109} INFO - [2025-05-31 17:37:26,105] {dag.py:2396} INFO - Sync 1 DAGs
[2025-05-31 17:37:26,159] {logging_mixin.py:109} INFO - [2025-05-31 17:37:26,159] {dag.py:2935} INFO - Setting next_dagrun for example_trigger_target_dag to None
[2025-05-31 17:37:26,191] {processor.py:171} INFO - Processing /home/airflow/.local/lib/python3.6/site-packages/airflow/example_dags/example_trigger_target_dag.py took 0.197 seconds
[2025-05-31 17:37:56,753] {processor.py:163} INFO - Started process (PID=2826) to work on /home/airflow/.local/lib/python3.6/site-packages/airflow/example_dags/example_trigger_target_dag.py
[2025-05-31 17:37:56,756] {processor.py:642} INFO - Processing file /home/airflow/.local/lib/python3.6/site-packages/airflow/example_dags/example_trigger_target_dag.py for tasks to queue
[2025-05-31 17:37:56,758] {logging_mixin.py:109} INFO - [2025-05-31 17:37:56,757] {dagbag.py:500} INFO - Filling up the DagBag from /home/airflow/.local/lib/python3.6/site-packages/airflow/example_dags/example_trigger_target_dag.py
[2025-05-31 17:37:56,831] {processor.py:654} INFO - DAG(s) dict_keys(['example_trigger_target_dag']) retrieved from /home/airflow/.local/lib/python3.6/site-packages/airflow/example_dags/example_trigger_target_dag.py
[2025-05-31 17:37:56,859] {logging_mixin.py:109} INFO - [2025-05-31 17:37:56,858] {dag.py:2396} INFO - Sync 1 DAGs
[2025-05-31 17:37:56,905] {logging_mixin.py:109} INFO - [2025-05-31 17:37:56,905] {dag.py:2935} INFO - Setting next_dagrun for example_trigger_target_dag to None
[2025-05-31 17:37:56,924] {processor.py:171} INFO - Processing /home/airflow/.local/lib/python3.6/site-packages/airflow/example_dags/example_trigger_target_dag.py took 0.178 seconds
[2025-05-31 17:38:27,174] {processor.py:163} INFO - Started process (PID=3014) to work on /home/airflow/.local/lib/python3.6/site-packages/airflow/example_dags/example_trigger_target_dag.py
[2025-05-31 17:38:27,176] {processor.py:642} INFO - Processing file /home/airflow/.local/lib/python3.6/site-packages/airflow/example_dags/example_trigger_target_dag.py for tasks to queue
[2025-05-31 17:38:27,179] {logging_mixin.py:109} INFO - [2025-05-31 17:38:27,179] {dagbag.py:500} INFO - Filling up the DagBag from /home/airflow/.local/lib/python3.6/site-packages/airflow/example_dags/example_trigger_target_dag.py
[2025-05-31 17:38:27,247] {processor.py:654} INFO - DAG(s) dict_keys(['example_trigger_target_dag']) retrieved from /home/airflow/.local/lib/python3.6/site-packages/airflow/example_dags/example_trigger_target_dag.py
[2025-05-31 17:38:27,268] {logging_mixin.py:109} INFO - [2025-05-31 17:38:27,268] {dag.py:2396} INFO - Sync 1 DAGs
[2025-05-31 17:38:27,300] {logging_mixin.py:109} INFO - [2025-05-31 17:38:27,300] {dag.py:2935} INFO - Setting next_dagrun for example_trigger_target_dag to None
[2025-05-31 17:38:27,320] {processor.py:171} INFO - Processing /home/airflow/.local/lib/python3.6/site-packages/airflow/example_dags/example_trigger_target_dag.py took 0.155 seconds
[2025-05-31 17:38:57,745] {processor.py:163} INFO - Started process (PID=3207) to work on /home/airflow/.local/lib/python3.6/site-packages/airflow/example_dags/example_trigger_target_dag.py
[2025-05-31 17:38:57,747] {processor.py:642} INFO - Processing file /home/airflow/.local/lib/python3.6/site-packages/airflow/example_dags/example_trigger_target_dag.py for tasks to queue
[2025-05-31 17:38:57,749] {logging_mixin.py:109} INFO - [2025-05-31 17:38:57,749] {dagbag.py:500} INFO - Filling up the DagBag from /home/airflow/.local/lib/python3.6/site-packages/airflow/example_dags/example_trigger_target_dag.py
[2025-05-31 17:38:57,805] {processor.py:654} INFO - DAG(s) dict_keys(['example_trigger_target_dag']) retrieved from /home/airflow/.local/lib/python3.6/site-packages/airflow/example_dags/example_trigger_target_dag.py
[2025-05-31 17:38:57,826] {logging_mixin.py:109} INFO - [2025-05-31 17:38:57,826] {dag.py:2396} INFO - Sync 1 DAGs
[2025-05-31 17:38:57,864] {logging_mixin.py:109} INFO - [2025-05-31 17:38:57,863] {dag.py:2935} INFO - Setting next_dagrun for example_trigger_target_dag to None
[2025-05-31 17:38:57,883] {processor.py:171} INFO - Processing /home/airflow/.local/lib/python3.6/site-packages/airflow/example_dags/example_trigger_target_dag.py took 0.144 seconds
[2025-05-31 17:39:30,891] {processor.py:163} INFO - Started process (PID=3426) to work on /home/airflow/.local/lib/python3.6/site-packages/airflow/example_dags/example_trigger_target_dag.py
[2025-05-31 17:39:30,894] {processor.py:642} INFO - Processing file /home/airflow/.local/lib/python3.6/site-packages/airflow/example_dags/example_trigger_target_dag.py for tasks to queue
[2025-05-31 17:39:30,896] {logging_mixin.py:109} INFO - [2025-05-31 17:39:30,896] {dagbag.py:500} INFO - Filling up the DagBag from /home/airflow/.local/lib/python3.6/site-packages/airflow/example_dags/example_trigger_target_dag.py
[2025-05-31 17:39:30,955] {processor.py:654} INFO - DAG(s) dict_keys(['example_trigger_target_dag']) retrieved from /home/airflow/.local/lib/python3.6/site-packages/airflow/example_dags/example_trigger_target_dag.py
[2025-05-31 17:39:30,977] {logging_mixin.py:109} INFO - [2025-05-31 17:39:30,977] {dag.py:2396} INFO - Sync 1 DAGs
[2025-05-31 17:39:31,024] {logging_mixin.py:109} INFO - [2025-05-31 17:39:31,024] {dag.py:2935} INFO - Setting next_dagrun for example_trigger_target_dag to None
[2025-05-31 17:39:31,046] {processor.py:171} INFO - Processing /home/airflow/.local/lib/python3.6/site-packages/airflow/example_dags/example_trigger_target_dag.py took 0.163 seconds
[2025-05-31 17:40:01,810] {processor.py:163} INFO - Started process (PID=3619) to work on /home/airflow/.local/lib/python3.6/site-packages/airflow/example_dags/example_trigger_target_dag.py
[2025-05-31 17:40:01,814] {processor.py:642} INFO - Processing file /home/airflow/.local/lib/python3.6/site-packages/airflow/example_dags/example_trigger_target_dag.py for tasks to queue
[2025-05-31 17:40:01,815] {logging_mixin.py:109} INFO - [2025-05-31 17:40:01,815] {dagbag.py:500} INFO - Filling up the DagBag from /home/airflow/.local/lib/python3.6/site-packages/airflow/example_dags/example_trigger_target_dag.py
[2025-05-31 17:40:01,883] {processor.py:654} INFO - DAG(s) dict_keys(['example_trigger_target_dag']) retrieved from /home/airflow/.local/lib/python3.6/site-packages/airflow/example_dags/example_trigger_target_dag.py
[2025-05-31 17:40:01,905] {logging_mixin.py:109} INFO - [2025-05-31 17:40:01,905] {dag.py:2396} INFO - Sync 1 DAGs
[2025-05-31 17:40:01,942] {logging_mixin.py:109} INFO - [2025-05-31 17:40:01,942] {dag.py:2935} INFO - Setting next_dagrun for example_trigger_target_dag to None
[2025-05-31 17:40:01,961] {processor.py:171} INFO - Processing /home/airflow/.local/lib/python3.6/site-packages/airflow/example_dags/example_trigger_target_dag.py took 0.158 seconds
[2025-05-31 17:40:32,413] {processor.py:163} INFO - Started process (PID=3812) to work on /home/airflow/.local/lib/python3.6/site-packages/airflow/example_dags/example_trigger_target_dag.py
[2025-05-31 17:40:32,420] {processor.py:642} INFO - Processing file /home/airflow/.local/lib/python3.6/site-packages/airflow/example_dags/example_trigger_target_dag.py for tasks to queue
[2025-05-31 17:40:32,423] {logging_mixin.py:109} INFO - [2025-05-31 17:40:32,423] {dagbag.py:500} INFO - Filling up the DagBag from /home/airflow/.local/lib/python3.6/site-packages/airflow/example_dags/example_trigger_target_dag.py
[2025-05-31 17:40:32,521] {processor.py:654} INFO - DAG(s) dict_keys(['example_trigger_target_dag']) retrieved from /home/airflow/.local/lib/python3.6/site-packages/airflow/example_dags/example_trigger_target_dag.py
[2025-05-31 17:40:32,552] {logging_mixin.py:109} INFO - [2025-05-31 17:40:32,552] {dag.py:2396} INFO - Sync 1 DAGs
[2025-05-31 17:40:32,601] {logging_mixin.py:109} INFO - [2025-05-31 17:40:32,601] {dag.py:2935} INFO - Setting next_dagrun for example_trigger_target_dag to None
[2025-05-31 17:40:32,622] {processor.py:171} INFO - Processing /home/airflow/.local/lib/python3.6/site-packages/airflow/example_dags/example_trigger_target_dag.py took 0.219 seconds
[2025-05-31 17:41:05,241] {processor.py:163} INFO - Started process (PID=4006) to work on /home/airflow/.local/lib/python3.6/site-packages/airflow/example_dags/example_trigger_target_dag.py
[2025-05-31 17:41:05,256] {processor.py:642} INFO - Processing file /home/airflow/.local/lib/python3.6/site-packages/airflow/example_dags/example_trigger_target_dag.py for tasks to queue
[2025-05-31 17:41:05,259] {logging_mixin.py:109} INFO - [2025-05-31 17:41:05,258] {dagbag.py:500} INFO - Filling up the DagBag from /home/airflow/.local/lib/python3.6/site-packages/airflow/example_dags/example_trigger_target_dag.py
[2025-05-31 17:41:05,347] {processor.py:654} INFO - DAG(s) dict_keys(['example_trigger_target_dag']) retrieved from /home/airflow/.local/lib/python3.6/site-packages/airflow/example_dags/example_trigger_target_dag.py
[2025-05-31 17:41:05,371] {logging_mixin.py:109} INFO - [2025-05-31 17:41:05,371] {dag.py:2396} INFO - Sync 1 DAGs
[2025-05-31 17:41:05,420] {logging_mixin.py:109} INFO - [2025-05-31 17:41:05,419] {dag.py:2935} INFO - Setting next_dagrun for example_trigger_target_dag to None
[2025-05-31 17:41:05,445] {processor.py:171} INFO - Processing /home/airflow/.local/lib/python3.6/site-packages/airflow/example_dags/example_trigger_target_dag.py took 0.213 seconds
[2025-05-31 17:41:36,286] {processor.py:163} INFO - Started process (PID=4199) to work on /home/airflow/.local/lib/python3.6/site-packages/airflow/example_dags/example_trigger_target_dag.py
[2025-05-31 17:41:36,290] {processor.py:642} INFO - Processing file /home/airflow/.local/lib/python3.6/site-packages/airflow/example_dags/example_trigger_target_dag.py for tasks to queue
[2025-05-31 17:41:36,292] {logging_mixin.py:109} INFO - [2025-05-31 17:41:36,292] {dagbag.py:500} INFO - Filling up the DagBag from /home/airflow/.local/lib/python3.6/site-packages/airflow/example_dags/example_trigger_target_dag.py
[2025-05-31 17:41:36,416] {processor.py:654} INFO - DAG(s) dict_keys(['example_trigger_target_dag']) retrieved from /home/airflow/.local/lib/python3.6/site-packages/airflow/example_dags/example_trigger_target_dag.py
[2025-05-31 17:41:36,443] {logging_mixin.py:109} INFO - [2025-05-31 17:41:36,442] {dag.py:2396} INFO - Sync 1 DAGs
[2025-05-31 17:41:36,494] {logging_mixin.py:109} INFO - [2025-05-31 17:41:36,494] {dag.py:2935} INFO - Setting next_dagrun for example_trigger_target_dag to None
[2025-05-31 17:41:36,531] {processor.py:171} INFO - Processing /home/airflow/.local/lib/python3.6/site-packages/airflow/example_dags/example_trigger_target_dag.py took 0.253 seconds
[2025-05-31 17:42:09,223] {processor.py:163} INFO - Started process (PID=4392) to work on /home/airflow/.local/lib/python3.6/site-packages/airflow/example_dags/example_trigger_target_dag.py
[2025-05-31 17:42:09,225] {processor.py:642} INFO - Processing file /home/airflow/.local/lib/python3.6/site-packages/airflow/example_dags/example_trigger_target_dag.py for tasks to queue
[2025-05-31 17:42:09,227] {logging_mixin.py:109} INFO - [2025-05-31 17:42:09,227] {dagbag.py:500} INFO - Filling up the DagBag from /home/airflow/.local/lib/python3.6/site-packages/airflow/example_dags/example_trigger_target_dag.py
[2025-05-31 17:42:09,309] {processor.py:654} INFO - DAG(s) dict_keys(['example_trigger_target_dag']) retrieved from /home/airflow/.local/lib/python3.6/site-packages/airflow/example_dags/example_trigger_target_dag.py
[2025-05-31 17:42:09,339] {logging_mixin.py:109} INFO - [2025-05-31 17:42:09,338] {dag.py:2396} INFO - Sync 1 DAGs
[2025-05-31 17:42:09,390] {logging_mixin.py:109} INFO - [2025-05-31 17:42:09,390] {dag.py:2935} INFO - Setting next_dagrun for example_trigger_target_dag to None
[2025-05-31 17:42:09,420] {processor.py:171} INFO - Processing /home/airflow/.local/lib/python3.6/site-packages/airflow/example_dags/example_trigger_target_dag.py took 0.205 seconds
[2025-05-31 17:42:40,328] {processor.py:163} INFO - Started process (PID=4585) to work on /home/airflow/.local/lib/python3.6/site-packages/airflow/example_dags/example_trigger_target_dag.py
[2025-05-31 17:42:40,330] {processor.py:642} INFO - Processing file /home/airflow/.local/lib/python3.6/site-packages/airflow/example_dags/example_trigger_target_dag.py for tasks to queue
[2025-05-31 17:42:40,333] {logging_mixin.py:109} INFO - [2025-05-31 17:42:40,333] {dagbag.py:500} INFO - Filling up the DagBag from /home/airflow/.local/lib/python3.6/site-packages/airflow/example_dags/example_trigger_target_dag.py
[2025-05-31 17:42:40,403] {processor.py:654} INFO - DAG(s) dict_keys(['example_trigger_target_dag']) retrieved from /home/airflow/.local/lib/python3.6/site-packages/airflow/example_dags/example_trigger_target_dag.py
[2025-05-31 17:42:40,426] {logging_mixin.py:109} INFO - [2025-05-31 17:42:40,425] {dag.py:2396} INFO - Sync 1 DAGs
[2025-05-31 17:42:40,466] {logging_mixin.py:109} INFO - [2025-05-31 17:42:40,466] {dag.py:2935} INFO - Setting next_dagrun for example_trigger_target_dag to None
[2025-05-31 17:42:40,485] {processor.py:171} INFO - Processing /home/airflow/.local/lib/python3.6/site-packages/airflow/example_dags/example_trigger_target_dag.py took 0.164 seconds
[2025-05-31 17:43:12,080] {processor.py:163} INFO - Started process (PID=4778) to work on /home/airflow/.local/lib/python3.6/site-packages/airflow/example_dags/example_trigger_target_dag.py
[2025-05-31 17:43:12,083] {processor.py:642} INFO - Processing file /home/airflow/.local/lib/python3.6/site-packages/airflow/example_dags/example_trigger_target_dag.py for tasks to queue
[2025-05-31 17:43:12,085] {logging_mixin.py:109} INFO - [2025-05-31 17:43:12,084] {dagbag.py:500} INFO - Filling up the DagBag from /home/airflow/.local/lib/python3.6/site-packages/airflow/example_dags/example_trigger_target_dag.py
[2025-05-31 17:43:12,153] {processor.py:654} INFO - DAG(s) dict_keys(['example_trigger_target_dag']) retrieved from /home/airflow/.local/lib/python3.6/site-packages/airflow/example_dags/example_trigger_target_dag.py
[2025-05-31 17:43:12,180] {logging_mixin.py:109} INFO - [2025-05-31 17:43:12,179] {dag.py:2396} INFO - Sync 1 DAGs
[2025-05-31 17:43:12,235] {logging_mixin.py:109} INFO - [2025-05-31 17:43:12,235] {dag.py:2935} INFO - Setting next_dagrun for example_trigger_target_dag to None
[2025-05-31 17:43:12,256] {processor.py:171} INFO - Processing /home/airflow/.local/lib/python3.6/site-packages/airflow/example_dags/example_trigger_target_dag.py took 0.183 seconds
[2025-05-31 17:43:43,938] {processor.py:163} INFO - Started process (PID=4971) to work on /home/airflow/.local/lib/python3.6/site-packages/airflow/example_dags/example_trigger_target_dag.py
[2025-05-31 17:43:43,940] {processor.py:642} INFO - Processing file /home/airflow/.local/lib/python3.6/site-packages/airflow/example_dags/example_trigger_target_dag.py for tasks to queue
[2025-05-31 17:43:43,942] {logging_mixin.py:109} INFO - [2025-05-31 17:43:43,942] {dagbag.py:500} INFO - Filling up the DagBag from /home/airflow/.local/lib/python3.6/site-packages/airflow/example_dags/example_trigger_target_dag.py
[2025-05-31 17:43:44,003] {processor.py:654} INFO - DAG(s) dict_keys(['example_trigger_target_dag']) retrieved from /home/airflow/.local/lib/python3.6/site-packages/airflow/example_dags/example_trigger_target_dag.py
[2025-05-31 17:43:44,026] {logging_mixin.py:109} INFO - [2025-05-31 17:43:44,026] {dag.py:2396} INFO - Sync 1 DAGs
[2025-05-31 17:43:44,062] {logging_mixin.py:109} INFO - [2025-05-31 17:43:44,062] {dag.py:2935} INFO - Setting next_dagrun for example_trigger_target_dag to None
[2025-05-31 17:43:44,082] {processor.py:171} INFO - Processing /home/airflow/.local/lib/python3.6/site-packages/airflow/example_dags/example_trigger_target_dag.py took 0.151 seconds
[2025-05-31 17:44:16,479] {processor.py:163} INFO - Started process (PID=5164) to work on /home/airflow/.local/lib/python3.6/site-packages/airflow/example_dags/example_trigger_target_dag.py
[2025-05-31 17:44:16,482] {processor.py:642} INFO - Processing file /home/airflow/.local/lib/python3.6/site-packages/airflow/example_dags/example_trigger_target_dag.py for tasks to queue
[2025-05-31 17:44:16,484] {logging_mixin.py:109} INFO - [2025-05-31 17:44:16,483] {dagbag.py:500} INFO - Filling up the DagBag from /home/airflow/.local/lib/python3.6/site-packages/airflow/example_dags/example_trigger_target_dag.py
[2025-05-31 17:44:16,540] {processor.py:654} INFO - DAG(s) dict_keys(['example_trigger_target_dag']) retrieved from /home/airflow/.local/lib/python3.6/site-packages/airflow/example_dags/example_trigger_target_dag.py
[2025-05-31 17:44:16,559] {logging_mixin.py:109} INFO - [2025-05-31 17:44:16,559] {dag.py:2396} INFO - Sync 1 DAGs
[2025-05-31 17:44:16,622] {logging_mixin.py:109} INFO - [2025-05-31 17:44:16,621] {dag.py:2935} INFO - Setting next_dagrun for example_trigger_target_dag to None
[2025-05-31 17:44:16,643] {processor.py:171} INFO - Processing /home/airflow/.local/lib/python3.6/site-packages/airflow/example_dags/example_trigger_target_dag.py took 0.169 seconds
[2025-05-31 17:44:47,485] {processor.py:163} INFO - Started process (PID=5356) to work on /home/airflow/.local/lib/python3.6/site-packages/airflow/example_dags/example_trigger_target_dag.py
[2025-05-31 17:44:47,488] {processor.py:642} INFO - Processing file /home/airflow/.local/lib/python3.6/site-packages/airflow/example_dags/example_trigger_target_dag.py for tasks to queue
[2025-05-31 17:44:47,490] {logging_mixin.py:109} INFO - [2025-05-31 17:44:47,489] {dagbag.py:500} INFO - Filling up the DagBag from /home/airflow/.local/lib/python3.6/site-packages/airflow/example_dags/example_trigger_target_dag.py
[2025-05-31 17:44:47,563] {processor.py:654} INFO - DAG(s) dict_keys(['example_trigger_target_dag']) retrieved from /home/airflow/.local/lib/python3.6/site-packages/airflow/example_dags/example_trigger_target_dag.py
[2025-05-31 17:44:47,592] {logging_mixin.py:109} INFO - [2025-05-31 17:44:47,592] {dag.py:2396} INFO - Sync 1 DAGs
[2025-05-31 17:44:47,633] {logging_mixin.py:109} INFO - [2025-05-31 17:44:47,633] {dag.py:2935} INFO - Setting next_dagrun for example_trigger_target_dag to None
[2025-05-31 17:44:47,654] {processor.py:171} INFO - Processing /home/airflow/.local/lib/python3.6/site-packages/airflow/example_dags/example_trigger_target_dag.py took 0.174 seconds
