[2025-05-31 10:45:48,209] {processor.py:163} INFO - Started process (PID=234) to work on /home/airflow/.local/lib/python3.6/site-packages/airflow/example_dags/example_time_delta_sensor_async.py
[2025-05-31 10:45:48,212] {processor.py:642} INFO - Processing file /home/airflow/.local/lib/python3.6/site-packages/airflow/example_dags/example_time_delta_sensor_async.py for tasks to queue
[2025-05-31 10:45:48,214] {logging_mixin.py:109} INFO - [2025-05-31 10:45:48,214] {dagbag.py:500} INFO - Filling up the DagBag from /home/airflow/.local/lib/python3.6/site-packages/airflow/example_dags/example_time_delta_sensor_async.py
[2025-05-31 10:45:48,278] {processor.py:654} INFO - DAG(s) dict_keys(['example_time_delta_sensor_async']) retrieved from /home/airflow/.local/lib/python3.6/site-packages/airflow/example_dags/example_time_delta_sensor_async.py
[2025-05-31 10:45:48,300] {logging_mixin.py:109} INFO - [2025-05-31 10:45:48,300] {dag.py:2396} INFO - Sync 1 DAGs
[2025-05-31 10:45:48,339] {logging_mixin.py:109} INFO - [2025-05-31 10:45:48,339] {dag.py:2935} INFO - Setting next_dagrun for example_time_delta_sensor_async to None
[2025-05-31 10:45:48,380] {processor.py:171} INFO - Processing /home/airflow/.local/lib/python3.6/site-packages/airflow/example_dags/example_time_delta_sensor_async.py took 0.177 seconds
[2025-05-31 10:46:19,100] {processor.py:163} INFO - Started process (PID=409) to work on /home/airflow/.local/lib/python3.6/site-packages/airflow/example_dags/example_time_delta_sensor_async.py
[2025-05-31 10:46:19,102] {processor.py:642} INFO - Processing file /home/airflow/.local/lib/python3.6/site-packages/airflow/example_dags/example_time_delta_sensor_async.py for tasks to queue
[2025-05-31 10:46:19,103] {logging_mixin.py:109} INFO - [2025-05-31 10:46:19,103] {dagbag.py:500} INFO - Filling up the DagBag from /home/airflow/.local/lib/python3.6/site-packages/airflow/example_dags/example_time_delta_sensor_async.py
[2025-05-31 10:46:19,146] {processor.py:654} INFO - DAG(s) dict_keys(['example_time_delta_sensor_async']) retrieved from /home/airflow/.local/lib/python3.6/site-packages/airflow/example_dags/example_time_delta_sensor_async.py
[2025-05-31 10:46:19,163] {logging_mixin.py:109} INFO - [2025-05-31 10:46:19,163] {dag.py:2396} INFO - Sync 1 DAGs
[2025-05-31 10:46:19,201] {logging_mixin.py:109} INFO - [2025-05-31 10:46:19,201] {dag.py:2935} INFO - Setting next_dagrun for example_time_delta_sensor_async to None
[2025-05-31 10:46:19,224] {processor.py:171} INFO - Processing /home/airflow/.local/lib/python3.6/site-packages/airflow/example_dags/example_time_delta_sensor_async.py took 0.130 seconds
[2025-05-31 10:46:49,881] {processor.py:163} INFO - Started process (PID=599) to work on /home/airflow/.local/lib/python3.6/site-packages/airflow/example_dags/example_time_delta_sensor_async.py
[2025-05-31 10:46:49,884] {processor.py:642} INFO - Processing file /home/airflow/.local/lib/python3.6/site-packages/airflow/example_dags/example_time_delta_sensor_async.py for tasks to queue
[2025-05-31 10:46:49,886] {logging_mixin.py:109} INFO - [2025-05-31 10:46:49,885] {dagbag.py:500} INFO - Filling up the DagBag from /home/airflow/.local/lib/python3.6/site-packages/airflow/example_dags/example_time_delta_sensor_async.py
[2025-05-31 10:46:49,940] {processor.py:654} INFO - DAG(s) dict_keys(['example_time_delta_sensor_async']) retrieved from /home/airflow/.local/lib/python3.6/site-packages/airflow/example_dags/example_time_delta_sensor_async.py
[2025-05-31 10:46:49,961] {logging_mixin.py:109} INFO - [2025-05-31 10:46:49,960] {dag.py:2396} INFO - Sync 1 DAGs
[2025-05-31 10:46:49,996] {logging_mixin.py:109} INFO - [2025-05-31 10:46:49,996] {dag.py:2935} INFO - Setting next_dagrun for example_time_delta_sensor_async to None
[2025-05-31 10:46:50,014] {processor.py:171} INFO - Processing /home/airflow/.local/lib/python3.6/site-packages/airflow/example_dags/example_time_delta_sensor_async.py took 0.140 seconds
[2025-05-31 10:47:20,820] {processor.py:163} INFO - Started process (PID=779) to work on /home/airflow/.local/lib/python3.6/site-packages/airflow/example_dags/example_time_delta_sensor_async.py
[2025-05-31 10:47:20,822] {processor.py:642} INFO - Processing file /home/airflow/.local/lib/python3.6/site-packages/airflow/example_dags/example_time_delta_sensor_async.py for tasks to queue
[2025-05-31 10:47:20,823] {logging_mixin.py:109} INFO - [2025-05-31 10:47:20,823] {dagbag.py:500} INFO - Filling up the DagBag from /home/airflow/.local/lib/python3.6/site-packages/airflow/example_dags/example_time_delta_sensor_async.py
[2025-05-31 10:47:20,857] {processor.py:654} INFO - DAG(s) dict_keys(['example_time_delta_sensor_async']) retrieved from /home/airflow/.local/lib/python3.6/site-packages/airflow/example_dags/example_time_delta_sensor_async.py
[2025-05-31 10:47:20,870] {logging_mixin.py:109} INFO - [2025-05-31 10:47:20,870] {dag.py:2396} INFO - Sync 1 DAGs
[2025-05-31 10:47:20,927] {logging_mixin.py:109} INFO - [2025-05-31 10:47:20,926] {dag.py:2935} INFO - Setting next_dagrun for example_time_delta_sensor_async to None
[2025-05-31 10:47:20,948] {processor.py:171} INFO - Processing /home/airflow/.local/lib/python3.6/site-packages/airflow/example_dags/example_time_delta_sensor_async.py took 0.132 seconds
[2025-05-31 10:47:51,812] {processor.py:163} INFO - Started process (PID=960) to work on /home/airflow/.local/lib/python3.6/site-packages/airflow/example_dags/example_time_delta_sensor_async.py
[2025-05-31 10:47:51,814] {processor.py:642} INFO - Processing file /home/airflow/.local/lib/python3.6/site-packages/airflow/example_dags/example_time_delta_sensor_async.py for tasks to queue
[2025-05-31 10:47:51,815] {logging_mixin.py:109} INFO - [2025-05-31 10:47:51,815] {dagbag.py:500} INFO - Filling up the DagBag from /home/airflow/.local/lib/python3.6/site-packages/airflow/example_dags/example_time_delta_sensor_async.py
[2025-05-31 10:47:51,846] {processor.py:654} INFO - DAG(s) dict_keys(['example_time_delta_sensor_async']) retrieved from /home/airflow/.local/lib/python3.6/site-packages/airflow/example_dags/example_time_delta_sensor_async.py
[2025-05-31 10:47:51,859] {logging_mixin.py:109} INFO - [2025-05-31 10:47:51,859] {dag.py:2396} INFO - Sync 1 DAGs
[2025-05-31 10:47:51,880] {logging_mixin.py:109} INFO - [2025-05-31 10:47:51,880] {dag.py:2935} INFO - Setting next_dagrun for example_time_delta_sensor_async to None
[2025-05-31 10:47:51,893] {processor.py:171} INFO - Processing /home/airflow/.local/lib/python3.6/site-packages/airflow/example_dags/example_time_delta_sensor_async.py took 0.084 seconds
[2025-05-31 10:48:23,186] {processor.py:163} INFO - Started process (PID=1150) to work on /home/airflow/.local/lib/python3.6/site-packages/airflow/example_dags/example_time_delta_sensor_async.py
[2025-05-31 10:48:23,188] {processor.py:642} INFO - Processing file /home/airflow/.local/lib/python3.6/site-packages/airflow/example_dags/example_time_delta_sensor_async.py for tasks to queue
[2025-05-31 10:48:23,189] {logging_mixin.py:109} INFO - [2025-05-31 10:48:23,189] {dagbag.py:500} INFO - Filling up the DagBag from /home/airflow/.local/lib/python3.6/site-packages/airflow/example_dags/example_time_delta_sensor_async.py
[2025-05-31 10:48:23,227] {processor.py:654} INFO - DAG(s) dict_keys(['example_time_delta_sensor_async']) retrieved from /home/airflow/.local/lib/python3.6/site-packages/airflow/example_dags/example_time_delta_sensor_async.py
[2025-05-31 10:48:23,242] {logging_mixin.py:109} INFO - [2025-05-31 10:48:23,241] {dag.py:2396} INFO - Sync 1 DAGs
[2025-05-31 10:48:23,268] {logging_mixin.py:109} INFO - [2025-05-31 10:48:23,268] {dag.py:2935} INFO - Setting next_dagrun for example_time_delta_sensor_async to None
[2025-05-31 10:48:23,281] {processor.py:171} INFO - Processing /home/airflow/.local/lib/python3.6/site-packages/airflow/example_dags/example_time_delta_sensor_async.py took 0.100 seconds
[2025-05-31 10:48:54,320] {processor.py:163} INFO - Started process (PID=1330) to work on /home/airflow/.local/lib/python3.6/site-packages/airflow/example_dags/example_time_delta_sensor_async.py
[2025-05-31 10:48:54,322] {processor.py:642} INFO - Processing file /home/airflow/.local/lib/python3.6/site-packages/airflow/example_dags/example_time_delta_sensor_async.py for tasks to queue
[2025-05-31 10:48:54,323] {logging_mixin.py:109} INFO - [2025-05-31 10:48:54,323] {dagbag.py:500} INFO - Filling up the DagBag from /home/airflow/.local/lib/python3.6/site-packages/airflow/example_dags/example_time_delta_sensor_async.py
[2025-05-31 10:48:54,369] {processor.py:654} INFO - DAG(s) dict_keys(['example_time_delta_sensor_async']) retrieved from /home/airflow/.local/lib/python3.6/site-packages/airflow/example_dags/example_time_delta_sensor_async.py
[2025-05-31 10:48:54,388] {logging_mixin.py:109} INFO - [2025-05-31 10:48:54,388] {dag.py:2396} INFO - Sync 1 DAGs
[2025-05-31 10:48:54,418] {logging_mixin.py:109} INFO - [2025-05-31 10:48:54,418] {dag.py:2935} INFO - Setting next_dagrun for example_time_delta_sensor_async to None
[2025-05-31 10:48:54,434] {processor.py:171} INFO - Processing /home/airflow/.local/lib/python3.6/site-packages/airflow/example_dags/example_time_delta_sensor_async.py took 0.118 seconds
[2025-05-31 10:49:24,889] {processor.py:163} INFO - Started process (PID=1507) to work on /home/airflow/.local/lib/python3.6/site-packages/airflow/example_dags/example_time_delta_sensor_async.py
[2025-05-31 10:49:24,892] {processor.py:642} INFO - Processing file /home/airflow/.local/lib/python3.6/site-packages/airflow/example_dags/example_time_delta_sensor_async.py for tasks to queue
[2025-05-31 10:49:24,893] {logging_mixin.py:109} INFO - [2025-05-31 10:49:24,893] {dagbag.py:500} INFO - Filling up the DagBag from /home/airflow/.local/lib/python3.6/site-packages/airflow/example_dags/example_time_delta_sensor_async.py
[2025-05-31 10:49:24,964] {processor.py:654} INFO - DAG(s) dict_keys(['example_time_delta_sensor_async']) retrieved from /home/airflow/.local/lib/python3.6/site-packages/airflow/example_dags/example_time_delta_sensor_async.py
[2025-05-31 10:49:24,988] {logging_mixin.py:109} INFO - [2025-05-31 10:49:24,988] {dag.py:2396} INFO - Sync 1 DAGs
[2025-05-31 10:49:25,024] {logging_mixin.py:109} INFO - [2025-05-31 10:49:25,024] {dag.py:2935} INFO - Setting next_dagrun for example_time_delta_sensor_async to None
[2025-05-31 10:49:25,043] {processor.py:171} INFO - Processing /home/airflow/.local/lib/python3.6/site-packages/airflow/example_dags/example_time_delta_sensor_async.py took 0.162 seconds
[2025-05-31 10:49:56,057] {processor.py:163} INFO - Started process (PID=1697) to work on /home/airflow/.local/lib/python3.6/site-packages/airflow/example_dags/example_time_delta_sensor_async.py
[2025-05-31 10:49:56,059] {processor.py:642} INFO - Processing file /home/airflow/.local/lib/python3.6/site-packages/airflow/example_dags/example_time_delta_sensor_async.py for tasks to queue
[2025-05-31 10:49:56,060] {logging_mixin.py:109} INFO - [2025-05-31 10:49:56,060] {dagbag.py:500} INFO - Filling up the DagBag from /home/airflow/.local/lib/python3.6/site-packages/airflow/example_dags/example_time_delta_sensor_async.py
[2025-05-31 10:49:56,108] {processor.py:654} INFO - DAG(s) dict_keys(['example_time_delta_sensor_async']) retrieved from /home/airflow/.local/lib/python3.6/site-packages/airflow/example_dags/example_time_delta_sensor_async.py
[2025-05-31 10:49:56,127] {logging_mixin.py:109} INFO - [2025-05-31 10:49:56,127] {dag.py:2396} INFO - Sync 1 DAGs
[2025-05-31 10:49:56,159] {logging_mixin.py:109} INFO - [2025-05-31 10:49:56,159] {dag.py:2935} INFO - Setting next_dagrun for example_time_delta_sensor_async to None
[2025-05-31 10:49:56,174] {processor.py:171} INFO - Processing /home/airflow/.local/lib/python3.6/site-packages/airflow/example_dags/example_time_delta_sensor_async.py took 0.122 seconds
[2025-05-31 10:50:26,766] {processor.py:163} INFO - Started process (PID=1878) to work on /home/airflow/.local/lib/python3.6/site-packages/airflow/example_dags/example_time_delta_sensor_async.py
[2025-05-31 10:50:26,768] {processor.py:642} INFO - Processing file /home/airflow/.local/lib/python3.6/site-packages/airflow/example_dags/example_time_delta_sensor_async.py for tasks to queue
[2025-05-31 10:50:26,769] {logging_mixin.py:109} INFO - [2025-05-31 10:50:26,769] {dagbag.py:500} INFO - Filling up the DagBag from /home/airflow/.local/lib/python3.6/site-packages/airflow/example_dags/example_time_delta_sensor_async.py
[2025-05-31 10:50:26,809] {processor.py:654} INFO - DAG(s) dict_keys(['example_time_delta_sensor_async']) retrieved from /home/airflow/.local/lib/python3.6/site-packages/airflow/example_dags/example_time_delta_sensor_async.py
[2025-05-31 10:50:26,825] {logging_mixin.py:109} INFO - [2025-05-31 10:50:26,824] {dag.py:2396} INFO - Sync 1 DAGs
[2025-05-31 10:50:26,858] {logging_mixin.py:109} INFO - [2025-05-31 10:50:26,858] {dag.py:2935} INFO - Setting next_dagrun for example_time_delta_sensor_async to None
[2025-05-31 10:50:26,873] {processor.py:171} INFO - Processing /home/airflow/.local/lib/python3.6/site-packages/airflow/example_dags/example_time_delta_sensor_async.py took 0.110 seconds
[2025-05-31 10:50:57,194] {processor.py:163} INFO - Started process (PID=2058) to work on /home/airflow/.local/lib/python3.6/site-packages/airflow/example_dags/example_time_delta_sensor_async.py
[2025-05-31 10:50:57,196] {processor.py:642} INFO - Processing file /home/airflow/.local/lib/python3.6/site-packages/airflow/example_dags/example_time_delta_sensor_async.py for tasks to queue
[2025-05-31 10:50:57,197] {logging_mixin.py:109} INFO - [2025-05-31 10:50:57,197] {dagbag.py:500} INFO - Filling up the DagBag from /home/airflow/.local/lib/python3.6/site-packages/airflow/example_dags/example_time_delta_sensor_async.py
[2025-05-31 10:50:57,231] {processor.py:654} INFO - DAG(s) dict_keys(['example_time_delta_sensor_async']) retrieved from /home/airflow/.local/lib/python3.6/site-packages/airflow/example_dags/example_time_delta_sensor_async.py
[2025-05-31 10:50:57,244] {logging_mixin.py:109} INFO - [2025-05-31 10:50:57,244] {dag.py:2396} INFO - Sync 1 DAGs
[2025-05-31 10:50:57,267] {logging_mixin.py:109} INFO - [2025-05-31 10:50:57,267] {dag.py:2935} INFO - Setting next_dagrun for example_time_delta_sensor_async to None
[2025-05-31 10:50:57,281] {processor.py:171} INFO - Processing /home/airflow/.local/lib/python3.6/site-packages/airflow/example_dags/example_time_delta_sensor_async.py took 0.091 seconds
[2025-05-31 10:51:27,809] {processor.py:163} INFO - Started process (PID=2238) to work on /home/airflow/.local/lib/python3.6/site-packages/airflow/example_dags/example_time_delta_sensor_async.py
[2025-05-31 10:51:27,810] {processor.py:642} INFO - Processing file /home/airflow/.local/lib/python3.6/site-packages/airflow/example_dags/example_time_delta_sensor_async.py for tasks to queue
[2025-05-31 10:51:27,812] {logging_mixin.py:109} INFO - [2025-05-31 10:51:27,811] {dagbag.py:500} INFO - Filling up the DagBag from /home/airflow/.local/lib/python3.6/site-packages/airflow/example_dags/example_time_delta_sensor_async.py
[2025-05-31 10:51:27,841] {processor.py:654} INFO - DAG(s) dict_keys(['example_time_delta_sensor_async']) retrieved from /home/airflow/.local/lib/python3.6/site-packages/airflow/example_dags/example_time_delta_sensor_async.py
[2025-05-31 10:51:27,855] {logging_mixin.py:109} INFO - [2025-05-31 10:51:27,854] {dag.py:2396} INFO - Sync 1 DAGs
[2025-05-31 10:51:27,874] {logging_mixin.py:109} INFO - [2025-05-31 10:51:27,874] {dag.py:2935} INFO - Setting next_dagrun for example_time_delta_sensor_async to None
[2025-05-31 10:51:27,889] {processor.py:171} INFO - Processing /home/airflow/.local/lib/python3.6/site-packages/airflow/example_dags/example_time_delta_sensor_async.py took 0.083 seconds
[2025-05-31 10:51:58,332] {processor.py:163} INFO - Started process (PID=2426) to work on /home/airflow/.local/lib/python3.6/site-packages/airflow/example_dags/example_time_delta_sensor_async.py
[2025-05-31 10:51:58,334] {processor.py:642} INFO - Processing file /home/airflow/.local/lib/python3.6/site-packages/airflow/example_dags/example_time_delta_sensor_async.py for tasks to queue
[2025-05-31 10:51:58,336] {logging_mixin.py:109} INFO - [2025-05-31 10:51:58,335] {dagbag.py:500} INFO - Filling up the DagBag from /home/airflow/.local/lib/python3.6/site-packages/airflow/example_dags/example_time_delta_sensor_async.py
[2025-05-31 10:51:58,373] {processor.py:654} INFO - DAG(s) dict_keys(['example_time_delta_sensor_async']) retrieved from /home/airflow/.local/lib/python3.6/site-packages/airflow/example_dags/example_time_delta_sensor_async.py
[2025-05-31 10:51:58,387] {logging_mixin.py:109} INFO - [2025-05-31 10:51:58,387] {dag.py:2396} INFO - Sync 1 DAGs
[2025-05-31 10:51:58,413] {logging_mixin.py:109} INFO - [2025-05-31 10:51:58,412] {dag.py:2935} INFO - Setting next_dagrun for example_time_delta_sensor_async to None
[2025-05-31 10:51:58,426] {processor.py:171} INFO - Processing /home/airflow/.local/lib/python3.6/site-packages/airflow/example_dags/example_time_delta_sensor_async.py took 0.099 seconds
[2025-05-31 10:52:29,498] {processor.py:163} INFO - Started process (PID=2606) to work on /home/airflow/.local/lib/python3.6/site-packages/airflow/example_dags/example_time_delta_sensor_async.py
[2025-05-31 10:52:29,502] {processor.py:642} INFO - Processing file /home/airflow/.local/lib/python3.6/site-packages/airflow/example_dags/example_time_delta_sensor_async.py for tasks to queue
[2025-05-31 10:52:29,504] {logging_mixin.py:109} INFO - [2025-05-31 10:52:29,503] {dagbag.py:500} INFO - Filling up the DagBag from /home/airflow/.local/lib/python3.6/site-packages/airflow/example_dags/example_time_delta_sensor_async.py
[2025-05-31 10:52:29,576] {processor.py:654} INFO - DAG(s) dict_keys(['example_time_delta_sensor_async']) retrieved from /home/airflow/.local/lib/python3.6/site-packages/airflow/example_dags/example_time_delta_sensor_async.py
[2025-05-31 10:52:29,600] {logging_mixin.py:109} INFO - [2025-05-31 10:52:29,600] {dag.py:2396} INFO - Sync 1 DAGs
[2025-05-31 10:52:29,644] {logging_mixin.py:109} INFO - [2025-05-31 10:52:29,644] {dag.py:2935} INFO - Setting next_dagrun for example_time_delta_sensor_async to None
[2025-05-31 10:52:29,666] {processor.py:171} INFO - Processing /home/airflow/.local/lib/python3.6/site-packages/airflow/example_dags/example_time_delta_sensor_async.py took 0.175 seconds
[2025-05-31 10:53:01,576] {processor.py:163} INFO - Started process (PID=2786) to work on /home/airflow/.local/lib/python3.6/site-packages/airflow/example_dags/example_time_delta_sensor_async.py
[2025-05-31 10:53:01,578] {processor.py:642} INFO - Processing file /home/airflow/.local/lib/python3.6/site-packages/airflow/example_dags/example_time_delta_sensor_async.py for tasks to queue
[2025-05-31 10:53:01,580] {logging_mixin.py:109} INFO - [2025-05-31 10:53:01,579] {dagbag.py:500} INFO - Filling up the DagBag from /home/airflow/.local/lib/python3.6/site-packages/airflow/example_dags/example_time_delta_sensor_async.py
[2025-05-31 10:53:01,645] {processor.py:654} INFO - DAG(s) dict_keys(['example_time_delta_sensor_async']) retrieved from /home/airflow/.local/lib/python3.6/site-packages/airflow/example_dags/example_time_delta_sensor_async.py
[2025-05-31 10:53:01,675] {logging_mixin.py:109} INFO - [2025-05-31 10:53:01,675] {dag.py:2396} INFO - Sync 1 DAGs
[2025-05-31 10:53:01,720] {logging_mixin.py:109} INFO - [2025-05-31 10:53:01,719] {dag.py:2935} INFO - Setting next_dagrun for example_time_delta_sensor_async to None
[2025-05-31 10:53:01,742] {processor.py:171} INFO - Processing /home/airflow/.local/lib/python3.6/site-packages/airflow/example_dags/example_time_delta_sensor_async.py took 0.176 seconds
[2025-05-31 10:53:33,024] {processor.py:163} INFO - Started process (PID=2966) to work on /home/airflow/.local/lib/python3.6/site-packages/airflow/example_dags/example_time_delta_sensor_async.py
[2025-05-31 10:53:33,027] {processor.py:642} INFO - Processing file /home/airflow/.local/lib/python3.6/site-packages/airflow/example_dags/example_time_delta_sensor_async.py for tasks to queue
[2025-05-31 10:53:33,030] {logging_mixin.py:109} INFO - [2025-05-31 10:53:33,029] {dagbag.py:500} INFO - Filling up the DagBag from /home/airflow/.local/lib/python3.6/site-packages/airflow/example_dags/example_time_delta_sensor_async.py
[2025-05-31 10:53:33,117] {processor.py:654} INFO - DAG(s) dict_keys(['example_time_delta_sensor_async']) retrieved from /home/airflow/.local/lib/python3.6/site-packages/airflow/example_dags/example_time_delta_sensor_async.py
[2025-05-31 10:53:33,153] {logging_mixin.py:109} INFO - [2025-05-31 10:53:33,152] {dag.py:2396} INFO - Sync 1 DAGs
[2025-05-31 10:53:33,206] {logging_mixin.py:109} INFO - [2025-05-31 10:53:33,206] {dag.py:2935} INFO - Setting next_dagrun for example_time_delta_sensor_async to None
[2025-05-31 10:53:33,250] {processor.py:171} INFO - Processing /home/airflow/.local/lib/python3.6/site-packages/airflow/example_dags/example_time_delta_sensor_async.py took 0.235 seconds
[2025-05-31 10:54:03,682] {processor.py:163} INFO - Started process (PID=3146) to work on /home/airflow/.local/lib/python3.6/site-packages/airflow/example_dags/example_time_delta_sensor_async.py
[2025-05-31 10:54:03,728] {processor.py:642} INFO - Processing file /home/airflow/.local/lib/python3.6/site-packages/airflow/example_dags/example_time_delta_sensor_async.py for tasks to queue
[2025-05-31 10:54:03,732] {logging_mixin.py:109} INFO - [2025-05-31 10:54:03,732] {dagbag.py:500} INFO - Filling up the DagBag from /home/airflow/.local/lib/python3.6/site-packages/airflow/example_dags/example_time_delta_sensor_async.py
[2025-05-31 10:54:03,837] {processor.py:654} INFO - DAG(s) dict_keys(['example_time_delta_sensor_async']) retrieved from /home/airflow/.local/lib/python3.6/site-packages/airflow/example_dags/example_time_delta_sensor_async.py
[2025-05-31 10:54:03,890] {logging_mixin.py:109} INFO - [2025-05-31 10:54:03,890] {dag.py:2396} INFO - Sync 1 DAGs
[2025-05-31 10:54:03,968] {logging_mixin.py:109} INFO - [2025-05-31 10:54:03,967] {dag.py:2935} INFO - Setting next_dagrun for example_time_delta_sensor_async to None
[2025-05-31 10:54:04,011] {processor.py:171} INFO - Processing /home/airflow/.local/lib/python3.6/site-packages/airflow/example_dags/example_time_delta_sensor_async.py took 0.338 seconds
[2025-05-31 10:54:34,803] {processor.py:163} INFO - Started process (PID=3335) to work on /home/airflow/.local/lib/python3.6/site-packages/airflow/example_dags/example_time_delta_sensor_async.py
[2025-05-31 10:54:34,806] {processor.py:642} INFO - Processing file /home/airflow/.local/lib/python3.6/site-packages/airflow/example_dags/example_time_delta_sensor_async.py for tasks to queue
[2025-05-31 10:54:34,807] {logging_mixin.py:109} INFO - [2025-05-31 10:54:34,807] {dagbag.py:500} INFO - Filling up the DagBag from /home/airflow/.local/lib/python3.6/site-packages/airflow/example_dags/example_time_delta_sensor_async.py
[2025-05-31 10:54:34,866] {processor.py:654} INFO - DAG(s) dict_keys(['example_time_delta_sensor_async']) retrieved from /home/airflow/.local/lib/python3.6/site-packages/airflow/example_dags/example_time_delta_sensor_async.py
[2025-05-31 10:54:34,885] {logging_mixin.py:109} INFO - [2025-05-31 10:54:34,885] {dag.py:2396} INFO - Sync 1 DAGs
[2025-05-31 10:54:34,919] {logging_mixin.py:109} INFO - [2025-05-31 10:54:34,919] {dag.py:2935} INFO - Setting next_dagrun for example_time_delta_sensor_async to None
[2025-05-31 10:54:34,935] {processor.py:171} INFO - Processing /home/airflow/.local/lib/python3.6/site-packages/airflow/example_dags/example_time_delta_sensor_async.py took 0.138 seconds
[2025-05-31 10:55:05,776] {processor.py:163} INFO - Started process (PID=3516) to work on /home/airflow/.local/lib/python3.6/site-packages/airflow/example_dags/example_time_delta_sensor_async.py
[2025-05-31 10:55:05,778] {processor.py:642} INFO - Processing file /home/airflow/.local/lib/python3.6/site-packages/airflow/example_dags/example_time_delta_sensor_async.py for tasks to queue
[2025-05-31 10:55:05,779] {logging_mixin.py:109} INFO - [2025-05-31 10:55:05,779] {dagbag.py:500} INFO - Filling up the DagBag from /home/airflow/.local/lib/python3.6/site-packages/airflow/example_dags/example_time_delta_sensor_async.py
[2025-05-31 10:55:05,816] {processor.py:654} INFO - DAG(s) dict_keys(['example_time_delta_sensor_async']) retrieved from /home/airflow/.local/lib/python3.6/site-packages/airflow/example_dags/example_time_delta_sensor_async.py
[2025-05-31 10:55:05,831] {logging_mixin.py:109} INFO - [2025-05-31 10:55:05,830] {dag.py:2396} INFO - Sync 1 DAGs
[2025-05-31 10:55:05,855] {logging_mixin.py:109} INFO - [2025-05-31 10:55:05,855] {dag.py:2935} INFO - Setting next_dagrun for example_time_delta_sensor_async to None
[2025-05-31 10:55:05,869] {processor.py:171} INFO - Processing /home/airflow/.local/lib/python3.6/site-packages/airflow/example_dags/example_time_delta_sensor_async.py took 0.098 seconds
[2025-05-31 10:55:36,547] {processor.py:163} INFO - Started process (PID=3696) to work on /home/airflow/.local/lib/python3.6/site-packages/airflow/example_dags/example_time_delta_sensor_async.py
[2025-05-31 10:55:36,549] {processor.py:642} INFO - Processing file /home/airflow/.local/lib/python3.6/site-packages/airflow/example_dags/example_time_delta_sensor_async.py for tasks to queue
[2025-05-31 10:55:36,551] {logging_mixin.py:109} INFO - [2025-05-31 10:55:36,551] {dagbag.py:500} INFO - Filling up the DagBag from /home/airflow/.local/lib/python3.6/site-packages/airflow/example_dags/example_time_delta_sensor_async.py
[2025-05-31 10:55:36,608] {processor.py:654} INFO - DAG(s) dict_keys(['example_time_delta_sensor_async']) retrieved from /home/airflow/.local/lib/python3.6/site-packages/airflow/example_dags/example_time_delta_sensor_async.py
[2025-05-31 10:55:36,625] {logging_mixin.py:109} INFO - [2025-05-31 10:55:36,625] {dag.py:2396} INFO - Sync 1 DAGs
[2025-05-31 10:55:36,655] {logging_mixin.py:109} INFO - [2025-05-31 10:55:36,655] {dag.py:2935} INFO - Setting next_dagrun for example_time_delta_sensor_async to None
[2025-05-31 10:55:36,670] {processor.py:171} INFO - Processing /home/airflow/.local/lib/python3.6/site-packages/airflow/example_dags/example_time_delta_sensor_async.py took 0.131 seconds
[2025-05-31 10:56:07,832] {processor.py:163} INFO - Started process (PID=3886) to work on /home/airflow/.local/lib/python3.6/site-packages/airflow/example_dags/example_time_delta_sensor_async.py
[2025-05-31 10:56:07,834] {processor.py:642} INFO - Processing file /home/airflow/.local/lib/python3.6/site-packages/airflow/example_dags/example_time_delta_sensor_async.py for tasks to queue
[2025-05-31 10:56:07,836] {logging_mixin.py:109} INFO - [2025-05-31 10:56:07,836] {dagbag.py:500} INFO - Filling up the DagBag from /home/airflow/.local/lib/python3.6/site-packages/airflow/example_dags/example_time_delta_sensor_async.py
[2025-05-31 10:56:07,887] {processor.py:654} INFO - DAG(s) dict_keys(['example_time_delta_sensor_async']) retrieved from /home/airflow/.local/lib/python3.6/site-packages/airflow/example_dags/example_time_delta_sensor_async.py
[2025-05-31 10:56:07,908] {logging_mixin.py:109} INFO - [2025-05-31 10:56:07,908] {dag.py:2396} INFO - Sync 1 DAGs
[2025-05-31 10:56:07,950] {logging_mixin.py:109} INFO - [2025-05-31 10:56:07,949] {dag.py:2935} INFO - Setting next_dagrun for example_time_delta_sensor_async to None
[2025-05-31 10:56:07,970] {processor.py:171} INFO - Processing /home/airflow/.local/lib/python3.6/site-packages/airflow/example_dags/example_time_delta_sensor_async.py took 0.143 seconds
[2025-05-31 10:56:38,712] {processor.py:163} INFO - Started process (PID=4066) to work on /home/airflow/.local/lib/python3.6/site-packages/airflow/example_dags/example_time_delta_sensor_async.py
[2025-05-31 10:56:38,714] {processor.py:642} INFO - Processing file /home/airflow/.local/lib/python3.6/site-packages/airflow/example_dags/example_time_delta_sensor_async.py for tasks to queue
[2025-05-31 10:56:38,715] {logging_mixin.py:109} INFO - [2025-05-31 10:56:38,715] {dagbag.py:500} INFO - Filling up the DagBag from /home/airflow/.local/lib/python3.6/site-packages/airflow/example_dags/example_time_delta_sensor_async.py
[2025-05-31 10:56:38,759] {processor.py:654} INFO - DAG(s) dict_keys(['example_time_delta_sensor_async']) retrieved from /home/airflow/.local/lib/python3.6/site-packages/airflow/example_dags/example_time_delta_sensor_async.py
[2025-05-31 10:56:38,779] {logging_mixin.py:109} INFO - [2025-05-31 10:56:38,778] {dag.py:2396} INFO - Sync 1 DAGs
[2025-05-31 10:56:38,811] {logging_mixin.py:109} INFO - [2025-05-31 10:56:38,811] {dag.py:2935} INFO - Setting next_dagrun for example_time_delta_sensor_async to None
[2025-05-31 10:56:38,829] {processor.py:171} INFO - Processing /home/airflow/.local/lib/python3.6/site-packages/airflow/example_dags/example_time_delta_sensor_async.py took 0.122 seconds
[2025-05-31 10:57:10,119] {processor.py:163} INFO - Started process (PID=4246) to work on /home/airflow/.local/lib/python3.6/site-packages/airflow/example_dags/example_time_delta_sensor_async.py
[2025-05-31 10:57:10,121] {processor.py:642} INFO - Processing file /home/airflow/.local/lib/python3.6/site-packages/airflow/example_dags/example_time_delta_sensor_async.py for tasks to queue
[2025-05-31 10:57:10,122] {logging_mixin.py:109} INFO - [2025-05-31 10:57:10,122] {dagbag.py:500} INFO - Filling up the DagBag from /home/airflow/.local/lib/python3.6/site-packages/airflow/example_dags/example_time_delta_sensor_async.py
[2025-05-31 10:57:10,165] {processor.py:654} INFO - DAG(s) dict_keys(['example_time_delta_sensor_async']) retrieved from /home/airflow/.local/lib/python3.6/site-packages/airflow/example_dags/example_time_delta_sensor_async.py
[2025-05-31 10:57:10,181] {logging_mixin.py:109} INFO - [2025-05-31 10:57:10,181] {dag.py:2396} INFO - Sync 1 DAGs
[2025-05-31 10:57:10,210] {logging_mixin.py:109} INFO - [2025-05-31 10:57:10,210] {dag.py:2935} INFO - Setting next_dagrun for example_time_delta_sensor_async to None
[2025-05-31 10:57:10,226] {processor.py:171} INFO - Processing /home/airflow/.local/lib/python3.6/site-packages/airflow/example_dags/example_time_delta_sensor_async.py took 0.112 seconds
[2025-05-31 10:57:41,897] {processor.py:163} INFO - Started process (PID=4433) to work on /home/airflow/.local/lib/python3.6/site-packages/airflow/example_dags/example_time_delta_sensor_async.py
[2025-05-31 10:57:41,900] {processor.py:642} INFO - Processing file /home/airflow/.local/lib/python3.6/site-packages/airflow/example_dags/example_time_delta_sensor_async.py for tasks to queue
[2025-05-31 10:57:41,903] {logging_mixin.py:109} INFO - [2025-05-31 10:57:41,902] {dagbag.py:500} INFO - Filling up the DagBag from /home/airflow/.local/lib/python3.6/site-packages/airflow/example_dags/example_time_delta_sensor_async.py
[2025-05-31 10:57:41,969] {processor.py:654} INFO - DAG(s) dict_keys(['example_time_delta_sensor_async']) retrieved from /home/airflow/.local/lib/python3.6/site-packages/airflow/example_dags/example_time_delta_sensor_async.py
[2025-05-31 10:57:42,002] {logging_mixin.py:109} INFO - [2025-05-31 10:57:42,001] {dag.py:2396} INFO - Sync 1 DAGs
[2025-05-31 10:57:42,056] {logging_mixin.py:109} INFO - [2025-05-31 10:57:42,056] {dag.py:2935} INFO - Setting next_dagrun for example_time_delta_sensor_async to None
[2025-05-31 10:57:42,156] {processor.py:171} INFO - Processing /home/airflow/.local/lib/python3.6/site-packages/airflow/example_dags/example_time_delta_sensor_async.py took 0.269 seconds
[2025-05-31 10:58:13,138] {processor.py:163} INFO - Started process (PID=4616) to work on /home/airflow/.local/lib/python3.6/site-packages/airflow/example_dags/example_time_delta_sensor_async.py
[2025-05-31 10:58:13,141] {processor.py:642} INFO - Processing file /home/airflow/.local/lib/python3.6/site-packages/airflow/example_dags/example_time_delta_sensor_async.py for tasks to queue
[2025-05-31 10:58:13,143] {logging_mixin.py:109} INFO - [2025-05-31 10:58:13,142] {dagbag.py:500} INFO - Filling up the DagBag from /home/airflow/.local/lib/python3.6/site-packages/airflow/example_dags/example_time_delta_sensor_async.py
[2025-05-31 10:58:13,203] {processor.py:654} INFO - DAG(s) dict_keys(['example_time_delta_sensor_async']) retrieved from /home/airflow/.local/lib/python3.6/site-packages/airflow/example_dags/example_time_delta_sensor_async.py
[2025-05-31 10:58:13,230] {logging_mixin.py:109} INFO - [2025-05-31 10:58:13,230] {dag.py:2396} INFO - Sync 1 DAGs
[2025-05-31 10:58:13,283] {logging_mixin.py:109} INFO - [2025-05-31 10:58:13,283] {dag.py:2935} INFO - Setting next_dagrun for example_time_delta_sensor_async to None
[2025-05-31 10:58:13,309] {processor.py:171} INFO - Processing /home/airflow/.local/lib/python3.6/site-packages/airflow/example_dags/example_time_delta_sensor_async.py took 0.176 seconds
[2025-05-31 10:58:43,932] {processor.py:163} INFO - Started process (PID=4798) to work on /home/airflow/.local/lib/python3.6/site-packages/airflow/example_dags/example_time_delta_sensor_async.py
[2025-05-31 10:58:43,934] {processor.py:642} INFO - Processing file /home/airflow/.local/lib/python3.6/site-packages/airflow/example_dags/example_time_delta_sensor_async.py for tasks to queue
[2025-05-31 10:58:43,935] {logging_mixin.py:109} INFO - [2025-05-31 10:58:43,934] {dagbag.py:500} INFO - Filling up the DagBag from /home/airflow/.local/lib/python3.6/site-packages/airflow/example_dags/example_time_delta_sensor_async.py
[2025-05-31 10:58:43,971] {processor.py:654} INFO - DAG(s) dict_keys(['example_time_delta_sensor_async']) retrieved from /home/airflow/.local/lib/python3.6/site-packages/airflow/example_dags/example_time_delta_sensor_async.py
[2025-05-31 10:58:43,985] {logging_mixin.py:109} INFO - [2025-05-31 10:58:43,985] {dag.py:2396} INFO - Sync 1 DAGs
[2025-05-31 10:58:44,009] {logging_mixin.py:109} INFO - [2025-05-31 10:58:44,009] {dag.py:2935} INFO - Setting next_dagrun for example_time_delta_sensor_async to None
[2025-05-31 10:58:44,023] {processor.py:171} INFO - Processing /home/airflow/.local/lib/python3.6/site-packages/airflow/example_dags/example_time_delta_sensor_async.py took 0.095 seconds
[2025-05-31 10:59:14,623] {processor.py:163} INFO - Started process (PID=4976) to work on /home/airflow/.local/lib/python3.6/site-packages/airflow/example_dags/example_time_delta_sensor_async.py
[2025-05-31 10:59:14,626] {processor.py:642} INFO - Processing file /home/airflow/.local/lib/python3.6/site-packages/airflow/example_dags/example_time_delta_sensor_async.py for tasks to queue
[2025-05-31 10:59:14,628] {logging_mixin.py:109} INFO - [2025-05-31 10:59:14,628] {dagbag.py:500} INFO - Filling up the DagBag from /home/airflow/.local/lib/python3.6/site-packages/airflow/example_dags/example_time_delta_sensor_async.py
[2025-05-31 10:59:14,680] {processor.py:654} INFO - DAG(s) dict_keys(['example_time_delta_sensor_async']) retrieved from /home/airflow/.local/lib/python3.6/site-packages/airflow/example_dags/example_time_delta_sensor_async.py
[2025-05-31 10:59:14,697] {logging_mixin.py:109} INFO - [2025-05-31 10:59:14,697] {dag.py:2396} INFO - Sync 1 DAGs
[2025-05-31 10:59:14,724] {logging_mixin.py:109} INFO - [2025-05-31 10:59:14,724] {dag.py:2935} INFO - Setting next_dagrun for example_time_delta_sensor_async to None
[2025-05-31 10:59:14,739] {processor.py:171} INFO - Processing /home/airflow/.local/lib/python3.6/site-packages/airflow/example_dags/example_time_delta_sensor_async.py took 0.131 seconds
[2025-05-31 10:59:46,053] {processor.py:163} INFO - Started process (PID=5166) to work on /home/airflow/.local/lib/python3.6/site-packages/airflow/example_dags/example_time_delta_sensor_async.py
[2025-05-31 10:59:46,055] {processor.py:642} INFO - Processing file /home/airflow/.local/lib/python3.6/site-packages/airflow/example_dags/example_time_delta_sensor_async.py for tasks to queue
[2025-05-31 10:59:46,056] {logging_mixin.py:109} INFO - [2025-05-31 10:59:46,056] {dagbag.py:500} INFO - Filling up the DagBag from /home/airflow/.local/lib/python3.6/site-packages/airflow/example_dags/example_time_delta_sensor_async.py
[2025-05-31 10:59:46,107] {processor.py:654} INFO - DAG(s) dict_keys(['example_time_delta_sensor_async']) retrieved from /home/airflow/.local/lib/python3.6/site-packages/airflow/example_dags/example_time_delta_sensor_async.py
[2025-05-31 10:59:46,124] {logging_mixin.py:109} INFO - [2025-05-31 10:59:46,123] {dag.py:2396} INFO - Sync 1 DAGs
[2025-05-31 10:59:46,155] {logging_mixin.py:109} INFO - [2025-05-31 10:59:46,155] {dag.py:2935} INFO - Setting next_dagrun for example_time_delta_sensor_async to None
[2025-05-31 10:59:46,169] {processor.py:171} INFO - Processing /home/airflow/.local/lib/python3.6/site-packages/airflow/example_dags/example_time_delta_sensor_async.py took 0.122 seconds
[2025-05-31 11:00:16,631] {processor.py:163} INFO - Started process (PID=5348) to work on /home/airflow/.local/lib/python3.6/site-packages/airflow/example_dags/example_time_delta_sensor_async.py
[2025-05-31 11:00:16,634] {processor.py:642} INFO - Processing file /home/airflow/.local/lib/python3.6/site-packages/airflow/example_dags/example_time_delta_sensor_async.py for tasks to queue
[2025-05-31 11:00:16,635] {logging_mixin.py:109} INFO - [2025-05-31 11:00:16,635] {dagbag.py:500} INFO - Filling up the DagBag from /home/airflow/.local/lib/python3.6/site-packages/airflow/example_dags/example_time_delta_sensor_async.py
[2025-05-31 11:00:16,686] {processor.py:654} INFO - DAG(s) dict_keys(['example_time_delta_sensor_async']) retrieved from /home/airflow/.local/lib/python3.6/site-packages/airflow/example_dags/example_time_delta_sensor_async.py
[2025-05-31 11:00:16,703] {logging_mixin.py:109} INFO - [2025-05-31 11:00:16,702] {dag.py:2396} INFO - Sync 1 DAGs
[2025-05-31 11:00:16,738] {logging_mixin.py:109} INFO - [2025-05-31 11:00:16,738] {dag.py:2935} INFO - Setting next_dagrun for example_time_delta_sensor_async to None
[2025-05-31 11:00:16,757] {processor.py:171} INFO - Processing /home/airflow/.local/lib/python3.6/site-packages/airflow/example_dags/example_time_delta_sensor_async.py took 0.131 seconds
[2025-05-31 11:00:47,973] {processor.py:163} INFO - Started process (PID=5538) to work on /home/airflow/.local/lib/python3.6/site-packages/airflow/example_dags/example_time_delta_sensor_async.py
[2025-05-31 11:00:47,975] {processor.py:642} INFO - Processing file /home/airflow/.local/lib/python3.6/site-packages/airflow/example_dags/example_time_delta_sensor_async.py for tasks to queue
[2025-05-31 11:00:47,976] {logging_mixin.py:109} INFO - [2025-05-31 11:00:47,976] {dagbag.py:500} INFO - Filling up the DagBag from /home/airflow/.local/lib/python3.6/site-packages/airflow/example_dags/example_time_delta_sensor_async.py
[2025-05-31 11:00:48,013] {processor.py:654} INFO - DAG(s) dict_keys(['example_time_delta_sensor_async']) retrieved from /home/airflow/.local/lib/python3.6/site-packages/airflow/example_dags/example_time_delta_sensor_async.py
[2025-05-31 11:00:48,028] {logging_mixin.py:109} INFO - [2025-05-31 11:00:48,027] {dag.py:2396} INFO - Sync 1 DAGs
[2025-05-31 11:00:48,056] {logging_mixin.py:109} INFO - [2025-05-31 11:00:48,056] {dag.py:2935} INFO - Setting next_dagrun for example_time_delta_sensor_async to None
[2025-05-31 11:00:48,069] {processor.py:171} INFO - Processing /home/airflow/.local/lib/python3.6/site-packages/airflow/example_dags/example_time_delta_sensor_async.py took 0.100 seconds
[2025-05-31 11:01:18,993] {processor.py:163} INFO - Started process (PID=5716) to work on /home/airflow/.local/lib/python3.6/site-packages/airflow/example_dags/example_time_delta_sensor_async.py
[2025-05-31 11:01:18,994] {processor.py:642} INFO - Processing file /home/airflow/.local/lib/python3.6/site-packages/airflow/example_dags/example_time_delta_sensor_async.py for tasks to queue
[2025-05-31 11:01:18,995] {logging_mixin.py:109} INFO - [2025-05-31 11:01:18,995] {dagbag.py:500} INFO - Filling up the DagBag from /home/airflow/.local/lib/python3.6/site-packages/airflow/example_dags/example_time_delta_sensor_async.py
[2025-05-31 11:01:19,027] {processor.py:654} INFO - DAG(s) dict_keys(['example_time_delta_sensor_async']) retrieved from /home/airflow/.local/lib/python3.6/site-packages/airflow/example_dags/example_time_delta_sensor_async.py
[2025-05-31 11:01:19,039] {logging_mixin.py:109} INFO - [2025-05-31 11:01:19,039] {dag.py:2396} INFO - Sync 1 DAGs
[2025-05-31 11:01:19,063] {logging_mixin.py:109} INFO - [2025-05-31 11:01:19,063] {dag.py:2935} INFO - Setting next_dagrun for example_time_delta_sensor_async to None
[2025-05-31 11:01:19,076] {processor.py:171} INFO - Processing /home/airflow/.local/lib/python3.6/site-packages/airflow/example_dags/example_time_delta_sensor_async.py took 0.087 seconds
[2025-05-31 11:01:50,817] {processor.py:163} INFO - Started process (PID=5906) to work on /home/airflow/.local/lib/python3.6/site-packages/airflow/example_dags/example_time_delta_sensor_async.py
[2025-05-31 11:01:50,819] {processor.py:642} INFO - Processing file /home/airflow/.local/lib/python3.6/site-packages/airflow/example_dags/example_time_delta_sensor_async.py for tasks to queue
[2025-05-31 11:01:50,820] {logging_mixin.py:109} INFO - [2025-05-31 11:01:50,820] {dagbag.py:500} INFO - Filling up the DagBag from /home/airflow/.local/lib/python3.6/site-packages/airflow/example_dags/example_time_delta_sensor_async.py
[2025-05-31 11:01:50,855] {processor.py:654} INFO - DAG(s) dict_keys(['example_time_delta_sensor_async']) retrieved from /home/airflow/.local/lib/python3.6/site-packages/airflow/example_dags/example_time_delta_sensor_async.py
[2025-05-31 11:01:50,870] {logging_mixin.py:109} INFO - [2025-05-31 11:01:50,870] {dag.py:2396} INFO - Sync 1 DAGs
[2025-05-31 11:01:50,895] {logging_mixin.py:109} INFO - [2025-05-31 11:01:50,895] {dag.py:2935} INFO - Setting next_dagrun for example_time_delta_sensor_async to None
[2025-05-31 11:01:50,909] {processor.py:171} INFO - Processing /home/airflow/.local/lib/python3.6/site-packages/airflow/example_dags/example_time_delta_sensor_async.py took 0.096 seconds
[2025-05-31 11:02:21,516] {processor.py:163} INFO - Started process (PID=6096) to work on /home/airflow/.local/lib/python3.6/site-packages/airflow/example_dags/example_time_delta_sensor_async.py
[2025-05-31 11:02:21,518] {processor.py:642} INFO - Processing file /home/airflow/.local/lib/python3.6/site-packages/airflow/example_dags/example_time_delta_sensor_async.py for tasks to queue
[2025-05-31 11:02:21,519] {logging_mixin.py:109} INFO - [2025-05-31 11:02:21,519] {dagbag.py:500} INFO - Filling up the DagBag from /home/airflow/.local/lib/python3.6/site-packages/airflow/example_dags/example_time_delta_sensor_async.py
[2025-05-31 11:02:21,561] {processor.py:654} INFO - DAG(s) dict_keys(['example_time_delta_sensor_async']) retrieved from /home/airflow/.local/lib/python3.6/site-packages/airflow/example_dags/example_time_delta_sensor_async.py
[2025-05-31 11:02:21,578] {logging_mixin.py:109} INFO - [2025-05-31 11:02:21,578] {dag.py:2396} INFO - Sync 1 DAGs
[2025-05-31 11:02:21,606] {logging_mixin.py:109} INFO - [2025-05-31 11:02:21,606] {dag.py:2935} INFO - Setting next_dagrun for example_time_delta_sensor_async to None
[2025-05-31 11:02:21,621] {processor.py:171} INFO - Processing /home/airflow/.local/lib/python3.6/site-packages/airflow/example_dags/example_time_delta_sensor_async.py took 0.109 seconds
[2025-05-31 11:02:53,024] {processor.py:163} INFO - Started process (PID=6276) to work on /home/airflow/.local/lib/python3.6/site-packages/airflow/example_dags/example_time_delta_sensor_async.py
[2025-05-31 11:02:53,027] {processor.py:642} INFO - Processing file /home/airflow/.local/lib/python3.6/site-packages/airflow/example_dags/example_time_delta_sensor_async.py for tasks to queue
[2025-05-31 11:02:53,029] {logging_mixin.py:109} INFO - [2025-05-31 11:02:53,028] {dagbag.py:500} INFO - Filling up the DagBag from /home/airflow/.local/lib/python3.6/site-packages/airflow/example_dags/example_time_delta_sensor_async.py
[2025-05-31 11:02:53,065] {processor.py:654} INFO - DAG(s) dict_keys(['example_time_delta_sensor_async']) retrieved from /home/airflow/.local/lib/python3.6/site-packages/airflow/example_dags/example_time_delta_sensor_async.py
[2025-05-31 11:02:53,081] {logging_mixin.py:109} INFO - [2025-05-31 11:02:53,081] {dag.py:2396} INFO - Sync 1 DAGs
[2025-05-31 11:02:53,108] {logging_mixin.py:109} INFO - [2025-05-31 11:02:53,108] {dag.py:2935} INFO - Setting next_dagrun for example_time_delta_sensor_async to None
[2025-05-31 11:02:53,123] {processor.py:171} INFO - Processing /home/airflow/.local/lib/python3.6/site-packages/airflow/example_dags/example_time_delta_sensor_async.py took 0.104 seconds
[2025-05-31 11:03:23,616] {processor.py:163} INFO - Started process (PID=6461) to work on /home/airflow/.local/lib/python3.6/site-packages/airflow/example_dags/example_time_delta_sensor_async.py
[2025-05-31 11:03:23,618] {processor.py:642} INFO - Processing file /home/airflow/.local/lib/python3.6/site-packages/airflow/example_dags/example_time_delta_sensor_async.py for tasks to queue
[2025-05-31 11:03:23,619] {logging_mixin.py:109} INFO - [2025-05-31 11:03:23,619] {dagbag.py:500} INFO - Filling up the DagBag from /home/airflow/.local/lib/python3.6/site-packages/airflow/example_dags/example_time_delta_sensor_async.py
[2025-05-31 11:03:23,666] {processor.py:654} INFO - DAG(s) dict_keys(['example_time_delta_sensor_async']) retrieved from /home/airflow/.local/lib/python3.6/site-packages/airflow/example_dags/example_time_delta_sensor_async.py
[2025-05-31 11:03:23,683] {logging_mixin.py:109} INFO - [2025-05-31 11:03:23,683] {dag.py:2396} INFO - Sync 1 DAGs
[2025-05-31 11:03:23,716] {logging_mixin.py:109} INFO - [2025-05-31 11:03:23,716] {dag.py:2935} INFO - Setting next_dagrun for example_time_delta_sensor_async to None
[2025-05-31 11:03:23,731] {processor.py:171} INFO - Processing /home/airflow/.local/lib/python3.6/site-packages/airflow/example_dags/example_time_delta_sensor_async.py took 0.120 seconds
[2025-05-31 11:03:54,701] {processor.py:163} INFO - Started process (PID=6636) to work on /home/airflow/.local/lib/python3.6/site-packages/airflow/example_dags/example_time_delta_sensor_async.py
[2025-05-31 11:03:54,703] {processor.py:642} INFO - Processing file /home/airflow/.local/lib/python3.6/site-packages/airflow/example_dags/example_time_delta_sensor_async.py for tasks to queue
[2025-05-31 11:03:54,705] {logging_mixin.py:109} INFO - [2025-05-31 11:03:54,704] {dagbag.py:500} INFO - Filling up the DagBag from /home/airflow/.local/lib/python3.6/site-packages/airflow/example_dags/example_time_delta_sensor_async.py
[2025-05-31 11:03:54,756] {processor.py:654} INFO - DAG(s) dict_keys(['example_time_delta_sensor_async']) retrieved from /home/airflow/.local/lib/python3.6/site-packages/airflow/example_dags/example_time_delta_sensor_async.py
[2025-05-31 11:03:54,778] {logging_mixin.py:109} INFO - [2025-05-31 11:03:54,777] {dag.py:2396} INFO - Sync 1 DAGs
[2025-05-31 11:03:54,811] {logging_mixin.py:109} INFO - [2025-05-31 11:03:54,811] {dag.py:2935} INFO - Setting next_dagrun for example_time_delta_sensor_async to None
[2025-05-31 11:03:54,825] {processor.py:171} INFO - Processing /home/airflow/.local/lib/python3.6/site-packages/airflow/example_dags/example_time_delta_sensor_async.py took 0.132 seconds
[2025-05-31 11:04:25,733] {processor.py:163} INFO - Started process (PID=6816) to work on /home/airflow/.local/lib/python3.6/site-packages/airflow/example_dags/example_time_delta_sensor_async.py
[2025-05-31 11:04:25,735] {processor.py:642} INFO - Processing file /home/airflow/.local/lib/python3.6/site-packages/airflow/example_dags/example_time_delta_sensor_async.py for tasks to queue
[2025-05-31 11:04:25,736] {logging_mixin.py:109} INFO - [2025-05-31 11:04:25,736] {dagbag.py:500} INFO - Filling up the DagBag from /home/airflow/.local/lib/python3.6/site-packages/airflow/example_dags/example_time_delta_sensor_async.py
[2025-05-31 11:04:25,771] {processor.py:654} INFO - DAG(s) dict_keys(['example_time_delta_sensor_async']) retrieved from /home/airflow/.local/lib/python3.6/site-packages/airflow/example_dags/example_time_delta_sensor_async.py
[2025-05-31 11:04:25,783] {logging_mixin.py:109} INFO - [2025-05-31 11:04:25,783] {dag.py:2396} INFO - Sync 1 DAGs
[2025-05-31 11:04:25,811] {logging_mixin.py:109} INFO - [2025-05-31 11:04:25,811] {dag.py:2935} INFO - Setting next_dagrun for example_time_delta_sensor_async to None
[2025-05-31 11:04:25,823] {processor.py:171} INFO - Processing /home/airflow/.local/lib/python3.6/site-packages/airflow/example_dags/example_time_delta_sensor_async.py took 0.095 seconds
[2025-05-31 11:04:56,821] {processor.py:163} INFO - Started process (PID=7006) to work on /home/airflow/.local/lib/python3.6/site-packages/airflow/example_dags/example_time_delta_sensor_async.py
[2025-05-31 11:04:56,824] {processor.py:642} INFO - Processing file /home/airflow/.local/lib/python3.6/site-packages/airflow/example_dags/example_time_delta_sensor_async.py for tasks to queue
[2025-05-31 11:04:56,826] {logging_mixin.py:109} INFO - [2025-05-31 11:04:56,825] {dagbag.py:500} INFO - Filling up the DagBag from /home/airflow/.local/lib/python3.6/site-packages/airflow/example_dags/example_time_delta_sensor_async.py
[2025-05-31 11:04:56,880] {processor.py:654} INFO - DAG(s) dict_keys(['example_time_delta_sensor_async']) retrieved from /home/airflow/.local/lib/python3.6/site-packages/airflow/example_dags/example_time_delta_sensor_async.py
[2025-05-31 11:04:56,899] {logging_mixin.py:109} INFO - [2025-05-31 11:04:56,899] {dag.py:2396} INFO - Sync 1 DAGs
[2025-05-31 11:04:56,937] {logging_mixin.py:109} INFO - [2025-05-31 11:04:56,936] {dag.py:2935} INFO - Setting next_dagrun for example_time_delta_sensor_async to None
[2025-05-31 11:04:56,956] {processor.py:171} INFO - Processing /home/airflow/.local/lib/python3.6/site-packages/airflow/example_dags/example_time_delta_sensor_async.py took 0.143 seconds
[2025-05-31 11:05:27,933] {processor.py:163} INFO - Started process (PID=7186) to work on /home/airflow/.local/lib/python3.6/site-packages/airflow/example_dags/example_time_delta_sensor_async.py
[2025-05-31 11:05:27,935] {processor.py:642} INFO - Processing file /home/airflow/.local/lib/python3.6/site-packages/airflow/example_dags/example_time_delta_sensor_async.py for tasks to queue
[2025-05-31 11:05:27,937] {logging_mixin.py:109} INFO - [2025-05-31 11:05:27,937] {dagbag.py:500} INFO - Filling up the DagBag from /home/airflow/.local/lib/python3.6/site-packages/airflow/example_dags/example_time_delta_sensor_async.py
[2025-05-31 11:05:27,976] {processor.py:654} INFO - DAG(s) dict_keys(['example_time_delta_sensor_async']) retrieved from /home/airflow/.local/lib/python3.6/site-packages/airflow/example_dags/example_time_delta_sensor_async.py
[2025-05-31 11:05:27,990] {logging_mixin.py:109} INFO - [2025-05-31 11:05:27,990] {dag.py:2396} INFO - Sync 1 DAGs
[2025-05-31 11:05:28,014] {logging_mixin.py:109} INFO - [2025-05-31 11:05:28,014] {dag.py:2935} INFO - Setting next_dagrun for example_time_delta_sensor_async to None
[2025-05-31 11:05:28,028] {processor.py:171} INFO - Processing /home/airflow/.local/lib/python3.6/site-packages/airflow/example_dags/example_time_delta_sensor_async.py took 0.099 seconds
[2025-05-31 11:06:01,710] {processor.py:163} INFO - Started process (PID=7386) to work on /home/airflow/.local/lib/python3.6/site-packages/airflow/example_dags/example_time_delta_sensor_async.py
[2025-05-31 11:06:01,716] {processor.py:642} INFO - Processing file /home/airflow/.local/lib/python3.6/site-packages/airflow/example_dags/example_time_delta_sensor_async.py for tasks to queue
[2025-05-31 11:06:01,722] {logging_mixin.py:109} INFO - [2025-05-31 11:06:01,722] {dagbag.py:500} INFO - Filling up the DagBag from /home/airflow/.local/lib/python3.6/site-packages/airflow/example_dags/example_time_delta_sensor_async.py
[2025-05-31 11:06:01,873] {processor.py:654} INFO - DAG(s) dict_keys(['example_time_delta_sensor_async']) retrieved from /home/airflow/.local/lib/python3.6/site-packages/airflow/example_dags/example_time_delta_sensor_async.py
[2025-05-31 11:06:01,938] {logging_mixin.py:109} INFO - [2025-05-31 11:06:01,938] {dag.py:2396} INFO - Sync 1 DAGs
[2025-05-31 11:06:02,068] {logging_mixin.py:109} INFO - [2025-05-31 11:06:02,068] {dag.py:2935} INFO - Setting next_dagrun for example_time_delta_sensor_async to None
[2025-05-31 11:06:02,113] {processor.py:171} INFO - Processing /home/airflow/.local/lib/python3.6/site-packages/airflow/example_dags/example_time_delta_sensor_async.py took 0.410 seconds
[2025-05-31 11:06:32,625] {processor.py:163} INFO - Started process (PID=7566) to work on /home/airflow/.local/lib/python3.6/site-packages/airflow/example_dags/example_time_delta_sensor_async.py
[2025-05-31 11:06:32,628] {processor.py:642} INFO - Processing file /home/airflow/.local/lib/python3.6/site-packages/airflow/example_dags/example_time_delta_sensor_async.py for tasks to queue
[2025-05-31 11:06:32,629] {logging_mixin.py:109} INFO - [2025-05-31 11:06:32,629] {dagbag.py:500} INFO - Filling up the DagBag from /home/airflow/.local/lib/python3.6/site-packages/airflow/example_dags/example_time_delta_sensor_async.py
[2025-05-31 11:06:32,674] {processor.py:654} INFO - DAG(s) dict_keys(['example_time_delta_sensor_async']) retrieved from /home/airflow/.local/lib/python3.6/site-packages/airflow/example_dags/example_time_delta_sensor_async.py
[2025-05-31 11:06:32,692] {logging_mixin.py:109} INFO - [2025-05-31 11:06:32,692] {dag.py:2396} INFO - Sync 1 DAGs
[2025-05-31 11:06:32,722] {logging_mixin.py:109} INFO - [2025-05-31 11:06:32,722] {dag.py:2935} INFO - Setting next_dagrun for example_time_delta_sensor_async to None
[2025-05-31 11:06:32,736] {processor.py:171} INFO - Processing /home/airflow/.local/lib/python3.6/site-packages/airflow/example_dags/example_time_delta_sensor_async.py took 0.117 seconds
[2025-05-31 11:07:03,423] {processor.py:163} INFO - Started process (PID=7746) to work on /home/airflow/.local/lib/python3.6/site-packages/airflow/example_dags/example_time_delta_sensor_async.py
[2025-05-31 11:07:03,426] {processor.py:642} INFO - Processing file /home/airflow/.local/lib/python3.6/site-packages/airflow/example_dags/example_time_delta_sensor_async.py for tasks to queue
[2025-05-31 11:07:03,428] {logging_mixin.py:109} INFO - [2025-05-31 11:07:03,428] {dagbag.py:500} INFO - Filling up the DagBag from /home/airflow/.local/lib/python3.6/site-packages/airflow/example_dags/example_time_delta_sensor_async.py
[2025-05-31 11:07:03,496] {processor.py:654} INFO - DAG(s) dict_keys(['example_time_delta_sensor_async']) retrieved from /home/airflow/.local/lib/python3.6/site-packages/airflow/example_dags/example_time_delta_sensor_async.py
[2025-05-31 11:07:03,523] {logging_mixin.py:109} INFO - [2025-05-31 11:07:03,523] {dag.py:2396} INFO - Sync 1 DAGs
[2025-05-31 11:07:03,569] {logging_mixin.py:109} INFO - [2025-05-31 11:07:03,568] {dag.py:2935} INFO - Setting next_dagrun for example_time_delta_sensor_async to None
[2025-05-31 11:07:03,587] {processor.py:171} INFO - Processing /home/airflow/.local/lib/python3.6/site-packages/airflow/example_dags/example_time_delta_sensor_async.py took 0.171 seconds
[2025-05-31 11:07:33,697] {processor.py:163} INFO - Started process (PID=7921) to work on /home/airflow/.local/lib/python3.6/site-packages/airflow/example_dags/example_time_delta_sensor_async.py
[2025-05-31 11:07:33,698] {processor.py:642} INFO - Processing file /home/airflow/.local/lib/python3.6/site-packages/airflow/example_dags/example_time_delta_sensor_async.py for tasks to queue
[2025-05-31 11:07:33,699] {logging_mixin.py:109} INFO - [2025-05-31 11:07:33,699] {dagbag.py:500} INFO - Filling up the DagBag from /home/airflow/.local/lib/python3.6/site-packages/airflow/example_dags/example_time_delta_sensor_async.py
[2025-05-31 11:07:33,732] {processor.py:654} INFO - DAG(s) dict_keys(['example_time_delta_sensor_async']) retrieved from /home/airflow/.local/lib/python3.6/site-packages/airflow/example_dags/example_time_delta_sensor_async.py
[2025-05-31 11:07:33,744] {logging_mixin.py:109} INFO - [2025-05-31 11:07:33,743] {dag.py:2396} INFO - Sync 1 DAGs
[2025-05-31 11:07:33,766] {logging_mixin.py:109} INFO - [2025-05-31 11:07:33,766] {dag.py:2935} INFO - Setting next_dagrun for example_time_delta_sensor_async to None
[2025-05-31 11:07:33,779] {processor.py:171} INFO - Processing /home/airflow/.local/lib/python3.6/site-packages/airflow/example_dags/example_time_delta_sensor_async.py took 0.086 seconds
[2025-05-31 11:08:04,467] {processor.py:163} INFO - Started process (PID=8110) to work on /home/airflow/.local/lib/python3.6/site-packages/airflow/example_dags/example_time_delta_sensor_async.py
[2025-05-31 11:08:04,469] {processor.py:642} INFO - Processing file /home/airflow/.local/lib/python3.6/site-packages/airflow/example_dags/example_time_delta_sensor_async.py for tasks to queue
[2025-05-31 11:08:04,470] {logging_mixin.py:109} INFO - [2025-05-31 11:08:04,470] {dagbag.py:500} INFO - Filling up the DagBag from /home/airflow/.local/lib/python3.6/site-packages/airflow/example_dags/example_time_delta_sensor_async.py
[2025-05-31 11:08:04,514] {processor.py:654} INFO - DAG(s) dict_keys(['example_time_delta_sensor_async']) retrieved from /home/airflow/.local/lib/python3.6/site-packages/airflow/example_dags/example_time_delta_sensor_async.py
[2025-05-31 11:08:04,536] {logging_mixin.py:109} INFO - [2025-05-31 11:08:04,536] {dag.py:2396} INFO - Sync 1 DAGs
[2025-05-31 11:08:04,574] {logging_mixin.py:109} INFO - [2025-05-31 11:08:04,574] {dag.py:2935} INFO - Setting next_dagrun for example_time_delta_sensor_async to None
[2025-05-31 11:08:04,590] {processor.py:171} INFO - Processing /home/airflow/.local/lib/python3.6/site-packages/airflow/example_dags/example_time_delta_sensor_async.py took 0.127 seconds
[2025-05-31 11:08:35,241] {processor.py:163} INFO - Started process (PID=8291) to work on /home/airflow/.local/lib/python3.6/site-packages/airflow/example_dags/example_time_delta_sensor_async.py
[2025-05-31 11:08:35,242] {processor.py:642} INFO - Processing file /home/airflow/.local/lib/python3.6/site-packages/airflow/example_dags/example_time_delta_sensor_async.py for tasks to queue
[2025-05-31 11:08:35,243] {logging_mixin.py:109} INFO - [2025-05-31 11:08:35,243] {dagbag.py:500} INFO - Filling up the DagBag from /home/airflow/.local/lib/python3.6/site-packages/airflow/example_dags/example_time_delta_sensor_async.py
[2025-05-31 11:08:35,276] {processor.py:654} INFO - DAG(s) dict_keys(['example_time_delta_sensor_async']) retrieved from /home/airflow/.local/lib/python3.6/site-packages/airflow/example_dags/example_time_delta_sensor_async.py
[2025-05-31 11:08:35,289] {logging_mixin.py:109} INFO - [2025-05-31 11:08:35,289] {dag.py:2396} INFO - Sync 1 DAGs
[2025-05-31 11:08:35,311] {logging_mixin.py:109} INFO - [2025-05-31 11:08:35,311] {dag.py:2935} INFO - Setting next_dagrun for example_time_delta_sensor_async to None
[2025-05-31 11:08:35,325] {processor.py:171} INFO - Processing /home/airflow/.local/lib/python3.6/site-packages/airflow/example_dags/example_time_delta_sensor_async.py took 0.088 seconds
[2025-05-31 11:09:06,330] {processor.py:163} INFO - Started process (PID=8471) to work on /home/airflow/.local/lib/python3.6/site-packages/airflow/example_dags/example_time_delta_sensor_async.py
[2025-05-31 11:09:06,332] {processor.py:642} INFO - Processing file /home/airflow/.local/lib/python3.6/site-packages/airflow/example_dags/example_time_delta_sensor_async.py for tasks to queue
[2025-05-31 11:09:06,333] {logging_mixin.py:109} INFO - [2025-05-31 11:09:06,333] {dagbag.py:500} INFO - Filling up the DagBag from /home/airflow/.local/lib/python3.6/site-packages/airflow/example_dags/example_time_delta_sensor_async.py
[2025-05-31 11:09:06,360] {processor.py:654} INFO - DAG(s) dict_keys(['example_time_delta_sensor_async']) retrieved from /home/airflow/.local/lib/python3.6/site-packages/airflow/example_dags/example_time_delta_sensor_async.py
[2025-05-31 11:09:06,371] {logging_mixin.py:109} INFO - [2025-05-31 11:09:06,371] {dag.py:2396} INFO - Sync 1 DAGs
[2025-05-31 11:09:06,389] {logging_mixin.py:109} INFO - [2025-05-31 11:09:06,389] {dag.py:2935} INFO - Setting next_dagrun for example_time_delta_sensor_async to None
[2025-05-31 11:09:06,400] {processor.py:171} INFO - Processing /home/airflow/.local/lib/python3.6/site-packages/airflow/example_dags/example_time_delta_sensor_async.py took 0.073 seconds
[2025-05-31 11:09:37,314] {processor.py:163} INFO - Started process (PID=8660) to work on /home/airflow/.local/lib/python3.6/site-packages/airflow/example_dags/example_time_delta_sensor_async.py
[2025-05-31 11:09:37,316] {processor.py:642} INFO - Processing file /home/airflow/.local/lib/python3.6/site-packages/airflow/example_dags/example_time_delta_sensor_async.py for tasks to queue
[2025-05-31 11:09:37,317] {logging_mixin.py:109} INFO - [2025-05-31 11:09:37,317] {dagbag.py:500} INFO - Filling up the DagBag from /home/airflow/.local/lib/python3.6/site-packages/airflow/example_dags/example_time_delta_sensor_async.py
[2025-05-31 11:09:37,347] {processor.py:654} INFO - DAG(s) dict_keys(['example_time_delta_sensor_async']) retrieved from /home/airflow/.local/lib/python3.6/site-packages/airflow/example_dags/example_time_delta_sensor_async.py
[2025-05-31 11:09:37,360] {logging_mixin.py:109} INFO - [2025-05-31 11:09:37,360] {dag.py:2396} INFO - Sync 1 DAGs
[2025-05-31 11:09:37,381] {logging_mixin.py:109} INFO - [2025-05-31 11:09:37,381] {dag.py:2935} INFO - Setting next_dagrun for example_time_delta_sensor_async to None
[2025-05-31 11:09:37,393] {processor.py:171} INFO - Processing /home/airflow/.local/lib/python3.6/site-packages/airflow/example_dags/example_time_delta_sensor_async.py took 0.082 seconds
[2025-05-31 11:10:07,594] {processor.py:163} INFO - Started process (PID=8835) to work on /home/airflow/.local/lib/python3.6/site-packages/airflow/example_dags/example_time_delta_sensor_async.py
[2025-05-31 11:10:07,596] {processor.py:642} INFO - Processing file /home/airflow/.local/lib/python3.6/site-packages/airflow/example_dags/example_time_delta_sensor_async.py for tasks to queue
[2025-05-31 11:10:07,597] {logging_mixin.py:109} INFO - [2025-05-31 11:10:07,597] {dagbag.py:500} INFO - Filling up the DagBag from /home/airflow/.local/lib/python3.6/site-packages/airflow/example_dags/example_time_delta_sensor_async.py
[2025-05-31 11:10:07,640] {processor.py:654} INFO - DAG(s) dict_keys(['example_time_delta_sensor_async']) retrieved from /home/airflow/.local/lib/python3.6/site-packages/airflow/example_dags/example_time_delta_sensor_async.py
[2025-05-31 11:10:07,654] {logging_mixin.py:109} INFO - [2025-05-31 11:10:07,654] {dag.py:2396} INFO - Sync 1 DAGs
[2025-05-31 11:10:07,679] {logging_mixin.py:109} INFO - [2025-05-31 11:10:07,679] {dag.py:2935} INFO - Setting next_dagrun for example_time_delta_sensor_async to None
[2025-05-31 11:10:07,694] {processor.py:171} INFO - Processing /home/airflow/.local/lib/python3.6/site-packages/airflow/example_dags/example_time_delta_sensor_async.py took 0.106 seconds
[2025-05-31 11:10:39,296] {processor.py:163} INFO - Started process (PID=9026) to work on /home/airflow/.local/lib/python3.6/site-packages/airflow/example_dags/example_time_delta_sensor_async.py
[2025-05-31 11:10:39,298] {processor.py:642} INFO - Processing file /home/airflow/.local/lib/python3.6/site-packages/airflow/example_dags/example_time_delta_sensor_async.py for tasks to queue
[2025-05-31 11:10:39,300] {logging_mixin.py:109} INFO - [2025-05-31 11:10:39,299] {dagbag.py:500} INFO - Filling up the DagBag from /home/airflow/.local/lib/python3.6/site-packages/airflow/example_dags/example_time_delta_sensor_async.py
[2025-05-31 11:10:39,356] {processor.py:654} INFO - DAG(s) dict_keys(['example_time_delta_sensor_async']) retrieved from /home/airflow/.local/lib/python3.6/site-packages/airflow/example_dags/example_time_delta_sensor_async.py
[2025-05-31 11:10:39,377] {logging_mixin.py:109} INFO - [2025-05-31 11:10:39,377] {dag.py:2396} INFO - Sync 1 DAGs
[2025-05-31 11:10:39,414] {logging_mixin.py:109} INFO - [2025-05-31 11:10:39,414] {dag.py:2935} INFO - Setting next_dagrun for example_time_delta_sensor_async to None
[2025-05-31 11:10:39,441] {processor.py:171} INFO - Processing /home/airflow/.local/lib/python3.6/site-packages/airflow/example_dags/example_time_delta_sensor_async.py took 0.152 seconds
[2025-05-31 11:11:11,884] {processor.py:163} INFO - Started process (PID=9220) to work on /home/airflow/.local/lib/python3.6/site-packages/airflow/example_dags/example_time_delta_sensor_async.py
[2025-05-31 11:11:11,885] {processor.py:642} INFO - Processing file /home/airflow/.local/lib/python3.6/site-packages/airflow/example_dags/example_time_delta_sensor_async.py for tasks to queue
[2025-05-31 11:11:11,887] {logging_mixin.py:109} INFO - [2025-05-31 11:11:11,887] {dagbag.py:500} INFO - Filling up the DagBag from /home/airflow/.local/lib/python3.6/site-packages/airflow/example_dags/example_time_delta_sensor_async.py
[2025-05-31 11:11:11,936] {processor.py:654} INFO - DAG(s) dict_keys(['example_time_delta_sensor_async']) retrieved from /home/airflow/.local/lib/python3.6/site-packages/airflow/example_dags/example_time_delta_sensor_async.py
[2025-05-31 11:11:11,956] {logging_mixin.py:109} INFO - [2025-05-31 11:11:11,956] {dag.py:2396} INFO - Sync 1 DAGs
[2025-05-31 11:11:11,987] {logging_mixin.py:109} INFO - [2025-05-31 11:11:11,987] {dag.py:2935} INFO - Setting next_dagrun for example_time_delta_sensor_async to None
[2025-05-31 11:11:12,128] {processor.py:171} INFO - Processing /home/airflow/.local/lib/python3.6/site-packages/airflow/example_dags/example_time_delta_sensor_async.py took 0.249 seconds
[2025-05-31 11:11:42,248] {processor.py:163} INFO - Started process (PID=9395) to work on /home/airflow/.local/lib/python3.6/site-packages/airflow/example_dags/example_time_delta_sensor_async.py
[2025-05-31 11:11:42,250] {processor.py:642} INFO - Processing file /home/airflow/.local/lib/python3.6/site-packages/airflow/example_dags/example_time_delta_sensor_async.py for tasks to queue
[2025-05-31 11:11:42,251] {logging_mixin.py:109} INFO - [2025-05-31 11:11:42,251] {dagbag.py:500} INFO - Filling up the DagBag from /home/airflow/.local/lib/python3.6/site-packages/airflow/example_dags/example_time_delta_sensor_async.py
[2025-05-31 11:11:42,288] {processor.py:654} INFO - DAG(s) dict_keys(['example_time_delta_sensor_async']) retrieved from /home/airflow/.local/lib/python3.6/site-packages/airflow/example_dags/example_time_delta_sensor_async.py
[2025-05-31 11:11:42,302] {logging_mixin.py:109} INFO - [2025-05-31 11:11:42,302] {dag.py:2396} INFO - Sync 1 DAGs
[2025-05-31 11:11:42,410] {logging_mixin.py:109} INFO - [2025-05-31 11:11:42,410] {dag.py:2935} INFO - Setting next_dagrun for example_time_delta_sensor_async to None
[2025-05-31 11:11:42,427] {processor.py:171} INFO - Processing /home/airflow/.local/lib/python3.6/site-packages/airflow/example_dags/example_time_delta_sensor_async.py took 0.183 seconds
[2025-05-31 11:12:13,696] {processor.py:163} INFO - Started process (PID=9570) to work on /home/airflow/.local/lib/python3.6/site-packages/airflow/example_dags/example_time_delta_sensor_async.py
[2025-05-31 11:12:13,698] {processor.py:642} INFO - Processing file /home/airflow/.local/lib/python3.6/site-packages/airflow/example_dags/example_time_delta_sensor_async.py for tasks to queue
[2025-05-31 11:12:13,699] {logging_mixin.py:109} INFO - [2025-05-31 11:12:13,699] {dagbag.py:500} INFO - Filling up the DagBag from /home/airflow/.local/lib/python3.6/site-packages/airflow/example_dags/example_time_delta_sensor_async.py
[2025-05-31 11:12:13,734] {processor.py:654} INFO - DAG(s) dict_keys(['example_time_delta_sensor_async']) retrieved from /home/airflow/.local/lib/python3.6/site-packages/airflow/example_dags/example_time_delta_sensor_async.py
[2025-05-31 11:12:13,748] {logging_mixin.py:109} INFO - [2025-05-31 11:12:13,748] {dag.py:2396} INFO - Sync 1 DAGs
[2025-05-31 11:12:13,856] {logging_mixin.py:109} INFO - [2025-05-31 11:12:13,856] {dag.py:2935} INFO - Setting next_dagrun for example_time_delta_sensor_async to None
[2025-05-31 11:12:13,868] {processor.py:171} INFO - Processing /home/airflow/.local/lib/python3.6/site-packages/airflow/example_dags/example_time_delta_sensor_async.py took 0.177 seconds
[2025-05-31 11:12:45,046] {processor.py:163} INFO - Started process (PID=9755) to work on /home/airflow/.local/lib/python3.6/site-packages/airflow/example_dags/example_time_delta_sensor_async.py
[2025-05-31 11:12:45,053] {processor.py:642} INFO - Processing file /home/airflow/.local/lib/python3.6/site-packages/airflow/example_dags/example_time_delta_sensor_async.py for tasks to queue
[2025-05-31 11:12:45,055] {logging_mixin.py:109} INFO - [2025-05-31 11:12:45,055] {dagbag.py:500} INFO - Filling up the DagBag from /home/airflow/.local/lib/python3.6/site-packages/airflow/example_dags/example_time_delta_sensor_async.py
[2025-05-31 11:12:45,114] {processor.py:654} INFO - DAG(s) dict_keys(['example_time_delta_sensor_async']) retrieved from /home/airflow/.local/lib/python3.6/site-packages/airflow/example_dags/example_time_delta_sensor_async.py
[2025-05-31 11:12:45,138] {logging_mixin.py:109} INFO - [2025-05-31 11:12:45,138] {dag.py:2396} INFO - Sync 1 DAGs
[2025-05-31 11:12:45,273] {logging_mixin.py:109} INFO - [2025-05-31 11:12:45,273] {dag.py:2935} INFO - Setting next_dagrun for example_time_delta_sensor_async to None
[2025-05-31 11:12:45,287] {processor.py:171} INFO - Processing /home/airflow/.local/lib/python3.6/site-packages/airflow/example_dags/example_time_delta_sensor_async.py took 0.252 seconds
[2025-05-31 11:13:16,041] {processor.py:163} INFO - Started process (PID=9937) to work on /home/airflow/.local/lib/python3.6/site-packages/airflow/example_dags/example_time_delta_sensor_async.py
[2025-05-31 11:13:16,043] {processor.py:642} INFO - Processing file /home/airflow/.local/lib/python3.6/site-packages/airflow/example_dags/example_time_delta_sensor_async.py for tasks to queue
[2025-05-31 11:13:16,045] {logging_mixin.py:109} INFO - [2025-05-31 11:13:16,044] {dagbag.py:500} INFO - Filling up the DagBag from /home/airflow/.local/lib/python3.6/site-packages/airflow/example_dags/example_time_delta_sensor_async.py
[2025-05-31 11:13:16,091] {processor.py:654} INFO - DAG(s) dict_keys(['example_time_delta_sensor_async']) retrieved from /home/airflow/.local/lib/python3.6/site-packages/airflow/example_dags/example_time_delta_sensor_async.py
[2025-05-31 11:13:16,216] {logging_mixin.py:109} INFO - [2025-05-31 11:13:16,216] {dag.py:2396} INFO - Sync 1 DAGs
[2025-05-31 11:13:16,242] {logging_mixin.py:109} INFO - [2025-05-31 11:13:16,241] {dag.py:2935} INFO - Setting next_dagrun for example_time_delta_sensor_async to None
[2025-05-31 11:13:16,255] {processor.py:171} INFO - Processing /home/airflow/.local/lib/python3.6/site-packages/airflow/example_dags/example_time_delta_sensor_async.py took 0.220 seconds
[2025-05-31 11:13:46,616] {processor.py:163} INFO - Started process (PID=10115) to work on /home/airflow/.local/lib/python3.6/site-packages/airflow/example_dags/example_time_delta_sensor_async.py
[2025-05-31 11:13:46,620] {processor.py:642} INFO - Processing file /home/airflow/.local/lib/python3.6/site-packages/airflow/example_dags/example_time_delta_sensor_async.py for tasks to queue
[2025-05-31 11:13:46,621] {logging_mixin.py:109} INFO - [2025-05-31 11:13:46,620] {dagbag.py:500} INFO - Filling up the DagBag from /home/airflow/.local/lib/python3.6/site-packages/airflow/example_dags/example_time_delta_sensor_async.py
[2025-05-31 11:13:46,748] {processor.py:654} INFO - DAG(s) dict_keys(['example_time_delta_sensor_async']) retrieved from /home/airflow/.local/lib/python3.6/site-packages/airflow/example_dags/example_time_delta_sensor_async.py
[2025-05-31 11:13:46,763] {logging_mixin.py:109} INFO - [2025-05-31 11:13:46,763] {dag.py:2396} INFO - Sync 1 DAGs
[2025-05-31 11:13:46,789] {logging_mixin.py:109} INFO - [2025-05-31 11:13:46,788] {dag.py:2935} INFO - Setting next_dagrun for example_time_delta_sensor_async to None
[2025-05-31 11:13:46,811] {processor.py:171} INFO - Processing /home/airflow/.local/lib/python3.6/site-packages/airflow/example_dags/example_time_delta_sensor_async.py took 0.202 seconds
[2025-05-31 11:14:17,958] {processor.py:163} INFO - Started process (PID=10305) to work on /home/airflow/.local/lib/python3.6/site-packages/airflow/example_dags/example_time_delta_sensor_async.py
[2025-05-31 11:14:17,960] {processor.py:642} INFO - Processing file /home/airflow/.local/lib/python3.6/site-packages/airflow/example_dags/example_time_delta_sensor_async.py for tasks to queue
[2025-05-31 11:14:17,961] {logging_mixin.py:109} INFO - [2025-05-31 11:14:17,961] {dagbag.py:500} INFO - Filling up the DagBag from /home/airflow/.local/lib/python3.6/site-packages/airflow/example_dags/example_time_delta_sensor_async.py
[2025-05-31 11:14:18,169] {processor.py:654} INFO - DAG(s) dict_keys(['example_time_delta_sensor_async']) retrieved from /home/airflow/.local/lib/python3.6/site-packages/airflow/example_dags/example_time_delta_sensor_async.py
[2025-05-31 11:14:18,194] {logging_mixin.py:109} INFO - [2025-05-31 11:14:18,194] {dag.py:2396} INFO - Sync 1 DAGs
[2025-05-31 11:14:18,232] {logging_mixin.py:109} INFO - [2025-05-31 11:14:18,232] {dag.py:2935} INFO - Setting next_dagrun for example_time_delta_sensor_async to None
[2025-05-31 11:14:18,253] {processor.py:171} INFO - Processing /home/airflow/.local/lib/python3.6/site-packages/airflow/example_dags/example_time_delta_sensor_async.py took 0.301 seconds
[2025-05-31 11:14:49,221] {processor.py:163} INFO - Started process (PID=10492) to work on /home/airflow/.local/lib/python3.6/site-packages/airflow/example_dags/example_time_delta_sensor_async.py
[2025-05-31 11:14:49,223] {processor.py:642} INFO - Processing file /home/airflow/.local/lib/python3.6/site-packages/airflow/example_dags/example_time_delta_sensor_async.py for tasks to queue
[2025-05-31 11:14:49,224] {logging_mixin.py:109} INFO - [2025-05-31 11:14:49,224] {dagbag.py:500} INFO - Filling up the DagBag from /home/airflow/.local/lib/python3.6/site-packages/airflow/example_dags/example_time_delta_sensor_async.py
[2025-05-31 11:14:49,354] {processor.py:654} INFO - DAG(s) dict_keys(['example_time_delta_sensor_async']) retrieved from /home/airflow/.local/lib/python3.6/site-packages/airflow/example_dags/example_time_delta_sensor_async.py
[2025-05-31 11:14:49,365] {logging_mixin.py:109} INFO - [2025-05-31 11:14:49,365] {dag.py:2396} INFO - Sync 1 DAGs
[2025-05-31 11:14:49,386] {logging_mixin.py:109} INFO - [2025-05-31 11:14:49,386] {dag.py:2935} INFO - Setting next_dagrun for example_time_delta_sensor_async to None
[2025-05-31 11:14:49,400] {processor.py:171} INFO - Processing /home/airflow/.local/lib/python3.6/site-packages/airflow/example_dags/example_time_delta_sensor_async.py took 0.184 seconds
[2025-05-31 11:15:21,310] {processor.py:163} INFO - Started process (PID=10689) to work on /home/airflow/.local/lib/python3.6/site-packages/airflow/example_dags/example_time_delta_sensor_async.py
[2025-05-31 11:15:21,312] {processor.py:642} INFO - Processing file /home/airflow/.local/lib/python3.6/site-packages/airflow/example_dags/example_time_delta_sensor_async.py for tasks to queue
[2025-05-31 11:15:21,313] {logging_mixin.py:109} INFO - [2025-05-31 11:15:21,313] {dagbag.py:500} INFO - Filling up the DagBag from /home/airflow/.local/lib/python3.6/site-packages/airflow/example_dags/example_time_delta_sensor_async.py
[2025-05-31 11:15:21,470] {processor.py:654} INFO - DAG(s) dict_keys(['example_time_delta_sensor_async']) retrieved from /home/airflow/.local/lib/python3.6/site-packages/airflow/example_dags/example_time_delta_sensor_async.py
[2025-05-31 11:15:21,490] {logging_mixin.py:109} INFO - [2025-05-31 11:15:21,490] {dag.py:2396} INFO - Sync 1 DAGs
[2025-05-31 11:15:21,519] {logging_mixin.py:109} INFO - [2025-05-31 11:15:21,518] {dag.py:2935} INFO - Setting next_dagrun for example_time_delta_sensor_async to None
[2025-05-31 11:15:21,534] {processor.py:171} INFO - Processing /home/airflow/.local/lib/python3.6/site-packages/airflow/example_dags/example_time_delta_sensor_async.py took 0.232 seconds
[2025-05-31 11:15:51,927] {processor.py:163} INFO - Started process (PID=10886) to work on /home/airflow/.local/lib/python3.6/site-packages/airflow/example_dags/example_time_delta_sensor_async.py
[2025-05-31 11:15:51,929] {processor.py:642} INFO - Processing file /home/airflow/.local/lib/python3.6/site-packages/airflow/example_dags/example_time_delta_sensor_async.py for tasks to queue
[2025-05-31 11:15:51,930] {logging_mixin.py:109} INFO - [2025-05-31 11:15:51,929] {dagbag.py:500} INFO - Filling up the DagBag from /home/airflow/.local/lib/python3.6/site-packages/airflow/example_dags/example_time_delta_sensor_async.py
[2025-05-31 11:15:51,963] {processor.py:654} INFO - DAG(s) dict_keys(['example_time_delta_sensor_async']) retrieved from /home/airflow/.local/lib/python3.6/site-packages/airflow/example_dags/example_time_delta_sensor_async.py
[2025-05-31 11:15:51,977] {logging_mixin.py:109} INFO - [2025-05-31 11:15:51,977] {dag.py:2396} INFO - Sync 1 DAGs
[2025-05-31 11:15:51,999] {logging_mixin.py:109} INFO - [2025-05-31 11:15:51,999] {dag.py:2935} INFO - Setting next_dagrun for example_time_delta_sensor_async to None
[2025-05-31 11:15:52,022] {processor.py:171} INFO - Processing /home/airflow/.local/lib/python3.6/site-packages/airflow/example_dags/example_time_delta_sensor_async.py took 0.099 seconds
[2025-05-31 11:16:22,674] {processor.py:163} INFO - Started process (PID=11099) to work on /home/airflow/.local/lib/python3.6/site-packages/airflow/example_dags/example_time_delta_sensor_async.py
[2025-05-31 11:16:22,682] {processor.py:642} INFO - Processing file /home/airflow/.local/lib/python3.6/site-packages/airflow/example_dags/example_time_delta_sensor_async.py for tasks to queue
[2025-05-31 11:16:22,684] {logging_mixin.py:109} INFO - [2025-05-31 11:16:22,683] {dagbag.py:500} INFO - Filling up the DagBag from /home/airflow/.local/lib/python3.6/site-packages/airflow/example_dags/example_time_delta_sensor_async.py
[2025-05-31 11:16:22,793] {processor.py:654} INFO - DAG(s) dict_keys(['example_time_delta_sensor_async']) retrieved from /home/airflow/.local/lib/python3.6/site-packages/airflow/example_dags/example_time_delta_sensor_async.py
[2025-05-31 11:16:22,837] {logging_mixin.py:109} INFO - [2025-05-31 11:16:22,837] {dag.py:2396} INFO - Sync 1 DAGs
[2025-05-31 11:16:22,936] {logging_mixin.py:109} INFO - [2025-05-31 11:16:22,936] {dag.py:2935} INFO - Setting next_dagrun for example_time_delta_sensor_async to None
[2025-05-31 11:16:22,958] {processor.py:171} INFO - Processing /home/airflow/.local/lib/python3.6/site-packages/airflow/example_dags/example_time_delta_sensor_async.py took 0.291 seconds
[2025-05-31 11:16:53,055] {processor.py:163} INFO - Started process (PID=11288) to work on /home/airflow/.local/lib/python3.6/site-packages/airflow/example_dags/example_time_delta_sensor_async.py
[2025-05-31 11:16:53,057] {processor.py:642} INFO - Processing file /home/airflow/.local/lib/python3.6/site-packages/airflow/example_dags/example_time_delta_sensor_async.py for tasks to queue
[2025-05-31 11:16:53,058] {logging_mixin.py:109} INFO - [2025-05-31 11:16:53,058] {dagbag.py:500} INFO - Filling up the DagBag from /home/airflow/.local/lib/python3.6/site-packages/airflow/example_dags/example_time_delta_sensor_async.py
[2025-05-31 11:16:53,090] {processor.py:654} INFO - DAG(s) dict_keys(['example_time_delta_sensor_async']) retrieved from /home/airflow/.local/lib/python3.6/site-packages/airflow/example_dags/example_time_delta_sensor_async.py
[2025-05-31 11:16:53,106] {logging_mixin.py:109} INFO - [2025-05-31 11:16:53,106] {dag.py:2396} INFO - Sync 1 DAGs
[2025-05-31 11:16:53,127] {logging_mixin.py:109} INFO - [2025-05-31 11:16:53,127] {dag.py:2935} INFO - Setting next_dagrun for example_time_delta_sensor_async to None
[2025-05-31 11:16:53,140] {processor.py:171} INFO - Processing /home/airflow/.local/lib/python3.6/site-packages/airflow/example_dags/example_time_delta_sensor_async.py took 0.090 seconds
[2025-05-31 11:17:23,391] {processor.py:163} INFO - Started process (PID=11474) to work on /home/airflow/.local/lib/python3.6/site-packages/airflow/example_dags/example_time_delta_sensor_async.py
[2025-05-31 11:17:23,393] {processor.py:642} INFO - Processing file /home/airflow/.local/lib/python3.6/site-packages/airflow/example_dags/example_time_delta_sensor_async.py for tasks to queue
[2025-05-31 11:17:23,395] {logging_mixin.py:109} INFO - [2025-05-31 11:17:23,394] {dagbag.py:500} INFO - Filling up the DagBag from /home/airflow/.local/lib/python3.6/site-packages/airflow/example_dags/example_time_delta_sensor_async.py
[2025-05-31 11:17:23,436] {processor.py:654} INFO - DAG(s) dict_keys(['example_time_delta_sensor_async']) retrieved from /home/airflow/.local/lib/python3.6/site-packages/airflow/example_dags/example_time_delta_sensor_async.py
[2025-05-31 11:17:23,454] {logging_mixin.py:109} INFO - [2025-05-31 11:17:23,453] {dag.py:2396} INFO - Sync 1 DAGs
[2025-05-31 11:17:23,481] {logging_mixin.py:109} INFO - [2025-05-31 11:17:23,481] {dag.py:2935} INFO - Setting next_dagrun for example_time_delta_sensor_async to None
[2025-05-31 11:17:23,496] {processor.py:171} INFO - Processing /home/airflow/.local/lib/python3.6/site-packages/airflow/example_dags/example_time_delta_sensor_async.py took 0.110 seconds
[2025-05-31 11:17:54,456] {processor.py:163} INFO - Started process (PID=11661) to work on /home/airflow/.local/lib/python3.6/site-packages/airflow/example_dags/example_time_delta_sensor_async.py
[2025-05-31 11:17:54,458] {processor.py:642} INFO - Processing file /home/airflow/.local/lib/python3.6/site-packages/airflow/example_dags/example_time_delta_sensor_async.py for tasks to queue
[2025-05-31 11:17:54,459] {logging_mixin.py:109} INFO - [2025-05-31 11:17:54,459] {dagbag.py:500} INFO - Filling up the DagBag from /home/airflow/.local/lib/python3.6/site-packages/airflow/example_dags/example_time_delta_sensor_async.py
[2025-05-31 11:17:54,493] {processor.py:654} INFO - DAG(s) dict_keys(['example_time_delta_sensor_async']) retrieved from /home/airflow/.local/lib/python3.6/site-packages/airflow/example_dags/example_time_delta_sensor_async.py
[2025-05-31 11:17:54,505] {logging_mixin.py:109} INFO - [2025-05-31 11:17:54,505] {dag.py:2396} INFO - Sync 1 DAGs
[2025-05-31 11:17:54,526] {logging_mixin.py:109} INFO - [2025-05-31 11:17:54,526] {dag.py:2935} INFO - Setting next_dagrun for example_time_delta_sensor_async to None
[2025-05-31 11:17:54,538] {processor.py:171} INFO - Processing /home/airflow/.local/lib/python3.6/site-packages/airflow/example_dags/example_time_delta_sensor_async.py took 0.086 seconds
[2025-05-31 11:18:25,483] {processor.py:163} INFO - Started process (PID=11851) to work on /home/airflow/.local/lib/python3.6/site-packages/airflow/example_dags/example_time_delta_sensor_async.py
[2025-05-31 11:18:25,485] {processor.py:642} INFO - Processing file /home/airflow/.local/lib/python3.6/site-packages/airflow/example_dags/example_time_delta_sensor_async.py for tasks to queue
[2025-05-31 11:18:25,486] {logging_mixin.py:109} INFO - [2025-05-31 11:18:25,486] {dagbag.py:500} INFO - Filling up the DagBag from /home/airflow/.local/lib/python3.6/site-packages/airflow/example_dags/example_time_delta_sensor_async.py
[2025-05-31 11:18:25,531] {processor.py:654} INFO - DAG(s) dict_keys(['example_time_delta_sensor_async']) retrieved from /home/airflow/.local/lib/python3.6/site-packages/airflow/example_dags/example_time_delta_sensor_async.py
[2025-05-31 11:18:25,549] {logging_mixin.py:109} INFO - [2025-05-31 11:18:25,549] {dag.py:2396} INFO - Sync 1 DAGs
[2025-05-31 11:18:25,581] {logging_mixin.py:109} INFO - [2025-05-31 11:18:25,581] {dag.py:2935} INFO - Setting next_dagrun for example_time_delta_sensor_async to None
[2025-05-31 11:18:25,600] {processor.py:171} INFO - Processing /home/airflow/.local/lib/python3.6/site-packages/airflow/example_dags/example_time_delta_sensor_async.py took 0.122 seconds
[2025-05-31 11:18:56,235] {processor.py:163} INFO - Started process (PID=12041) to work on /home/airflow/.local/lib/python3.6/site-packages/airflow/example_dags/example_time_delta_sensor_async.py
[2025-05-31 11:18:56,237] {processor.py:642} INFO - Processing file /home/airflow/.local/lib/python3.6/site-packages/airflow/example_dags/example_time_delta_sensor_async.py for tasks to queue
[2025-05-31 11:18:56,238] {logging_mixin.py:109} INFO - [2025-05-31 11:18:56,238] {dagbag.py:500} INFO - Filling up the DagBag from /home/airflow/.local/lib/python3.6/site-packages/airflow/example_dags/example_time_delta_sensor_async.py
[2025-05-31 11:18:56,275] {processor.py:654} INFO - DAG(s) dict_keys(['example_time_delta_sensor_async']) retrieved from /home/airflow/.local/lib/python3.6/site-packages/airflow/example_dags/example_time_delta_sensor_async.py
[2025-05-31 11:18:56,291] {logging_mixin.py:109} INFO - [2025-05-31 11:18:56,291] {dag.py:2396} INFO - Sync 1 DAGs
[2025-05-31 11:18:56,324] {logging_mixin.py:109} INFO - [2025-05-31 11:18:56,324] {dag.py:2935} INFO - Setting next_dagrun for example_time_delta_sensor_async to None
[2025-05-31 11:18:56,337] {processor.py:171} INFO - Processing /home/airflow/.local/lib/python3.6/site-packages/airflow/example_dags/example_time_delta_sensor_async.py took 0.106 seconds
[2025-05-31 11:19:27,087] {processor.py:163} INFO - Started process (PID=12226) to work on /home/airflow/.local/lib/python3.6/site-packages/airflow/example_dags/example_time_delta_sensor_async.py
[2025-05-31 11:19:27,089] {processor.py:642} INFO - Processing file /home/airflow/.local/lib/python3.6/site-packages/airflow/example_dags/example_time_delta_sensor_async.py for tasks to queue
[2025-05-31 11:19:27,090] {logging_mixin.py:109} INFO - [2025-05-31 11:19:27,090] {dagbag.py:500} INFO - Filling up the DagBag from /home/airflow/.local/lib/python3.6/site-packages/airflow/example_dags/example_time_delta_sensor_async.py
[2025-05-31 11:19:27,132] {processor.py:654} INFO - DAG(s) dict_keys(['example_time_delta_sensor_async']) retrieved from /home/airflow/.local/lib/python3.6/site-packages/airflow/example_dags/example_time_delta_sensor_async.py
[2025-05-31 11:19:27,146] {logging_mixin.py:109} INFO - [2025-05-31 11:19:27,146] {dag.py:2396} INFO - Sync 1 DAGs
[2025-05-31 11:19:27,187] {logging_mixin.py:109} INFO - [2025-05-31 11:19:27,187] {dag.py:2935} INFO - Setting next_dagrun for example_time_delta_sensor_async to None
[2025-05-31 11:19:27,205] {processor.py:171} INFO - Processing /home/airflow/.local/lib/python3.6/site-packages/airflow/example_dags/example_time_delta_sensor_async.py took 0.123 seconds
[2025-05-31 11:19:57,777] {processor.py:163} INFO - Started process (PID=12418) to work on /home/airflow/.local/lib/python3.6/site-packages/airflow/example_dags/example_time_delta_sensor_async.py
[2025-05-31 11:19:57,779] {processor.py:642} INFO - Processing file /home/airflow/.local/lib/python3.6/site-packages/airflow/example_dags/example_time_delta_sensor_async.py for tasks to queue
[2025-05-31 11:19:57,781] {logging_mixin.py:109} INFO - [2025-05-31 11:19:57,780] {dagbag.py:500} INFO - Filling up the DagBag from /home/airflow/.local/lib/python3.6/site-packages/airflow/example_dags/example_time_delta_sensor_async.py
[2025-05-31 11:19:57,824] {processor.py:654} INFO - DAG(s) dict_keys(['example_time_delta_sensor_async']) retrieved from /home/airflow/.local/lib/python3.6/site-packages/airflow/example_dags/example_time_delta_sensor_async.py
[2025-05-31 11:19:57,839] {logging_mixin.py:109} INFO - [2025-05-31 11:19:57,838] {dag.py:2396} INFO - Sync 1 DAGs
[2025-05-31 11:19:57,871] {logging_mixin.py:109} INFO - [2025-05-31 11:19:57,871] {dag.py:2935} INFO - Setting next_dagrun for example_time_delta_sensor_async to None
[2025-05-31 11:19:57,886] {processor.py:171} INFO - Processing /home/airflow/.local/lib/python3.6/site-packages/airflow/example_dags/example_time_delta_sensor_async.py took 0.116 seconds
[2025-05-31 11:20:28,397] {processor.py:163} INFO - Started process (PID=12606) to work on /home/airflow/.local/lib/python3.6/site-packages/airflow/example_dags/example_time_delta_sensor_async.py
[2025-05-31 11:20:28,399] {processor.py:642} INFO - Processing file /home/airflow/.local/lib/python3.6/site-packages/airflow/example_dags/example_time_delta_sensor_async.py for tasks to queue
[2025-05-31 11:20:28,400] {logging_mixin.py:109} INFO - [2025-05-31 11:20:28,400] {dagbag.py:500} INFO - Filling up the DagBag from /home/airflow/.local/lib/python3.6/site-packages/airflow/example_dags/example_time_delta_sensor_async.py
[2025-05-31 11:20:28,433] {processor.py:654} INFO - DAG(s) dict_keys(['example_time_delta_sensor_async']) retrieved from /home/airflow/.local/lib/python3.6/site-packages/airflow/example_dags/example_time_delta_sensor_async.py
[2025-05-31 11:20:28,445] {logging_mixin.py:109} INFO - [2025-05-31 11:20:28,445] {dag.py:2396} INFO - Sync 1 DAGs
[2025-05-31 11:20:28,467] {logging_mixin.py:109} INFO - [2025-05-31 11:20:28,466] {dag.py:2935} INFO - Setting next_dagrun for example_time_delta_sensor_async to None
[2025-05-31 11:20:28,478] {processor.py:171} INFO - Processing /home/airflow/.local/lib/python3.6/site-packages/airflow/example_dags/example_time_delta_sensor_async.py took 0.084 seconds
[2025-05-31 11:20:59,560] {processor.py:163} INFO - Started process (PID=12791) to work on /home/airflow/.local/lib/python3.6/site-packages/airflow/example_dags/example_time_delta_sensor_async.py
[2025-05-31 11:20:59,562] {processor.py:642} INFO - Processing file /home/airflow/.local/lib/python3.6/site-packages/airflow/example_dags/example_time_delta_sensor_async.py for tasks to queue
[2025-05-31 11:20:59,563] {logging_mixin.py:109} INFO - [2025-05-31 11:20:59,563] {dagbag.py:500} INFO - Filling up the DagBag from /home/airflow/.local/lib/python3.6/site-packages/airflow/example_dags/example_time_delta_sensor_async.py
[2025-05-31 11:20:59,598] {processor.py:654} INFO - DAG(s) dict_keys(['example_time_delta_sensor_async']) retrieved from /home/airflow/.local/lib/python3.6/site-packages/airflow/example_dags/example_time_delta_sensor_async.py
[2025-05-31 11:20:59,611] {logging_mixin.py:109} INFO - [2025-05-31 11:20:59,611] {dag.py:2396} INFO - Sync 1 DAGs
[2025-05-31 11:20:59,639] {logging_mixin.py:109} INFO - [2025-05-31 11:20:59,638] {dag.py:2935} INFO - Setting next_dagrun for example_time_delta_sensor_async to None
[2025-05-31 11:20:59,652] {processor.py:171} INFO - Processing /home/airflow/.local/lib/python3.6/site-packages/airflow/example_dags/example_time_delta_sensor_async.py took 0.097 seconds
[2025-05-31 11:21:29,885] {processor.py:163} INFO - Started process (PID=12983) to work on /home/airflow/.local/lib/python3.6/site-packages/airflow/example_dags/example_time_delta_sensor_async.py
[2025-05-31 11:21:29,888] {processor.py:642} INFO - Processing file /home/airflow/.local/lib/python3.6/site-packages/airflow/example_dags/example_time_delta_sensor_async.py for tasks to queue
[2025-05-31 11:21:29,890] {logging_mixin.py:109} INFO - [2025-05-31 11:21:29,889] {dagbag.py:500} INFO - Filling up the DagBag from /home/airflow/.local/lib/python3.6/site-packages/airflow/example_dags/example_time_delta_sensor_async.py
[2025-05-31 11:21:29,931] {processor.py:654} INFO - DAG(s) dict_keys(['example_time_delta_sensor_async']) retrieved from /home/airflow/.local/lib/python3.6/site-packages/airflow/example_dags/example_time_delta_sensor_async.py
[2025-05-31 11:21:29,946] {logging_mixin.py:109} INFO - [2025-05-31 11:21:29,945] {dag.py:2396} INFO - Sync 1 DAGs
[2025-05-31 11:21:29,972] {logging_mixin.py:109} INFO - [2025-05-31 11:21:29,972] {dag.py:2935} INFO - Setting next_dagrun for example_time_delta_sensor_async to None
[2025-05-31 11:21:29,986] {processor.py:171} INFO - Processing /home/airflow/.local/lib/python3.6/site-packages/airflow/example_dags/example_time_delta_sensor_async.py took 0.106 seconds
[2025-05-31 11:22:00,877] {processor.py:163} INFO - Started process (PID=13169) to work on /home/airflow/.local/lib/python3.6/site-packages/airflow/example_dags/example_time_delta_sensor_async.py
[2025-05-31 11:22:00,878] {processor.py:642} INFO - Processing file /home/airflow/.local/lib/python3.6/site-packages/airflow/example_dags/example_time_delta_sensor_async.py for tasks to queue
[2025-05-31 11:22:00,879] {logging_mixin.py:109} INFO - [2025-05-31 11:22:00,879] {dagbag.py:500} INFO - Filling up the DagBag from /home/airflow/.local/lib/python3.6/site-packages/airflow/example_dags/example_time_delta_sensor_async.py
[2025-05-31 11:22:00,918] {processor.py:654} INFO - DAG(s) dict_keys(['example_time_delta_sensor_async']) retrieved from /home/airflow/.local/lib/python3.6/site-packages/airflow/example_dags/example_time_delta_sensor_async.py
[2025-05-31 11:22:00,931] {logging_mixin.py:109} INFO - [2025-05-31 11:22:00,931] {dag.py:2396} INFO - Sync 1 DAGs
[2025-05-31 11:22:00,953] {logging_mixin.py:109} INFO - [2025-05-31 11:22:00,953] {dag.py:2935} INFO - Setting next_dagrun for example_time_delta_sensor_async to None
[2025-05-31 11:22:00,969] {processor.py:171} INFO - Processing /home/airflow/.local/lib/python3.6/site-packages/airflow/example_dags/example_time_delta_sensor_async.py took 0.098 seconds
[2025-05-31 11:22:32,123] {processor.py:163} INFO - Started process (PID=13356) to work on /home/airflow/.local/lib/python3.6/site-packages/airflow/example_dags/example_time_delta_sensor_async.py
[2025-05-31 11:22:32,125] {processor.py:642} INFO - Processing file /home/airflow/.local/lib/python3.6/site-packages/airflow/example_dags/example_time_delta_sensor_async.py for tasks to queue
[2025-05-31 11:22:32,127] {logging_mixin.py:109} INFO - [2025-05-31 11:22:32,126] {dagbag.py:500} INFO - Filling up the DagBag from /home/airflow/.local/lib/python3.6/site-packages/airflow/example_dags/example_time_delta_sensor_async.py
[2025-05-31 11:22:32,165] {processor.py:654} INFO - DAG(s) dict_keys(['example_time_delta_sensor_async']) retrieved from /home/airflow/.local/lib/python3.6/site-packages/airflow/example_dags/example_time_delta_sensor_async.py
[2025-05-31 11:22:32,182] {logging_mixin.py:109} INFO - [2025-05-31 11:22:32,181] {dag.py:2396} INFO - Sync 1 DAGs
[2025-05-31 11:22:32,205] {logging_mixin.py:109} INFO - [2025-05-31 11:22:32,204] {dag.py:2935} INFO - Setting next_dagrun for example_time_delta_sensor_async to None
[2025-05-31 11:22:32,218] {processor.py:171} INFO - Processing /home/airflow/.local/lib/python3.6/site-packages/airflow/example_dags/example_time_delta_sensor_async.py took 0.098 seconds
[2025-05-31 11:23:02,766] {processor.py:163} INFO - Started process (PID=13549) to work on /home/airflow/.local/lib/python3.6/site-packages/airflow/example_dags/example_time_delta_sensor_async.py
[2025-05-31 11:23:02,767] {processor.py:642} INFO - Processing file /home/airflow/.local/lib/python3.6/site-packages/airflow/example_dags/example_time_delta_sensor_async.py for tasks to queue
[2025-05-31 11:23:02,768] {logging_mixin.py:109} INFO - [2025-05-31 11:23:02,768] {dagbag.py:500} INFO - Filling up the DagBag from /home/airflow/.local/lib/python3.6/site-packages/airflow/example_dags/example_time_delta_sensor_async.py
[2025-05-31 11:23:02,799] {processor.py:654} INFO - DAG(s) dict_keys(['example_time_delta_sensor_async']) retrieved from /home/airflow/.local/lib/python3.6/site-packages/airflow/example_dags/example_time_delta_sensor_async.py
[2025-05-31 11:23:02,813] {logging_mixin.py:109} INFO - [2025-05-31 11:23:02,813] {dag.py:2396} INFO - Sync 1 DAGs
[2025-05-31 11:23:02,833] {logging_mixin.py:109} INFO - [2025-05-31 11:23:02,833] {dag.py:2935} INFO - Setting next_dagrun for example_time_delta_sensor_async to None
[2025-05-31 11:23:02,844] {processor.py:171} INFO - Processing /home/airflow/.local/lib/python3.6/site-packages/airflow/example_dags/example_time_delta_sensor_async.py took 0.082 seconds
[2025-05-31 11:23:32,969] {processor.py:163} INFO - Started process (PID=13734) to work on /home/airflow/.local/lib/python3.6/site-packages/airflow/example_dags/example_time_delta_sensor_async.py
[2025-05-31 11:23:32,971] {processor.py:642} INFO - Processing file /home/airflow/.local/lib/python3.6/site-packages/airflow/example_dags/example_time_delta_sensor_async.py for tasks to queue
[2025-05-31 11:23:32,972] {logging_mixin.py:109} INFO - [2025-05-31 11:23:32,971] {dagbag.py:500} INFO - Filling up the DagBag from /home/airflow/.local/lib/python3.6/site-packages/airflow/example_dags/example_time_delta_sensor_async.py
[2025-05-31 11:23:33,002] {processor.py:654} INFO - DAG(s) dict_keys(['example_time_delta_sensor_async']) retrieved from /home/airflow/.local/lib/python3.6/site-packages/airflow/example_dags/example_time_delta_sensor_async.py
[2025-05-31 11:23:33,014] {logging_mixin.py:109} INFO - [2025-05-31 11:23:33,014] {dag.py:2396} INFO - Sync 1 DAGs
[2025-05-31 11:23:33,035] {logging_mixin.py:109} INFO - [2025-05-31 11:23:33,035] {dag.py:2935} INFO - Setting next_dagrun for example_time_delta_sensor_async to None
[2025-05-31 11:23:33,048] {processor.py:171} INFO - Processing /home/airflow/.local/lib/python3.6/site-packages/airflow/example_dags/example_time_delta_sensor_async.py took 0.082 seconds
[2025-05-31 11:24:03,177] {processor.py:163} INFO - Started process (PID=13919) to work on /home/airflow/.local/lib/python3.6/site-packages/airflow/example_dags/example_time_delta_sensor_async.py
[2025-05-31 11:24:03,179] {processor.py:642} INFO - Processing file /home/airflow/.local/lib/python3.6/site-packages/airflow/example_dags/example_time_delta_sensor_async.py for tasks to queue
[2025-05-31 11:24:03,180] {logging_mixin.py:109} INFO - [2025-05-31 11:24:03,179] {dagbag.py:500} INFO - Filling up the DagBag from /home/airflow/.local/lib/python3.6/site-packages/airflow/example_dags/example_time_delta_sensor_async.py
[2025-05-31 11:24:03,207] {processor.py:654} INFO - DAG(s) dict_keys(['example_time_delta_sensor_async']) retrieved from /home/airflow/.local/lib/python3.6/site-packages/airflow/example_dags/example_time_delta_sensor_async.py
[2025-05-31 11:24:03,218] {logging_mixin.py:109} INFO - [2025-05-31 11:24:03,218] {dag.py:2396} INFO - Sync 1 DAGs
[2025-05-31 11:24:03,239] {logging_mixin.py:109} INFO - [2025-05-31 11:24:03,239] {dag.py:2935} INFO - Setting next_dagrun for example_time_delta_sensor_async to None
[2025-05-31 11:24:03,255] {processor.py:171} INFO - Processing /home/airflow/.local/lib/python3.6/site-packages/airflow/example_dags/example_time_delta_sensor_async.py took 0.081 seconds
[2025-05-31 11:24:33,569] {processor.py:163} INFO - Started process (PID=14111) to work on /home/airflow/.local/lib/python3.6/site-packages/airflow/example_dags/example_time_delta_sensor_async.py
[2025-05-31 11:24:33,570] {processor.py:642} INFO - Processing file /home/airflow/.local/lib/python3.6/site-packages/airflow/example_dags/example_time_delta_sensor_async.py for tasks to queue
[2025-05-31 11:24:33,571] {logging_mixin.py:109} INFO - [2025-05-31 11:24:33,571] {dagbag.py:500} INFO - Filling up the DagBag from /home/airflow/.local/lib/python3.6/site-packages/airflow/example_dags/example_time_delta_sensor_async.py
[2025-05-31 11:24:33,604] {processor.py:654} INFO - DAG(s) dict_keys(['example_time_delta_sensor_async']) retrieved from /home/airflow/.local/lib/python3.6/site-packages/airflow/example_dags/example_time_delta_sensor_async.py
[2025-05-31 11:24:33,617] {logging_mixin.py:109} INFO - [2025-05-31 11:24:33,617] {dag.py:2396} INFO - Sync 1 DAGs
[2025-05-31 11:24:33,638] {logging_mixin.py:109} INFO - [2025-05-31 11:24:33,638] {dag.py:2935} INFO - Setting next_dagrun for example_time_delta_sensor_async to None
[2025-05-31 11:24:33,650] {processor.py:171} INFO - Processing /home/airflow/.local/lib/python3.6/site-packages/airflow/example_dags/example_time_delta_sensor_async.py took 0.085 seconds
[2025-05-31 11:25:04,259] {processor.py:163} INFO - Started process (PID=14296) to work on /home/airflow/.local/lib/python3.6/site-packages/airflow/example_dags/example_time_delta_sensor_async.py
[2025-05-31 11:25:04,261] {processor.py:642} INFO - Processing file /home/airflow/.local/lib/python3.6/site-packages/airflow/example_dags/example_time_delta_sensor_async.py for tasks to queue
[2025-05-31 11:25:04,263] {logging_mixin.py:109} INFO - [2025-05-31 11:25:04,263] {dagbag.py:500} INFO - Filling up the DagBag from /home/airflow/.local/lib/python3.6/site-packages/airflow/example_dags/example_time_delta_sensor_async.py
[2025-05-31 11:25:04,313] {processor.py:654} INFO - DAG(s) dict_keys(['example_time_delta_sensor_async']) retrieved from /home/airflow/.local/lib/python3.6/site-packages/airflow/example_dags/example_time_delta_sensor_async.py
[2025-05-31 11:25:04,331] {logging_mixin.py:109} INFO - [2025-05-31 11:25:04,331] {dag.py:2396} INFO - Sync 1 DAGs
[2025-05-31 11:25:04,365] {logging_mixin.py:109} INFO - [2025-05-31 11:25:04,365] {dag.py:2935} INFO - Setting next_dagrun for example_time_delta_sensor_async to None
[2025-05-31 11:25:04,380] {processor.py:171} INFO - Processing /home/airflow/.local/lib/python3.6/site-packages/airflow/example_dags/example_time_delta_sensor_async.py took 0.129 seconds
[2025-05-31 11:25:35,327] {processor.py:163} INFO - Started process (PID=14484) to work on /home/airflow/.local/lib/python3.6/site-packages/airflow/example_dags/example_time_delta_sensor_async.py
[2025-05-31 11:25:35,328] {processor.py:642} INFO - Processing file /home/airflow/.local/lib/python3.6/site-packages/airflow/example_dags/example_time_delta_sensor_async.py for tasks to queue
[2025-05-31 11:25:35,329] {logging_mixin.py:109} INFO - [2025-05-31 11:25:35,329] {dagbag.py:500} INFO - Filling up the DagBag from /home/airflow/.local/lib/python3.6/site-packages/airflow/example_dags/example_time_delta_sensor_async.py
[2025-05-31 11:25:35,364] {processor.py:654} INFO - DAG(s) dict_keys(['example_time_delta_sensor_async']) retrieved from /home/airflow/.local/lib/python3.6/site-packages/airflow/example_dags/example_time_delta_sensor_async.py
[2025-05-31 11:25:35,376] {logging_mixin.py:109} INFO - [2025-05-31 11:25:35,376] {dag.py:2396} INFO - Sync 1 DAGs
[2025-05-31 11:25:35,399] {logging_mixin.py:109} INFO - [2025-05-31 11:25:35,399] {dag.py:2935} INFO - Setting next_dagrun for example_time_delta_sensor_async to None
[2025-05-31 11:25:35,412] {processor.py:171} INFO - Processing /home/airflow/.local/lib/python3.6/site-packages/airflow/example_dags/example_time_delta_sensor_async.py took 0.089 seconds
[2025-05-31 11:26:06,726] {processor.py:163} INFO - Started process (PID=14681) to work on /home/airflow/.local/lib/python3.6/site-packages/airflow/example_dags/example_time_delta_sensor_async.py
[2025-05-31 11:26:06,728] {processor.py:642} INFO - Processing file /home/airflow/.local/lib/python3.6/site-packages/airflow/example_dags/example_time_delta_sensor_async.py for tasks to queue
[2025-05-31 11:26:06,730] {logging_mixin.py:109} INFO - [2025-05-31 11:26:06,730] {dagbag.py:500} INFO - Filling up the DagBag from /home/airflow/.local/lib/python3.6/site-packages/airflow/example_dags/example_time_delta_sensor_async.py
[2025-05-31 11:26:06,775] {processor.py:654} INFO - DAG(s) dict_keys(['example_time_delta_sensor_async']) retrieved from /home/airflow/.local/lib/python3.6/site-packages/airflow/example_dags/example_time_delta_sensor_async.py
[2025-05-31 11:26:06,793] {logging_mixin.py:109} INFO - [2025-05-31 11:26:06,793] {dag.py:2396} INFO - Sync 1 DAGs
[2025-05-31 11:26:06,829] {logging_mixin.py:109} INFO - [2025-05-31 11:26:06,829] {dag.py:2935} INFO - Setting next_dagrun for example_time_delta_sensor_async to None
[2025-05-31 11:26:06,850] {processor.py:171} INFO - Processing /home/airflow/.local/lib/python3.6/site-packages/airflow/example_dags/example_time_delta_sensor_async.py took 0.129 seconds
[2025-05-31 11:26:37,630] {processor.py:163} INFO - Started process (PID=14866) to work on /home/airflow/.local/lib/python3.6/site-packages/airflow/example_dags/example_time_delta_sensor_async.py
[2025-05-31 11:26:37,632] {processor.py:642} INFO - Processing file /home/airflow/.local/lib/python3.6/site-packages/airflow/example_dags/example_time_delta_sensor_async.py for tasks to queue
[2025-05-31 11:26:37,633] {logging_mixin.py:109} INFO - [2025-05-31 11:26:37,633] {dagbag.py:500} INFO - Filling up the DagBag from /home/airflow/.local/lib/python3.6/site-packages/airflow/example_dags/example_time_delta_sensor_async.py
[2025-05-31 11:26:37,664] {processor.py:654} INFO - DAG(s) dict_keys(['example_time_delta_sensor_async']) retrieved from /home/airflow/.local/lib/python3.6/site-packages/airflow/example_dags/example_time_delta_sensor_async.py
[2025-05-31 11:26:37,675] {logging_mixin.py:109} INFO - [2025-05-31 11:26:37,675] {dag.py:2396} INFO - Sync 1 DAGs
[2025-05-31 11:26:37,695] {logging_mixin.py:109} INFO - [2025-05-31 11:26:37,695] {dag.py:2935} INFO - Setting next_dagrun for example_time_delta_sensor_async to None
[2025-05-31 11:26:37,707] {processor.py:171} INFO - Processing /home/airflow/.local/lib/python3.6/site-packages/airflow/example_dags/example_time_delta_sensor_async.py took 0.081 seconds
[2025-05-31 11:27:08,254] {processor.py:163} INFO - Started process (PID=15051) to work on /home/airflow/.local/lib/python3.6/site-packages/airflow/example_dags/example_time_delta_sensor_async.py
[2025-05-31 11:27:08,255] {processor.py:642} INFO - Processing file /home/airflow/.local/lib/python3.6/site-packages/airflow/example_dags/example_time_delta_sensor_async.py for tasks to queue
[2025-05-31 11:27:08,257] {logging_mixin.py:109} INFO - [2025-05-31 11:27:08,256] {dagbag.py:500} INFO - Filling up the DagBag from /home/airflow/.local/lib/python3.6/site-packages/airflow/example_dags/example_time_delta_sensor_async.py
[2025-05-31 11:27:08,291] {processor.py:654} INFO - DAG(s) dict_keys(['example_time_delta_sensor_async']) retrieved from /home/airflow/.local/lib/python3.6/site-packages/airflow/example_dags/example_time_delta_sensor_async.py
[2025-05-31 11:27:08,304] {logging_mixin.py:109} INFO - [2025-05-31 11:27:08,304] {dag.py:2396} INFO - Sync 1 DAGs
[2025-05-31 11:27:08,328] {logging_mixin.py:109} INFO - [2025-05-31 11:27:08,328] {dag.py:2935} INFO - Setting next_dagrun for example_time_delta_sensor_async to None
[2025-05-31 11:27:08,340] {processor.py:171} INFO - Processing /home/airflow/.local/lib/python3.6/site-packages/airflow/example_dags/example_time_delta_sensor_async.py took 0.090 seconds
[2025-05-31 11:27:39,455] {processor.py:163} INFO - Started process (PID=15244) to work on /home/airflow/.local/lib/python3.6/site-packages/airflow/example_dags/example_time_delta_sensor_async.py
[2025-05-31 11:27:39,457] {processor.py:642} INFO - Processing file /home/airflow/.local/lib/python3.6/site-packages/airflow/example_dags/example_time_delta_sensor_async.py for tasks to queue
[2025-05-31 11:27:39,458] {logging_mixin.py:109} INFO - [2025-05-31 11:27:39,458] {dagbag.py:500} INFO - Filling up the DagBag from /home/airflow/.local/lib/python3.6/site-packages/airflow/example_dags/example_time_delta_sensor_async.py
[2025-05-31 11:27:39,490] {processor.py:654} INFO - DAG(s) dict_keys(['example_time_delta_sensor_async']) retrieved from /home/airflow/.local/lib/python3.6/site-packages/airflow/example_dags/example_time_delta_sensor_async.py
[2025-05-31 11:27:39,505] {logging_mixin.py:109} INFO - [2025-05-31 11:27:39,505] {dag.py:2396} INFO - Sync 1 DAGs
[2025-05-31 11:27:39,527] {logging_mixin.py:109} INFO - [2025-05-31 11:27:39,527] {dag.py:2935} INFO - Setting next_dagrun for example_time_delta_sensor_async to None
[2025-05-31 11:27:39,539] {processor.py:171} INFO - Processing /home/airflow/.local/lib/python3.6/site-packages/airflow/example_dags/example_time_delta_sensor_async.py took 0.089 seconds
[2025-05-31 11:28:11,548] {processor.py:163} INFO - Started process (PID=15429) to work on /home/airflow/.local/lib/python3.6/site-packages/airflow/example_dags/example_time_delta_sensor_async.py
[2025-05-31 11:28:11,552] {processor.py:642} INFO - Processing file /home/airflow/.local/lib/python3.6/site-packages/airflow/example_dags/example_time_delta_sensor_async.py for tasks to queue
[2025-05-31 11:28:11,554] {logging_mixin.py:109} INFO - [2025-05-31 11:28:11,554] {dagbag.py:500} INFO - Filling up the DagBag from /home/airflow/.local/lib/python3.6/site-packages/airflow/example_dags/example_time_delta_sensor_async.py
[2025-05-31 11:28:11,696] {processor.py:654} INFO - DAG(s) dict_keys(['example_time_delta_sensor_async']) retrieved from /home/airflow/.local/lib/python3.6/site-packages/airflow/example_dags/example_time_delta_sensor_async.py
[2025-05-31 11:28:11,729] {logging_mixin.py:109} INFO - [2025-05-31 11:28:11,729] {dag.py:2396} INFO - Sync 1 DAGs
[2025-05-31 11:28:11,799] {logging_mixin.py:109} INFO - [2025-05-31 11:28:11,798] {dag.py:2935} INFO - Setting next_dagrun for example_time_delta_sensor_async to None
[2025-05-31 11:28:11,835] {processor.py:171} INFO - Processing /home/airflow/.local/lib/python3.6/site-packages/airflow/example_dags/example_time_delta_sensor_async.py took 0.305 seconds
[2025-05-31 11:28:42,351] {processor.py:163} INFO - Started process (PID=15614) to work on /home/airflow/.local/lib/python3.6/site-packages/airflow/example_dags/example_time_delta_sensor_async.py
[2025-05-31 11:28:42,353] {processor.py:642} INFO - Processing file /home/airflow/.local/lib/python3.6/site-packages/airflow/example_dags/example_time_delta_sensor_async.py for tasks to queue
[2025-05-31 11:28:42,357] {logging_mixin.py:109} INFO - [2025-05-31 11:28:42,357] {dagbag.py:500} INFO - Filling up the DagBag from /home/airflow/.local/lib/python3.6/site-packages/airflow/example_dags/example_time_delta_sensor_async.py
[2025-05-31 11:28:42,427] {processor.py:654} INFO - DAG(s) dict_keys(['example_time_delta_sensor_async']) retrieved from /home/airflow/.local/lib/python3.6/site-packages/airflow/example_dags/example_time_delta_sensor_async.py
[2025-05-31 11:28:42,453] {logging_mixin.py:109} INFO - [2025-05-31 11:28:42,453] {dag.py:2396} INFO - Sync 1 DAGs
[2025-05-31 11:28:42,494] {logging_mixin.py:109} INFO - [2025-05-31 11:28:42,494] {dag.py:2935} INFO - Setting next_dagrun for example_time_delta_sensor_async to None
[2025-05-31 11:28:42,517] {processor.py:171} INFO - Processing /home/airflow/.local/lib/python3.6/site-packages/airflow/example_dags/example_time_delta_sensor_async.py took 0.174 seconds
[2025-05-31 11:29:12,853] {processor.py:163} INFO - Started process (PID=15809) to work on /home/airflow/.local/lib/python3.6/site-packages/airflow/example_dags/example_time_delta_sensor_async.py
[2025-05-31 11:29:12,854] {processor.py:642} INFO - Processing file /home/airflow/.local/lib/python3.6/site-packages/airflow/example_dags/example_time_delta_sensor_async.py for tasks to queue
[2025-05-31 11:29:12,856] {logging_mixin.py:109} INFO - [2025-05-31 11:29:12,855] {dagbag.py:500} INFO - Filling up the DagBag from /home/airflow/.local/lib/python3.6/site-packages/airflow/example_dags/example_time_delta_sensor_async.py
[2025-05-31 11:29:12,890] {processor.py:654} INFO - DAG(s) dict_keys(['example_time_delta_sensor_async']) retrieved from /home/airflow/.local/lib/python3.6/site-packages/airflow/example_dags/example_time_delta_sensor_async.py
[2025-05-31 11:29:12,903] {logging_mixin.py:109} INFO - [2025-05-31 11:29:12,903] {dag.py:2396} INFO - Sync 1 DAGs
[2025-05-31 11:29:12,929] {logging_mixin.py:109} INFO - [2025-05-31 11:29:12,929] {dag.py:2935} INFO - Setting next_dagrun for example_time_delta_sensor_async to None
[2025-05-31 11:29:12,942] {processor.py:171} INFO - Processing /home/airflow/.local/lib/python3.6/site-packages/airflow/example_dags/example_time_delta_sensor_async.py took 0.093 seconds
[2025-05-31 11:29:44,013] {processor.py:163} INFO - Started process (PID=16004) to work on /home/airflow/.local/lib/python3.6/site-packages/airflow/example_dags/example_time_delta_sensor_async.py
[2025-05-31 11:29:44,015] {processor.py:642} INFO - Processing file /home/airflow/.local/lib/python3.6/site-packages/airflow/example_dags/example_time_delta_sensor_async.py for tasks to queue
[2025-05-31 11:29:44,016] {logging_mixin.py:109} INFO - [2025-05-31 11:29:44,016] {dagbag.py:500} INFO - Filling up the DagBag from /home/airflow/.local/lib/python3.6/site-packages/airflow/example_dags/example_time_delta_sensor_async.py
[2025-05-31 11:29:44,054] {processor.py:654} INFO - DAG(s) dict_keys(['example_time_delta_sensor_async']) retrieved from /home/airflow/.local/lib/python3.6/site-packages/airflow/example_dags/example_time_delta_sensor_async.py
[2025-05-31 11:29:44,068] {logging_mixin.py:109} INFO - [2025-05-31 11:29:44,068] {dag.py:2396} INFO - Sync 1 DAGs
[2025-05-31 11:29:44,095] {logging_mixin.py:109} INFO - [2025-05-31 11:29:44,095] {dag.py:2935} INFO - Setting next_dagrun for example_time_delta_sensor_async to None
[2025-05-31 11:29:44,109] {processor.py:171} INFO - Processing /home/airflow/.local/lib/python3.6/site-packages/airflow/example_dags/example_time_delta_sensor_async.py took 0.100 seconds
[2025-05-31 11:30:14,420] {processor.py:163} INFO - Started process (PID=16189) to work on /home/airflow/.local/lib/python3.6/site-packages/airflow/example_dags/example_time_delta_sensor_async.py
[2025-05-31 11:30:14,421] {processor.py:642} INFO - Processing file /home/airflow/.local/lib/python3.6/site-packages/airflow/example_dags/example_time_delta_sensor_async.py for tasks to queue
[2025-05-31 11:30:14,422] {logging_mixin.py:109} INFO - [2025-05-31 11:30:14,422] {dagbag.py:500} INFO - Filling up the DagBag from /home/airflow/.local/lib/python3.6/site-packages/airflow/example_dags/example_time_delta_sensor_async.py
[2025-05-31 11:30:14,454] {processor.py:654} INFO - DAG(s) dict_keys(['example_time_delta_sensor_async']) retrieved from /home/airflow/.local/lib/python3.6/site-packages/airflow/example_dags/example_time_delta_sensor_async.py
[2025-05-31 11:30:14,467] {logging_mixin.py:109} INFO - [2025-05-31 11:30:14,467] {dag.py:2396} INFO - Sync 1 DAGs
[2025-05-31 11:30:14,491] {logging_mixin.py:109} INFO - [2025-05-31 11:30:14,491] {dag.py:2935} INFO - Setting next_dagrun for example_time_delta_sensor_async to None
[2025-05-31 11:30:14,504] {processor.py:171} INFO - Processing /home/airflow/.local/lib/python3.6/site-packages/airflow/example_dags/example_time_delta_sensor_async.py took 0.088 seconds
[2025-05-31 11:30:45,055] {processor.py:163} INFO - Started process (PID=16384) to work on /home/airflow/.local/lib/python3.6/site-packages/airflow/example_dags/example_time_delta_sensor_async.py
[2025-05-31 11:30:45,056] {processor.py:642} INFO - Processing file /home/airflow/.local/lib/python3.6/site-packages/airflow/example_dags/example_time_delta_sensor_async.py for tasks to queue
[2025-05-31 11:30:45,058] {logging_mixin.py:109} INFO - [2025-05-31 11:30:45,057] {dagbag.py:500} INFO - Filling up the DagBag from /home/airflow/.local/lib/python3.6/site-packages/airflow/example_dags/example_time_delta_sensor_async.py
[2025-05-31 11:30:45,094] {processor.py:654} INFO - DAG(s) dict_keys(['example_time_delta_sensor_async']) retrieved from /home/airflow/.local/lib/python3.6/site-packages/airflow/example_dags/example_time_delta_sensor_async.py
[2025-05-31 11:30:45,108] {logging_mixin.py:109} INFO - [2025-05-31 11:30:45,108] {dag.py:2396} INFO - Sync 1 DAGs
[2025-05-31 11:30:45,143] {logging_mixin.py:109} INFO - [2025-05-31 11:30:45,143] {dag.py:2935} INFO - Setting next_dagrun for example_time_delta_sensor_async to None
[2025-05-31 11:30:45,155] {processor.py:171} INFO - Processing /home/airflow/.local/lib/python3.6/site-packages/airflow/example_dags/example_time_delta_sensor_async.py took 0.105 seconds
[2025-05-31 11:31:16,125] {processor.py:163} INFO - Started process (PID=16569) to work on /home/airflow/.local/lib/python3.6/site-packages/airflow/example_dags/example_time_delta_sensor_async.py
[2025-05-31 11:31:16,126] {processor.py:642} INFO - Processing file /home/airflow/.local/lib/python3.6/site-packages/airflow/example_dags/example_time_delta_sensor_async.py for tasks to queue
[2025-05-31 11:31:16,127] {logging_mixin.py:109} INFO - [2025-05-31 11:31:16,127] {dagbag.py:500} INFO - Filling up the DagBag from /home/airflow/.local/lib/python3.6/site-packages/airflow/example_dags/example_time_delta_sensor_async.py
[2025-05-31 11:31:16,160] {processor.py:654} INFO - DAG(s) dict_keys(['example_time_delta_sensor_async']) retrieved from /home/airflow/.local/lib/python3.6/site-packages/airflow/example_dags/example_time_delta_sensor_async.py
[2025-05-31 11:31:16,173] {logging_mixin.py:109} INFO - [2025-05-31 11:31:16,173] {dag.py:2396} INFO - Sync 1 DAGs
[2025-05-31 11:31:16,197] {logging_mixin.py:109} INFO - [2025-05-31 11:31:16,197] {dag.py:2935} INFO - Setting next_dagrun for example_time_delta_sensor_async to None
[2025-05-31 11:31:16,210] {processor.py:171} INFO - Processing /home/airflow/.local/lib/python3.6/site-packages/airflow/example_dags/example_time_delta_sensor_async.py took 0.091 seconds
[2025-05-31 11:31:47,010] {processor.py:163} INFO - Started process (PID=16756) to work on /home/airflow/.local/lib/python3.6/site-packages/airflow/example_dags/example_time_delta_sensor_async.py
[2025-05-31 11:31:47,012] {processor.py:642} INFO - Processing file /home/airflow/.local/lib/python3.6/site-packages/airflow/example_dags/example_time_delta_sensor_async.py for tasks to queue
[2025-05-31 11:31:47,013] {logging_mixin.py:109} INFO - [2025-05-31 11:31:47,013] {dagbag.py:500} INFO - Filling up the DagBag from /home/airflow/.local/lib/python3.6/site-packages/airflow/example_dags/example_time_delta_sensor_async.py
[2025-05-31 11:31:47,044] {processor.py:654} INFO - DAG(s) dict_keys(['example_time_delta_sensor_async']) retrieved from /home/airflow/.local/lib/python3.6/site-packages/airflow/example_dags/example_time_delta_sensor_async.py
[2025-05-31 11:31:47,057] {logging_mixin.py:109} INFO - [2025-05-31 11:31:47,057] {dag.py:2396} INFO - Sync 1 DAGs
[2025-05-31 11:31:47,080] {logging_mixin.py:109} INFO - [2025-05-31 11:31:47,080] {dag.py:2935} INFO - Setting next_dagrun for example_time_delta_sensor_async to None
[2025-05-31 11:31:47,091] {processor.py:171} INFO - Processing /home/airflow/.local/lib/python3.6/site-packages/airflow/example_dags/example_time_delta_sensor_async.py took 0.086 seconds
[2025-05-31 11:32:17,566] {processor.py:163} INFO - Started process (PID=16949) to work on /home/airflow/.local/lib/python3.6/site-packages/airflow/example_dags/example_time_delta_sensor_async.py
[2025-05-31 11:32:17,568] {processor.py:642} INFO - Processing file /home/airflow/.local/lib/python3.6/site-packages/airflow/example_dags/example_time_delta_sensor_async.py for tasks to queue
[2025-05-31 11:32:17,569] {logging_mixin.py:109} INFO - [2025-05-31 11:32:17,569] {dagbag.py:500} INFO - Filling up the DagBag from /home/airflow/.local/lib/python3.6/site-packages/airflow/example_dags/example_time_delta_sensor_async.py
[2025-05-31 11:32:17,602] {processor.py:654} INFO - DAG(s) dict_keys(['example_time_delta_sensor_async']) retrieved from /home/airflow/.local/lib/python3.6/site-packages/airflow/example_dags/example_time_delta_sensor_async.py
[2025-05-31 11:32:17,619] {logging_mixin.py:109} INFO - [2025-05-31 11:32:17,618] {dag.py:2396} INFO - Sync 1 DAGs
[2025-05-31 11:32:17,642] {logging_mixin.py:109} INFO - [2025-05-31 11:32:17,642] {dag.py:2935} INFO - Setting next_dagrun for example_time_delta_sensor_async to None
[2025-05-31 11:32:17,655] {processor.py:171} INFO - Processing /home/airflow/.local/lib/python3.6/site-packages/airflow/example_dags/example_time_delta_sensor_async.py took 0.093 seconds
[2025-05-31 11:32:48,041] {processor.py:163} INFO - Started process (PID=17134) to work on /home/airflow/.local/lib/python3.6/site-packages/airflow/example_dags/example_time_delta_sensor_async.py
[2025-05-31 11:32:48,042] {processor.py:642} INFO - Processing file /home/airflow/.local/lib/python3.6/site-packages/airflow/example_dags/example_time_delta_sensor_async.py for tasks to queue
[2025-05-31 11:32:48,043] {logging_mixin.py:109} INFO - [2025-05-31 11:32:48,043] {dagbag.py:500} INFO - Filling up the DagBag from /home/airflow/.local/lib/python3.6/site-packages/airflow/example_dags/example_time_delta_sensor_async.py
[2025-05-31 11:32:48,074] {processor.py:654} INFO - DAG(s) dict_keys(['example_time_delta_sensor_async']) retrieved from /home/airflow/.local/lib/python3.6/site-packages/airflow/example_dags/example_time_delta_sensor_async.py
[2025-05-31 11:32:48,092] {logging_mixin.py:109} INFO - [2025-05-31 11:32:48,092] {dag.py:2396} INFO - Sync 1 DAGs
[2025-05-31 11:32:48,124] {logging_mixin.py:109} INFO - [2025-05-31 11:32:48,123] {dag.py:2935} INFO - Setting next_dagrun for example_time_delta_sensor_async to None
[2025-05-31 11:32:48,136] {processor.py:171} INFO - Processing /home/airflow/.local/lib/python3.6/site-packages/airflow/example_dags/example_time_delta_sensor_async.py took 0.099 seconds
[2025-05-31 11:33:18,632] {processor.py:163} INFO - Started process (PID=17330) to work on /home/airflow/.local/lib/python3.6/site-packages/airflow/example_dags/example_time_delta_sensor_async.py
[2025-05-31 11:33:18,634] {processor.py:642} INFO - Processing file /home/airflow/.local/lib/python3.6/site-packages/airflow/example_dags/example_time_delta_sensor_async.py for tasks to queue
[2025-05-31 11:33:18,635] {logging_mixin.py:109} INFO - [2025-05-31 11:33:18,635] {dagbag.py:500} INFO - Filling up the DagBag from /home/airflow/.local/lib/python3.6/site-packages/airflow/example_dags/example_time_delta_sensor_async.py
[2025-05-31 11:33:18,672] {processor.py:654} INFO - DAG(s) dict_keys(['example_time_delta_sensor_async']) retrieved from /home/airflow/.local/lib/python3.6/site-packages/airflow/example_dags/example_time_delta_sensor_async.py
[2025-05-31 11:33:18,685] {logging_mixin.py:109} INFO - [2025-05-31 11:33:18,685] {dag.py:2396} INFO - Sync 1 DAGs
[2025-05-31 11:33:18,707] {logging_mixin.py:109} INFO - [2025-05-31 11:33:18,707] {dag.py:2935} INFO - Setting next_dagrun for example_time_delta_sensor_async to None
[2025-05-31 11:33:18,721] {processor.py:171} INFO - Processing /home/airflow/.local/lib/python3.6/site-packages/airflow/example_dags/example_time_delta_sensor_async.py took 0.093 seconds
[2025-05-31 11:33:49,102] {processor.py:163} INFO - Started process (PID=17513) to work on /home/airflow/.local/lib/python3.6/site-packages/airflow/example_dags/example_time_delta_sensor_async.py
[2025-05-31 11:33:49,104] {processor.py:642} INFO - Processing file /home/airflow/.local/lib/python3.6/site-packages/airflow/example_dags/example_time_delta_sensor_async.py for tasks to queue
[2025-05-31 11:33:49,105] {logging_mixin.py:109} INFO - [2025-05-31 11:33:49,105] {dagbag.py:500} INFO - Filling up the DagBag from /home/airflow/.local/lib/python3.6/site-packages/airflow/example_dags/example_time_delta_sensor_async.py
[2025-05-31 11:33:49,137] {processor.py:654} INFO - DAG(s) dict_keys(['example_time_delta_sensor_async']) retrieved from /home/airflow/.local/lib/python3.6/site-packages/airflow/example_dags/example_time_delta_sensor_async.py
[2025-05-31 11:33:49,149] {logging_mixin.py:109} INFO - [2025-05-31 11:33:49,149] {dag.py:2396} INFO - Sync 1 DAGs
[2025-05-31 11:33:49,170] {logging_mixin.py:109} INFO - [2025-05-31 11:33:49,170] {dag.py:2935} INFO - Setting next_dagrun for example_time_delta_sensor_async to None
[2025-05-31 11:33:49,182] {processor.py:171} INFO - Processing /home/airflow/.local/lib/python3.6/site-packages/airflow/example_dags/example_time_delta_sensor_async.py took 0.084 seconds
[2025-05-31 11:34:20,425] {processor.py:163} INFO - Started process (PID=17700) to work on /home/airflow/.local/lib/python3.6/site-packages/airflow/example_dags/example_time_delta_sensor_async.py
[2025-05-31 11:34:20,427] {processor.py:642} INFO - Processing file /home/airflow/.local/lib/python3.6/site-packages/airflow/example_dags/example_time_delta_sensor_async.py for tasks to queue
[2025-05-31 11:34:20,428] {logging_mixin.py:109} INFO - [2025-05-31 11:34:20,428] {dagbag.py:500} INFO - Filling up the DagBag from /home/airflow/.local/lib/python3.6/site-packages/airflow/example_dags/example_time_delta_sensor_async.py
[2025-05-31 11:34:20,465] {processor.py:654} INFO - DAG(s) dict_keys(['example_time_delta_sensor_async']) retrieved from /home/airflow/.local/lib/python3.6/site-packages/airflow/example_dags/example_time_delta_sensor_async.py
[2025-05-31 11:34:20,489] {logging_mixin.py:109} INFO - [2025-05-31 11:34:20,489] {dag.py:2396} INFO - Sync 1 DAGs
[2025-05-31 11:34:20,526] {logging_mixin.py:109} INFO - [2025-05-31 11:34:20,526] {dag.py:2935} INFO - Setting next_dagrun for example_time_delta_sensor_async to None
[2025-05-31 11:34:20,544] {processor.py:171} INFO - Processing /home/airflow/.local/lib/python3.6/site-packages/airflow/example_dags/example_time_delta_sensor_async.py took 0.123 seconds
[2025-05-31 11:34:51,100] {processor.py:163} INFO - Started process (PID=17895) to work on /home/airflow/.local/lib/python3.6/site-packages/airflow/example_dags/example_time_delta_sensor_async.py
[2025-05-31 11:34:51,102] {processor.py:642} INFO - Processing file /home/airflow/.local/lib/python3.6/site-packages/airflow/example_dags/example_time_delta_sensor_async.py for tasks to queue
[2025-05-31 11:34:51,103] {logging_mixin.py:109} INFO - [2025-05-31 11:34:51,103] {dagbag.py:500} INFO - Filling up the DagBag from /home/airflow/.local/lib/python3.6/site-packages/airflow/example_dags/example_time_delta_sensor_async.py
[2025-05-31 11:34:51,148] {processor.py:654} INFO - DAG(s) dict_keys(['example_time_delta_sensor_async']) retrieved from /home/airflow/.local/lib/python3.6/site-packages/airflow/example_dags/example_time_delta_sensor_async.py
[2025-05-31 11:34:51,164] {logging_mixin.py:109} INFO - [2025-05-31 11:34:51,164] {dag.py:2396} INFO - Sync 1 DAGs
[2025-05-31 11:34:51,196] {logging_mixin.py:109} INFO - [2025-05-31 11:34:51,196] {dag.py:2935} INFO - Setting next_dagrun for example_time_delta_sensor_async to None
[2025-05-31 11:34:51,213] {processor.py:171} INFO - Processing /home/airflow/.local/lib/python3.6/site-packages/airflow/example_dags/example_time_delta_sensor_async.py took 0.118 seconds
[2025-05-31 11:35:21,368] {processor.py:163} INFO - Started process (PID=18080) to work on /home/airflow/.local/lib/python3.6/site-packages/airflow/example_dags/example_time_delta_sensor_async.py
[2025-05-31 11:35:21,370] {processor.py:642} INFO - Processing file /home/airflow/.local/lib/python3.6/site-packages/airflow/example_dags/example_time_delta_sensor_async.py for tasks to queue
[2025-05-31 11:35:21,371] {logging_mixin.py:109} INFO - [2025-05-31 11:35:21,371] {dagbag.py:500} INFO - Filling up the DagBag from /home/airflow/.local/lib/python3.6/site-packages/airflow/example_dags/example_time_delta_sensor_async.py
[2025-05-31 11:35:21,403] {processor.py:654} INFO - DAG(s) dict_keys(['example_time_delta_sensor_async']) retrieved from /home/airflow/.local/lib/python3.6/site-packages/airflow/example_dags/example_time_delta_sensor_async.py
[2025-05-31 11:35:21,417] {logging_mixin.py:109} INFO - [2025-05-31 11:35:21,417] {dag.py:2396} INFO - Sync 1 DAGs
[2025-05-31 11:35:21,441] {logging_mixin.py:109} INFO - [2025-05-31 11:35:21,441] {dag.py:2935} INFO - Setting next_dagrun for example_time_delta_sensor_async to None
[2025-05-31 11:35:21,455] {processor.py:171} INFO - Processing /home/airflow/.local/lib/python3.6/site-packages/airflow/example_dags/example_time_delta_sensor_async.py took 0.091 seconds
[2025-05-31 11:35:52,253] {processor.py:163} INFO - Started process (PID=18265) to work on /home/airflow/.local/lib/python3.6/site-packages/airflow/example_dags/example_time_delta_sensor_async.py
[2025-05-31 11:35:52,255] {processor.py:642} INFO - Processing file /home/airflow/.local/lib/python3.6/site-packages/airflow/example_dags/example_time_delta_sensor_async.py for tasks to queue
[2025-05-31 11:35:52,256] {logging_mixin.py:109} INFO - [2025-05-31 11:35:52,256] {dagbag.py:500} INFO - Filling up the DagBag from /home/airflow/.local/lib/python3.6/site-packages/airflow/example_dags/example_time_delta_sensor_async.py
[2025-05-31 11:35:52,288] {processor.py:654} INFO - DAG(s) dict_keys(['example_time_delta_sensor_async']) retrieved from /home/airflow/.local/lib/python3.6/site-packages/airflow/example_dags/example_time_delta_sensor_async.py
[2025-05-31 11:35:52,300] {logging_mixin.py:109} INFO - [2025-05-31 11:35:52,300] {dag.py:2396} INFO - Sync 1 DAGs
[2025-05-31 11:35:52,322] {logging_mixin.py:109} INFO - [2025-05-31 11:35:52,322] {dag.py:2935} INFO - Setting next_dagrun for example_time_delta_sensor_async to None
[2025-05-31 11:35:52,333] {processor.py:171} INFO - Processing /home/airflow/.local/lib/python3.6/site-packages/airflow/example_dags/example_time_delta_sensor_async.py took 0.085 seconds
[2025-05-31 11:36:22,541] {processor.py:163} INFO - Started process (PID=18458) to work on /home/airflow/.local/lib/python3.6/site-packages/airflow/example_dags/example_time_delta_sensor_async.py
[2025-05-31 11:36:22,542] {processor.py:642} INFO - Processing file /home/airflow/.local/lib/python3.6/site-packages/airflow/example_dags/example_time_delta_sensor_async.py for tasks to queue
[2025-05-31 11:36:22,543] {logging_mixin.py:109} INFO - [2025-05-31 11:36:22,543] {dagbag.py:500} INFO - Filling up the DagBag from /home/airflow/.local/lib/python3.6/site-packages/airflow/example_dags/example_time_delta_sensor_async.py
[2025-05-31 11:36:22,576] {processor.py:654} INFO - DAG(s) dict_keys(['example_time_delta_sensor_async']) retrieved from /home/airflow/.local/lib/python3.6/site-packages/airflow/example_dags/example_time_delta_sensor_async.py
[2025-05-31 11:36:22,588] {logging_mixin.py:109} INFO - [2025-05-31 11:36:22,588] {dag.py:2396} INFO - Sync 1 DAGs
[2025-05-31 11:36:22,610] {logging_mixin.py:109} INFO - [2025-05-31 11:36:22,610] {dag.py:2935} INFO - Setting next_dagrun for example_time_delta_sensor_async to None
[2025-05-31 11:36:22,622] {processor.py:171} INFO - Processing /home/airflow/.local/lib/python3.6/site-packages/airflow/example_dags/example_time_delta_sensor_async.py took 0.086 seconds
[2025-05-31 11:36:52,977] {processor.py:163} INFO - Started process (PID=18643) to work on /home/airflow/.local/lib/python3.6/site-packages/airflow/example_dags/example_time_delta_sensor_async.py
[2025-05-31 11:36:52,979] {processor.py:642} INFO - Processing file /home/airflow/.local/lib/python3.6/site-packages/airflow/example_dags/example_time_delta_sensor_async.py for tasks to queue
[2025-05-31 11:36:52,980] {logging_mixin.py:109} INFO - [2025-05-31 11:36:52,980] {dagbag.py:500} INFO - Filling up the DagBag from /home/airflow/.local/lib/python3.6/site-packages/airflow/example_dags/example_time_delta_sensor_async.py
[2025-05-31 11:36:53,014] {processor.py:654} INFO - DAG(s) dict_keys(['example_time_delta_sensor_async']) retrieved from /home/airflow/.local/lib/python3.6/site-packages/airflow/example_dags/example_time_delta_sensor_async.py
[2025-05-31 11:36:53,030] {logging_mixin.py:109} INFO - [2025-05-31 11:36:53,029] {dag.py:2396} INFO - Sync 1 DAGs
[2025-05-31 11:36:53,052] {logging_mixin.py:109} INFO - [2025-05-31 11:36:53,052] {dag.py:2935} INFO - Setting next_dagrun for example_time_delta_sensor_async to None
[2025-05-31 11:36:53,065] {processor.py:171} INFO - Processing /home/airflow/.local/lib/python3.6/site-packages/airflow/example_dags/example_time_delta_sensor_async.py took 0.092 seconds
[2025-05-31 11:37:24,201] {processor.py:163} INFO - Started process (PID=18840) to work on /home/airflow/.local/lib/python3.6/site-packages/airflow/example_dags/example_time_delta_sensor_async.py
[2025-05-31 11:37:24,203] {processor.py:642} INFO - Processing file /home/airflow/.local/lib/python3.6/site-packages/airflow/example_dags/example_time_delta_sensor_async.py for tasks to queue
[2025-05-31 11:37:24,204] {logging_mixin.py:109} INFO - [2025-05-31 11:37:24,204] {dagbag.py:500} INFO - Filling up the DagBag from /home/airflow/.local/lib/python3.6/site-packages/airflow/example_dags/example_time_delta_sensor_async.py
[2025-05-31 11:37:24,245] {processor.py:654} INFO - DAG(s) dict_keys(['example_time_delta_sensor_async']) retrieved from /home/airflow/.local/lib/python3.6/site-packages/airflow/example_dags/example_time_delta_sensor_async.py
[2025-05-31 11:37:24,262] {logging_mixin.py:109} INFO - [2025-05-31 11:37:24,261] {dag.py:2396} INFO - Sync 1 DAGs
[2025-05-31 11:37:24,294] {logging_mixin.py:109} INFO - [2025-05-31 11:37:24,294] {dag.py:2935} INFO - Setting next_dagrun for example_time_delta_sensor_async to None
[2025-05-31 11:37:24,312] {processor.py:171} INFO - Processing /home/airflow/.local/lib/python3.6/site-packages/airflow/example_dags/example_time_delta_sensor_async.py took 0.115 seconds
[2025-05-31 11:37:54,768] {processor.py:163} INFO - Started process (PID=19025) to work on /home/airflow/.local/lib/python3.6/site-packages/airflow/example_dags/example_time_delta_sensor_async.py
[2025-05-31 11:37:54,770] {processor.py:642} INFO - Processing file /home/airflow/.local/lib/python3.6/site-packages/airflow/example_dags/example_time_delta_sensor_async.py for tasks to queue
[2025-05-31 11:37:54,771] {logging_mixin.py:109} INFO - [2025-05-31 11:37:54,771] {dagbag.py:500} INFO - Filling up the DagBag from /home/airflow/.local/lib/python3.6/site-packages/airflow/example_dags/example_time_delta_sensor_async.py
[2025-05-31 11:37:54,804] {processor.py:654} INFO - DAG(s) dict_keys(['example_time_delta_sensor_async']) retrieved from /home/airflow/.local/lib/python3.6/site-packages/airflow/example_dags/example_time_delta_sensor_async.py
[2025-05-31 11:37:54,817] {logging_mixin.py:109} INFO - [2025-05-31 11:37:54,817] {dag.py:2396} INFO - Sync 1 DAGs
[2025-05-31 11:37:54,840] {logging_mixin.py:109} INFO - [2025-05-31 11:37:54,839] {dag.py:2935} INFO - Setting next_dagrun for example_time_delta_sensor_async to None
[2025-05-31 11:37:54,853] {processor.py:171} INFO - Processing /home/airflow/.local/lib/python3.6/site-packages/airflow/example_dags/example_time_delta_sensor_async.py took 0.089 seconds
[2025-05-31 11:38:25,455] {processor.py:163} INFO - Started process (PID=19210) to work on /home/airflow/.local/lib/python3.6/site-packages/airflow/example_dags/example_time_delta_sensor_async.py
[2025-05-31 11:38:25,457] {processor.py:642} INFO - Processing file /home/airflow/.local/lib/python3.6/site-packages/airflow/example_dags/example_time_delta_sensor_async.py for tasks to queue
[2025-05-31 11:38:25,458] {logging_mixin.py:109} INFO - [2025-05-31 11:38:25,458] {dagbag.py:500} INFO - Filling up the DagBag from /home/airflow/.local/lib/python3.6/site-packages/airflow/example_dags/example_time_delta_sensor_async.py
[2025-05-31 11:38:25,492] {processor.py:654} INFO - DAG(s) dict_keys(['example_time_delta_sensor_async']) retrieved from /home/airflow/.local/lib/python3.6/site-packages/airflow/example_dags/example_time_delta_sensor_async.py
[2025-05-31 11:38:25,504] {logging_mixin.py:109} INFO - [2025-05-31 11:38:25,504] {dag.py:2396} INFO - Sync 1 DAGs
[2025-05-31 11:38:25,528] {logging_mixin.py:109} INFO - [2025-05-31 11:38:25,528] {dag.py:2935} INFO - Setting next_dagrun for example_time_delta_sensor_async to None
[2025-05-31 11:38:25,539] {processor.py:171} INFO - Processing /home/airflow/.local/lib/python3.6/site-packages/airflow/example_dags/example_time_delta_sensor_async.py took 0.089 seconds
[2025-05-31 11:38:56,307] {processor.py:163} INFO - Started process (PID=19405) to work on /home/airflow/.local/lib/python3.6/site-packages/airflow/example_dags/example_time_delta_sensor_async.py
[2025-05-31 11:38:56,310] {processor.py:642} INFO - Processing file /home/airflow/.local/lib/python3.6/site-packages/airflow/example_dags/example_time_delta_sensor_async.py for tasks to queue
[2025-05-31 11:38:56,311] {logging_mixin.py:109} INFO - [2025-05-31 11:38:56,311] {dagbag.py:500} INFO - Filling up the DagBag from /home/airflow/.local/lib/python3.6/site-packages/airflow/example_dags/example_time_delta_sensor_async.py
[2025-05-31 11:38:56,346] {processor.py:654} INFO - DAG(s) dict_keys(['example_time_delta_sensor_async']) retrieved from /home/airflow/.local/lib/python3.6/site-packages/airflow/example_dags/example_time_delta_sensor_async.py
[2025-05-31 11:38:56,359] {logging_mixin.py:109} INFO - [2025-05-31 11:38:56,358] {dag.py:2396} INFO - Sync 1 DAGs
[2025-05-31 11:38:56,382] {logging_mixin.py:109} INFO - [2025-05-31 11:38:56,382] {dag.py:2935} INFO - Setting next_dagrun for example_time_delta_sensor_async to None
[2025-05-31 11:38:56,395] {processor.py:171} INFO - Processing /home/airflow/.local/lib/python3.6/site-packages/airflow/example_dags/example_time_delta_sensor_async.py took 0.093 seconds
[2025-05-31 11:39:26,681] {processor.py:163} INFO - Started process (PID=19590) to work on /home/airflow/.local/lib/python3.6/site-packages/airflow/example_dags/example_time_delta_sensor_async.py
[2025-05-31 11:39:26,683] {processor.py:642} INFO - Processing file /home/airflow/.local/lib/python3.6/site-packages/airflow/example_dags/example_time_delta_sensor_async.py for tasks to queue
[2025-05-31 11:39:26,684] {logging_mixin.py:109} INFO - [2025-05-31 11:39:26,684] {dagbag.py:500} INFO - Filling up the DagBag from /home/airflow/.local/lib/python3.6/site-packages/airflow/example_dags/example_time_delta_sensor_async.py
[2025-05-31 11:39:26,719] {processor.py:654} INFO - DAG(s) dict_keys(['example_time_delta_sensor_async']) retrieved from /home/airflow/.local/lib/python3.6/site-packages/airflow/example_dags/example_time_delta_sensor_async.py
[2025-05-31 11:39:26,736] {logging_mixin.py:109} INFO - [2025-05-31 11:39:26,736] {dag.py:2396} INFO - Sync 1 DAGs
[2025-05-31 11:39:26,761] {logging_mixin.py:109} INFO - [2025-05-31 11:39:26,761] {dag.py:2935} INFO - Setting next_dagrun for example_time_delta_sensor_async to None
[2025-05-31 11:39:26,773] {processor.py:171} INFO - Processing /home/airflow/.local/lib/python3.6/site-packages/airflow/example_dags/example_time_delta_sensor_async.py took 0.095 seconds
[2025-05-31 11:39:57,285] {processor.py:163} INFO - Started process (PID=19783) to work on /home/airflow/.local/lib/python3.6/site-packages/airflow/example_dags/example_time_delta_sensor_async.py
[2025-05-31 11:39:57,288] {processor.py:642} INFO - Processing file /home/airflow/.local/lib/python3.6/site-packages/airflow/example_dags/example_time_delta_sensor_async.py for tasks to queue
[2025-05-31 11:39:57,289] {logging_mixin.py:109} INFO - [2025-05-31 11:39:57,289] {dagbag.py:500} INFO - Filling up the DagBag from /home/airflow/.local/lib/python3.6/site-packages/airflow/example_dags/example_time_delta_sensor_async.py
[2025-05-31 11:39:57,328] {processor.py:654} INFO - DAG(s) dict_keys(['example_time_delta_sensor_async']) retrieved from /home/airflow/.local/lib/python3.6/site-packages/airflow/example_dags/example_time_delta_sensor_async.py
[2025-05-31 11:39:57,344] {logging_mixin.py:109} INFO - [2025-05-31 11:39:57,344] {dag.py:2396} INFO - Sync 1 DAGs
[2025-05-31 11:39:57,376] {logging_mixin.py:109} INFO - [2025-05-31 11:39:57,376] {dag.py:2935} INFO - Setting next_dagrun for example_time_delta_sensor_async to None
[2025-05-31 11:39:57,391] {processor.py:171} INFO - Processing /home/airflow/.local/lib/python3.6/site-packages/airflow/example_dags/example_time_delta_sensor_async.py took 0.112 seconds
[2025-05-31 11:40:28,385] {processor.py:163} INFO - Started process (PID=19969) to work on /home/airflow/.local/lib/python3.6/site-packages/airflow/example_dags/example_time_delta_sensor_async.py
[2025-05-31 11:40:28,387] {processor.py:642} INFO - Processing file /home/airflow/.local/lib/python3.6/site-packages/airflow/example_dags/example_time_delta_sensor_async.py for tasks to queue
[2025-05-31 11:40:28,388] {logging_mixin.py:109} INFO - [2025-05-31 11:40:28,388] {dagbag.py:500} INFO - Filling up the DagBag from /home/airflow/.local/lib/python3.6/site-packages/airflow/example_dags/example_time_delta_sensor_async.py
[2025-05-31 11:40:28,421] {processor.py:654} INFO - DAG(s) dict_keys(['example_time_delta_sensor_async']) retrieved from /home/airflow/.local/lib/python3.6/site-packages/airflow/example_dags/example_time_delta_sensor_async.py
[2025-05-31 11:40:28,433] {logging_mixin.py:109} INFO - [2025-05-31 11:40:28,433] {dag.py:2396} INFO - Sync 1 DAGs
[2025-05-31 11:40:28,454] {logging_mixin.py:109} INFO - [2025-05-31 11:40:28,454] {dag.py:2935} INFO - Setting next_dagrun for example_time_delta_sensor_async to None
[2025-05-31 11:40:28,467] {processor.py:171} INFO - Processing /home/airflow/.local/lib/python3.6/site-packages/airflow/example_dags/example_time_delta_sensor_async.py took 0.085 seconds
[2025-05-31 11:40:59,630] {processor.py:163} INFO - Started process (PID=20162) to work on /home/airflow/.local/lib/python3.6/site-packages/airflow/example_dags/example_time_delta_sensor_async.py
[2025-05-31 11:40:59,632] {processor.py:642} INFO - Processing file /home/airflow/.local/lib/python3.6/site-packages/airflow/example_dags/example_time_delta_sensor_async.py for tasks to queue
[2025-05-31 11:40:59,634] {logging_mixin.py:109} INFO - [2025-05-31 11:40:59,633] {dagbag.py:500} INFO - Filling up the DagBag from /home/airflow/.local/lib/python3.6/site-packages/airflow/example_dags/example_time_delta_sensor_async.py
[2025-05-31 11:40:59,676] {processor.py:654} INFO - DAG(s) dict_keys(['example_time_delta_sensor_async']) retrieved from /home/airflow/.local/lib/python3.6/site-packages/airflow/example_dags/example_time_delta_sensor_async.py
[2025-05-31 11:40:59,694] {logging_mixin.py:109} INFO - [2025-05-31 11:40:59,694] {dag.py:2396} INFO - Sync 1 DAGs
[2025-05-31 11:40:59,723] {logging_mixin.py:109} INFO - [2025-05-31 11:40:59,723] {dag.py:2935} INFO - Setting next_dagrun for example_time_delta_sensor_async to None
[2025-05-31 11:40:59,738] {processor.py:171} INFO - Processing /home/airflow/.local/lib/python3.6/site-packages/airflow/example_dags/example_time_delta_sensor_async.py took 0.112 seconds
[2025-05-31 11:41:30,682] {processor.py:163} INFO - Started process (PID=20347) to work on /home/airflow/.local/lib/python3.6/site-packages/airflow/example_dags/example_time_delta_sensor_async.py
[2025-05-31 11:41:30,684] {processor.py:642} INFO - Processing file /home/airflow/.local/lib/python3.6/site-packages/airflow/example_dags/example_time_delta_sensor_async.py for tasks to queue
[2025-05-31 11:41:30,685] {logging_mixin.py:109} INFO - [2025-05-31 11:41:30,685] {dagbag.py:500} INFO - Filling up the DagBag from /home/airflow/.local/lib/python3.6/site-packages/airflow/example_dags/example_time_delta_sensor_async.py
[2025-05-31 11:41:30,722] {processor.py:654} INFO - DAG(s) dict_keys(['example_time_delta_sensor_async']) retrieved from /home/airflow/.local/lib/python3.6/site-packages/airflow/example_dags/example_time_delta_sensor_async.py
[2025-05-31 11:41:30,736] {logging_mixin.py:109} INFO - [2025-05-31 11:41:30,736] {dag.py:2396} INFO - Sync 1 DAGs
[2025-05-31 11:41:30,761] {logging_mixin.py:109} INFO - [2025-05-31 11:41:30,761] {dag.py:2935} INFO - Setting next_dagrun for example_time_delta_sensor_async to None
[2025-05-31 11:41:30,775] {processor.py:171} INFO - Processing /home/airflow/.local/lib/python3.6/site-packages/airflow/example_dags/example_time_delta_sensor_async.py took 0.098 seconds
[2025-05-31 11:42:01,756] {processor.py:163} INFO - Started process (PID=20532) to work on /home/airflow/.local/lib/python3.6/site-packages/airflow/example_dags/example_time_delta_sensor_async.py
[2025-05-31 11:42:01,757] {processor.py:642} INFO - Processing file /home/airflow/.local/lib/python3.6/site-packages/airflow/example_dags/example_time_delta_sensor_async.py for tasks to queue
[2025-05-31 11:42:01,758] {logging_mixin.py:109} INFO - [2025-05-31 11:42:01,758] {dagbag.py:500} INFO - Filling up the DagBag from /home/airflow/.local/lib/python3.6/site-packages/airflow/example_dags/example_time_delta_sensor_async.py
[2025-05-31 11:42:01,790] {processor.py:654} INFO - DAG(s) dict_keys(['example_time_delta_sensor_async']) retrieved from /home/airflow/.local/lib/python3.6/site-packages/airflow/example_dags/example_time_delta_sensor_async.py
[2025-05-31 11:42:01,802] {logging_mixin.py:109} INFO - [2025-05-31 11:42:01,802] {dag.py:2396} INFO - Sync 1 DAGs
[2025-05-31 11:42:01,824] {logging_mixin.py:109} INFO - [2025-05-31 11:42:01,824] {dag.py:2935} INFO - Setting next_dagrun for example_time_delta_sensor_async to None
[2025-05-31 11:42:01,836] {processor.py:171} INFO - Processing /home/airflow/.local/lib/python3.6/site-packages/airflow/example_dags/example_time_delta_sensor_async.py took 0.084 seconds
[2025-05-31 11:42:32,298] {processor.py:163} INFO - Started process (PID=20727) to work on /home/airflow/.local/lib/python3.6/site-packages/airflow/example_dags/example_time_delta_sensor_async.py
[2025-05-31 11:42:32,300] {processor.py:642} INFO - Processing file /home/airflow/.local/lib/python3.6/site-packages/airflow/example_dags/example_time_delta_sensor_async.py for tasks to queue
[2025-05-31 11:42:32,301] {logging_mixin.py:109} INFO - [2025-05-31 11:42:32,301] {dagbag.py:500} INFO - Filling up the DagBag from /home/airflow/.local/lib/python3.6/site-packages/airflow/example_dags/example_time_delta_sensor_async.py
[2025-05-31 11:42:32,340] {processor.py:654} INFO - DAG(s) dict_keys(['example_time_delta_sensor_async']) retrieved from /home/airflow/.local/lib/python3.6/site-packages/airflow/example_dags/example_time_delta_sensor_async.py
[2025-05-31 11:42:32,354] {logging_mixin.py:109} INFO - [2025-05-31 11:42:32,354] {dag.py:2396} INFO - Sync 1 DAGs
[2025-05-31 11:42:32,377] {logging_mixin.py:109} INFO - [2025-05-31 11:42:32,377] {dag.py:2935} INFO - Setting next_dagrun for example_time_delta_sensor_async to None
[2025-05-31 11:42:32,389] {processor.py:171} INFO - Processing /home/airflow/.local/lib/python3.6/site-packages/airflow/example_dags/example_time_delta_sensor_async.py took 0.096 seconds
[2025-05-31 11:43:03,562] {processor.py:163} INFO - Started process (PID=20914) to work on /home/airflow/.local/lib/python3.6/site-packages/airflow/example_dags/example_time_delta_sensor_async.py
[2025-05-31 11:43:03,564] {processor.py:642} INFO - Processing file /home/airflow/.local/lib/python3.6/site-packages/airflow/example_dags/example_time_delta_sensor_async.py for tasks to queue
[2025-05-31 11:43:03,565] {logging_mixin.py:109} INFO - [2025-05-31 11:43:03,565] {dagbag.py:500} INFO - Filling up the DagBag from /home/airflow/.local/lib/python3.6/site-packages/airflow/example_dags/example_time_delta_sensor_async.py
[2025-05-31 11:43:03,599] {processor.py:654} INFO - DAG(s) dict_keys(['example_time_delta_sensor_async']) retrieved from /home/airflow/.local/lib/python3.6/site-packages/airflow/example_dags/example_time_delta_sensor_async.py
[2025-05-31 11:43:03,611] {logging_mixin.py:109} INFO - [2025-05-31 11:43:03,611] {dag.py:2396} INFO - Sync 1 DAGs
[2025-05-31 11:43:03,633] {logging_mixin.py:109} INFO - [2025-05-31 11:43:03,633] {dag.py:2935} INFO - Setting next_dagrun for example_time_delta_sensor_async to None
[2025-05-31 11:43:03,645] {processor.py:171} INFO - Processing /home/airflow/.local/lib/python3.6/site-packages/airflow/example_dags/example_time_delta_sensor_async.py took 0.087 seconds
[2025-05-31 11:43:34,104] {processor.py:163} INFO - Started process (PID=21107) to work on /home/airflow/.local/lib/python3.6/site-packages/airflow/example_dags/example_time_delta_sensor_async.py
[2025-05-31 11:43:34,106] {processor.py:642} INFO - Processing file /home/airflow/.local/lib/python3.6/site-packages/airflow/example_dags/example_time_delta_sensor_async.py for tasks to queue
[2025-05-31 11:43:34,107] {logging_mixin.py:109} INFO - [2025-05-31 11:43:34,107] {dagbag.py:500} INFO - Filling up the DagBag from /home/airflow/.local/lib/python3.6/site-packages/airflow/example_dags/example_time_delta_sensor_async.py
[2025-05-31 11:43:34,146] {processor.py:654} INFO - DAG(s) dict_keys(['example_time_delta_sensor_async']) retrieved from /home/airflow/.local/lib/python3.6/site-packages/airflow/example_dags/example_time_delta_sensor_async.py
[2025-05-31 11:43:34,160] {logging_mixin.py:109} INFO - [2025-05-31 11:43:34,160] {dag.py:2396} INFO - Sync 1 DAGs
[2025-05-31 11:43:34,186] {logging_mixin.py:109} INFO - [2025-05-31 11:43:34,186] {dag.py:2935} INFO - Setting next_dagrun for example_time_delta_sensor_async to None
[2025-05-31 11:43:34,199] {processor.py:171} INFO - Processing /home/airflow/.local/lib/python3.6/site-packages/airflow/example_dags/example_time_delta_sensor_async.py took 0.101 seconds
[2025-05-31 11:44:04,836] {processor.py:163} INFO - Started process (PID=21292) to work on /home/airflow/.local/lib/python3.6/site-packages/airflow/example_dags/example_time_delta_sensor_async.py
[2025-05-31 11:44:04,838] {processor.py:642} INFO - Processing file /home/airflow/.local/lib/python3.6/site-packages/airflow/example_dags/example_time_delta_sensor_async.py for tasks to queue
[2025-05-31 11:44:04,840] {logging_mixin.py:109} INFO - [2025-05-31 11:44:04,839] {dagbag.py:500} INFO - Filling up the DagBag from /home/airflow/.local/lib/python3.6/site-packages/airflow/example_dags/example_time_delta_sensor_async.py
[2025-05-31 11:44:04,875] {processor.py:654} INFO - DAG(s) dict_keys(['example_time_delta_sensor_async']) retrieved from /home/airflow/.local/lib/python3.6/site-packages/airflow/example_dags/example_time_delta_sensor_async.py
[2025-05-31 11:44:04,889] {logging_mixin.py:109} INFO - [2025-05-31 11:44:04,889] {dag.py:2396} INFO - Sync 1 DAGs
[2025-05-31 11:44:04,914] {logging_mixin.py:109} INFO - [2025-05-31 11:44:04,914] {dag.py:2935} INFO - Setting next_dagrun for example_time_delta_sensor_async to None
[2025-05-31 11:44:04,927] {processor.py:171} INFO - Processing /home/airflow/.local/lib/python3.6/site-packages/airflow/example_dags/example_time_delta_sensor_async.py took 0.097 seconds
[2025-05-31 11:44:35,746] {processor.py:163} INFO - Started process (PID=21490) to work on /home/airflow/.local/lib/python3.6/site-packages/airflow/example_dags/example_time_delta_sensor_async.py
[2025-05-31 11:44:35,748] {processor.py:642} INFO - Processing file /home/airflow/.local/lib/python3.6/site-packages/airflow/example_dags/example_time_delta_sensor_async.py for tasks to queue
[2025-05-31 11:44:35,749] {logging_mixin.py:109} INFO - [2025-05-31 11:44:35,749] {dagbag.py:500} INFO - Filling up the DagBag from /home/airflow/.local/lib/python3.6/site-packages/airflow/example_dags/example_time_delta_sensor_async.py
[2025-05-31 11:44:35,782] {processor.py:654} INFO - DAG(s) dict_keys(['example_time_delta_sensor_async']) retrieved from /home/airflow/.local/lib/python3.6/site-packages/airflow/example_dags/example_time_delta_sensor_async.py
[2025-05-31 11:44:35,795] {logging_mixin.py:109} INFO - [2025-05-31 11:44:35,795] {dag.py:2396} INFO - Sync 1 DAGs
[2025-05-31 11:44:35,817] {logging_mixin.py:109} INFO - [2025-05-31 11:44:35,817] {dag.py:2935} INFO - Setting next_dagrun for example_time_delta_sensor_async to None
[2025-05-31 11:44:35,829] {processor.py:171} INFO - Processing /home/airflow/.local/lib/python3.6/site-packages/airflow/example_dags/example_time_delta_sensor_async.py took 0.087 seconds
[2025-05-31 11:45:06,510] {processor.py:163} INFO - Started process (PID=21675) to work on /home/airflow/.local/lib/python3.6/site-packages/airflow/example_dags/example_time_delta_sensor_async.py
[2025-05-31 11:45:06,512] {processor.py:642} INFO - Processing file /home/airflow/.local/lib/python3.6/site-packages/airflow/example_dags/example_time_delta_sensor_async.py for tasks to queue
[2025-05-31 11:45:06,513] {logging_mixin.py:109} INFO - [2025-05-31 11:45:06,513] {dagbag.py:500} INFO - Filling up the DagBag from /home/airflow/.local/lib/python3.6/site-packages/airflow/example_dags/example_time_delta_sensor_async.py
[2025-05-31 11:45:06,546] {processor.py:654} INFO - DAG(s) dict_keys(['example_time_delta_sensor_async']) retrieved from /home/airflow/.local/lib/python3.6/site-packages/airflow/example_dags/example_time_delta_sensor_async.py
[2025-05-31 11:45:06,559] {logging_mixin.py:109} INFO - [2025-05-31 11:45:06,559] {dag.py:2396} INFO - Sync 1 DAGs
[2025-05-31 11:45:06,582] {logging_mixin.py:109} INFO - [2025-05-31 11:45:06,582] {dag.py:2935} INFO - Setting next_dagrun for example_time_delta_sensor_async to None
[2025-05-31 11:45:06,594] {processor.py:171} INFO - Processing /home/airflow/.local/lib/python3.6/site-packages/airflow/example_dags/example_time_delta_sensor_async.py took 0.089 seconds
[2025-05-31 11:45:37,027] {processor.py:163} INFO - Started process (PID=21860) to work on /home/airflow/.local/lib/python3.6/site-packages/airflow/example_dags/example_time_delta_sensor_async.py
[2025-05-31 11:45:37,029] {processor.py:642} INFO - Processing file /home/airflow/.local/lib/python3.6/site-packages/airflow/example_dags/example_time_delta_sensor_async.py for tasks to queue
[2025-05-31 11:45:37,030] {logging_mixin.py:109} INFO - [2025-05-31 11:45:37,029] {dagbag.py:500} INFO - Filling up the DagBag from /home/airflow/.local/lib/python3.6/site-packages/airflow/example_dags/example_time_delta_sensor_async.py
[2025-05-31 11:45:37,061] {processor.py:654} INFO - DAG(s) dict_keys(['example_time_delta_sensor_async']) retrieved from /home/airflow/.local/lib/python3.6/site-packages/airflow/example_dags/example_time_delta_sensor_async.py
[2025-05-31 11:45:37,073] {logging_mixin.py:109} INFO - [2025-05-31 11:45:37,073] {dag.py:2396} INFO - Sync 1 DAGs
[2025-05-31 11:45:37,093] {logging_mixin.py:109} INFO - [2025-05-31 11:45:37,093] {dag.py:2935} INFO - Setting next_dagrun for example_time_delta_sensor_async to None
[2025-05-31 11:45:37,104] {processor.py:171} INFO - Processing /home/airflow/.local/lib/python3.6/site-packages/airflow/example_dags/example_time_delta_sensor_async.py took 0.092 seconds
[2025-05-31 11:46:07,919] {processor.py:163} INFO - Started process (PID=22053) to work on /home/airflow/.local/lib/python3.6/site-packages/airflow/example_dags/example_time_delta_sensor_async.py
[2025-05-31 11:46:07,921] {processor.py:642} INFO - Processing file /home/airflow/.local/lib/python3.6/site-packages/airflow/example_dags/example_time_delta_sensor_async.py for tasks to queue
[2025-05-31 11:46:07,923] {logging_mixin.py:109} INFO - [2025-05-31 11:46:07,922] {dagbag.py:500} INFO - Filling up the DagBag from /home/airflow/.local/lib/python3.6/site-packages/airflow/example_dags/example_time_delta_sensor_async.py
[2025-05-31 11:46:07,972] {processor.py:654} INFO - DAG(s) dict_keys(['example_time_delta_sensor_async']) retrieved from /home/airflow/.local/lib/python3.6/site-packages/airflow/example_dags/example_time_delta_sensor_async.py
[2025-05-31 11:46:07,995] {logging_mixin.py:109} INFO - [2025-05-31 11:46:07,994] {dag.py:2396} INFO - Sync 1 DAGs
[2025-05-31 11:46:08,038] {logging_mixin.py:109} INFO - [2025-05-31 11:46:08,038] {dag.py:2935} INFO - Setting next_dagrun for example_time_delta_sensor_async to None
[2025-05-31 11:46:08,060] {processor.py:171} INFO - Processing /home/airflow/.local/lib/python3.6/site-packages/airflow/example_dags/example_time_delta_sensor_async.py took 0.146 seconds
[2025-05-31 11:46:38,959] {processor.py:163} INFO - Started process (PID=22240) to work on /home/airflow/.local/lib/python3.6/site-packages/airflow/example_dags/example_time_delta_sensor_async.py
[2025-05-31 11:46:38,961] {processor.py:642} INFO - Processing file /home/airflow/.local/lib/python3.6/site-packages/airflow/example_dags/example_time_delta_sensor_async.py for tasks to queue
[2025-05-31 11:46:38,962] {logging_mixin.py:109} INFO - [2025-05-31 11:46:38,962] {dagbag.py:500} INFO - Filling up the DagBag from /home/airflow/.local/lib/python3.6/site-packages/airflow/example_dags/example_time_delta_sensor_async.py
[2025-05-31 11:46:38,991] {processor.py:654} INFO - DAG(s) dict_keys(['example_time_delta_sensor_async']) retrieved from /home/airflow/.local/lib/python3.6/site-packages/airflow/example_dags/example_time_delta_sensor_async.py
[2025-05-31 11:46:39,003] {logging_mixin.py:109} INFO - [2025-05-31 11:46:39,003] {dag.py:2396} INFO - Sync 1 DAGs
[2025-05-31 11:46:39,024] {logging_mixin.py:109} INFO - [2025-05-31 11:46:39,024] {dag.py:2935} INFO - Setting next_dagrun for example_time_delta_sensor_async to None
[2025-05-31 11:46:39,036] {processor.py:171} INFO - Processing /home/airflow/.local/lib/python3.6/site-packages/airflow/example_dags/example_time_delta_sensor_async.py took 0.080 seconds
[2025-05-31 11:47:10,154] {processor.py:163} INFO - Started process (PID=22432) to work on /home/airflow/.local/lib/python3.6/site-packages/airflow/example_dags/example_time_delta_sensor_async.py
[2025-05-31 11:47:10,157] {processor.py:642} INFO - Processing file /home/airflow/.local/lib/python3.6/site-packages/airflow/example_dags/example_time_delta_sensor_async.py for tasks to queue
[2025-05-31 11:47:10,159] {logging_mixin.py:109} INFO - [2025-05-31 11:47:10,159] {dagbag.py:500} INFO - Filling up the DagBag from /home/airflow/.local/lib/python3.6/site-packages/airflow/example_dags/example_time_delta_sensor_async.py
[2025-05-31 11:47:10,198] {processor.py:654} INFO - DAG(s) dict_keys(['example_time_delta_sensor_async']) retrieved from /home/airflow/.local/lib/python3.6/site-packages/airflow/example_dags/example_time_delta_sensor_async.py
[2025-05-31 11:47:10,219] {logging_mixin.py:109} INFO - [2025-05-31 11:47:10,219] {dag.py:2396} INFO - Sync 1 DAGs
[2025-05-31 11:47:10,244] {logging_mixin.py:109} INFO - [2025-05-31 11:47:10,244] {dag.py:2935} INFO - Setting next_dagrun for example_time_delta_sensor_async to None
[2025-05-31 11:47:10,256] {processor.py:171} INFO - Processing /home/airflow/.local/lib/python3.6/site-packages/airflow/example_dags/example_time_delta_sensor_async.py took 0.109 seconds
[2025-05-31 11:47:41,241] {processor.py:163} INFO - Started process (PID=22620) to work on /home/airflow/.local/lib/python3.6/site-packages/airflow/example_dags/example_time_delta_sensor_async.py
[2025-05-31 11:47:41,243] {processor.py:642} INFO - Processing file /home/airflow/.local/lib/python3.6/site-packages/airflow/example_dags/example_time_delta_sensor_async.py for tasks to queue
[2025-05-31 11:47:41,244] {logging_mixin.py:109} INFO - [2025-05-31 11:47:41,244] {dagbag.py:500} INFO - Filling up the DagBag from /home/airflow/.local/lib/python3.6/site-packages/airflow/example_dags/example_time_delta_sensor_async.py
[2025-05-31 11:47:41,278] {processor.py:654} INFO - DAG(s) dict_keys(['example_time_delta_sensor_async']) retrieved from /home/airflow/.local/lib/python3.6/site-packages/airflow/example_dags/example_time_delta_sensor_async.py
[2025-05-31 11:47:41,291] {logging_mixin.py:109} INFO - [2025-05-31 11:47:41,291] {dag.py:2396} INFO - Sync 1 DAGs
[2025-05-31 11:47:41,315] {logging_mixin.py:109} INFO - [2025-05-31 11:47:41,315] {dag.py:2935} INFO - Setting next_dagrun for example_time_delta_sensor_async to None
[2025-05-31 11:47:41,329] {processor.py:171} INFO - Processing /home/airflow/.local/lib/python3.6/site-packages/airflow/example_dags/example_time_delta_sensor_async.py took 0.091 seconds
[2025-05-31 11:48:12,390] {processor.py:163} INFO - Started process (PID=22805) to work on /home/airflow/.local/lib/python3.6/site-packages/airflow/example_dags/example_time_delta_sensor_async.py
[2025-05-31 11:48:12,392] {processor.py:642} INFO - Processing file /home/airflow/.local/lib/python3.6/site-packages/airflow/example_dags/example_time_delta_sensor_async.py for tasks to queue
[2025-05-31 11:48:12,393] {logging_mixin.py:109} INFO - [2025-05-31 11:48:12,392] {dagbag.py:500} INFO - Filling up the DagBag from /home/airflow/.local/lib/python3.6/site-packages/airflow/example_dags/example_time_delta_sensor_async.py
[2025-05-31 11:48:12,423] {processor.py:654} INFO - DAG(s) dict_keys(['example_time_delta_sensor_async']) retrieved from /home/airflow/.local/lib/python3.6/site-packages/airflow/example_dags/example_time_delta_sensor_async.py
[2025-05-31 11:48:12,436] {logging_mixin.py:109} INFO - [2025-05-31 11:48:12,435] {dag.py:2396} INFO - Sync 1 DAGs
[2025-05-31 11:48:12,456] {logging_mixin.py:109} INFO - [2025-05-31 11:48:12,456] {dag.py:2935} INFO - Setting next_dagrun for example_time_delta_sensor_async to None
[2025-05-31 11:48:12,467] {processor.py:171} INFO - Processing /home/airflow/.local/lib/python3.6/site-packages/airflow/example_dags/example_time_delta_sensor_async.py took 0.082 seconds
[2025-05-31 11:48:43,591] {processor.py:163} INFO - Started process (PID=23000) to work on /home/airflow/.local/lib/python3.6/site-packages/airflow/example_dags/example_time_delta_sensor_async.py
[2025-05-31 11:48:43,593] {processor.py:642} INFO - Processing file /home/airflow/.local/lib/python3.6/site-packages/airflow/example_dags/example_time_delta_sensor_async.py for tasks to queue
[2025-05-31 11:48:43,594] {logging_mixin.py:109} INFO - [2025-05-31 11:48:43,594] {dagbag.py:500} INFO - Filling up the DagBag from /home/airflow/.local/lib/python3.6/site-packages/airflow/example_dags/example_time_delta_sensor_async.py
[2025-05-31 11:48:43,625] {processor.py:654} INFO - DAG(s) dict_keys(['example_time_delta_sensor_async']) retrieved from /home/airflow/.local/lib/python3.6/site-packages/airflow/example_dags/example_time_delta_sensor_async.py
[2025-05-31 11:48:43,639] {logging_mixin.py:109} INFO - [2025-05-31 11:48:43,639] {dag.py:2396} INFO - Sync 1 DAGs
[2025-05-31 11:48:43,661] {logging_mixin.py:109} INFO - [2025-05-31 11:48:43,661] {dag.py:2935} INFO - Setting next_dagrun for example_time_delta_sensor_async to None
[2025-05-31 11:48:43,674] {processor.py:171} INFO - Processing /home/airflow/.local/lib/python3.6/site-packages/airflow/example_dags/example_time_delta_sensor_async.py took 0.087 seconds
[2025-05-31 11:49:14,677] {processor.py:163} INFO - Started process (PID=23185) to work on /home/airflow/.local/lib/python3.6/site-packages/airflow/example_dags/example_time_delta_sensor_async.py
[2025-05-31 11:49:14,678] {processor.py:642} INFO - Processing file /home/airflow/.local/lib/python3.6/site-packages/airflow/example_dags/example_time_delta_sensor_async.py for tasks to queue
[2025-05-31 11:49:14,680] {logging_mixin.py:109} INFO - [2025-05-31 11:49:14,679] {dagbag.py:500} INFO - Filling up the DagBag from /home/airflow/.local/lib/python3.6/site-packages/airflow/example_dags/example_time_delta_sensor_async.py
[2025-05-31 11:49:14,713] {processor.py:654} INFO - DAG(s) dict_keys(['example_time_delta_sensor_async']) retrieved from /home/airflow/.local/lib/python3.6/site-packages/airflow/example_dags/example_time_delta_sensor_async.py
[2025-05-31 11:49:14,727] {logging_mixin.py:109} INFO - [2025-05-31 11:49:14,727] {dag.py:2396} INFO - Sync 1 DAGs
[2025-05-31 11:49:14,748] {logging_mixin.py:109} INFO - [2025-05-31 11:49:14,748] {dag.py:2935} INFO - Setting next_dagrun for example_time_delta_sensor_async to None
[2025-05-31 11:49:14,759] {processor.py:171} INFO - Processing /home/airflow/.local/lib/python3.6/site-packages/airflow/example_dags/example_time_delta_sensor_async.py took 0.087 seconds
[2025-05-31 11:49:46,007] {processor.py:163} INFO - Started process (PID=23383) to work on /home/airflow/.local/lib/python3.6/site-packages/airflow/example_dags/example_time_delta_sensor_async.py
[2025-05-31 11:49:46,010] {processor.py:642} INFO - Processing file /home/airflow/.local/lib/python3.6/site-packages/airflow/example_dags/example_time_delta_sensor_async.py for tasks to queue
[2025-05-31 11:49:46,011] {logging_mixin.py:109} INFO - [2025-05-31 11:49:46,011] {dagbag.py:500} INFO - Filling up the DagBag from /home/airflow/.local/lib/python3.6/site-packages/airflow/example_dags/example_time_delta_sensor_async.py
[2025-05-31 11:49:46,054] {processor.py:654} INFO - DAG(s) dict_keys(['example_time_delta_sensor_async']) retrieved from /home/airflow/.local/lib/python3.6/site-packages/airflow/example_dags/example_time_delta_sensor_async.py
[2025-05-31 11:49:46,070] {logging_mixin.py:109} INFO - [2025-05-31 11:49:46,070] {dag.py:2396} INFO - Sync 1 DAGs
[2025-05-31 11:49:46,092] {logging_mixin.py:109} INFO - [2025-05-31 11:49:46,092] {dag.py:2935} INFO - Setting next_dagrun for example_time_delta_sensor_async to None
[2025-05-31 11:49:46,104] {processor.py:171} INFO - Processing /home/airflow/.local/lib/python3.6/site-packages/airflow/example_dags/example_time_delta_sensor_async.py took 0.104 seconds
[2025-05-31 11:50:16,687] {processor.py:163} INFO - Started process (PID=23568) to work on /home/airflow/.local/lib/python3.6/site-packages/airflow/example_dags/example_time_delta_sensor_async.py
[2025-05-31 11:50:16,689] {processor.py:642} INFO - Processing file /home/airflow/.local/lib/python3.6/site-packages/airflow/example_dags/example_time_delta_sensor_async.py for tasks to queue
[2025-05-31 11:50:16,691] {logging_mixin.py:109} INFO - [2025-05-31 11:50:16,691] {dagbag.py:500} INFO - Filling up the DagBag from /home/airflow/.local/lib/python3.6/site-packages/airflow/example_dags/example_time_delta_sensor_async.py
[2025-05-31 11:50:16,733] {processor.py:654} INFO - DAG(s) dict_keys(['example_time_delta_sensor_async']) retrieved from /home/airflow/.local/lib/python3.6/site-packages/airflow/example_dags/example_time_delta_sensor_async.py
[2025-05-31 11:50:16,750] {logging_mixin.py:109} INFO - [2025-05-31 11:50:16,750] {dag.py:2396} INFO - Sync 1 DAGs
[2025-05-31 11:50:16,785] {logging_mixin.py:109} INFO - [2025-05-31 11:50:16,785] {dag.py:2935} INFO - Setting next_dagrun for example_time_delta_sensor_async to None
[2025-05-31 11:50:16,803] {processor.py:171} INFO - Processing /home/airflow/.local/lib/python3.6/site-packages/airflow/example_dags/example_time_delta_sensor_async.py took 0.122 seconds
[2025-05-31 11:50:48,123] {processor.py:163} INFO - Started process (PID=23763) to work on /home/airflow/.local/lib/python3.6/site-packages/airflow/example_dags/example_time_delta_sensor_async.py
[2025-05-31 11:50:48,126] {processor.py:642} INFO - Processing file /home/airflow/.local/lib/python3.6/site-packages/airflow/example_dags/example_time_delta_sensor_async.py for tasks to queue
[2025-05-31 11:50:48,127] {logging_mixin.py:109} INFO - [2025-05-31 11:50:48,127] {dagbag.py:500} INFO - Filling up the DagBag from /home/airflow/.local/lib/python3.6/site-packages/airflow/example_dags/example_time_delta_sensor_async.py
[2025-05-31 11:50:48,176] {processor.py:654} INFO - DAG(s) dict_keys(['example_time_delta_sensor_async']) retrieved from /home/airflow/.local/lib/python3.6/site-packages/airflow/example_dags/example_time_delta_sensor_async.py
[2025-05-31 11:50:48,193] {logging_mixin.py:109} INFO - [2025-05-31 11:50:48,193] {dag.py:2396} INFO - Sync 1 DAGs
[2025-05-31 11:50:48,226] {logging_mixin.py:109} INFO - [2025-05-31 11:50:48,226] {dag.py:2935} INFO - Setting next_dagrun for example_time_delta_sensor_async to None
[2025-05-31 11:50:48,241] {processor.py:171} INFO - Processing /home/airflow/.local/lib/python3.6/site-packages/airflow/example_dags/example_time_delta_sensor_async.py took 0.127 seconds
[2025-05-31 11:51:18,981] {processor.py:163} INFO - Started process (PID=23948) to work on /home/airflow/.local/lib/python3.6/site-packages/airflow/example_dags/example_time_delta_sensor_async.py
[2025-05-31 11:51:18,983] {processor.py:642} INFO - Processing file /home/airflow/.local/lib/python3.6/site-packages/airflow/example_dags/example_time_delta_sensor_async.py for tasks to queue
[2025-05-31 11:51:18,984] {logging_mixin.py:109} INFO - [2025-05-31 11:51:18,983] {dagbag.py:500} INFO - Filling up the DagBag from /home/airflow/.local/lib/python3.6/site-packages/airflow/example_dags/example_time_delta_sensor_async.py
[2025-05-31 11:51:19,013] {processor.py:654} INFO - DAG(s) dict_keys(['example_time_delta_sensor_async']) retrieved from /home/airflow/.local/lib/python3.6/site-packages/airflow/example_dags/example_time_delta_sensor_async.py
[2025-05-31 11:51:19,024] {logging_mixin.py:109} INFO - [2025-05-31 11:51:19,024] {dag.py:2396} INFO - Sync 1 DAGs
[2025-05-31 11:51:19,047] {logging_mixin.py:109} INFO - [2025-05-31 11:51:19,047] {dag.py:2935} INFO - Setting next_dagrun for example_time_delta_sensor_async to None
[2025-05-31 11:51:19,060] {processor.py:171} INFO - Processing /home/airflow/.local/lib/python3.6/site-packages/airflow/example_dags/example_time_delta_sensor_async.py took 0.082 seconds
[2025-05-31 11:51:49,650] {processor.py:163} INFO - Started process (PID=24132) to work on /home/airflow/.local/lib/python3.6/site-packages/airflow/example_dags/example_time_delta_sensor_async.py
[2025-05-31 11:51:49,652] {processor.py:642} INFO - Processing file /home/airflow/.local/lib/python3.6/site-packages/airflow/example_dags/example_time_delta_sensor_async.py for tasks to queue
[2025-05-31 11:51:49,653] {logging_mixin.py:109} INFO - [2025-05-31 11:51:49,653] {dagbag.py:500} INFO - Filling up the DagBag from /home/airflow/.local/lib/python3.6/site-packages/airflow/example_dags/example_time_delta_sensor_async.py
[2025-05-31 11:51:49,690] {processor.py:654} INFO - DAG(s) dict_keys(['example_time_delta_sensor_async']) retrieved from /home/airflow/.local/lib/python3.6/site-packages/airflow/example_dags/example_time_delta_sensor_async.py
[2025-05-31 11:51:49,703] {logging_mixin.py:109} INFO - [2025-05-31 11:51:49,703] {dag.py:2396} INFO - Sync 1 DAGs
[2025-05-31 11:51:49,727] {logging_mixin.py:109} INFO - [2025-05-31 11:51:49,726] {dag.py:2935} INFO - Setting next_dagrun for example_time_delta_sensor_async to None
[2025-05-31 11:51:49,739] {processor.py:171} INFO - Processing /home/airflow/.local/lib/python3.6/site-packages/airflow/example_dags/example_time_delta_sensor_async.py took 0.092 seconds
[2025-05-31 11:52:20,683] {processor.py:163} INFO - Started process (PID=24327) to work on /home/airflow/.local/lib/python3.6/site-packages/airflow/example_dags/example_time_delta_sensor_async.py
[2025-05-31 11:52:20,685] {processor.py:642} INFO - Processing file /home/airflow/.local/lib/python3.6/site-packages/airflow/example_dags/example_time_delta_sensor_async.py for tasks to queue
[2025-05-31 11:52:20,686] {logging_mixin.py:109} INFO - [2025-05-31 11:52:20,686] {dagbag.py:500} INFO - Filling up the DagBag from /home/airflow/.local/lib/python3.6/site-packages/airflow/example_dags/example_time_delta_sensor_async.py
[2025-05-31 11:52:20,720] {processor.py:654} INFO - DAG(s) dict_keys(['example_time_delta_sensor_async']) retrieved from /home/airflow/.local/lib/python3.6/site-packages/airflow/example_dags/example_time_delta_sensor_async.py
[2025-05-31 11:52:20,735] {logging_mixin.py:109} INFO - [2025-05-31 11:52:20,735] {dag.py:2396} INFO - Sync 1 DAGs
[2025-05-31 11:52:20,761] {logging_mixin.py:109} INFO - [2025-05-31 11:52:20,761] {dag.py:2935} INFO - Setting next_dagrun for example_time_delta_sensor_async to None
[2025-05-31 11:52:20,774] {processor.py:171} INFO - Processing /home/airflow/.local/lib/python3.6/site-packages/airflow/example_dags/example_time_delta_sensor_async.py took 0.095 seconds
[2025-05-31 11:52:51,567] {processor.py:163} INFO - Started process (PID=24517) to work on /home/airflow/.local/lib/python3.6/site-packages/airflow/example_dags/example_time_delta_sensor_async.py
[2025-05-31 11:52:51,569] {processor.py:642} INFO - Processing file /home/airflow/.local/lib/python3.6/site-packages/airflow/example_dags/example_time_delta_sensor_async.py for tasks to queue
[2025-05-31 11:52:51,569] {logging_mixin.py:109} INFO - [2025-05-31 11:52:51,569] {dagbag.py:500} INFO - Filling up the DagBag from /home/airflow/.local/lib/python3.6/site-packages/airflow/example_dags/example_time_delta_sensor_async.py
[2025-05-31 11:52:51,601] {processor.py:654} INFO - DAG(s) dict_keys(['example_time_delta_sensor_async']) retrieved from /home/airflow/.local/lib/python3.6/site-packages/airflow/example_dags/example_time_delta_sensor_async.py
[2025-05-31 11:52:51,613] {logging_mixin.py:109} INFO - [2025-05-31 11:52:51,613] {dag.py:2396} INFO - Sync 1 DAGs
[2025-05-31 11:52:51,634] {logging_mixin.py:109} INFO - [2025-05-31 11:52:51,634] {dag.py:2935} INFO - Setting next_dagrun for example_time_delta_sensor_async to None
[2025-05-31 11:52:51,646] {processor.py:171} INFO - Processing /home/airflow/.local/lib/python3.6/site-packages/airflow/example_dags/example_time_delta_sensor_async.py took 0.083 seconds
[2025-05-31 11:53:22,978] {processor.py:163} INFO - Started process (PID=24714) to work on /home/airflow/.local/lib/python3.6/site-packages/airflow/example_dags/example_time_delta_sensor_async.py
[2025-05-31 11:53:22,980] {processor.py:642} INFO - Processing file /home/airflow/.local/lib/python3.6/site-packages/airflow/example_dags/example_time_delta_sensor_async.py for tasks to queue
[2025-05-31 11:53:22,982] {logging_mixin.py:109} INFO - [2025-05-31 11:53:22,982] {dagbag.py:500} INFO - Filling up the DagBag from /home/airflow/.local/lib/python3.6/site-packages/airflow/example_dags/example_time_delta_sensor_async.py
[2025-05-31 11:53:23,026] {processor.py:654} INFO - DAG(s) dict_keys(['example_time_delta_sensor_async']) retrieved from /home/airflow/.local/lib/python3.6/site-packages/airflow/example_dags/example_time_delta_sensor_async.py
[2025-05-31 11:53:23,043] {logging_mixin.py:109} INFO - [2025-05-31 11:53:23,043] {dag.py:2396} INFO - Sync 1 DAGs
[2025-05-31 11:53:23,071] {logging_mixin.py:109} INFO - [2025-05-31 11:53:23,071] {dag.py:2935} INFO - Setting next_dagrun for example_time_delta_sensor_async to None
[2025-05-31 11:53:23,090] {processor.py:171} INFO - Processing /home/airflow/.local/lib/python3.6/site-packages/airflow/example_dags/example_time_delta_sensor_async.py took 0.117 seconds
[2025-05-31 11:53:53,485] {processor.py:163} INFO - Started process (PID=24899) to work on /home/airflow/.local/lib/python3.6/site-packages/airflow/example_dags/example_time_delta_sensor_async.py
[2025-05-31 11:53:53,487] {processor.py:642} INFO - Processing file /home/airflow/.local/lib/python3.6/site-packages/airflow/example_dags/example_time_delta_sensor_async.py for tasks to queue
[2025-05-31 11:53:53,488] {logging_mixin.py:109} INFO - [2025-05-31 11:53:53,488] {dagbag.py:500} INFO - Filling up the DagBag from /home/airflow/.local/lib/python3.6/site-packages/airflow/example_dags/example_time_delta_sensor_async.py
[2025-05-31 11:53:53,518] {processor.py:654} INFO - DAG(s) dict_keys(['example_time_delta_sensor_async']) retrieved from /home/airflow/.local/lib/python3.6/site-packages/airflow/example_dags/example_time_delta_sensor_async.py
[2025-05-31 11:53:53,531] {logging_mixin.py:109} INFO - [2025-05-31 11:53:53,531] {dag.py:2396} INFO - Sync 1 DAGs
[2025-05-31 11:53:53,554] {logging_mixin.py:109} INFO - [2025-05-31 11:53:53,554] {dag.py:2935} INFO - Setting next_dagrun for example_time_delta_sensor_async to None
[2025-05-31 11:53:53,569] {processor.py:171} INFO - Processing /home/airflow/.local/lib/python3.6/site-packages/airflow/example_dags/example_time_delta_sensor_async.py took 0.087 seconds
[2025-05-31 11:54:23,852] {processor.py:163} INFO - Started process (PID=25082) to work on /home/airflow/.local/lib/python3.6/site-packages/airflow/example_dags/example_time_delta_sensor_async.py
[2025-05-31 11:54:23,854] {processor.py:642} INFO - Processing file /home/airflow/.local/lib/python3.6/site-packages/airflow/example_dags/example_time_delta_sensor_async.py for tasks to queue
[2025-05-31 11:54:23,855] {logging_mixin.py:109} INFO - [2025-05-31 11:54:23,855] {dagbag.py:500} INFO - Filling up the DagBag from /home/airflow/.local/lib/python3.6/site-packages/airflow/example_dags/example_time_delta_sensor_async.py
[2025-05-31 11:54:23,886] {processor.py:654} INFO - DAG(s) dict_keys(['example_time_delta_sensor_async']) retrieved from /home/airflow/.local/lib/python3.6/site-packages/airflow/example_dags/example_time_delta_sensor_async.py
[2025-05-31 11:54:23,898] {logging_mixin.py:109} INFO - [2025-05-31 11:54:23,898] {dag.py:2396} INFO - Sync 1 DAGs
[2025-05-31 11:54:23,921] {logging_mixin.py:109} INFO - [2025-05-31 11:54:23,921] {dag.py:2935} INFO - Setting next_dagrun for example_time_delta_sensor_async to None
[2025-05-31 11:54:23,933] {processor.py:171} INFO - Processing /home/airflow/.local/lib/python3.6/site-packages/airflow/example_dags/example_time_delta_sensor_async.py took 0.085 seconds
[2025-05-31 11:54:54,255] {processor.py:163} INFO - Started process (PID=25272) to work on /home/airflow/.local/lib/python3.6/site-packages/airflow/example_dags/example_time_delta_sensor_async.py
[2025-05-31 11:54:54,257] {processor.py:642} INFO - Processing file /home/airflow/.local/lib/python3.6/site-packages/airflow/example_dags/example_time_delta_sensor_async.py for tasks to queue
[2025-05-31 11:54:54,258] {logging_mixin.py:109} INFO - [2025-05-31 11:54:54,258] {dagbag.py:500} INFO - Filling up the DagBag from /home/airflow/.local/lib/python3.6/site-packages/airflow/example_dags/example_time_delta_sensor_async.py
[2025-05-31 11:54:54,290] {processor.py:654} INFO - DAG(s) dict_keys(['example_time_delta_sensor_async']) retrieved from /home/airflow/.local/lib/python3.6/site-packages/airflow/example_dags/example_time_delta_sensor_async.py
[2025-05-31 11:54:54,303] {logging_mixin.py:109} INFO - [2025-05-31 11:54:54,303] {dag.py:2396} INFO - Sync 1 DAGs
[2025-05-31 11:54:54,328] {logging_mixin.py:109} INFO - [2025-05-31 11:54:54,328] {dag.py:2935} INFO - Setting next_dagrun for example_time_delta_sensor_async to None
[2025-05-31 11:54:54,339] {processor.py:171} INFO - Processing /home/airflow/.local/lib/python3.6/site-packages/airflow/example_dags/example_time_delta_sensor_async.py took 0.088 seconds
[2025-05-31 11:55:25,140] {processor.py:163} INFO - Started process (PID=25459) to work on /home/airflow/.local/lib/python3.6/site-packages/airflow/example_dags/example_time_delta_sensor_async.py
[2025-05-31 11:55:25,141] {processor.py:642} INFO - Processing file /home/airflow/.local/lib/python3.6/site-packages/airflow/example_dags/example_time_delta_sensor_async.py for tasks to queue
[2025-05-31 11:55:25,142] {logging_mixin.py:109} INFO - [2025-05-31 11:55:25,142] {dagbag.py:500} INFO - Filling up the DagBag from /home/airflow/.local/lib/python3.6/site-packages/airflow/example_dags/example_time_delta_sensor_async.py
[2025-05-31 11:55:25,171] {processor.py:654} INFO - DAG(s) dict_keys(['example_time_delta_sensor_async']) retrieved from /home/airflow/.local/lib/python3.6/site-packages/airflow/example_dags/example_time_delta_sensor_async.py
[2025-05-31 11:55:25,182] {logging_mixin.py:109} INFO - [2025-05-31 11:55:25,182] {dag.py:2396} INFO - Sync 1 DAGs
[2025-05-31 11:55:25,203] {logging_mixin.py:109} INFO - [2025-05-31 11:55:25,202] {dag.py:2935} INFO - Setting next_dagrun for example_time_delta_sensor_async to None
[2025-05-31 11:55:25,213] {processor.py:171} INFO - Processing /home/airflow/.local/lib/python3.6/site-packages/airflow/example_dags/example_time_delta_sensor_async.py took 0.077 seconds
[2025-05-31 11:55:55,477] {processor.py:163} INFO - Started process (PID=25654) to work on /home/airflow/.local/lib/python3.6/site-packages/airflow/example_dags/example_time_delta_sensor_async.py
[2025-05-31 11:55:55,478] {processor.py:642} INFO - Processing file /home/airflow/.local/lib/python3.6/site-packages/airflow/example_dags/example_time_delta_sensor_async.py for tasks to queue
[2025-05-31 11:55:55,479] {logging_mixin.py:109} INFO - [2025-05-31 11:55:55,479] {dagbag.py:500} INFO - Filling up the DagBag from /home/airflow/.local/lib/python3.6/site-packages/airflow/example_dags/example_time_delta_sensor_async.py
[2025-05-31 11:55:55,523] {processor.py:654} INFO - DAG(s) dict_keys(['example_time_delta_sensor_async']) retrieved from /home/airflow/.local/lib/python3.6/site-packages/airflow/example_dags/example_time_delta_sensor_async.py
[2025-05-31 11:55:55,537] {logging_mixin.py:109} INFO - [2025-05-31 11:55:55,537] {dag.py:2396} INFO - Sync 1 DAGs
[2025-05-31 11:55:55,563] {logging_mixin.py:109} INFO - [2025-05-31 11:55:55,563] {dag.py:2935} INFO - Setting next_dagrun for example_time_delta_sensor_async to None
[2025-05-31 11:55:55,576] {processor.py:171} INFO - Processing /home/airflow/.local/lib/python3.6/site-packages/airflow/example_dags/example_time_delta_sensor_async.py took 0.103 seconds
[2025-05-31 11:56:26,223] {processor.py:163} INFO - Started process (PID=25837) to work on /home/airflow/.local/lib/python3.6/site-packages/airflow/example_dags/example_time_delta_sensor_async.py
[2025-05-31 11:56:26,225] {processor.py:642} INFO - Processing file /home/airflow/.local/lib/python3.6/site-packages/airflow/example_dags/example_time_delta_sensor_async.py for tasks to queue
[2025-05-31 11:56:26,227] {logging_mixin.py:109} INFO - [2025-05-31 11:56:26,227] {dagbag.py:500} INFO - Filling up the DagBag from /home/airflow/.local/lib/python3.6/site-packages/airflow/example_dags/example_time_delta_sensor_async.py
[2025-05-31 11:56:26,277] {processor.py:654} INFO - DAG(s) dict_keys(['example_time_delta_sensor_async']) retrieved from /home/airflow/.local/lib/python3.6/site-packages/airflow/example_dags/example_time_delta_sensor_async.py
[2025-05-31 11:56:26,295] {logging_mixin.py:109} INFO - [2025-05-31 11:56:26,295] {dag.py:2396} INFO - Sync 1 DAGs
[2025-05-31 11:56:26,327] {logging_mixin.py:109} INFO - [2025-05-31 11:56:26,327] {dag.py:2935} INFO - Setting next_dagrun for example_time_delta_sensor_async to None
[2025-05-31 11:56:26,343] {processor.py:171} INFO - Processing /home/airflow/.local/lib/python3.6/site-packages/airflow/example_dags/example_time_delta_sensor_async.py took 0.126 seconds
[2025-05-31 11:56:56,704] {processor.py:163} INFO - Started process (PID=26024) to work on /home/airflow/.local/lib/python3.6/site-packages/airflow/example_dags/example_time_delta_sensor_async.py
[2025-05-31 11:56:56,706] {processor.py:642} INFO - Processing file /home/airflow/.local/lib/python3.6/site-packages/airflow/example_dags/example_time_delta_sensor_async.py for tasks to queue
[2025-05-31 11:56:56,707] {logging_mixin.py:109} INFO - [2025-05-31 11:56:56,707] {dagbag.py:500} INFO - Filling up the DagBag from /home/airflow/.local/lib/python3.6/site-packages/airflow/example_dags/example_time_delta_sensor_async.py
[2025-05-31 11:56:56,747] {processor.py:654} INFO - DAG(s) dict_keys(['example_time_delta_sensor_async']) retrieved from /home/airflow/.local/lib/python3.6/site-packages/airflow/example_dags/example_time_delta_sensor_async.py
[2025-05-31 11:56:56,763] {logging_mixin.py:109} INFO - [2025-05-31 11:56:56,763] {dag.py:2396} INFO - Sync 1 DAGs
[2025-05-31 11:56:56,791] {logging_mixin.py:109} INFO - [2025-05-31 11:56:56,791] {dag.py:2935} INFO - Setting next_dagrun for example_time_delta_sensor_async to None
[2025-05-31 11:56:56,809] {processor.py:171} INFO - Processing /home/airflow/.local/lib/python3.6/site-packages/airflow/example_dags/example_time_delta_sensor_async.py took 0.110 seconds
[2025-05-31 11:57:27,182] {processor.py:163} INFO - Started process (PID=26219) to work on /home/airflow/.local/lib/python3.6/site-packages/airflow/example_dags/example_time_delta_sensor_async.py
[2025-05-31 11:57:27,184] {processor.py:642} INFO - Processing file /home/airflow/.local/lib/python3.6/site-packages/airflow/example_dags/example_time_delta_sensor_async.py for tasks to queue
[2025-05-31 11:57:27,186] {logging_mixin.py:109} INFO - [2025-05-31 11:57:27,185] {dagbag.py:500} INFO - Filling up the DagBag from /home/airflow/.local/lib/python3.6/site-packages/airflow/example_dags/example_time_delta_sensor_async.py
[2025-05-31 11:57:27,236] {processor.py:654} INFO - DAG(s) dict_keys(['example_time_delta_sensor_async']) retrieved from /home/airflow/.local/lib/python3.6/site-packages/airflow/example_dags/example_time_delta_sensor_async.py
[2025-05-31 11:57:27,257] {logging_mixin.py:109} INFO - [2025-05-31 11:57:27,257] {dag.py:2396} INFO - Sync 1 DAGs
[2025-05-31 11:57:27,299] {logging_mixin.py:109} INFO - [2025-05-31 11:57:27,299] {dag.py:2935} INFO - Setting next_dagrun for example_time_delta_sensor_async to None
[2025-05-31 11:57:27,316] {processor.py:171} INFO - Processing /home/airflow/.local/lib/python3.6/site-packages/airflow/example_dags/example_time_delta_sensor_async.py took 0.139 seconds
[2025-05-31 11:57:58,173] {processor.py:163} INFO - Started process (PID=26407) to work on /home/airflow/.local/lib/python3.6/site-packages/airflow/example_dags/example_time_delta_sensor_async.py
[2025-05-31 11:57:58,174] {processor.py:642} INFO - Processing file /home/airflow/.local/lib/python3.6/site-packages/airflow/example_dags/example_time_delta_sensor_async.py for tasks to queue
[2025-05-31 11:57:58,175] {logging_mixin.py:109} INFO - [2025-05-31 11:57:58,175] {dagbag.py:500} INFO - Filling up the DagBag from /home/airflow/.local/lib/python3.6/site-packages/airflow/example_dags/example_time_delta_sensor_async.py
[2025-05-31 11:57:58,204] {processor.py:654} INFO - DAG(s) dict_keys(['example_time_delta_sensor_async']) retrieved from /home/airflow/.local/lib/python3.6/site-packages/airflow/example_dags/example_time_delta_sensor_async.py
[2025-05-31 11:57:58,215] {logging_mixin.py:109} INFO - [2025-05-31 11:57:58,215] {dag.py:2396} INFO - Sync 1 DAGs
[2025-05-31 11:57:58,235] {logging_mixin.py:109} INFO - [2025-05-31 11:57:58,235] {dag.py:2935} INFO - Setting next_dagrun for example_time_delta_sensor_async to None
[2025-05-31 11:57:58,247] {processor.py:171} INFO - Processing /home/airflow/.local/lib/python3.6/site-packages/airflow/example_dags/example_time_delta_sensor_async.py took 0.077 seconds
[2025-05-31 11:58:28,849] {processor.py:163} INFO - Started process (PID=26599) to work on /home/airflow/.local/lib/python3.6/site-packages/airflow/example_dags/example_time_delta_sensor_async.py
[2025-05-31 11:58:28,851] {processor.py:642} INFO - Processing file /home/airflow/.local/lib/python3.6/site-packages/airflow/example_dags/example_time_delta_sensor_async.py for tasks to queue
[2025-05-31 11:58:28,852] {logging_mixin.py:109} INFO - [2025-05-31 11:58:28,851] {dagbag.py:500} INFO - Filling up the DagBag from /home/airflow/.local/lib/python3.6/site-packages/airflow/example_dags/example_time_delta_sensor_async.py
[2025-05-31 11:58:28,880] {processor.py:654} INFO - DAG(s) dict_keys(['example_time_delta_sensor_async']) retrieved from /home/airflow/.local/lib/python3.6/site-packages/airflow/example_dags/example_time_delta_sensor_async.py
[2025-05-31 11:58:28,892] {logging_mixin.py:109} INFO - [2025-05-31 11:58:28,892] {dag.py:2396} INFO - Sync 1 DAGs
[2025-05-31 11:58:28,917] {logging_mixin.py:109} INFO - [2025-05-31 11:58:28,917] {dag.py:2935} INFO - Setting next_dagrun for example_time_delta_sensor_async to None
[2025-05-31 11:58:28,929] {processor.py:171} INFO - Processing /home/airflow/.local/lib/python3.6/site-packages/airflow/example_dags/example_time_delta_sensor_async.py took 0.084 seconds
[2025-05-31 11:58:58,980] {processor.py:163} INFO - Started process (PID=26782) to work on /home/airflow/.local/lib/python3.6/site-packages/airflow/example_dags/example_time_delta_sensor_async.py
[2025-05-31 11:58:58,981] {processor.py:642} INFO - Processing file /home/airflow/.local/lib/python3.6/site-packages/airflow/example_dags/example_time_delta_sensor_async.py for tasks to queue
[2025-05-31 11:58:58,982] {logging_mixin.py:109} INFO - [2025-05-31 11:58:58,982] {dagbag.py:500} INFO - Filling up the DagBag from /home/airflow/.local/lib/python3.6/site-packages/airflow/example_dags/example_time_delta_sensor_async.py
[2025-05-31 11:58:59,011] {processor.py:654} INFO - DAG(s) dict_keys(['example_time_delta_sensor_async']) retrieved from /home/airflow/.local/lib/python3.6/site-packages/airflow/example_dags/example_time_delta_sensor_async.py
[2025-05-31 11:58:59,021] {logging_mixin.py:109} INFO - [2025-05-31 11:58:59,021] {dag.py:2396} INFO - Sync 1 DAGs
[2025-05-31 11:58:59,039] {logging_mixin.py:109} INFO - [2025-05-31 11:58:59,039] {dag.py:2935} INFO - Setting next_dagrun for example_time_delta_sensor_async to None
[2025-05-31 11:58:59,050] {processor.py:171} INFO - Processing /home/airflow/.local/lib/python3.6/site-packages/airflow/example_dags/example_time_delta_sensor_async.py took 0.073 seconds
[2025-05-31 11:59:29,256] {processor.py:163} INFO - Started process (PID=26967) to work on /home/airflow/.local/lib/python3.6/site-packages/airflow/example_dags/example_time_delta_sensor_async.py
[2025-05-31 11:59:29,258] {processor.py:642} INFO - Processing file /home/airflow/.local/lib/python3.6/site-packages/airflow/example_dags/example_time_delta_sensor_async.py for tasks to queue
[2025-05-31 11:59:29,258] {logging_mixin.py:109} INFO - [2025-05-31 11:59:29,258] {dagbag.py:500} INFO - Filling up the DagBag from /home/airflow/.local/lib/python3.6/site-packages/airflow/example_dags/example_time_delta_sensor_async.py
[2025-05-31 11:59:29,287] {processor.py:654} INFO - DAG(s) dict_keys(['example_time_delta_sensor_async']) retrieved from /home/airflow/.local/lib/python3.6/site-packages/airflow/example_dags/example_time_delta_sensor_async.py
[2025-05-31 11:59:29,299] {logging_mixin.py:109} INFO - [2025-05-31 11:59:29,299] {dag.py:2396} INFO - Sync 1 DAGs
[2025-05-31 11:59:29,319] {logging_mixin.py:109} INFO - [2025-05-31 11:59:29,318] {dag.py:2935} INFO - Setting next_dagrun for example_time_delta_sensor_async to None
[2025-05-31 11:59:29,333] {processor.py:171} INFO - Processing /home/airflow/.local/lib/python3.6/site-packages/airflow/example_dags/example_time_delta_sensor_async.py took 0.080 seconds
[2025-05-31 11:59:59,818] {processor.py:163} INFO - Started process (PID=27162) to work on /home/airflow/.local/lib/python3.6/site-packages/airflow/example_dags/example_time_delta_sensor_async.py
[2025-05-31 11:59:59,820] {processor.py:642} INFO - Processing file /home/airflow/.local/lib/python3.6/site-packages/airflow/example_dags/example_time_delta_sensor_async.py for tasks to queue
[2025-05-31 11:59:59,821] {logging_mixin.py:109} INFO - [2025-05-31 11:59:59,821] {dagbag.py:500} INFO - Filling up the DagBag from /home/airflow/.local/lib/python3.6/site-packages/airflow/example_dags/example_time_delta_sensor_async.py
[2025-05-31 11:59:59,857] {processor.py:654} INFO - DAG(s) dict_keys(['example_time_delta_sensor_async']) retrieved from /home/airflow/.local/lib/python3.6/site-packages/airflow/example_dags/example_time_delta_sensor_async.py
[2025-05-31 11:59:59,873] {logging_mixin.py:109} INFO - [2025-05-31 11:59:59,873] {dag.py:2396} INFO - Sync 1 DAGs
[2025-05-31 11:59:59,899] {logging_mixin.py:109} INFO - [2025-05-31 11:59:59,899] {dag.py:2935} INFO - Setting next_dagrun for example_time_delta_sensor_async to None
[2025-05-31 11:59:59,911] {processor.py:171} INFO - Processing /home/airflow/.local/lib/python3.6/site-packages/airflow/example_dags/example_time_delta_sensor_async.py took 0.097 seconds
[2025-05-31 12:00:30,609] {processor.py:163} INFO - Started process (PID=27347) to work on /home/airflow/.local/lib/python3.6/site-packages/airflow/example_dags/example_time_delta_sensor_async.py
[2025-05-31 12:00:30,612] {processor.py:642} INFO - Processing file /home/airflow/.local/lib/python3.6/site-packages/airflow/example_dags/example_time_delta_sensor_async.py for tasks to queue
[2025-05-31 12:00:30,614] {logging_mixin.py:109} INFO - [2025-05-31 12:00:30,614] {dagbag.py:500} INFO - Filling up the DagBag from /home/airflow/.local/lib/python3.6/site-packages/airflow/example_dags/example_time_delta_sensor_async.py
[2025-05-31 12:00:30,654] {processor.py:654} INFO - DAG(s) dict_keys(['example_time_delta_sensor_async']) retrieved from /home/airflow/.local/lib/python3.6/site-packages/airflow/example_dags/example_time_delta_sensor_async.py
[2025-05-31 12:00:30,675] {logging_mixin.py:109} INFO - [2025-05-31 12:00:30,675] {dag.py:2396} INFO - Sync 1 DAGs
[2025-05-31 12:00:30,696] {logging_mixin.py:109} INFO - [2025-05-31 12:00:30,696] {dag.py:2935} INFO - Setting next_dagrun for example_time_delta_sensor_async to None
[2025-05-31 12:00:30,708] {processor.py:171} INFO - Processing /home/airflow/.local/lib/python3.6/site-packages/airflow/example_dags/example_time_delta_sensor_async.py took 0.107 seconds
[2025-05-31 12:01:01,076] {processor.py:163} INFO - Started process (PID=27532) to work on /home/airflow/.local/lib/python3.6/site-packages/airflow/example_dags/example_time_delta_sensor_async.py
[2025-05-31 12:01:01,078] {processor.py:642} INFO - Processing file /home/airflow/.local/lib/python3.6/site-packages/airflow/example_dags/example_time_delta_sensor_async.py for tasks to queue
[2025-05-31 12:01:01,079] {logging_mixin.py:109} INFO - [2025-05-31 12:01:01,079] {dagbag.py:500} INFO - Filling up the DagBag from /home/airflow/.local/lib/python3.6/site-packages/airflow/example_dags/example_time_delta_sensor_async.py
[2025-05-31 12:01:01,112] {processor.py:654} INFO - DAG(s) dict_keys(['example_time_delta_sensor_async']) retrieved from /home/airflow/.local/lib/python3.6/site-packages/airflow/example_dags/example_time_delta_sensor_async.py
[2025-05-31 12:01:01,123] {logging_mixin.py:109} INFO - [2025-05-31 12:01:01,123] {dag.py:2396} INFO - Sync 1 DAGs
[2025-05-31 12:01:01,146] {logging_mixin.py:109} INFO - [2025-05-31 12:01:01,145] {dag.py:2935} INFO - Setting next_dagrun for example_time_delta_sensor_async to None
[2025-05-31 12:01:01,157] {processor.py:171} INFO - Processing /home/airflow/.local/lib/python3.6/site-packages/airflow/example_dags/example_time_delta_sensor_async.py took 0.084 seconds
[2025-05-31 12:01:31,697] {processor.py:163} INFO - Started process (PID=27727) to work on /home/airflow/.local/lib/python3.6/site-packages/airflow/example_dags/example_time_delta_sensor_async.py
[2025-05-31 12:01:31,699] {processor.py:642} INFO - Processing file /home/airflow/.local/lib/python3.6/site-packages/airflow/example_dags/example_time_delta_sensor_async.py for tasks to queue
[2025-05-31 12:01:31,700] {logging_mixin.py:109} INFO - [2025-05-31 12:01:31,700] {dagbag.py:500} INFO - Filling up the DagBag from /home/airflow/.local/lib/python3.6/site-packages/airflow/example_dags/example_time_delta_sensor_async.py
[2025-05-31 12:01:31,730] {processor.py:654} INFO - DAG(s) dict_keys(['example_time_delta_sensor_async']) retrieved from /home/airflow/.local/lib/python3.6/site-packages/airflow/example_dags/example_time_delta_sensor_async.py
[2025-05-31 12:01:31,742] {logging_mixin.py:109} INFO - [2025-05-31 12:01:31,742] {dag.py:2396} INFO - Sync 1 DAGs
[2025-05-31 12:01:31,766] {logging_mixin.py:109} INFO - [2025-05-31 12:01:31,766] {dag.py:2935} INFO - Setting next_dagrun for example_time_delta_sensor_async to None
[2025-05-31 12:01:31,778] {processor.py:171} INFO - Processing /home/airflow/.local/lib/python3.6/site-packages/airflow/example_dags/example_time_delta_sensor_async.py took 0.086 seconds
[2025-05-31 12:02:01,808] {processor.py:163} INFO - Started process (PID=27907) to work on /home/airflow/.local/lib/python3.6/site-packages/airflow/example_dags/example_time_delta_sensor_async.py
[2025-05-31 12:02:01,809] {processor.py:642} INFO - Processing file /home/airflow/.local/lib/python3.6/site-packages/airflow/example_dags/example_time_delta_sensor_async.py for tasks to queue
[2025-05-31 12:02:01,810] {logging_mixin.py:109} INFO - [2025-05-31 12:02:01,810] {dagbag.py:500} INFO - Filling up the DagBag from /home/airflow/.local/lib/python3.6/site-packages/airflow/example_dags/example_time_delta_sensor_async.py
[2025-05-31 12:02:01,838] {processor.py:654} INFO - DAG(s) dict_keys(['example_time_delta_sensor_async']) retrieved from /home/airflow/.local/lib/python3.6/site-packages/airflow/example_dags/example_time_delta_sensor_async.py
[2025-05-31 12:02:01,849] {logging_mixin.py:109} INFO - [2025-05-31 12:02:01,848] {dag.py:2396} INFO - Sync 1 DAGs
[2025-05-31 12:02:01,866] {logging_mixin.py:109} INFO - [2025-05-31 12:02:01,866] {dag.py:2935} INFO - Setting next_dagrun for example_time_delta_sensor_async to None
[2025-05-31 12:02:01,876] {processor.py:171} INFO - Processing /home/airflow/.local/lib/python3.6/site-packages/airflow/example_dags/example_time_delta_sensor_async.py took 0.072 seconds
[2025-05-31 12:02:32,224] {processor.py:163} INFO - Started process (PID=28092) to work on /home/airflow/.local/lib/python3.6/site-packages/airflow/example_dags/example_time_delta_sensor_async.py
[2025-05-31 12:02:32,226] {processor.py:642} INFO - Processing file /home/airflow/.local/lib/python3.6/site-packages/airflow/example_dags/example_time_delta_sensor_async.py for tasks to queue
[2025-05-31 12:02:32,227] {logging_mixin.py:109} INFO - [2025-05-31 12:02:32,226] {dagbag.py:500} INFO - Filling up the DagBag from /home/airflow/.local/lib/python3.6/site-packages/airflow/example_dags/example_time_delta_sensor_async.py
[2025-05-31 12:02:32,272] {processor.py:654} INFO - DAG(s) dict_keys(['example_time_delta_sensor_async']) retrieved from /home/airflow/.local/lib/python3.6/site-packages/airflow/example_dags/example_time_delta_sensor_async.py
[2025-05-31 12:02:32,286] {logging_mixin.py:109} INFO - [2025-05-31 12:02:32,286] {dag.py:2396} INFO - Sync 1 DAGs
[2025-05-31 12:02:32,308] {logging_mixin.py:109} INFO - [2025-05-31 12:02:32,308] {dag.py:2935} INFO - Setting next_dagrun for example_time_delta_sensor_async to None
[2025-05-31 12:02:32,320] {processor.py:171} INFO - Processing /home/airflow/.local/lib/python3.6/site-packages/airflow/example_dags/example_time_delta_sensor_async.py took 0.100 seconds
[2025-05-31 12:03:02,604] {processor.py:163} INFO - Started process (PID=28287) to work on /home/airflow/.local/lib/python3.6/site-packages/airflow/example_dags/example_time_delta_sensor_async.py
[2025-05-31 12:03:02,605] {processor.py:642} INFO - Processing file /home/airflow/.local/lib/python3.6/site-packages/airflow/example_dags/example_time_delta_sensor_async.py for tasks to queue
[2025-05-31 12:03:02,606] {logging_mixin.py:109} INFO - [2025-05-31 12:03:02,606] {dagbag.py:500} INFO - Filling up the DagBag from /home/airflow/.local/lib/python3.6/site-packages/airflow/example_dags/example_time_delta_sensor_async.py
[2025-05-31 12:03:02,637] {processor.py:654} INFO - DAG(s) dict_keys(['example_time_delta_sensor_async']) retrieved from /home/airflow/.local/lib/python3.6/site-packages/airflow/example_dags/example_time_delta_sensor_async.py
[2025-05-31 12:03:02,648] {logging_mixin.py:109} INFO - [2025-05-31 12:03:02,648] {dag.py:2396} INFO - Sync 1 DAGs
[2025-05-31 12:03:02,669] {logging_mixin.py:109} INFO - [2025-05-31 12:03:02,669] {dag.py:2935} INFO - Setting next_dagrun for example_time_delta_sensor_async to None
[2025-05-31 12:03:02,682] {processor.py:171} INFO - Processing /home/airflow/.local/lib/python3.6/site-packages/airflow/example_dags/example_time_delta_sensor_async.py took 0.082 seconds
[2025-05-31 12:03:32,804] {processor.py:163} INFO - Started process (PID=28472) to work on /home/airflow/.local/lib/python3.6/site-packages/airflow/example_dags/example_time_delta_sensor_async.py
[2025-05-31 12:03:32,805] {processor.py:642} INFO - Processing file /home/airflow/.local/lib/python3.6/site-packages/airflow/example_dags/example_time_delta_sensor_async.py for tasks to queue
[2025-05-31 12:03:32,806] {logging_mixin.py:109} INFO - [2025-05-31 12:03:32,806] {dagbag.py:500} INFO - Filling up the DagBag from /home/airflow/.local/lib/python3.6/site-packages/airflow/example_dags/example_time_delta_sensor_async.py
[2025-05-31 12:03:32,833] {processor.py:654} INFO - DAG(s) dict_keys(['example_time_delta_sensor_async']) retrieved from /home/airflow/.local/lib/python3.6/site-packages/airflow/example_dags/example_time_delta_sensor_async.py
[2025-05-31 12:03:32,844] {logging_mixin.py:109} INFO - [2025-05-31 12:03:32,844] {dag.py:2396} INFO - Sync 1 DAGs
[2025-05-31 12:03:32,865] {logging_mixin.py:109} INFO - [2025-05-31 12:03:32,865] {dag.py:2935} INFO - Setting next_dagrun for example_time_delta_sensor_async to None
[2025-05-31 12:03:32,879] {processor.py:171} INFO - Processing /home/airflow/.local/lib/python3.6/site-packages/airflow/example_dags/example_time_delta_sensor_async.py took 0.079 seconds
[2025-05-31 12:04:03,271] {processor.py:163} INFO - Started process (PID=28666) to work on /home/airflow/.local/lib/python3.6/site-packages/airflow/example_dags/example_time_delta_sensor_async.py
[2025-05-31 12:04:03,273] {processor.py:642} INFO - Processing file /home/airflow/.local/lib/python3.6/site-packages/airflow/example_dags/example_time_delta_sensor_async.py for tasks to queue
[2025-05-31 12:04:03,274] {logging_mixin.py:109} INFO - [2025-05-31 12:04:03,273] {dagbag.py:500} INFO - Filling up the DagBag from /home/airflow/.local/lib/python3.6/site-packages/airflow/example_dags/example_time_delta_sensor_async.py
[2025-05-31 12:04:03,310] {processor.py:654} INFO - DAG(s) dict_keys(['example_time_delta_sensor_async']) retrieved from /home/airflow/.local/lib/python3.6/site-packages/airflow/example_dags/example_time_delta_sensor_async.py
[2025-05-31 12:04:03,325] {logging_mixin.py:109} INFO - [2025-05-31 12:04:03,325] {dag.py:2396} INFO - Sync 1 DAGs
[2025-05-31 12:04:03,350] {logging_mixin.py:109} INFO - [2025-05-31 12:04:03,350] {dag.py:2935} INFO - Setting next_dagrun for example_time_delta_sensor_async to None
[2025-05-31 12:04:03,364] {processor.py:171} INFO - Processing /home/airflow/.local/lib/python3.6/site-packages/airflow/example_dags/example_time_delta_sensor_async.py took 0.097 seconds
[2025-05-31 12:04:33,766] {processor.py:163} INFO - Started process (PID=28851) to work on /home/airflow/.local/lib/python3.6/site-packages/airflow/example_dags/example_time_delta_sensor_async.py
[2025-05-31 12:04:33,767] {processor.py:642} INFO - Processing file /home/airflow/.local/lib/python3.6/site-packages/airflow/example_dags/example_time_delta_sensor_async.py for tasks to queue
[2025-05-31 12:04:33,768] {logging_mixin.py:109} INFO - [2025-05-31 12:04:33,768] {dagbag.py:500} INFO - Filling up the DagBag from /home/airflow/.local/lib/python3.6/site-packages/airflow/example_dags/example_time_delta_sensor_async.py
[2025-05-31 12:04:33,796] {processor.py:654} INFO - DAG(s) dict_keys(['example_time_delta_sensor_async']) retrieved from /home/airflow/.local/lib/python3.6/site-packages/airflow/example_dags/example_time_delta_sensor_async.py
[2025-05-31 12:04:33,807] {logging_mixin.py:109} INFO - [2025-05-31 12:04:33,806] {dag.py:2396} INFO - Sync 1 DAGs
[2025-05-31 12:04:33,824] {logging_mixin.py:109} INFO - [2025-05-31 12:04:33,824] {dag.py:2935} INFO - Setting next_dagrun for example_time_delta_sensor_async to None
[2025-05-31 12:04:33,835] {processor.py:171} INFO - Processing /home/airflow/.local/lib/python3.6/site-packages/airflow/example_dags/example_time_delta_sensor_async.py took 0.073 seconds
[2025-05-31 12:05:04,350] {processor.py:163} INFO - Started process (PID=29037) to work on /home/airflow/.local/lib/python3.6/site-packages/airflow/example_dags/example_time_delta_sensor_async.py
[2025-05-31 12:05:04,351] {processor.py:642} INFO - Processing file /home/airflow/.local/lib/python3.6/site-packages/airflow/example_dags/example_time_delta_sensor_async.py for tasks to queue
[2025-05-31 12:05:04,352] {logging_mixin.py:109} INFO - [2025-05-31 12:05:04,352] {dagbag.py:500} INFO - Filling up the DagBag from /home/airflow/.local/lib/python3.6/site-packages/airflow/example_dags/example_time_delta_sensor_async.py
[2025-05-31 12:05:04,381] {processor.py:654} INFO - DAG(s) dict_keys(['example_time_delta_sensor_async']) retrieved from /home/airflow/.local/lib/python3.6/site-packages/airflow/example_dags/example_time_delta_sensor_async.py
[2025-05-31 12:05:04,394] {logging_mixin.py:109} INFO - [2025-05-31 12:05:04,394] {dag.py:2396} INFO - Sync 1 DAGs
[2025-05-31 12:05:04,418] {logging_mixin.py:109} INFO - [2025-05-31 12:05:04,418] {dag.py:2935} INFO - Setting next_dagrun for example_time_delta_sensor_async to None
[2025-05-31 12:05:04,429] {processor.py:171} INFO - Processing /home/airflow/.local/lib/python3.6/site-packages/airflow/example_dags/example_time_delta_sensor_async.py took 0.083 seconds
[2025-05-31 12:05:34,671] {processor.py:163} INFO - Started process (PID=29231) to work on /home/airflow/.local/lib/python3.6/site-packages/airflow/example_dags/example_time_delta_sensor_async.py
[2025-05-31 12:05:34,674] {processor.py:642} INFO - Processing file /home/airflow/.local/lib/python3.6/site-packages/airflow/example_dags/example_time_delta_sensor_async.py for tasks to queue
[2025-05-31 12:05:34,675] {logging_mixin.py:109} INFO - [2025-05-31 12:05:34,675] {dagbag.py:500} INFO - Filling up the DagBag from /home/airflow/.local/lib/python3.6/site-packages/airflow/example_dags/example_time_delta_sensor_async.py
[2025-05-31 12:05:34,717] {processor.py:654} INFO - DAG(s) dict_keys(['example_time_delta_sensor_async']) retrieved from /home/airflow/.local/lib/python3.6/site-packages/airflow/example_dags/example_time_delta_sensor_async.py
[2025-05-31 12:05:34,731] {logging_mixin.py:109} INFO - [2025-05-31 12:05:34,730] {dag.py:2396} INFO - Sync 1 DAGs
[2025-05-31 12:05:34,755] {logging_mixin.py:109} INFO - [2025-05-31 12:05:34,755] {dag.py:2935} INFO - Setting next_dagrun for example_time_delta_sensor_async to None
[2025-05-31 12:05:34,769] {processor.py:171} INFO - Processing /home/airflow/.local/lib/python3.6/site-packages/airflow/example_dags/example_time_delta_sensor_async.py took 0.104 seconds
[2025-05-31 12:06:05,062] {processor.py:163} INFO - Started process (PID=29417) to work on /home/airflow/.local/lib/python3.6/site-packages/airflow/example_dags/example_time_delta_sensor_async.py
[2025-05-31 12:06:05,063] {processor.py:642} INFO - Processing file /home/airflow/.local/lib/python3.6/site-packages/airflow/example_dags/example_time_delta_sensor_async.py for tasks to queue
[2025-05-31 12:06:05,064] {logging_mixin.py:109} INFO - [2025-05-31 12:06:05,064] {dagbag.py:500} INFO - Filling up the DagBag from /home/airflow/.local/lib/python3.6/site-packages/airflow/example_dags/example_time_delta_sensor_async.py
[2025-05-31 12:06:05,091] {processor.py:654} INFO - DAG(s) dict_keys(['example_time_delta_sensor_async']) retrieved from /home/airflow/.local/lib/python3.6/site-packages/airflow/example_dags/example_time_delta_sensor_async.py
[2025-05-31 12:06:05,101] {logging_mixin.py:109} INFO - [2025-05-31 12:06:05,101] {dag.py:2396} INFO - Sync 1 DAGs
[2025-05-31 12:06:05,123] {logging_mixin.py:109} INFO - [2025-05-31 12:06:05,123] {dag.py:2935} INFO - Setting next_dagrun for example_time_delta_sensor_async to None
[2025-05-31 12:06:05,134] {processor.py:171} INFO - Processing /home/airflow/.local/lib/python3.6/site-packages/airflow/example_dags/example_time_delta_sensor_async.py took 0.075 seconds
[2025-05-31 12:06:35,929] {processor.py:163} INFO - Started process (PID=29601) to work on /home/airflow/.local/lib/python3.6/site-packages/airflow/example_dags/example_time_delta_sensor_async.py
[2025-05-31 12:06:35,930] {processor.py:642} INFO - Processing file /home/airflow/.local/lib/python3.6/site-packages/airflow/example_dags/example_time_delta_sensor_async.py for tasks to queue
[2025-05-31 12:06:35,931] {logging_mixin.py:109} INFO - [2025-05-31 12:06:35,931] {dagbag.py:500} INFO - Filling up the DagBag from /home/airflow/.local/lib/python3.6/site-packages/airflow/example_dags/example_time_delta_sensor_async.py
[2025-05-31 12:06:35,958] {processor.py:654} INFO - DAG(s) dict_keys(['example_time_delta_sensor_async']) retrieved from /home/airflow/.local/lib/python3.6/site-packages/airflow/example_dags/example_time_delta_sensor_async.py
[2025-05-31 12:06:35,969] {logging_mixin.py:109} INFO - [2025-05-31 12:06:35,969] {dag.py:2396} INFO - Sync 1 DAGs
[2025-05-31 12:06:35,987] {logging_mixin.py:109} INFO - [2025-05-31 12:06:35,987] {dag.py:2935} INFO - Setting next_dagrun for example_time_delta_sensor_async to None
[2025-05-31 12:06:35,998] {processor.py:171} INFO - Processing /home/airflow/.local/lib/python3.6/site-packages/airflow/example_dags/example_time_delta_sensor_async.py took 0.071 seconds
[2025-05-31 12:07:06,565] {processor.py:163} INFO - Started process (PID=29797) to work on /home/airflow/.local/lib/python3.6/site-packages/airflow/example_dags/example_time_delta_sensor_async.py
[2025-05-31 12:07:06,566] {processor.py:642} INFO - Processing file /home/airflow/.local/lib/python3.6/site-packages/airflow/example_dags/example_time_delta_sensor_async.py for tasks to queue
[2025-05-31 12:07:06,567] {logging_mixin.py:109} INFO - [2025-05-31 12:07:06,567] {dagbag.py:500} INFO - Filling up the DagBag from /home/airflow/.local/lib/python3.6/site-packages/airflow/example_dags/example_time_delta_sensor_async.py
[2025-05-31 12:07:06,594] {processor.py:654} INFO - DAG(s) dict_keys(['example_time_delta_sensor_async']) retrieved from /home/airflow/.local/lib/python3.6/site-packages/airflow/example_dags/example_time_delta_sensor_async.py
[2025-05-31 12:07:06,605] {logging_mixin.py:109} INFO - [2025-05-31 12:07:06,605] {dag.py:2396} INFO - Sync 1 DAGs
[2025-05-31 12:07:06,625] {logging_mixin.py:109} INFO - [2025-05-31 12:07:06,625] {dag.py:2935} INFO - Setting next_dagrun for example_time_delta_sensor_async to None
[2025-05-31 12:07:06,644] {processor.py:171} INFO - Processing /home/airflow/.local/lib/python3.6/site-packages/airflow/example_dags/example_time_delta_sensor_async.py took 0.088 seconds
[2025-05-31 12:07:36,753] {processor.py:163} INFO - Started process (PID=29982) to work on /home/airflow/.local/lib/python3.6/site-packages/airflow/example_dags/example_time_delta_sensor_async.py
[2025-05-31 12:07:36,754] {processor.py:642} INFO - Processing file /home/airflow/.local/lib/python3.6/site-packages/airflow/example_dags/example_time_delta_sensor_async.py for tasks to queue
[2025-05-31 12:07:36,755] {logging_mixin.py:109} INFO - [2025-05-31 12:07:36,755] {dagbag.py:500} INFO - Filling up the DagBag from /home/airflow/.local/lib/python3.6/site-packages/airflow/example_dags/example_time_delta_sensor_async.py
[2025-05-31 12:07:36,782] {processor.py:654} INFO - DAG(s) dict_keys(['example_time_delta_sensor_async']) retrieved from /home/airflow/.local/lib/python3.6/site-packages/airflow/example_dags/example_time_delta_sensor_async.py
[2025-05-31 12:07:36,793] {logging_mixin.py:109} INFO - [2025-05-31 12:07:36,793] {dag.py:2396} INFO - Sync 1 DAGs
[2025-05-31 12:07:36,810] {logging_mixin.py:109} INFO - [2025-05-31 12:07:36,810] {dag.py:2935} INFO - Setting next_dagrun for example_time_delta_sensor_async to None
[2025-05-31 12:07:36,830] {processor.py:171} INFO - Processing /home/airflow/.local/lib/python3.6/site-packages/airflow/example_dags/example_time_delta_sensor_async.py took 0.080 seconds
[2025-05-31 12:08:07,193] {processor.py:163} INFO - Started process (PID=30176) to work on /home/airflow/.local/lib/python3.6/site-packages/airflow/example_dags/example_time_delta_sensor_async.py
[2025-05-31 12:08:07,195] {processor.py:642} INFO - Processing file /home/airflow/.local/lib/python3.6/site-packages/airflow/example_dags/example_time_delta_sensor_async.py for tasks to queue
[2025-05-31 12:08:07,196] {logging_mixin.py:109} INFO - [2025-05-31 12:08:07,196] {dagbag.py:500} INFO - Filling up the DagBag from /home/airflow/.local/lib/python3.6/site-packages/airflow/example_dags/example_time_delta_sensor_async.py
[2025-05-31 12:08:07,237] {processor.py:654} INFO - DAG(s) dict_keys(['example_time_delta_sensor_async']) retrieved from /home/airflow/.local/lib/python3.6/site-packages/airflow/example_dags/example_time_delta_sensor_async.py
[2025-05-31 12:08:07,256] {logging_mixin.py:109} INFO - [2025-05-31 12:08:07,255] {dag.py:2396} INFO - Sync 1 DAGs
[2025-05-31 12:08:07,287] {logging_mixin.py:109} INFO - [2025-05-31 12:08:07,286] {dag.py:2935} INFO - Setting next_dagrun for example_time_delta_sensor_async to None
[2025-05-31 12:08:07,302] {processor.py:171} INFO - Processing /home/airflow/.local/lib/python3.6/site-packages/airflow/example_dags/example_time_delta_sensor_async.py took 0.114 seconds
[2025-05-31 12:08:37,994] {processor.py:163} INFO - Started process (PID=30361) to work on /home/airflow/.local/lib/python3.6/site-packages/airflow/example_dags/example_time_delta_sensor_async.py
[2025-05-31 12:08:37,996] {processor.py:642} INFO - Processing file /home/airflow/.local/lib/python3.6/site-packages/airflow/example_dags/example_time_delta_sensor_async.py for tasks to queue
[2025-05-31 12:08:37,997] {logging_mixin.py:109} INFO - [2025-05-31 12:08:37,996] {dagbag.py:500} INFO - Filling up the DagBag from /home/airflow/.local/lib/python3.6/site-packages/airflow/example_dags/example_time_delta_sensor_async.py
[2025-05-31 12:08:38,024] {processor.py:654} INFO - DAG(s) dict_keys(['example_time_delta_sensor_async']) retrieved from /home/airflow/.local/lib/python3.6/site-packages/airflow/example_dags/example_time_delta_sensor_async.py
[2025-05-31 12:08:38,034] {logging_mixin.py:109} INFO - [2025-05-31 12:08:38,034] {dag.py:2396} INFO - Sync 1 DAGs
[2025-05-31 12:08:38,055] {logging_mixin.py:109} INFO - [2025-05-31 12:08:38,055] {dag.py:2935} INFO - Setting next_dagrun for example_time_delta_sensor_async to None
[2025-05-31 12:08:38,076] {processor.py:171} INFO - Processing /home/airflow/.local/lib/python3.6/site-packages/airflow/example_dags/example_time_delta_sensor_async.py took 0.085 seconds
[2025-05-31 12:09:08,526] {processor.py:163} INFO - Started process (PID=30547) to work on /home/airflow/.local/lib/python3.6/site-packages/airflow/example_dags/example_time_delta_sensor_async.py
[2025-05-31 12:09:08,527] {processor.py:642} INFO - Processing file /home/airflow/.local/lib/python3.6/site-packages/airflow/example_dags/example_time_delta_sensor_async.py for tasks to queue
[2025-05-31 12:09:08,528] {logging_mixin.py:109} INFO - [2025-05-31 12:09:08,528] {dagbag.py:500} INFO - Filling up the DagBag from /home/airflow/.local/lib/python3.6/site-packages/airflow/example_dags/example_time_delta_sensor_async.py
[2025-05-31 12:09:08,555] {processor.py:654} INFO - DAG(s) dict_keys(['example_time_delta_sensor_async']) retrieved from /home/airflow/.local/lib/python3.6/site-packages/airflow/example_dags/example_time_delta_sensor_async.py
[2025-05-31 12:09:08,565] {logging_mixin.py:109} INFO - [2025-05-31 12:09:08,565] {dag.py:2396} INFO - Sync 1 DAGs
[2025-05-31 12:09:08,587] {logging_mixin.py:109} INFO - [2025-05-31 12:09:08,587] {dag.py:2935} INFO - Setting next_dagrun for example_time_delta_sensor_async to None
[2025-05-31 12:09:08,599] {processor.py:171} INFO - Processing /home/airflow/.local/lib/python3.6/site-packages/airflow/example_dags/example_time_delta_sensor_async.py took 0.076 seconds
[2025-05-31 12:09:39,350] {processor.py:163} INFO - Started process (PID=30741) to work on /home/airflow/.local/lib/python3.6/site-packages/airflow/example_dags/example_time_delta_sensor_async.py
[2025-05-31 12:09:39,352] {processor.py:642} INFO - Processing file /home/airflow/.local/lib/python3.6/site-packages/airflow/example_dags/example_time_delta_sensor_async.py for tasks to queue
[2025-05-31 12:09:39,354] {logging_mixin.py:109} INFO - [2025-05-31 12:09:39,354] {dagbag.py:500} INFO - Filling up the DagBag from /home/airflow/.local/lib/python3.6/site-packages/airflow/example_dags/example_time_delta_sensor_async.py
[2025-05-31 12:09:39,396] {processor.py:654} INFO - DAG(s) dict_keys(['example_time_delta_sensor_async']) retrieved from /home/airflow/.local/lib/python3.6/site-packages/airflow/example_dags/example_time_delta_sensor_async.py
[2025-05-31 12:09:39,412] {logging_mixin.py:109} INFO - [2025-05-31 12:09:39,411] {dag.py:2396} INFO - Sync 1 DAGs
[2025-05-31 12:09:39,440] {logging_mixin.py:109} INFO - [2025-05-31 12:09:39,440] {dag.py:2935} INFO - Setting next_dagrun for example_time_delta_sensor_async to None
[2025-05-31 12:09:39,454] {processor.py:171} INFO - Processing /home/airflow/.local/lib/python3.6/site-packages/airflow/example_dags/example_time_delta_sensor_async.py took 0.110 seconds
[2025-05-31 12:10:09,908] {processor.py:163} INFO - Started process (PID=30927) to work on /home/airflow/.local/lib/python3.6/site-packages/airflow/example_dags/example_time_delta_sensor_async.py
[2025-05-31 12:10:09,910] {processor.py:642} INFO - Processing file /home/airflow/.local/lib/python3.6/site-packages/airflow/example_dags/example_time_delta_sensor_async.py for tasks to queue
[2025-05-31 12:10:09,911] {logging_mixin.py:109} INFO - [2025-05-31 12:10:09,911] {dagbag.py:500} INFO - Filling up the DagBag from /home/airflow/.local/lib/python3.6/site-packages/airflow/example_dags/example_time_delta_sensor_async.py
[2025-05-31 12:10:09,944] {processor.py:654} INFO - DAG(s) dict_keys(['example_time_delta_sensor_async']) retrieved from /home/airflow/.local/lib/python3.6/site-packages/airflow/example_dags/example_time_delta_sensor_async.py
[2025-05-31 12:10:09,955] {logging_mixin.py:109} INFO - [2025-05-31 12:10:09,955] {dag.py:2396} INFO - Sync 1 DAGs
[2025-05-31 12:10:09,974] {logging_mixin.py:109} INFO - [2025-05-31 12:10:09,974] {dag.py:2935} INFO - Setting next_dagrun for example_time_delta_sensor_async to None
[2025-05-31 12:10:09,985] {processor.py:171} INFO - Processing /home/airflow/.local/lib/python3.6/site-packages/airflow/example_dags/example_time_delta_sensor_async.py took 0.081 seconds
[2025-05-31 12:10:40,556] {processor.py:163} INFO - Started process (PID=31111) to work on /home/airflow/.local/lib/python3.6/site-packages/airflow/example_dags/example_time_delta_sensor_async.py
[2025-05-31 12:10:40,558] {processor.py:642} INFO - Processing file /home/airflow/.local/lib/python3.6/site-packages/airflow/example_dags/example_time_delta_sensor_async.py for tasks to queue
[2025-05-31 12:10:40,559] {logging_mixin.py:109} INFO - [2025-05-31 12:10:40,558] {dagbag.py:500} INFO - Filling up the DagBag from /home/airflow/.local/lib/python3.6/site-packages/airflow/example_dags/example_time_delta_sensor_async.py
[2025-05-31 12:10:40,590] {processor.py:654} INFO - DAG(s) dict_keys(['example_time_delta_sensor_async']) retrieved from /home/airflow/.local/lib/python3.6/site-packages/airflow/example_dags/example_time_delta_sensor_async.py
[2025-05-31 12:10:40,603] {logging_mixin.py:109} INFO - [2025-05-31 12:10:40,603] {dag.py:2396} INFO - Sync 1 DAGs
[2025-05-31 12:10:40,627] {logging_mixin.py:109} INFO - [2025-05-31 12:10:40,627] {dag.py:2935} INFO - Setting next_dagrun for example_time_delta_sensor_async to None
[2025-05-31 12:10:40,640] {processor.py:171} INFO - Processing /home/airflow/.local/lib/python3.6/site-packages/airflow/example_dags/example_time_delta_sensor_async.py took 0.089 seconds
[2025-05-31 17:31:07,015] {processor.py:163} INFO - Started process (PID=229) to work on /home/airflow/.local/lib/python3.6/site-packages/airflow/example_dags/example_time_delta_sensor_async.py
[2025-05-31 17:31:07,019] {processor.py:642} INFO - Processing file /home/airflow/.local/lib/python3.6/site-packages/airflow/example_dags/example_time_delta_sensor_async.py for tasks to queue
[2025-05-31 17:31:07,021] {logging_mixin.py:109} INFO - [2025-05-31 17:31:07,021] {dagbag.py:500} INFO - Filling up the DagBag from /home/airflow/.local/lib/python3.6/site-packages/airflow/example_dags/example_time_delta_sensor_async.py
[2025-05-31 17:31:07,086] {processor.py:654} INFO - DAG(s) dict_keys(['example_time_delta_sensor_async']) retrieved from /home/airflow/.local/lib/python3.6/site-packages/airflow/example_dags/example_time_delta_sensor_async.py
[2025-05-31 17:31:07,107] {logging_mixin.py:109} INFO - [2025-05-31 17:31:07,107] {dag.py:2396} INFO - Sync 1 DAGs
[2025-05-31 17:31:07,148] {logging_mixin.py:109} INFO - [2025-05-31 17:31:07,148] {dag.py:2935} INFO - Setting next_dagrun for example_time_delta_sensor_async to None
[2025-05-31 17:31:07,167] {processor.py:171} INFO - Processing /home/airflow/.local/lib/python3.6/site-packages/airflow/example_dags/example_time_delta_sensor_async.py took 0.159 seconds
[2025-05-31 17:31:40,153] {processor.py:163} INFO - Started process (PID=414) to work on /home/airflow/.local/lib/python3.6/site-packages/airflow/example_dags/example_time_delta_sensor_async.py
[2025-05-31 17:31:40,159] {processor.py:642} INFO - Processing file /home/airflow/.local/lib/python3.6/site-packages/airflow/example_dags/example_time_delta_sensor_async.py for tasks to queue
[2025-05-31 17:31:40,163] {logging_mixin.py:109} INFO - [2025-05-31 17:31:40,162] {dagbag.py:500} INFO - Filling up the DagBag from /home/airflow/.local/lib/python3.6/site-packages/airflow/example_dags/example_time_delta_sensor_async.py
[2025-05-31 17:31:40,238] {processor.py:654} INFO - DAG(s) dict_keys(['example_time_delta_sensor_async']) retrieved from /home/airflow/.local/lib/python3.6/site-packages/airflow/example_dags/example_time_delta_sensor_async.py
[2025-05-31 17:31:40,262] {logging_mixin.py:109} INFO - [2025-05-31 17:31:40,262] {dag.py:2396} INFO - Sync 1 DAGs
[2025-05-31 17:31:40,306] {logging_mixin.py:109} INFO - [2025-05-31 17:31:40,306] {dag.py:2935} INFO - Setting next_dagrun for example_time_delta_sensor_async to None
[2025-05-31 17:31:40,326] {processor.py:171} INFO - Processing /home/airflow/.local/lib/python3.6/site-packages/airflow/example_dags/example_time_delta_sensor_async.py took 0.180 seconds
[2025-05-31 17:32:11,901] {processor.py:163} INFO - Started process (PID=604) to work on /home/airflow/.local/lib/python3.6/site-packages/airflow/example_dags/example_time_delta_sensor_async.py
[2025-05-31 17:32:11,914] {processor.py:642} INFO - Processing file /home/airflow/.local/lib/python3.6/site-packages/airflow/example_dags/example_time_delta_sensor_async.py for tasks to queue
[2025-05-31 17:32:11,921] {logging_mixin.py:109} INFO - [2025-05-31 17:32:11,921] {dagbag.py:500} INFO - Filling up the DagBag from /home/airflow/.local/lib/python3.6/site-packages/airflow/example_dags/example_time_delta_sensor_async.py
[2025-05-31 17:32:12,060] {processor.py:654} INFO - DAG(s) dict_keys(['example_time_delta_sensor_async']) retrieved from /home/airflow/.local/lib/python3.6/site-packages/airflow/example_dags/example_time_delta_sensor_async.py
[2025-05-31 17:32:12,095] {logging_mixin.py:109} INFO - [2025-05-31 17:32:12,094] {dag.py:2396} INFO - Sync 1 DAGs
[2025-05-31 17:32:12,139] {logging_mixin.py:109} INFO - [2025-05-31 17:32:12,139] {dag.py:2935} INFO - Setting next_dagrun for example_time_delta_sensor_async to None
[2025-05-31 17:32:12,155] {processor.py:171} INFO - Processing /home/airflow/.local/lib/python3.6/site-packages/airflow/example_dags/example_time_delta_sensor_async.py took 0.263 seconds
[2025-05-31 17:32:42,296] {processor.py:163} INFO - Started process (PID=797) to work on /home/airflow/.local/lib/python3.6/site-packages/airflow/example_dags/example_time_delta_sensor_async.py
[2025-05-31 17:32:42,299] {processor.py:642} INFO - Processing file /home/airflow/.local/lib/python3.6/site-packages/airflow/example_dags/example_time_delta_sensor_async.py for tasks to queue
[2025-05-31 17:32:42,300] {logging_mixin.py:109} INFO - [2025-05-31 17:32:42,300] {dagbag.py:500} INFO - Filling up the DagBag from /home/airflow/.local/lib/python3.6/site-packages/airflow/example_dags/example_time_delta_sensor_async.py
[2025-05-31 17:32:42,350] {processor.py:654} INFO - DAG(s) dict_keys(['example_time_delta_sensor_async']) retrieved from /home/airflow/.local/lib/python3.6/site-packages/airflow/example_dags/example_time_delta_sensor_async.py
[2025-05-31 17:32:42,370] {logging_mixin.py:109} INFO - [2025-05-31 17:32:42,370] {dag.py:2396} INFO - Sync 1 DAGs
[2025-05-31 17:32:42,411] {logging_mixin.py:109} INFO - [2025-05-31 17:32:42,411] {dag.py:2935} INFO - Setting next_dagrun for example_time_delta_sensor_async to None
[2025-05-31 17:32:42,427] {processor.py:171} INFO - Processing /home/airflow/.local/lib/python3.6/site-packages/airflow/example_dags/example_time_delta_sensor_async.py took 0.136 seconds
[2025-05-31 17:33:13,209] {processor.py:163} INFO - Started process (PID=990) to work on /home/airflow/.local/lib/python3.6/site-packages/airflow/example_dags/example_time_delta_sensor_async.py
[2025-05-31 17:33:13,212] {processor.py:642} INFO - Processing file /home/airflow/.local/lib/python3.6/site-packages/airflow/example_dags/example_time_delta_sensor_async.py for tasks to queue
[2025-05-31 17:33:13,213] {logging_mixin.py:109} INFO - [2025-05-31 17:33:13,213] {dagbag.py:500} INFO - Filling up the DagBag from /home/airflow/.local/lib/python3.6/site-packages/airflow/example_dags/example_time_delta_sensor_async.py
[2025-05-31 17:33:13,259] {processor.py:654} INFO - DAG(s) dict_keys(['example_time_delta_sensor_async']) retrieved from /home/airflow/.local/lib/python3.6/site-packages/airflow/example_dags/example_time_delta_sensor_async.py
[2025-05-31 17:33:13,278] {logging_mixin.py:109} INFO - [2025-05-31 17:33:13,278] {dag.py:2396} INFO - Sync 1 DAGs
[2025-05-31 17:33:13,313] {logging_mixin.py:109} INFO - [2025-05-31 17:33:13,313] {dag.py:2935} INFO - Setting next_dagrun for example_time_delta_sensor_async to None
[2025-05-31 17:33:13,330] {processor.py:171} INFO - Processing /home/airflow/.local/lib/python3.6/site-packages/airflow/example_dags/example_time_delta_sensor_async.py took 0.126 seconds
[2025-05-31 17:33:43,705] {processor.py:163} INFO - Started process (PID=1178) to work on /home/airflow/.local/lib/python3.6/site-packages/airflow/example_dags/example_time_delta_sensor_async.py
[2025-05-31 17:33:43,714] {processor.py:642} INFO - Processing file /home/airflow/.local/lib/python3.6/site-packages/airflow/example_dags/example_time_delta_sensor_async.py for tasks to queue
[2025-05-31 17:33:43,717] {logging_mixin.py:109} INFO - [2025-05-31 17:33:43,717] {dagbag.py:500} INFO - Filling up the DagBag from /home/airflow/.local/lib/python3.6/site-packages/airflow/example_dags/example_time_delta_sensor_async.py
[2025-05-31 17:33:43,793] {processor.py:654} INFO - DAG(s) dict_keys(['example_time_delta_sensor_async']) retrieved from /home/airflow/.local/lib/python3.6/site-packages/airflow/example_dags/example_time_delta_sensor_async.py
[2025-05-31 17:33:43,820] {logging_mixin.py:109} INFO - [2025-05-31 17:33:43,820] {dag.py:2396} INFO - Sync 1 DAGs
[2025-05-31 17:33:43,871] {logging_mixin.py:109} INFO - [2025-05-31 17:33:43,871] {dag.py:2935} INFO - Setting next_dagrun for example_time_delta_sensor_async to None
[2025-05-31 17:33:43,889] {processor.py:171} INFO - Processing /home/airflow/.local/lib/python3.6/site-packages/airflow/example_dags/example_time_delta_sensor_async.py took 0.198 seconds
[2025-05-31 17:34:14,346] {processor.py:163} INFO - Started process (PID=1367) to work on /home/airflow/.local/lib/python3.6/site-packages/airflow/example_dags/example_time_delta_sensor_async.py
[2025-05-31 17:34:14,348] {processor.py:642} INFO - Processing file /home/airflow/.local/lib/python3.6/site-packages/airflow/example_dags/example_time_delta_sensor_async.py for tasks to queue
[2025-05-31 17:34:14,350] {logging_mixin.py:109} INFO - [2025-05-31 17:34:14,350] {dagbag.py:500} INFO - Filling up the DagBag from /home/airflow/.local/lib/python3.6/site-packages/airflow/example_dags/example_time_delta_sensor_async.py
[2025-05-31 17:34:14,410] {processor.py:654} INFO - DAG(s) dict_keys(['example_time_delta_sensor_async']) retrieved from /home/airflow/.local/lib/python3.6/site-packages/airflow/example_dags/example_time_delta_sensor_async.py
[2025-05-31 17:34:14,444] {logging_mixin.py:109} INFO - [2025-05-31 17:34:14,444] {dag.py:2396} INFO - Sync 1 DAGs
[2025-05-31 17:34:14,492] {logging_mixin.py:109} INFO - [2025-05-31 17:34:14,492] {dag.py:2935} INFO - Setting next_dagrun for example_time_delta_sensor_async to None
[2025-05-31 17:34:14,532] {processor.py:171} INFO - Processing /home/airflow/.local/lib/python3.6/site-packages/airflow/example_dags/example_time_delta_sensor_async.py took 0.192 seconds
[2025-05-31 17:34:45,444] {processor.py:163} INFO - Started process (PID=1561) to work on /home/airflow/.local/lib/python3.6/site-packages/airflow/example_dags/example_time_delta_sensor_async.py
[2025-05-31 17:34:45,447] {processor.py:642} INFO - Processing file /home/airflow/.local/lib/python3.6/site-packages/airflow/example_dags/example_time_delta_sensor_async.py for tasks to queue
[2025-05-31 17:34:45,452] {logging_mixin.py:109} INFO - [2025-05-31 17:34:45,451] {dagbag.py:500} INFO - Filling up the DagBag from /home/airflow/.local/lib/python3.6/site-packages/airflow/example_dags/example_time_delta_sensor_async.py
[2025-05-31 17:34:45,623] {processor.py:654} INFO - DAG(s) dict_keys(['example_time_delta_sensor_async']) retrieved from /home/airflow/.local/lib/python3.6/site-packages/airflow/example_dags/example_time_delta_sensor_async.py
[2025-05-31 17:34:45,682] {logging_mixin.py:109} INFO - [2025-05-31 17:34:45,682] {dag.py:2396} INFO - Sync 1 DAGs
[2025-05-31 17:34:45,791] {logging_mixin.py:109} INFO - [2025-05-31 17:34:45,790] {dag.py:2935} INFO - Setting next_dagrun for example_time_delta_sensor_async to None
[2025-05-31 17:34:45,842] {processor.py:171} INFO - Processing /home/airflow/.local/lib/python3.6/site-packages/airflow/example_dags/example_time_delta_sensor_async.py took 0.409 seconds
[2025-05-31 17:35:16,663] {processor.py:163} INFO - Started process (PID=1743) to work on /home/airflow/.local/lib/python3.6/site-packages/airflow/example_dags/example_time_delta_sensor_async.py
[2025-05-31 17:35:16,665] {processor.py:642} INFO - Processing file /home/airflow/.local/lib/python3.6/site-packages/airflow/example_dags/example_time_delta_sensor_async.py for tasks to queue
[2025-05-31 17:35:16,667] {logging_mixin.py:109} INFO - [2025-05-31 17:35:16,667] {dagbag.py:500} INFO - Filling up the DagBag from /home/airflow/.local/lib/python3.6/site-packages/airflow/example_dags/example_time_delta_sensor_async.py
[2025-05-31 17:35:16,744] {processor.py:654} INFO - DAG(s) dict_keys(['example_time_delta_sensor_async']) retrieved from /home/airflow/.local/lib/python3.6/site-packages/airflow/example_dags/example_time_delta_sensor_async.py
[2025-05-31 17:35:16,767] {logging_mixin.py:109} INFO - [2025-05-31 17:35:16,766] {dag.py:2396} INFO - Sync 1 DAGs
[2025-05-31 17:35:16,815] {logging_mixin.py:109} INFO - [2025-05-31 17:35:16,815] {dag.py:2935} INFO - Setting next_dagrun for example_time_delta_sensor_async to None
[2025-05-31 17:35:16,841] {processor.py:171} INFO - Processing /home/airflow/.local/lib/python3.6/site-packages/airflow/example_dags/example_time_delta_sensor_async.py took 0.186 seconds
[2025-05-31 17:35:47,648] {processor.py:163} INFO - Started process (PID=1921) to work on /home/airflow/.local/lib/python3.6/site-packages/airflow/example_dags/example_time_delta_sensor_async.py
[2025-05-31 17:35:47,654] {processor.py:642} INFO - Processing file /home/airflow/.local/lib/python3.6/site-packages/airflow/example_dags/example_time_delta_sensor_async.py for tasks to queue
[2025-05-31 17:35:47,657] {logging_mixin.py:109} INFO - [2025-05-31 17:35:47,657] {dagbag.py:500} INFO - Filling up the DagBag from /home/airflow/.local/lib/python3.6/site-packages/airflow/example_dags/example_time_delta_sensor_async.py
[2025-05-31 17:35:47,718] {processor.py:654} INFO - DAG(s) dict_keys(['example_time_delta_sensor_async']) retrieved from /home/airflow/.local/lib/python3.6/site-packages/airflow/example_dags/example_time_delta_sensor_async.py
[2025-05-31 17:35:47,756] {logging_mixin.py:109} INFO - [2025-05-31 17:35:47,756] {dag.py:2396} INFO - Sync 1 DAGs
[2025-05-31 17:35:47,821] {logging_mixin.py:109} INFO - [2025-05-31 17:35:47,821] {dag.py:2935} INFO - Setting next_dagrun for example_time_delta_sensor_async to None
[2025-05-31 17:35:47,842] {processor.py:171} INFO - Processing /home/airflow/.local/lib/python3.6/site-packages/airflow/example_dags/example_time_delta_sensor_async.py took 0.212 seconds
[2025-05-31 17:36:18,897] {processor.py:163} INFO - Started process (PID=2155) to work on /home/airflow/.local/lib/python3.6/site-packages/airflow/example_dags/example_time_delta_sensor_async.py
[2025-05-31 17:36:18,903] {processor.py:642} INFO - Processing file /home/airflow/.local/lib/python3.6/site-packages/airflow/example_dags/example_time_delta_sensor_async.py for tasks to queue
[2025-05-31 17:36:18,909] {logging_mixin.py:109} INFO - [2025-05-31 17:36:18,908] {dagbag.py:500} INFO - Filling up the DagBag from /home/airflow/.local/lib/python3.6/site-packages/airflow/example_dags/example_time_delta_sensor_async.py
[2025-05-31 17:36:18,969] {processor.py:654} INFO - DAG(s) dict_keys(['example_time_delta_sensor_async']) retrieved from /home/airflow/.local/lib/python3.6/site-packages/airflow/example_dags/example_time_delta_sensor_async.py
[2025-05-31 17:36:18,988] {logging_mixin.py:109} INFO - [2025-05-31 17:36:18,988] {dag.py:2396} INFO - Sync 1 DAGs
[2025-05-31 17:36:19,019] {logging_mixin.py:109} INFO - [2025-05-31 17:36:19,019] {dag.py:2935} INFO - Setting next_dagrun for example_time_delta_sensor_async to None
[2025-05-31 17:36:19,034] {processor.py:171} INFO - Processing /home/airflow/.local/lib/python3.6/site-packages/airflow/example_dags/example_time_delta_sensor_async.py took 0.144 seconds
[2025-05-31 17:36:50,408] {processor.py:163} INFO - Started process (PID=2345) to work on /home/airflow/.local/lib/python3.6/site-packages/airflow/example_dags/example_time_delta_sensor_async.py
[2025-05-31 17:36:50,412] {processor.py:642} INFO - Processing file /home/airflow/.local/lib/python3.6/site-packages/airflow/example_dags/example_time_delta_sensor_async.py for tasks to queue
[2025-05-31 17:36:50,414] {logging_mixin.py:109} INFO - [2025-05-31 17:36:50,414] {dagbag.py:500} INFO - Filling up the DagBag from /home/airflow/.local/lib/python3.6/site-packages/airflow/example_dags/example_time_delta_sensor_async.py
[2025-05-31 17:36:50,472] {processor.py:654} INFO - DAG(s) dict_keys(['example_time_delta_sensor_async']) retrieved from /home/airflow/.local/lib/python3.6/site-packages/airflow/example_dags/example_time_delta_sensor_async.py
[2025-05-31 17:36:50,490] {logging_mixin.py:109} INFO - [2025-05-31 17:36:50,490] {dag.py:2396} INFO - Sync 1 DAGs
[2025-05-31 17:36:50,526] {logging_mixin.py:109} INFO - [2025-05-31 17:36:50,526] {dag.py:2935} INFO - Setting next_dagrun for example_time_delta_sensor_async to None
[2025-05-31 17:36:50,549] {processor.py:171} INFO - Processing /home/airflow/.local/lib/python3.6/site-packages/airflow/example_dags/example_time_delta_sensor_async.py took 0.148 seconds
[2025-05-31 17:37:22,310] {processor.py:163} INFO - Started process (PID=2543) to work on /home/airflow/.local/lib/python3.6/site-packages/airflow/example_dags/example_time_delta_sensor_async.py
[2025-05-31 17:37:22,313] {processor.py:642} INFO - Processing file /home/airflow/.local/lib/python3.6/site-packages/airflow/example_dags/example_time_delta_sensor_async.py for tasks to queue
[2025-05-31 17:37:22,316] {logging_mixin.py:109} INFO - [2025-05-31 17:37:22,316] {dagbag.py:500} INFO - Filling up the DagBag from /home/airflow/.local/lib/python3.6/site-packages/airflow/example_dags/example_time_delta_sensor_async.py
[2025-05-31 17:37:22,374] {processor.py:654} INFO - DAG(s) dict_keys(['example_time_delta_sensor_async']) retrieved from /home/airflow/.local/lib/python3.6/site-packages/airflow/example_dags/example_time_delta_sensor_async.py
[2025-05-31 17:37:22,397] {logging_mixin.py:109} INFO - [2025-05-31 17:37:22,396] {dag.py:2396} INFO - Sync 1 DAGs
[2025-05-31 17:37:22,436] {logging_mixin.py:109} INFO - [2025-05-31 17:37:22,436] {dag.py:2935} INFO - Setting next_dagrun for example_time_delta_sensor_async to None
[2025-05-31 17:37:22,454] {processor.py:171} INFO - Processing /home/airflow/.local/lib/python3.6/site-packages/airflow/example_dags/example_time_delta_sensor_async.py took 0.152 seconds
[2025-05-31 17:37:53,767] {processor.py:163} INFO - Started process (PID=2736) to work on /home/airflow/.local/lib/python3.6/site-packages/airflow/example_dags/example_time_delta_sensor_async.py
[2025-05-31 17:37:53,772] {processor.py:642} INFO - Processing file /home/airflow/.local/lib/python3.6/site-packages/airflow/example_dags/example_time_delta_sensor_async.py for tasks to queue
[2025-05-31 17:37:53,774] {logging_mixin.py:109} INFO - [2025-05-31 17:37:53,774] {dagbag.py:500} INFO - Filling up the DagBag from /home/airflow/.local/lib/python3.6/site-packages/airflow/example_dags/example_time_delta_sensor_async.py
[2025-05-31 17:37:53,893] {processor.py:654} INFO - DAG(s) dict_keys(['example_time_delta_sensor_async']) retrieved from /home/airflow/.local/lib/python3.6/site-packages/airflow/example_dags/example_time_delta_sensor_async.py
[2025-05-31 17:37:53,925] {logging_mixin.py:109} INFO - [2025-05-31 17:37:53,924] {dag.py:2396} INFO - Sync 1 DAGs
[2025-05-31 17:37:53,993] {logging_mixin.py:109} INFO - [2025-05-31 17:37:53,993] {dag.py:2935} INFO - Setting next_dagrun for example_time_delta_sensor_async to None
[2025-05-31 17:37:54,016] {processor.py:171} INFO - Processing /home/airflow/.local/lib/python3.6/site-packages/airflow/example_dags/example_time_delta_sensor_async.py took 0.267 seconds
[2025-05-31 17:38:24,231] {processor.py:163} INFO - Started process (PID=2924) to work on /home/airflow/.local/lib/python3.6/site-packages/airflow/example_dags/example_time_delta_sensor_async.py
[2025-05-31 17:38:24,234] {processor.py:642} INFO - Processing file /home/airflow/.local/lib/python3.6/site-packages/airflow/example_dags/example_time_delta_sensor_async.py for tasks to queue
[2025-05-31 17:38:24,236] {logging_mixin.py:109} INFO - [2025-05-31 17:38:24,236] {dagbag.py:500} INFO - Filling up the DagBag from /home/airflow/.local/lib/python3.6/site-packages/airflow/example_dags/example_time_delta_sensor_async.py
[2025-05-31 17:38:24,287] {processor.py:654} INFO - DAG(s) dict_keys(['example_time_delta_sensor_async']) retrieved from /home/airflow/.local/lib/python3.6/site-packages/airflow/example_dags/example_time_delta_sensor_async.py
[2025-05-31 17:38:24,311] {logging_mixin.py:109} INFO - [2025-05-31 17:38:24,310] {dag.py:2396} INFO - Sync 1 DAGs
[2025-05-31 17:38:24,344] {logging_mixin.py:109} INFO - [2025-05-31 17:38:24,344] {dag.py:2935} INFO - Setting next_dagrun for example_time_delta_sensor_async to None
[2025-05-31 17:38:24,361] {processor.py:171} INFO - Processing /home/airflow/.local/lib/python3.6/site-packages/airflow/example_dags/example_time_delta_sensor_async.py took 0.136 seconds
[2025-05-31 17:38:55,155] {processor.py:163} INFO - Started process (PID=3117) to work on /home/airflow/.local/lib/python3.6/site-packages/airflow/example_dags/example_time_delta_sensor_async.py
[2025-05-31 17:38:55,157] {processor.py:642} INFO - Processing file /home/airflow/.local/lib/python3.6/site-packages/airflow/example_dags/example_time_delta_sensor_async.py for tasks to queue
[2025-05-31 17:38:55,159] {logging_mixin.py:109} INFO - [2025-05-31 17:38:55,159] {dagbag.py:500} INFO - Filling up the DagBag from /home/airflow/.local/lib/python3.6/site-packages/airflow/example_dags/example_time_delta_sensor_async.py
[2025-05-31 17:38:55,212] {processor.py:654} INFO - DAG(s) dict_keys(['example_time_delta_sensor_async']) retrieved from /home/airflow/.local/lib/python3.6/site-packages/airflow/example_dags/example_time_delta_sensor_async.py
[2025-05-31 17:38:55,233] {logging_mixin.py:109} INFO - [2025-05-31 17:38:55,233] {dag.py:2396} INFO - Sync 1 DAGs
[2025-05-31 17:38:55,278] {logging_mixin.py:109} INFO - [2025-05-31 17:38:55,278] {dag.py:2935} INFO - Setting next_dagrun for example_time_delta_sensor_async to None
[2025-05-31 17:38:55,297] {processor.py:171} INFO - Processing /home/airflow/.local/lib/python3.6/site-packages/airflow/example_dags/example_time_delta_sensor_async.py took 0.149 seconds
[2025-05-31 17:39:27,507] {processor.py:163} INFO - Started process (PID=3338) to work on /home/airflow/.local/lib/python3.6/site-packages/airflow/example_dags/example_time_delta_sensor_async.py
[2025-05-31 17:39:27,510] {processor.py:642} INFO - Processing file /home/airflow/.local/lib/python3.6/site-packages/airflow/example_dags/example_time_delta_sensor_async.py for tasks to queue
[2025-05-31 17:39:27,512] {logging_mixin.py:109} INFO - [2025-05-31 17:39:27,512] {dagbag.py:500} INFO - Filling up the DagBag from /home/airflow/.local/lib/python3.6/site-packages/airflow/example_dags/example_time_delta_sensor_async.py
[2025-05-31 17:39:27,579] {processor.py:654} INFO - DAG(s) dict_keys(['example_time_delta_sensor_async']) retrieved from /home/airflow/.local/lib/python3.6/site-packages/airflow/example_dags/example_time_delta_sensor_async.py
[2025-05-31 17:39:27,601] {logging_mixin.py:109} INFO - [2025-05-31 17:39:27,601] {dag.py:2396} INFO - Sync 1 DAGs
[2025-05-31 17:39:27,634] {logging_mixin.py:109} INFO - [2025-05-31 17:39:27,634] {dag.py:2935} INFO - Setting next_dagrun for example_time_delta_sensor_async to None
[2025-05-31 17:39:27,654] {processor.py:171} INFO - Processing /home/airflow/.local/lib/python3.6/site-packages/airflow/example_dags/example_time_delta_sensor_async.py took 0.153 seconds
[2025-05-31 17:39:58,363] {processor.py:163} INFO - Started process (PID=3529) to work on /home/airflow/.local/lib/python3.6/site-packages/airflow/example_dags/example_time_delta_sensor_async.py
[2025-05-31 17:39:58,366] {processor.py:642} INFO - Processing file /home/airflow/.local/lib/python3.6/site-packages/airflow/example_dags/example_time_delta_sensor_async.py for tasks to queue
[2025-05-31 17:39:58,368] {logging_mixin.py:109} INFO - [2025-05-31 17:39:58,368] {dagbag.py:500} INFO - Filling up the DagBag from /home/airflow/.local/lib/python3.6/site-packages/airflow/example_dags/example_time_delta_sensor_async.py
[2025-05-31 17:39:58,421] {processor.py:654} INFO - DAG(s) dict_keys(['example_time_delta_sensor_async']) retrieved from /home/airflow/.local/lib/python3.6/site-packages/airflow/example_dags/example_time_delta_sensor_async.py
[2025-05-31 17:39:58,443] {logging_mixin.py:109} INFO - [2025-05-31 17:39:58,442] {dag.py:2396} INFO - Sync 1 DAGs
[2025-05-31 17:39:58,476] {logging_mixin.py:109} INFO - [2025-05-31 17:39:58,476] {dag.py:2935} INFO - Setting next_dagrun for example_time_delta_sensor_async to None
[2025-05-31 17:39:58,494] {processor.py:171} INFO - Processing /home/airflow/.local/lib/python3.6/site-packages/airflow/example_dags/example_time_delta_sensor_async.py took 0.137 seconds
[2025-05-31 17:40:29,918] {processor.py:163} INFO - Started process (PID=3722) to work on /home/airflow/.local/lib/python3.6/site-packages/airflow/example_dags/example_time_delta_sensor_async.py
[2025-05-31 17:40:29,921] {processor.py:642} INFO - Processing file /home/airflow/.local/lib/python3.6/site-packages/airflow/example_dags/example_time_delta_sensor_async.py for tasks to queue
[2025-05-31 17:40:29,923] {logging_mixin.py:109} INFO - [2025-05-31 17:40:29,923] {dagbag.py:500} INFO - Filling up the DagBag from /home/airflow/.local/lib/python3.6/site-packages/airflow/example_dags/example_time_delta_sensor_async.py
[2025-05-31 17:40:29,969] {processor.py:654} INFO - DAG(s) dict_keys(['example_time_delta_sensor_async']) retrieved from /home/airflow/.local/lib/python3.6/site-packages/airflow/example_dags/example_time_delta_sensor_async.py
[2025-05-31 17:40:29,993] {logging_mixin.py:109} INFO - [2025-05-31 17:40:29,993] {dag.py:2396} INFO - Sync 1 DAGs
[2025-05-31 17:40:30,063] {logging_mixin.py:109} INFO - [2025-05-31 17:40:30,063] {dag.py:2935} INFO - Setting next_dagrun for example_time_delta_sensor_async to None
[2025-05-31 17:40:30,098] {processor.py:171} INFO - Processing /home/airflow/.local/lib/python3.6/site-packages/airflow/example_dags/example_time_delta_sensor_async.py took 0.187 seconds
[2025-05-31 17:41:01,403] {processor.py:163} INFO - Started process (PID=3913) to work on /home/airflow/.local/lib/python3.6/site-packages/airflow/example_dags/example_time_delta_sensor_async.py
[2025-05-31 17:41:01,406] {processor.py:642} INFO - Processing file /home/airflow/.local/lib/python3.6/site-packages/airflow/example_dags/example_time_delta_sensor_async.py for tasks to queue
[2025-05-31 17:41:01,408] {logging_mixin.py:109} INFO - [2025-05-31 17:41:01,408] {dagbag.py:500} INFO - Filling up the DagBag from /home/airflow/.local/lib/python3.6/site-packages/airflow/example_dags/example_time_delta_sensor_async.py
[2025-05-31 17:41:01,463] {processor.py:654} INFO - DAG(s) dict_keys(['example_time_delta_sensor_async']) retrieved from /home/airflow/.local/lib/python3.6/site-packages/airflow/example_dags/example_time_delta_sensor_async.py
[2025-05-31 17:41:01,494] {logging_mixin.py:109} INFO - [2025-05-31 17:41:01,494] {dag.py:2396} INFO - Sync 1 DAGs
[2025-05-31 17:41:01,545] {logging_mixin.py:109} INFO - [2025-05-31 17:41:01,545] {dag.py:2935} INFO - Setting next_dagrun for example_time_delta_sensor_async to None
[2025-05-31 17:41:01,570] {processor.py:171} INFO - Processing /home/airflow/.local/lib/python3.6/site-packages/airflow/example_dags/example_time_delta_sensor_async.py took 0.177 seconds
[2025-05-31 17:41:33,029] {processor.py:163} INFO - Started process (PID=4109) to work on /home/airflow/.local/lib/python3.6/site-packages/airflow/example_dags/example_time_delta_sensor_async.py
[2025-05-31 17:41:33,032] {processor.py:642} INFO - Processing file /home/airflow/.local/lib/python3.6/site-packages/airflow/example_dags/example_time_delta_sensor_async.py for tasks to queue
[2025-05-31 17:41:33,035] {logging_mixin.py:109} INFO - [2025-05-31 17:41:33,034] {dagbag.py:500} INFO - Filling up the DagBag from /home/airflow/.local/lib/python3.6/site-packages/airflow/example_dags/example_time_delta_sensor_async.py
[2025-05-31 17:41:33,100] {processor.py:654} INFO - DAG(s) dict_keys(['example_time_delta_sensor_async']) retrieved from /home/airflow/.local/lib/python3.6/site-packages/airflow/example_dags/example_time_delta_sensor_async.py
[2025-05-31 17:41:33,125] {logging_mixin.py:109} INFO - [2025-05-31 17:41:33,124] {dag.py:2396} INFO - Sync 1 DAGs
[2025-05-31 17:41:33,165] {logging_mixin.py:109} INFO - [2025-05-31 17:41:33,165] {dag.py:2935} INFO - Setting next_dagrun for example_time_delta_sensor_async to None
[2025-05-31 17:41:33,194] {processor.py:171} INFO - Processing /home/airflow/.local/lib/python3.6/site-packages/airflow/example_dags/example_time_delta_sensor_async.py took 0.173 seconds
[2025-05-31 17:42:05,439] {processor.py:163} INFO - Started process (PID=4297) to work on /home/airflow/.local/lib/python3.6/site-packages/airflow/example_dags/example_time_delta_sensor_async.py
[2025-05-31 17:42:05,442] {processor.py:642} INFO - Processing file /home/airflow/.local/lib/python3.6/site-packages/airflow/example_dags/example_time_delta_sensor_async.py for tasks to queue
[2025-05-31 17:42:05,444] {logging_mixin.py:109} INFO - [2025-05-31 17:42:05,444] {dagbag.py:500} INFO - Filling up the DagBag from /home/airflow/.local/lib/python3.6/site-packages/airflow/example_dags/example_time_delta_sensor_async.py
[2025-05-31 17:42:05,512] {processor.py:654} INFO - DAG(s) dict_keys(['example_time_delta_sensor_async']) retrieved from /home/airflow/.local/lib/python3.6/site-packages/airflow/example_dags/example_time_delta_sensor_async.py
[2025-05-31 17:42:05,537] {logging_mixin.py:109} INFO - [2025-05-31 17:42:05,537] {dag.py:2396} INFO - Sync 1 DAGs
[2025-05-31 17:42:05,587] {logging_mixin.py:109} INFO - [2025-05-31 17:42:05,587] {dag.py:2935} INFO - Setting next_dagrun for example_time_delta_sensor_async to None
[2025-05-31 17:42:05,607] {processor.py:171} INFO - Processing /home/airflow/.local/lib/python3.6/site-packages/airflow/example_dags/example_time_delta_sensor_async.py took 0.176 seconds
[2025-05-31 17:42:36,845] {processor.py:163} INFO - Started process (PID=4484) to work on /home/airflow/.local/lib/python3.6/site-packages/airflow/example_dags/example_time_delta_sensor_async.py
[2025-05-31 17:42:36,847] {processor.py:642} INFO - Processing file /home/airflow/.local/lib/python3.6/site-packages/airflow/example_dags/example_time_delta_sensor_async.py for tasks to queue
[2025-05-31 17:42:36,849] {logging_mixin.py:109} INFO - [2025-05-31 17:42:36,848] {dagbag.py:500} INFO - Filling up the DagBag from /home/airflow/.local/lib/python3.6/site-packages/airflow/example_dags/example_time_delta_sensor_async.py
[2025-05-31 17:42:36,904] {processor.py:654} INFO - DAG(s) dict_keys(['example_time_delta_sensor_async']) retrieved from /home/airflow/.local/lib/python3.6/site-packages/airflow/example_dags/example_time_delta_sensor_async.py
[2025-05-31 17:42:36,927] {logging_mixin.py:109} INFO - [2025-05-31 17:42:36,926] {dag.py:2396} INFO - Sync 1 DAGs
[2025-05-31 17:42:36,958] {logging_mixin.py:109} INFO - [2025-05-31 17:42:36,958] {dag.py:2935} INFO - Setting next_dagrun for example_time_delta_sensor_async to None
[2025-05-31 17:42:36,974] {processor.py:171} INFO - Processing /home/airflow/.local/lib/python3.6/site-packages/airflow/example_dags/example_time_delta_sensor_async.py took 0.136 seconds
[2025-05-31 17:43:07,295] {processor.py:163} INFO - Started process (PID=4654) to work on /home/airflow/.local/lib/python3.6/site-packages/airflow/example_dags/example_time_delta_sensor_async.py
[2025-05-31 17:43:07,297] {processor.py:642} INFO - Processing file /home/airflow/.local/lib/python3.6/site-packages/airflow/example_dags/example_time_delta_sensor_async.py for tasks to queue
[2025-05-31 17:43:07,299] {logging_mixin.py:109} INFO - [2025-05-31 17:43:07,299] {dagbag.py:500} INFO - Filling up the DagBag from /home/airflow/.local/lib/python3.6/site-packages/airflow/example_dags/example_time_delta_sensor_async.py
[2025-05-31 17:43:07,355] {processor.py:654} INFO - DAG(s) dict_keys(['example_time_delta_sensor_async']) retrieved from /home/airflow/.local/lib/python3.6/site-packages/airflow/example_dags/example_time_delta_sensor_async.py
[2025-05-31 17:43:07,375] {logging_mixin.py:109} INFO - [2025-05-31 17:43:07,375] {dag.py:2396} INFO - Sync 1 DAGs
[2025-05-31 17:43:07,407] {logging_mixin.py:109} INFO - [2025-05-31 17:43:07,407] {dag.py:2935} INFO - Setting next_dagrun for example_time_delta_sensor_async to None
[2025-05-31 17:43:07,425] {processor.py:171} INFO - Processing /home/airflow/.local/lib/python3.6/site-packages/airflow/example_dags/example_time_delta_sensor_async.py took 0.137 seconds
[2025-05-31 17:43:38,249] {processor.py:163} INFO - Started process (PID=4847) to work on /home/airflow/.local/lib/python3.6/site-packages/airflow/example_dags/example_time_delta_sensor_async.py
[2025-05-31 17:43:38,252] {processor.py:642} INFO - Processing file /home/airflow/.local/lib/python3.6/site-packages/airflow/example_dags/example_time_delta_sensor_async.py for tasks to queue
[2025-05-31 17:43:38,253] {logging_mixin.py:109} INFO - [2025-05-31 17:43:38,253] {dagbag.py:500} INFO - Filling up the DagBag from /home/airflow/.local/lib/python3.6/site-packages/airflow/example_dags/example_time_delta_sensor_async.py
[2025-05-31 17:43:38,306] {processor.py:654} INFO - DAG(s) dict_keys(['example_time_delta_sensor_async']) retrieved from /home/airflow/.local/lib/python3.6/site-packages/airflow/example_dags/example_time_delta_sensor_async.py
[2025-05-31 17:43:38,328] {logging_mixin.py:109} INFO - [2025-05-31 17:43:38,327] {dag.py:2396} INFO - Sync 1 DAGs
[2025-05-31 17:43:38,371] {logging_mixin.py:109} INFO - [2025-05-31 17:43:38,371] {dag.py:2935} INFO - Setting next_dagrun for example_time_delta_sensor_async to None
[2025-05-31 17:43:38,391] {processor.py:171} INFO - Processing /home/airflow/.local/lib/python3.6/site-packages/airflow/example_dags/example_time_delta_sensor_async.py took 0.148 seconds
[2025-05-31 17:44:08,633] {processor.py:163} INFO - Started process (PID=5038) to work on /home/airflow/.local/lib/python3.6/site-packages/airflow/example_dags/example_time_delta_sensor_async.py
[2025-05-31 17:44:08,635] {processor.py:642} INFO - Processing file /home/airflow/.local/lib/python3.6/site-packages/airflow/example_dags/example_time_delta_sensor_async.py for tasks to queue
[2025-05-31 17:44:08,636] {logging_mixin.py:109} INFO - [2025-05-31 17:44:08,636] {dagbag.py:500} INFO - Filling up the DagBag from /home/airflow/.local/lib/python3.6/site-packages/airflow/example_dags/example_time_delta_sensor_async.py
[2025-05-31 17:44:08,682] {processor.py:654} INFO - DAG(s) dict_keys(['example_time_delta_sensor_async']) retrieved from /home/airflow/.local/lib/python3.6/site-packages/airflow/example_dags/example_time_delta_sensor_async.py
[2025-05-31 17:44:08,701] {logging_mixin.py:109} INFO - [2025-05-31 17:44:08,701] {dag.py:2396} INFO - Sync 1 DAGs
[2025-05-31 17:44:08,582] {logging_mixin.py:109} INFO - [2025-05-31 17:44:08,582] {dag.py:2935} INFO - Setting next_dagrun for example_time_delta_sensor_async to None
[2025-05-31 17:44:08,609] {processor.py:171} INFO - Processing /home/airflow/.local/lib/python3.6/site-packages/airflow/example_dags/example_time_delta_sensor_async.py took 0.137 seconds
[2025-05-31 17:44:39,224] {processor.py:163} INFO - Started process (PID=5231) to work on /home/airflow/.local/lib/python3.6/site-packages/airflow/example_dags/example_time_delta_sensor_async.py
[2025-05-31 17:44:39,227] {processor.py:642} INFO - Processing file /home/airflow/.local/lib/python3.6/site-packages/airflow/example_dags/example_time_delta_sensor_async.py for tasks to queue
[2025-05-31 17:44:39,229] {logging_mixin.py:109} INFO - [2025-05-31 17:44:39,229] {dagbag.py:500} INFO - Filling up the DagBag from /home/airflow/.local/lib/python3.6/site-packages/airflow/example_dags/example_time_delta_sensor_async.py
[2025-05-31 17:44:39,272] {processor.py:654} INFO - DAG(s) dict_keys(['example_time_delta_sensor_async']) retrieved from /home/airflow/.local/lib/python3.6/site-packages/airflow/example_dags/example_time_delta_sensor_async.py
[2025-05-31 17:44:39,287] {logging_mixin.py:109} INFO - [2025-05-31 17:44:39,287] {dag.py:2396} INFO - Sync 1 DAGs
[2025-05-31 17:44:39,319] {logging_mixin.py:109} INFO - [2025-05-31 17:44:39,319] {dag.py:2935} INFO - Setting next_dagrun for example_time_delta_sensor_async to None
[2025-05-31 17:44:39,342] {processor.py:171} INFO - Processing /home/airflow/.local/lib/python3.6/site-packages/airflow/example_dags/example_time_delta_sensor_async.py took 0.124 seconds
[2025-05-31 17:45:09,667] {processor.py:163} INFO - Started process (PID=5424) to work on /home/airflow/.local/lib/python3.6/site-packages/airflow/example_dags/example_time_delta_sensor_async.py
[2025-05-31 17:45:09,669] {processor.py:642} INFO - Processing file /home/airflow/.local/lib/python3.6/site-packages/airflow/example_dags/example_time_delta_sensor_async.py for tasks to queue
[2025-05-31 17:45:09,671] {logging_mixin.py:109} INFO - [2025-05-31 17:45:09,671] {dagbag.py:500} INFO - Filling up the DagBag from /home/airflow/.local/lib/python3.6/site-packages/airflow/example_dags/example_time_delta_sensor_async.py
[2025-05-31 17:45:09,714] {processor.py:654} INFO - DAG(s) dict_keys(['example_time_delta_sensor_async']) retrieved from /home/airflow/.local/lib/python3.6/site-packages/airflow/example_dags/example_time_delta_sensor_async.py
[2025-05-31 17:45:09,734] {logging_mixin.py:109} INFO - [2025-05-31 17:45:09,733] {dag.py:2396} INFO - Sync 1 DAGs
[2025-05-31 17:45:09,759] {logging_mixin.py:109} INFO - [2025-05-31 17:45:09,759] {dag.py:2935} INFO - Setting next_dagrun for example_time_delta_sensor_async to None
[2025-05-31 17:45:09,787] {processor.py:171} INFO - Processing /home/airflow/.local/lib/python3.6/site-packages/airflow/example_dags/example_time_delta_sensor_async.py took 0.123 seconds
