[2025-05-31 10:45:47,918] {processor.py:163} INFO - Started process (PID=224) to work on /home/airflow/.local/lib/python3.6/site-packages/airflow/example_dags/example_dag_decorator.py
[2025-05-31 10:45:47,920] {processor.py:642} INFO - Processing file /home/airflow/.local/lib/python3.6/site-packages/airflow/example_dags/example_dag_decorator.py for tasks to queue
[2025-05-31 10:45:47,922] {logging_mixin.py:109} INFO - [2025-05-31 10:45:47,921] {dagbag.py:500} INFO - Filling up the DagBag from /home/airflow/.local/lib/python3.6/site-packages/airflow/example_dags/example_dag_decorator.py
[2025-05-31 10:45:48,034] {processor.py:654} INFO - DAG(s) dict_keys(['example_dag_decorator']) retrieved from /home/airflow/.local/lib/python3.6/site-packages/airflow/example_dags/example_dag_decorator.py
[2025-05-31 10:45:48,620] {logging_mixin.py:109} INFO - [2025-05-31 10:45:48,620] {dag.py:2396} INFO - Sync 1 DAGs
[2025-05-31 10:45:48,657] {logging_mixin.py:109} INFO - [2025-05-31 10:45:48,657] {dag.py:2935} INFO - Setting next_dagrun for example_dag_decorator to None
[2025-05-31 10:45:48,684] {processor.py:171} INFO - Processing /home/airflow/.local/lib/python3.6/site-packages/airflow/example_dags/example_dag_decorator.py took 0.773 seconds
[2025-05-31 10:46:19,242] {processor.py:163} INFO - Started process (PID=414) to work on /home/airflow/.local/lib/python3.6/site-packages/airflow/example_dags/example_dag_decorator.py
[2025-05-31 10:46:19,245] {processor.py:642} INFO - Processing file /home/airflow/.local/lib/python3.6/site-packages/airflow/example_dags/example_dag_decorator.py for tasks to queue
[2025-05-31 10:46:19,248] {logging_mixin.py:109} INFO - [2025-05-31 10:46:19,247] {dagbag.py:500} INFO - Filling up the DagBag from /home/airflow/.local/lib/python3.6/site-packages/airflow/example_dags/example_dag_decorator.py
[2025-05-31 10:46:19,325] {processor.py:654} INFO - DAG(s) dict_keys(['example_dag_decorator']) retrieved from /home/airflow/.local/lib/python3.6/site-packages/airflow/example_dags/example_dag_decorator.py
[2025-05-31 10:46:19,908] {logging_mixin.py:109} INFO - [2025-05-31 10:46:19,908] {dag.py:2396} INFO - Sync 1 DAGs
[2025-05-31 10:46:19,934] {logging_mixin.py:109} INFO - [2025-05-31 10:46:19,933] {dag.py:2935} INFO - Setting next_dagrun for example_dag_decorator to None
[2025-05-31 10:46:19,950] {processor.py:171} INFO - Processing /home/airflow/.local/lib/python3.6/site-packages/airflow/example_dags/example_dag_decorator.py took 0.714 seconds
[2025-05-31 10:46:50,218] {processor.py:163} INFO - Started process (PID=609) to work on /home/airflow/.local/lib/python3.6/site-packages/airflow/example_dags/example_dag_decorator.py
[2025-05-31 10:46:50,220] {processor.py:642} INFO - Processing file /home/airflow/.local/lib/python3.6/site-packages/airflow/example_dags/example_dag_decorator.py for tasks to queue
[2025-05-31 10:46:50,222] {logging_mixin.py:109} INFO - [2025-05-31 10:46:50,221] {dagbag.py:500} INFO - Filling up the DagBag from /home/airflow/.local/lib/python3.6/site-packages/airflow/example_dags/example_dag_decorator.py
[2025-05-31 10:46:50,279] {processor.py:654} INFO - DAG(s) dict_keys(['example_dag_decorator']) retrieved from /home/airflow/.local/lib/python3.6/site-packages/airflow/example_dags/example_dag_decorator.py
[2025-05-31 10:46:50,738] {logging_mixin.py:109} INFO - [2025-05-31 10:46:50,738] {dag.py:2396} INFO - Sync 1 DAGs
[2025-05-31 10:46:50,760] {logging_mixin.py:109} INFO - [2025-05-31 10:46:50,760] {dag.py:2935} INFO - Setting next_dagrun for example_dag_decorator to None
[2025-05-31 10:46:50,776] {processor.py:171} INFO - Processing /home/airflow/.local/lib/python3.6/site-packages/airflow/example_dags/example_dag_decorator.py took 0.563 seconds
[2025-05-31 10:47:21,327] {processor.py:163} INFO - Started process (PID=799) to work on /home/airflow/.local/lib/python3.6/site-packages/airflow/example_dags/example_dag_decorator.py
[2025-05-31 10:47:21,329] {processor.py:642} INFO - Processing file /home/airflow/.local/lib/python3.6/site-packages/airflow/example_dags/example_dag_decorator.py for tasks to queue
[2025-05-31 10:47:21,331] {logging_mixin.py:109} INFO - [2025-05-31 10:47:21,331] {dagbag.py:500} INFO - Filling up the DagBag from /home/airflow/.local/lib/python3.6/site-packages/airflow/example_dags/example_dag_decorator.py
[2025-05-31 10:47:21,381] {processor.py:654} INFO - DAG(s) dict_keys(['example_dag_decorator']) retrieved from /home/airflow/.local/lib/python3.6/site-packages/airflow/example_dags/example_dag_decorator.py
[2025-05-31 10:47:21,868] {logging_mixin.py:109} INFO - [2025-05-31 10:47:21,868] {dag.py:2396} INFO - Sync 1 DAGs
[2025-05-31 10:47:21,887] {logging_mixin.py:109} INFO - [2025-05-31 10:47:21,887] {dag.py:2935} INFO - Setting next_dagrun for example_dag_decorator to None
[2025-05-31 10:47:21,903] {processor.py:171} INFO - Processing /home/airflow/.local/lib/python3.6/site-packages/airflow/example_dags/example_dag_decorator.py took 0.582 seconds
[2025-05-31 10:47:52,192] {processor.py:163} INFO - Started process (PID=980) to work on /home/airflow/.local/lib/python3.6/site-packages/airflow/example_dags/example_dag_decorator.py
[2025-05-31 10:47:52,194] {processor.py:642} INFO - Processing file /home/airflow/.local/lib/python3.6/site-packages/airflow/example_dags/example_dag_decorator.py for tasks to queue
[2025-05-31 10:47:52,195] {logging_mixin.py:109} INFO - [2025-05-31 10:47:52,195] {dagbag.py:500} INFO - Filling up the DagBag from /home/airflow/.local/lib/python3.6/site-packages/airflow/example_dags/example_dag_decorator.py
[2025-05-31 10:47:52,243] {processor.py:654} INFO - DAG(s) dict_keys(['example_dag_decorator']) retrieved from /home/airflow/.local/lib/python3.6/site-packages/airflow/example_dags/example_dag_decorator.py
[2025-05-31 10:47:52,257] {logging_mixin.py:109} INFO - [2025-05-31 10:47:52,257] {dag.py:2396} INFO - Sync 1 DAGs
[2025-05-31 10:47:52,283] {logging_mixin.py:109} INFO - [2025-05-31 10:47:52,283] {dag.py:2935} INFO - Setting next_dagrun for example_dag_decorator to None
[2025-05-31 10:47:52,297] {processor.py:171} INFO - Processing /home/airflow/.local/lib/python3.6/site-packages/airflow/example_dags/example_dag_decorator.py took 0.109 seconds
[2025-05-31 10:48:23,521] {processor.py:163} INFO - Started process (PID=1160) to work on /home/airflow/.local/lib/python3.6/site-packages/airflow/example_dags/example_dag_decorator.py
[2025-05-31 10:48:23,524] {processor.py:642} INFO - Processing file /home/airflow/.local/lib/python3.6/site-packages/airflow/example_dags/example_dag_decorator.py for tasks to queue
[2025-05-31 10:48:23,525] {logging_mixin.py:109} INFO - [2025-05-31 10:48:23,525] {dagbag.py:500} INFO - Filling up the DagBag from /home/airflow/.local/lib/python3.6/site-packages/airflow/example_dags/example_dag_decorator.py
[2025-05-31 10:48:23,599] {processor.py:654} INFO - DAG(s) dict_keys(['example_dag_decorator']) retrieved from /home/airflow/.local/lib/python3.6/site-packages/airflow/example_dags/example_dag_decorator.py
[2025-05-31 10:48:24,062] {logging_mixin.py:109} INFO - [2025-05-31 10:48:24,061] {dag.py:2396} INFO - Sync 1 DAGs
[2025-05-31 10:48:24,093] {logging_mixin.py:109} INFO - [2025-05-31 10:48:24,093] {dag.py:2935} INFO - Setting next_dagrun for example_dag_decorator to None
[2025-05-31 10:48:24,111] {processor.py:171} INFO - Processing /home/airflow/.local/lib/python3.6/site-packages/airflow/example_dags/example_dag_decorator.py took 0.599 seconds
[2025-05-31 10:48:54,701] {processor.py:163} INFO - Started process (PID=1340) to work on /home/airflow/.local/lib/python3.6/site-packages/airflow/example_dags/example_dag_decorator.py
[2025-05-31 10:48:54,704] {processor.py:642} INFO - Processing file /home/airflow/.local/lib/python3.6/site-packages/airflow/example_dags/example_dag_decorator.py for tasks to queue
[2025-05-31 10:48:54,706] {logging_mixin.py:109} INFO - [2025-05-31 10:48:54,706] {dagbag.py:500} INFO - Filling up the DagBag from /home/airflow/.local/lib/python3.6/site-packages/airflow/example_dags/example_dag_decorator.py
[2025-05-31 10:48:54,790] {processor.py:654} INFO - DAG(s) dict_keys(['example_dag_decorator']) retrieved from /home/airflow/.local/lib/python3.6/site-packages/airflow/example_dags/example_dag_decorator.py
[2025-05-31 10:48:55,370] {logging_mixin.py:109} INFO - [2025-05-31 10:48:55,369] {dag.py:2396} INFO - Sync 1 DAGs
[2025-05-31 10:48:55,408] {logging_mixin.py:109} INFO - [2025-05-31 10:48:55,407] {dag.py:2935} INFO - Setting next_dagrun for example_dag_decorator to None
[2025-05-31 10:48:55,433] {processor.py:171} INFO - Processing /home/airflow/.local/lib/python3.6/site-packages/airflow/example_dags/example_dag_decorator.py took 0.738 seconds
[2025-05-31 10:49:25,517] {processor.py:163} INFO - Started process (PID=1522) to work on /home/airflow/.local/lib/python3.6/site-packages/airflow/example_dags/example_dag_decorator.py
[2025-05-31 10:49:25,519] {processor.py:642} INFO - Processing file /home/airflow/.local/lib/python3.6/site-packages/airflow/example_dags/example_dag_decorator.py for tasks to queue
[2025-05-31 10:49:25,520] {logging_mixin.py:109} INFO - [2025-05-31 10:49:25,520] {dagbag.py:500} INFO - Filling up the DagBag from /home/airflow/.local/lib/python3.6/site-packages/airflow/example_dags/example_dag_decorator.py
[2025-05-31 10:49:25,570] {processor.py:654} INFO - DAG(s) dict_keys(['example_dag_decorator']) retrieved from /home/airflow/.local/lib/python3.6/site-packages/airflow/example_dags/example_dag_decorator.py
[2025-05-31 10:49:26,057] {logging_mixin.py:109} INFO - [2025-05-31 10:49:26,056] {dag.py:2396} INFO - Sync 1 DAGs
[2025-05-31 10:49:26,083] {logging_mixin.py:109} INFO - [2025-05-31 10:49:26,083] {dag.py:2935} INFO - Setting next_dagrun for example_dag_decorator to None
[2025-05-31 10:49:26,106] {processor.py:171} INFO - Processing /home/airflow/.local/lib/python3.6/site-packages/airflow/example_dags/example_dag_decorator.py took 0.594 seconds
[2025-05-31 10:49:56,361] {processor.py:163} INFO - Started process (PID=1709) to work on /home/airflow/.local/lib/python3.6/site-packages/airflow/example_dags/example_dag_decorator.py
[2025-05-31 10:49:56,363] {processor.py:642} INFO - Processing file /home/airflow/.local/lib/python3.6/site-packages/airflow/example_dags/example_dag_decorator.py for tasks to queue
[2025-05-31 10:49:56,365] {logging_mixin.py:109} INFO - [2025-05-31 10:49:56,365] {dagbag.py:500} INFO - Filling up the DagBag from /home/airflow/.local/lib/python3.6/site-packages/airflow/example_dags/example_dag_decorator.py
[2025-05-31 10:49:56,479] {processor.py:654} INFO - DAG(s) dict_keys(['example_dag_decorator']) retrieved from /home/airflow/.local/lib/python3.6/site-packages/airflow/example_dags/example_dag_decorator.py
[2025-05-31 10:49:57,223] {logging_mixin.py:109} INFO - [2025-05-31 10:49:57,223] {dag.py:2396} INFO - Sync 1 DAGs
[2025-05-31 10:49:57,250] {logging_mixin.py:109} INFO - [2025-05-31 10:49:57,250] {dag.py:2935} INFO - Setting next_dagrun for example_dag_decorator to None
[2025-05-31 10:49:57,270] {processor.py:171} INFO - Processing /home/airflow/.local/lib/python3.6/site-packages/airflow/example_dags/example_dag_decorator.py took 0.914 seconds
[2025-05-31 10:50:27,476] {processor.py:163} INFO - Started process (PID=1893) to work on /home/airflow/.local/lib/python3.6/site-packages/airflow/example_dags/example_dag_decorator.py
[2025-05-31 10:50:27,478] {processor.py:642} INFO - Processing file /home/airflow/.local/lib/python3.6/site-packages/airflow/example_dags/example_dag_decorator.py for tasks to queue
[2025-05-31 10:50:27,479] {logging_mixin.py:109} INFO - [2025-05-31 10:50:27,479] {dagbag.py:500} INFO - Filling up the DagBag from /home/airflow/.local/lib/python3.6/site-packages/airflow/example_dags/example_dag_decorator.py
[2025-05-31 10:50:27,523] {processor.py:654} INFO - DAG(s) dict_keys(['example_dag_decorator']) retrieved from /home/airflow/.local/lib/python3.6/site-packages/airflow/example_dags/example_dag_decorator.py
[2025-05-31 10:50:27,882] {logging_mixin.py:109} INFO - [2025-05-31 10:50:27,882] {dag.py:2396} INFO - Sync 1 DAGs
[2025-05-31 10:50:27,898] {logging_mixin.py:109} INFO - [2025-05-31 10:50:27,898] {dag.py:2935} INFO - Setting next_dagrun for example_dag_decorator to None
[2025-05-31 10:50:27,911] {processor.py:171} INFO - Processing /home/airflow/.local/lib/python3.6/site-packages/airflow/example_dags/example_dag_decorator.py took 0.439 seconds
[2025-05-31 10:50:58,324] {processor.py:163} INFO - Started process (PID=2071) to work on /home/airflow/.local/lib/python3.6/site-packages/airflow/example_dags/example_dag_decorator.py
[2025-05-31 10:50:58,326] {processor.py:642} INFO - Processing file /home/airflow/.local/lib/python3.6/site-packages/airflow/example_dags/example_dag_decorator.py for tasks to queue
[2025-05-31 10:50:58,327] {logging_mixin.py:109} INFO - [2025-05-31 10:50:58,327] {dagbag.py:500} INFO - Filling up the DagBag from /home/airflow/.local/lib/python3.6/site-packages/airflow/example_dags/example_dag_decorator.py
[2025-05-31 10:50:58,369] {processor.py:654} INFO - DAG(s) dict_keys(['example_dag_decorator']) retrieved from /home/airflow/.local/lib/python3.6/site-packages/airflow/example_dags/example_dag_decorator.py
[2025-05-31 10:50:58,942] {logging_mixin.py:109} INFO - [2025-05-31 10:50:58,942] {dag.py:2396} INFO - Sync 1 DAGs
[2025-05-31 10:50:58,969] {logging_mixin.py:109} INFO - [2025-05-31 10:50:58,968] {dag.py:2935} INFO - Setting next_dagrun for example_dag_decorator to None
[2025-05-31 10:50:58,992] {processor.py:171} INFO - Processing /home/airflow/.local/lib/python3.6/site-packages/airflow/example_dags/example_dag_decorator.py took 0.672 seconds
[2025-05-31 10:51:29,934] {processor.py:163} INFO - Started process (PID=2258) to work on /home/airflow/.local/lib/python3.6/site-packages/airflow/example_dags/example_dag_decorator.py
[2025-05-31 10:51:29,935] {processor.py:642} INFO - Processing file /home/airflow/.local/lib/python3.6/site-packages/airflow/example_dags/example_dag_decorator.py for tasks to queue
[2025-05-31 10:51:29,936] {logging_mixin.py:109} INFO - [2025-05-31 10:51:29,936] {dagbag.py:500} INFO - Filling up the DagBag from /home/airflow/.local/lib/python3.6/site-packages/airflow/example_dags/example_dag_decorator.py
[2025-05-31 10:51:29,990] {processor.py:654} INFO - DAG(s) dict_keys(['example_dag_decorator']) retrieved from /home/airflow/.local/lib/python3.6/site-packages/airflow/example_dags/example_dag_decorator.py
[2025-05-31 10:51:30,428] {logging_mixin.py:109} INFO - [2025-05-31 10:51:30,428] {dag.py:2396} INFO - Sync 1 DAGs
[2025-05-31 10:51:30,451] {logging_mixin.py:109} INFO - [2025-05-31 10:51:30,451] {dag.py:2935} INFO - Setting next_dagrun for example_dag_decorator to None
[2025-05-31 10:51:30,470] {processor.py:171} INFO - Processing /home/airflow/.local/lib/python3.6/site-packages/airflow/example_dags/example_dag_decorator.py took 0.541 seconds
[2025-05-31 10:52:01,481] {processor.py:163} INFO - Started process (PID=2441) to work on /home/airflow/.local/lib/python3.6/site-packages/airflow/example_dags/example_dag_decorator.py
[2025-05-31 10:52:01,482] {processor.py:642} INFO - Processing file /home/airflow/.local/lib/python3.6/site-packages/airflow/example_dags/example_dag_decorator.py for tasks to queue
[2025-05-31 10:52:01,483] {logging_mixin.py:109} INFO - [2025-05-31 10:52:01,483] {dagbag.py:500} INFO - Filling up the DagBag from /home/airflow/.local/lib/python3.6/site-packages/airflow/example_dags/example_dag_decorator.py
[2025-05-31 10:52:01,528] {processor.py:654} INFO - DAG(s) dict_keys(['example_dag_decorator']) retrieved from /home/airflow/.local/lib/python3.6/site-packages/airflow/example_dags/example_dag_decorator.py
[2025-05-31 10:52:01,936] {logging_mixin.py:109} INFO - [2025-05-31 10:52:01,936] {dag.py:2396} INFO - Sync 1 DAGs
[2025-05-31 10:52:01,960] {logging_mixin.py:109} INFO - [2025-05-31 10:52:01,960] {dag.py:2935} INFO - Setting next_dagrun for example_dag_decorator to None
[2025-05-31 10:52:01,978] {processor.py:171} INFO - Processing /home/airflow/.local/lib/python3.6/site-packages/airflow/example_dags/example_dag_decorator.py took 0.502 seconds
[2025-05-31 10:52:32,759] {processor.py:163} INFO - Started process (PID=2621) to work on /home/airflow/.local/lib/python3.6/site-packages/airflow/example_dags/example_dag_decorator.py
[2025-05-31 10:52:32,763] {processor.py:642} INFO - Processing file /home/airflow/.local/lib/python3.6/site-packages/airflow/example_dags/example_dag_decorator.py for tasks to queue
[2025-05-31 10:52:32,765] {logging_mixin.py:109} INFO - [2025-05-31 10:52:32,765] {dagbag.py:500} INFO - Filling up the DagBag from /home/airflow/.local/lib/python3.6/site-packages/airflow/example_dags/example_dag_decorator.py
[2025-05-31 10:52:32,847] {processor.py:654} INFO - DAG(s) dict_keys(['example_dag_decorator']) retrieved from /home/airflow/.local/lib/python3.6/site-packages/airflow/example_dags/example_dag_decorator.py
[2025-05-31 10:52:33,549] {logging_mixin.py:109} INFO - [2025-05-31 10:52:33,549] {dag.py:2396} INFO - Sync 1 DAGs
[2025-05-31 10:52:33,582] {logging_mixin.py:109} INFO - [2025-05-31 10:52:33,582] {dag.py:2935} INFO - Setting next_dagrun for example_dag_decorator to None
[2025-05-31 10:52:33,608] {processor.py:171} INFO - Processing /home/airflow/.local/lib/python3.6/site-packages/airflow/example_dags/example_dag_decorator.py took 0.855 seconds
[2025-05-31 10:53:03,816] {processor.py:163} INFO - Started process (PID=2801) to work on /home/airflow/.local/lib/python3.6/site-packages/airflow/example_dags/example_dag_decorator.py
[2025-05-31 10:53:03,819] {processor.py:642} INFO - Processing file /home/airflow/.local/lib/python3.6/site-packages/airflow/example_dags/example_dag_decorator.py for tasks to queue
[2025-05-31 10:53:03,821] {logging_mixin.py:109} INFO - [2025-05-31 10:53:03,820] {dagbag.py:500} INFO - Filling up the DagBag from /home/airflow/.local/lib/python3.6/site-packages/airflow/example_dags/example_dag_decorator.py
[2025-05-31 10:53:03,924] {processor.py:654} INFO - DAG(s) dict_keys(['example_dag_decorator']) retrieved from /home/airflow/.local/lib/python3.6/site-packages/airflow/example_dags/example_dag_decorator.py
[2025-05-31 10:53:04,889] {logging_mixin.py:109} INFO - [2025-05-31 10:53:04,888] {dag.py:2396} INFO - Sync 1 DAGs
[2025-05-31 10:53:04,965] {logging_mixin.py:109} INFO - [2025-05-31 10:53:04,965] {dag.py:2935} INFO - Setting next_dagrun for example_dag_decorator to None
[2025-05-31 10:53:05,023] {processor.py:171} INFO - Processing /home/airflow/.local/lib/python3.6/site-packages/airflow/example_dags/example_dag_decorator.py took 1.214 seconds
[2025-05-31 10:53:35,316] {processor.py:163} INFO - Started process (PID=2981) to work on /home/airflow/.local/lib/python3.6/site-packages/airflow/example_dags/example_dag_decorator.py
[2025-05-31 10:53:35,318] {processor.py:642} INFO - Processing file /home/airflow/.local/lib/python3.6/site-packages/airflow/example_dags/example_dag_decorator.py for tasks to queue
[2025-05-31 10:53:35,319] {logging_mixin.py:109} INFO - [2025-05-31 10:53:35,319] {dagbag.py:500} INFO - Filling up the DagBag from /home/airflow/.local/lib/python3.6/site-packages/airflow/example_dags/example_dag_decorator.py
[2025-05-31 10:53:35,402] {processor.py:654} INFO - DAG(s) dict_keys(['example_dag_decorator']) retrieved from /home/airflow/.local/lib/python3.6/site-packages/airflow/example_dags/example_dag_decorator.py
[2025-05-31 10:53:36,055] {logging_mixin.py:109} INFO - [2025-05-31 10:53:36,055] {dag.py:2396} INFO - Sync 1 DAGs
[2025-05-31 10:53:36,099] {logging_mixin.py:109} INFO - [2025-05-31 10:53:36,098] {dag.py:2935} INFO - Setting next_dagrun for example_dag_decorator to None
[2025-05-31 10:53:36,124] {processor.py:171} INFO - Processing /home/airflow/.local/lib/python3.6/site-packages/airflow/example_dags/example_dag_decorator.py took 0.812 seconds
[2025-05-31 10:54:06,978] {processor.py:163} INFO - Started process (PID=3171) to work on /home/airflow/.local/lib/python3.6/site-packages/airflow/example_dags/example_dag_decorator.py
[2025-05-31 10:54:06,980] {processor.py:642} INFO - Processing file /home/airflow/.local/lib/python3.6/site-packages/airflow/example_dags/example_dag_decorator.py for tasks to queue
[2025-05-31 10:54:06,981] {logging_mixin.py:109} INFO - [2025-05-31 10:54:06,981] {dagbag.py:500} INFO - Filling up the DagBag from /home/airflow/.local/lib/python3.6/site-packages/airflow/example_dags/example_dag_decorator.py
[2025-05-31 10:54:07,038] {processor.py:654} INFO - DAG(s) dict_keys(['example_dag_decorator']) retrieved from /home/airflow/.local/lib/python3.6/site-packages/airflow/example_dags/example_dag_decorator.py
[2025-05-31 10:54:07,522] {logging_mixin.py:109} INFO - [2025-05-31 10:54:07,522] {dag.py:2396} INFO - Sync 1 DAGs
[2025-05-31 10:54:07,547] {logging_mixin.py:109} INFO - [2025-05-31 10:54:07,547] {dag.py:2935} INFO - Setting next_dagrun for example_dag_decorator to None
[2025-05-31 10:54:07,566] {processor.py:171} INFO - Processing /home/airflow/.local/lib/python3.6/site-packages/airflow/example_dags/example_dag_decorator.py took 0.593 seconds
[2025-05-31 10:54:38,012] {processor.py:163} INFO - Started process (PID=3351) to work on /home/airflow/.local/lib/python3.6/site-packages/airflow/example_dags/example_dag_decorator.py
[2025-05-31 10:54:38,015] {processor.py:642} INFO - Processing file /home/airflow/.local/lib/python3.6/site-packages/airflow/example_dags/example_dag_decorator.py for tasks to queue
[2025-05-31 10:54:38,017] {logging_mixin.py:109} INFO - [2025-05-31 10:54:38,017] {dagbag.py:500} INFO - Filling up the DagBag from /home/airflow/.local/lib/python3.6/site-packages/airflow/example_dags/example_dag_decorator.py
[2025-05-31 10:54:38,080] {processor.py:654} INFO - DAG(s) dict_keys(['example_dag_decorator']) retrieved from /home/airflow/.local/lib/python3.6/site-packages/airflow/example_dags/example_dag_decorator.py
[2025-05-31 10:54:38,553] {logging_mixin.py:109} INFO - [2025-05-31 10:54:38,553] {dag.py:2396} INFO - Sync 1 DAGs
[2025-05-31 10:54:38,577] {logging_mixin.py:109} INFO - [2025-05-31 10:54:38,577] {dag.py:2935} INFO - Setting next_dagrun for example_dag_decorator to None
[2025-05-31 10:54:38,592] {processor.py:171} INFO - Processing /home/airflow/.local/lib/python3.6/site-packages/airflow/example_dags/example_dag_decorator.py took 0.585 seconds
[2025-05-31 10:55:08,917] {processor.py:163} INFO - Started process (PID=3531) to work on /home/airflow/.local/lib/python3.6/site-packages/airflow/example_dags/example_dag_decorator.py
[2025-05-31 10:55:08,919] {processor.py:642} INFO - Processing file /home/airflow/.local/lib/python3.6/site-packages/airflow/example_dags/example_dag_decorator.py for tasks to queue
[2025-05-31 10:55:08,920] {logging_mixin.py:109} INFO - [2025-05-31 10:55:08,920] {dagbag.py:500} INFO - Filling up the DagBag from /home/airflow/.local/lib/python3.6/site-packages/airflow/example_dags/example_dag_decorator.py
[2025-05-31 10:55:08,959] {processor.py:654} INFO - DAG(s) dict_keys(['example_dag_decorator']) retrieved from /home/airflow/.local/lib/python3.6/site-packages/airflow/example_dags/example_dag_decorator.py
[2025-05-31 10:55:09,320] {logging_mixin.py:109} INFO - [2025-05-31 10:55:09,320] {dag.py:2396} INFO - Sync 1 DAGs
[2025-05-31 10:55:09,342] {logging_mixin.py:109} INFO - [2025-05-31 10:55:09,342] {dag.py:2935} INFO - Setting next_dagrun for example_dag_decorator to None
[2025-05-31 10:55:09,356] {processor.py:171} INFO - Processing /home/airflow/.local/lib/python3.6/site-packages/airflow/example_dags/example_dag_decorator.py took 0.442 seconds
[2025-05-31 10:55:39,719] {processor.py:163} INFO - Started process (PID=3711) to work on /home/airflow/.local/lib/python3.6/site-packages/airflow/example_dags/example_dag_decorator.py
[2025-05-31 10:55:39,721] {processor.py:642} INFO - Processing file /home/airflow/.local/lib/python3.6/site-packages/airflow/example_dags/example_dag_decorator.py for tasks to queue
[2025-05-31 10:55:39,722] {logging_mixin.py:109} INFO - [2025-05-31 10:55:39,722] {dagbag.py:500} INFO - Filling up the DagBag from /home/airflow/.local/lib/python3.6/site-packages/airflow/example_dags/example_dag_decorator.py
[2025-05-31 10:55:39,765] {processor.py:654} INFO - DAG(s) dict_keys(['example_dag_decorator']) retrieved from /home/airflow/.local/lib/python3.6/site-packages/airflow/example_dags/example_dag_decorator.py
[2025-05-31 10:55:40,157] {logging_mixin.py:109} INFO - [2025-05-31 10:55:40,157] {dag.py:2396} INFO - Sync 1 DAGs
[2025-05-31 10:55:40,179] {logging_mixin.py:109} INFO - [2025-05-31 10:55:40,178] {dag.py:2935} INFO - Setting next_dagrun for example_dag_decorator to None
[2025-05-31 10:55:40,193] {processor.py:171} INFO - Processing /home/airflow/.local/lib/python3.6/site-packages/airflow/example_dags/example_dag_decorator.py took 0.479 seconds
[2025-05-31 10:56:11,062] {processor.py:163} INFO - Started process (PID=3901) to work on /home/airflow/.local/lib/python3.6/site-packages/airflow/example_dags/example_dag_decorator.py
[2025-05-31 10:56:11,064] {processor.py:642} INFO - Processing file /home/airflow/.local/lib/python3.6/site-packages/airflow/example_dags/example_dag_decorator.py for tasks to queue
[2025-05-31 10:56:11,068] {logging_mixin.py:109} INFO - [2025-05-31 10:56:11,068] {dagbag.py:500} INFO - Filling up the DagBag from /home/airflow/.local/lib/python3.6/site-packages/airflow/example_dags/example_dag_decorator.py
[2025-05-31 10:56:11,158] {processor.py:654} INFO - DAG(s) dict_keys(['example_dag_decorator']) retrieved from /home/airflow/.local/lib/python3.6/site-packages/airflow/example_dags/example_dag_decorator.py
[2025-05-31 10:56:11,857] {logging_mixin.py:109} INFO - [2025-05-31 10:56:11,857] {dag.py:2396} INFO - Sync 1 DAGs
[2025-05-31 10:56:11,880] {logging_mixin.py:109} INFO - [2025-05-31 10:56:11,880] {dag.py:2935} INFO - Setting next_dagrun for example_dag_decorator to None
[2025-05-31 10:56:11,895] {processor.py:171} INFO - Processing /home/airflow/.local/lib/python3.6/site-packages/airflow/example_dags/example_dag_decorator.py took 0.839 seconds
[2025-05-31 10:56:41,954] {processor.py:163} INFO - Started process (PID=4080) to work on /home/airflow/.local/lib/python3.6/site-packages/airflow/example_dags/example_dag_decorator.py
[2025-05-31 10:56:41,956] {processor.py:642} INFO - Processing file /home/airflow/.local/lib/python3.6/site-packages/airflow/example_dags/example_dag_decorator.py for tasks to queue
[2025-05-31 10:56:41,958] {logging_mixin.py:109} INFO - [2025-05-31 10:56:41,957] {dagbag.py:500} INFO - Filling up the DagBag from /home/airflow/.local/lib/python3.6/site-packages/airflow/example_dags/example_dag_decorator.py
[2025-05-31 10:56:42,029] {processor.py:654} INFO - DAG(s) dict_keys(['example_dag_decorator']) retrieved from /home/airflow/.local/lib/python3.6/site-packages/airflow/example_dags/example_dag_decorator.py
[2025-05-31 10:56:42,490] {logging_mixin.py:109} INFO - [2025-05-31 10:56:42,490] {dag.py:2396} INFO - Sync 1 DAGs
[2025-05-31 10:56:42,513] {logging_mixin.py:109} INFO - [2025-05-31 10:56:42,513] {dag.py:2935} INFO - Setting next_dagrun for example_dag_decorator to None
[2025-05-31 10:56:42,529] {processor.py:171} INFO - Processing /home/airflow/.local/lib/python3.6/site-packages/airflow/example_dags/example_dag_decorator.py took 0.579 seconds
[2025-05-31 10:57:12,617] {processor.py:163} INFO - Started process (PID=4261) to work on /home/airflow/.local/lib/python3.6/site-packages/airflow/example_dags/example_dag_decorator.py
[2025-05-31 10:57:12,619] {processor.py:642} INFO - Processing file /home/airflow/.local/lib/python3.6/site-packages/airflow/example_dags/example_dag_decorator.py for tasks to queue
[2025-05-31 10:57:12,620] {logging_mixin.py:109} INFO - [2025-05-31 10:57:12,620] {dagbag.py:500} INFO - Filling up the DagBag from /home/airflow/.local/lib/python3.6/site-packages/airflow/example_dags/example_dag_decorator.py
[2025-05-31 10:57:12,687] {processor.py:654} INFO - DAG(s) dict_keys(['example_dag_decorator']) retrieved from /home/airflow/.local/lib/python3.6/site-packages/airflow/example_dags/example_dag_decorator.py
[2025-05-31 10:57:13,157] {logging_mixin.py:109} INFO - [2025-05-31 10:57:13,157] {dag.py:2396} INFO - Sync 1 DAGs
[2025-05-31 10:57:13,184] {logging_mixin.py:109} INFO - [2025-05-31 10:57:13,184] {dag.py:2935} INFO - Setting next_dagrun for example_dag_decorator to None
[2025-05-31 10:57:13,203] {processor.py:171} INFO - Processing /home/airflow/.local/lib/python3.6/site-packages/airflow/example_dags/example_dag_decorator.py took 0.591 seconds
[2025-05-31 10:57:43,389] {processor.py:163} INFO - Started process (PID=4451) to work on /home/airflow/.local/lib/python3.6/site-packages/airflow/example_dags/example_dag_decorator.py
[2025-05-31 10:57:43,392] {processor.py:642} INFO - Processing file /home/airflow/.local/lib/python3.6/site-packages/airflow/example_dags/example_dag_decorator.py for tasks to queue
[2025-05-31 10:57:43,395] {logging_mixin.py:109} INFO - [2025-05-31 10:57:43,395] {dagbag.py:500} INFO - Filling up the DagBag from /home/airflow/.local/lib/python3.6/site-packages/airflow/example_dags/example_dag_decorator.py
[2025-05-31 10:57:43,492] {processor.py:654} INFO - DAG(s) dict_keys(['example_dag_decorator']) retrieved from /home/airflow/.local/lib/python3.6/site-packages/airflow/example_dags/example_dag_decorator.py
[2025-05-31 10:57:44,259] {logging_mixin.py:109} INFO - [2025-05-31 10:57:44,259] {dag.py:2396} INFO - Sync 1 DAGs
[2025-05-31 10:57:44,294] {logging_mixin.py:109} INFO - [2025-05-31 10:57:44,294] {dag.py:2935} INFO - Setting next_dagrun for example_dag_decorator to None
[2025-05-31 10:57:44,313] {processor.py:171} INFO - Processing /home/airflow/.local/lib/python3.6/site-packages/airflow/example_dags/example_dag_decorator.py took 0.931 seconds
[2025-05-31 10:58:14,367] {processor.py:163} INFO - Started process (PID=4628) to work on /home/airflow/.local/lib/python3.6/site-packages/airflow/example_dags/example_dag_decorator.py
[2025-05-31 10:58:14,369] {processor.py:642} INFO - Processing file /home/airflow/.local/lib/python3.6/site-packages/airflow/example_dags/example_dag_decorator.py for tasks to queue
[2025-05-31 10:58:14,370] {logging_mixin.py:109} INFO - [2025-05-31 10:58:14,370] {dagbag.py:500} INFO - Filling up the DagBag from /home/airflow/.local/lib/python3.6/site-packages/airflow/example_dags/example_dag_decorator.py
[2025-05-31 10:58:14,410] {processor.py:654} INFO - DAG(s) dict_keys(['example_dag_decorator']) retrieved from /home/airflow/.local/lib/python3.6/site-packages/airflow/example_dags/example_dag_decorator.py
[2025-05-31 10:58:14,802] {logging_mixin.py:109} INFO - [2025-05-31 10:58:14,801] {dag.py:2396} INFO - Sync 1 DAGs
[2025-05-31 10:58:14,828] {logging_mixin.py:109} INFO - [2025-05-31 10:58:14,828] {dag.py:2935} INFO - Setting next_dagrun for example_dag_decorator to None
[2025-05-31 10:58:14,845] {processor.py:171} INFO - Processing /home/airflow/.local/lib/python3.6/site-packages/airflow/example_dags/example_dag_decorator.py took 0.481 seconds
[2025-05-31 10:58:44,943] {processor.py:163} INFO - Started process (PID=4810) to work on /home/airflow/.local/lib/python3.6/site-packages/airflow/example_dags/example_dag_decorator.py
[2025-05-31 10:58:44,945] {processor.py:642} INFO - Processing file /home/airflow/.local/lib/python3.6/site-packages/airflow/example_dags/example_dag_decorator.py for tasks to queue
[2025-05-31 10:58:44,946] {logging_mixin.py:109} INFO - [2025-05-31 10:58:44,946] {dagbag.py:500} INFO - Filling up the DagBag from /home/airflow/.local/lib/python3.6/site-packages/airflow/example_dags/example_dag_decorator.py
[2025-05-31 10:58:44,990] {processor.py:654} INFO - DAG(s) dict_keys(['example_dag_decorator']) retrieved from /home/airflow/.local/lib/python3.6/site-packages/airflow/example_dags/example_dag_decorator.py
[2025-05-31 10:58:45,418] {logging_mixin.py:109} INFO - [2025-05-31 10:58:45,418] {dag.py:2396} INFO - Sync 1 DAGs
[2025-05-31 10:58:45,439] {logging_mixin.py:109} INFO - [2025-05-31 10:58:45,439] {dag.py:2935} INFO - Setting next_dagrun for example_dag_decorator to None
[2025-05-31 10:58:45,455] {processor.py:171} INFO - Processing /home/airflow/.local/lib/python3.6/site-packages/airflow/example_dags/example_dag_decorator.py took 0.516 seconds
[2025-05-31 10:59:15,784] {processor.py:163} INFO - Started process (PID=5001) to work on /home/airflow/.local/lib/python3.6/site-packages/airflow/example_dags/example_dag_decorator.py
[2025-05-31 10:59:15,786] {processor.py:642} INFO - Processing file /home/airflow/.local/lib/python3.6/site-packages/airflow/example_dags/example_dag_decorator.py for tasks to queue
[2025-05-31 10:59:15,788] {logging_mixin.py:109} INFO - [2025-05-31 10:59:15,788] {dagbag.py:500} INFO - Filling up the DagBag from /home/airflow/.local/lib/python3.6/site-packages/airflow/example_dags/example_dag_decorator.py
[2025-05-31 10:59:15,844] {processor.py:654} INFO - DAG(s) dict_keys(['example_dag_decorator']) retrieved from /home/airflow/.local/lib/python3.6/site-packages/airflow/example_dags/example_dag_decorator.py
[2025-05-31 10:59:16,324] {logging_mixin.py:109} INFO - [2025-05-31 10:59:16,324] {dag.py:2396} INFO - Sync 1 DAGs
[2025-05-31 10:59:16,351] {logging_mixin.py:109} INFO - [2025-05-31 10:59:16,351] {dag.py:2935} INFO - Setting next_dagrun for example_dag_decorator to None
[2025-05-31 10:59:16,371] {processor.py:171} INFO - Processing /home/airflow/.local/lib/python3.6/site-packages/airflow/example_dags/example_dag_decorator.py took 0.590 seconds
[2025-05-31 10:59:47,222] {processor.py:163} INFO - Started process (PID=5181) to work on /home/airflow/.local/lib/python3.6/site-packages/airflow/example_dags/example_dag_decorator.py
[2025-05-31 10:59:47,223] {processor.py:642} INFO - Processing file /home/airflow/.local/lib/python3.6/site-packages/airflow/example_dags/example_dag_decorator.py for tasks to queue
[2025-05-31 10:59:47,224] {logging_mixin.py:109} INFO - [2025-05-31 10:59:47,224] {dagbag.py:500} INFO - Filling up the DagBag from /home/airflow/.local/lib/python3.6/site-packages/airflow/example_dags/example_dag_decorator.py
[2025-05-31 10:59:47,263] {processor.py:654} INFO - DAG(s) dict_keys(['example_dag_decorator']) retrieved from /home/airflow/.local/lib/python3.6/site-packages/airflow/example_dags/example_dag_decorator.py
[2025-05-31 10:59:47,608] {logging_mixin.py:109} INFO - [2025-05-31 10:59:47,608] {dag.py:2396} INFO - Sync 1 DAGs
[2025-05-31 10:59:47,630] {logging_mixin.py:109} INFO - [2025-05-31 10:59:47,630] {dag.py:2935} INFO - Setting next_dagrun for example_dag_decorator to None
[2025-05-31 10:59:47,646] {processor.py:171} INFO - Processing /home/airflow/.local/lib/python3.6/site-packages/airflow/example_dags/example_dag_decorator.py took 0.427 seconds
[2025-05-31 11:00:17,806] {processor.py:163} INFO - Started process (PID=5361) to work on /home/airflow/.local/lib/python3.6/site-packages/airflow/example_dags/example_dag_decorator.py
[2025-05-31 11:00:17,808] {processor.py:642} INFO - Processing file /home/airflow/.local/lib/python3.6/site-packages/airflow/example_dags/example_dag_decorator.py for tasks to queue
[2025-05-31 11:00:17,809] {logging_mixin.py:109} INFO - [2025-05-31 11:00:17,809] {dagbag.py:500} INFO - Filling up the DagBag from /home/airflow/.local/lib/python3.6/site-packages/airflow/example_dags/example_dag_decorator.py
[2025-05-31 11:00:17,851] {processor.py:654} INFO - DAG(s) dict_keys(['example_dag_decorator']) retrieved from /home/airflow/.local/lib/python3.6/site-packages/airflow/example_dags/example_dag_decorator.py
[2025-05-31 11:00:17,865] {logging_mixin.py:109} INFO - [2025-05-31 11:00:17,864] {dag.py:2396} INFO - Sync 1 DAGs
[2025-05-31 11:00:17,884] {logging_mixin.py:109} INFO - [2025-05-31 11:00:17,884] {dag.py:2935} INFO - Setting next_dagrun for example_dag_decorator to None
[2025-05-31 11:00:17,896] {processor.py:171} INFO - Processing /home/airflow/.local/lib/python3.6/site-packages/airflow/example_dags/example_dag_decorator.py took 0.093 seconds
[2025-05-31 11:00:48,256] {processor.py:163} INFO - Started process (PID=5551) to work on /home/airflow/.local/lib/python3.6/site-packages/airflow/example_dags/example_dag_decorator.py
[2025-05-31 11:00:48,259] {processor.py:642} INFO - Processing file /home/airflow/.local/lib/python3.6/site-packages/airflow/example_dags/example_dag_decorator.py for tasks to queue
[2025-05-31 11:00:48,260] {logging_mixin.py:109} INFO - [2025-05-31 11:00:48,260] {dagbag.py:500} INFO - Filling up the DagBag from /home/airflow/.local/lib/python3.6/site-packages/airflow/example_dags/example_dag_decorator.py
[2025-05-31 11:00:48,326] {processor.py:654} INFO - DAG(s) dict_keys(['example_dag_decorator']) retrieved from /home/airflow/.local/lib/python3.6/site-packages/airflow/example_dags/example_dag_decorator.py
[2025-05-31 11:00:48,344] {logging_mixin.py:109} INFO - [2025-05-31 11:00:48,344] {dag.py:2396} INFO - Sync 1 DAGs
[2025-05-31 11:00:48,376] {logging_mixin.py:109} INFO - [2025-05-31 11:00:48,376] {dag.py:2935} INFO - Setting next_dagrun for example_dag_decorator to None
[2025-05-31 11:00:48,390] {processor.py:171} INFO - Processing /home/airflow/.local/lib/python3.6/site-packages/airflow/example_dags/example_dag_decorator.py took 0.140 seconds
[2025-05-31 11:01:19,238] {processor.py:163} INFO - Started process (PID=5731) to work on /home/airflow/.local/lib/python3.6/site-packages/airflow/example_dags/example_dag_decorator.py
[2025-05-31 11:01:19,239] {processor.py:642} INFO - Processing file /home/airflow/.local/lib/python3.6/site-packages/airflow/example_dags/example_dag_decorator.py for tasks to queue
[2025-05-31 11:01:19,241] {logging_mixin.py:109} INFO - [2025-05-31 11:01:19,241] {dagbag.py:500} INFO - Filling up the DagBag from /home/airflow/.local/lib/python3.6/site-packages/airflow/example_dags/example_dag_decorator.py
[2025-05-31 11:01:19,285] {processor.py:654} INFO - DAG(s) dict_keys(['example_dag_decorator']) retrieved from /home/airflow/.local/lib/python3.6/site-packages/airflow/example_dags/example_dag_decorator.py
[2025-05-31 11:01:19,670] {logging_mixin.py:109} INFO - [2025-05-31 11:01:19,670] {dag.py:2396} INFO - Sync 1 DAGs
[2025-05-31 11:01:19,690] {logging_mixin.py:109} INFO - [2025-05-31 11:01:19,690] {dag.py:2935} INFO - Setting next_dagrun for example_dag_decorator to None
[2025-05-31 11:01:19,706] {processor.py:171} INFO - Processing /home/airflow/.local/lib/python3.6/site-packages/airflow/example_dags/example_dag_decorator.py took 0.471 seconds
[2025-05-31 11:01:50,396] {processor.py:163} INFO - Started process (PID=5896) to work on /home/airflow/.local/lib/python3.6/site-packages/airflow/example_dags/example_dag_decorator.py
[2025-05-31 11:01:50,398] {processor.py:642} INFO - Processing file /home/airflow/.local/lib/python3.6/site-packages/airflow/example_dags/example_dag_decorator.py for tasks to queue
[2025-05-31 11:01:50,400] {logging_mixin.py:109} INFO - [2025-05-31 11:01:50,400] {dagbag.py:500} INFO - Filling up the DagBag from /home/airflow/.local/lib/python3.6/site-packages/airflow/example_dags/example_dag_decorator.py
[2025-05-31 11:01:50,461] {processor.py:654} INFO - DAG(s) dict_keys(['example_dag_decorator']) retrieved from /home/airflow/.local/lib/python3.6/site-packages/airflow/example_dags/example_dag_decorator.py
[2025-05-31 11:01:50,877] {logging_mixin.py:109} INFO - [2025-05-31 11:01:50,877] {dag.py:2396} INFO - Sync 1 DAGs
[2025-05-31 11:01:50,897] {logging_mixin.py:109} INFO - [2025-05-31 11:01:50,897] {dag.py:2935} INFO - Setting next_dagrun for example_dag_decorator to None
[2025-05-31 11:01:50,911] {processor.py:171} INFO - Processing /home/airflow/.local/lib/python3.6/site-packages/airflow/example_dags/example_dag_decorator.py took 0.521 seconds
[2025-05-31 11:02:21,242] {processor.py:163} INFO - Started process (PID=6086) to work on /home/airflow/.local/lib/python3.6/site-packages/airflow/example_dags/example_dag_decorator.py
[2025-05-31 11:02:21,244] {processor.py:642} INFO - Processing file /home/airflow/.local/lib/python3.6/site-packages/airflow/example_dags/example_dag_decorator.py for tasks to queue
[2025-05-31 11:02:21,245] {logging_mixin.py:109} INFO - [2025-05-31 11:02:21,245] {dagbag.py:500} INFO - Filling up the DagBag from /home/airflow/.local/lib/python3.6/site-packages/airflow/example_dags/example_dag_decorator.py
[2025-05-31 11:02:21,300] {processor.py:654} INFO - DAG(s) dict_keys(['example_dag_decorator']) retrieved from /home/airflow/.local/lib/python3.6/site-packages/airflow/example_dags/example_dag_decorator.py
[2025-05-31 11:02:21,754] {logging_mixin.py:109} INFO - [2025-05-31 11:02:21,754] {dag.py:2396} INFO - Sync 1 DAGs
[2025-05-31 11:02:21,778] {logging_mixin.py:109} INFO - [2025-05-31 11:02:21,778] {dag.py:2935} INFO - Setting next_dagrun for example_dag_decorator to None
[2025-05-31 11:02:21,796] {processor.py:171} INFO - Processing /home/airflow/.local/lib/python3.6/site-packages/airflow/example_dags/example_dag_decorator.py took 0.560 seconds
[2025-05-31 11:02:52,884] {processor.py:163} INFO - Started process (PID=6268) to work on /home/airflow/.local/lib/python3.6/site-packages/airflow/example_dags/example_dag_decorator.py
[2025-05-31 11:02:52,885] {processor.py:642} INFO - Processing file /home/airflow/.local/lib/python3.6/site-packages/airflow/example_dags/example_dag_decorator.py for tasks to queue
[2025-05-31 11:02:52,887] {logging_mixin.py:109} INFO - [2025-05-31 11:02:52,886] {dagbag.py:500} INFO - Filling up the DagBag from /home/airflow/.local/lib/python3.6/site-packages/airflow/example_dags/example_dag_decorator.py
[2025-05-31 11:02:52,938] {processor.py:654} INFO - DAG(s) dict_keys(['example_dag_decorator']) retrieved from /home/airflow/.local/lib/python3.6/site-packages/airflow/example_dags/example_dag_decorator.py
[2025-05-31 11:02:53,365] {logging_mixin.py:109} INFO - [2025-05-31 11:02:53,365] {dag.py:2396} INFO - Sync 1 DAGs
[2025-05-31 11:02:53,388] {logging_mixin.py:109} INFO - [2025-05-31 11:02:53,388] {dag.py:2935} INFO - Setting next_dagrun for example_dag_decorator to None
[2025-05-31 11:02:53,402] {processor.py:171} INFO - Processing /home/airflow/.local/lib/python3.6/site-packages/airflow/example_dags/example_dag_decorator.py took 0.523 seconds
[2025-05-31 11:03:23,773] {processor.py:163} INFO - Started process (PID=6466) to work on /home/airflow/.local/lib/python3.6/site-packages/airflow/example_dags/example_dag_decorator.py
[2025-05-31 11:03:23,775] {processor.py:642} INFO - Processing file /home/airflow/.local/lib/python3.6/site-packages/airflow/example_dags/example_dag_decorator.py for tasks to queue
[2025-05-31 11:03:23,776] {logging_mixin.py:109} INFO - [2025-05-31 11:03:23,776] {dagbag.py:500} INFO - Filling up the DagBag from /home/airflow/.local/lib/python3.6/site-packages/airflow/example_dags/example_dag_decorator.py
[2025-05-31 11:03:23,836] {processor.py:654} INFO - DAG(s) dict_keys(['example_dag_decorator']) retrieved from /home/airflow/.local/lib/python3.6/site-packages/airflow/example_dags/example_dag_decorator.py
[2025-05-31 11:03:24,405] {logging_mixin.py:109} INFO - [2025-05-31 11:03:24,405] {dag.py:2396} INFO - Sync 1 DAGs
[2025-05-31 11:03:24,430] {logging_mixin.py:109} INFO - [2025-05-31 11:03:24,430] {dag.py:2935} INFO - Setting next_dagrun for example_dag_decorator to None
[2025-05-31 11:03:24,449] {processor.py:171} INFO - Processing /home/airflow/.local/lib/python3.6/site-packages/airflow/example_dags/example_dag_decorator.py took 0.682 seconds
[2025-05-31 11:03:55,419] {processor.py:163} INFO - Started process (PID=6648) to work on /home/airflow/.local/lib/python3.6/site-packages/airflow/example_dags/example_dag_decorator.py
[2025-05-31 11:03:55,421] {processor.py:642} INFO - Processing file /home/airflow/.local/lib/python3.6/site-packages/airflow/example_dags/example_dag_decorator.py for tasks to queue
[2025-05-31 11:03:55,422] {logging_mixin.py:109} INFO - [2025-05-31 11:03:55,422] {dagbag.py:500} INFO - Filling up the DagBag from /home/airflow/.local/lib/python3.6/site-packages/airflow/example_dags/example_dag_decorator.py
[2025-05-31 11:03:55,470] {processor.py:654} INFO - DAG(s) dict_keys(['example_dag_decorator']) retrieved from /home/airflow/.local/lib/python3.6/site-packages/airflow/example_dags/example_dag_decorator.py
[2025-05-31 11:03:55,885] {logging_mixin.py:109} INFO - [2025-05-31 11:03:55,885] {dag.py:2396} INFO - Sync 1 DAGs
[2025-05-31 11:03:55,906] {logging_mixin.py:109} INFO - [2025-05-31 11:03:55,906] {dag.py:2935} INFO - Setting next_dagrun for example_dag_decorator to None
[2025-05-31 11:03:55,921] {processor.py:171} INFO - Processing /home/airflow/.local/lib/python3.6/site-packages/airflow/example_dags/example_dag_decorator.py took 0.506 seconds
[2025-05-31 11:04:26,511] {processor.py:163} INFO - Started process (PID=6841) to work on /home/airflow/.local/lib/python3.6/site-packages/airflow/example_dags/example_dag_decorator.py
[2025-05-31 11:04:26,514] {processor.py:642} INFO - Processing file /home/airflow/.local/lib/python3.6/site-packages/airflow/example_dags/example_dag_decorator.py for tasks to queue
[2025-05-31 11:04:26,515] {logging_mixin.py:109} INFO - [2025-05-31 11:04:26,515] {dagbag.py:500} INFO - Filling up the DagBag from /home/airflow/.local/lib/python3.6/site-packages/airflow/example_dags/example_dag_decorator.py
[2025-05-31 11:04:26,578] {processor.py:654} INFO - DAG(s) dict_keys(['example_dag_decorator']) retrieved from /home/airflow/.local/lib/python3.6/site-packages/airflow/example_dags/example_dag_decorator.py
[2025-05-31 11:04:27,062] {logging_mixin.py:109} INFO - [2025-05-31 11:04:27,062] {dag.py:2396} INFO - Sync 1 DAGs
[2025-05-31 11:04:27,091] {logging_mixin.py:109} INFO - [2025-05-31 11:04:27,091] {dag.py:2935} INFO - Setting next_dagrun for example_dag_decorator to None
[2025-05-31 11:04:27,113] {processor.py:171} INFO - Processing /home/airflow/.local/lib/python3.6/site-packages/airflow/example_dags/example_dag_decorator.py took 0.607 seconds
[2025-05-31 11:04:57,840] {processor.py:163} INFO - Started process (PID=7038) to work on /home/airflow/.local/lib/python3.6/site-packages/airflow/example_dags/example_dag_decorator.py
[2025-05-31 11:04:57,842] {processor.py:642} INFO - Processing file /home/airflow/.local/lib/python3.6/site-packages/airflow/example_dags/example_dag_decorator.py for tasks to queue
[2025-05-31 11:04:57,844] {logging_mixin.py:109} INFO - [2025-05-31 11:04:57,843] {dagbag.py:500} INFO - Filling up the DagBag from /home/airflow/.local/lib/python3.6/site-packages/airflow/example_dags/example_dag_decorator.py
[2025-05-31 11:04:57,928] {processor.py:654} INFO - DAG(s) dict_keys(['example_dag_decorator']) retrieved from /home/airflow/.local/lib/python3.6/site-packages/airflow/example_dags/example_dag_decorator.py
[2025-05-31 11:04:58,411] {logging_mixin.py:109} INFO - [2025-05-31 11:04:58,411] {dag.py:2396} INFO - Sync 1 DAGs
[2025-05-31 11:04:58,433] {logging_mixin.py:109} INFO - [2025-05-31 11:04:58,433] {dag.py:2935} INFO - Setting next_dagrun for example_dag_decorator to None
[2025-05-31 11:04:58,449] {processor.py:171} INFO - Processing /home/airflow/.local/lib/python3.6/site-packages/airflow/example_dags/example_dag_decorator.py took 0.617 seconds
[2025-05-31 11:05:28,661] {processor.py:163} INFO - Started process (PID=7221) to work on /home/airflow/.local/lib/python3.6/site-packages/airflow/example_dags/example_dag_decorator.py
[2025-05-31 11:05:28,663] {processor.py:642} INFO - Processing file /home/airflow/.local/lib/python3.6/site-packages/airflow/example_dags/example_dag_decorator.py for tasks to queue
[2025-05-31 11:05:28,664] {logging_mixin.py:109} INFO - [2025-05-31 11:05:28,664] {dagbag.py:500} INFO - Filling up the DagBag from /home/airflow/.local/lib/python3.6/site-packages/airflow/example_dags/example_dag_decorator.py
[2025-05-31 11:05:28,716] {processor.py:654} INFO - DAG(s) dict_keys(['example_dag_decorator']) retrieved from /home/airflow/.local/lib/python3.6/site-packages/airflow/example_dags/example_dag_decorator.py
[2025-05-31 11:05:29,130] {logging_mixin.py:109} INFO - [2025-05-31 11:05:29,129] {dag.py:2396} INFO - Sync 1 DAGs
[2025-05-31 11:05:29,149] {logging_mixin.py:109} INFO - [2025-05-31 11:05:29,149] {dag.py:2935} INFO - Setting next_dagrun for example_dag_decorator to None
[2025-05-31 11:05:29,166] {processor.py:171} INFO - Processing /home/airflow/.local/lib/python3.6/site-packages/airflow/example_dags/example_dag_decorator.py took 0.510 seconds
[2025-05-31 11:06:00,310] {processor.py:163} INFO - Started process (PID=7380) to work on /home/airflow/.local/lib/python3.6/site-packages/airflow/example_dags/example_dag_decorator.py
[2025-05-31 11:06:00,315] {processor.py:642} INFO - Processing file /home/airflow/.local/lib/python3.6/site-packages/airflow/example_dags/example_dag_decorator.py for tasks to queue
[2025-05-31 11:06:00,318] {logging_mixin.py:109} INFO - [2025-05-31 11:06:00,318] {dagbag.py:500} INFO - Filling up the DagBag from /home/airflow/.local/lib/python3.6/site-packages/airflow/example_dags/example_dag_decorator.py
[2025-05-31 11:06:00,456] {processor.py:654} INFO - DAG(s) dict_keys(['example_dag_decorator']) retrieved from /home/airflow/.local/lib/python3.6/site-packages/airflow/example_dags/example_dag_decorator.py
[2025-05-31 11:06:01,650] {logging_mixin.py:109} INFO - [2025-05-31 11:06:01,650] {dag.py:2396} INFO - Sync 1 DAGs
[2025-05-31 11:06:01,742] {logging_mixin.py:109} INFO - [2025-05-31 11:06:01,742] {dag.py:2935} INFO - Setting next_dagrun for example_dag_decorator to None
[2025-05-31 11:06:01,829] {processor.py:171} INFO - Processing /home/airflow/.local/lib/python3.6/site-packages/airflow/example_dags/example_dag_decorator.py took 1.536 seconds
[2025-05-31 11:06:32,612] {processor.py:163} INFO - Started process (PID=7563) to work on /home/airflow/.local/lib/python3.6/site-packages/airflow/example_dags/example_dag_decorator.py
[2025-05-31 11:06:32,615] {processor.py:642} INFO - Processing file /home/airflow/.local/lib/python3.6/site-packages/airflow/example_dags/example_dag_decorator.py for tasks to queue
[2025-05-31 11:06:32,616] {logging_mixin.py:109} INFO - [2025-05-31 11:06:32,616] {dagbag.py:500} INFO - Filling up the DagBag from /home/airflow/.local/lib/python3.6/site-packages/airflow/example_dags/example_dag_decorator.py
[2025-05-31 11:06:32,674] {processor.py:654} INFO - DAG(s) dict_keys(['example_dag_decorator']) retrieved from /home/airflow/.local/lib/python3.6/site-packages/airflow/example_dags/example_dag_decorator.py
[2025-05-31 11:06:33,172] {logging_mixin.py:109} INFO - [2025-05-31 11:06:33,172] {dag.py:2396} INFO - Sync 1 DAGs
[2025-05-31 11:06:33,196] {logging_mixin.py:109} INFO - [2025-05-31 11:06:33,196] {dag.py:2935} INFO - Setting next_dagrun for example_dag_decorator to None
[2025-05-31 11:06:33,215] {processor.py:171} INFO - Processing /home/airflow/.local/lib/python3.6/site-packages/airflow/example_dags/example_dag_decorator.py took 0.609 seconds
[2025-05-31 11:07:03,423] {processor.py:163} INFO - Started process (PID=7743) to work on /home/airflow/.local/lib/python3.6/site-packages/airflow/example_dags/example_dag_decorator.py
[2025-05-31 11:07:03,426] {processor.py:642} INFO - Processing file /home/airflow/.local/lib/python3.6/site-packages/airflow/example_dags/example_dag_decorator.py for tasks to queue
[2025-05-31 11:07:03,429] {logging_mixin.py:109} INFO - [2025-05-31 11:07:03,429] {dagbag.py:500} INFO - Filling up the DagBag from /home/airflow/.local/lib/python3.6/site-packages/airflow/example_dags/example_dag_decorator.py
[2025-05-31 11:07:03,526] {processor.py:654} INFO - DAG(s) dict_keys(['example_dag_decorator']) retrieved from /home/airflow/.local/lib/python3.6/site-packages/airflow/example_dags/example_dag_decorator.py
[2025-05-31 11:07:04,089] {logging_mixin.py:109} INFO - [2025-05-31 11:07:04,088] {dag.py:2396} INFO - Sync 1 DAGs
[2025-05-31 11:07:04,113] {logging_mixin.py:109} INFO - [2025-05-31 11:07:04,112] {dag.py:2935} INFO - Setting next_dagrun for example_dag_decorator to None
[2025-05-31 11:07:04,131] {processor.py:171} INFO - Processing /home/airflow/.local/lib/python3.6/site-packages/airflow/example_dags/example_dag_decorator.py took 0.715 seconds
[2025-05-31 11:07:34,823] {processor.py:163} INFO - Started process (PID=7933) to work on /home/airflow/.local/lib/python3.6/site-packages/airflow/example_dags/example_dag_decorator.py
[2025-05-31 11:07:34,824] {processor.py:642} INFO - Processing file /home/airflow/.local/lib/python3.6/site-packages/airflow/example_dags/example_dag_decorator.py for tasks to queue
[2025-05-31 11:07:34,825] {logging_mixin.py:109} INFO - [2025-05-31 11:07:34,825] {dagbag.py:500} INFO - Filling up the DagBag from /home/airflow/.local/lib/python3.6/site-packages/airflow/example_dags/example_dag_decorator.py
[2025-05-31 11:07:34,866] {processor.py:654} INFO - DAG(s) dict_keys(['example_dag_decorator']) retrieved from /home/airflow/.local/lib/python3.6/site-packages/airflow/example_dags/example_dag_decorator.py
[2025-05-31 11:07:34,878] {logging_mixin.py:109} INFO - [2025-05-31 11:07:34,878] {dag.py:2396} INFO - Sync 1 DAGs
[2025-05-31 11:07:34,899] {logging_mixin.py:109} INFO - [2025-05-31 11:07:34,899] {dag.py:2935} INFO - Setting next_dagrun for example_dag_decorator to None
[2025-05-31 11:07:34,913] {processor.py:171} INFO - Processing /home/airflow/.local/lib/python3.6/site-packages/airflow/example_dags/example_dag_decorator.py took 0.094 seconds
[2025-05-31 11:08:05,190] {processor.py:163} INFO - Started process (PID=8123) to work on /home/airflow/.local/lib/python3.6/site-packages/airflow/example_dags/example_dag_decorator.py
[2025-05-31 11:08:05,191] {processor.py:642} INFO - Processing file /home/airflow/.local/lib/python3.6/site-packages/airflow/example_dags/example_dag_decorator.py for tasks to queue
[2025-05-31 11:08:05,193] {logging_mixin.py:109} INFO - [2025-05-31 11:08:05,193] {dagbag.py:500} INFO - Filling up the DagBag from /home/airflow/.local/lib/python3.6/site-packages/airflow/example_dags/example_dag_decorator.py
[2025-05-31 11:08:05,249] {processor.py:654} INFO - DAG(s) dict_keys(['example_dag_decorator']) retrieved from /home/airflow/.local/lib/python3.6/site-packages/airflow/example_dags/example_dag_decorator.py
[2025-05-31 11:08:05,713] {logging_mixin.py:109} INFO - [2025-05-31 11:08:05,712] {dag.py:2396} INFO - Sync 1 DAGs
[2025-05-31 11:08:05,740] {logging_mixin.py:109} INFO - [2025-05-31 11:08:05,740] {dag.py:2935} INFO - Setting next_dagrun for example_dag_decorator to None
[2025-05-31 11:08:05,756] {processor.py:171} INFO - Processing /home/airflow/.local/lib/python3.6/site-packages/airflow/example_dags/example_dag_decorator.py took 0.574 seconds
[2025-05-31 11:08:36,762] {processor.py:163} INFO - Started process (PID=8313) to work on /home/airflow/.local/lib/python3.6/site-packages/airflow/example_dags/example_dag_decorator.py
[2025-05-31 11:08:36,764] {processor.py:642} INFO - Processing file /home/airflow/.local/lib/python3.6/site-packages/airflow/example_dags/example_dag_decorator.py for tasks to queue
[2025-05-31 11:08:36,765] {logging_mixin.py:109} INFO - [2025-05-31 11:08:36,765] {dagbag.py:500} INFO - Filling up the DagBag from /home/airflow/.local/lib/python3.6/site-packages/airflow/example_dags/example_dag_decorator.py
[2025-05-31 11:08:36,823] {processor.py:654} INFO - DAG(s) dict_keys(['example_dag_decorator']) retrieved from /home/airflow/.local/lib/python3.6/site-packages/airflow/example_dags/example_dag_decorator.py
[2025-05-31 11:08:37,342] {logging_mixin.py:109} INFO - [2025-05-31 11:08:37,342] {dag.py:2396} INFO - Sync 1 DAGs
[2025-05-31 11:08:37,381] {logging_mixin.py:109} INFO - [2025-05-31 11:08:37,380] {dag.py:2935} INFO - Setting next_dagrun for example_dag_decorator to None
[2025-05-31 11:08:37,402] {processor.py:171} INFO - Processing /home/airflow/.local/lib/python3.6/site-packages/airflow/example_dags/example_dag_decorator.py took 0.643 seconds
[2025-05-31 11:09:07,771] {processor.py:163} INFO - Started process (PID=8503) to work on /home/airflow/.local/lib/python3.6/site-packages/airflow/example_dags/example_dag_decorator.py
[2025-05-31 11:09:07,773] {processor.py:642} INFO - Processing file /home/airflow/.local/lib/python3.6/site-packages/airflow/example_dags/example_dag_decorator.py for tasks to queue
[2025-05-31 11:09:07,774] {logging_mixin.py:109} INFO - [2025-05-31 11:09:07,774] {dagbag.py:500} INFO - Filling up the DagBag from /home/airflow/.local/lib/python3.6/site-packages/airflow/example_dags/example_dag_decorator.py
[2025-05-31 11:09:07,827] {processor.py:654} INFO - DAG(s) dict_keys(['example_dag_decorator']) retrieved from /home/airflow/.local/lib/python3.6/site-packages/airflow/example_dags/example_dag_decorator.py
[2025-05-31 11:09:08,265] {logging_mixin.py:109} INFO - [2025-05-31 11:09:08,265] {dag.py:2396} INFO - Sync 1 DAGs
[2025-05-31 11:09:08,287] {logging_mixin.py:109} INFO - [2025-05-31 11:09:08,287] {dag.py:2935} INFO - Setting next_dagrun for example_dag_decorator to None
[2025-05-31 11:09:08,305] {processor.py:171} INFO - Processing /home/airflow/.local/lib/python3.6/site-packages/airflow/example_dags/example_dag_decorator.py took 0.538 seconds
[2025-05-31 11:09:38,800] {processor.py:163} INFO - Started process (PID=8682) to work on /home/airflow/.local/lib/python3.6/site-packages/airflow/example_dags/example_dag_decorator.py
[2025-05-31 11:09:38,802] {processor.py:642} INFO - Processing file /home/airflow/.local/lib/python3.6/site-packages/airflow/example_dags/example_dag_decorator.py for tasks to queue
[2025-05-31 11:09:38,803] {logging_mixin.py:109} INFO - [2025-05-31 11:09:38,803] {dagbag.py:500} INFO - Filling up the DagBag from /home/airflow/.local/lib/python3.6/site-packages/airflow/example_dags/example_dag_decorator.py
[2025-05-31 11:09:38,842] {processor.py:654} INFO - DAG(s) dict_keys(['example_dag_decorator']) retrieved from /home/airflow/.local/lib/python3.6/site-packages/airflow/example_dags/example_dag_decorator.py
[2025-05-31 11:09:39,216] {logging_mixin.py:109} INFO - [2025-05-31 11:09:39,216] {dag.py:2396} INFO - Sync 1 DAGs
[2025-05-31 11:09:39,238] {logging_mixin.py:109} INFO - [2025-05-31 11:09:39,238] {dag.py:2935} INFO - Setting next_dagrun for example_dag_decorator to None
[2025-05-31 11:09:39,255] {processor.py:171} INFO - Processing /home/airflow/.local/lib/python3.6/site-packages/airflow/example_dags/example_dag_decorator.py took 0.458 seconds
[2025-05-31 11:10:09,322] {processor.py:163} INFO - Started process (PID=8860) to work on /home/airflow/.local/lib/python3.6/site-packages/airflow/example_dags/example_dag_decorator.py
[2025-05-31 11:10:09,326] {processor.py:642} INFO - Processing file /home/airflow/.local/lib/python3.6/site-packages/airflow/example_dags/example_dag_decorator.py for tasks to queue
[2025-05-31 11:10:09,328] {logging_mixin.py:109} INFO - [2025-05-31 11:10:09,328] {dagbag.py:500} INFO - Filling up the DagBag from /home/airflow/.local/lib/python3.6/site-packages/airflow/example_dags/example_dag_decorator.py
[2025-05-31 11:10:09,433] {processor.py:654} INFO - DAG(s) dict_keys(['example_dag_decorator']) retrieved from /home/airflow/.local/lib/python3.6/site-packages/airflow/example_dags/example_dag_decorator.py
[2025-05-31 11:10:09,956] {logging_mixin.py:109} INFO - [2025-05-31 11:10:09,955] {dag.py:2396} INFO - Sync 1 DAGs
[2025-05-31 11:10:09,977] {logging_mixin.py:109} INFO - [2025-05-31 11:10:09,977] {dag.py:2935} INFO - Setting next_dagrun for example_dag_decorator to None
[2025-05-31 11:10:09,993] {processor.py:171} INFO - Processing /home/airflow/.local/lib/python3.6/site-packages/airflow/example_dags/example_dag_decorator.py took 0.679 seconds
[2025-05-31 11:10:40,245] {processor.py:163} INFO - Started process (PID=9050) to work on /home/airflow/.local/lib/python3.6/site-packages/airflow/example_dags/example_dag_decorator.py
[2025-05-31 11:10:40,248] {processor.py:642} INFO - Processing file /home/airflow/.local/lib/python3.6/site-packages/airflow/example_dags/example_dag_decorator.py for tasks to queue
[2025-05-31 11:10:40,249] {logging_mixin.py:109} INFO - [2025-05-31 11:10:40,249] {dagbag.py:500} INFO - Filling up the DagBag from /home/airflow/.local/lib/python3.6/site-packages/airflow/example_dags/example_dag_decorator.py
[2025-05-31 11:10:40,316] {processor.py:654} INFO - DAG(s) dict_keys(['example_dag_decorator']) retrieved from /home/airflow/.local/lib/python3.6/site-packages/airflow/example_dags/example_dag_decorator.py
[2025-05-31 11:10:40,950] {logging_mixin.py:109} INFO - [2025-05-31 11:10:40,949] {dag.py:2396} INFO - Sync 1 DAGs
[2025-05-31 11:10:40,991] {logging_mixin.py:109} INFO - [2025-05-31 11:10:40,991] {dag.py:2935} INFO - Setting next_dagrun for example_dag_decorator to None
[2025-05-31 11:10:41,019] {processor.py:171} INFO - Processing /home/airflow/.local/lib/python3.6/site-packages/airflow/example_dags/example_dag_decorator.py took 0.782 seconds
[2025-05-31 11:11:11,884] {processor.py:163} INFO - Started process (PID=9217) to work on /home/airflow/.local/lib/python3.6/site-packages/airflow/example_dags/example_dag_decorator.py
[2025-05-31 11:11:11,885] {processor.py:642} INFO - Processing file /home/airflow/.local/lib/python3.6/site-packages/airflow/example_dags/example_dag_decorator.py for tasks to queue
[2025-05-31 11:11:11,887] {logging_mixin.py:109} INFO - [2025-05-31 11:11:11,887] {dagbag.py:500} INFO - Filling up the DagBag from /home/airflow/.local/lib/python3.6/site-packages/airflow/example_dags/example_dag_decorator.py
[2025-05-31 11:11:11,956] {processor.py:654} INFO - DAG(s) dict_keys(['example_dag_decorator']) retrieved from /home/airflow/.local/lib/python3.6/site-packages/airflow/example_dags/example_dag_decorator.py
[2025-05-31 11:11:12,481] {logging_mixin.py:109} INFO - [2025-05-31 11:11:12,481] {dag.py:2396} INFO - Sync 1 DAGs
[2025-05-31 11:11:12,506] {logging_mixin.py:109} INFO - [2025-05-31 11:11:12,506] {dag.py:2935} INFO - Setting next_dagrun for example_dag_decorator to None
[2025-05-31 11:11:12,524] {processor.py:171} INFO - Processing /home/airflow/.local/lib/python3.6/site-packages/airflow/example_dags/example_dag_decorator.py took 0.645 seconds
[2025-05-31 11:11:43,311] {processor.py:163} INFO - Started process (PID=9402) to work on /home/airflow/.local/lib/python3.6/site-packages/airflow/example_dags/example_dag_decorator.py
[2025-05-31 11:11:43,313] {processor.py:642} INFO - Processing file /home/airflow/.local/lib/python3.6/site-packages/airflow/example_dags/example_dag_decorator.py for tasks to queue
[2025-05-31 11:11:43,314] {logging_mixin.py:109} INFO - [2025-05-31 11:11:43,314] {dagbag.py:500} INFO - Filling up the DagBag from /home/airflow/.local/lib/python3.6/site-packages/airflow/example_dags/example_dag_decorator.py
[2025-05-31 11:11:43,355] {processor.py:654} INFO - DAG(s) dict_keys(['example_dag_decorator']) retrieved from /home/airflow/.local/lib/python3.6/site-packages/airflow/example_dags/example_dag_decorator.py
[2025-05-31 11:11:43,696] {logging_mixin.py:109} INFO - [2025-05-31 11:11:43,696] {dag.py:2396} INFO - Sync 1 DAGs
[2025-05-31 11:11:43,716] {logging_mixin.py:109} INFO - [2025-05-31 11:11:43,716] {dag.py:2935} INFO - Setting next_dagrun for example_dag_decorator to None
[2025-05-31 11:11:43,729] {processor.py:171} INFO - Processing /home/airflow/.local/lib/python3.6/site-packages/airflow/example_dags/example_dag_decorator.py took 0.422 seconds
[2025-05-31 11:12:14,010] {processor.py:163} INFO - Started process (PID=9580) to work on /home/airflow/.local/lib/python3.6/site-packages/airflow/example_dags/example_dag_decorator.py
[2025-05-31 11:12:14,013] {processor.py:642} INFO - Processing file /home/airflow/.local/lib/python3.6/site-packages/airflow/example_dags/example_dag_decorator.py for tasks to queue
[2025-05-31 11:12:14,016] {logging_mixin.py:109} INFO - [2025-05-31 11:12:14,016] {dagbag.py:500} INFO - Filling up the DagBag from /home/airflow/.local/lib/python3.6/site-packages/airflow/example_dags/example_dag_decorator.py
[2025-05-31 11:12:14,204] {processor.py:654} INFO - DAG(s) dict_keys(['example_dag_decorator']) retrieved from /home/airflow/.local/lib/python3.6/site-packages/airflow/example_dags/example_dag_decorator.py
[2025-05-31 11:12:14,750] {logging_mixin.py:109} INFO - [2025-05-31 11:12:14,750] {dag.py:2396} INFO - Sync 1 DAGs
[2025-05-31 11:12:14,774] {logging_mixin.py:109} INFO - [2025-05-31 11:12:14,774] {dag.py:2935} INFO - Setting next_dagrun for example_dag_decorator to None
[2025-05-31 11:12:14,789] {processor.py:171} INFO - Processing /home/airflow/.local/lib/python3.6/site-packages/airflow/example_dags/example_dag_decorator.py took 0.786 seconds
[2025-05-31 11:12:45,347] {processor.py:163} INFO - Started process (PID=9765) to work on /home/airflow/.local/lib/python3.6/site-packages/airflow/example_dags/example_dag_decorator.py
[2025-05-31 11:12:45,350] {processor.py:642} INFO - Processing file /home/airflow/.local/lib/python3.6/site-packages/airflow/example_dags/example_dag_decorator.py for tasks to queue
[2025-05-31 11:12:45,352] {logging_mixin.py:109} INFO - [2025-05-31 11:12:45,352] {dagbag.py:500} INFO - Filling up the DagBag from /home/airflow/.local/lib/python3.6/site-packages/airflow/example_dags/example_dag_decorator.py
[2025-05-31 11:12:45,514] {processor.py:654} INFO - DAG(s) dict_keys(['example_dag_decorator']) retrieved from /home/airflow/.local/lib/python3.6/site-packages/airflow/example_dags/example_dag_decorator.py
[2025-05-31 11:12:45,849] {logging_mixin.py:109} INFO - [2025-05-31 11:12:45,849] {dag.py:2396} INFO - Sync 1 DAGs
[2025-05-31 11:12:45,872] {logging_mixin.py:109} INFO - [2025-05-31 11:12:45,872] {dag.py:2935} INFO - Setting next_dagrun for example_dag_decorator to None
[2025-05-31 11:12:45,889] {processor.py:171} INFO - Processing /home/airflow/.local/lib/python3.6/site-packages/airflow/example_dags/example_dag_decorator.py took 0.550 seconds
[2025-05-31 11:13:16,298] {processor.py:163} INFO - Started process (PID=9945) to work on /home/airflow/.local/lib/python3.6/site-packages/airflow/example_dags/example_dag_decorator.py
[2025-05-31 11:13:16,300] {processor.py:642} INFO - Processing file /home/airflow/.local/lib/python3.6/site-packages/airflow/example_dags/example_dag_decorator.py for tasks to queue
[2025-05-31 11:13:16,302] {logging_mixin.py:109} INFO - [2025-05-31 11:13:16,302] {dagbag.py:500} INFO - Filling up the DagBag from /home/airflow/.local/lib/python3.6/site-packages/airflow/example_dags/example_dag_decorator.py
[2025-05-31 11:13:16,455] {processor.py:654} INFO - DAG(s) dict_keys(['example_dag_decorator']) retrieved from /home/airflow/.local/lib/python3.6/site-packages/airflow/example_dags/example_dag_decorator.py
[2025-05-31 11:13:16,778] {logging_mixin.py:109} INFO - [2025-05-31 11:13:16,778] {dag.py:2396} INFO - Sync 1 DAGs
[2025-05-31 11:13:16,810] {logging_mixin.py:109} INFO - [2025-05-31 11:13:16,810] {dag.py:2935} INFO - Setting next_dagrun for example_dag_decorator to None
[2025-05-31 11:13:16,831] {processor.py:171} INFO - Processing /home/airflow/.local/lib/python3.6/site-packages/airflow/example_dags/example_dag_decorator.py took 0.540 seconds
[2025-05-31 11:13:47,424] {processor.py:163} INFO - Started process (PID=10138) to work on /home/airflow/.local/lib/python3.6/site-packages/airflow/example_dags/example_dag_decorator.py
[2025-05-31 11:13:47,426] {processor.py:642} INFO - Processing file /home/airflow/.local/lib/python3.6/site-packages/airflow/example_dags/example_dag_decorator.py for tasks to queue
[2025-05-31 11:13:47,427] {logging_mixin.py:109} INFO - [2025-05-31 11:13:47,427] {dagbag.py:500} INFO - Filling up the DagBag from /home/airflow/.local/lib/python3.6/site-packages/airflow/example_dags/example_dag_decorator.py
[2025-05-31 11:13:47,593] {processor.py:654} INFO - DAG(s) dict_keys(['example_dag_decorator']) retrieved from /home/airflow/.local/lib/python3.6/site-packages/airflow/example_dags/example_dag_decorator.py
[2025-05-31 11:13:47,998] {logging_mixin.py:109} INFO - [2025-05-31 11:13:47,998] {dag.py:2396} INFO - Sync 1 DAGs
[2025-05-31 11:13:48,024] {logging_mixin.py:109} INFO - [2025-05-31 11:13:48,024] {dag.py:2935} INFO - Setting next_dagrun for example_dag_decorator to None
[2025-05-31 11:13:48,055] {processor.py:171} INFO - Processing /home/airflow/.local/lib/python3.6/site-packages/airflow/example_dags/example_dag_decorator.py took 0.637 seconds
[2025-05-31 11:14:18,999] {processor.py:163} INFO - Started process (PID=10330) to work on /home/airflow/.local/lib/python3.6/site-packages/airflow/example_dags/example_dag_decorator.py
[2025-05-31 11:14:19,001] {processor.py:642} INFO - Processing file /home/airflow/.local/lib/python3.6/site-packages/airflow/example_dags/example_dag_decorator.py for tasks to queue
[2025-05-31 11:14:19,002] {logging_mixin.py:109} INFO - [2025-05-31 11:14:19,002] {dagbag.py:500} INFO - Filling up the DagBag from /home/airflow/.local/lib/python3.6/site-packages/airflow/example_dags/example_dag_decorator.py
[2025-05-31 11:14:19,141] {processor.py:654} INFO - DAG(s) dict_keys(['example_dag_decorator']) retrieved from /home/airflow/.local/lib/python3.6/site-packages/airflow/example_dags/example_dag_decorator.py
[2025-05-31 11:14:19,510] {logging_mixin.py:109} INFO - [2025-05-31 11:14:19,510] {dag.py:2396} INFO - Sync 1 DAGs
[2025-05-31 11:14:19,533] {logging_mixin.py:109} INFO - [2025-05-31 11:14:19,533] {dag.py:2935} INFO - Setting next_dagrun for example_dag_decorator to None
[2025-05-31 11:14:19,551] {processor.py:171} INFO - Processing /home/airflow/.local/lib/python3.6/site-packages/airflow/example_dags/example_dag_decorator.py took 0.557 seconds
[2025-05-31 11:14:50,062] {processor.py:163} INFO - Started process (PID=10515) to work on /home/airflow/.local/lib/python3.6/site-packages/airflow/example_dags/example_dag_decorator.py
[2025-05-31 11:14:50,065] {processor.py:642} INFO - Processing file /home/airflow/.local/lib/python3.6/site-packages/airflow/example_dags/example_dag_decorator.py for tasks to queue
[2025-05-31 11:14:50,066] {logging_mixin.py:109} INFO - [2025-05-31 11:14:50,066] {dagbag.py:500} INFO - Filling up the DagBag from /home/airflow/.local/lib/python3.6/site-packages/airflow/example_dags/example_dag_decorator.py
[2025-05-31 11:14:50,226] {processor.py:654} INFO - DAG(s) dict_keys(['example_dag_decorator']) retrieved from /home/airflow/.local/lib/python3.6/site-packages/airflow/example_dags/example_dag_decorator.py
[2025-05-31 11:14:50,632] {logging_mixin.py:109} INFO - [2025-05-31 11:14:50,631] {dag.py:2396} INFO - Sync 1 DAGs
[2025-05-31 11:14:50,652] {logging_mixin.py:109} INFO - [2025-05-31 11:14:50,652] {dag.py:2935} INFO - Setting next_dagrun for example_dag_decorator to None
[2025-05-31 11:14:50,666] {processor.py:171} INFO - Processing /home/airflow/.local/lib/python3.6/site-packages/airflow/example_dags/example_dag_decorator.py took 0.609 seconds
[2025-05-31 11:15:21,613] {processor.py:163} INFO - Started process (PID=10704) to work on /home/airflow/.local/lib/python3.6/site-packages/airflow/example_dags/example_dag_decorator.py
[2025-05-31 11:15:21,616] {processor.py:642} INFO - Processing file /home/airflow/.local/lib/python3.6/site-packages/airflow/example_dags/example_dag_decorator.py for tasks to queue
[2025-05-31 11:15:21,617] {logging_mixin.py:109} INFO - [2025-05-31 11:15:21,617] {dagbag.py:500} INFO - Filling up the DagBag from /home/airflow/.local/lib/python3.6/site-packages/airflow/example_dags/example_dag_decorator.py
[2025-05-31 11:15:21,840] {processor.py:654} INFO - DAG(s) dict_keys(['example_dag_decorator']) retrieved from /home/airflow/.local/lib/python3.6/site-packages/airflow/example_dags/example_dag_decorator.py
[2025-05-31 11:15:22,224] {logging_mixin.py:109} INFO - [2025-05-31 11:15:22,224] {dag.py:2396} INFO - Sync 1 DAGs
[2025-05-31 11:15:22,248] {logging_mixin.py:109} INFO - [2025-05-31 11:15:22,248] {dag.py:2935} INFO - Setting next_dagrun for example_dag_decorator to None
[2025-05-31 11:15:22,263] {processor.py:171} INFO - Processing /home/airflow/.local/lib/python3.6/site-packages/airflow/example_dags/example_dag_decorator.py took 0.656 seconds
[2025-05-31 11:15:53,081] {processor.py:163} INFO - Started process (PID=10901) to work on /home/airflow/.local/lib/python3.6/site-packages/airflow/example_dags/example_dag_decorator.py
[2025-05-31 11:15:53,082] {processor.py:642} INFO - Processing file /home/airflow/.local/lib/python3.6/site-packages/airflow/example_dags/example_dag_decorator.py for tasks to queue
[2025-05-31 11:15:53,083] {logging_mixin.py:109} INFO - [2025-05-31 11:15:53,083] {dagbag.py:500} INFO - Filling up the DagBag from /home/airflow/.local/lib/python3.6/site-packages/airflow/example_dags/example_dag_decorator.py
[2025-05-31 11:15:53,131] {processor.py:654} INFO - DAG(s) dict_keys(['example_dag_decorator']) retrieved from /home/airflow/.local/lib/python3.6/site-packages/airflow/example_dags/example_dag_decorator.py
[2025-05-31 11:15:53,475] {logging_mixin.py:109} INFO - [2025-05-31 11:15:53,475] {dag.py:2396} INFO - Sync 1 DAGs
[2025-05-31 11:15:53,507] {logging_mixin.py:109} INFO - [2025-05-31 11:15:53,507] {dag.py:2935} INFO - Setting next_dagrun for example_dag_decorator to None
[2025-05-31 11:15:53,524] {processor.py:171} INFO - Processing /home/airflow/.local/lib/python3.6/site-packages/airflow/example_dags/example_dag_decorator.py took 0.447 seconds
[2025-05-31 11:16:24,404] {processor.py:163} INFO - Started process (PID=11116) to work on /home/airflow/.local/lib/python3.6/site-packages/airflow/example_dags/example_dag_decorator.py
[2025-05-31 11:16:24,406] {processor.py:642} INFO - Processing file /home/airflow/.local/lib/python3.6/site-packages/airflow/example_dags/example_dag_decorator.py for tasks to queue
[2025-05-31 11:16:24,407] {logging_mixin.py:109} INFO - [2025-05-31 11:16:24,407] {dagbag.py:500} INFO - Filling up the DagBag from /home/airflow/.local/lib/python3.6/site-packages/airflow/example_dags/example_dag_decorator.py
[2025-05-31 11:16:24,455] {processor.py:654} INFO - DAG(s) dict_keys(['example_dag_decorator']) retrieved from /home/airflow/.local/lib/python3.6/site-packages/airflow/example_dags/example_dag_decorator.py
[2025-05-31 11:16:24,809] {logging_mixin.py:109} INFO - [2025-05-31 11:16:24,809] {dag.py:2396} INFO - Sync 1 DAGs
[2025-05-31 11:16:24,837] {logging_mixin.py:109} INFO - [2025-05-31 11:16:24,837] {dag.py:2935} INFO - Setting next_dagrun for example_dag_decorator to None
[2025-05-31 11:16:24,855] {processor.py:171} INFO - Processing /home/airflow/.local/lib/python3.6/site-packages/airflow/example_dags/example_dag_decorator.py took 0.455 seconds
[2025-05-31 11:16:55,446] {processor.py:163} INFO - Started process (PID=11311) to work on /home/airflow/.local/lib/python3.6/site-packages/airflow/example_dags/example_dag_decorator.py
[2025-05-31 11:16:55,448] {processor.py:642} INFO - Processing file /home/airflow/.local/lib/python3.6/site-packages/airflow/example_dags/example_dag_decorator.py for tasks to queue
[2025-05-31 11:16:55,450] {logging_mixin.py:109} INFO - [2025-05-31 11:16:55,450] {dagbag.py:500} INFO - Filling up the DagBag from /home/airflow/.local/lib/python3.6/site-packages/airflow/example_dags/example_dag_decorator.py
[2025-05-31 11:16:55,512] {processor.py:654} INFO - DAG(s) dict_keys(['example_dag_decorator']) retrieved from /home/airflow/.local/lib/python3.6/site-packages/airflow/example_dags/example_dag_decorator.py
[2025-05-31 11:16:55,901] {logging_mixin.py:109} INFO - [2025-05-31 11:16:55,901] {dag.py:2396} INFO - Sync 1 DAGs
[2025-05-31 11:16:55,929] {logging_mixin.py:109} INFO - [2025-05-31 11:16:55,929] {dag.py:2935} INFO - Setting next_dagrun for example_dag_decorator to None
[2025-05-31 11:16:55,947] {processor.py:171} INFO - Processing /home/airflow/.local/lib/python3.6/site-packages/airflow/example_dags/example_dag_decorator.py took 0.508 seconds
[2025-05-31 11:17:26,035] {processor.py:163} INFO - Started process (PID=11496) to work on /home/airflow/.local/lib/python3.6/site-packages/airflow/example_dags/example_dag_decorator.py
[2025-05-31 11:17:26,036] {processor.py:642} INFO - Processing file /home/airflow/.local/lib/python3.6/site-packages/airflow/example_dags/example_dag_decorator.py for tasks to queue
[2025-05-31 11:17:26,037] {logging_mixin.py:109} INFO - [2025-05-31 11:17:26,037] {dagbag.py:500} INFO - Filling up the DagBag from /home/airflow/.local/lib/python3.6/site-packages/airflow/example_dags/example_dag_decorator.py
[2025-05-31 11:17:26,080] {processor.py:654} INFO - DAG(s) dict_keys(['example_dag_decorator']) retrieved from /home/airflow/.local/lib/python3.6/site-packages/airflow/example_dags/example_dag_decorator.py
[2025-05-31 11:17:26,369] {logging_mixin.py:109} INFO - [2025-05-31 11:17:26,368] {dag.py:2396} INFO - Sync 1 DAGs
[2025-05-31 11:17:26,388] {logging_mixin.py:109} INFO - [2025-05-31 11:17:26,388] {dag.py:2935} INFO - Setting next_dagrun for example_dag_decorator to None
[2025-05-31 11:17:26,401] {processor.py:171} INFO - Processing /home/airflow/.local/lib/python3.6/site-packages/airflow/example_dags/example_dag_decorator.py took 0.370 seconds
[2025-05-31 11:17:56,873] {processor.py:163} INFO - Started process (PID=11681) to work on /home/airflow/.local/lib/python3.6/site-packages/airflow/example_dags/example_dag_decorator.py
[2025-05-31 11:17:56,875] {processor.py:642} INFO - Processing file /home/airflow/.local/lib/python3.6/site-packages/airflow/example_dags/example_dag_decorator.py for tasks to queue
[2025-05-31 11:17:56,876] {logging_mixin.py:109} INFO - [2025-05-31 11:17:56,876] {dagbag.py:500} INFO - Filling up the DagBag from /home/airflow/.local/lib/python3.6/site-packages/airflow/example_dags/example_dag_decorator.py
[2025-05-31 11:17:56,916] {processor.py:654} INFO - DAG(s) dict_keys(['example_dag_decorator']) retrieved from /home/airflow/.local/lib/python3.6/site-packages/airflow/example_dags/example_dag_decorator.py
[2025-05-31 11:17:57,172] {logging_mixin.py:109} INFO - [2025-05-31 11:17:57,172] {dag.py:2396} INFO - Sync 1 DAGs
[2025-05-31 11:17:57,194] {logging_mixin.py:109} INFO - [2025-05-31 11:17:57,194] {dag.py:2935} INFO - Setting next_dagrun for example_dag_decorator to None
[2025-05-31 11:17:57,208] {processor.py:171} INFO - Processing /home/airflow/.local/lib/python3.6/site-packages/airflow/example_dags/example_dag_decorator.py took 0.338 seconds
[2025-05-31 11:18:27,278] {processor.py:163} INFO - Started process (PID=11876) to work on /home/airflow/.local/lib/python3.6/site-packages/airflow/example_dags/example_dag_decorator.py
[2025-05-31 11:18:27,280] {processor.py:642} INFO - Processing file /home/airflow/.local/lib/python3.6/site-packages/airflow/example_dags/example_dag_decorator.py for tasks to queue
[2025-05-31 11:18:27,281] {logging_mixin.py:109} INFO - [2025-05-31 11:18:27,281] {dagbag.py:500} INFO - Filling up the DagBag from /home/airflow/.local/lib/python3.6/site-packages/airflow/example_dags/example_dag_decorator.py
[2025-05-31 11:18:27,343] {processor.py:654} INFO - DAG(s) dict_keys(['example_dag_decorator']) retrieved from /home/airflow/.local/lib/python3.6/site-packages/airflow/example_dags/example_dag_decorator.py
[2025-05-31 11:18:27,752] {logging_mixin.py:109} INFO - [2025-05-31 11:18:27,752] {dag.py:2396} INFO - Sync 1 DAGs
[2025-05-31 11:18:27,777] {logging_mixin.py:109} INFO - [2025-05-31 11:18:27,777] {dag.py:2935} INFO - Setting next_dagrun for example_dag_decorator to None
[2025-05-31 11:18:27,793] {processor.py:171} INFO - Processing /home/airflow/.local/lib/python3.6/site-packages/airflow/example_dags/example_dag_decorator.py took 0.519 seconds
[2025-05-31 11:18:58,565] {processor.py:163} INFO - Started process (PID=12061) to work on /home/airflow/.local/lib/python3.6/site-packages/airflow/example_dags/example_dag_decorator.py
[2025-05-31 11:18:58,567] {processor.py:642} INFO - Processing file /home/airflow/.local/lib/python3.6/site-packages/airflow/example_dags/example_dag_decorator.py for tasks to queue
[2025-05-31 11:18:58,568] {logging_mixin.py:109} INFO - [2025-05-31 11:18:58,568] {dagbag.py:500} INFO - Filling up the DagBag from /home/airflow/.local/lib/python3.6/site-packages/airflow/example_dags/example_dag_decorator.py
[2025-05-31 11:18:58,620] {processor.py:654} INFO - DAG(s) dict_keys(['example_dag_decorator']) retrieved from /home/airflow/.local/lib/python3.6/site-packages/airflow/example_dags/example_dag_decorator.py
[2025-05-31 11:18:59,076] {logging_mixin.py:109} INFO - [2025-05-31 11:18:59,076] {dag.py:2396} INFO - Sync 1 DAGs
[2025-05-31 11:18:59,123] {logging_mixin.py:109} INFO - [2025-05-31 11:18:59,123] {dag.py:2935} INFO - Setting next_dagrun for example_dag_decorator to None
[2025-05-31 11:18:59,157] {processor.py:171} INFO - Processing /home/airflow/.local/lib/python3.6/site-packages/airflow/example_dags/example_dag_decorator.py took 0.596 seconds
[2025-05-31 11:19:29,453] {processor.py:163} INFO - Started process (PID=12246) to work on /home/airflow/.local/lib/python3.6/site-packages/airflow/example_dags/example_dag_decorator.py
[2025-05-31 11:19:29,454] {processor.py:642} INFO - Processing file /home/airflow/.local/lib/python3.6/site-packages/airflow/example_dags/example_dag_decorator.py for tasks to queue
[2025-05-31 11:19:29,455] {logging_mixin.py:109} INFO - [2025-05-31 11:19:29,455] {dagbag.py:500} INFO - Filling up the DagBag from /home/airflow/.local/lib/python3.6/site-packages/airflow/example_dags/example_dag_decorator.py
[2025-05-31 11:19:29,506] {processor.py:654} INFO - DAG(s) dict_keys(['example_dag_decorator']) retrieved from /home/airflow/.local/lib/python3.6/site-packages/airflow/example_dags/example_dag_decorator.py
[2025-05-31 11:19:29,830] {logging_mixin.py:109} INFO - [2025-05-31 11:19:29,830] {dag.py:2396} INFO - Sync 1 DAGs
[2025-05-31 11:19:29,856] {logging_mixin.py:109} INFO - [2025-05-31 11:19:29,856] {dag.py:2935} INFO - Setting next_dagrun for example_dag_decorator to None
[2025-05-31 11:19:29,873] {processor.py:171} INFO - Processing /home/airflow/.local/lib/python3.6/site-packages/airflow/example_dags/example_dag_decorator.py took 0.426 seconds
[2025-05-31 11:20:00,111] {processor.py:163} INFO - Started process (PID=12441) to work on /home/airflow/.local/lib/python3.6/site-packages/airflow/example_dags/example_dag_decorator.py
[2025-05-31 11:20:00,112] {processor.py:642} INFO - Processing file /home/airflow/.local/lib/python3.6/site-packages/airflow/example_dags/example_dag_decorator.py for tasks to queue
[2025-05-31 11:20:00,114] {logging_mixin.py:109} INFO - [2025-05-31 11:20:00,113] {dagbag.py:500} INFO - Filling up the DagBag from /home/airflow/.local/lib/python3.6/site-packages/airflow/example_dags/example_dag_decorator.py
[2025-05-31 11:20:00,161] {processor.py:654} INFO - DAG(s) dict_keys(['example_dag_decorator']) retrieved from /home/airflow/.local/lib/python3.6/site-packages/airflow/example_dags/example_dag_decorator.py
[2025-05-31 11:20:00,593] {logging_mixin.py:109} INFO - [2025-05-31 11:20:00,592] {dag.py:2396} INFO - Sync 1 DAGs
[2025-05-31 11:20:00,624] {logging_mixin.py:109} INFO - [2025-05-31 11:20:00,624] {dag.py:2935} INFO - Setting next_dagrun for example_dag_decorator to None
[2025-05-31 11:20:00,647] {processor.py:171} INFO - Processing /home/airflow/.local/lib/python3.6/site-packages/airflow/example_dags/example_dag_decorator.py took 0.542 seconds
[2025-05-31 11:20:31,090] {processor.py:163} INFO - Started process (PID=12626) to work on /home/airflow/.local/lib/python3.6/site-packages/airflow/example_dags/example_dag_decorator.py
[2025-05-31 11:20:31,092] {processor.py:642} INFO - Processing file /home/airflow/.local/lib/python3.6/site-packages/airflow/example_dags/example_dag_decorator.py for tasks to queue
[2025-05-31 11:20:31,093] {logging_mixin.py:109} INFO - [2025-05-31 11:20:31,093] {dagbag.py:500} INFO - Filling up the DagBag from /home/airflow/.local/lib/python3.6/site-packages/airflow/example_dags/example_dag_decorator.py
[2025-05-31 11:20:31,131] {processor.py:654} INFO - DAG(s) dict_keys(['example_dag_decorator']) retrieved from /home/airflow/.local/lib/python3.6/site-packages/airflow/example_dags/example_dag_decorator.py
[2025-05-31 11:20:31,429] {logging_mixin.py:109} INFO - [2025-05-31 11:20:31,429] {dag.py:2396} INFO - Sync 1 DAGs
[2025-05-31 11:20:31,451] {logging_mixin.py:109} INFO - [2025-05-31 11:20:31,450] {dag.py:2935} INFO - Setting next_dagrun for example_dag_decorator to None
[2025-05-31 11:20:31,466] {processor.py:171} INFO - Processing /home/airflow/.local/lib/python3.6/site-packages/airflow/example_dags/example_dag_decorator.py took 0.380 seconds
[2025-05-31 11:21:01,855] {processor.py:163} INFO - Started process (PID=12811) to work on /home/airflow/.local/lib/python3.6/site-packages/airflow/example_dags/example_dag_decorator.py
[2025-05-31 11:21:01,856] {processor.py:642} INFO - Processing file /home/airflow/.local/lib/python3.6/site-packages/airflow/example_dags/example_dag_decorator.py for tasks to queue
[2025-05-31 11:21:01,857] {logging_mixin.py:109} INFO - [2025-05-31 11:21:01,857] {dagbag.py:500} INFO - Filling up the DagBag from /home/airflow/.local/lib/python3.6/site-packages/airflow/example_dags/example_dag_decorator.py
[2025-05-31 11:21:01,893] {processor.py:654} INFO - DAG(s) dict_keys(['example_dag_decorator']) retrieved from /home/airflow/.local/lib/python3.6/site-packages/airflow/example_dags/example_dag_decorator.py
[2025-05-31 11:21:02,165] {logging_mixin.py:109} INFO - [2025-05-31 11:21:02,165] {dag.py:2396} INFO - Sync 1 DAGs
[2025-05-31 11:21:02,187] {logging_mixin.py:109} INFO - [2025-05-31 11:21:02,187] {dag.py:2935} INFO - Setting next_dagrun for example_dag_decorator to None
[2025-05-31 11:21:02,201] {processor.py:171} INFO - Processing /home/airflow/.local/lib/python3.6/site-packages/airflow/example_dags/example_dag_decorator.py took 0.349 seconds
[2025-05-31 11:21:32,342] {processor.py:163} INFO - Started process (PID=13006) to work on /home/airflow/.local/lib/python3.6/site-packages/airflow/example_dags/example_dag_decorator.py
[2025-05-31 11:21:32,344] {processor.py:642} INFO - Processing file /home/airflow/.local/lib/python3.6/site-packages/airflow/example_dags/example_dag_decorator.py for tasks to queue
[2025-05-31 11:21:32,346] {logging_mixin.py:109} INFO - [2025-05-31 11:21:32,346] {dagbag.py:500} INFO - Filling up the DagBag from /home/airflow/.local/lib/python3.6/site-packages/airflow/example_dags/example_dag_decorator.py
[2025-05-31 11:21:32,400] {processor.py:654} INFO - DAG(s) dict_keys(['example_dag_decorator']) retrieved from /home/airflow/.local/lib/python3.6/site-packages/airflow/example_dags/example_dag_decorator.py
[2025-05-31 11:21:32,755] {logging_mixin.py:109} INFO - [2025-05-31 11:21:32,755] {dag.py:2396} INFO - Sync 1 DAGs
[2025-05-31 11:21:32,791] {logging_mixin.py:109} INFO - [2025-05-31 11:21:32,791] {dag.py:2935} INFO - Setting next_dagrun for example_dag_decorator to None
[2025-05-31 11:21:32,816] {processor.py:171} INFO - Processing /home/airflow/.local/lib/python3.6/site-packages/airflow/example_dags/example_dag_decorator.py took 0.482 seconds
[2025-05-31 11:22:03,278] {processor.py:163} INFO - Started process (PID=13191) to work on /home/airflow/.local/lib/python3.6/site-packages/airflow/example_dags/example_dag_decorator.py
[2025-05-31 11:22:03,279] {processor.py:642} INFO - Processing file /home/airflow/.local/lib/python3.6/site-packages/airflow/example_dags/example_dag_decorator.py for tasks to queue
[2025-05-31 11:22:03,280] {logging_mixin.py:109} INFO - [2025-05-31 11:22:03,280] {dagbag.py:500} INFO - Filling up the DagBag from /home/airflow/.local/lib/python3.6/site-packages/airflow/example_dags/example_dag_decorator.py
[2025-05-31 11:22:03,325] {processor.py:654} INFO - DAG(s) dict_keys(['example_dag_decorator']) retrieved from /home/airflow/.local/lib/python3.6/site-packages/airflow/example_dags/example_dag_decorator.py
[2025-05-31 11:22:03,586] {logging_mixin.py:109} INFO - [2025-05-31 11:22:03,586] {dag.py:2396} INFO - Sync 1 DAGs
[2025-05-31 11:22:03,608] {logging_mixin.py:109} INFO - [2025-05-31 11:22:03,607] {dag.py:2935} INFO - Setting next_dagrun for example_dag_decorator to None
[2025-05-31 11:22:03,622] {processor.py:171} INFO - Processing /home/airflow/.local/lib/python3.6/site-packages/airflow/example_dags/example_dag_decorator.py took 0.348 seconds
[2025-05-31 11:22:33,675] {processor.py:163} INFO - Started process (PID=13386) to work on /home/airflow/.local/lib/python3.6/site-packages/airflow/example_dags/example_dag_decorator.py
[2025-05-31 11:22:33,677] {processor.py:642} INFO - Processing file /home/airflow/.local/lib/python3.6/site-packages/airflow/example_dags/example_dag_decorator.py for tasks to queue
[2025-05-31 11:22:33,678] {logging_mixin.py:109} INFO - [2025-05-31 11:22:33,678] {dagbag.py:500} INFO - Filling up the DagBag from /home/airflow/.local/lib/python3.6/site-packages/airflow/example_dags/example_dag_decorator.py
[2025-05-31 11:22:33,723] {processor.py:654} INFO - DAG(s) dict_keys(['example_dag_decorator']) retrieved from /home/airflow/.local/lib/python3.6/site-packages/airflow/example_dags/example_dag_decorator.py
[2025-05-31 11:22:34,109] {logging_mixin.py:109} INFO - [2025-05-31 11:22:34,109] {dag.py:2396} INFO - Sync 1 DAGs
[2025-05-31 11:22:34,144] {logging_mixin.py:109} INFO - [2025-05-31 11:22:34,143] {dag.py:2935} INFO - Setting next_dagrun for example_dag_decorator to None
[2025-05-31 11:22:34,161] {processor.py:171} INFO - Processing /home/airflow/.local/lib/python3.6/site-packages/airflow/example_dags/example_dag_decorator.py took 0.492 seconds
[2025-05-31 11:23:04,286] {processor.py:163} INFO - Started process (PID=13581) to work on /home/airflow/.local/lib/python3.6/site-packages/airflow/example_dags/example_dag_decorator.py
[2025-05-31 11:23:04,288] {processor.py:642} INFO - Processing file /home/airflow/.local/lib/python3.6/site-packages/airflow/example_dags/example_dag_decorator.py for tasks to queue
[2025-05-31 11:23:04,289] {logging_mixin.py:109} INFO - [2025-05-31 11:23:04,289] {dagbag.py:500} INFO - Filling up the DagBag from /home/airflow/.local/lib/python3.6/site-packages/airflow/example_dags/example_dag_decorator.py
[2025-05-31 11:23:04,329] {processor.py:654} INFO - DAG(s) dict_keys(['example_dag_decorator']) retrieved from /home/airflow/.local/lib/python3.6/site-packages/airflow/example_dags/example_dag_decorator.py
[2025-05-31 11:23:04,660] {logging_mixin.py:109} INFO - [2025-05-31 11:23:04,660] {dag.py:2396} INFO - Sync 1 DAGs
[2025-05-31 11:23:04,684] {logging_mixin.py:109} INFO - [2025-05-31 11:23:04,684] {dag.py:2935} INFO - Setting next_dagrun for example_dag_decorator to None
[2025-05-31 11:23:04,700] {processor.py:171} INFO - Processing /home/airflow/.local/lib/python3.6/site-packages/airflow/example_dags/example_dag_decorator.py took 0.418 seconds
[2025-05-31 11:23:35,574] {processor.py:163} INFO - Started process (PID=13766) to work on /home/airflow/.local/lib/python3.6/site-packages/airflow/example_dags/example_dag_decorator.py
[2025-05-31 11:23:35,575] {processor.py:642} INFO - Processing file /home/airflow/.local/lib/python3.6/site-packages/airflow/example_dags/example_dag_decorator.py for tasks to queue
[2025-05-31 11:23:35,576] {logging_mixin.py:109} INFO - [2025-05-31 11:23:35,576] {dagbag.py:500} INFO - Filling up the DagBag from /home/airflow/.local/lib/python3.6/site-packages/airflow/example_dags/example_dag_decorator.py
[2025-05-31 11:23:35,612] {processor.py:654} INFO - DAG(s) dict_keys(['example_dag_decorator']) retrieved from /home/airflow/.local/lib/python3.6/site-packages/airflow/example_dags/example_dag_decorator.py
[2025-05-31 11:23:35,894] {logging_mixin.py:109} INFO - [2025-05-31 11:23:35,894] {dag.py:2396} INFO - Sync 1 DAGs
[2025-05-31 11:23:35,916] {logging_mixin.py:109} INFO - [2025-05-31 11:23:35,915] {dag.py:2935} INFO - Setting next_dagrun for example_dag_decorator to None
[2025-05-31 11:23:35,938] {processor.py:171} INFO - Processing /home/airflow/.local/lib/python3.6/site-packages/airflow/example_dags/example_dag_decorator.py took 0.368 seconds
[2025-05-31 11:24:06,121] {processor.py:163} INFO - Started process (PID=13964) to work on /home/airflow/.local/lib/python3.6/site-packages/airflow/example_dags/example_dag_decorator.py
[2025-05-31 11:24:06,124] {processor.py:642} INFO - Processing file /home/airflow/.local/lib/python3.6/site-packages/airflow/example_dags/example_dag_decorator.py for tasks to queue
[2025-05-31 11:24:06,125] {logging_mixin.py:109} INFO - [2025-05-31 11:24:06,125] {dagbag.py:500} INFO - Filling up the DagBag from /home/airflow/.local/lib/python3.6/site-packages/airflow/example_dags/example_dag_decorator.py
[2025-05-31 11:24:06,189] {processor.py:654} INFO - DAG(s) dict_keys(['example_dag_decorator']) retrieved from /home/airflow/.local/lib/python3.6/site-packages/airflow/example_dags/example_dag_decorator.py
[2025-05-31 11:24:06,525] {logging_mixin.py:109} INFO - [2025-05-31 11:24:06,525] {dag.py:2396} INFO - Sync 1 DAGs
[2025-05-31 11:24:06,548] {logging_mixin.py:109} INFO - [2025-05-31 11:24:06,548] {dag.py:2935} INFO - Setting next_dagrun for example_dag_decorator to None
[2025-05-31 11:24:06,566] {processor.py:171} INFO - Processing /home/airflow/.local/lib/python3.6/site-packages/airflow/example_dags/example_dag_decorator.py took 0.453 seconds
[2025-05-31 11:24:36,945] {processor.py:163} INFO - Started process (PID=14146) to work on /home/airflow/.local/lib/python3.6/site-packages/airflow/example_dags/example_dag_decorator.py
[2025-05-31 11:24:36,947] {processor.py:642} INFO - Processing file /home/airflow/.local/lib/python3.6/site-packages/airflow/example_dags/example_dag_decorator.py for tasks to queue
[2025-05-31 11:24:36,947] {logging_mixin.py:109} INFO - [2025-05-31 11:24:36,947] {dagbag.py:500} INFO - Filling up the DagBag from /home/airflow/.local/lib/python3.6/site-packages/airflow/example_dags/example_dag_decorator.py
[2025-05-31 11:24:36,983] {processor.py:654} INFO - DAG(s) dict_keys(['example_dag_decorator']) retrieved from /home/airflow/.local/lib/python3.6/site-packages/airflow/example_dags/example_dag_decorator.py
[2025-05-31 11:24:37,229] {logging_mixin.py:109} INFO - [2025-05-31 11:24:37,229] {dag.py:2396} INFO - Sync 1 DAGs
[2025-05-31 11:24:37,250] {logging_mixin.py:109} INFO - [2025-05-31 11:24:37,249] {dag.py:2935} INFO - Setting next_dagrun for example_dag_decorator to None
[2025-05-31 11:24:37,264] {processor.py:171} INFO - Processing /home/airflow/.local/lib/python3.6/site-packages/airflow/example_dags/example_dag_decorator.py took 0.322 seconds
[2025-05-31 11:25:07,786] {processor.py:163} INFO - Started process (PID=14331) to work on /home/airflow/.local/lib/python3.6/site-packages/airflow/example_dags/example_dag_decorator.py
[2025-05-31 11:25:07,788] {processor.py:642} INFO - Processing file /home/airflow/.local/lib/python3.6/site-packages/airflow/example_dags/example_dag_decorator.py for tasks to queue
[2025-05-31 11:25:07,789] {logging_mixin.py:109} INFO - [2025-05-31 11:25:07,789] {dagbag.py:500} INFO - Filling up the DagBag from /home/airflow/.local/lib/python3.6/site-packages/airflow/example_dags/example_dag_decorator.py
[2025-05-31 11:25:07,832] {processor.py:654} INFO - DAG(s) dict_keys(['example_dag_decorator']) retrieved from /home/airflow/.local/lib/python3.6/site-packages/airflow/example_dags/example_dag_decorator.py
[2025-05-31 11:25:08,153] {logging_mixin.py:109} INFO - [2025-05-31 11:25:08,153] {dag.py:2396} INFO - Sync 1 DAGs
[2025-05-31 11:25:08,176] {logging_mixin.py:109} INFO - [2025-05-31 11:25:08,176] {dag.py:2935} INFO - Setting next_dagrun for example_dag_decorator to None
[2025-05-31 11:25:08,190] {processor.py:171} INFO - Processing /home/airflow/.local/lib/python3.6/site-packages/airflow/example_dags/example_dag_decorator.py took 0.408 seconds
[2025-05-31 11:25:38,666] {processor.py:163} INFO - Started process (PID=14526) to work on /home/airflow/.local/lib/python3.6/site-packages/airflow/example_dags/example_dag_decorator.py
[2025-05-31 11:25:38,669] {processor.py:642} INFO - Processing file /home/airflow/.local/lib/python3.6/site-packages/airflow/example_dags/example_dag_decorator.py for tasks to queue
[2025-05-31 11:25:38,671] {logging_mixin.py:109} INFO - [2025-05-31 11:25:38,670] {dagbag.py:500} INFO - Filling up the DagBag from /home/airflow/.local/lib/python3.6/site-packages/airflow/example_dags/example_dag_decorator.py
[2025-05-31 11:25:38,724] {processor.py:654} INFO - DAG(s) dict_keys(['example_dag_decorator']) retrieved from /home/airflow/.local/lib/python3.6/site-packages/airflow/example_dags/example_dag_decorator.py
[2025-05-31 11:25:39,130] {logging_mixin.py:109} INFO - [2025-05-31 11:25:39,130] {dag.py:2396} INFO - Sync 1 DAGs
[2025-05-31 11:25:39,163] {logging_mixin.py:109} INFO - [2025-05-31 11:25:39,163] {dag.py:2935} INFO - Setting next_dagrun for example_dag_decorator to None
[2025-05-31 11:25:39,182] {processor.py:171} INFO - Processing /home/airflow/.local/lib/python3.6/site-packages/airflow/example_dags/example_dag_decorator.py took 0.522 seconds
[2025-05-31 11:26:09,368] {processor.py:163} INFO - Started process (PID=14709) to work on /home/airflow/.local/lib/python3.6/site-packages/airflow/example_dags/example_dag_decorator.py
[2025-05-31 11:26:09,369] {processor.py:642} INFO - Processing file /home/airflow/.local/lib/python3.6/site-packages/airflow/example_dags/example_dag_decorator.py for tasks to queue
[2025-05-31 11:26:09,370] {logging_mixin.py:109} INFO - [2025-05-31 11:26:09,370] {dagbag.py:500} INFO - Filling up the DagBag from /home/airflow/.local/lib/python3.6/site-packages/airflow/example_dags/example_dag_decorator.py
[2025-05-31 11:26:09,412] {processor.py:654} INFO - DAG(s) dict_keys(['example_dag_decorator']) retrieved from /home/airflow/.local/lib/python3.6/site-packages/airflow/example_dags/example_dag_decorator.py
[2025-05-31 11:26:09,683] {logging_mixin.py:109} INFO - [2025-05-31 11:26:09,683] {dag.py:2396} INFO - Sync 1 DAGs
[2025-05-31 11:26:09,703] {logging_mixin.py:109} INFO - [2025-05-31 11:26:09,703] {dag.py:2935} INFO - Setting next_dagrun for example_dag_decorator to None
[2025-05-31 11:26:09,717] {processor.py:171} INFO - Processing /home/airflow/.local/lib/python3.6/site-packages/airflow/example_dags/example_dag_decorator.py took 0.353 seconds
[2025-05-31 11:26:40,036] {processor.py:163} INFO - Started process (PID=14894) to work on /home/airflow/.local/lib/python3.6/site-packages/airflow/example_dags/example_dag_decorator.py
[2025-05-31 11:26:40,038] {processor.py:642} INFO - Processing file /home/airflow/.local/lib/python3.6/site-packages/airflow/example_dags/example_dag_decorator.py for tasks to queue
[2025-05-31 11:26:40,039] {logging_mixin.py:109} INFO - [2025-05-31 11:26:40,039] {dagbag.py:500} INFO - Filling up the DagBag from /home/airflow/.local/lib/python3.6/site-packages/airflow/example_dags/example_dag_decorator.py
[2025-05-31 11:26:40,091] {processor.py:654} INFO - DAG(s) dict_keys(['example_dag_decorator']) retrieved from /home/airflow/.local/lib/python3.6/site-packages/airflow/example_dags/example_dag_decorator.py
[2025-05-31 11:26:40,386] {logging_mixin.py:109} INFO - [2025-05-31 11:26:40,386] {dag.py:2396} INFO - Sync 1 DAGs
[2025-05-31 11:26:40,406] {logging_mixin.py:109} INFO - [2025-05-31 11:26:40,405] {dag.py:2935} INFO - Setting next_dagrun for example_dag_decorator to None
[2025-05-31 11:26:40,420] {processor.py:171} INFO - Processing /home/airflow/.local/lib/python3.6/site-packages/airflow/example_dags/example_dag_decorator.py took 0.387 seconds
[2025-05-31 11:27:10,805] {processor.py:163} INFO - Started process (PID=15089) to work on /home/airflow/.local/lib/python3.6/site-packages/airflow/example_dags/example_dag_decorator.py
[2025-05-31 11:27:10,807] {processor.py:642} INFO - Processing file /home/airflow/.local/lib/python3.6/site-packages/airflow/example_dags/example_dag_decorator.py for tasks to queue
[2025-05-31 11:27:10,808] {logging_mixin.py:109} INFO - [2025-05-31 11:27:10,808] {dagbag.py:500} INFO - Filling up the DagBag from /home/airflow/.local/lib/python3.6/site-packages/airflow/example_dags/example_dag_decorator.py
[2025-05-31 11:27:10,869] {processor.py:654} INFO - DAG(s) dict_keys(['example_dag_decorator']) retrieved from /home/airflow/.local/lib/python3.6/site-packages/airflow/example_dags/example_dag_decorator.py
[2025-05-31 11:27:11,275] {logging_mixin.py:109} INFO - [2025-05-31 11:27:11,275] {dag.py:2396} INFO - Sync 1 DAGs
[2025-05-31 11:27:11,303] {logging_mixin.py:109} INFO - [2025-05-31 11:27:11,303] {dag.py:2935} INFO - Setting next_dagrun for example_dag_decorator to None
[2025-05-31 11:27:11,320] {processor.py:171} INFO - Processing /home/airflow/.local/lib/python3.6/site-packages/airflow/example_dags/example_dag_decorator.py took 0.522 seconds
[2025-05-31 11:27:42,111] {processor.py:163} INFO - Started process (PID=15284) to work on /home/airflow/.local/lib/python3.6/site-packages/airflow/example_dags/example_dag_decorator.py
[2025-05-31 11:27:42,113] {processor.py:642} INFO - Processing file /home/airflow/.local/lib/python3.6/site-packages/airflow/example_dags/example_dag_decorator.py for tasks to queue
[2025-05-31 11:27:42,114] {logging_mixin.py:109} INFO - [2025-05-31 11:27:42,113] {dagbag.py:500} INFO - Filling up the DagBag from /home/airflow/.local/lib/python3.6/site-packages/airflow/example_dags/example_dag_decorator.py
[2025-05-31 11:27:42,155] {processor.py:654} INFO - DAG(s) dict_keys(['example_dag_decorator']) retrieved from /home/airflow/.local/lib/python3.6/site-packages/airflow/example_dags/example_dag_decorator.py
[2025-05-31 11:27:42,435] {logging_mixin.py:109} INFO - [2025-05-31 11:27:42,435] {dag.py:2396} INFO - Sync 1 DAGs
[2025-05-31 11:27:42,460] {logging_mixin.py:109} INFO - [2025-05-31 11:27:42,460] {dag.py:2935} INFO - Setting next_dagrun for example_dag_decorator to None
[2025-05-31 11:27:42,477] {processor.py:171} INFO - Processing /home/airflow/.local/lib/python3.6/site-packages/airflow/example_dags/example_dag_decorator.py took 0.369 seconds
[2025-05-31 11:28:12,696] {processor.py:163} INFO - Started process (PID=15474) to work on /home/airflow/.local/lib/python3.6/site-packages/airflow/example_dags/example_dag_decorator.py
[2025-05-31 11:28:12,698] {processor.py:642} INFO - Processing file /home/airflow/.local/lib/python3.6/site-packages/airflow/example_dags/example_dag_decorator.py for tasks to queue
[2025-05-31 11:28:12,700] {logging_mixin.py:109} INFO - [2025-05-31 11:28:12,700] {dagbag.py:500} INFO - Filling up the DagBag from /home/airflow/.local/lib/python3.6/site-packages/airflow/example_dags/example_dag_decorator.py
[2025-05-31 11:28:12,765] {processor.py:654} INFO - DAG(s) dict_keys(['example_dag_decorator']) retrieved from /home/airflow/.local/lib/python3.6/site-packages/airflow/example_dags/example_dag_decorator.py
[2025-05-31 11:28:13,274] {logging_mixin.py:109} INFO - [2025-05-31 11:28:13,273] {dag.py:2396} INFO - Sync 1 DAGs
[2025-05-31 11:28:13,317] {logging_mixin.py:109} INFO - [2025-05-31 11:28:13,316] {dag.py:2935} INFO - Setting next_dagrun for example_dag_decorator to None
[2025-05-31 11:28:13,345] {processor.py:171} INFO - Processing /home/airflow/.local/lib/python3.6/site-packages/airflow/example_dags/example_dag_decorator.py took 0.655 seconds
[2025-05-31 11:28:43,604] {processor.py:163} INFO - Started process (PID=15663) to work on /home/airflow/.local/lib/python3.6/site-packages/airflow/example_dags/example_dag_decorator.py
[2025-05-31 11:28:43,608] {processor.py:642} INFO - Processing file /home/airflow/.local/lib/python3.6/site-packages/airflow/example_dags/example_dag_decorator.py for tasks to queue
[2025-05-31 11:28:43,611] {logging_mixin.py:109} INFO - [2025-05-31 11:28:43,610] {dagbag.py:500} INFO - Filling up the DagBag from /home/airflow/.local/lib/python3.6/site-packages/airflow/example_dags/example_dag_decorator.py
[2025-05-31 11:28:43,707] {processor.py:654} INFO - DAG(s) dict_keys(['example_dag_decorator']) retrieved from /home/airflow/.local/lib/python3.6/site-packages/airflow/example_dags/example_dag_decorator.py
[2025-05-31 11:28:44,118] {logging_mixin.py:109} INFO - [2025-05-31 11:28:44,118] {dag.py:2396} INFO - Sync 1 DAGs
[2025-05-31 11:28:44,155] {logging_mixin.py:109} INFO - [2025-05-31 11:28:44,155] {dag.py:2935} INFO - Setting next_dagrun for example_dag_decorator to None
[2025-05-31 11:28:44,173] {processor.py:171} INFO - Processing /home/airflow/.local/lib/python3.6/site-packages/airflow/example_dags/example_dag_decorator.py took 0.577 seconds
[2025-05-31 11:29:14,709] {processor.py:163} INFO - Started process (PID=15849) to work on /home/airflow/.local/lib/python3.6/site-packages/airflow/example_dags/example_dag_decorator.py
[2025-05-31 11:29:14,710] {processor.py:642} INFO - Processing file /home/airflow/.local/lib/python3.6/site-packages/airflow/example_dags/example_dag_decorator.py for tasks to queue
[2025-05-31 11:29:14,711] {logging_mixin.py:109} INFO - [2025-05-31 11:29:14,711] {dagbag.py:500} INFO - Filling up the DagBag from /home/airflow/.local/lib/python3.6/site-packages/airflow/example_dags/example_dag_decorator.py
[2025-05-31 11:29:14,760] {processor.py:654} INFO - DAG(s) dict_keys(['example_dag_decorator']) retrieved from /home/airflow/.local/lib/python3.6/site-packages/airflow/example_dags/example_dag_decorator.py
[2025-05-31 11:29:15,029] {logging_mixin.py:109} INFO - [2025-05-31 11:29:15,029] {dag.py:2396} INFO - Sync 1 DAGs
[2025-05-31 11:29:15,049] {logging_mixin.py:109} INFO - [2025-05-31 11:29:15,049] {dag.py:2935} INFO - Setting next_dagrun for example_dag_decorator to None
[2025-05-31 11:29:15,062] {processor.py:171} INFO - Processing /home/airflow/.local/lib/python3.6/site-packages/airflow/example_dags/example_dag_decorator.py took 0.357 seconds
[2025-05-31 11:29:45,409] {processor.py:163} INFO - Started process (PID=16034) to work on /home/airflow/.local/lib/python3.6/site-packages/airflow/example_dags/example_dag_decorator.py
[2025-05-31 11:29:45,410] {processor.py:642} INFO - Processing file /home/airflow/.local/lib/python3.6/site-packages/airflow/example_dags/example_dag_decorator.py for tasks to queue
[2025-05-31 11:29:45,412] {logging_mixin.py:109} INFO - [2025-05-31 11:29:45,412] {dagbag.py:500} INFO - Filling up the DagBag from /home/airflow/.local/lib/python3.6/site-packages/airflow/example_dags/example_dag_decorator.py
[2025-05-31 11:29:45,450] {processor.py:654} INFO - DAG(s) dict_keys(['example_dag_decorator']) retrieved from /home/airflow/.local/lib/python3.6/site-packages/airflow/example_dags/example_dag_decorator.py
[2025-05-31 11:29:45,741] {logging_mixin.py:109} INFO - [2025-05-31 11:29:45,741] {dag.py:2396} INFO - Sync 1 DAGs
[2025-05-31 11:29:45,770] {logging_mixin.py:109} INFO - [2025-05-31 11:29:45,770] {dag.py:2935} INFO - Setting next_dagrun for example_dag_decorator to None
[2025-05-31 11:29:45,791] {processor.py:171} INFO - Processing /home/airflow/.local/lib/python3.6/site-packages/airflow/example_dags/example_dag_decorator.py took 0.385 seconds
[2025-05-31 11:30:15,918] {processor.py:163} INFO - Started process (PID=16219) to work on /home/airflow/.local/lib/python3.6/site-packages/airflow/example_dags/example_dag_decorator.py
[2025-05-31 11:30:15,920] {processor.py:642} INFO - Processing file /home/airflow/.local/lib/python3.6/site-packages/airflow/example_dags/example_dag_decorator.py for tasks to queue
[2025-05-31 11:30:15,920] {logging_mixin.py:109} INFO - [2025-05-31 11:30:15,920] {dagbag.py:500} INFO - Filling up the DagBag from /home/airflow/.local/lib/python3.6/site-packages/airflow/example_dags/example_dag_decorator.py
[2025-05-31 11:30:15,965] {processor.py:654} INFO - DAG(s) dict_keys(['example_dag_decorator']) retrieved from /home/airflow/.local/lib/python3.6/site-packages/airflow/example_dags/example_dag_decorator.py
[2025-05-31 11:30:16,227] {logging_mixin.py:109} INFO - [2025-05-31 11:30:16,227] {dag.py:2396} INFO - Sync 1 DAGs
[2025-05-31 11:30:16,247] {logging_mixin.py:109} INFO - [2025-05-31 11:30:16,247] {dag.py:2935} INFO - Setting next_dagrun for example_dag_decorator to None
[2025-05-31 11:30:16,261] {processor.py:171} INFO - Processing /home/airflow/.local/lib/python3.6/site-packages/airflow/example_dags/example_dag_decorator.py took 0.346 seconds
[2025-05-31 11:30:46,472] {processor.py:163} INFO - Started process (PID=16414) to work on /home/airflow/.local/lib/python3.6/site-packages/airflow/example_dags/example_dag_decorator.py
[2025-05-31 11:30:46,474] {processor.py:642} INFO - Processing file /home/airflow/.local/lib/python3.6/site-packages/airflow/example_dags/example_dag_decorator.py for tasks to queue
[2025-05-31 11:30:46,476] {logging_mixin.py:109} INFO - [2025-05-31 11:30:46,475] {dagbag.py:500} INFO - Filling up the DagBag from /home/airflow/.local/lib/python3.6/site-packages/airflow/example_dags/example_dag_decorator.py
[2025-05-31 11:30:46,528] {processor.py:654} INFO - DAG(s) dict_keys(['example_dag_decorator']) retrieved from /home/airflow/.local/lib/python3.6/site-packages/airflow/example_dags/example_dag_decorator.py
[2025-05-31 11:30:46,882] {logging_mixin.py:109} INFO - [2025-05-31 11:30:46,881] {dag.py:2396} INFO - Sync 1 DAGs
[2025-05-31 11:30:46,907] {logging_mixin.py:109} INFO - [2025-05-31 11:30:46,907] {dag.py:2935} INFO - Setting next_dagrun for example_dag_decorator to None
[2025-05-31 11:30:46,924] {processor.py:171} INFO - Processing /home/airflow/.local/lib/python3.6/site-packages/airflow/example_dags/example_dag_decorator.py took 0.460 seconds
[2025-05-31 11:31:17,536] {processor.py:163} INFO - Started process (PID=16598) to work on /home/airflow/.local/lib/python3.6/site-packages/airflow/example_dags/example_dag_decorator.py
[2025-05-31 11:31:17,537] {processor.py:642} INFO - Processing file /home/airflow/.local/lib/python3.6/site-packages/airflow/example_dags/example_dag_decorator.py for tasks to queue
[2025-05-31 11:31:17,538] {logging_mixin.py:109} INFO - [2025-05-31 11:31:17,538] {dagbag.py:500} INFO - Filling up the DagBag from /home/airflow/.local/lib/python3.6/site-packages/airflow/example_dags/example_dag_decorator.py
[2025-05-31 11:31:17,574] {processor.py:654} INFO - DAG(s) dict_keys(['example_dag_decorator']) retrieved from /home/airflow/.local/lib/python3.6/site-packages/airflow/example_dags/example_dag_decorator.py
[2025-05-31 11:31:17,826] {logging_mixin.py:109} INFO - [2025-05-31 11:31:17,826] {dag.py:2396} INFO - Sync 1 DAGs
[2025-05-31 11:31:17,844] {logging_mixin.py:109} INFO - [2025-05-31 11:31:17,844] {dag.py:2935} INFO - Setting next_dagrun for example_dag_decorator to None
[2025-05-31 11:31:17,858] {processor.py:171} INFO - Processing /home/airflow/.local/lib/python3.6/site-packages/airflow/example_dags/example_dag_decorator.py took 0.325 seconds
[2025-05-31 11:31:48,419] {processor.py:163} INFO - Started process (PID=16793) to work on /home/airflow/.local/lib/python3.6/site-packages/airflow/example_dags/example_dag_decorator.py
[2025-05-31 11:31:48,421] {processor.py:642} INFO - Processing file /home/airflow/.local/lib/python3.6/site-packages/airflow/example_dags/example_dag_decorator.py for tasks to queue
[2025-05-31 11:31:48,422] {logging_mixin.py:109} INFO - [2025-05-31 11:31:48,422] {dagbag.py:500} INFO - Filling up the DagBag from /home/airflow/.local/lib/python3.6/site-packages/airflow/example_dags/example_dag_decorator.py
[2025-05-31 11:31:48,475] {processor.py:654} INFO - DAG(s) dict_keys(['example_dag_decorator']) retrieved from /home/airflow/.local/lib/python3.6/site-packages/airflow/example_dags/example_dag_decorator.py
[2025-05-31 11:31:48,835] {logging_mixin.py:109} INFO - [2025-05-31 11:31:48,835] {dag.py:2396} INFO - Sync 1 DAGs
[2025-05-31 11:31:48,868] {logging_mixin.py:109} INFO - [2025-05-31 11:31:48,867] {dag.py:2935} INFO - Setting next_dagrun for example_dag_decorator to None
[2025-05-31 11:31:48,886] {processor.py:171} INFO - Processing /home/airflow/.local/lib/python3.6/site-packages/airflow/example_dags/example_dag_decorator.py took 0.471 seconds
[2025-05-31 11:32:19,554] {processor.py:163} INFO - Started process (PID=16979) to work on /home/airflow/.local/lib/python3.6/site-packages/airflow/example_dags/example_dag_decorator.py
[2025-05-31 11:32:19,555] {processor.py:642} INFO - Processing file /home/airflow/.local/lib/python3.6/site-packages/airflow/example_dags/example_dag_decorator.py for tasks to queue
[2025-05-31 11:32:19,556] {logging_mixin.py:109} INFO - [2025-05-31 11:32:19,556] {dagbag.py:500} INFO - Filling up the DagBag from /home/airflow/.local/lib/python3.6/site-packages/airflow/example_dags/example_dag_decorator.py
[2025-05-31 11:32:19,590] {processor.py:654} INFO - DAG(s) dict_keys(['example_dag_decorator']) retrieved from /home/airflow/.local/lib/python3.6/site-packages/airflow/example_dags/example_dag_decorator.py
[2025-05-31 11:32:19,858] {logging_mixin.py:109} INFO - [2025-05-31 11:32:19,858] {dag.py:2396} INFO - Sync 1 DAGs
[2025-05-31 11:32:19,879] {logging_mixin.py:109} INFO - [2025-05-31 11:32:19,879] {dag.py:2935} INFO - Setting next_dagrun for example_dag_decorator to None
[2025-05-31 11:32:19,892] {processor.py:171} INFO - Processing /home/airflow/.local/lib/python3.6/site-packages/airflow/example_dags/example_dag_decorator.py took 0.341 seconds
[2025-05-31 11:32:50,406] {processor.py:163} INFO - Started process (PID=17171) to work on /home/airflow/.local/lib/python3.6/site-packages/airflow/example_dags/example_dag_decorator.py
[2025-05-31 11:32:50,408] {processor.py:642} INFO - Processing file /home/airflow/.local/lib/python3.6/site-packages/airflow/example_dags/example_dag_decorator.py for tasks to queue
[2025-05-31 11:32:50,409] {logging_mixin.py:109} INFO - [2025-05-31 11:32:50,409] {dagbag.py:500} INFO - Filling up the DagBag from /home/airflow/.local/lib/python3.6/site-packages/airflow/example_dags/example_dag_decorator.py
[2025-05-31 11:32:50,454] {processor.py:654} INFO - DAG(s) dict_keys(['example_dag_decorator']) retrieved from /home/airflow/.local/lib/python3.6/site-packages/airflow/example_dags/example_dag_decorator.py
[2025-05-31 11:32:50,774] {logging_mixin.py:109} INFO - [2025-05-31 11:32:50,773] {dag.py:2396} INFO - Sync 1 DAGs
[2025-05-31 11:32:50,796] {logging_mixin.py:109} INFO - [2025-05-31 11:32:50,796] {dag.py:2935} INFO - Setting next_dagrun for example_dag_decorator to None
[2025-05-31 11:32:50,812] {processor.py:171} INFO - Processing /home/airflow/.local/lib/python3.6/site-packages/airflow/example_dags/example_dag_decorator.py took 0.410 seconds
[2025-05-31 11:33:21,032] {processor.py:163} INFO - Started process (PID=17357) to work on /home/airflow/.local/lib/python3.6/site-packages/airflow/example_dags/example_dag_decorator.py
[2025-05-31 11:33:21,034] {processor.py:642} INFO - Processing file /home/airflow/.local/lib/python3.6/site-packages/airflow/example_dags/example_dag_decorator.py for tasks to queue
[2025-05-31 11:33:21,034] {logging_mixin.py:109} INFO - [2025-05-31 11:33:21,034] {dagbag.py:500} INFO - Filling up the DagBag from /home/airflow/.local/lib/python3.6/site-packages/airflow/example_dags/example_dag_decorator.py
[2025-05-31 11:33:21,070] {processor.py:654} INFO - DAG(s) dict_keys(['example_dag_decorator']) retrieved from /home/airflow/.local/lib/python3.6/site-packages/airflow/example_dags/example_dag_decorator.py
[2025-05-31 11:33:21,325] {logging_mixin.py:109} INFO - [2025-05-31 11:33:21,325] {dag.py:2396} INFO - Sync 1 DAGs
[2025-05-31 11:33:21,343] {logging_mixin.py:109} INFO - [2025-05-31 11:33:21,343] {dag.py:2935} INFO - Setting next_dagrun for example_dag_decorator to None
[2025-05-31 11:33:21,356] {processor.py:171} INFO - Processing /home/airflow/.local/lib/python3.6/site-packages/airflow/example_dags/example_dag_decorator.py took 0.327 seconds
[2025-05-31 11:33:51,508] {processor.py:163} INFO - Started process (PID=17542) to work on /home/airflow/.local/lib/python3.6/site-packages/airflow/example_dags/example_dag_decorator.py
[2025-05-31 11:33:51,510] {processor.py:642} INFO - Processing file /home/airflow/.local/lib/python3.6/site-packages/airflow/example_dags/example_dag_decorator.py for tasks to queue
[2025-05-31 11:33:51,511] {logging_mixin.py:109} INFO - [2025-05-31 11:33:51,511] {dagbag.py:500} INFO - Filling up the DagBag from /home/airflow/.local/lib/python3.6/site-packages/airflow/example_dags/example_dag_decorator.py
[2025-05-31 11:33:51,559] {processor.py:654} INFO - DAG(s) dict_keys(['example_dag_decorator']) retrieved from /home/airflow/.local/lib/python3.6/site-packages/airflow/example_dags/example_dag_decorator.py
[2025-05-31 11:33:51,874] {logging_mixin.py:109} INFO - [2025-05-31 11:33:51,874] {dag.py:2396} INFO - Sync 1 DAGs
[2025-05-31 11:33:51,902] {logging_mixin.py:109} INFO - [2025-05-31 11:33:51,902] {dag.py:2935} INFO - Setting next_dagrun for example_dag_decorator to None
[2025-05-31 11:33:51,922] {processor.py:171} INFO - Processing /home/airflow/.local/lib/python3.6/site-packages/airflow/example_dags/example_dag_decorator.py took 0.420 seconds
[2025-05-31 11:34:22,148] {processor.py:163} INFO - Started process (PID=17743) to work on /home/airflow/.local/lib/python3.6/site-packages/airflow/example_dags/example_dag_decorator.py
[2025-05-31 11:34:22,151] {processor.py:642} INFO - Processing file /home/airflow/.local/lib/python3.6/site-packages/airflow/example_dags/example_dag_decorator.py for tasks to queue
[2025-05-31 11:34:22,153] {logging_mixin.py:109} INFO - [2025-05-31 11:34:22,152] {dagbag.py:500} INFO - Filling up the DagBag from /home/airflow/.local/lib/python3.6/site-packages/airflow/example_dags/example_dag_decorator.py
[2025-05-31 11:34:22,225] {processor.py:654} INFO - DAG(s) dict_keys(['example_dag_decorator']) retrieved from /home/airflow/.local/lib/python3.6/site-packages/airflow/example_dags/example_dag_decorator.py
[2025-05-31 11:34:22,826] {logging_mixin.py:109} INFO - [2025-05-31 11:34:22,826] {dag.py:2396} INFO - Sync 1 DAGs
[2025-05-31 11:34:22,892] {logging_mixin.py:109} INFO - [2025-05-31 11:34:22,892] {dag.py:2935} INFO - Setting next_dagrun for example_dag_decorator to None
[2025-05-31 11:34:22,916] {processor.py:171} INFO - Processing /home/airflow/.local/lib/python3.6/site-packages/airflow/example_dags/example_dag_decorator.py took 0.774 seconds
[2025-05-31 11:34:53,205] {processor.py:163} INFO - Started process (PID=17930) to work on /home/airflow/.local/lib/python3.6/site-packages/airflow/example_dags/example_dag_decorator.py
[2025-05-31 11:34:53,207] {processor.py:642} INFO - Processing file /home/airflow/.local/lib/python3.6/site-packages/airflow/example_dags/example_dag_decorator.py for tasks to queue
[2025-05-31 11:34:53,209] {logging_mixin.py:109} INFO - [2025-05-31 11:34:53,208] {dagbag.py:500} INFO - Filling up the DagBag from /home/airflow/.local/lib/python3.6/site-packages/airflow/example_dags/example_dag_decorator.py
[2025-05-31 11:34:53,263] {processor.py:654} INFO - DAG(s) dict_keys(['example_dag_decorator']) retrieved from /home/airflow/.local/lib/python3.6/site-packages/airflow/example_dags/example_dag_decorator.py
[2025-05-31 11:34:53,587] {logging_mixin.py:109} INFO - [2025-05-31 11:34:53,587] {dag.py:2396} INFO - Sync 1 DAGs
[2025-05-31 11:34:53,611] {logging_mixin.py:109} INFO - [2025-05-31 11:34:53,610] {dag.py:2935} INFO - Setting next_dagrun for example_dag_decorator to None
[2025-05-31 11:34:53,627] {processor.py:171} INFO - Processing /home/airflow/.local/lib/python3.6/site-packages/airflow/example_dags/example_dag_decorator.py took 0.426 seconds
[2025-05-31 11:35:23,791] {processor.py:163} INFO - Started process (PID=18113) to work on /home/airflow/.local/lib/python3.6/site-packages/airflow/example_dags/example_dag_decorator.py
[2025-05-31 11:35:23,792] {processor.py:642} INFO - Processing file /home/airflow/.local/lib/python3.6/site-packages/airflow/example_dags/example_dag_decorator.py for tasks to queue
[2025-05-31 11:35:23,793] {logging_mixin.py:109} INFO - [2025-05-31 11:35:23,793] {dagbag.py:500} INFO - Filling up the DagBag from /home/airflow/.local/lib/python3.6/site-packages/airflow/example_dags/example_dag_decorator.py
[2025-05-31 11:35:23,830] {processor.py:654} INFO - DAG(s) dict_keys(['example_dag_decorator']) retrieved from /home/airflow/.local/lib/python3.6/site-packages/airflow/example_dags/example_dag_decorator.py
[2025-05-31 11:35:24,076] {logging_mixin.py:109} INFO - [2025-05-31 11:35:24,076] {dag.py:2396} INFO - Sync 1 DAGs
[2025-05-31 11:35:24,100] {logging_mixin.py:109} INFO - [2025-05-31 11:35:24,100] {dag.py:2935} INFO - Setting next_dagrun for example_dag_decorator to None
[2025-05-31 11:35:24,116] {processor.py:171} INFO - Processing /home/airflow/.local/lib/python3.6/site-packages/airflow/example_dags/example_dag_decorator.py took 0.328 seconds
[2025-05-31 11:35:54,660] {processor.py:163} INFO - Started process (PID=18307) to work on /home/airflow/.local/lib/python3.6/site-packages/airflow/example_dags/example_dag_decorator.py
[2025-05-31 11:35:54,662] {processor.py:642} INFO - Processing file /home/airflow/.local/lib/python3.6/site-packages/airflow/example_dags/example_dag_decorator.py for tasks to queue
[2025-05-31 11:35:54,663] {logging_mixin.py:109} INFO - [2025-05-31 11:35:54,663] {dagbag.py:500} INFO - Filling up the DagBag from /home/airflow/.local/lib/python3.6/site-packages/airflow/example_dags/example_dag_decorator.py
[2025-05-31 11:35:54,711] {processor.py:654} INFO - DAG(s) dict_keys(['example_dag_decorator']) retrieved from /home/airflow/.local/lib/python3.6/site-packages/airflow/example_dags/example_dag_decorator.py
[2025-05-31 11:35:55,019] {logging_mixin.py:109} INFO - [2025-05-31 11:35:55,019] {dag.py:2396} INFO - Sync 1 DAGs
[2025-05-31 11:35:55,045] {logging_mixin.py:109} INFO - [2025-05-31 11:35:55,045] {dag.py:2935} INFO - Setting next_dagrun for example_dag_decorator to None
[2025-05-31 11:35:55,061] {processor.py:171} INFO - Processing /home/airflow/.local/lib/python3.6/site-packages/airflow/example_dags/example_dag_decorator.py took 0.405 seconds
[2025-05-31 11:36:26,059] {processor.py:163} INFO - Started process (PID=18493) to work on /home/airflow/.local/lib/python3.6/site-packages/airflow/example_dags/example_dag_decorator.py
[2025-05-31 11:36:26,060] {processor.py:642} INFO - Processing file /home/airflow/.local/lib/python3.6/site-packages/airflow/example_dags/example_dag_decorator.py for tasks to queue
[2025-05-31 11:36:26,061] {logging_mixin.py:109} INFO - [2025-05-31 11:36:26,061] {dagbag.py:500} INFO - Filling up the DagBag from /home/airflow/.local/lib/python3.6/site-packages/airflow/example_dags/example_dag_decorator.py
[2025-05-31 11:36:26,096] {processor.py:654} INFO - DAG(s) dict_keys(['example_dag_decorator']) retrieved from /home/airflow/.local/lib/python3.6/site-packages/airflow/example_dags/example_dag_decorator.py
[2025-05-31 11:36:26,395] {logging_mixin.py:109} INFO - [2025-05-31 11:36:26,395] {dag.py:2396} INFO - Sync 1 DAGs
[2025-05-31 11:36:26,416] {logging_mixin.py:109} INFO - [2025-05-31 11:36:26,416] {dag.py:2935} INFO - Setting next_dagrun for example_dag_decorator to None
[2025-05-31 11:36:26,429] {processor.py:171} INFO - Processing /home/airflow/.local/lib/python3.6/site-packages/airflow/example_dags/example_dag_decorator.py took 0.373 seconds
[2025-05-31 11:36:57,407] {processor.py:163} INFO - Started process (PID=18688) to work on /home/airflow/.local/lib/python3.6/site-packages/airflow/example_dags/example_dag_decorator.py
[2025-05-31 11:36:57,409] {processor.py:642} INFO - Processing file /home/airflow/.local/lib/python3.6/site-packages/airflow/example_dags/example_dag_decorator.py for tasks to queue
[2025-05-31 11:36:57,410] {logging_mixin.py:109} INFO - [2025-05-31 11:36:57,410] {dagbag.py:500} INFO - Filling up the DagBag from /home/airflow/.local/lib/python3.6/site-packages/airflow/example_dags/example_dag_decorator.py
[2025-05-31 11:36:57,453] {processor.py:654} INFO - DAG(s) dict_keys(['example_dag_decorator']) retrieved from /home/airflow/.local/lib/python3.6/site-packages/airflow/example_dags/example_dag_decorator.py
[2025-05-31 11:36:57,765] {logging_mixin.py:109} INFO - [2025-05-31 11:36:57,764] {dag.py:2396} INFO - Sync 1 DAGs
[2025-05-31 11:36:57,793] {logging_mixin.py:109} INFO - [2025-05-31 11:36:57,793] {dag.py:2935} INFO - Setting next_dagrun for example_dag_decorator to None
[2025-05-31 11:36:57,813] {processor.py:171} INFO - Processing /home/airflow/.local/lib/python3.6/site-packages/airflow/example_dags/example_dag_decorator.py took 0.410 seconds
[2025-05-31 11:37:28,729] {processor.py:163} INFO - Started process (PID=18873) to work on /home/airflow/.local/lib/python3.6/site-packages/airflow/example_dags/example_dag_decorator.py
[2025-05-31 11:37:28,731] {processor.py:642} INFO - Processing file /home/airflow/.local/lib/python3.6/site-packages/airflow/example_dags/example_dag_decorator.py for tasks to queue
[2025-05-31 11:37:28,732] {logging_mixin.py:109} INFO - [2025-05-31 11:37:28,732] {dagbag.py:500} INFO - Filling up the DagBag from /home/airflow/.local/lib/python3.6/site-packages/airflow/example_dags/example_dag_decorator.py
[2025-05-31 11:37:28,778] {processor.py:654} INFO - DAG(s) dict_keys(['example_dag_decorator']) retrieved from /home/airflow/.local/lib/python3.6/site-packages/airflow/example_dags/example_dag_decorator.py
[2025-05-31 11:37:29,097] {logging_mixin.py:109} INFO - [2025-05-31 11:37:29,097] {dag.py:2396} INFO - Sync 1 DAGs
[2025-05-31 11:37:29,118] {logging_mixin.py:109} INFO - [2025-05-31 11:37:29,118] {dag.py:2935} INFO - Setting next_dagrun for example_dag_decorator to None
[2025-05-31 11:37:29,133] {processor.py:171} INFO - Processing /home/airflow/.local/lib/python3.6/site-packages/airflow/example_dags/example_dag_decorator.py took 0.407 seconds
[2025-05-31 11:37:59,465] {processor.py:163} INFO - Started process (PID=19067) to work on /home/airflow/.local/lib/python3.6/site-packages/airflow/example_dags/example_dag_decorator.py
[2025-05-31 11:37:59,467] {processor.py:642} INFO - Processing file /home/airflow/.local/lib/python3.6/site-packages/airflow/example_dags/example_dag_decorator.py for tasks to queue
[2025-05-31 11:37:59,468] {logging_mixin.py:109} INFO - [2025-05-31 11:37:59,468] {dagbag.py:500} INFO - Filling up the DagBag from /home/airflow/.local/lib/python3.6/site-packages/airflow/example_dags/example_dag_decorator.py
[2025-05-31 11:37:59,515] {processor.py:654} INFO - DAG(s) dict_keys(['example_dag_decorator']) retrieved from /home/airflow/.local/lib/python3.6/site-packages/airflow/example_dags/example_dag_decorator.py
[2025-05-31 11:37:59,799] {logging_mixin.py:109} INFO - [2025-05-31 11:37:59,799] {dag.py:2396} INFO - Sync 1 DAGs
[2025-05-31 11:37:59,824] {logging_mixin.py:109} INFO - [2025-05-31 11:37:59,824] {dag.py:2935} INFO - Setting next_dagrun for example_dag_decorator to None
[2025-05-31 11:37:59,842] {processor.py:171} INFO - Processing /home/airflow/.local/lib/python3.6/site-packages/airflow/example_dags/example_dag_decorator.py took 0.380 seconds
[2025-05-31 11:38:29,924] {processor.py:163} INFO - Started process (PID=19253) to work on /home/airflow/.local/lib/python3.6/site-packages/airflow/example_dags/example_dag_decorator.py
[2025-05-31 11:38:29,925] {processor.py:642} INFO - Processing file /home/airflow/.local/lib/python3.6/site-packages/airflow/example_dags/example_dag_decorator.py for tasks to queue
[2025-05-31 11:38:29,926] {logging_mixin.py:109} INFO - [2025-05-31 11:38:29,926] {dagbag.py:500} INFO - Filling up the DagBag from /home/airflow/.local/lib/python3.6/site-packages/airflow/example_dags/example_dag_decorator.py
[2025-05-31 11:38:29,962] {processor.py:654} INFO - DAG(s) dict_keys(['example_dag_decorator']) retrieved from /home/airflow/.local/lib/python3.6/site-packages/airflow/example_dags/example_dag_decorator.py
[2025-05-31 11:38:30,216] {logging_mixin.py:109} INFO - [2025-05-31 11:38:30,216] {dag.py:2396} INFO - Sync 1 DAGs
[2025-05-31 11:38:30,236] {logging_mixin.py:109} INFO - [2025-05-31 11:38:30,236] {dag.py:2935} INFO - Setting next_dagrun for example_dag_decorator to None
[2025-05-31 11:38:30,256] {processor.py:171} INFO - Processing /home/airflow/.local/lib/python3.6/site-packages/airflow/example_dags/example_dag_decorator.py took 0.336 seconds
[2025-05-31 11:39:00,744] {processor.py:163} INFO - Started process (PID=19438) to work on /home/airflow/.local/lib/python3.6/site-packages/airflow/example_dags/example_dag_decorator.py
[2025-05-31 11:39:00,746] {processor.py:642} INFO - Processing file /home/airflow/.local/lib/python3.6/site-packages/airflow/example_dags/example_dag_decorator.py for tasks to queue
[2025-05-31 11:39:00,747] {logging_mixin.py:109} INFO - [2025-05-31 11:39:00,747] {dagbag.py:500} INFO - Filling up the DagBag from /home/airflow/.local/lib/python3.6/site-packages/airflow/example_dags/example_dag_decorator.py
[2025-05-31 11:39:00,791] {processor.py:654} INFO - DAG(s) dict_keys(['example_dag_decorator']) retrieved from /home/airflow/.local/lib/python3.6/site-packages/airflow/example_dags/example_dag_decorator.py
[2025-05-31 11:39:01,066] {logging_mixin.py:109} INFO - [2025-05-31 11:39:01,066] {dag.py:2396} INFO - Sync 1 DAGs
[2025-05-31 11:39:01,089] {logging_mixin.py:109} INFO - [2025-05-31 11:39:01,089] {dag.py:2935} INFO - Setting next_dagrun for example_dag_decorator to None
[2025-05-31 11:39:01,103] {processor.py:171} INFO - Processing /home/airflow/.local/lib/python3.6/site-packages/airflow/example_dags/example_dag_decorator.py took 0.362 seconds
[2025-05-31 11:39:31,229] {processor.py:163} INFO - Started process (PID=19633) to work on /home/airflow/.local/lib/python3.6/site-packages/airflow/example_dags/example_dag_decorator.py
[2025-05-31 11:39:31,230] {processor.py:642} INFO - Processing file /home/airflow/.local/lib/python3.6/site-packages/airflow/example_dags/example_dag_decorator.py for tasks to queue
[2025-05-31 11:39:31,231] {logging_mixin.py:109} INFO - [2025-05-31 11:39:31,231] {dagbag.py:500} INFO - Filling up the DagBag from /home/airflow/.local/lib/python3.6/site-packages/airflow/example_dags/example_dag_decorator.py
[2025-05-31 11:39:31,282] {processor.py:654} INFO - DAG(s) dict_keys(['example_dag_decorator']) retrieved from /home/airflow/.local/lib/python3.6/site-packages/airflow/example_dags/example_dag_decorator.py
[2025-05-31 11:39:31,592] {logging_mixin.py:109} INFO - [2025-05-31 11:39:31,592] {dag.py:2396} INFO - Sync 1 DAGs
[2025-05-31 11:39:31,613] {logging_mixin.py:109} INFO - [2025-05-31 11:39:31,613] {dag.py:2935} INFO - Setting next_dagrun for example_dag_decorator to None
[2025-05-31 11:39:31,628] {processor.py:171} INFO - Processing /home/airflow/.local/lib/python3.6/site-packages/airflow/example_dags/example_dag_decorator.py took 0.403 seconds
[2025-05-31 11:40:01,907] {processor.py:163} INFO - Started process (PID=19818) to work on /home/airflow/.local/lib/python3.6/site-packages/airflow/example_dags/example_dag_decorator.py
[2025-05-31 11:40:01,908] {processor.py:642} INFO - Processing file /home/airflow/.local/lib/python3.6/site-packages/airflow/example_dags/example_dag_decorator.py for tasks to queue
[2025-05-31 11:40:01,909] {logging_mixin.py:109} INFO - [2025-05-31 11:40:01,909] {dagbag.py:500} INFO - Filling up the DagBag from /home/airflow/.local/lib/python3.6/site-packages/airflow/example_dags/example_dag_decorator.py
[2025-05-31 11:40:01,952] {processor.py:654} INFO - DAG(s) dict_keys(['example_dag_decorator']) retrieved from /home/airflow/.local/lib/python3.6/site-packages/airflow/example_dags/example_dag_decorator.py
[2025-05-31 11:40:02,234] {logging_mixin.py:109} INFO - [2025-05-31 11:40:02,234] {dag.py:2396} INFO - Sync 1 DAGs
[2025-05-31 11:40:02,256] {logging_mixin.py:109} INFO - [2025-05-31 11:40:02,256] {dag.py:2935} INFO - Setting next_dagrun for example_dag_decorator to None
[2025-05-31 11:40:02,270] {processor.py:171} INFO - Processing /home/airflow/.local/lib/python3.6/site-packages/airflow/example_dags/example_dag_decorator.py took 0.367 seconds
[2025-05-31 11:40:32,851] {processor.py:163} INFO - Started process (PID=20011) to work on /home/airflow/.local/lib/python3.6/site-packages/airflow/example_dags/example_dag_decorator.py
[2025-05-31 11:40:32,853] {processor.py:642} INFO - Processing file /home/airflow/.local/lib/python3.6/site-packages/airflow/example_dags/example_dag_decorator.py for tasks to queue
[2025-05-31 11:40:32,855] {logging_mixin.py:109} INFO - [2025-05-31 11:40:32,854] {dagbag.py:500} INFO - Filling up the DagBag from /home/airflow/.local/lib/python3.6/site-packages/airflow/example_dags/example_dag_decorator.py
[2025-05-31 11:40:32,909] {processor.py:654} INFO - DAG(s) dict_keys(['example_dag_decorator']) retrieved from /home/airflow/.local/lib/python3.6/site-packages/airflow/example_dags/example_dag_decorator.py
[2025-05-31 11:40:33,216] {logging_mixin.py:109} INFO - [2025-05-31 11:40:33,216] {dag.py:2396} INFO - Sync 1 DAGs
[2025-05-31 11:40:33,243] {logging_mixin.py:109} INFO - [2025-05-31 11:40:33,243] {dag.py:2935} INFO - Setting next_dagrun for example_dag_decorator to None
[2025-05-31 11:40:33,260] {processor.py:171} INFO - Processing /home/airflow/.local/lib/python3.6/site-packages/airflow/example_dags/example_dag_decorator.py took 0.415 seconds
[2025-05-31 11:41:04,146] {processor.py:163} INFO - Started process (PID=20197) to work on /home/airflow/.local/lib/python3.6/site-packages/airflow/example_dags/example_dag_decorator.py
[2025-05-31 11:41:04,148] {processor.py:642} INFO - Processing file /home/airflow/.local/lib/python3.6/site-packages/airflow/example_dags/example_dag_decorator.py for tasks to queue
[2025-05-31 11:41:04,149] {logging_mixin.py:109} INFO - [2025-05-31 11:41:04,149] {dagbag.py:500} INFO - Filling up the DagBag from /home/airflow/.local/lib/python3.6/site-packages/airflow/example_dags/example_dag_decorator.py
[2025-05-31 11:41:04,187] {processor.py:654} INFO - DAG(s) dict_keys(['example_dag_decorator']) retrieved from /home/airflow/.local/lib/python3.6/site-packages/airflow/example_dags/example_dag_decorator.py
[2025-05-31 11:41:04,432] {logging_mixin.py:109} INFO - [2025-05-31 11:41:04,432] {dag.py:2396} INFO - Sync 1 DAGs
[2025-05-31 11:41:04,453] {logging_mixin.py:109} INFO - [2025-05-31 11:41:04,453] {dag.py:2935} INFO - Setting next_dagrun for example_dag_decorator to None
[2025-05-31 11:41:04,467] {processor.py:171} INFO - Processing /home/airflow/.local/lib/python3.6/site-packages/airflow/example_dags/example_dag_decorator.py took 0.324 seconds
[2025-05-31 11:41:35,154] {processor.py:163} INFO - Started process (PID=20381) to work on /home/airflow/.local/lib/python3.6/site-packages/airflow/example_dags/example_dag_decorator.py
[2025-05-31 11:41:35,156] {processor.py:642} INFO - Processing file /home/airflow/.local/lib/python3.6/site-packages/airflow/example_dags/example_dag_decorator.py for tasks to queue
[2025-05-31 11:41:35,157] {logging_mixin.py:109} INFO - [2025-05-31 11:41:35,157] {dagbag.py:500} INFO - Filling up the DagBag from /home/airflow/.local/lib/python3.6/site-packages/airflow/example_dags/example_dag_decorator.py
[2025-05-31 11:41:35,197] {processor.py:654} INFO - DAG(s) dict_keys(['example_dag_decorator']) retrieved from /home/airflow/.local/lib/python3.6/site-packages/airflow/example_dags/example_dag_decorator.py
[2025-05-31 11:41:35,490] {logging_mixin.py:109} INFO - [2025-05-31 11:41:35,490] {dag.py:2396} INFO - Sync 1 DAGs
[2025-05-31 11:41:35,511] {logging_mixin.py:109} INFO - [2025-05-31 11:41:35,511] {dag.py:2935} INFO - Setting next_dagrun for example_dag_decorator to None
[2025-05-31 11:41:35,527] {processor.py:171} INFO - Processing /home/airflow/.local/lib/python3.6/site-packages/airflow/example_dags/example_dag_decorator.py took 0.377 seconds
[2025-05-31 11:42:06,154] {processor.py:163} INFO - Started process (PID=20576) to work on /home/airflow/.local/lib/python3.6/site-packages/airflow/example_dags/example_dag_decorator.py
[2025-05-31 11:42:06,156] {processor.py:642} INFO - Processing file /home/airflow/.local/lib/python3.6/site-packages/airflow/example_dags/example_dag_decorator.py for tasks to queue
[2025-05-31 11:42:06,157] {logging_mixin.py:109} INFO - [2025-05-31 11:42:06,156] {dagbag.py:500} INFO - Filling up the DagBag from /home/airflow/.local/lib/python3.6/site-packages/airflow/example_dags/example_dag_decorator.py
[2025-05-31 11:42:06,192] {processor.py:654} INFO - DAG(s) dict_keys(['example_dag_decorator']) retrieved from /home/airflow/.local/lib/python3.6/site-packages/airflow/example_dags/example_dag_decorator.py
[2025-05-31 11:42:06,446] {logging_mixin.py:109} INFO - [2025-05-31 11:42:06,446] {dag.py:2396} INFO - Sync 1 DAGs
[2025-05-31 11:42:06,466] {logging_mixin.py:109} INFO - [2025-05-31 11:42:06,466] {dag.py:2935} INFO - Setting next_dagrun for example_dag_decorator to None
[2025-05-31 11:42:06,480] {processor.py:171} INFO - Processing /home/airflow/.local/lib/python3.6/site-packages/airflow/example_dags/example_dag_decorator.py took 0.329 seconds
[2025-05-31 11:42:36,991] {processor.py:163} INFO - Started process (PID=20769) to work on /home/airflow/.local/lib/python3.6/site-packages/airflow/example_dags/example_dag_decorator.py
[2025-05-31 11:42:36,993] {processor.py:642} INFO - Processing file /home/airflow/.local/lib/python3.6/site-packages/airflow/example_dags/example_dag_decorator.py for tasks to queue
[2025-05-31 11:42:36,994] {logging_mixin.py:109} INFO - [2025-05-31 11:42:36,994] {dagbag.py:500} INFO - Filling up the DagBag from /home/airflow/.local/lib/python3.6/site-packages/airflow/example_dags/example_dag_decorator.py
[2025-05-31 11:42:37,041] {processor.py:654} INFO - DAG(s) dict_keys(['example_dag_decorator']) retrieved from /home/airflow/.local/lib/python3.6/site-packages/airflow/example_dags/example_dag_decorator.py
[2025-05-31 11:42:37,369] {logging_mixin.py:109} INFO - [2025-05-31 11:42:37,369] {dag.py:2396} INFO - Sync 1 DAGs
[2025-05-31 11:42:37,393] {logging_mixin.py:109} INFO - [2025-05-31 11:42:37,393] {dag.py:2935} INFO - Setting next_dagrun for example_dag_decorator to None
[2025-05-31 11:42:37,410] {processor.py:171} INFO - Processing /home/airflow/.local/lib/python3.6/site-packages/airflow/example_dags/example_dag_decorator.py took 0.423 seconds
[2025-05-31 11:43:07,723] {processor.py:163} INFO - Started process (PID=20972) to work on /home/airflow/.local/lib/python3.6/site-packages/airflow/example_dags/example_dag_decorator.py
[2025-05-31 11:43:07,726] {processor.py:642} INFO - Processing file /home/airflow/.local/lib/python3.6/site-packages/airflow/example_dags/example_dag_decorator.py for tasks to queue
[2025-05-31 11:43:07,727] {logging_mixin.py:109} INFO - [2025-05-31 11:43:07,727] {dagbag.py:500} INFO - Filling up the DagBag from /home/airflow/.local/lib/python3.6/site-packages/airflow/example_dags/example_dag_decorator.py
[2025-05-31 11:43:07,793] {processor.py:654} INFO - DAG(s) dict_keys(['example_dag_decorator']) retrieved from /home/airflow/.local/lib/python3.6/site-packages/airflow/example_dags/example_dag_decorator.py
[2025-05-31 11:43:08,156] {logging_mixin.py:109} INFO - [2025-05-31 11:43:08,156] {dag.py:2396} INFO - Sync 1 DAGs
[2025-05-31 11:43:08,182] {logging_mixin.py:109} INFO - [2025-05-31 11:43:08,181] {dag.py:2935} INFO - Setting next_dagrun for example_dag_decorator to None
[2025-05-31 11:43:08,198] {processor.py:171} INFO - Processing /home/airflow/.local/lib/python3.6/site-packages/airflow/example_dags/example_dag_decorator.py took 0.480 seconds
[2025-05-31 11:43:38,376] {processor.py:163} INFO - Started process (PID=21162) to work on /home/airflow/.local/lib/python3.6/site-packages/airflow/example_dags/example_dag_decorator.py
[2025-05-31 11:43:38,378] {processor.py:642} INFO - Processing file /home/airflow/.local/lib/python3.6/site-packages/airflow/example_dags/example_dag_decorator.py for tasks to queue
[2025-05-31 11:43:38,380] {logging_mixin.py:109} INFO - [2025-05-31 11:43:38,380] {dagbag.py:500} INFO - Filling up the DagBag from /home/airflow/.local/lib/python3.6/site-packages/airflow/example_dags/example_dag_decorator.py
[2025-05-31 11:43:38,426] {processor.py:654} INFO - DAG(s) dict_keys(['example_dag_decorator']) retrieved from /home/airflow/.local/lib/python3.6/site-packages/airflow/example_dags/example_dag_decorator.py
[2025-05-31 11:43:38,439] {logging_mixin.py:109} INFO - [2025-05-31 11:43:38,439] {dag.py:2396} INFO - Sync 1 DAGs
[2025-05-31 11:43:38,464] {logging_mixin.py:109} INFO - [2025-05-31 11:43:38,464] {dag.py:2935} INFO - Setting next_dagrun for example_dag_decorator to None
[2025-05-31 11:43:38,475] {processor.py:171} INFO - Processing /home/airflow/.local/lib/python3.6/site-packages/airflow/example_dags/example_dag_decorator.py took 0.103 seconds
[2025-05-31 11:44:08,741] {processor.py:163} INFO - Started process (PID=21342) to work on /home/airflow/.local/lib/python3.6/site-packages/airflow/example_dags/example_dag_decorator.py
[2025-05-31 11:44:08,743] {processor.py:642} INFO - Processing file /home/airflow/.local/lib/python3.6/site-packages/airflow/example_dags/example_dag_decorator.py for tasks to queue
[2025-05-31 11:44:08,744] {logging_mixin.py:109} INFO - [2025-05-31 11:44:08,744] {dagbag.py:500} INFO - Filling up the DagBag from /home/airflow/.local/lib/python3.6/site-packages/airflow/example_dags/example_dag_decorator.py
[2025-05-31 11:44:08,790] {processor.py:654} INFO - DAG(s) dict_keys(['example_dag_decorator']) retrieved from /home/airflow/.local/lib/python3.6/site-packages/airflow/example_dags/example_dag_decorator.py
[2025-05-31 11:44:09,164] {logging_mixin.py:109} INFO - [2025-05-31 11:44:09,163] {dag.py:2396} INFO - Sync 1 DAGs
[2025-05-31 11:44:09,193] {logging_mixin.py:109} INFO - [2025-05-31 11:44:09,193] {dag.py:2935} INFO - Setting next_dagrun for example_dag_decorator to None
[2025-05-31 11:44:09,211] {processor.py:171} INFO - Processing /home/airflow/.local/lib/python3.6/site-packages/airflow/example_dags/example_dag_decorator.py took 0.475 seconds
[2025-05-31 11:44:39,745] {processor.py:163} INFO - Started process (PID=21548) to work on /home/airflow/.local/lib/python3.6/site-packages/airflow/example_dags/example_dag_decorator.py
[2025-05-31 11:44:39,746] {processor.py:642} INFO - Processing file /home/airflow/.local/lib/python3.6/site-packages/airflow/example_dags/example_dag_decorator.py for tasks to queue
[2025-05-31 11:44:39,747] {logging_mixin.py:109} INFO - [2025-05-31 11:44:39,747] {dagbag.py:500} INFO - Filling up the DagBag from /home/airflow/.local/lib/python3.6/site-packages/airflow/example_dags/example_dag_decorator.py
[2025-05-31 11:44:39,793] {processor.py:654} INFO - DAG(s) dict_keys(['example_dag_decorator']) retrieved from /home/airflow/.local/lib/python3.6/site-packages/airflow/example_dags/example_dag_decorator.py
[2025-05-31 11:44:40,090] {logging_mixin.py:109} INFO - [2025-05-31 11:44:40,090] {dag.py:2396} INFO - Sync 1 DAGs
[2025-05-31 11:44:40,116] {logging_mixin.py:109} INFO - [2025-05-31 11:44:40,116] {dag.py:2935} INFO - Setting next_dagrun for example_dag_decorator to None
[2025-05-31 11:44:40,133] {processor.py:171} INFO - Processing /home/airflow/.local/lib/python3.6/site-packages/airflow/example_dags/example_dag_decorator.py took 0.393 seconds
[2025-05-31 11:45:10,514] {processor.py:163} INFO - Started process (PID=21738) to work on /home/airflow/.local/lib/python3.6/site-packages/airflow/example_dags/example_dag_decorator.py
[2025-05-31 11:45:10,516] {processor.py:642} INFO - Processing file /home/airflow/.local/lib/python3.6/site-packages/airflow/example_dags/example_dag_decorator.py for tasks to queue
[2025-05-31 11:45:10,517] {logging_mixin.py:109} INFO - [2025-05-31 11:45:10,517] {dagbag.py:500} INFO - Filling up the DagBag from /home/airflow/.local/lib/python3.6/site-packages/airflow/example_dags/example_dag_decorator.py
[2025-05-31 11:45:10,569] {processor.py:654} INFO - DAG(s) dict_keys(['example_dag_decorator']) retrieved from /home/airflow/.local/lib/python3.6/site-packages/airflow/example_dags/example_dag_decorator.py
[2025-05-31 11:45:10,913] {logging_mixin.py:109} INFO - [2025-05-31 11:45:10,912] {dag.py:2396} INFO - Sync 1 DAGs
[2025-05-31 11:45:10,936] {logging_mixin.py:109} INFO - [2025-05-31 11:45:10,936] {dag.py:2935} INFO - Setting next_dagrun for example_dag_decorator to None
[2025-05-31 11:45:10,954] {processor.py:171} INFO - Processing /home/airflow/.local/lib/python3.6/site-packages/airflow/example_dags/example_dag_decorator.py took 0.445 seconds
[2025-05-31 11:45:41,271] {processor.py:163} INFO - Started process (PID=21943) to work on /home/airflow/.local/lib/python3.6/site-packages/airflow/example_dags/example_dag_decorator.py
[2025-05-31 11:45:41,273] {processor.py:642} INFO - Processing file /home/airflow/.local/lib/python3.6/site-packages/airflow/example_dags/example_dag_decorator.py for tasks to queue
[2025-05-31 11:45:41,274] {logging_mixin.py:109} INFO - [2025-05-31 11:45:41,274] {dagbag.py:500} INFO - Filling up the DagBag from /home/airflow/.local/lib/python3.6/site-packages/airflow/example_dags/example_dag_decorator.py
[2025-05-31 11:45:41,321] {processor.py:654} INFO - DAG(s) dict_keys(['example_dag_decorator']) retrieved from /home/airflow/.local/lib/python3.6/site-packages/airflow/example_dags/example_dag_decorator.py
[2025-05-31 11:45:41,694] {logging_mixin.py:109} INFO - [2025-05-31 11:45:41,694] {dag.py:2396} INFO - Sync 1 DAGs
[2025-05-31 11:45:41,727] {logging_mixin.py:109} INFO - [2025-05-31 11:45:41,727] {dag.py:2935} INFO - Setting next_dagrun for example_dag_decorator to None
[2025-05-31 11:45:41,752] {processor.py:171} INFO - Processing /home/airflow/.local/lib/python3.6/site-packages/airflow/example_dags/example_dag_decorator.py took 0.486 seconds
[2025-05-31 11:46:12,452] {processor.py:163} INFO - Started process (PID=22128) to work on /home/airflow/.local/lib/python3.6/site-packages/airflow/example_dags/example_dag_decorator.py
[2025-05-31 11:46:12,454] {processor.py:642} INFO - Processing file /home/airflow/.local/lib/python3.6/site-packages/airflow/example_dags/example_dag_decorator.py for tasks to queue
[2025-05-31 11:46:12,455] {logging_mixin.py:109} INFO - [2025-05-31 11:46:12,455] {dagbag.py:500} INFO - Filling up the DagBag from /home/airflow/.local/lib/python3.6/site-packages/airflow/example_dags/example_dag_decorator.py
[2025-05-31 11:46:12,509] {processor.py:654} INFO - DAG(s) dict_keys(['example_dag_decorator']) retrieved from /home/airflow/.local/lib/python3.6/site-packages/airflow/example_dags/example_dag_decorator.py
[2025-05-31 11:46:12,528] {logging_mixin.py:109} INFO - [2025-05-31 11:46:12,528] {dag.py:2396} INFO - Sync 1 DAGs
[2025-05-31 11:46:12,560] {logging_mixin.py:109} INFO - [2025-05-31 11:46:12,559] {dag.py:2935} INFO - Setting next_dagrun for example_dag_decorator to None
[2025-05-31 11:46:12,575] {processor.py:171} INFO - Processing /home/airflow/.local/lib/python3.6/site-packages/airflow/example_dags/example_dag_decorator.py took 0.129 seconds
[2025-05-31 11:46:43,145] {processor.py:163} INFO - Started process (PID=22308) to work on /home/airflow/.local/lib/python3.6/site-packages/airflow/example_dags/example_dag_decorator.py
[2025-05-31 11:46:43,147] {processor.py:642} INFO - Processing file /home/airflow/.local/lib/python3.6/site-packages/airflow/example_dags/example_dag_decorator.py for tasks to queue
[2025-05-31 11:46:43,148] {logging_mixin.py:109} INFO - [2025-05-31 11:46:43,148] {dagbag.py:500} INFO - Filling up the DagBag from /home/airflow/.local/lib/python3.6/site-packages/airflow/example_dags/example_dag_decorator.py
[2025-05-31 11:46:43,200] {processor.py:654} INFO - DAG(s) dict_keys(['example_dag_decorator']) retrieved from /home/airflow/.local/lib/python3.6/site-packages/airflow/example_dags/example_dag_decorator.py
[2025-05-31 11:46:43,503] {logging_mixin.py:109} INFO - [2025-05-31 11:46:43,503] {dag.py:2396} INFO - Sync 1 DAGs
[2025-05-31 11:46:43,524] {logging_mixin.py:109} INFO - [2025-05-31 11:46:43,524] {dag.py:2935} INFO - Setting next_dagrun for example_dag_decorator to None
[2025-05-31 11:46:43,538] {processor.py:171} INFO - Processing /home/airflow/.local/lib/python3.6/site-packages/airflow/example_dags/example_dag_decorator.py took 0.397 seconds
[2025-05-31 11:47:13,638] {processor.py:163} INFO - Started process (PID=22505) to work on /home/airflow/.local/lib/python3.6/site-packages/airflow/example_dags/example_dag_decorator.py
[2025-05-31 11:47:13,640] {processor.py:642} INFO - Processing file /home/airflow/.local/lib/python3.6/site-packages/airflow/example_dags/example_dag_decorator.py for tasks to queue
[2025-05-31 11:47:13,642] {logging_mixin.py:109} INFO - [2025-05-31 11:47:13,641] {dagbag.py:500} INFO - Filling up the DagBag from /home/airflow/.local/lib/python3.6/site-packages/airflow/example_dags/example_dag_decorator.py
[2025-05-31 11:47:13,703] {processor.py:654} INFO - DAG(s) dict_keys(['example_dag_decorator']) retrieved from /home/airflow/.local/lib/python3.6/site-packages/airflow/example_dags/example_dag_decorator.py
[2025-05-31 11:47:13,983] {logging_mixin.py:109} INFO - [2025-05-31 11:47:13,982] {dag.py:2396} INFO - Sync 1 DAGs
[2025-05-31 11:47:14,001] {logging_mixin.py:109} INFO - [2025-05-31 11:47:14,001] {dag.py:2935} INFO - Setting next_dagrun for example_dag_decorator to None
[2025-05-31 11:47:14,014] {processor.py:171} INFO - Processing /home/airflow/.local/lib/python3.6/site-packages/airflow/example_dags/example_dag_decorator.py took 0.382 seconds
[2025-05-31 11:47:44,268] {processor.py:163} INFO - Started process (PID=22688) to work on /home/airflow/.local/lib/python3.6/site-packages/airflow/example_dags/example_dag_decorator.py
[2025-05-31 11:47:44,270] {processor.py:642} INFO - Processing file /home/airflow/.local/lib/python3.6/site-packages/airflow/example_dags/example_dag_decorator.py for tasks to queue
[2025-05-31 11:47:44,271] {logging_mixin.py:109} INFO - [2025-05-31 11:47:44,271] {dagbag.py:500} INFO - Filling up the DagBag from /home/airflow/.local/lib/python3.6/site-packages/airflow/example_dags/example_dag_decorator.py
[2025-05-31 11:47:44,315] {processor.py:654} INFO - DAG(s) dict_keys(['example_dag_decorator']) retrieved from /home/airflow/.local/lib/python3.6/site-packages/airflow/example_dags/example_dag_decorator.py
[2025-05-31 11:47:44,628] {logging_mixin.py:109} INFO - [2025-05-31 11:47:44,628] {dag.py:2396} INFO - Sync 1 DAGs
[2025-05-31 11:47:44,652] {logging_mixin.py:109} INFO - [2025-05-31 11:47:44,652] {dag.py:2935} INFO - Setting next_dagrun for example_dag_decorator to None
[2025-05-31 11:47:44,667] {processor.py:171} INFO - Processing /home/airflow/.local/lib/python3.6/site-packages/airflow/example_dags/example_dag_decorator.py took 0.403 seconds
[2025-05-31 11:48:14,803] {processor.py:163} INFO - Started process (PID=22888) to work on /home/airflow/.local/lib/python3.6/site-packages/airflow/example_dags/example_dag_decorator.py
[2025-05-31 11:48:14,805] {processor.py:642} INFO - Processing file /home/airflow/.local/lib/python3.6/site-packages/airflow/example_dags/example_dag_decorator.py for tasks to queue
[2025-05-31 11:48:14,806] {logging_mixin.py:109} INFO - [2025-05-31 11:48:14,806] {dagbag.py:500} INFO - Filling up the DagBag from /home/airflow/.local/lib/python3.6/site-packages/airflow/example_dags/example_dag_decorator.py
[2025-05-31 11:48:14,856] {processor.py:654} INFO - DAG(s) dict_keys(['example_dag_decorator']) retrieved from /home/airflow/.local/lib/python3.6/site-packages/airflow/example_dags/example_dag_decorator.py
[2025-05-31 11:48:15,184] {logging_mixin.py:109} INFO - [2025-05-31 11:48:15,184] {dag.py:2396} INFO - Sync 1 DAGs
[2025-05-31 11:48:15,209] {logging_mixin.py:109} INFO - [2025-05-31 11:48:15,209] {dag.py:2935} INFO - Setting next_dagrun for example_dag_decorator to None
[2025-05-31 11:48:15,230] {processor.py:171} INFO - Processing /home/airflow/.local/lib/python3.6/site-packages/airflow/example_dags/example_dag_decorator.py took 0.434 seconds
[2025-05-31 11:48:46,102] {processor.py:163} INFO - Started process (PID=23075) to work on /home/airflow/.local/lib/python3.6/site-packages/airflow/example_dags/example_dag_decorator.py
[2025-05-31 11:48:46,104] {processor.py:642} INFO - Processing file /home/airflow/.local/lib/python3.6/site-packages/airflow/example_dags/example_dag_decorator.py for tasks to queue
[2025-05-31 11:48:46,105] {logging_mixin.py:109} INFO - [2025-05-31 11:48:46,105] {dagbag.py:500} INFO - Filling up the DagBag from /home/airflow/.local/lib/python3.6/site-packages/airflow/example_dags/example_dag_decorator.py
[2025-05-31 11:48:46,146] {processor.py:654} INFO - DAG(s) dict_keys(['example_dag_decorator']) retrieved from /home/airflow/.local/lib/python3.6/site-packages/airflow/example_dags/example_dag_decorator.py
[2025-05-31 11:48:46,420] {logging_mixin.py:109} INFO - [2025-05-31 11:48:46,420] {dag.py:2396} INFO - Sync 1 DAGs
[2025-05-31 11:48:46,450] {logging_mixin.py:109} INFO - [2025-05-31 11:48:46,450] {dag.py:2935} INFO - Setting next_dagrun for example_dag_decorator to None
[2025-05-31 11:48:46,466] {processor.py:171} INFO - Processing /home/airflow/.local/lib/python3.6/site-packages/airflow/example_dags/example_dag_decorator.py took 0.369 seconds
[2025-05-31 11:49:16,958] {processor.py:163} INFO - Started process (PID=23260) to work on /home/airflow/.local/lib/python3.6/site-packages/airflow/example_dags/example_dag_decorator.py
[2025-05-31 11:49:16,959] {processor.py:642} INFO - Processing file /home/airflow/.local/lib/python3.6/site-packages/airflow/example_dags/example_dag_decorator.py for tasks to queue
[2025-05-31 11:49:16,960] {logging_mixin.py:109} INFO - [2025-05-31 11:49:16,960] {dagbag.py:500} INFO - Filling up the DagBag from /home/airflow/.local/lib/python3.6/site-packages/airflow/example_dags/example_dag_decorator.py
[2025-05-31 11:49:16,996] {processor.py:654} INFO - DAG(s) dict_keys(['example_dag_decorator']) retrieved from /home/airflow/.local/lib/python3.6/site-packages/airflow/example_dags/example_dag_decorator.py
[2025-05-31 11:49:17,280] {logging_mixin.py:109} INFO - [2025-05-31 11:49:17,279] {dag.py:2396} INFO - Sync 1 DAGs
[2025-05-31 11:49:17,301] {logging_mixin.py:109} INFO - [2025-05-31 11:49:17,301] {dag.py:2935} INFO - Setting next_dagrun for example_dag_decorator to None
[2025-05-31 11:49:17,317] {processor.py:171} INFO - Processing /home/airflow/.local/lib/python3.6/site-packages/airflow/example_dags/example_dag_decorator.py took 0.363 seconds
[2025-05-31 11:49:48,074] {processor.py:163} INFO - Started process (PID=23455) to work on /home/airflow/.local/lib/python3.6/site-packages/airflow/example_dags/example_dag_decorator.py
[2025-05-31 11:49:48,075] {processor.py:642} INFO - Processing file /home/airflow/.local/lib/python3.6/site-packages/airflow/example_dags/example_dag_decorator.py for tasks to queue
[2025-05-31 11:49:48,076] {logging_mixin.py:109} INFO - [2025-05-31 11:49:48,076] {dagbag.py:500} INFO - Filling up the DagBag from /home/airflow/.local/lib/python3.6/site-packages/airflow/example_dags/example_dag_decorator.py
[2025-05-31 11:49:48,114] {processor.py:654} INFO - DAG(s) dict_keys(['example_dag_decorator']) retrieved from /home/airflow/.local/lib/python3.6/site-packages/airflow/example_dags/example_dag_decorator.py
[2025-05-31 11:49:48,353] {logging_mixin.py:109} INFO - [2025-05-31 11:49:48,353] {dag.py:2396} INFO - Sync 1 DAGs
[2025-05-31 11:49:48,371] {logging_mixin.py:109} INFO - [2025-05-31 11:49:48,371] {dag.py:2935} INFO - Setting next_dagrun for example_dag_decorator to None
[2025-05-31 11:49:48,386] {processor.py:171} INFO - Processing /home/airflow/.local/lib/python3.6/site-packages/airflow/example_dags/example_dag_decorator.py took 0.317 seconds
[2025-05-31 11:50:18,989] {processor.py:163} INFO - Started process (PID=23640) to work on /home/airflow/.local/lib/python3.6/site-packages/airflow/example_dags/example_dag_decorator.py
[2025-05-31 11:50:18,991] {processor.py:642} INFO - Processing file /home/airflow/.local/lib/python3.6/site-packages/airflow/example_dags/example_dag_decorator.py for tasks to queue
[2025-05-31 11:50:18,992] {logging_mixin.py:109} INFO - [2025-05-31 11:50:18,992] {dagbag.py:500} INFO - Filling up the DagBag from /home/airflow/.local/lib/python3.6/site-packages/airflow/example_dags/example_dag_decorator.py
[2025-05-31 11:50:19,028] {processor.py:654} INFO - DAG(s) dict_keys(['example_dag_decorator']) retrieved from /home/airflow/.local/lib/python3.6/site-packages/airflow/example_dags/example_dag_decorator.py
[2025-05-31 11:50:19,040] {logging_mixin.py:109} INFO - [2025-05-31 11:50:19,040] {dag.py:2396} INFO - Sync 1 DAGs
[2025-05-31 11:50:19,059] {logging_mixin.py:109} INFO - [2025-05-31 11:50:19,059] {dag.py:2935} INFO - Setting next_dagrun for example_dag_decorator to None
[2025-05-31 11:50:19,079] {processor.py:171} INFO - Processing /home/airflow/.local/lib/python3.6/site-packages/airflow/example_dags/example_dag_decorator.py took 0.093 seconds
[2025-05-31 11:50:49,602] {processor.py:163} INFO - Started process (PID=23833) to work on /home/airflow/.local/lib/python3.6/site-packages/airflow/example_dags/example_dag_decorator.py
[2025-05-31 11:50:49,605] {processor.py:642} INFO - Processing file /home/airflow/.local/lib/python3.6/site-packages/airflow/example_dags/example_dag_decorator.py for tasks to queue
[2025-05-31 11:50:49,607] {logging_mixin.py:109} INFO - [2025-05-31 11:50:49,607] {dagbag.py:500} INFO - Filling up the DagBag from /home/airflow/.local/lib/python3.6/site-packages/airflow/example_dags/example_dag_decorator.py
[2025-05-31 11:50:49,670] {processor.py:654} INFO - DAG(s) dict_keys(['example_dag_decorator']) retrieved from /home/airflow/.local/lib/python3.6/site-packages/airflow/example_dags/example_dag_decorator.py
[2025-05-31 11:50:50,078] {logging_mixin.py:109} INFO - [2025-05-31 11:50:50,078] {dag.py:2396} INFO - Sync 1 DAGs
[2025-05-31 11:50:50,118] {logging_mixin.py:109} INFO - [2025-05-31 11:50:50,117] {dag.py:2935} INFO - Setting next_dagrun for example_dag_decorator to None
[2025-05-31 11:50:50,138] {processor.py:171} INFO - Processing /home/airflow/.local/lib/python3.6/site-packages/airflow/example_dags/example_dag_decorator.py took 0.541 seconds
[2025-05-31 11:51:20,222] {processor.py:163} INFO - Started process (PID=24018) to work on /home/airflow/.local/lib/python3.6/site-packages/airflow/example_dags/example_dag_decorator.py
[2025-05-31 11:51:20,224] {processor.py:642} INFO - Processing file /home/airflow/.local/lib/python3.6/site-packages/airflow/example_dags/example_dag_decorator.py for tasks to queue
[2025-05-31 11:51:20,225] {logging_mixin.py:109} INFO - [2025-05-31 11:51:20,225] {dagbag.py:500} INFO - Filling up the DagBag from /home/airflow/.local/lib/python3.6/site-packages/airflow/example_dags/example_dag_decorator.py
[2025-05-31 11:51:20,272] {processor.py:654} INFO - DAG(s) dict_keys(['example_dag_decorator']) retrieved from /home/airflow/.local/lib/python3.6/site-packages/airflow/example_dags/example_dag_decorator.py
[2025-05-31 11:51:20,554] {logging_mixin.py:109} INFO - [2025-05-31 11:51:20,554] {dag.py:2396} INFO - Sync 1 DAGs
[2025-05-31 11:51:20,575] {logging_mixin.py:109} INFO - [2025-05-31 11:51:20,575] {dag.py:2935} INFO - Setting next_dagrun for example_dag_decorator to None
[2025-05-31 11:51:20,595] {processor.py:171} INFO - Processing /home/airflow/.local/lib/python3.6/site-packages/airflow/example_dags/example_dag_decorator.py took 0.378 seconds
[2025-05-31 11:51:50,760] {processor.py:163} INFO - Started process (PID=24202) to work on /home/airflow/.local/lib/python3.6/site-packages/airflow/example_dags/example_dag_decorator.py
[2025-05-31 11:51:50,762] {processor.py:642} INFO - Processing file /home/airflow/.local/lib/python3.6/site-packages/airflow/example_dags/example_dag_decorator.py for tasks to queue
[2025-05-31 11:51:50,763] {logging_mixin.py:109} INFO - [2025-05-31 11:51:50,763] {dagbag.py:500} INFO - Filling up the DagBag from /home/airflow/.local/lib/python3.6/site-packages/airflow/example_dags/example_dag_decorator.py
[2025-05-31 11:51:50,814] {processor.py:654} INFO - DAG(s) dict_keys(['example_dag_decorator']) retrieved from /home/airflow/.local/lib/python3.6/site-packages/airflow/example_dags/example_dag_decorator.py
[2025-05-31 11:51:51,148] {logging_mixin.py:109} INFO - [2025-05-31 11:51:51,147] {dag.py:2396} INFO - Sync 1 DAGs
[2025-05-31 11:51:51,175] {logging_mixin.py:109} INFO - [2025-05-31 11:51:51,175] {dag.py:2935} INFO - Setting next_dagrun for example_dag_decorator to None
[2025-05-31 11:51:51,192] {processor.py:171} INFO - Processing /home/airflow/.local/lib/python3.6/site-packages/airflow/example_dags/example_dag_decorator.py took 0.438 seconds
[2025-05-31 11:52:21,785] {processor.py:163} INFO - Started process (PID=24397) to work on /home/airflow/.local/lib/python3.6/site-packages/airflow/example_dags/example_dag_decorator.py
[2025-05-31 11:52:21,787] {processor.py:642} INFO - Processing file /home/airflow/.local/lib/python3.6/site-packages/airflow/example_dags/example_dag_decorator.py for tasks to queue
[2025-05-31 11:52:21,788] {logging_mixin.py:109} INFO - [2025-05-31 11:52:21,788] {dagbag.py:500} INFO - Filling up the DagBag from /home/airflow/.local/lib/python3.6/site-packages/airflow/example_dags/example_dag_decorator.py
[2025-05-31 11:52:21,837] {processor.py:654} INFO - DAG(s) dict_keys(['example_dag_decorator']) retrieved from /home/airflow/.local/lib/python3.6/site-packages/airflow/example_dags/example_dag_decorator.py
[2025-05-31 11:52:22,230] {logging_mixin.py:109} INFO - [2025-05-31 11:52:22,230] {dag.py:2396} INFO - Sync 1 DAGs
[2025-05-31 11:52:22,259] {logging_mixin.py:109} INFO - [2025-05-31 11:52:22,259] {dag.py:2935} INFO - Setting next_dagrun for example_dag_decorator to None
[2025-05-31 11:52:22,278] {processor.py:171} INFO - Processing /home/airflow/.local/lib/python3.6/site-packages/airflow/example_dags/example_dag_decorator.py took 0.497 seconds
[2025-05-31 11:52:52,623] {processor.py:163} INFO - Started process (PID=24582) to work on /home/airflow/.local/lib/python3.6/site-packages/airflow/example_dags/example_dag_decorator.py
[2025-05-31 11:52:52,625] {processor.py:642} INFO - Processing file /home/airflow/.local/lib/python3.6/site-packages/airflow/example_dags/example_dag_decorator.py for tasks to queue
[2025-05-31 11:52:52,626] {logging_mixin.py:109} INFO - [2025-05-31 11:52:52,626] {dagbag.py:500} INFO - Filling up the DagBag from /home/airflow/.local/lib/python3.6/site-packages/airflow/example_dags/example_dag_decorator.py
[2025-05-31 11:52:52,676] {processor.py:654} INFO - DAG(s) dict_keys(['example_dag_decorator']) retrieved from /home/airflow/.local/lib/python3.6/site-packages/airflow/example_dags/example_dag_decorator.py
[2025-05-31 11:52:52,975] {logging_mixin.py:109} INFO - [2025-05-31 11:52:52,975] {dag.py:2396} INFO - Sync 1 DAGs
[2025-05-31 11:52:52,998] {logging_mixin.py:109} INFO - [2025-05-31 11:52:52,998] {dag.py:2935} INFO - Setting next_dagrun for example_dag_decorator to None
[2025-05-31 11:52:53,013] {processor.py:171} INFO - Processing /home/airflow/.local/lib/python3.6/site-packages/airflow/example_dags/example_dag_decorator.py took 0.394 seconds
[2025-05-31 11:53:23,611] {processor.py:163} INFO - Started process (PID=24757) to work on /home/airflow/.local/lib/python3.6/site-packages/airflow/example_dags/example_dag_decorator.py
[2025-05-31 11:53:23,613] {processor.py:642} INFO - Processing file /home/airflow/.local/lib/python3.6/site-packages/airflow/example_dags/example_dag_decorator.py for tasks to queue
[2025-05-31 11:53:23,615] {logging_mixin.py:109} INFO - [2025-05-31 11:53:23,615] {dagbag.py:500} INFO - Filling up the DagBag from /home/airflow/.local/lib/python3.6/site-packages/airflow/example_dags/example_dag_decorator.py
[2025-05-31 11:53:23,668] {processor.py:654} INFO - DAG(s) dict_keys(['example_dag_decorator']) retrieved from /home/airflow/.local/lib/python3.6/site-packages/airflow/example_dags/example_dag_decorator.py
[2025-05-31 11:53:24,047] {logging_mixin.py:109} INFO - [2025-05-31 11:53:24,047] {dag.py:2396} INFO - Sync 1 DAGs
[2025-05-31 11:53:24,072] {logging_mixin.py:109} INFO - [2025-05-31 11:53:24,072] {dag.py:2935} INFO - Setting next_dagrun for example_dag_decorator to None
[2025-05-31 11:53:24,087] {processor.py:171} INFO - Processing /home/airflow/.local/lib/python3.6/site-packages/airflow/example_dags/example_dag_decorator.py took 0.480 seconds
[2025-05-31 11:53:54,135] {processor.py:163} INFO - Started process (PID=24942) to work on /home/airflow/.local/lib/python3.6/site-packages/airflow/example_dags/example_dag_decorator.py
[2025-05-31 11:53:54,137] {processor.py:642} INFO - Processing file /home/airflow/.local/lib/python3.6/site-packages/airflow/example_dags/example_dag_decorator.py for tasks to queue
[2025-05-31 11:53:54,138] {logging_mixin.py:109} INFO - [2025-05-31 11:53:54,138] {dagbag.py:500} INFO - Filling up the DagBag from /home/airflow/.local/lib/python3.6/site-packages/airflow/example_dags/example_dag_decorator.py
[2025-05-31 11:53:54,183] {processor.py:654} INFO - DAG(s) dict_keys(['example_dag_decorator']) retrieved from /home/airflow/.local/lib/python3.6/site-packages/airflow/example_dags/example_dag_decorator.py
[2025-05-31 11:53:54,196] {logging_mixin.py:109} INFO - [2025-05-31 11:53:54,196] {dag.py:2396} INFO - Sync 1 DAGs
[2025-05-31 11:53:54,221] {logging_mixin.py:109} INFO - [2025-05-31 11:53:54,221] {dag.py:2935} INFO - Setting next_dagrun for example_dag_decorator to None
[2025-05-31 11:53:54,235] {processor.py:171} INFO - Processing /home/airflow/.local/lib/python3.6/site-packages/airflow/example_dags/example_dag_decorator.py took 0.104 seconds
[2025-05-31 11:54:24,516] {processor.py:163} INFO - Started process (PID=25122) to work on /home/airflow/.local/lib/python3.6/site-packages/airflow/example_dags/example_dag_decorator.py
[2025-05-31 11:54:24,518] {processor.py:642} INFO - Processing file /home/airflow/.local/lib/python3.6/site-packages/airflow/example_dags/example_dag_decorator.py for tasks to queue
[2025-05-31 11:54:24,519] {logging_mixin.py:109} INFO - [2025-05-31 11:54:24,519] {dagbag.py:500} INFO - Filling up the DagBag from /home/airflow/.local/lib/python3.6/site-packages/airflow/example_dags/example_dag_decorator.py
[2025-05-31 11:54:24,572] {processor.py:654} INFO - DAG(s) dict_keys(['example_dag_decorator']) retrieved from /home/airflow/.local/lib/python3.6/site-packages/airflow/example_dags/example_dag_decorator.py
[2025-05-31 11:54:24,947] {logging_mixin.py:109} INFO - [2025-05-31 11:54:24,947] {dag.py:2396} INFO - Sync 1 DAGs
[2025-05-31 11:54:24,969] {logging_mixin.py:109} INFO - [2025-05-31 11:54:24,969] {dag.py:2935} INFO - Setting next_dagrun for example_dag_decorator to None
[2025-05-31 11:54:24,984] {processor.py:171} INFO - Processing /home/airflow/.local/lib/python3.6/site-packages/airflow/example_dags/example_dag_decorator.py took 0.480 seconds
[2025-05-31 11:54:55,047] {processor.py:163} INFO - Started process (PID=25317) to work on /home/airflow/.local/lib/python3.6/site-packages/airflow/example_dags/example_dag_decorator.py
[2025-05-31 11:54:55,049] {processor.py:642} INFO - Processing file /home/airflow/.local/lib/python3.6/site-packages/airflow/example_dags/example_dag_decorator.py for tasks to queue
[2025-05-31 11:54:55,050] {logging_mixin.py:109} INFO - [2025-05-31 11:54:55,050] {dagbag.py:500} INFO - Filling up the DagBag from /home/airflow/.local/lib/python3.6/site-packages/airflow/example_dags/example_dag_decorator.py
[2025-05-31 11:54:55,104] {processor.py:654} INFO - DAG(s) dict_keys(['example_dag_decorator']) retrieved from /home/airflow/.local/lib/python3.6/site-packages/airflow/example_dags/example_dag_decorator.py
[2025-05-31 11:54:55,368] {logging_mixin.py:109} INFO - [2025-05-31 11:54:55,368] {dag.py:2396} INFO - Sync 1 DAGs
[2025-05-31 11:54:55,385] {logging_mixin.py:109} INFO - [2025-05-31 11:54:55,385] {dag.py:2935} INFO - Setting next_dagrun for example_dag_decorator to None
[2025-05-31 11:54:55,398] {processor.py:171} INFO - Processing /home/airflow/.local/lib/python3.6/site-packages/airflow/example_dags/example_dag_decorator.py took 0.355 seconds
[2025-05-31 11:55:25,893] {processor.py:163} INFO - Started process (PID=25504) to work on /home/airflow/.local/lib/python3.6/site-packages/airflow/example_dags/example_dag_decorator.py
[2025-05-31 11:55:25,895] {processor.py:642} INFO - Processing file /home/airflow/.local/lib/python3.6/site-packages/airflow/example_dags/example_dag_decorator.py for tasks to queue
[2025-05-31 11:55:25,896] {logging_mixin.py:109} INFO - [2025-05-31 11:55:25,896] {dagbag.py:500} INFO - Filling up the DagBag from /home/airflow/.local/lib/python3.6/site-packages/airflow/example_dags/example_dag_decorator.py
[2025-05-31 11:55:25,953] {processor.py:654} INFO - DAG(s) dict_keys(['example_dag_decorator']) retrieved from /home/airflow/.local/lib/python3.6/site-packages/airflow/example_dags/example_dag_decorator.py
[2025-05-31 11:55:25,997] {logging_mixin.py:109} INFO - [2025-05-31 11:55:25,996] {dag.py:2396} INFO - Sync 1 DAGs
[2025-05-31 11:55:26,020] {logging_mixin.py:109} INFO - [2025-05-31 11:55:26,020] {dag.py:2935} INFO - Setting next_dagrun for example_dag_decorator to None
[2025-05-31 11:55:26,034] {processor.py:171} INFO - Processing /home/airflow/.local/lib/python3.6/site-packages/airflow/example_dags/example_dag_decorator.py took 0.426 seconds
[2025-05-31 11:55:56,498] {processor.py:163} INFO - Started process (PID=25702) to work on /home/airflow/.local/lib/python3.6/site-packages/airflow/example_dags/example_dag_decorator.py
[2025-05-31 11:55:56,500] {processor.py:642} INFO - Processing file /home/airflow/.local/lib/python3.6/site-packages/airflow/example_dags/example_dag_decorator.py for tasks to queue
[2025-05-31 11:55:56,505] {logging_mixin.py:109} INFO - [2025-05-31 11:55:56,504] {dagbag.py:500} INFO - Filling up the DagBag from /home/airflow/.local/lib/python3.6/site-packages/airflow/example_dags/example_dag_decorator.py
[2025-05-31 11:55:56,588] {processor.py:654} INFO - DAG(s) dict_keys(['example_dag_decorator']) retrieved from /home/airflow/.local/lib/python3.6/site-packages/airflow/example_dags/example_dag_decorator.py
[2025-05-31 11:55:56,962] {logging_mixin.py:109} INFO - [2025-05-31 11:55:56,962] {dag.py:2396} INFO - Sync 1 DAGs
[2025-05-31 11:55:56,988] {logging_mixin.py:109} INFO - [2025-05-31 11:55:56,988] {dag.py:2935} INFO - Setting next_dagrun for example_dag_decorator to None
[2025-05-31 11:55:57,003] {processor.py:171} INFO - Processing /home/airflow/.local/lib/python3.6/site-packages/airflow/example_dags/example_dag_decorator.py took 0.512 seconds
[2025-05-31 11:56:27,227] {processor.py:163} INFO - Started process (PID=25882) to work on /home/airflow/.local/lib/python3.6/site-packages/airflow/example_dags/example_dag_decorator.py
[2025-05-31 11:56:27,229] {processor.py:642} INFO - Processing file /home/airflow/.local/lib/python3.6/site-packages/airflow/example_dags/example_dag_decorator.py for tasks to queue
[2025-05-31 11:56:27,230] {logging_mixin.py:109} INFO - [2025-05-31 11:56:27,230] {dagbag.py:500} INFO - Filling up the DagBag from /home/airflow/.local/lib/python3.6/site-packages/airflow/example_dags/example_dag_decorator.py
[2025-05-31 11:56:27,276] {processor.py:654} INFO - DAG(s) dict_keys(['example_dag_decorator']) retrieved from /home/airflow/.local/lib/python3.6/site-packages/airflow/example_dags/example_dag_decorator.py
[2025-05-31 11:56:27,592] {logging_mixin.py:109} INFO - [2025-05-31 11:56:27,592] {dag.py:2396} INFO - Sync 1 DAGs
[2025-05-31 11:56:27,620] {logging_mixin.py:109} INFO - [2025-05-31 11:56:27,620] {dag.py:2935} INFO - Setting next_dagrun for example_dag_decorator to None
[2025-05-31 11:56:27,639] {processor.py:171} INFO - Processing /home/airflow/.local/lib/python3.6/site-packages/airflow/example_dags/example_dag_decorator.py took 0.416 seconds
[2025-05-31 11:56:57,786] {processor.py:163} INFO - Started process (PID=26079) to work on /home/airflow/.local/lib/python3.6/site-packages/airflow/example_dags/example_dag_decorator.py
[2025-05-31 11:56:57,788] {processor.py:642} INFO - Processing file /home/airflow/.local/lib/python3.6/site-packages/airflow/example_dags/example_dag_decorator.py for tasks to queue
[2025-05-31 11:56:57,789] {logging_mixin.py:109} INFO - [2025-05-31 11:56:57,789] {dagbag.py:500} INFO - Filling up the DagBag from /home/airflow/.local/lib/python3.6/site-packages/airflow/example_dags/example_dag_decorator.py
[2025-05-31 11:56:57,832] {processor.py:654} INFO - DAG(s) dict_keys(['example_dag_decorator']) retrieved from /home/airflow/.local/lib/python3.6/site-packages/airflow/example_dags/example_dag_decorator.py
[2025-05-31 11:56:58,128] {logging_mixin.py:109} INFO - [2025-05-31 11:56:58,128] {dag.py:2396} INFO - Sync 1 DAGs
[2025-05-31 11:56:58,146] {logging_mixin.py:109} INFO - [2025-05-31 11:56:58,146] {dag.py:2935} INFO - Setting next_dagrun for example_dag_decorator to None
[2025-05-31 11:56:58,159] {processor.py:171} INFO - Processing /home/airflow/.local/lib/python3.6/site-packages/airflow/example_dags/example_dag_decorator.py took 0.377 seconds
[2025-05-31 11:57:28,408] {processor.py:163} INFO - Started process (PID=26269) to work on /home/airflow/.local/lib/python3.6/site-packages/airflow/example_dags/example_dag_decorator.py
[2025-05-31 11:57:28,411] {processor.py:642} INFO - Processing file /home/airflow/.local/lib/python3.6/site-packages/airflow/example_dags/example_dag_decorator.py for tasks to queue
[2025-05-31 11:57:28,413] {logging_mixin.py:109} INFO - [2025-05-31 11:57:28,412] {dagbag.py:500} INFO - Filling up the DagBag from /home/airflow/.local/lib/python3.6/site-packages/airflow/example_dags/example_dag_decorator.py
[2025-05-31 11:57:28,464] {processor.py:654} INFO - DAG(s) dict_keys(['example_dag_decorator']) retrieved from /home/airflow/.local/lib/python3.6/site-packages/airflow/example_dags/example_dag_decorator.py
[2025-05-31 11:57:28,777] {logging_mixin.py:109} INFO - [2025-05-31 11:57:28,777] {dag.py:2396} INFO - Sync 1 DAGs
[2025-05-31 11:57:28,805] {logging_mixin.py:109} INFO - [2025-05-31 11:57:28,805] {dag.py:2935} INFO - Setting next_dagrun for example_dag_decorator to None
[2025-05-31 11:57:28,819] {processor.py:171} INFO - Processing /home/airflow/.local/lib/python3.6/site-packages/airflow/example_dags/example_dag_decorator.py took 0.415 seconds
[2025-05-31 11:57:58,940] {processor.py:163} INFO - Started process (PID=26452) to work on /home/airflow/.local/lib/python3.6/site-packages/airflow/example_dags/example_dag_decorator.py
[2025-05-31 11:57:58,941] {processor.py:642} INFO - Processing file /home/airflow/.local/lib/python3.6/site-packages/airflow/example_dags/example_dag_decorator.py for tasks to queue
[2025-05-31 11:57:58,942] {logging_mixin.py:109} INFO - [2025-05-31 11:57:58,942] {dagbag.py:500} INFO - Filling up the DagBag from /home/airflow/.local/lib/python3.6/site-packages/airflow/example_dags/example_dag_decorator.py
[2025-05-31 11:57:58,987] {processor.py:654} INFO - DAG(s) dict_keys(['example_dag_decorator']) retrieved from /home/airflow/.local/lib/python3.6/site-packages/airflow/example_dags/example_dag_decorator.py
[2025-05-31 11:57:59,291] {logging_mixin.py:109} INFO - [2025-05-31 11:57:59,291] {dag.py:2396} INFO - Sync 1 DAGs
[2025-05-31 11:57:59,313] {logging_mixin.py:109} INFO - [2025-05-31 11:57:59,313] {dag.py:2935} INFO - Setting next_dagrun for example_dag_decorator to None
[2025-05-31 11:57:59,327] {processor.py:171} INFO - Processing /home/airflow/.local/lib/python3.6/site-packages/airflow/example_dags/example_dag_decorator.py took 0.392 seconds
[2025-05-31 11:58:29,802] {processor.py:163} INFO - Started process (PID=26652) to work on /home/airflow/.local/lib/python3.6/site-packages/airflow/example_dags/example_dag_decorator.py
[2025-05-31 11:58:29,804] {processor.py:642} INFO - Processing file /home/airflow/.local/lib/python3.6/site-packages/airflow/example_dags/example_dag_decorator.py for tasks to queue
[2025-05-31 11:58:29,805] {logging_mixin.py:109} INFO - [2025-05-31 11:58:29,805] {dagbag.py:500} INFO - Filling up the DagBag from /home/airflow/.local/lib/python3.6/site-packages/airflow/example_dags/example_dag_decorator.py
[2025-05-31 11:58:29,852] {processor.py:654} INFO - DAG(s) dict_keys(['example_dag_decorator']) retrieved from /home/airflow/.local/lib/python3.6/site-packages/airflow/example_dags/example_dag_decorator.py
[2025-05-31 11:58:30,195] {logging_mixin.py:109} INFO - [2025-05-31 11:58:30,194] {dag.py:2396} INFO - Sync 1 DAGs
[2025-05-31 11:58:30,220] {logging_mixin.py:109} INFO - [2025-05-31 11:58:30,220] {dag.py:2935} INFO - Setting next_dagrun for example_dag_decorator to None
[2025-05-31 11:58:30,248] {processor.py:171} INFO - Processing /home/airflow/.local/lib/python3.6/site-packages/airflow/example_dags/example_dag_decorator.py took 0.451 seconds
[2025-05-31 11:59:00,358] {processor.py:163} INFO - Started process (PID=26847) to work on /home/airflow/.local/lib/python3.6/site-packages/airflow/example_dags/example_dag_decorator.py
[2025-05-31 11:59:00,360] {processor.py:642} INFO - Processing file /home/airflow/.local/lib/python3.6/site-packages/airflow/example_dags/example_dag_decorator.py for tasks to queue
[2025-05-31 11:59:00,361] {logging_mixin.py:109} INFO - [2025-05-31 11:59:00,361] {dagbag.py:500} INFO - Filling up the DagBag from /home/airflow/.local/lib/python3.6/site-packages/airflow/example_dags/example_dag_decorator.py
[2025-05-31 11:59:00,402] {processor.py:654} INFO - DAG(s) dict_keys(['example_dag_decorator']) retrieved from /home/airflow/.local/lib/python3.6/site-packages/airflow/example_dags/example_dag_decorator.py
[2025-05-31 11:59:00,794] {logging_mixin.py:109} INFO - [2025-05-31 11:59:00,794] {dag.py:2396} INFO - Sync 1 DAGs
[2025-05-31 11:59:00,820] {logging_mixin.py:109} INFO - [2025-05-31 11:59:00,820] {dag.py:2935} INFO - Setting next_dagrun for example_dag_decorator to None
[2025-05-31 11:59:00,838] {processor.py:171} INFO - Processing /home/airflow/.local/lib/python3.6/site-packages/airflow/example_dags/example_dag_decorator.py took 0.484 seconds
[2025-05-31 11:59:31,003] {processor.py:163} INFO - Started process (PID=27012) to work on /home/airflow/.local/lib/python3.6/site-packages/airflow/example_dags/example_dag_decorator.py
[2025-05-31 11:59:31,004] {processor.py:642} INFO - Processing file /home/airflow/.local/lib/python3.6/site-packages/airflow/example_dags/example_dag_decorator.py for tasks to queue
[2025-05-31 11:59:31,006] {logging_mixin.py:109} INFO - [2025-05-31 11:59:31,005] {dagbag.py:500} INFO - Filling up the DagBag from /home/airflow/.local/lib/python3.6/site-packages/airflow/example_dags/example_dag_decorator.py
[2025-05-31 11:59:31,051] {processor.py:654} INFO - DAG(s) dict_keys(['example_dag_decorator']) retrieved from /home/airflow/.local/lib/python3.6/site-packages/airflow/example_dags/example_dag_decorator.py
[2025-05-31 11:59:31,354] {logging_mixin.py:109} INFO - [2025-05-31 11:59:31,354] {dag.py:2396} INFO - Sync 1 DAGs
[2025-05-31 11:59:31,381] {logging_mixin.py:109} INFO - [2025-05-31 11:59:31,381] {dag.py:2935} INFO - Setting next_dagrun for example_dag_decorator to None
[2025-05-31 11:59:31,402] {processor.py:171} INFO - Processing /home/airflow/.local/lib/python3.6/site-packages/airflow/example_dags/example_dag_decorator.py took 0.403 seconds
[2025-05-31 12:00:03,008] {processor.py:163} INFO - Started process (PID=27216) to work on /home/airflow/.local/lib/python3.6/site-packages/airflow/example_dags/example_dag_decorator.py
[2025-05-31 12:00:03,010] {processor.py:642} INFO - Processing file /home/airflow/.local/lib/python3.6/site-packages/airflow/example_dags/example_dag_decorator.py for tasks to queue
[2025-05-31 12:00:03,010] {logging_mixin.py:109} INFO - [2025-05-31 12:00:03,010] {dagbag.py:500} INFO - Filling up the DagBag from /home/airflow/.local/lib/python3.6/site-packages/airflow/example_dags/example_dag_decorator.py
[2025-05-31 12:00:03,045] {processor.py:654} INFO - DAG(s) dict_keys(['example_dag_decorator']) retrieved from /home/airflow/.local/lib/python3.6/site-packages/airflow/example_dags/example_dag_decorator.py
[2025-05-31 12:00:03,312] {logging_mixin.py:109} INFO - [2025-05-31 12:00:03,312] {dag.py:2396} INFO - Sync 1 DAGs
[2025-05-31 12:00:03,332] {logging_mixin.py:109} INFO - [2025-05-31 12:00:03,332] {dag.py:2935} INFO - Setting next_dagrun for example_dag_decorator to None
[2025-05-31 12:00:03,346] {processor.py:171} INFO - Processing /home/airflow/.local/lib/python3.6/site-packages/airflow/example_dags/example_dag_decorator.py took 0.341 seconds
[2025-05-31 12:00:33,502] {processor.py:163} INFO - Started process (PID=27402) to work on /home/airflow/.local/lib/python3.6/site-packages/airflow/example_dags/example_dag_decorator.py
[2025-05-31 12:00:33,504] {processor.py:642} INFO - Processing file /home/airflow/.local/lib/python3.6/site-packages/airflow/example_dags/example_dag_decorator.py for tasks to queue
[2025-05-31 12:00:33,505] {logging_mixin.py:109} INFO - [2025-05-31 12:00:33,505] {dagbag.py:500} INFO - Filling up the DagBag from /home/airflow/.local/lib/python3.6/site-packages/airflow/example_dags/example_dag_decorator.py
[2025-05-31 12:00:33,542] {processor.py:654} INFO - DAG(s) dict_keys(['example_dag_decorator']) retrieved from /home/airflow/.local/lib/python3.6/site-packages/airflow/example_dags/example_dag_decorator.py
[2025-05-31 12:00:33,811] {logging_mixin.py:109} INFO - [2025-05-31 12:00:33,811] {dag.py:2396} INFO - Sync 1 DAGs
[2025-05-31 12:00:33,830] {logging_mixin.py:109} INFO - [2025-05-31 12:00:33,830] {dag.py:2935} INFO - Setting next_dagrun for example_dag_decorator to None
[2025-05-31 12:00:33,844] {processor.py:171} INFO - Processing /home/airflow/.local/lib/python3.6/site-packages/airflow/example_dags/example_dag_decorator.py took 0.345 seconds
[2025-05-31 12:01:04,825] {processor.py:163} INFO - Started process (PID=27597) to work on /home/airflow/.local/lib/python3.6/site-packages/airflow/example_dags/example_dag_decorator.py
[2025-05-31 12:01:04,828] {processor.py:642} INFO - Processing file /home/airflow/.local/lib/python3.6/site-packages/airflow/example_dags/example_dag_decorator.py for tasks to queue
[2025-05-31 12:01:04,829] {logging_mixin.py:109} INFO - [2025-05-31 12:01:04,829] {dagbag.py:500} INFO - Filling up the DagBag from /home/airflow/.local/lib/python3.6/site-packages/airflow/example_dags/example_dag_decorator.py
[2025-05-31 12:01:04,891] {processor.py:654} INFO - DAG(s) dict_keys(['example_dag_decorator']) retrieved from /home/airflow/.local/lib/python3.6/site-packages/airflow/example_dags/example_dag_decorator.py
[2025-05-31 12:01:05,256] {logging_mixin.py:109} INFO - [2025-05-31 12:01:05,256] {dag.py:2396} INFO - Sync 1 DAGs
[2025-05-31 12:01:05,283] {logging_mixin.py:109} INFO - [2025-05-31 12:01:05,283] {dag.py:2935} INFO - Setting next_dagrun for example_dag_decorator to None
[2025-05-31 12:01:05,298] {processor.py:171} INFO - Processing /home/airflow/.local/lib/python3.6/site-packages/airflow/example_dags/example_dag_decorator.py took 0.477 seconds
[2025-05-31 12:01:35,667] {processor.py:163} INFO - Started process (PID=27781) to work on /home/airflow/.local/lib/python3.6/site-packages/airflow/example_dags/example_dag_decorator.py
[2025-05-31 12:01:35,668] {processor.py:642} INFO - Processing file /home/airflow/.local/lib/python3.6/site-packages/airflow/example_dags/example_dag_decorator.py for tasks to queue
[2025-05-31 12:01:35,669] {logging_mixin.py:109} INFO - [2025-05-31 12:01:35,669] {dagbag.py:500} INFO - Filling up the DagBag from /home/airflow/.local/lib/python3.6/site-packages/airflow/example_dags/example_dag_decorator.py
[2025-05-31 12:01:35,705] {processor.py:654} INFO - DAG(s) dict_keys(['example_dag_decorator']) retrieved from /home/airflow/.local/lib/python3.6/site-packages/airflow/example_dags/example_dag_decorator.py
[2025-05-31 12:01:35,959] {logging_mixin.py:109} INFO - [2025-05-31 12:01:35,959] {dag.py:2396} INFO - Sync 1 DAGs
[2025-05-31 12:01:35,977] {logging_mixin.py:109} INFO - [2025-05-31 12:01:35,977] {dag.py:2935} INFO - Setting next_dagrun for example_dag_decorator to None
[2025-05-31 12:01:35,989] {processor.py:171} INFO - Processing /home/airflow/.local/lib/python3.6/site-packages/airflow/example_dags/example_dag_decorator.py took 0.325 seconds
[2025-05-31 12:02:06,717] {processor.py:163} INFO - Started process (PID=27967) to work on /home/airflow/.local/lib/python3.6/site-packages/airflow/example_dags/example_dag_decorator.py
[2025-05-31 12:02:06,718] {processor.py:642} INFO - Processing file /home/airflow/.local/lib/python3.6/site-packages/airflow/example_dags/example_dag_decorator.py for tasks to queue
[2025-05-31 12:02:06,719] {logging_mixin.py:109} INFO - [2025-05-31 12:02:06,719] {dagbag.py:500} INFO - Filling up the DagBag from /home/airflow/.local/lib/python3.6/site-packages/airflow/example_dags/example_dag_decorator.py
[2025-05-31 12:02:06,758] {processor.py:654} INFO - DAG(s) dict_keys(['example_dag_decorator']) retrieved from /home/airflow/.local/lib/python3.6/site-packages/airflow/example_dags/example_dag_decorator.py
[2025-05-31 12:02:07,015] {logging_mixin.py:109} INFO - [2025-05-31 12:02:07,015] {dag.py:2396} INFO - Sync 1 DAGs
[2025-05-31 12:02:07,036] {logging_mixin.py:109} INFO - [2025-05-31 12:02:07,035] {dag.py:2935} INFO - Setting next_dagrun for example_dag_decorator to None
[2025-05-31 12:02:07,048] {processor.py:171} INFO - Processing /home/airflow/.local/lib/python3.6/site-packages/airflow/example_dags/example_dag_decorator.py took 0.335 seconds
[2025-05-31 12:02:38,063] {processor.py:163} INFO - Started process (PID=28162) to work on /home/airflow/.local/lib/python3.6/site-packages/airflow/example_dags/example_dag_decorator.py
[2025-05-31 12:02:38,064] {processor.py:642} INFO - Processing file /home/airflow/.local/lib/python3.6/site-packages/airflow/example_dags/example_dag_decorator.py for tasks to queue
[2025-05-31 12:02:38,065] {logging_mixin.py:109} INFO - [2025-05-31 12:02:38,065] {dagbag.py:500} INFO - Filling up the DagBag from /home/airflow/.local/lib/python3.6/site-packages/airflow/example_dags/example_dag_decorator.py
[2025-05-31 12:02:38,102] {processor.py:654} INFO - DAG(s) dict_keys(['example_dag_decorator']) retrieved from /home/airflow/.local/lib/python3.6/site-packages/airflow/example_dags/example_dag_decorator.py
[2025-05-31 12:02:38,368] {logging_mixin.py:109} INFO - [2025-05-31 12:02:38,368] {dag.py:2396} INFO - Sync 1 DAGs
[2025-05-31 12:02:38,387] {logging_mixin.py:109} INFO - [2025-05-31 12:02:38,387] {dag.py:2935} INFO - Setting next_dagrun for example_dag_decorator to None
[2025-05-31 12:02:38,401] {processor.py:171} INFO - Processing /home/airflow/.local/lib/python3.6/site-packages/airflow/example_dags/example_dag_decorator.py took 0.341 seconds
[2025-05-31 12:03:08,639] {processor.py:163} INFO - Started process (PID=28346) to work on /home/airflow/.local/lib/python3.6/site-packages/airflow/example_dags/example_dag_decorator.py
[2025-05-31 12:03:08,641] {processor.py:642} INFO - Processing file /home/airflow/.local/lib/python3.6/site-packages/airflow/example_dags/example_dag_decorator.py for tasks to queue
[2025-05-31 12:03:08,642] {logging_mixin.py:109} INFO - [2025-05-31 12:03:08,642] {dagbag.py:500} INFO - Filling up the DagBag from /home/airflow/.local/lib/python3.6/site-packages/airflow/example_dags/example_dag_decorator.py
[2025-05-31 12:03:08,682] {processor.py:654} INFO - DAG(s) dict_keys(['example_dag_decorator']) retrieved from /home/airflow/.local/lib/python3.6/site-packages/airflow/example_dags/example_dag_decorator.py
[2025-05-31 12:03:08,694] {logging_mixin.py:109} INFO - [2025-05-31 12:03:08,694] {dag.py:2396} INFO - Sync 1 DAGs
[2025-05-31 12:03:08,713] {logging_mixin.py:109} INFO - [2025-05-31 12:03:08,713] {dag.py:2935} INFO - Setting next_dagrun for example_dag_decorator to None
[2025-05-31 12:03:08,724] {processor.py:171} INFO - Processing /home/airflow/.local/lib/python3.6/site-packages/airflow/example_dags/example_dag_decorator.py took 0.088 seconds
[2025-05-31 12:03:38,786] {processor.py:163} INFO - Started process (PID=28542) to work on /home/airflow/.local/lib/python3.6/site-packages/airflow/example_dags/example_dag_decorator.py
[2025-05-31 12:03:38,789] {processor.py:642} INFO - Processing file /home/airflow/.local/lib/python3.6/site-packages/airflow/example_dags/example_dag_decorator.py for tasks to queue
[2025-05-31 12:03:38,790] {logging_mixin.py:109} INFO - [2025-05-31 12:03:38,790] {dagbag.py:500} INFO - Filling up the DagBag from /home/airflow/.local/lib/python3.6/site-packages/airflow/example_dags/example_dag_decorator.py
[2025-05-31 12:03:38,846] {processor.py:654} INFO - DAG(s) dict_keys(['example_dag_decorator']) retrieved from /home/airflow/.local/lib/python3.6/site-packages/airflow/example_dags/example_dag_decorator.py
[2025-05-31 12:03:39,185] {logging_mixin.py:109} INFO - [2025-05-31 12:03:39,185] {dag.py:2396} INFO - Sync 1 DAGs
[2025-05-31 12:03:39,211] {logging_mixin.py:109} INFO - [2025-05-31 12:03:39,211] {dag.py:2935} INFO - Setting next_dagrun for example_dag_decorator to None
[2025-05-31 12:03:39,232] {processor.py:171} INFO - Processing /home/airflow/.local/lib/python3.6/site-packages/airflow/example_dags/example_dag_decorator.py took 0.452 seconds
[2025-05-31 12:04:09,356] {processor.py:163} INFO - Started process (PID=28727) to work on /home/airflow/.local/lib/python3.6/site-packages/airflow/example_dags/example_dag_decorator.py
[2025-05-31 12:04:09,358] {processor.py:642} INFO - Processing file /home/airflow/.local/lib/python3.6/site-packages/airflow/example_dags/example_dag_decorator.py for tasks to queue
[2025-05-31 12:04:09,359] {logging_mixin.py:109} INFO - [2025-05-31 12:04:09,359] {dagbag.py:500} INFO - Filling up the DagBag from /home/airflow/.local/lib/python3.6/site-packages/airflow/example_dags/example_dag_decorator.py
[2025-05-31 12:04:09,395] {processor.py:654} INFO - DAG(s) dict_keys(['example_dag_decorator']) retrieved from /home/airflow/.local/lib/python3.6/site-packages/airflow/example_dags/example_dag_decorator.py
[2025-05-31 12:04:09,684] {logging_mixin.py:109} INFO - [2025-05-31 12:04:09,683] {dag.py:2396} INFO - Sync 1 DAGs
[2025-05-31 12:04:09,706] {logging_mixin.py:109} INFO - [2025-05-31 12:04:09,706] {dag.py:2935} INFO - Setting next_dagrun for example_dag_decorator to None
[2025-05-31 12:04:09,720] {processor.py:171} INFO - Processing /home/airflow/.local/lib/python3.6/site-packages/airflow/example_dags/example_dag_decorator.py took 0.367 seconds
[2025-05-31 12:04:40,084] {processor.py:163} INFO - Started process (PID=28914) to work on /home/airflow/.local/lib/python3.6/site-packages/airflow/example_dags/example_dag_decorator.py
[2025-05-31 12:04:40,086] {processor.py:642} INFO - Processing file /home/airflow/.local/lib/python3.6/site-packages/airflow/example_dags/example_dag_decorator.py for tasks to queue
[2025-05-31 12:04:40,087] {logging_mixin.py:109} INFO - [2025-05-31 12:04:40,087] {dagbag.py:500} INFO - Filling up the DagBag from /home/airflow/.local/lib/python3.6/site-packages/airflow/example_dags/example_dag_decorator.py
[2025-05-31 12:04:40,121] {processor.py:654} INFO - DAG(s) dict_keys(['example_dag_decorator']) retrieved from /home/airflow/.local/lib/python3.6/site-packages/airflow/example_dags/example_dag_decorator.py
[2025-05-31 12:04:40,345] {logging_mixin.py:109} INFO - [2025-05-31 12:04:40,344] {dag.py:2396} INFO - Sync 1 DAGs
[2025-05-31 12:04:40,361] {logging_mixin.py:109} INFO - [2025-05-31 12:04:40,361] {dag.py:2935} INFO - Setting next_dagrun for example_dag_decorator to None
[2025-05-31 12:04:40,373] {processor.py:171} INFO - Processing /home/airflow/.local/lib/python3.6/site-packages/airflow/example_dags/example_dag_decorator.py took 0.292 seconds
[2025-05-31 12:05:10,423] {processor.py:163} INFO - Started process (PID=29109) to work on /home/airflow/.local/lib/python3.6/site-packages/airflow/example_dags/example_dag_decorator.py
[2025-05-31 12:05:10,424] {processor.py:642} INFO - Processing file /home/airflow/.local/lib/python3.6/site-packages/airflow/example_dags/example_dag_decorator.py for tasks to queue
[2025-05-31 12:05:10,425] {logging_mixin.py:109} INFO - [2025-05-31 12:05:10,425] {dagbag.py:500} INFO - Filling up the DagBag from /home/airflow/.local/lib/python3.6/site-packages/airflow/example_dags/example_dag_decorator.py
[2025-05-31 12:05:10,463] {processor.py:654} INFO - DAG(s) dict_keys(['example_dag_decorator']) retrieved from /home/airflow/.local/lib/python3.6/site-packages/airflow/example_dags/example_dag_decorator.py
[2025-05-31 12:05:10,475] {logging_mixin.py:109} INFO - [2025-05-31 12:05:10,475] {dag.py:2396} INFO - Sync 1 DAGs
[2025-05-31 12:05:10,494] {logging_mixin.py:109} INFO - [2025-05-31 12:05:10,494] {dag.py:2935} INFO - Setting next_dagrun for example_dag_decorator to None
[2025-05-31 12:05:10,505] {processor.py:171} INFO - Processing /home/airflow/.local/lib/python3.6/site-packages/airflow/example_dags/example_dag_decorator.py took 0.086 seconds
[2025-05-31 12:05:40,879] {processor.py:163} INFO - Started process (PID=29292) to work on /home/airflow/.local/lib/python3.6/site-packages/airflow/example_dags/example_dag_decorator.py
[2025-05-31 12:05:40,880] {processor.py:642} INFO - Processing file /home/airflow/.local/lib/python3.6/site-packages/airflow/example_dags/example_dag_decorator.py for tasks to queue
[2025-05-31 12:05:40,881] {logging_mixin.py:109} INFO - [2025-05-31 12:05:40,881] {dagbag.py:500} INFO - Filling up the DagBag from /home/airflow/.local/lib/python3.6/site-packages/airflow/example_dags/example_dag_decorator.py
[2025-05-31 12:05:40,918] {processor.py:654} INFO - DAG(s) dict_keys(['example_dag_decorator']) retrieved from /home/airflow/.local/lib/python3.6/site-packages/airflow/example_dags/example_dag_decorator.py
[2025-05-31 12:05:41,169] {logging_mixin.py:109} INFO - [2025-05-31 12:05:41,169] {dag.py:2396} INFO - Sync 1 DAGs
[2025-05-31 12:05:41,190] {logging_mixin.py:109} INFO - [2025-05-31 12:05:41,190] {dag.py:2935} INFO - Setting next_dagrun for example_dag_decorator to None
[2025-05-31 12:05:41,204] {processor.py:171} INFO - Processing /home/airflow/.local/lib/python3.6/site-packages/airflow/example_dags/example_dag_decorator.py took 0.328 seconds
[2025-05-31 12:06:11,293] {processor.py:163} INFO - Started process (PID=29487) to work on /home/airflow/.local/lib/python3.6/site-packages/airflow/example_dags/example_dag_decorator.py
[2025-05-31 12:06:11,295] {processor.py:642} INFO - Processing file /home/airflow/.local/lib/python3.6/site-packages/airflow/example_dags/example_dag_decorator.py for tasks to queue
[2025-05-31 12:06:11,296] {logging_mixin.py:109} INFO - [2025-05-31 12:06:11,296] {dagbag.py:500} INFO - Filling up the DagBag from /home/airflow/.local/lib/python3.6/site-packages/airflow/example_dags/example_dag_decorator.py
[2025-05-31 12:06:11,351] {processor.py:654} INFO - DAG(s) dict_keys(['example_dag_decorator']) retrieved from /home/airflow/.local/lib/python3.6/site-packages/airflow/example_dags/example_dag_decorator.py
[2025-05-31 12:06:11,677] {logging_mixin.py:109} INFO - [2025-05-31 12:06:11,677] {dag.py:2396} INFO - Sync 1 DAGs
[2025-05-31 12:06:11,702] {logging_mixin.py:109} INFO - [2025-05-31 12:06:11,702] {dag.py:2935} INFO - Setting next_dagrun for example_dag_decorator to None
[2025-05-31 12:06:11,719] {processor.py:171} INFO - Processing /home/airflow/.local/lib/python3.6/site-packages/airflow/example_dags/example_dag_decorator.py took 0.431 seconds
[2025-05-31 12:06:42,152] {processor.py:163} INFO - Started process (PID=29672) to work on /home/airflow/.local/lib/python3.6/site-packages/airflow/example_dags/example_dag_decorator.py
[2025-05-31 12:06:42,153] {processor.py:642} INFO - Processing file /home/airflow/.local/lib/python3.6/site-packages/airflow/example_dags/example_dag_decorator.py for tasks to queue
[2025-05-31 12:06:42,154] {logging_mixin.py:109} INFO - [2025-05-31 12:06:42,154] {dagbag.py:500} INFO - Filling up the DagBag from /home/airflow/.local/lib/python3.6/site-packages/airflow/example_dags/example_dag_decorator.py
[2025-05-31 12:06:42,190] {processor.py:654} INFO - DAG(s) dict_keys(['example_dag_decorator']) retrieved from /home/airflow/.local/lib/python3.6/site-packages/airflow/example_dags/example_dag_decorator.py
[2025-05-31 12:06:42,414] {logging_mixin.py:109} INFO - [2025-05-31 12:06:42,414] {dag.py:2396} INFO - Sync 1 DAGs
[2025-05-31 12:06:42,435] {logging_mixin.py:109} INFO - [2025-05-31 12:06:42,435] {dag.py:2935} INFO - Setting next_dagrun for example_dag_decorator to None
[2025-05-31 12:06:42,456] {processor.py:171} INFO - Processing /home/airflow/.local/lib/python3.6/site-packages/airflow/example_dags/example_dag_decorator.py took 0.306 seconds
[2025-05-31 12:07:12,637] {processor.py:163} INFO - Started process (PID=29857) to work on /home/airflow/.local/lib/python3.6/site-packages/airflow/example_dags/example_dag_decorator.py
[2025-05-31 12:07:12,638] {processor.py:642} INFO - Processing file /home/airflow/.local/lib/python3.6/site-packages/airflow/example_dags/example_dag_decorator.py for tasks to queue
[2025-05-31 12:07:12,639] {logging_mixin.py:109} INFO - [2025-05-31 12:07:12,639] {dagbag.py:500} INFO - Filling up the DagBag from /home/airflow/.local/lib/python3.6/site-packages/airflow/example_dags/example_dag_decorator.py
[2025-05-31 12:07:12,675] {processor.py:654} INFO - DAG(s) dict_keys(['example_dag_decorator']) retrieved from /home/airflow/.local/lib/python3.6/site-packages/airflow/example_dags/example_dag_decorator.py
[2025-05-31 12:07:12,928] {logging_mixin.py:109} INFO - [2025-05-31 12:07:12,928] {dag.py:2396} INFO - Sync 1 DAGs
[2025-05-31 12:07:12,949] {logging_mixin.py:109} INFO - [2025-05-31 12:07:12,949] {dag.py:2935} INFO - Setting next_dagrun for example_dag_decorator to None
[2025-05-31 12:07:12,963] {processor.py:171} INFO - Processing /home/airflow/.local/lib/python3.6/site-packages/airflow/example_dags/example_dag_decorator.py took 0.329 seconds
[2025-05-31 12:07:43,825] {processor.py:163} INFO - Started process (PID=30052) to work on /home/airflow/.local/lib/python3.6/site-packages/airflow/example_dags/example_dag_decorator.py
[2025-05-31 12:07:43,826] {processor.py:642} INFO - Processing file /home/airflow/.local/lib/python3.6/site-packages/airflow/example_dags/example_dag_decorator.py for tasks to queue
[2025-05-31 12:07:43,827] {logging_mixin.py:109} INFO - [2025-05-31 12:07:43,827] {dagbag.py:500} INFO - Filling up the DagBag from /home/airflow/.local/lib/python3.6/site-packages/airflow/example_dags/example_dag_decorator.py
[2025-05-31 12:07:43,862] {processor.py:654} INFO - DAG(s) dict_keys(['example_dag_decorator']) retrieved from /home/airflow/.local/lib/python3.6/site-packages/airflow/example_dags/example_dag_decorator.py
[2025-05-31 12:07:44,137] {logging_mixin.py:109} INFO - [2025-05-31 12:07:44,137] {dag.py:2396} INFO - Sync 1 DAGs
[2025-05-31 12:07:44,164] {logging_mixin.py:109} INFO - [2025-05-31 12:07:44,164] {dag.py:2935} INFO - Setting next_dagrun for example_dag_decorator to None
[2025-05-31 12:07:44,179] {processor.py:171} INFO - Processing /home/airflow/.local/lib/python3.6/site-packages/airflow/example_dags/example_dag_decorator.py took 0.358 seconds
[2025-05-31 12:08:14,393] {processor.py:163} INFO - Started process (PID=30236) to work on /home/airflow/.local/lib/python3.6/site-packages/airflow/example_dags/example_dag_decorator.py
[2025-05-31 12:08:14,395] {processor.py:642} INFO - Processing file /home/airflow/.local/lib/python3.6/site-packages/airflow/example_dags/example_dag_decorator.py for tasks to queue
[2025-05-31 12:08:14,396] {logging_mixin.py:109} INFO - [2025-05-31 12:08:14,396] {dagbag.py:500} INFO - Filling up the DagBag from /home/airflow/.local/lib/python3.6/site-packages/airflow/example_dags/example_dag_decorator.py
[2025-05-31 12:08:14,440] {processor.py:654} INFO - DAG(s) dict_keys(['example_dag_decorator']) retrieved from /home/airflow/.local/lib/python3.6/site-packages/airflow/example_dags/example_dag_decorator.py
[2025-05-31 12:08:14,718] {logging_mixin.py:109} INFO - [2025-05-31 12:08:14,718] {dag.py:2396} INFO - Sync 1 DAGs
[2025-05-31 12:08:14,742] {logging_mixin.py:109} INFO - [2025-05-31 12:08:14,742] {dag.py:2935} INFO - Setting next_dagrun for example_dag_decorator to None
[2025-05-31 12:08:14,774] {processor.py:171} INFO - Processing /home/airflow/.local/lib/python3.6/site-packages/airflow/example_dags/example_dag_decorator.py took 0.384 seconds
[2025-05-31 12:08:44,840] {processor.py:163} INFO - Started process (PID=30422) to work on /home/airflow/.local/lib/python3.6/site-packages/airflow/example_dags/example_dag_decorator.py
[2025-05-31 12:08:44,842] {processor.py:642} INFO - Processing file /home/airflow/.local/lib/python3.6/site-packages/airflow/example_dags/example_dag_decorator.py for tasks to queue
[2025-05-31 12:08:44,843] {logging_mixin.py:109} INFO - [2025-05-31 12:08:44,843] {dagbag.py:500} INFO - Filling up the DagBag from /home/airflow/.local/lib/python3.6/site-packages/airflow/example_dags/example_dag_decorator.py
[2025-05-31 12:08:44,878] {processor.py:654} INFO - DAG(s) dict_keys(['example_dag_decorator']) retrieved from /home/airflow/.local/lib/python3.6/site-packages/airflow/example_dags/example_dag_decorator.py
[2025-05-31 12:08:44,888] {logging_mixin.py:109} INFO - [2025-05-31 12:08:44,888] {dag.py:2396} INFO - Sync 1 DAGs
[2025-05-31 12:08:44,910] {logging_mixin.py:109} INFO - [2025-05-31 12:08:44,910] {dag.py:2935} INFO - Setting next_dagrun for example_dag_decorator to None
[2025-05-31 12:08:44,928] {processor.py:171} INFO - Processing /home/airflow/.local/lib/python3.6/site-packages/airflow/example_dags/example_dag_decorator.py took 0.090 seconds
[2025-05-31 12:09:15,680] {processor.py:163} INFO - Started process (PID=30617) to work on /home/airflow/.local/lib/python3.6/site-packages/airflow/example_dags/example_dag_decorator.py
[2025-05-31 12:09:15,682] {processor.py:642} INFO - Processing file /home/airflow/.local/lib/python3.6/site-packages/airflow/example_dags/example_dag_decorator.py for tasks to queue
[2025-05-31 12:09:15,683] {logging_mixin.py:109} INFO - [2025-05-31 12:09:15,683] {dagbag.py:500} INFO - Filling up the DagBag from /home/airflow/.local/lib/python3.6/site-packages/airflow/example_dags/example_dag_decorator.py
[2025-05-31 12:09:15,725] {processor.py:654} INFO - DAG(s) dict_keys(['example_dag_decorator']) retrieved from /home/airflow/.local/lib/python3.6/site-packages/airflow/example_dags/example_dag_decorator.py
[2025-05-31 12:09:16,000] {logging_mixin.py:109} INFO - [2025-05-31 12:09:16,000] {dag.py:2396} INFO - Sync 1 DAGs
[2025-05-31 12:09:16,019] {logging_mixin.py:109} INFO - [2025-05-31 12:09:16,019] {dag.py:2935} INFO - Setting next_dagrun for example_dag_decorator to None
[2025-05-31 12:09:16,040] {processor.py:171} INFO - Processing /home/airflow/.local/lib/python3.6/site-packages/airflow/example_dags/example_dag_decorator.py took 0.363 seconds
[2025-05-31 12:09:46,385] {processor.py:163} INFO - Started process (PID=30801) to work on /home/airflow/.local/lib/python3.6/site-packages/airflow/example_dags/example_dag_decorator.py
[2025-05-31 12:09:46,387] {processor.py:642} INFO - Processing file /home/airflow/.local/lib/python3.6/site-packages/airflow/example_dags/example_dag_decorator.py for tasks to queue
[2025-05-31 12:09:46,388] {logging_mixin.py:109} INFO - [2025-05-31 12:09:46,387] {dagbag.py:500} INFO - Filling up the DagBag from /home/airflow/.local/lib/python3.6/site-packages/airflow/example_dags/example_dag_decorator.py
[2025-05-31 12:09:46,430] {processor.py:654} INFO - DAG(s) dict_keys(['example_dag_decorator']) retrieved from /home/airflow/.local/lib/python3.6/site-packages/airflow/example_dags/example_dag_decorator.py
[2025-05-31 12:09:46,726] {logging_mixin.py:109} INFO - [2025-05-31 12:09:46,726] {dag.py:2396} INFO - Sync 1 DAGs
[2025-05-31 12:09:46,751] {logging_mixin.py:109} INFO - [2025-05-31 12:09:46,751] {dag.py:2935} INFO - Setting next_dagrun for example_dag_decorator to None
[2025-05-31 12:09:46,767] {processor.py:171} INFO - Processing /home/airflow/.local/lib/python3.6/site-packages/airflow/example_dags/example_dag_decorator.py took 0.386 seconds
[2025-05-31 12:10:17,393] {processor.py:163} INFO - Started process (PID=30996) to work on /home/airflow/.local/lib/python3.6/site-packages/airflow/example_dags/example_dag_decorator.py
[2025-05-31 12:10:17,394] {processor.py:642} INFO - Processing file /home/airflow/.local/lib/python3.6/site-packages/airflow/example_dags/example_dag_decorator.py for tasks to queue
[2025-05-31 12:10:17,395] {logging_mixin.py:109} INFO - [2025-05-31 12:10:17,395] {dagbag.py:500} INFO - Filling up the DagBag from /home/airflow/.local/lib/python3.6/site-packages/airflow/example_dags/example_dag_decorator.py
[2025-05-31 12:10:17,448] {processor.py:654} INFO - DAG(s) dict_keys(['example_dag_decorator']) retrieved from /home/airflow/.local/lib/python3.6/site-packages/airflow/example_dags/example_dag_decorator.py
[2025-05-31 12:10:17,772] {logging_mixin.py:109} INFO - [2025-05-31 12:10:17,772] {dag.py:2396} INFO - Sync 1 DAGs
[2025-05-31 12:10:17,800] {logging_mixin.py:109} INFO - [2025-05-31 12:10:17,800] {dag.py:2935} INFO - Setting next_dagrun for example_dag_decorator to None
[2025-05-31 12:10:17,816] {processor.py:171} INFO - Processing /home/airflow/.local/lib/python3.6/site-packages/airflow/example_dags/example_dag_decorator.py took 0.427 seconds
[2025-05-31 12:10:48,312] {processor.py:163} INFO - Started process (PID=31181) to work on /home/airflow/.local/lib/python3.6/site-packages/airflow/example_dags/example_dag_decorator.py
[2025-05-31 12:10:48,313] {processor.py:642} INFO - Processing file /home/airflow/.local/lib/python3.6/site-packages/airflow/example_dags/example_dag_decorator.py for tasks to queue
[2025-05-31 12:10:48,314] {logging_mixin.py:109} INFO - [2025-05-31 12:10:48,314] {dagbag.py:500} INFO - Filling up the DagBag from /home/airflow/.local/lib/python3.6/site-packages/airflow/example_dags/example_dag_decorator.py
[2025-05-31 12:10:48,352] {processor.py:654} INFO - DAG(s) dict_keys(['example_dag_decorator']) retrieved from /home/airflow/.local/lib/python3.6/site-packages/airflow/example_dags/example_dag_decorator.py
[2025-05-31 12:10:48,599] {logging_mixin.py:109} INFO - [2025-05-31 12:10:48,599] {dag.py:2396} INFO - Sync 1 DAGs
[2025-05-31 12:10:48,617] {logging_mixin.py:109} INFO - [2025-05-31 12:10:48,617] {dag.py:2935} INFO - Setting next_dagrun for example_dag_decorator to None
[2025-05-31 12:10:48,629] {processor.py:171} INFO - Processing /home/airflow/.local/lib/python3.6/site-packages/airflow/example_dags/example_dag_decorator.py took 0.320 seconds
[2025-05-31 17:31:06,393] {processor.py:163} INFO - Started process (PID=219) to work on /home/airflow/.local/lib/python3.6/site-packages/airflow/example_dags/example_dag_decorator.py
[2025-05-31 17:31:06,397] {processor.py:642} INFO - Processing file /home/airflow/.local/lib/python3.6/site-packages/airflow/example_dags/example_dag_decorator.py for tasks to queue
[2025-05-31 17:31:06,400] {logging_mixin.py:109} INFO - [2025-05-31 17:31:06,400] {dagbag.py:500} INFO - Filling up the DagBag from /home/airflow/.local/lib/python3.6/site-packages/airflow/example_dags/example_dag_decorator.py
[2025-05-31 17:31:06,496] {processor.py:654} INFO - DAG(s) dict_keys(['example_dag_decorator']) retrieved from /home/airflow/.local/lib/python3.6/site-packages/airflow/example_dags/example_dag_decorator.py
[2025-05-31 17:31:07,159] {logging_mixin.py:109} INFO - [2025-05-31 17:31:07,159] {dag.py:2396} INFO - Sync 1 DAGs
[2025-05-31 17:31:07,194] {logging_mixin.py:109} INFO - [2025-05-31 17:31:07,194] {dag.py:2935} INFO - Setting next_dagrun for example_dag_decorator to None
[2025-05-31 17:31:07,222] {processor.py:171} INFO - Processing /home/airflow/.local/lib/python3.6/site-packages/airflow/example_dags/example_dag_decorator.py took 0.837 seconds
[2025-05-31 17:31:38,636] {processor.py:163} INFO - Started process (PID=404) to work on /home/airflow/.local/lib/python3.6/site-packages/airflow/example_dags/example_dag_decorator.py
[2025-05-31 17:31:38,639] {processor.py:642} INFO - Processing file /home/airflow/.local/lib/python3.6/site-packages/airflow/example_dags/example_dag_decorator.py for tasks to queue
[2025-05-31 17:31:38,641] {logging_mixin.py:109} INFO - [2025-05-31 17:31:38,641] {dagbag.py:500} INFO - Filling up the DagBag from /home/airflow/.local/lib/python3.6/site-packages/airflow/example_dags/example_dag_decorator.py
[2025-05-31 17:31:38,733] {processor.py:654} INFO - DAG(s) dict_keys(['example_dag_decorator']) retrieved from /home/airflow/.local/lib/python3.6/site-packages/airflow/example_dags/example_dag_decorator.py
[2025-05-31 17:31:40,042] {logging_mixin.py:109} INFO - [2025-05-31 17:31:40,042] {dag.py:2396} INFO - Sync 1 DAGs
[2025-05-31 17:31:40,102] {logging_mixin.py:109} INFO - [2025-05-31 17:31:40,102] {dag.py:2935} INFO - Setting next_dagrun for example_dag_decorator to None
[2025-05-31 17:31:40,144] {processor.py:171} INFO - Processing /home/airflow/.local/lib/python3.6/site-packages/airflow/example_dags/example_dag_decorator.py took 1.518 seconds
[2025-05-31 17:32:10,373] {processor.py:163} INFO - Started process (PID=594) to work on /home/airflow/.local/lib/python3.6/site-packages/airflow/example_dags/example_dag_decorator.py
[2025-05-31 17:32:10,375] {processor.py:642} INFO - Processing file /home/airflow/.local/lib/python3.6/site-packages/airflow/example_dags/example_dag_decorator.py for tasks to queue
[2025-05-31 17:32:10,377] {logging_mixin.py:109} INFO - [2025-05-31 17:32:10,377] {dagbag.py:500} INFO - Filling up the DagBag from /home/airflow/.local/lib/python3.6/site-packages/airflow/example_dags/example_dag_decorator.py
[2025-05-31 17:32:10,457] {processor.py:654} INFO - DAG(s) dict_keys(['example_dag_decorator']) retrieved from /home/airflow/.local/lib/python3.6/site-packages/airflow/example_dags/example_dag_decorator.py
[2025-05-31 17:32:11,444] {logging_mixin.py:109} INFO - [2025-05-31 17:32:11,443] {dag.py:2396} INFO - Sync 1 DAGs
[2025-05-31 17:32:11,590] {logging_mixin.py:109} INFO - [2025-05-31 17:32:11,590] {dag.py:2935} INFO - Setting next_dagrun for example_dag_decorator to None
[2025-05-31 17:32:11,682] {processor.py:171} INFO - Processing /home/airflow/.local/lib/python3.6/site-packages/airflow/example_dags/example_dag_decorator.py took 1.315 seconds
[2025-05-31 17:32:42,071] {processor.py:163} INFO - Started process (PID=794) to work on /home/airflow/.local/lib/python3.6/site-packages/airflow/example_dags/example_dag_decorator.py
[2025-05-31 17:32:42,078] {processor.py:642} INFO - Processing file /home/airflow/.local/lib/python3.6/site-packages/airflow/example_dags/example_dag_decorator.py for tasks to queue
[2025-05-31 17:32:42,084] {logging_mixin.py:109} INFO - [2025-05-31 17:32:42,083] {dagbag.py:500} INFO - Filling up the DagBag from /home/airflow/.local/lib/python3.6/site-packages/airflow/example_dags/example_dag_decorator.py
[2025-05-31 17:32:42,076] {processor.py:654} INFO - DAG(s) dict_keys(['example_dag_decorator']) retrieved from /home/airflow/.local/lib/python3.6/site-packages/airflow/example_dags/example_dag_decorator.py
[2025-05-31 17:32:42,642] {logging_mixin.py:109} INFO - [2025-05-31 17:32:42,641] {dag.py:2396} INFO - Sync 1 DAGs
[2025-05-31 17:32:42,675] {logging_mixin.py:109} INFO - [2025-05-31 17:32:42,674] {dag.py:2935} INFO - Setting next_dagrun for example_dag_decorator to None
[2025-05-31 17:32:42,694] {processor.py:171} INFO - Processing /home/airflow/.local/lib/python3.6/site-packages/airflow/example_dags/example_dag_decorator.py took 0.800 seconds
[2025-05-31 17:33:13,171] {processor.py:163} INFO - Started process (PID=985) to work on /home/airflow/.local/lib/python3.6/site-packages/airflow/example_dags/example_dag_decorator.py
[2025-05-31 17:33:13,173] {processor.py:642} INFO - Processing file /home/airflow/.local/lib/python3.6/site-packages/airflow/example_dags/example_dag_decorator.py for tasks to queue
[2025-05-31 17:33:13,175] {logging_mixin.py:109} INFO - [2025-05-31 17:33:13,175] {dagbag.py:500} INFO - Filling up the DagBag from /home/airflow/.local/lib/python3.6/site-packages/airflow/example_dags/example_dag_decorator.py
[2025-05-31 17:33:13,243] {processor.py:654} INFO - DAG(s) dict_keys(['example_dag_decorator']) retrieved from /home/airflow/.local/lib/python3.6/site-packages/airflow/example_dags/example_dag_decorator.py
[2025-05-31 17:33:14,184] {logging_mixin.py:109} INFO - [2025-05-31 17:33:14,184] {dag.py:2396} INFO - Sync 1 DAGs
[2025-05-31 17:33:14,254] {logging_mixin.py:109} INFO - [2025-05-31 17:33:14,254] {dag.py:2935} INFO - Setting next_dagrun for example_dag_decorator to None
[2025-05-31 17:33:14,286] {processor.py:171} INFO - Processing /home/airflow/.local/lib/python3.6/site-packages/airflow/example_dags/example_dag_decorator.py took 1.120 seconds
[2025-05-31 17:33:44,468] {processor.py:163} INFO - Started process (PID=1194) to work on /home/airflow/.local/lib/python3.6/site-packages/airflow/example_dags/example_dag_decorator.py
[2025-05-31 17:33:44,473] {processor.py:642} INFO - Processing file /home/airflow/.local/lib/python3.6/site-packages/airflow/example_dags/example_dag_decorator.py for tasks to queue
[2025-05-31 17:33:44,477] {logging_mixin.py:109} INFO - [2025-05-31 17:33:44,476] {dagbag.py:500} INFO - Filling up the DagBag from /home/airflow/.local/lib/python3.6/site-packages/airflow/example_dags/example_dag_decorator.py
[2025-05-31 17:33:44,562] {processor.py:654} INFO - DAG(s) dict_keys(['example_dag_decorator']) retrieved from /home/airflow/.local/lib/python3.6/site-packages/airflow/example_dags/example_dag_decorator.py
[2025-05-31 17:33:45,317] {logging_mixin.py:109} INFO - [2025-05-31 17:33:45,316] {dag.py:2396} INFO - Sync 1 DAGs
[2025-05-31 17:33:45,349] {logging_mixin.py:109} INFO - [2025-05-31 17:33:45,348] {dag.py:2935} INFO - Setting next_dagrun for example_dag_decorator to None
[2025-05-31 17:33:45,370] {processor.py:171} INFO - Processing /home/airflow/.local/lib/python3.6/site-packages/airflow/example_dags/example_dag_decorator.py took 0.913 seconds
[2025-05-31 17:34:15,675] {processor.py:163} INFO - Started process (PID=1397) to work on /home/airflow/.local/lib/python3.6/site-packages/airflow/example_dags/example_dag_decorator.py
[2025-05-31 17:34:15,678] {processor.py:642} INFO - Processing file /home/airflow/.local/lib/python3.6/site-packages/airflow/example_dags/example_dag_decorator.py for tasks to queue
[2025-05-31 17:34:15,680] {logging_mixin.py:109} INFO - [2025-05-31 17:34:15,680] {dagbag.py:500} INFO - Filling up the DagBag from /home/airflow/.local/lib/python3.6/site-packages/airflow/example_dags/example_dag_decorator.py
[2025-05-31 17:34:15,843] {processor.py:654} INFO - DAG(s) dict_keys(['example_dag_decorator']) retrieved from /home/airflow/.local/lib/python3.6/site-packages/airflow/example_dags/example_dag_decorator.py
[2025-05-31 17:34:16,866] {logging_mixin.py:109} INFO - [2025-05-31 17:34:16,866] {dag.py:2396} INFO - Sync 1 DAGs
[2025-05-31 17:34:16,891] {logging_mixin.py:109} INFO - [2025-05-31 17:34:16,891] {dag.py:2935} INFO - Setting next_dagrun for example_dag_decorator to None
[2025-05-31 17:34:16,912] {processor.py:171} INFO - Processing /home/airflow/.local/lib/python3.6/site-packages/airflow/example_dags/example_dag_decorator.py took 1.244 seconds
[2025-05-31 17:34:47,854] {processor.py:163} INFO - Started process (PID=1591) to work on /home/airflow/.local/lib/python3.6/site-packages/airflow/example_dags/example_dag_decorator.py
[2025-05-31 17:34:47,857] {processor.py:642} INFO - Processing file /home/airflow/.local/lib/python3.6/site-packages/airflow/example_dags/example_dag_decorator.py for tasks to queue
[2025-05-31 17:34:47,859] {logging_mixin.py:109} INFO - [2025-05-31 17:34:47,859] {dagbag.py:500} INFO - Filling up the DagBag from /home/airflow/.local/lib/python3.6/site-packages/airflow/example_dags/example_dag_decorator.py
[2025-05-31 17:34:47,955] {processor.py:654} INFO - DAG(s) dict_keys(['example_dag_decorator']) retrieved from /home/airflow/.local/lib/python3.6/site-packages/airflow/example_dags/example_dag_decorator.py
[2025-05-31 17:34:47,983] {logging_mixin.py:109} INFO - [2025-05-31 17:34:47,982] {dag.py:2396} INFO - Sync 1 DAGs
[2025-05-31 17:34:48,025] {logging_mixin.py:109} INFO - [2025-05-31 17:34:48,025] {dag.py:2935} INFO - Setting next_dagrun for example_dag_decorator to None
[2025-05-31 17:34:48,061] {processor.py:171} INFO - Processing /home/airflow/.local/lib/python3.6/site-packages/airflow/example_dags/example_dag_decorator.py took 0.214 seconds
[2025-05-31 17:35:18,202] {processor.py:163} INFO - Started process (PID=1758) to work on /home/airflow/.local/lib/python3.6/site-packages/airflow/example_dags/example_dag_decorator.py
[2025-05-31 17:35:18,205] {processor.py:642} INFO - Processing file /home/airflow/.local/lib/python3.6/site-packages/airflow/example_dags/example_dag_decorator.py for tasks to queue
[2025-05-31 17:35:18,207] {logging_mixin.py:109} INFO - [2025-05-31 17:35:18,207] {dagbag.py:500} INFO - Filling up the DagBag from /home/airflow/.local/lib/python3.6/site-packages/airflow/example_dags/example_dag_decorator.py
[2025-05-31 17:35:18,280] {processor.py:654} INFO - DAG(s) dict_keys(['example_dag_decorator']) retrieved from /home/airflow/.local/lib/python3.6/site-packages/airflow/example_dags/example_dag_decorator.py
[2025-05-31 17:35:18,865] {logging_mixin.py:109} INFO - [2025-05-31 17:35:18,864] {dag.py:2396} INFO - Sync 1 DAGs
[2025-05-31 17:35:18,895] {logging_mixin.py:109} INFO - [2025-05-31 17:35:18,895] {dag.py:2935} INFO - Setting next_dagrun for example_dag_decorator to None
[2025-05-31 17:35:18,916] {processor.py:171} INFO - Processing /home/airflow/.local/lib/python3.6/site-packages/airflow/example_dags/example_dag_decorator.py took 0.720 seconds
[2025-05-31 17:35:49,074] {processor.py:163} INFO - Started process (PID=1938) to work on /home/airflow/.local/lib/python3.6/site-packages/airflow/example_dags/example_dag_decorator.py
[2025-05-31 17:35:49,077] {processor.py:642} INFO - Processing file /home/airflow/.local/lib/python3.6/site-packages/airflow/example_dags/example_dag_decorator.py for tasks to queue
[2025-05-31 17:35:49,078] {logging_mixin.py:109} INFO - [2025-05-31 17:35:49,078] {dagbag.py:500} INFO - Filling up the DagBag from /home/airflow/.local/lib/python3.6/site-packages/airflow/example_dags/example_dag_decorator.py
[2025-05-31 17:35:49,152] {processor.py:654} INFO - DAG(s) dict_keys(['example_dag_decorator']) retrieved from /home/airflow/.local/lib/python3.6/site-packages/airflow/example_dags/example_dag_decorator.py
[2025-05-31 17:35:50,138] {logging_mixin.py:109} INFO - [2025-05-31 17:35:50,138] {dag.py:2396} INFO - Sync 1 DAGs
[2025-05-31 17:35:50,172] {logging_mixin.py:109} INFO - [2025-05-31 17:35:50,172] {dag.py:2935} INFO - Setting next_dagrun for example_dag_decorator to None
[2025-05-31 17:35:50,203] {processor.py:171} INFO - Processing /home/airflow/.local/lib/python3.6/site-packages/airflow/example_dags/example_dag_decorator.py took 1.134 seconds
[2025-05-31 17:36:20,303] {processor.py:163} INFO - Started process (PID=2175) to work on /home/airflow/.local/lib/python3.6/site-packages/airflow/example_dags/example_dag_decorator.py
[2025-05-31 17:36:20,306] {processor.py:642} INFO - Processing file /home/airflow/.local/lib/python3.6/site-packages/airflow/example_dags/example_dag_decorator.py for tasks to queue
[2025-05-31 17:36:20,308] {logging_mixin.py:109} INFO - [2025-05-31 17:36:20,307] {dagbag.py:500} INFO - Filling up the DagBag from /home/airflow/.local/lib/python3.6/site-packages/airflow/example_dags/example_dag_decorator.py
[2025-05-31 17:36:20,383] {processor.py:654} INFO - DAG(s) dict_keys(['example_dag_decorator']) retrieved from /home/airflow/.local/lib/python3.6/site-packages/airflow/example_dags/example_dag_decorator.py
[2025-05-31 17:36:20,860] {logging_mixin.py:109} INFO - [2025-05-31 17:36:20,860] {dag.py:2396} INFO - Sync 1 DAGs
[2025-05-31 17:36:20,883] {logging_mixin.py:109} INFO - [2025-05-31 17:36:20,883] {dag.py:2935} INFO - Setting next_dagrun for example_dag_decorator to None
[2025-05-31 17:36:20,900] {processor.py:171} INFO - Processing /home/airflow/.local/lib/python3.6/site-packages/airflow/example_dags/example_dag_decorator.py took 0.603 seconds
[2025-05-31 17:36:51,052] {processor.py:163} INFO - Started process (PID=2372) to work on /home/airflow/.local/lib/python3.6/site-packages/airflow/example_dags/example_dag_decorator.py
[2025-05-31 17:36:51,054] {processor.py:642} INFO - Processing file /home/airflow/.local/lib/python3.6/site-packages/airflow/example_dags/example_dag_decorator.py for tasks to queue
[2025-05-31 17:36:51,056] {logging_mixin.py:109} INFO - [2025-05-31 17:36:51,056] {dagbag.py:500} INFO - Filling up the DagBag from /home/airflow/.local/lib/python3.6/site-packages/airflow/example_dags/example_dag_decorator.py
[2025-05-31 17:36:51,118] {processor.py:654} INFO - DAG(s) dict_keys(['example_dag_decorator']) retrieved from /home/airflow/.local/lib/python3.6/site-packages/airflow/example_dags/example_dag_decorator.py
[2025-05-31 17:36:51,706] {logging_mixin.py:109} INFO - [2025-05-31 17:36:51,705] {dag.py:2396} INFO - Sync 1 DAGs
[2025-05-31 17:36:51,740] {logging_mixin.py:109} INFO - [2025-05-31 17:36:51,740] {dag.py:2935} INFO - Setting next_dagrun for example_dag_decorator to None
[2025-05-31 17:36:51,765] {processor.py:171} INFO - Processing /home/airflow/.local/lib/python3.6/site-packages/airflow/example_dags/example_dag_decorator.py took 0.718 seconds
[2025-05-31 17:37:22,150] {processor.py:163} INFO - Started process (PID=2538) to work on /home/airflow/.local/lib/python3.6/site-packages/airflow/example_dags/example_dag_decorator.py
[2025-05-31 17:37:22,153] {processor.py:642} INFO - Processing file /home/airflow/.local/lib/python3.6/site-packages/airflow/example_dags/example_dag_decorator.py for tasks to queue
[2025-05-31 17:37:22,154] {logging_mixin.py:109} INFO - [2025-05-31 17:37:22,154] {dagbag.py:500} INFO - Filling up the DagBag from /home/airflow/.local/lib/python3.6/site-packages/airflow/example_dags/example_dag_decorator.py
[2025-05-31 17:37:22,239] {processor.py:654} INFO - DAG(s) dict_keys(['example_dag_decorator']) retrieved from /home/airflow/.local/lib/python3.6/site-packages/airflow/example_dags/example_dag_decorator.py
[2025-05-31 17:37:22,953] {logging_mixin.py:109} INFO - [2025-05-31 17:37:22,953] {dag.py:2396} INFO - Sync 1 DAGs
[2025-05-31 17:37:22,998] {logging_mixin.py:109} INFO - [2025-05-31 17:37:22,998] {dag.py:2935} INFO - Setting next_dagrun for example_dag_decorator to None
[2025-05-31 17:37:23,037] {processor.py:171} INFO - Processing /home/airflow/.local/lib/python3.6/site-packages/airflow/example_dags/example_dag_decorator.py took 0.893 seconds
[2025-05-31 17:37:53,200] {processor.py:163} INFO - Started process (PID=2726) to work on /home/airflow/.local/lib/python3.6/site-packages/airflow/example_dags/example_dag_decorator.py
[2025-05-31 17:37:53,205] {processor.py:642} INFO - Processing file /home/airflow/.local/lib/python3.6/site-packages/airflow/example_dags/example_dag_decorator.py for tasks to queue
[2025-05-31 17:37:53,209] {logging_mixin.py:109} INFO - [2025-05-31 17:37:53,208] {dagbag.py:500} INFO - Filling up the DagBag from /home/airflow/.local/lib/python3.6/site-packages/airflow/example_dags/example_dag_decorator.py
[2025-05-31 17:37:53,365] {processor.py:654} INFO - DAG(s) dict_keys(['example_dag_decorator']) retrieved from /home/airflow/.local/lib/python3.6/site-packages/airflow/example_dags/example_dag_decorator.py
[2025-05-31 17:37:54,267] {logging_mixin.py:109} INFO - [2025-05-31 17:37:54,267] {dag.py:2396} INFO - Sync 1 DAGs
[2025-05-31 17:37:54,315] {logging_mixin.py:109} INFO - [2025-05-31 17:37:54,314] {dag.py:2935} INFO - Setting next_dagrun for example_dag_decorator to None
[2025-05-31 17:37:54,345] {processor.py:171} INFO - Processing /home/airflow/.local/lib/python3.6/site-packages/airflow/example_dags/example_dag_decorator.py took 1.157 seconds
[2025-05-31 17:38:24,416] {processor.py:163} INFO - Started process (PID=2929) to work on /home/airflow/.local/lib/python3.6/site-packages/airflow/example_dags/example_dag_decorator.py
[2025-05-31 17:38:24,419] {processor.py:642} INFO - Processing file /home/airflow/.local/lib/python3.6/site-packages/airflow/example_dags/example_dag_decorator.py for tasks to queue
[2025-05-31 17:38:24,422] {logging_mixin.py:109} INFO - [2025-05-31 17:38:24,421] {dagbag.py:500} INFO - Filling up the DagBag from /home/airflow/.local/lib/python3.6/site-packages/airflow/example_dags/example_dag_decorator.py
[2025-05-31 17:38:24,500] {processor.py:654} INFO - DAG(s) dict_keys(['example_dag_decorator']) retrieved from /home/airflow/.local/lib/python3.6/site-packages/airflow/example_dags/example_dag_decorator.py
[2025-05-31 17:38:25,082] {logging_mixin.py:109} INFO - [2025-05-31 17:38:25,082] {dag.py:2396} INFO - Sync 1 DAGs
[2025-05-31 17:38:25,111] {logging_mixin.py:109} INFO - [2025-05-31 17:38:25,111] {dag.py:2935} INFO - Setting next_dagrun for example_dag_decorator to None
[2025-05-31 17:38:25,131] {processor.py:171} INFO - Processing /home/airflow/.local/lib/python3.6/site-packages/airflow/example_dags/example_dag_decorator.py took 0.725 seconds
[2025-05-31 17:38:55,526] {processor.py:163} INFO - Started process (PID=3127) to work on /home/airflow/.local/lib/python3.6/site-packages/airflow/example_dags/example_dag_decorator.py
[2025-05-31 17:38:55,529] {processor.py:642} INFO - Processing file /home/airflow/.local/lib/python3.6/site-packages/airflow/example_dags/example_dag_decorator.py for tasks to queue
[2025-05-31 17:38:55,531] {logging_mixin.py:109} INFO - [2025-05-31 17:38:55,530] {dagbag.py:500} INFO - Filling up the DagBag from /home/airflow/.local/lib/python3.6/site-packages/airflow/example_dags/example_dag_decorator.py
[2025-05-31 17:38:55,607] {processor.py:654} INFO - DAG(s) dict_keys(['example_dag_decorator']) retrieved from /home/airflow/.local/lib/python3.6/site-packages/airflow/example_dags/example_dag_decorator.py
[2025-05-31 17:38:56,259] {logging_mixin.py:109} INFO - [2025-05-31 17:38:56,259] {dag.py:2396} INFO - Sync 1 DAGs
[2025-05-31 17:38:56,306] {logging_mixin.py:109} INFO - [2025-05-31 17:38:56,306] {dag.py:2935} INFO - Setting next_dagrun for example_dag_decorator to None
[2025-05-31 17:38:56,333] {processor.py:171} INFO - Processing /home/airflow/.local/lib/python3.6/site-packages/airflow/example_dags/example_dag_decorator.py took 0.813 seconds
[2025-05-31 17:39:28,100] {processor.py:163} INFO - Started process (PID=3355) to work on /home/airflow/.local/lib/python3.6/site-packages/airflow/example_dags/example_dag_decorator.py
[2025-05-31 17:39:28,105] {processor.py:642} INFO - Processing file /home/airflow/.local/lib/python3.6/site-packages/airflow/example_dags/example_dag_decorator.py for tasks to queue
[2025-05-31 17:39:28,107] {logging_mixin.py:109} INFO - [2025-05-31 17:39:28,107] {dagbag.py:500} INFO - Filling up the DagBag from /home/airflow/.local/lib/python3.6/site-packages/airflow/example_dags/example_dag_decorator.py
[2025-05-31 17:39:28,246] {processor.py:654} INFO - DAG(s) dict_keys(['example_dag_decorator']) retrieved from /home/airflow/.local/lib/python3.6/site-packages/airflow/example_dags/example_dag_decorator.py
[2025-05-31 17:39:29,172] {logging_mixin.py:109} INFO - [2025-05-31 17:39:29,171] {dag.py:2396} INFO - Sync 1 DAGs
[2025-05-31 17:39:29,213] {logging_mixin.py:109} INFO - [2025-05-31 17:39:29,213] {dag.py:2935} INFO - Setting next_dagrun for example_dag_decorator to None
[2025-05-31 17:39:29,247] {processor.py:171} INFO - Processing /home/airflow/.local/lib/python3.6/site-packages/airflow/example_dags/example_dag_decorator.py took 1.155 seconds
[2025-05-31 17:39:59,754] {processor.py:163} INFO - Started process (PID=3548) to work on /home/airflow/.local/lib/python3.6/site-packages/airflow/example_dags/example_dag_decorator.py
[2025-05-31 17:39:59,758] {processor.py:642} INFO - Processing file /home/airflow/.local/lib/python3.6/site-packages/airflow/example_dags/example_dag_decorator.py for tasks to queue
[2025-05-31 17:39:59,760] {logging_mixin.py:109} INFO - [2025-05-31 17:39:59,760] {dagbag.py:500} INFO - Filling up the DagBag from /home/airflow/.local/lib/python3.6/site-packages/airflow/example_dags/example_dag_decorator.py
[2025-05-31 17:39:59,878] {processor.py:654} INFO - DAG(s) dict_keys(['example_dag_decorator']) retrieved from /home/airflow/.local/lib/python3.6/site-packages/airflow/example_dags/example_dag_decorator.py
[2025-05-31 17:40:00,502] {logging_mixin.py:109} INFO - [2025-05-31 17:40:00,502] {dag.py:2396} INFO - Sync 1 DAGs
[2025-05-31 17:40:00,537] {logging_mixin.py:109} INFO - [2025-05-31 17:40:00,537] {dag.py:2935} INFO - Setting next_dagrun for example_dag_decorator to None
[2025-05-31 17:40:00,563] {processor.py:171} INFO - Processing /home/airflow/.local/lib/python3.6/site-packages/airflow/example_dags/example_dag_decorator.py took 0.817 seconds
[2025-05-31 17:40:30,675] {processor.py:163} INFO - Started process (PID=3741) to work on /home/airflow/.local/lib/python3.6/site-packages/airflow/example_dags/example_dag_decorator.py
[2025-05-31 17:40:30,677] {processor.py:642} INFO - Processing file /home/airflow/.local/lib/python3.6/site-packages/airflow/example_dags/example_dag_decorator.py for tasks to queue
[2025-05-31 17:40:30,679] {logging_mixin.py:109} INFO - [2025-05-31 17:40:30,679] {dagbag.py:500} INFO - Filling up the DagBag from /home/airflow/.local/lib/python3.6/site-packages/airflow/example_dags/example_dag_decorator.py
[2025-05-31 17:40:30,746] {processor.py:654} INFO - DAG(s) dict_keys(['example_dag_decorator']) retrieved from /home/airflow/.local/lib/python3.6/site-packages/airflow/example_dags/example_dag_decorator.py
[2025-05-31 17:40:30,768] {logging_mixin.py:109} INFO - [2025-05-31 17:40:30,768] {dag.py:2396} INFO - Sync 1 DAGs
[2025-05-31 17:40:30,802] {logging_mixin.py:109} INFO - [2025-05-31 17:40:30,801] {dag.py:2935} INFO - Setting next_dagrun for example_dag_decorator to None
[2025-05-31 17:40:30,819] {processor.py:171} INFO - Processing /home/airflow/.local/lib/python3.6/site-packages/airflow/example_dags/example_dag_decorator.py took 0.149 seconds
[2025-05-31 17:41:01,642] {processor.py:163} INFO - Started process (PID=3921) to work on /home/airflow/.local/lib/python3.6/site-packages/airflow/example_dags/example_dag_decorator.py
[2025-05-31 17:41:01,646] {processor.py:642} INFO - Processing file /home/airflow/.local/lib/python3.6/site-packages/airflow/example_dags/example_dag_decorator.py for tasks to queue
[2025-05-31 17:41:01,648] {logging_mixin.py:109} INFO - [2025-05-31 17:41:01,648] {dagbag.py:500} INFO - Filling up the DagBag from /home/airflow/.local/lib/python3.6/site-packages/airflow/example_dags/example_dag_decorator.py
[2025-05-31 17:41:01,727] {processor.py:654} INFO - DAG(s) dict_keys(['example_dag_decorator']) retrieved from /home/airflow/.local/lib/python3.6/site-packages/airflow/example_dags/example_dag_decorator.py
[2025-05-31 17:41:02,502] {logging_mixin.py:109} INFO - [2025-05-31 17:41:02,502] {dag.py:2396} INFO - Sync 1 DAGs
[2025-05-31 17:41:02,540] {logging_mixin.py:109} INFO - [2025-05-31 17:41:02,540] {dag.py:2935} INFO - Setting next_dagrun for example_dag_decorator to None
[2025-05-31 17:41:02,568] {processor.py:171} INFO - Processing /home/airflow/.local/lib/python3.6/site-packages/airflow/example_dags/example_dag_decorator.py took 0.934 seconds
[2025-05-31 17:41:33,247] {processor.py:163} INFO - Started process (PID=4114) to work on /home/airflow/.local/lib/python3.6/site-packages/airflow/example_dags/example_dag_decorator.py
[2025-05-31 17:41:33,250] {processor.py:642} INFO - Processing file /home/airflow/.local/lib/python3.6/site-packages/airflow/example_dags/example_dag_decorator.py for tasks to queue
[2025-05-31 17:41:33,251] {logging_mixin.py:109} INFO - [2025-05-31 17:41:33,251] {dagbag.py:500} INFO - Filling up the DagBag from /home/airflow/.local/lib/python3.6/site-packages/airflow/example_dags/example_dag_decorator.py
[2025-05-31 17:41:33,367] {processor.py:654} INFO - DAG(s) dict_keys(['example_dag_decorator']) retrieved from /home/airflow/.local/lib/python3.6/site-packages/airflow/example_dags/example_dag_decorator.py
[2025-05-31 17:41:34,097] {logging_mixin.py:109} INFO - [2025-05-31 17:41:34,097] {dag.py:2396} INFO - Sync 1 DAGs
[2025-05-31 17:41:34,142] {logging_mixin.py:109} INFO - [2025-05-31 17:41:34,141] {dag.py:2935} INFO - Setting next_dagrun for example_dag_decorator to None
[2025-05-31 17:41:34,171] {processor.py:171} INFO - Processing /home/airflow/.local/lib/python3.6/site-packages/airflow/example_dags/example_dag_decorator.py took 0.931 seconds
[2025-05-31 17:42:06,008] {processor.py:163} INFO - Started process (PID=4307) to work on /home/airflow/.local/lib/python3.6/site-packages/airflow/example_dags/example_dag_decorator.py
[2025-05-31 17:42:06,010] {processor.py:642} INFO - Processing file /home/airflow/.local/lib/python3.6/site-packages/airflow/example_dags/example_dag_decorator.py for tasks to queue
[2025-05-31 17:42:06,013] {logging_mixin.py:109} INFO - [2025-05-31 17:42:06,012] {dagbag.py:500} INFO - Filling up the DagBag from /home/airflow/.local/lib/python3.6/site-packages/airflow/example_dags/example_dag_decorator.py
[2025-05-31 17:42:06,122] {processor.py:654} INFO - DAG(s) dict_keys(['example_dag_decorator']) retrieved from /home/airflow/.local/lib/python3.6/site-packages/airflow/example_dags/example_dag_decorator.py
[2025-05-31 17:42:06,988] {logging_mixin.py:109} INFO - [2025-05-31 17:42:06,988] {dag.py:2396} INFO - Sync 1 DAGs
[2025-05-31 17:42:07,034] {logging_mixin.py:109} INFO - [2025-05-31 17:42:07,033] {dag.py:2935} INFO - Setting next_dagrun for example_dag_decorator to None
[2025-05-31 17:42:07,064] {processor.py:171} INFO - Processing /home/airflow/.local/lib/python3.6/site-packages/airflow/example_dags/example_dag_decorator.py took 1.064 seconds
[2025-05-31 17:42:37,955] {processor.py:163} INFO - Started process (PID=4500) to work on /home/airflow/.local/lib/python3.6/site-packages/airflow/example_dags/example_dag_decorator.py
[2025-05-31 17:42:37,958] {processor.py:642} INFO - Processing file /home/airflow/.local/lib/python3.6/site-packages/airflow/example_dags/example_dag_decorator.py for tasks to queue
[2025-05-31 17:42:37,960] {logging_mixin.py:109} INFO - [2025-05-31 17:42:37,960] {dagbag.py:500} INFO - Filling up the DagBag from /home/airflow/.local/lib/python3.6/site-packages/airflow/example_dags/example_dag_decorator.py
[2025-05-31 17:42:38,036] {processor.py:654} INFO - DAG(s) dict_keys(['example_dag_decorator']) retrieved from /home/airflow/.local/lib/python3.6/site-packages/airflow/example_dags/example_dag_decorator.py
[2025-05-31 17:42:38,733] {logging_mixin.py:109} INFO - [2025-05-31 17:42:38,733] {dag.py:2396} INFO - Sync 1 DAGs
[2025-05-31 17:42:38,764] {logging_mixin.py:109} INFO - [2025-05-31 17:42:38,764] {dag.py:2935} INFO - Setting next_dagrun for example_dag_decorator to None
[2025-05-31 17:42:38,787] {processor.py:171} INFO - Processing /home/airflow/.local/lib/python3.6/site-packages/airflow/example_dags/example_dag_decorator.py took 0.840 seconds
[2025-05-31 17:43:09,820] {processor.py:163} INFO - Started process (PID=4693) to work on /home/airflow/.local/lib/python3.6/site-packages/airflow/example_dags/example_dag_decorator.py
[2025-05-31 17:43:09,824] {processor.py:642} INFO - Processing file /home/airflow/.local/lib/python3.6/site-packages/airflow/example_dags/example_dag_decorator.py for tasks to queue
[2025-05-31 17:43:09,825] {logging_mixin.py:109} INFO - [2025-05-31 17:43:09,825] {dagbag.py:500} INFO - Filling up the DagBag from /home/airflow/.local/lib/python3.6/site-packages/airflow/example_dags/example_dag_decorator.py
[2025-05-31 17:43:09,907] {processor.py:654} INFO - DAG(s) dict_keys(['example_dag_decorator']) retrieved from /home/airflow/.local/lib/python3.6/site-packages/airflow/example_dags/example_dag_decorator.py
[2025-05-31 17:43:10,536] {logging_mixin.py:109} INFO - [2025-05-31 17:43:10,535] {dag.py:2396} INFO - Sync 1 DAGs
[2025-05-31 17:43:10,564] {logging_mixin.py:109} INFO - [2025-05-31 17:43:10,564] {dag.py:2935} INFO - Setting next_dagrun for example_dag_decorator to None
[2025-05-31 17:43:10,585] {processor.py:171} INFO - Processing /home/airflow/.local/lib/python3.6/site-packages/airflow/example_dags/example_dag_decorator.py took 0.771 seconds
[2025-05-31 17:43:41,658] {processor.py:163} INFO - Started process (PID=4890) to work on /home/airflow/.local/lib/python3.6/site-packages/airflow/example_dags/example_dag_decorator.py
[2025-05-31 17:43:41,660] {processor.py:642} INFO - Processing file /home/airflow/.local/lib/python3.6/site-packages/airflow/example_dags/example_dag_decorator.py for tasks to queue
[2025-05-31 17:43:41,661] {logging_mixin.py:109} INFO - [2025-05-31 17:43:41,661] {dagbag.py:500} INFO - Filling up the DagBag from /home/airflow/.local/lib/python3.6/site-packages/airflow/example_dags/example_dag_decorator.py
[2025-05-31 17:43:41,763] {processor.py:654} INFO - DAG(s) dict_keys(['example_dag_decorator']) retrieved from /home/airflow/.local/lib/python3.6/site-packages/airflow/example_dags/example_dag_decorator.py
[2025-05-31 17:43:42,462] {logging_mixin.py:109} INFO - [2025-05-31 17:43:42,462] {dag.py:2396} INFO - Sync 1 DAGs
[2025-05-31 17:43:42,497] {logging_mixin.py:109} INFO - [2025-05-31 17:43:42,497] {dag.py:2935} INFO - Setting next_dagrun for example_dag_decorator to None
[2025-05-31 17:43:42,526] {processor.py:171} INFO - Processing /home/airflow/.local/lib/python3.6/site-packages/airflow/example_dags/example_dag_decorator.py took 0.873 seconds
[2025-05-31 17:44:13,085] {processor.py:163} INFO - Started process (PID=5076) to work on /home/airflow/.local/lib/python3.6/site-packages/airflow/example_dags/example_dag_decorator.py
[2025-05-31 17:44:13,089] {processor.py:642} INFO - Processing file /home/airflow/.local/lib/python3.6/site-packages/airflow/example_dags/example_dag_decorator.py for tasks to queue
[2025-05-31 17:44:13,091] {logging_mixin.py:109} INFO - [2025-05-31 17:44:13,091] {dagbag.py:500} INFO - Filling up the DagBag from /home/airflow/.local/lib/python3.6/site-packages/airflow/example_dags/example_dag_decorator.py
[2025-05-31 17:44:13,166] {processor.py:654} INFO - DAG(s) dict_keys(['example_dag_decorator']) retrieved from /home/airflow/.local/lib/python3.6/site-packages/airflow/example_dags/example_dag_decorator.py
[2025-05-31 17:44:14,000] {logging_mixin.py:109} INFO - [2025-05-31 17:44:14,000] {dag.py:2396} INFO - Sync 1 DAGs
[2025-05-31 17:44:14,058] {logging_mixin.py:109} INFO - [2025-05-31 17:44:14,057] {dag.py:2935} INFO - Setting next_dagrun for example_dag_decorator to None
[2025-05-31 17:44:14,097] {processor.py:171} INFO - Processing /home/airflow/.local/lib/python3.6/site-packages/airflow/example_dags/example_dag_decorator.py took 1.021 seconds
[2025-05-31 17:44:44,350] {processor.py:163} INFO - Started process (PID=5266) to work on /home/airflow/.local/lib/python3.6/site-packages/airflow/example_dags/example_dag_decorator.py
[2025-05-31 17:44:44,352] {processor.py:642} INFO - Processing file /home/airflow/.local/lib/python3.6/site-packages/airflow/example_dags/example_dag_decorator.py for tasks to queue
[2025-05-31 17:44:44,354] {logging_mixin.py:109} INFO - [2025-05-31 17:44:44,354] {dagbag.py:500} INFO - Filling up the DagBag from /home/airflow/.local/lib/python3.6/site-packages/airflow/example_dags/example_dag_decorator.py
[2025-05-31 17:44:44,420] {processor.py:654} INFO - DAG(s) dict_keys(['example_dag_decorator']) retrieved from /home/airflow/.local/lib/python3.6/site-packages/airflow/example_dags/example_dag_decorator.py
[2025-05-31 17:44:44,995] {logging_mixin.py:109} INFO - [2025-05-31 17:44:44,995] {dag.py:2396} INFO - Sync 1 DAGs
[2025-05-31 17:44:45,027] {logging_mixin.py:109} INFO - [2025-05-31 17:44:45,026] {dag.py:2935} INFO - Setting next_dagrun for example_dag_decorator to None
[2025-05-31 17:44:45,053] {processor.py:171} INFO - Processing /home/airflow/.local/lib/python3.6/site-packages/airflow/example_dags/example_dag_decorator.py took 0.707 seconds
