[2025-05-31 10:45:49,978] {processor.py:163} INFO - Started process (PID=284) to work on /home/airflow/.local/lib/python3.6/site-packages/airflow/example_dags/example_complex.py
[2025-05-31 10:45:49,981] {processor.py:642} INFO - Processing file /home/airflow/.local/lib/python3.6/site-packages/airflow/example_dags/example_complex.py for tasks to queue
[2025-05-31 10:45:49,982] {logging_mixin.py:109} INFO - [2025-05-31 10:45:49,982] {dagbag.py:500} INFO - Filling up the DagBag from /home/airflow/.local/lib/python3.6/site-packages/airflow/example_dags/example_complex.py
[2025-05-31 10:45:50,074] {processor.py:654} INFO - DAG(s) dict_keys(['example_complex']) retrieved from /home/airflow/.local/lib/python3.6/site-packages/airflow/example_dags/example_complex.py
[2025-05-31 10:45:50,108] {logging_mixin.py:109} INFO - [2025-05-31 10:45:50,107] {dag.py:2396} INFO - Sync 1 DAGs
[2025-05-31 10:45:50,149] {logging_mixin.py:109} INFO - [2025-05-31 10:45:50,149] {dag.py:2935} INFO - Setting next_dagrun for example_complex to None
[2025-05-31 10:45:50,186] {processor.py:171} INFO - Processing /home/airflow/.local/lib/python3.6/site-packages/airflow/example_dags/example_complex.py took 0.215 seconds
[2025-05-31 10:46:20,585] {processor.py:163} INFO - Started process (PID=464) to work on /home/airflow/.local/lib/python3.6/site-packages/airflow/example_dags/example_complex.py
[2025-05-31 10:46:20,587] {processor.py:642} INFO - Processing file /home/airflow/.local/lib/python3.6/site-packages/airflow/example_dags/example_complex.py for tasks to queue
[2025-05-31 10:46:20,588] {logging_mixin.py:109} INFO - [2025-05-31 10:46:20,588] {dagbag.py:500} INFO - Filling up the DagBag from /home/airflow/.local/lib/python3.6/site-packages/airflow/example_dags/example_complex.py
[2025-05-31 10:46:20,638] {processor.py:654} INFO - DAG(s) dict_keys(['example_complex']) retrieved from /home/airflow/.local/lib/python3.6/site-packages/airflow/example_dags/example_complex.py
[2025-05-31 10:46:20,662] {logging_mixin.py:109} INFO - [2025-05-31 10:46:20,662] {dag.py:2396} INFO - Sync 1 DAGs
[2025-05-31 10:46:20,686] {logging_mixin.py:109} INFO - [2025-05-31 10:46:20,686] {dag.py:2935} INFO - Setting next_dagrun for example_complex to None
[2025-05-31 10:46:20,700] {processor.py:171} INFO - Processing /home/airflow/.local/lib/python3.6/site-packages/airflow/example_dags/example_complex.py took 0.120 seconds
[2025-05-31 10:46:51,331] {processor.py:163} INFO - Started process (PID=654) to work on /home/airflow/.local/lib/python3.6/site-packages/airflow/example_dags/example_complex.py
[2025-05-31 10:46:51,333] {processor.py:642} INFO - Processing file /home/airflow/.local/lib/python3.6/site-packages/airflow/example_dags/example_complex.py for tasks to queue
[2025-05-31 10:46:51,334] {logging_mixin.py:109} INFO - [2025-05-31 10:46:51,334] {dagbag.py:500} INFO - Filling up the DagBag from /home/airflow/.local/lib/python3.6/site-packages/airflow/example_dags/example_complex.py
[2025-05-31 10:46:51,389] {processor.py:654} INFO - DAG(s) dict_keys(['example_complex']) retrieved from /home/airflow/.local/lib/python3.6/site-packages/airflow/example_dags/example_complex.py
[2025-05-31 10:46:51,415] {logging_mixin.py:109} INFO - [2025-05-31 10:46:51,415] {dag.py:2396} INFO - Sync 1 DAGs
[2025-05-31 10:46:51,441] {logging_mixin.py:109} INFO - [2025-05-31 10:46:51,440] {dag.py:2935} INFO - Setting next_dagrun for example_complex to None
[2025-05-31 10:46:51,454] {processor.py:171} INFO - Processing /home/airflow/.local/lib/python3.6/site-packages/airflow/example_dags/example_complex.py took 0.128 seconds
[2025-05-31 10:47:22,329] {processor.py:163} INFO - Started process (PID=834) to work on /home/airflow/.local/lib/python3.6/site-packages/airflow/example_dags/example_complex.py
[2025-05-31 10:47:22,331] {processor.py:642} INFO - Processing file /home/airflow/.local/lib/python3.6/site-packages/airflow/example_dags/example_complex.py for tasks to queue
[2025-05-31 10:47:22,332] {logging_mixin.py:109} INFO - [2025-05-31 10:47:22,332] {dagbag.py:500} INFO - Filling up the DagBag from /home/airflow/.local/lib/python3.6/site-packages/airflow/example_dags/example_complex.py
[2025-05-31 10:47:22,392] {processor.py:654} INFO - DAG(s) dict_keys(['example_complex']) retrieved from /home/airflow/.local/lib/python3.6/site-packages/airflow/example_dags/example_complex.py
[2025-05-31 10:47:22,422] {logging_mixin.py:109} INFO - [2025-05-31 10:47:22,422] {dag.py:2396} INFO - Sync 1 DAGs
[2025-05-31 10:47:22,450] {logging_mixin.py:109} INFO - [2025-05-31 10:47:22,450] {dag.py:2935} INFO - Setting next_dagrun for example_complex to None
[2025-05-31 10:47:22,465] {processor.py:171} INFO - Processing /home/airflow/.local/lib/python3.6/site-packages/airflow/example_dags/example_complex.py took 0.141 seconds
[2025-05-31 10:47:52,849] {processor.py:163} INFO - Started process (PID=1015) to work on /home/airflow/.local/lib/python3.6/site-packages/airflow/example_dags/example_complex.py
[2025-05-31 10:47:52,851] {processor.py:642} INFO - Processing file /home/airflow/.local/lib/python3.6/site-packages/airflow/example_dags/example_complex.py for tasks to queue
[2025-05-31 10:47:52,852] {logging_mixin.py:109} INFO - [2025-05-31 10:47:52,852] {dagbag.py:500} INFO - Filling up the DagBag from /home/airflow/.local/lib/python3.6/site-packages/airflow/example_dags/example_complex.py
[2025-05-31 10:47:52,899] {processor.py:654} INFO - DAG(s) dict_keys(['example_complex']) retrieved from /home/airflow/.local/lib/python3.6/site-packages/airflow/example_dags/example_complex.py
[2025-05-31 10:47:52,921] {logging_mixin.py:109} INFO - [2025-05-31 10:47:52,921] {dag.py:2396} INFO - Sync 1 DAGs
[2025-05-31 10:47:52,946] {logging_mixin.py:109} INFO - [2025-05-31 10:47:52,946] {dag.py:2935} INFO - Setting next_dagrun for example_complex to None
[2025-05-31 10:47:52,960] {processor.py:171} INFO - Processing /home/airflow/.local/lib/python3.6/site-packages/airflow/example_dags/example_complex.py took 0.117 seconds
[2025-05-31 10:48:24,719] {processor.py:163} INFO - Started process (PID=1205) to work on /home/airflow/.local/lib/python3.6/site-packages/airflow/example_dags/example_complex.py
[2025-05-31 10:48:24,721] {processor.py:642} INFO - Processing file /home/airflow/.local/lib/python3.6/site-packages/airflow/example_dags/example_complex.py for tasks to queue
[2025-05-31 10:48:24,722] {logging_mixin.py:109} INFO - [2025-05-31 10:48:24,722] {dagbag.py:500} INFO - Filling up the DagBag from /home/airflow/.local/lib/python3.6/site-packages/airflow/example_dags/example_complex.py
[2025-05-31 10:48:24,846] {processor.py:654} INFO - DAG(s) dict_keys(['example_complex']) retrieved from /home/airflow/.local/lib/python3.6/site-packages/airflow/example_dags/example_complex.py
[2025-05-31 10:48:24,887] {logging_mixin.py:109} INFO - [2025-05-31 10:48:24,887] {dag.py:2396} INFO - Sync 1 DAGs
[2025-05-31 10:48:24,961] {logging_mixin.py:109} INFO - [2025-05-31 10:48:24,961] {dag.py:2935} INFO - Setting next_dagrun for example_complex to None
[2025-05-31 10:48:24,984] {processor.py:171} INFO - Processing /home/airflow/.local/lib/python3.6/site-packages/airflow/example_dags/example_complex.py took 0.272 seconds
[2025-05-31 10:48:55,655] {processor.py:163} INFO - Started process (PID=1385) to work on /home/airflow/.local/lib/python3.6/site-packages/airflow/example_dags/example_complex.py
[2025-05-31 10:48:55,657] {processor.py:642} INFO - Processing file /home/airflow/.local/lib/python3.6/site-packages/airflow/example_dags/example_complex.py for tasks to queue
[2025-05-31 10:48:55,659] {logging_mixin.py:109} INFO - [2025-05-31 10:48:55,658] {dagbag.py:500} INFO - Filling up the DagBag from /home/airflow/.local/lib/python3.6/site-packages/airflow/example_dags/example_complex.py
[2025-05-31 10:48:55,798] {processor.py:654} INFO - DAG(s) dict_keys(['example_complex']) retrieved from /home/airflow/.local/lib/python3.6/site-packages/airflow/example_dags/example_complex.py
[2025-05-31 10:48:55,856] {logging_mixin.py:109} INFO - [2025-05-31 10:48:55,855] {dag.py:2396} INFO - Sync 1 DAGs
[2025-05-31 10:48:55,940] {logging_mixin.py:109} INFO - [2025-05-31 10:48:55,940] {dag.py:2935} INFO - Setting next_dagrun for example_complex to None
[2025-05-31 10:48:55,974] {processor.py:171} INFO - Processing /home/airflow/.local/lib/python3.6/site-packages/airflow/example_dags/example_complex.py took 0.327 seconds
[2025-05-31 10:49:26,741] {processor.py:163} INFO - Started process (PID=1555) to work on /home/airflow/.local/lib/python3.6/site-packages/airflow/example_dags/example_complex.py
[2025-05-31 10:49:26,744] {processor.py:642} INFO - Processing file /home/airflow/.local/lib/python3.6/site-packages/airflow/example_dags/example_complex.py for tasks to queue
[2025-05-31 10:49:26,747] {logging_mixin.py:109} INFO - [2025-05-31 10:49:26,746] {dagbag.py:500} INFO - Filling up the DagBag from /home/airflow/.local/lib/python3.6/site-packages/airflow/example_dags/example_complex.py
[2025-05-31 10:49:26,820] {processor.py:654} INFO - DAG(s) dict_keys(['example_complex']) retrieved from /home/airflow/.local/lib/python3.6/site-packages/airflow/example_dags/example_complex.py
[2025-05-31 10:49:26,851] {logging_mixin.py:109} INFO - [2025-05-31 10:49:26,851] {dag.py:2396} INFO - Sync 1 DAGs
[2025-05-31 10:49:26,882] {logging_mixin.py:109} INFO - [2025-05-31 10:49:26,882] {dag.py:2935} INFO - Setting next_dagrun for example_complex to None
[2025-05-31 10:49:26,902] {processor.py:171} INFO - Processing /home/airflow/.local/lib/python3.6/site-packages/airflow/example_dags/example_complex.py took 0.167 seconds
[2025-05-31 10:49:58,271] {processor.py:163} INFO - Started process (PID=1752) to work on /home/airflow/.local/lib/python3.6/site-packages/airflow/example_dags/example_complex.py
[2025-05-31 10:49:58,273] {processor.py:642} INFO - Processing file /home/airflow/.local/lib/python3.6/site-packages/airflow/example_dags/example_complex.py for tasks to queue
[2025-05-31 10:49:58,274] {logging_mixin.py:109} INFO - [2025-05-31 10:49:58,274] {dagbag.py:500} INFO - Filling up the DagBag from /home/airflow/.local/lib/python3.6/site-packages/airflow/example_dags/example_complex.py
[2025-05-31 10:49:58,327] {processor.py:654} INFO - DAG(s) dict_keys(['example_complex']) retrieved from /home/airflow/.local/lib/python3.6/site-packages/airflow/example_dags/example_complex.py
[2025-05-31 10:49:58,355] {logging_mixin.py:109} INFO - [2025-05-31 10:49:58,354] {dag.py:2396} INFO - Sync 1 DAGs
[2025-05-31 10:49:58,380] {logging_mixin.py:109} INFO - [2025-05-31 10:49:58,380] {dag.py:2935} INFO - Setting next_dagrun for example_complex to None
[2025-05-31 10:49:58,394] {processor.py:171} INFO - Processing /home/airflow/.local/lib/python3.6/site-packages/airflow/example_dags/example_complex.py took 0.128 seconds
[2025-05-31 10:50:28,613] {processor.py:163} INFO - Started process (PID=1931) to work on /home/airflow/.local/lib/python3.6/site-packages/airflow/example_dags/example_complex.py
[2025-05-31 10:50:28,617] {processor.py:642} INFO - Processing file /home/airflow/.local/lib/python3.6/site-packages/airflow/example_dags/example_complex.py for tasks to queue
[2025-05-31 10:50:28,618] {logging_mixin.py:109} INFO - [2025-05-31 10:50:28,618] {dagbag.py:500} INFO - Filling up the DagBag from /home/airflow/.local/lib/python3.6/site-packages/airflow/example_dags/example_complex.py
[2025-05-31 10:50:28,737] {processor.py:654} INFO - DAG(s) dict_keys(['example_complex']) retrieved from /home/airflow/.local/lib/python3.6/site-packages/airflow/example_dags/example_complex.py
[2025-05-31 10:50:28,775] {logging_mixin.py:109} INFO - [2025-05-31 10:50:28,774] {dag.py:2396} INFO - Sync 1 DAGs
[2025-05-31 10:50:28,806] {logging_mixin.py:109} INFO - [2025-05-31 10:50:28,806] {dag.py:2935} INFO - Setting next_dagrun for example_complex to None
[2025-05-31 10:50:28,822] {processor.py:171} INFO - Processing /home/airflow/.local/lib/python3.6/site-packages/airflow/example_dags/example_complex.py took 0.214 seconds
[2025-05-31 10:51:00,363] {processor.py:163} INFO - Started process (PID=2116) to work on /home/airflow/.local/lib/python3.6/site-packages/airflow/example_dags/example_complex.py
[2025-05-31 10:51:00,365] {processor.py:642} INFO - Processing file /home/airflow/.local/lib/python3.6/site-packages/airflow/example_dags/example_complex.py for tasks to queue
[2025-05-31 10:51:00,367] {logging_mixin.py:109} INFO - [2025-05-31 10:51:00,367] {dagbag.py:500} INFO - Filling up the DagBag from /home/airflow/.local/lib/python3.6/site-packages/airflow/example_dags/example_complex.py
[2025-05-31 10:51:00,439] {processor.py:654} INFO - DAG(s) dict_keys(['example_complex']) retrieved from /home/airflow/.local/lib/python3.6/site-packages/airflow/example_dags/example_complex.py
[2025-05-31 10:51:00,475] {logging_mixin.py:109} INFO - [2025-05-31 10:51:00,475] {dag.py:2396} INFO - Sync 1 DAGs
[2025-05-31 10:51:00,519] {logging_mixin.py:109} INFO - [2025-05-31 10:51:00,518] {dag.py:2935} INFO - Setting next_dagrun for example_complex to None
[2025-05-31 10:51:00,543] {processor.py:171} INFO - Processing /home/airflow/.local/lib/python3.6/site-packages/airflow/example_dags/example_complex.py took 0.188 seconds
[2025-05-31 10:51:31,375] {processor.py:163} INFO - Started process (PID=2306) to work on /home/airflow/.local/lib/python3.6/site-packages/airflow/example_dags/example_complex.py
[2025-05-31 10:51:31,378] {processor.py:642} INFO - Processing file /home/airflow/.local/lib/python3.6/site-packages/airflow/example_dags/example_complex.py for tasks to queue
[2025-05-31 10:51:31,380] {logging_mixin.py:109} INFO - [2025-05-31 10:51:31,380] {dagbag.py:500} INFO - Filling up the DagBag from /home/airflow/.local/lib/python3.6/site-packages/airflow/example_dags/example_complex.py
[2025-05-31 10:51:31,447] {processor.py:654} INFO - DAG(s) dict_keys(['example_complex']) retrieved from /home/airflow/.local/lib/python3.6/site-packages/airflow/example_dags/example_complex.py
[2025-05-31 10:51:31,478] {logging_mixin.py:109} INFO - [2025-05-31 10:51:31,478] {dag.py:2396} INFO - Sync 1 DAGs
[2025-05-31 10:51:31,506] {logging_mixin.py:109} INFO - [2025-05-31 10:51:31,506] {dag.py:2935} INFO - Setting next_dagrun for example_complex to None
[2025-05-31 10:51:31,525] {processor.py:171} INFO - Processing /home/airflow/.local/lib/python3.6/site-packages/airflow/example_dags/example_complex.py took 0.155 seconds
[2025-05-31 10:52:02,725] {processor.py:163} INFO - Started process (PID=2486) to work on /home/airflow/.local/lib/python3.6/site-packages/airflow/example_dags/example_complex.py
[2025-05-31 10:52:02,726] {processor.py:642} INFO - Processing file /home/airflow/.local/lib/python3.6/site-packages/airflow/example_dags/example_complex.py for tasks to queue
[2025-05-31 10:52:02,727] {logging_mixin.py:109} INFO - [2025-05-31 10:52:02,727] {dagbag.py:500} INFO - Filling up the DagBag from /home/airflow/.local/lib/python3.6/site-packages/airflow/example_dags/example_complex.py
[2025-05-31 10:52:02,773] {processor.py:654} INFO - DAG(s) dict_keys(['example_complex']) retrieved from /home/airflow/.local/lib/python3.6/site-packages/airflow/example_dags/example_complex.py
[2025-05-31 10:52:02,796] {logging_mixin.py:109} INFO - [2025-05-31 10:52:02,796] {dag.py:2396} INFO - Sync 1 DAGs
[2025-05-31 10:52:02,818] {logging_mixin.py:109} INFO - [2025-05-31 10:52:02,818] {dag.py:2935} INFO - Setting next_dagrun for example_complex to None
[2025-05-31 10:52:02,831] {processor.py:171} INFO - Processing /home/airflow/.local/lib/python3.6/site-packages/airflow/example_dags/example_complex.py took 0.110 seconds
[2025-05-31 10:52:34,600] {processor.py:163} INFO - Started process (PID=2666) to work on /home/airflow/.local/lib/python3.6/site-packages/airflow/example_dags/example_complex.py
[2025-05-31 10:52:34,604] {processor.py:642} INFO - Processing file /home/airflow/.local/lib/python3.6/site-packages/airflow/example_dags/example_complex.py for tasks to queue
[2025-05-31 10:52:34,614] {logging_mixin.py:109} INFO - [2025-05-31 10:52:34,614] {dagbag.py:500} INFO - Filling up the DagBag from /home/airflow/.local/lib/python3.6/site-packages/airflow/example_dags/example_complex.py
[2025-05-31 10:52:34,763] {processor.py:654} INFO - DAG(s) dict_keys(['example_complex']) retrieved from /home/airflow/.local/lib/python3.6/site-packages/airflow/example_dags/example_complex.py
[2025-05-31 10:52:34,825] {logging_mixin.py:109} INFO - [2025-05-31 10:52:34,825] {dag.py:2396} INFO - Sync 1 DAGs
[2025-05-31 10:52:34,881] {logging_mixin.py:109} INFO - [2025-05-31 10:52:34,881] {dag.py:2935} INFO - Setting next_dagrun for example_complex to None
[2025-05-31 10:52:34,909] {processor.py:171} INFO - Processing /home/airflow/.local/lib/python3.6/site-packages/airflow/example_dags/example_complex.py took 0.320 seconds
[2025-05-31 10:53:06,724] {processor.py:163} INFO - Started process (PID=2848) to work on /home/airflow/.local/lib/python3.6/site-packages/airflow/example_dags/example_complex.py
[2025-05-31 10:53:06,730] {processor.py:642} INFO - Processing file /home/airflow/.local/lib/python3.6/site-packages/airflow/example_dags/example_complex.py for tasks to queue
[2025-05-31 10:53:06,732] {logging_mixin.py:109} INFO - [2025-05-31 10:53:06,731] {dagbag.py:500} INFO - Filling up the DagBag from /home/airflow/.local/lib/python3.6/site-packages/airflow/example_dags/example_complex.py
[2025-05-31 10:53:06,843] {processor.py:654} INFO - DAG(s) dict_keys(['example_complex']) retrieved from /home/airflow/.local/lib/python3.6/site-packages/airflow/example_dags/example_complex.py
[2025-05-31 10:53:06,902] {logging_mixin.py:109} INFO - [2025-05-31 10:53:06,902] {dag.py:2396} INFO - Sync 1 DAGs
[2025-05-31 10:53:06,955] {logging_mixin.py:109} INFO - [2025-05-31 10:53:06,955] {dag.py:2935} INFO - Setting next_dagrun for example_complex to None
[2025-05-31 10:53:06,985] {processor.py:171} INFO - Processing /home/airflow/.local/lib/python3.6/site-packages/airflow/example_dags/example_complex.py took 0.269 seconds
[2025-05-31 10:53:37,237] {processor.py:163} INFO - Started process (PID=3031) to work on /home/airflow/.local/lib/python3.6/site-packages/airflow/example_dags/example_complex.py
[2025-05-31 10:53:37,240] {processor.py:642} INFO - Processing file /home/airflow/.local/lib/python3.6/site-packages/airflow/example_dags/example_complex.py for tasks to queue
[2025-05-31 10:53:37,242] {logging_mixin.py:109} INFO - [2025-05-31 10:53:37,242] {dagbag.py:500} INFO - Filling up the DagBag from /home/airflow/.local/lib/python3.6/site-packages/airflow/example_dags/example_complex.py
[2025-05-31 10:53:37,326] {processor.py:654} INFO - DAG(s) dict_keys(['example_complex']) retrieved from /home/airflow/.local/lib/python3.6/site-packages/airflow/example_dags/example_complex.py
[2025-05-31 10:53:37,371] {logging_mixin.py:109} INFO - [2025-05-31 10:53:37,369] {dag.py:2396} INFO - Sync 1 DAGs
[2025-05-31 10:53:37,419] {logging_mixin.py:109} INFO - [2025-05-31 10:53:37,418] {dag.py:2935} INFO - Setting next_dagrun for example_complex to None
[2025-05-31 10:53:37,442] {processor.py:171} INFO - Processing /home/airflow/.local/lib/python3.6/site-packages/airflow/example_dags/example_complex.py took 0.211 seconds
[2025-05-31 10:54:08,280] {processor.py:163} INFO - Started process (PID=3211) to work on /home/airflow/.local/lib/python3.6/site-packages/airflow/example_dags/example_complex.py
[2025-05-31 10:54:08,282] {processor.py:642} INFO - Processing file /home/airflow/.local/lib/python3.6/site-packages/airflow/example_dags/example_complex.py for tasks to queue
[2025-05-31 10:54:08,283] {logging_mixin.py:109} INFO - [2025-05-31 10:54:08,283] {dagbag.py:500} INFO - Filling up the DagBag from /home/airflow/.local/lib/python3.6/site-packages/airflow/example_dags/example_complex.py
[2025-05-31 10:54:08,342] {processor.py:654} INFO - DAG(s) dict_keys(['example_complex']) retrieved from /home/airflow/.local/lib/python3.6/site-packages/airflow/example_dags/example_complex.py
[2025-05-31 10:54:08,375] {logging_mixin.py:109} INFO - [2025-05-31 10:54:08,374] {dag.py:2396} INFO - Sync 1 DAGs
[2025-05-31 10:54:08,411] {logging_mixin.py:109} INFO - [2025-05-31 10:54:08,411] {dag.py:2935} INFO - Setting next_dagrun for example_complex to None
[2025-05-31 10:54:08,428] {processor.py:171} INFO - Processing /home/airflow/.local/lib/python3.6/site-packages/airflow/example_dags/example_complex.py took 0.153 seconds
[2025-05-31 10:54:39,436] {processor.py:163} INFO - Started process (PID=3393) to work on /home/airflow/.local/lib/python3.6/site-packages/airflow/example_dags/example_complex.py
[2025-05-31 10:54:39,439] {processor.py:642} INFO - Processing file /home/airflow/.local/lib/python3.6/site-packages/airflow/example_dags/example_complex.py for tasks to queue
[2025-05-31 10:54:39,440] {logging_mixin.py:109} INFO - [2025-05-31 10:54:39,440] {dagbag.py:500} INFO - Filling up the DagBag from /home/airflow/.local/lib/python3.6/site-packages/airflow/example_dags/example_complex.py
[2025-05-31 10:54:39,515] {processor.py:654} INFO - DAG(s) dict_keys(['example_complex']) retrieved from /home/airflow/.local/lib/python3.6/site-packages/airflow/example_dags/example_complex.py
[2025-05-31 10:54:39,548] {logging_mixin.py:109} INFO - [2025-05-31 10:54:39,548] {dag.py:2396} INFO - Sync 1 DAGs
[2025-05-31 10:54:39,581] {logging_mixin.py:109} INFO - [2025-05-31 10:54:39,581] {dag.py:2935} INFO - Setting next_dagrun for example_complex to None
[2025-05-31 10:54:39,599] {processor.py:171} INFO - Processing /home/airflow/.local/lib/python3.6/site-packages/airflow/example_dags/example_complex.py took 0.168 seconds
[2025-05-31 10:55:10,100] {processor.py:163} INFO - Started process (PID=3573) to work on /home/airflow/.local/lib/python3.6/site-packages/airflow/example_dags/example_complex.py
[2025-05-31 10:55:10,102] {processor.py:642} INFO - Processing file /home/airflow/.local/lib/python3.6/site-packages/airflow/example_dags/example_complex.py for tasks to queue
[2025-05-31 10:55:10,103] {logging_mixin.py:109} INFO - [2025-05-31 10:55:10,103] {dagbag.py:500} INFO - Filling up the DagBag from /home/airflow/.local/lib/python3.6/site-packages/airflow/example_dags/example_complex.py
[2025-05-31 10:55:10,150] {processor.py:654} INFO - DAG(s) dict_keys(['example_complex']) retrieved from /home/airflow/.local/lib/python3.6/site-packages/airflow/example_dags/example_complex.py
[2025-05-31 10:55:10,171] {logging_mixin.py:109} INFO - [2025-05-31 10:55:10,171] {dag.py:2396} INFO - Sync 1 DAGs
[2025-05-31 10:55:10,192] {logging_mixin.py:109} INFO - [2025-05-31 10:55:10,192] {dag.py:2935} INFO - Setting next_dagrun for example_complex to None
[2025-05-31 10:55:10,204] {processor.py:171} INFO - Processing /home/airflow/.local/lib/python3.6/site-packages/airflow/example_dags/example_complex.py took 0.108 seconds
[2025-05-31 10:55:41,019] {processor.py:163} INFO - Started process (PID=3763) to work on /home/airflow/.local/lib/python3.6/site-packages/airflow/example_dags/example_complex.py
[2025-05-31 10:55:41,021] {processor.py:642} INFO - Processing file /home/airflow/.local/lib/python3.6/site-packages/airflow/example_dags/example_complex.py for tasks to queue
[2025-05-31 10:55:41,023] {logging_mixin.py:109} INFO - [2025-05-31 10:55:41,023] {dagbag.py:500} INFO - Filling up the DagBag from /home/airflow/.local/lib/python3.6/site-packages/airflow/example_dags/example_complex.py
[2025-05-31 10:55:41,088] {processor.py:654} INFO - DAG(s) dict_keys(['example_complex']) retrieved from /home/airflow/.local/lib/python3.6/site-packages/airflow/example_dags/example_complex.py
[2025-05-31 10:55:41,121] {logging_mixin.py:109} INFO - [2025-05-31 10:55:41,120] {dag.py:2396} INFO - Sync 1 DAGs
[2025-05-31 10:55:41,156] {logging_mixin.py:109} INFO - [2025-05-31 10:55:41,156] {dag.py:2935} INFO - Setting next_dagrun for example_complex to None
[2025-05-31 10:55:41,171] {processor.py:171} INFO - Processing /home/airflow/.local/lib/python3.6/site-packages/airflow/example_dags/example_complex.py took 0.157 seconds
[2025-05-31 10:56:12,746] {processor.py:163} INFO - Started process (PID=3943) to work on /home/airflow/.local/lib/python3.6/site-packages/airflow/example_dags/example_complex.py
[2025-05-31 10:56:12,748] {processor.py:642} INFO - Processing file /home/airflow/.local/lib/python3.6/site-packages/airflow/example_dags/example_complex.py for tasks to queue
[2025-05-31 10:56:12,749] {logging_mixin.py:109} INFO - [2025-05-31 10:56:12,749] {dagbag.py:500} INFO - Filling up the DagBag from /home/airflow/.local/lib/python3.6/site-packages/airflow/example_dags/example_complex.py
[2025-05-31 10:56:12,802] {processor.py:654} INFO - DAG(s) dict_keys(['example_complex']) retrieved from /home/airflow/.local/lib/python3.6/site-packages/airflow/example_dags/example_complex.py
[2025-05-31 10:56:12,847] {logging_mixin.py:109} INFO - [2025-05-31 10:56:12,847] {dag.py:2396} INFO - Sync 1 DAGs
[2025-05-31 10:56:12,879] {logging_mixin.py:109} INFO - [2025-05-31 10:56:12,878] {dag.py:2935} INFO - Setting next_dagrun for example_complex to None
[2025-05-31 10:56:12,908] {processor.py:171} INFO - Processing /home/airflow/.local/lib/python3.6/site-packages/airflow/example_dags/example_complex.py took 0.167 seconds
[2025-05-31 10:56:43,282] {processor.py:163} INFO - Started process (PID=4123) to work on /home/airflow/.local/lib/python3.6/site-packages/airflow/example_dags/example_complex.py
[2025-05-31 10:56:43,284] {processor.py:642} INFO - Processing file /home/airflow/.local/lib/python3.6/site-packages/airflow/example_dags/example_complex.py for tasks to queue
[2025-05-31 10:56:43,285] {logging_mixin.py:109} INFO - [2025-05-31 10:56:43,285] {dagbag.py:500} INFO - Filling up the DagBag from /home/airflow/.local/lib/python3.6/site-packages/airflow/example_dags/example_complex.py
[2025-05-31 10:56:43,341] {processor.py:654} INFO - DAG(s) dict_keys(['example_complex']) retrieved from /home/airflow/.local/lib/python3.6/site-packages/airflow/example_dags/example_complex.py
[2025-05-31 10:56:43,367] {logging_mixin.py:109} INFO - [2025-05-31 10:56:43,367] {dag.py:2396} INFO - Sync 1 DAGs
[2025-05-31 10:56:43,395] {logging_mixin.py:109} INFO - [2025-05-31 10:56:43,395] {dag.py:2935} INFO - Setting next_dagrun for example_complex to None
[2025-05-31 10:56:43,411] {processor.py:171} INFO - Processing /home/airflow/.local/lib/python3.6/site-packages/airflow/example_dags/example_complex.py took 0.135 seconds
[2025-05-31 10:57:14,033] {processor.py:163} INFO - Started process (PID=4321) to work on /home/airflow/.local/lib/python3.6/site-packages/airflow/example_dags/example_complex.py
[2025-05-31 10:57:14,035] {processor.py:642} INFO - Processing file /home/airflow/.local/lib/python3.6/site-packages/airflow/example_dags/example_complex.py for tasks to queue
[2025-05-31 10:57:14,036] {logging_mixin.py:109} INFO - [2025-05-31 10:57:14,036] {dagbag.py:500} INFO - Filling up the DagBag from /home/airflow/.local/lib/python3.6/site-packages/airflow/example_dags/example_complex.py
[2025-05-31 10:57:14,128] {processor.py:654} INFO - DAG(s) dict_keys(['example_complex']) retrieved from /home/airflow/.local/lib/python3.6/site-packages/airflow/example_dags/example_complex.py
[2025-05-31 10:57:14,164] {logging_mixin.py:109} INFO - [2025-05-31 10:57:14,163] {dag.py:2396} INFO - Sync 1 DAGs
[2025-05-31 10:57:14,198] {logging_mixin.py:109} INFO - [2025-05-31 10:57:14,197] {dag.py:2935} INFO - Setting next_dagrun for example_complex to None
[2025-05-31 10:57:14,216] {processor.py:171} INFO - Processing /home/airflow/.local/lib/python3.6/site-packages/airflow/example_dags/example_complex.py took 0.189 seconds
[2025-05-31 10:57:45,198] {processor.py:163} INFO - Started process (PID=4503) to work on /home/airflow/.local/lib/python3.6/site-packages/airflow/example_dags/example_complex.py
[2025-05-31 10:57:45,200] {processor.py:642} INFO - Processing file /home/airflow/.local/lib/python3.6/site-packages/airflow/example_dags/example_complex.py for tasks to queue
[2025-05-31 10:57:45,202] {logging_mixin.py:109} INFO - [2025-05-31 10:57:45,201] {dagbag.py:500} INFO - Filling up the DagBag from /home/airflow/.local/lib/python3.6/site-packages/airflow/example_dags/example_complex.py
[2025-05-31 10:57:45,265] {processor.py:654} INFO - DAG(s) dict_keys(['example_complex']) retrieved from /home/airflow/.local/lib/python3.6/site-packages/airflow/example_dags/example_complex.py
[2025-05-31 10:57:45,292] {logging_mixin.py:109} INFO - [2025-05-31 10:57:45,292] {dag.py:2396} INFO - Sync 1 DAGs
[2025-05-31 10:57:45,324] {logging_mixin.py:109} INFO - [2025-05-31 10:57:45,324] {dag.py:2935} INFO - Setting next_dagrun for example_complex to None
[2025-05-31 10:57:45,345] {processor.py:171} INFO - Processing /home/airflow/.local/lib/python3.6/site-packages/airflow/example_dags/example_complex.py took 0.153 seconds
[2025-05-31 10:58:15,413] {processor.py:163} INFO - Started process (PID=4671) to work on /home/airflow/.local/lib/python3.6/site-packages/airflow/example_dags/example_complex.py
[2025-05-31 10:58:15,416] {processor.py:642} INFO - Processing file /home/airflow/.local/lib/python3.6/site-packages/airflow/example_dags/example_complex.py for tasks to queue
[2025-05-31 10:58:15,417] {logging_mixin.py:109} INFO - [2025-05-31 10:58:15,417] {dagbag.py:500} INFO - Filling up the DagBag from /home/airflow/.local/lib/python3.6/site-packages/airflow/example_dags/example_complex.py
[2025-05-31 10:58:15,466] {processor.py:654} INFO - DAG(s) dict_keys(['example_complex']) retrieved from /home/airflow/.local/lib/python3.6/site-packages/airflow/example_dags/example_complex.py
[2025-05-31 10:58:15,490] {logging_mixin.py:109} INFO - [2025-05-31 10:58:15,490] {dag.py:2396} INFO - Sync 1 DAGs
[2025-05-31 10:58:15,516] {logging_mixin.py:109} INFO - [2025-05-31 10:58:15,516] {dag.py:2935} INFO - Setting next_dagrun for example_complex to None
[2025-05-31 10:58:15,529] {processor.py:171} INFO - Processing /home/airflow/.local/lib/python3.6/site-packages/airflow/example_dags/example_complex.py took 0.120 seconds
[2025-05-31 10:58:46,130] {processor.py:163} INFO - Started process (PID=4851) to work on /home/airflow/.local/lib/python3.6/site-packages/airflow/example_dags/example_complex.py
[2025-05-31 10:58:46,131] {processor.py:642} INFO - Processing file /home/airflow/.local/lib/python3.6/site-packages/airflow/example_dags/example_complex.py for tasks to queue
[2025-05-31 10:58:46,132] {logging_mixin.py:109} INFO - [2025-05-31 10:58:46,132] {dagbag.py:500} INFO - Filling up the DagBag from /home/airflow/.local/lib/python3.6/site-packages/airflow/example_dags/example_complex.py
[2025-05-31 10:58:46,182] {processor.py:654} INFO - DAG(s) dict_keys(['example_complex']) retrieved from /home/airflow/.local/lib/python3.6/site-packages/airflow/example_dags/example_complex.py
[2025-05-31 10:58:46,206] {logging_mixin.py:109} INFO - [2025-05-31 10:58:46,206] {dag.py:2396} INFO - Sync 1 DAGs
[2025-05-31 10:58:46,232] {logging_mixin.py:109} INFO - [2025-05-31 10:58:46,232] {dag.py:2935} INFO - Setting next_dagrun for example_complex to None
[2025-05-31 10:58:46,247] {processor.py:171} INFO - Processing /home/airflow/.local/lib/python3.6/site-packages/airflow/example_dags/example_complex.py took 0.122 seconds
[2025-05-31 10:59:17,077] {processor.py:163} INFO - Started process (PID=5041) to work on /home/airflow/.local/lib/python3.6/site-packages/airflow/example_dags/example_complex.py
[2025-05-31 10:59:17,079] {processor.py:642} INFO - Processing file /home/airflow/.local/lib/python3.6/site-packages/airflow/example_dags/example_complex.py for tasks to queue
[2025-05-31 10:59:17,081] {logging_mixin.py:109} INFO - [2025-05-31 10:59:17,081] {dagbag.py:500} INFO - Filling up the DagBag from /home/airflow/.local/lib/python3.6/site-packages/airflow/example_dags/example_complex.py
[2025-05-31 10:59:17,143] {processor.py:654} INFO - DAG(s) dict_keys(['example_complex']) retrieved from /home/airflow/.local/lib/python3.6/site-packages/airflow/example_dags/example_complex.py
[2025-05-31 10:59:17,183] {logging_mixin.py:109} INFO - [2025-05-31 10:59:17,183] {dag.py:2396} INFO - Sync 1 DAGs
[2025-05-31 10:59:17,217] {logging_mixin.py:109} INFO - [2025-05-31 10:59:17,217] {dag.py:2935} INFO - Setting next_dagrun for example_complex to None
[2025-05-31 10:59:17,235] {processor.py:171} INFO - Processing /home/airflow/.local/lib/python3.6/site-packages/airflow/example_dags/example_complex.py took 0.165 seconds
[2025-05-31 10:59:48,180] {processor.py:163} INFO - Started process (PID=5221) to work on /home/airflow/.local/lib/python3.6/site-packages/airflow/example_dags/example_complex.py
[2025-05-31 10:59:48,183] {processor.py:642} INFO - Processing file /home/airflow/.local/lib/python3.6/site-packages/airflow/example_dags/example_complex.py for tasks to queue
[2025-05-31 10:59:48,185] {logging_mixin.py:109} INFO - [2025-05-31 10:59:48,185] {dagbag.py:500} INFO - Filling up the DagBag from /home/airflow/.local/lib/python3.6/site-packages/airflow/example_dags/example_complex.py
[2025-05-31 10:59:48,273] {processor.py:654} INFO - DAG(s) dict_keys(['example_complex']) retrieved from /home/airflow/.local/lib/python3.6/site-packages/airflow/example_dags/example_complex.py
[2025-05-31 10:59:48,311] {logging_mixin.py:109} INFO - [2025-05-31 10:59:48,311] {dag.py:2396} INFO - Sync 1 DAGs
[2025-05-31 10:59:48,349] {logging_mixin.py:109} INFO - [2025-05-31 10:59:48,349] {dag.py:2935} INFO - Setting next_dagrun for example_complex to None
[2025-05-31 10:59:48,376] {processor.py:171} INFO - Processing /home/airflow/.local/lib/python3.6/site-packages/airflow/example_dags/example_complex.py took 0.202 seconds
[2025-05-31 11:00:18,525] {processor.py:163} INFO - Started process (PID=5401) to work on /home/airflow/.local/lib/python3.6/site-packages/airflow/example_dags/example_complex.py
[2025-05-31 11:00:18,527] {processor.py:642} INFO - Processing file /home/airflow/.local/lib/python3.6/site-packages/airflow/example_dags/example_complex.py for tasks to queue
[2025-05-31 11:00:18,528] {logging_mixin.py:109} INFO - [2025-05-31 11:00:18,528] {dagbag.py:500} INFO - Filling up the DagBag from /home/airflow/.local/lib/python3.6/site-packages/airflow/example_dags/example_complex.py
[2025-05-31 11:00:18,579] {processor.py:654} INFO - DAG(s) dict_keys(['example_complex']) retrieved from /home/airflow/.local/lib/python3.6/site-packages/airflow/example_dags/example_complex.py
[2025-05-31 11:00:18,603] {logging_mixin.py:109} INFO - [2025-05-31 11:00:18,603] {dag.py:2396} INFO - Sync 1 DAGs
[2025-05-31 11:00:18,626] {logging_mixin.py:109} INFO - [2025-05-31 11:00:18,626] {dag.py:2935} INFO - Setting next_dagrun for example_complex to None
[2025-05-31 11:00:18,640] {processor.py:171} INFO - Processing /home/airflow/.local/lib/python3.6/site-packages/airflow/example_dags/example_complex.py took 0.119 seconds
[2025-05-31 11:00:49,543] {processor.py:163} INFO - Started process (PID=5593) to work on /home/airflow/.local/lib/python3.6/site-packages/airflow/example_dags/example_complex.py
[2025-05-31 11:00:49,546] {processor.py:642} INFO - Processing file /home/airflow/.local/lib/python3.6/site-packages/airflow/example_dags/example_complex.py for tasks to queue
[2025-05-31 11:00:49,547] {logging_mixin.py:109} INFO - [2025-05-31 11:00:49,547] {dagbag.py:500} INFO - Filling up the DagBag from /home/airflow/.local/lib/python3.6/site-packages/airflow/example_dags/example_complex.py
[2025-05-31 11:00:49,616] {processor.py:654} INFO - DAG(s) dict_keys(['example_complex']) retrieved from /home/airflow/.local/lib/python3.6/site-packages/airflow/example_dags/example_complex.py
[2025-05-31 11:00:49,647] {logging_mixin.py:109} INFO - [2025-05-31 11:00:49,647] {dag.py:2396} INFO - Sync 1 DAGs
[2025-05-31 11:00:49,675] {logging_mixin.py:109} INFO - [2025-05-31 11:00:49,675] {dag.py:2935} INFO - Setting next_dagrun for example_complex to None
[2025-05-31 11:00:49,692] {processor.py:171} INFO - Processing /home/airflow/.local/lib/python3.6/site-packages/airflow/example_dags/example_complex.py took 0.156 seconds
[2025-05-31 11:01:20,287] {processor.py:163} INFO - Started process (PID=5771) to work on /home/airflow/.local/lib/python3.6/site-packages/airflow/example_dags/example_complex.py
[2025-05-31 11:01:20,289] {processor.py:642} INFO - Processing file /home/airflow/.local/lib/python3.6/site-packages/airflow/example_dags/example_complex.py for tasks to queue
[2025-05-31 11:01:20,290] {logging_mixin.py:109} INFO - [2025-05-31 11:01:20,290] {dagbag.py:500} INFO - Filling up the DagBag from /home/airflow/.local/lib/python3.6/site-packages/airflow/example_dags/example_complex.py
[2025-05-31 11:01:20,348] {processor.py:654} INFO - DAG(s) dict_keys(['example_complex']) retrieved from /home/airflow/.local/lib/python3.6/site-packages/airflow/example_dags/example_complex.py
[2025-05-31 11:01:20,379] {logging_mixin.py:109} INFO - [2025-05-31 11:01:20,379] {dag.py:2396} INFO - Sync 1 DAGs
[2025-05-31 11:01:20,411] {logging_mixin.py:109} INFO - [2025-05-31 11:01:20,411] {dag.py:2935} INFO - Setting next_dagrun for example_complex to None
[2025-05-31 11:01:20,427] {processor.py:171} INFO - Processing /home/airflow/.local/lib/python3.6/site-packages/airflow/example_dags/example_complex.py took 0.144 seconds
[2025-05-31 11:01:51,576] {processor.py:163} INFO - Started process (PID=5962) to work on /home/airflow/.local/lib/python3.6/site-packages/airflow/example_dags/example_complex.py
[2025-05-31 11:01:51,578] {processor.py:642} INFO - Processing file /home/airflow/.local/lib/python3.6/site-packages/airflow/example_dags/example_complex.py for tasks to queue
[2025-05-31 11:01:51,579] {logging_mixin.py:109} INFO - [2025-05-31 11:01:51,579] {dagbag.py:500} INFO - Filling up the DagBag from /home/airflow/.local/lib/python3.6/site-packages/airflow/example_dags/example_complex.py
[2025-05-31 11:01:51,629] {processor.py:654} INFO - DAG(s) dict_keys(['example_complex']) retrieved from /home/airflow/.local/lib/python3.6/site-packages/airflow/example_dags/example_complex.py
[2025-05-31 11:01:51,654] {logging_mixin.py:109} INFO - [2025-05-31 11:01:51,654] {dag.py:2396} INFO - Sync 1 DAGs
[2025-05-31 11:01:51,681] {logging_mixin.py:109} INFO - [2025-05-31 11:01:51,680] {dag.py:2935} INFO - Setting next_dagrun for example_complex to None
[2025-05-31 11:01:51,698] {processor.py:171} INFO - Processing /home/airflow/.local/lib/python3.6/site-packages/airflow/example_dags/example_complex.py took 0.127 seconds
[2025-05-31 11:02:22,418] {processor.py:163} INFO - Started process (PID=6143) to work on /home/airflow/.local/lib/python3.6/site-packages/airflow/example_dags/example_complex.py
[2025-05-31 11:02:22,420] {processor.py:642} INFO - Processing file /home/airflow/.local/lib/python3.6/site-packages/airflow/example_dags/example_complex.py for tasks to queue
[2025-05-31 11:02:22,421] {logging_mixin.py:109} INFO - [2025-05-31 11:02:22,421] {dagbag.py:500} INFO - Filling up the DagBag from /home/airflow/.local/lib/python3.6/site-packages/airflow/example_dags/example_complex.py
[2025-05-31 11:02:22,463] {processor.py:654} INFO - DAG(s) dict_keys(['example_complex']) retrieved from /home/airflow/.local/lib/python3.6/site-packages/airflow/example_dags/example_complex.py
[2025-05-31 11:02:22,484] {logging_mixin.py:109} INFO - [2025-05-31 11:02:22,483] {dag.py:2396} INFO - Sync 1 DAGs
[2025-05-31 11:02:22,504] {logging_mixin.py:109} INFO - [2025-05-31 11:02:22,504] {dag.py:2935} INFO - Setting next_dagrun for example_complex to None
[2025-05-31 11:02:22,518] {processor.py:171} INFO - Processing /home/airflow/.local/lib/python3.6/site-packages/airflow/example_dags/example_complex.py took 0.104 seconds
[2025-05-31 11:02:54,105] {processor.py:163} INFO - Started process (PID=6321) to work on /home/airflow/.local/lib/python3.6/site-packages/airflow/example_dags/example_complex.py
[2025-05-31 11:02:54,107] {processor.py:642} INFO - Processing file /home/airflow/.local/lib/python3.6/site-packages/airflow/example_dags/example_complex.py for tasks to queue
[2025-05-31 11:02:54,109] {logging_mixin.py:109} INFO - [2025-05-31 11:02:54,109] {dagbag.py:500} INFO - Filling up the DagBag from /home/airflow/.local/lib/python3.6/site-packages/airflow/example_dags/example_complex.py
[2025-05-31 11:02:54,158] {processor.py:654} INFO - DAG(s) dict_keys(['example_complex']) retrieved from /home/airflow/.local/lib/python3.6/site-packages/airflow/example_dags/example_complex.py
[2025-05-31 11:02:54,182] {logging_mixin.py:109} INFO - [2025-05-31 11:02:54,182] {dag.py:2396} INFO - Sync 1 DAGs
[2025-05-31 11:02:54,208] {logging_mixin.py:109} INFO - [2025-05-31 11:02:54,208] {dag.py:2935} INFO - Setting next_dagrun for example_complex to None
[2025-05-31 11:02:54,221] {processor.py:171} INFO - Processing /home/airflow/.local/lib/python3.6/site-packages/airflow/example_dags/example_complex.py took 0.122 seconds
[2025-05-31 11:03:25,047] {processor.py:163} INFO - Started process (PID=6513) to work on /home/airflow/.local/lib/python3.6/site-packages/airflow/example_dags/example_complex.py
[2025-05-31 11:03:25,049] {processor.py:642} INFO - Processing file /home/airflow/.local/lib/python3.6/site-packages/airflow/example_dags/example_complex.py for tasks to queue
[2025-05-31 11:03:25,050] {logging_mixin.py:109} INFO - [2025-05-31 11:03:25,050] {dagbag.py:500} INFO - Filling up the DagBag from /home/airflow/.local/lib/python3.6/site-packages/airflow/example_dags/example_complex.py
[2025-05-31 11:03:25,112] {processor.py:654} INFO - DAG(s) dict_keys(['example_complex']) retrieved from /home/airflow/.local/lib/python3.6/site-packages/airflow/example_dags/example_complex.py
[2025-05-31 11:03:25,141] {logging_mixin.py:109} INFO - [2025-05-31 11:03:25,141] {dag.py:2396} INFO - Sync 1 DAGs
[2025-05-31 11:03:25,169] {logging_mixin.py:109} INFO - [2025-05-31 11:03:25,169] {dag.py:2935} INFO - Setting next_dagrun for example_complex to None
[2025-05-31 11:03:25,187] {processor.py:171} INFO - Processing /home/airflow/.local/lib/python3.6/site-packages/airflow/example_dags/example_complex.py took 0.145 seconds
[2025-05-31 11:03:56,250] {processor.py:163} INFO - Started process (PID=6691) to work on /home/airflow/.local/lib/python3.6/site-packages/airflow/example_dags/example_complex.py
[2025-05-31 11:03:56,252] {processor.py:642} INFO - Processing file /home/airflow/.local/lib/python3.6/site-packages/airflow/example_dags/example_complex.py for tasks to queue
[2025-05-31 11:03:56,254] {logging_mixin.py:109} INFO - [2025-05-31 11:03:56,253] {dagbag.py:500} INFO - Filling up the DagBag from /home/airflow/.local/lib/python3.6/site-packages/airflow/example_dags/example_complex.py
[2025-05-31 11:03:56,308] {processor.py:654} INFO - DAG(s) dict_keys(['example_complex']) retrieved from /home/airflow/.local/lib/python3.6/site-packages/airflow/example_dags/example_complex.py
[2025-05-31 11:03:56,334] {logging_mixin.py:109} INFO - [2025-05-31 11:03:56,334] {dag.py:2396} INFO - Sync 1 DAGs
[2025-05-31 11:03:56,360] {logging_mixin.py:109} INFO - [2025-05-31 11:03:56,360] {dag.py:2935} INFO - Setting next_dagrun for example_complex to None
[2025-05-31 11:03:56,374] {processor.py:171} INFO - Processing /home/airflow/.local/lib/python3.6/site-packages/airflow/example_dags/example_complex.py took 0.130 seconds
[2025-05-31 11:04:27,312] {processor.py:163} INFO - Started process (PID=6878) to work on /home/airflow/.local/lib/python3.6/site-packages/airflow/example_dags/example_complex.py
[2025-05-31 11:04:27,315] {processor.py:642} INFO - Processing file /home/airflow/.local/lib/python3.6/site-packages/airflow/example_dags/example_complex.py for tasks to queue
[2025-05-31 11:04:27,316] {logging_mixin.py:109} INFO - [2025-05-31 11:04:27,316] {dagbag.py:500} INFO - Filling up the DagBag from /home/airflow/.local/lib/python3.6/site-packages/airflow/example_dags/example_complex.py
[2025-05-31 11:04:27,395] {processor.py:654} INFO - DAG(s) dict_keys(['example_complex']) retrieved from /home/airflow/.local/lib/python3.6/site-packages/airflow/example_dags/example_complex.py
[2025-05-31 11:04:27,433] {logging_mixin.py:109} INFO - [2025-05-31 11:04:27,432] {dag.py:2396} INFO - Sync 1 DAGs
[2025-05-31 11:04:27,463] {logging_mixin.py:109} INFO - [2025-05-31 11:04:27,463] {dag.py:2935} INFO - Setting next_dagrun for example_complex to None
[2025-05-31 11:04:27,479] {processor.py:171} INFO - Processing /home/airflow/.local/lib/python3.6/site-packages/airflow/example_dags/example_complex.py took 0.175 seconds
[2025-05-31 11:04:58,491] {processor.py:163} INFO - Started process (PID=7063) to work on /home/airflow/.local/lib/python3.6/site-packages/airflow/example_dags/example_complex.py
[2025-05-31 11:04:58,493] {processor.py:642} INFO - Processing file /home/airflow/.local/lib/python3.6/site-packages/airflow/example_dags/example_complex.py for tasks to queue
[2025-05-31 11:04:58,494] {logging_mixin.py:109} INFO - [2025-05-31 11:04:58,494] {dagbag.py:500} INFO - Filling up the DagBag from /home/airflow/.local/lib/python3.6/site-packages/airflow/example_dags/example_complex.py
[2025-05-31 11:04:58,561] {processor.py:654} INFO - DAG(s) dict_keys(['example_complex']) retrieved from /home/airflow/.local/lib/python3.6/site-packages/airflow/example_dags/example_complex.py
[2025-05-31 11:04:58,597] {logging_mixin.py:109} INFO - [2025-05-31 11:04:58,597] {dag.py:2396} INFO - Sync 1 DAGs
[2025-05-31 11:04:58,629] {logging_mixin.py:109} INFO - [2025-05-31 11:04:58,629] {dag.py:2935} INFO - Setting next_dagrun for example_complex to None
[2025-05-31 11:04:58,647] {processor.py:171} INFO - Processing /home/airflow/.local/lib/python3.6/site-packages/airflow/example_dags/example_complex.py took 0.161 seconds
[2025-05-31 11:05:29,115] {processor.py:163} INFO - Started process (PID=7241) to work on /home/airflow/.local/lib/python3.6/site-packages/airflow/example_dags/example_complex.py
[2025-05-31 11:05:29,117] {processor.py:642} INFO - Processing file /home/airflow/.local/lib/python3.6/site-packages/airflow/example_dags/example_complex.py for tasks to queue
[2025-05-31 11:05:29,118] {logging_mixin.py:109} INFO - [2025-05-31 11:05:29,118] {dagbag.py:500} INFO - Filling up the DagBag from /home/airflow/.local/lib/python3.6/site-packages/airflow/example_dags/example_complex.py
[2025-05-31 11:05:29,164] {processor.py:654} INFO - DAG(s) dict_keys(['example_complex']) retrieved from /home/airflow/.local/lib/python3.6/site-packages/airflow/example_dags/example_complex.py
[2025-05-31 11:05:29,188] {logging_mixin.py:109} INFO - [2025-05-31 11:05:29,188] {dag.py:2396} INFO - Sync 1 DAGs
[2025-05-31 11:05:29,228] {logging_mixin.py:109} INFO - [2025-05-31 11:05:29,228] {dag.py:2935} INFO - Setting next_dagrun for example_complex to None
[2025-05-31 11:05:29,244] {processor.py:171} INFO - Processing /home/airflow/.local/lib/python3.6/site-packages/airflow/example_dags/example_complex.py took 0.133 seconds
[2025-05-31 11:06:03,943] {processor.py:163} INFO - Started process (PID=7436) to work on /home/airflow/.local/lib/python3.6/site-packages/airflow/example_dags/example_complex.py
[2025-05-31 11:06:03,946] {processor.py:642} INFO - Processing file /home/airflow/.local/lib/python3.6/site-packages/airflow/example_dags/example_complex.py for tasks to queue
[2025-05-31 11:06:03,948] {logging_mixin.py:109} INFO - [2025-05-31 11:06:03,948] {dagbag.py:500} INFO - Filling up the DagBag from /home/airflow/.local/lib/python3.6/site-packages/airflow/example_dags/example_complex.py
[2025-05-31 11:06:04,052] {processor.py:654} INFO - DAG(s) dict_keys(['example_complex']) retrieved from /home/airflow/.local/lib/python3.6/site-packages/airflow/example_dags/example_complex.py
[2025-05-31 11:06:04,111] {logging_mixin.py:109} INFO - [2025-05-31 11:06:04,111] {dag.py:2396} INFO - Sync 1 DAGs
[2025-05-31 11:06:04,218] {logging_mixin.py:109} INFO - [2025-05-31 11:06:04,218] {dag.py:2935} INFO - Setting next_dagrun for example_complex to None
[2025-05-31 11:06:04,244] {processor.py:171} INFO - Processing /home/airflow/.local/lib/python3.6/site-packages/airflow/example_dags/example_complex.py took 0.308 seconds
[2025-05-31 11:06:35,382] {processor.py:163} INFO - Started process (PID=7616) to work on /home/airflow/.local/lib/python3.6/site-packages/airflow/example_dags/example_complex.py
[2025-05-31 11:06:35,384] {processor.py:642} INFO - Processing file /home/airflow/.local/lib/python3.6/site-packages/airflow/example_dags/example_complex.py for tasks to queue
[2025-05-31 11:06:35,386] {logging_mixin.py:109} INFO - [2025-05-31 11:06:35,386] {dagbag.py:500} INFO - Filling up the DagBag from /home/airflow/.local/lib/python3.6/site-packages/airflow/example_dags/example_complex.py
[2025-05-31 11:06:35,481] {processor.py:654} INFO - DAG(s) dict_keys(['example_complex']) retrieved from /home/airflow/.local/lib/python3.6/site-packages/airflow/example_dags/example_complex.py
[2025-05-31 11:06:35,536] {logging_mixin.py:109} INFO - [2025-05-31 11:06:35,536] {dag.py:2396} INFO - Sync 1 DAGs
[2025-05-31 11:06:35,566] {logging_mixin.py:109} INFO - [2025-05-31 11:06:35,566] {dag.py:2935} INFO - Setting next_dagrun for example_complex to None
[2025-05-31 11:06:35,581] {processor.py:171} INFO - Processing /home/airflow/.local/lib/python3.6/site-packages/airflow/example_dags/example_complex.py took 0.205 seconds
[2025-05-31 11:07:05,956] {processor.py:163} INFO - Started process (PID=7796) to work on /home/airflow/.local/lib/python3.6/site-packages/airflow/example_dags/example_complex.py
[2025-05-31 11:07:05,958] {processor.py:642} INFO - Processing file /home/airflow/.local/lib/python3.6/site-packages/airflow/example_dags/example_complex.py for tasks to queue
[2025-05-31 11:07:05,959] {logging_mixin.py:109} INFO - [2025-05-31 11:07:05,959] {dagbag.py:500} INFO - Filling up the DagBag from /home/airflow/.local/lib/python3.6/site-packages/airflow/example_dags/example_complex.py
[2025-05-31 11:07:06,017] {processor.py:654} INFO - DAG(s) dict_keys(['example_complex']) retrieved from /home/airflow/.local/lib/python3.6/site-packages/airflow/example_dags/example_complex.py
[2025-05-31 11:07:06,039] {logging_mixin.py:109} INFO - [2025-05-31 11:07:06,039] {dag.py:2396} INFO - Sync 1 DAGs
[2025-05-31 11:07:06,064] {logging_mixin.py:109} INFO - [2025-05-31 11:07:06,064] {dag.py:2935} INFO - Setting next_dagrun for example_complex to None
[2025-05-31 11:07:06,083] {processor.py:171} INFO - Processing /home/airflow/.local/lib/python3.6/site-packages/airflow/example_dags/example_complex.py took 0.131 seconds
[2025-05-31 11:07:36,669] {processor.py:163} INFO - Started process (PID=7985) to work on /home/airflow/.local/lib/python3.6/site-packages/airflow/example_dags/example_complex.py
[2025-05-31 11:07:36,671] {processor.py:642} INFO - Processing file /home/airflow/.local/lib/python3.6/site-packages/airflow/example_dags/example_complex.py for tasks to queue
[2025-05-31 11:07:36,672] {logging_mixin.py:109} INFO - [2025-05-31 11:07:36,672] {dagbag.py:500} INFO - Filling up the DagBag from /home/airflow/.local/lib/python3.6/site-packages/airflow/example_dags/example_complex.py
[2025-05-31 11:07:36,733] {processor.py:654} INFO - DAG(s) dict_keys(['example_complex']) retrieved from /home/airflow/.local/lib/python3.6/site-packages/airflow/example_dags/example_complex.py
[2025-05-31 11:07:36,763] {logging_mixin.py:109} INFO - [2025-05-31 11:07:36,763] {dag.py:2396} INFO - Sync 1 DAGs
[2025-05-31 11:07:36,796] {logging_mixin.py:109} INFO - [2025-05-31 11:07:36,796] {dag.py:2935} INFO - Setting next_dagrun for example_complex to None
[2025-05-31 11:07:36,813] {processor.py:171} INFO - Processing /home/airflow/.local/lib/python3.6/site-packages/airflow/example_dags/example_complex.py took 0.148 seconds
[2025-05-31 11:08:07,173] {processor.py:163} INFO - Started process (PID=8168) to work on /home/airflow/.local/lib/python3.6/site-packages/airflow/example_dags/example_complex.py
[2025-05-31 11:08:07,174] {processor.py:642} INFO - Processing file /home/airflow/.local/lib/python3.6/site-packages/airflow/example_dags/example_complex.py for tasks to queue
[2025-05-31 11:08:07,176] {logging_mixin.py:109} INFO - [2025-05-31 11:08:07,175] {dagbag.py:500} INFO - Filling up the DagBag from /home/airflow/.local/lib/python3.6/site-packages/airflow/example_dags/example_complex.py
[2025-05-31 11:08:07,220] {processor.py:654} INFO - DAG(s) dict_keys(['example_complex']) retrieved from /home/airflow/.local/lib/python3.6/site-packages/airflow/example_dags/example_complex.py
[2025-05-31 11:08:07,242] {logging_mixin.py:109} INFO - [2025-05-31 11:08:07,242] {dag.py:2396} INFO - Sync 1 DAGs
[2025-05-31 11:08:07,265] {logging_mixin.py:109} INFO - [2025-05-31 11:08:07,264] {dag.py:2935} INFO - Setting next_dagrun for example_complex to None
[2025-05-31 11:08:07,278] {processor.py:171} INFO - Processing /home/airflow/.local/lib/python3.6/site-packages/airflow/example_dags/example_complex.py took 0.109 seconds
[2025-05-31 11:08:37,865] {processor.py:163} INFO - Started process (PID=8346) to work on /home/airflow/.local/lib/python3.6/site-packages/airflow/example_dags/example_complex.py
[2025-05-31 11:08:37,867] {processor.py:642} INFO - Processing file /home/airflow/.local/lib/python3.6/site-packages/airflow/example_dags/example_complex.py for tasks to queue
[2025-05-31 11:08:37,868] {logging_mixin.py:109} INFO - [2025-05-31 11:08:37,868] {dagbag.py:500} INFO - Filling up the DagBag from /home/airflow/.local/lib/python3.6/site-packages/airflow/example_dags/example_complex.py
[2025-05-31 11:08:37,925] {processor.py:654} INFO - DAG(s) dict_keys(['example_complex']) retrieved from /home/airflow/.local/lib/python3.6/site-packages/airflow/example_dags/example_complex.py
[2025-05-31 11:08:37,952] {logging_mixin.py:109} INFO - [2025-05-31 11:08:37,952] {dag.py:2396} INFO - Sync 1 DAGs
[2025-05-31 11:08:37,984] {logging_mixin.py:109} INFO - [2025-05-31 11:08:37,984] {dag.py:2935} INFO - Setting next_dagrun for example_complex to None
[2025-05-31 11:08:37,999] {processor.py:171} INFO - Processing /home/airflow/.local/lib/python3.6/site-packages/airflow/example_dags/example_complex.py took 0.139 seconds
[2025-05-31 11:09:08,977] {processor.py:163} INFO - Started process (PID=8536) to work on /home/airflow/.local/lib/python3.6/site-packages/airflow/example_dags/example_complex.py
[2025-05-31 11:09:08,979] {processor.py:642} INFO - Processing file /home/airflow/.local/lib/python3.6/site-packages/airflow/example_dags/example_complex.py for tasks to queue
[2025-05-31 11:09:08,980] {logging_mixin.py:109} INFO - [2025-05-31 11:09:08,980] {dagbag.py:500} INFO - Filling up the DagBag from /home/airflow/.local/lib/python3.6/site-packages/airflow/example_dags/example_complex.py
[2025-05-31 11:09:09,031] {processor.py:654} INFO - DAG(s) dict_keys(['example_complex']) retrieved from /home/airflow/.local/lib/python3.6/site-packages/airflow/example_dags/example_complex.py
[2025-05-31 11:09:09,063] {logging_mixin.py:109} INFO - [2025-05-31 11:09:09,063] {dag.py:2396} INFO - Sync 1 DAGs
[2025-05-31 11:09:09,090] {logging_mixin.py:109} INFO - [2025-05-31 11:09:09,090] {dag.py:2935} INFO - Setting next_dagrun for example_complex to None
[2025-05-31 11:09:09,107] {processor.py:171} INFO - Processing /home/airflow/.local/lib/python3.6/site-packages/airflow/example_dags/example_complex.py took 0.135 seconds
[2025-05-31 11:09:39,457] {processor.py:163} INFO - Started process (PID=8715) to work on /home/airflow/.local/lib/python3.6/site-packages/airflow/example_dags/example_complex.py
[2025-05-31 11:09:39,459] {processor.py:642} INFO - Processing file /home/airflow/.local/lib/python3.6/site-packages/airflow/example_dags/example_complex.py for tasks to queue
[2025-05-31 11:09:39,460] {logging_mixin.py:109} INFO - [2025-05-31 11:09:39,460] {dagbag.py:500} INFO - Filling up the DagBag from /home/airflow/.local/lib/python3.6/site-packages/airflow/example_dags/example_complex.py
[2025-05-31 11:09:39,513] {processor.py:654} INFO - DAG(s) dict_keys(['example_complex']) retrieved from /home/airflow/.local/lib/python3.6/site-packages/airflow/example_dags/example_complex.py
[2025-05-31 11:09:39,537] {logging_mixin.py:109} INFO - [2025-05-31 11:09:39,536] {dag.py:2396} INFO - Sync 1 DAGs
[2025-05-31 11:09:39,563] {logging_mixin.py:109} INFO - [2025-05-31 11:09:39,562] {dag.py:2935} INFO - Setting next_dagrun for example_complex to None
[2025-05-31 11:09:39,670] {processor.py:171} INFO - Processing /home/airflow/.local/lib/python3.6/site-packages/airflow/example_dags/example_complex.py took 0.219 seconds
[2025-05-31 11:10:10,349] {processor.py:163} INFO - Started process (PID=8895) to work on /home/airflow/.local/lib/python3.6/site-packages/airflow/example_dags/example_complex.py
[2025-05-31 11:10:10,350] {processor.py:642} INFO - Processing file /home/airflow/.local/lib/python3.6/site-packages/airflow/example_dags/example_complex.py for tasks to queue
[2025-05-31 11:10:10,352] {logging_mixin.py:109} INFO - [2025-05-31 11:10:10,351] {dagbag.py:500} INFO - Filling up the DagBag from /home/airflow/.local/lib/python3.6/site-packages/airflow/example_dags/example_complex.py
[2025-05-31 11:10:10,398] {processor.py:654} INFO - DAG(s) dict_keys(['example_complex']) retrieved from /home/airflow/.local/lib/python3.6/site-packages/airflow/example_dags/example_complex.py
[2025-05-31 11:10:10,422] {logging_mixin.py:109} INFO - [2025-05-31 11:10:10,421] {dag.py:2396} INFO - Sync 1 DAGs
[2025-05-31 11:10:10,529] {logging_mixin.py:109} INFO - [2025-05-31 11:10:10,529] {dag.py:2935} INFO - Setting next_dagrun for example_complex to None
[2025-05-31 11:10:10,543] {processor.py:171} INFO - Processing /home/airflow/.local/lib/python3.6/site-packages/airflow/example_dags/example_complex.py took 0.199 seconds
[2025-05-31 11:10:41,733] {processor.py:163} INFO - Started process (PID=9085) to work on /home/airflow/.local/lib/python3.6/site-packages/airflow/example_dags/example_complex.py
[2025-05-31 11:10:41,735] {processor.py:642} INFO - Processing file /home/airflow/.local/lib/python3.6/site-packages/airflow/example_dags/example_complex.py for tasks to queue
[2025-05-31 11:10:41,736] {logging_mixin.py:109} INFO - [2025-05-31 11:10:41,736] {dagbag.py:500} INFO - Filling up the DagBag from /home/airflow/.local/lib/python3.6/site-packages/airflow/example_dags/example_complex.py
[2025-05-31 11:10:41,800] {processor.py:654} INFO - DAG(s) dict_keys(['example_complex']) retrieved from /home/airflow/.local/lib/python3.6/site-packages/airflow/example_dags/example_complex.py
[2025-05-31 11:10:41,826] {logging_mixin.py:109} INFO - [2025-05-31 11:10:41,826] {dag.py:2396} INFO - Sync 1 DAGs
[2025-05-31 11:10:41,968] {logging_mixin.py:109} INFO - [2025-05-31 11:10:41,968] {dag.py:2935} INFO - Setting next_dagrun for example_complex to None
[2025-05-31 11:10:41,989] {processor.py:171} INFO - Processing /home/airflow/.local/lib/python3.6/site-packages/airflow/example_dags/example_complex.py took 0.262 seconds
[2025-05-31 11:11:13,586] {processor.py:163} INFO - Started process (PID=9265) to work on /home/airflow/.local/lib/python3.6/site-packages/airflow/example_dags/example_complex.py
[2025-05-31 11:11:13,588] {processor.py:642} INFO - Processing file /home/airflow/.local/lib/python3.6/site-packages/airflow/example_dags/example_complex.py for tasks to queue
[2025-05-31 11:11:13,589] {logging_mixin.py:109} INFO - [2025-05-31 11:11:13,589] {dagbag.py:500} INFO - Filling up the DagBag from /home/airflow/.local/lib/python3.6/site-packages/airflow/example_dags/example_complex.py
[2025-05-31 11:11:13,645] {processor.py:654} INFO - DAG(s) dict_keys(['example_complex']) retrieved from /home/airflow/.local/lib/python3.6/site-packages/airflow/example_dags/example_complex.py
[2025-05-31 11:11:13,770] {logging_mixin.py:109} INFO - [2025-05-31 11:11:13,770] {dag.py:2396} INFO - Sync 1 DAGs
[2025-05-31 11:11:13,804] {logging_mixin.py:109} INFO - [2025-05-31 11:11:13,804] {dag.py:2935} INFO - Setting next_dagrun for example_complex to None
[2025-05-31 11:11:13,822] {processor.py:171} INFO - Processing /home/airflow/.local/lib/python3.6/site-packages/airflow/example_dags/example_complex.py took 0.241 seconds
[2025-05-31 11:11:44,495] {processor.py:163} INFO - Started process (PID=9445) to work on /home/airflow/.local/lib/python3.6/site-packages/airflow/example_dags/example_complex.py
[2025-05-31 11:11:44,496] {processor.py:642} INFO - Processing file /home/airflow/.local/lib/python3.6/site-packages/airflow/example_dags/example_complex.py for tasks to queue
[2025-05-31 11:11:44,498] {logging_mixin.py:109} INFO - [2025-05-31 11:11:44,497] {dagbag.py:500} INFO - Filling up the DagBag from /home/airflow/.local/lib/python3.6/site-packages/airflow/example_dags/example_complex.py
[2025-05-31 11:11:44,543] {processor.py:654} INFO - DAG(s) dict_keys(['example_complex']) retrieved from /home/airflow/.local/lib/python3.6/site-packages/airflow/example_dags/example_complex.py
[2025-05-31 11:11:44,667] {logging_mixin.py:109} INFO - [2025-05-31 11:11:44,666] {dag.py:2396} INFO - Sync 1 DAGs
[2025-05-31 11:11:44,687] {logging_mixin.py:109} INFO - [2025-05-31 11:11:44,687] {dag.py:2935} INFO - Setting next_dagrun for example_complex to None
[2025-05-31 11:11:44,700] {processor.py:171} INFO - Processing /home/airflow/.local/lib/python3.6/site-packages/airflow/example_dags/example_complex.py took 0.210 seconds
[2025-05-31 11:12:15,664] {processor.py:163} INFO - Started process (PID=9625) to work on /home/airflow/.local/lib/python3.6/site-packages/airflow/example_dags/example_complex.py
[2025-05-31 11:12:15,666] {processor.py:642} INFO - Processing file /home/airflow/.local/lib/python3.6/site-packages/airflow/example_dags/example_complex.py for tasks to queue
[2025-05-31 11:12:15,667] {logging_mixin.py:109} INFO - [2025-05-31 11:12:15,667] {dagbag.py:500} INFO - Filling up the DagBag from /home/airflow/.local/lib/python3.6/site-packages/airflow/example_dags/example_complex.py
[2025-05-31 11:12:15,873] {processor.py:654} INFO - DAG(s) dict_keys(['example_complex']) retrieved from /home/airflow/.local/lib/python3.6/site-packages/airflow/example_dags/example_complex.py
[2025-05-31 11:12:15,905] {logging_mixin.py:109} INFO - [2025-05-31 11:12:15,905] {dag.py:2396} INFO - Sync 1 DAGs
[2025-05-31 11:12:15,933] {logging_mixin.py:109} INFO - [2025-05-31 11:12:15,933] {dag.py:2935} INFO - Setting next_dagrun for example_complex to None
[2025-05-31 11:12:15,950] {processor.py:171} INFO - Processing /home/airflow/.local/lib/python3.6/site-packages/airflow/example_dags/example_complex.py took 0.297 seconds
[2025-05-31 11:12:47,468] {processor.py:163} INFO - Started process (PID=9825) to work on /home/airflow/.local/lib/python3.6/site-packages/airflow/example_dags/example_complex.py
[2025-05-31 11:12:47,469] {processor.py:642} INFO - Processing file /home/airflow/.local/lib/python3.6/site-packages/airflow/example_dags/example_complex.py for tasks to queue
[2025-05-31 11:12:47,471] {logging_mixin.py:109} INFO - [2025-05-31 11:12:47,470] {dagbag.py:500} INFO - Filling up the DagBag from /home/airflow/.local/lib/python3.6/site-packages/airflow/example_dags/example_complex.py
[2025-05-31 11:12:47,647] {processor.py:654} INFO - DAG(s) dict_keys(['example_complex']) retrieved from /home/airflow/.local/lib/python3.6/site-packages/airflow/example_dags/example_complex.py
[2025-05-31 11:12:47,687] {logging_mixin.py:109} INFO - [2025-05-31 11:12:47,687] {dag.py:2396} INFO - Sync 1 DAGs
[2025-05-31 11:12:47,720] {logging_mixin.py:109} INFO - [2025-05-31 11:12:47,720] {dag.py:2935} INFO - Setting next_dagrun for example_complex to None
[2025-05-31 11:12:47,738] {processor.py:171} INFO - Processing /home/airflow/.local/lib/python3.6/site-packages/airflow/example_dags/example_complex.py took 0.276 seconds
[2025-05-31 11:13:17,797] {processor.py:163} INFO - Started process (PID=10005) to work on /home/airflow/.local/lib/python3.6/site-packages/airflow/example_dags/example_complex.py
[2025-05-31 11:13:17,800] {processor.py:642} INFO - Processing file /home/airflow/.local/lib/python3.6/site-packages/airflow/example_dags/example_complex.py for tasks to queue
[2025-05-31 11:13:17,801] {logging_mixin.py:109} INFO - [2025-05-31 11:13:17,801] {dagbag.py:500} INFO - Filling up the DagBag from /home/airflow/.local/lib/python3.6/site-packages/airflow/example_dags/example_complex.py
[2025-05-31 11:13:17,941] {processor.py:654} INFO - DAG(s) dict_keys(['example_complex']) retrieved from /home/airflow/.local/lib/python3.6/site-packages/airflow/example_dags/example_complex.py
[2025-05-31 11:13:17,961] {logging_mixin.py:109} INFO - [2025-05-31 11:13:17,961] {dag.py:2396} INFO - Sync 1 DAGs
[2025-05-31 11:13:17,983] {logging_mixin.py:109} INFO - [2025-05-31 11:13:17,983] {dag.py:2935} INFO - Setting next_dagrun for example_complex to None
[2025-05-31 11:13:17,995] {processor.py:171} INFO - Processing /home/airflow/.local/lib/python3.6/site-packages/airflow/example_dags/example_complex.py took 0.202 seconds
[2025-05-31 11:13:49,334] {processor.py:163} INFO - Started process (PID=10195) to work on /home/airflow/.local/lib/python3.6/site-packages/airflow/example_dags/example_complex.py
[2025-05-31 11:13:49,337] {processor.py:642} INFO - Processing file /home/airflow/.local/lib/python3.6/site-packages/airflow/example_dags/example_complex.py for tasks to queue
[2025-05-31 11:13:49,339] {logging_mixin.py:109} INFO - [2025-05-31 11:13:49,338] {dagbag.py:500} INFO - Filling up the DagBag from /home/airflow/.local/lib/python3.6/site-packages/airflow/example_dags/example_complex.py
[2025-05-31 11:13:49,517] {processor.py:654} INFO - DAG(s) dict_keys(['example_complex']) retrieved from /home/airflow/.local/lib/python3.6/site-packages/airflow/example_dags/example_complex.py
[2025-05-31 11:13:49,544] {logging_mixin.py:109} INFO - [2025-05-31 11:13:49,544] {dag.py:2396} INFO - Sync 1 DAGs
[2025-05-31 11:13:49,577] {logging_mixin.py:109} INFO - [2025-05-31 11:13:49,577] {dag.py:2935} INFO - Setting next_dagrun for example_complex to None
[2025-05-31 11:13:49,590] {processor.py:171} INFO - Processing /home/airflow/.local/lib/python3.6/site-packages/airflow/example_dags/example_complex.py took 0.263 seconds
[2025-05-31 11:14:20,348] {processor.py:163} INFO - Started process (PID=10375) to work on /home/airflow/.local/lib/python3.6/site-packages/airflow/example_dags/example_complex.py
[2025-05-31 11:14:20,350] {processor.py:642} INFO - Processing file /home/airflow/.local/lib/python3.6/site-packages/airflow/example_dags/example_complex.py for tasks to queue
[2025-05-31 11:14:20,351] {logging_mixin.py:109} INFO - [2025-05-31 11:14:20,351] {dagbag.py:500} INFO - Filling up the DagBag from /home/airflow/.local/lib/python3.6/site-packages/airflow/example_dags/example_complex.py
[2025-05-31 11:14:20,512] {processor.py:654} INFO - DAG(s) dict_keys(['example_complex']) retrieved from /home/airflow/.local/lib/python3.6/site-packages/airflow/example_dags/example_complex.py
[2025-05-31 11:14:20,535] {logging_mixin.py:109} INFO - [2025-05-31 11:14:20,535] {dag.py:2396} INFO - Sync 1 DAGs
[2025-05-31 11:14:20,555] {logging_mixin.py:109} INFO - [2025-05-31 11:14:20,555] {dag.py:2935} INFO - Setting next_dagrun for example_complex to None
[2025-05-31 11:14:20,568] {processor.py:171} INFO - Processing /home/airflow/.local/lib/python3.6/site-packages/airflow/example_dags/example_complex.py took 0.224 seconds
[2025-05-31 11:14:51,432] {processor.py:163} INFO - Started process (PID=10555) to work on /home/airflow/.local/lib/python3.6/site-packages/airflow/example_dags/example_complex.py
[2025-05-31 11:14:51,434] {processor.py:642} INFO - Processing file /home/airflow/.local/lib/python3.6/site-packages/airflow/example_dags/example_complex.py for tasks to queue
[2025-05-31 11:14:51,436] {logging_mixin.py:109} INFO - [2025-05-31 11:14:51,436] {dagbag.py:500} INFO - Filling up the DagBag from /home/airflow/.local/lib/python3.6/site-packages/airflow/example_dags/example_complex.py
[2025-05-31 11:14:51,584] {processor.py:654} INFO - DAG(s) dict_keys(['example_complex']) retrieved from /home/airflow/.local/lib/python3.6/site-packages/airflow/example_dags/example_complex.py
[2025-05-31 11:14:51,607] {logging_mixin.py:109} INFO - [2025-05-31 11:14:51,607] {dag.py:2396} INFO - Sync 1 DAGs
[2025-05-31 11:14:51,628] {logging_mixin.py:109} INFO - [2025-05-31 11:14:51,628] {dag.py:2935} INFO - Setting next_dagrun for example_complex to None
[2025-05-31 11:14:51,642] {processor.py:171} INFO - Processing /home/airflow/.local/lib/python3.6/site-packages/airflow/example_dags/example_complex.py took 0.216 seconds
[2025-05-31 11:15:23,313] {processor.py:163} INFO - Started process (PID=10746) to work on /home/airflow/.local/lib/python3.6/site-packages/airflow/example_dags/example_complex.py
[2025-05-31 11:15:23,315] {processor.py:642} INFO - Processing file /home/airflow/.local/lib/python3.6/site-packages/airflow/example_dags/example_complex.py for tasks to queue
[2025-05-31 11:15:23,316] {logging_mixin.py:109} INFO - [2025-05-31 11:15:23,316] {dagbag.py:500} INFO - Filling up the DagBag from /home/airflow/.local/lib/python3.6/site-packages/airflow/example_dags/example_complex.py
[2025-05-31 11:15:23,462] {processor.py:654} INFO - DAG(s) dict_keys(['example_complex']) retrieved from /home/airflow/.local/lib/python3.6/site-packages/airflow/example_dags/example_complex.py
[2025-05-31 11:15:23,482] {logging_mixin.py:109} INFO - [2025-05-31 11:15:23,482] {dag.py:2396} INFO - Sync 1 DAGs
[2025-05-31 11:15:23,501] {logging_mixin.py:109} INFO - [2025-05-31 11:15:23,501] {dag.py:2935} INFO - Setting next_dagrun for example_complex to None
[2025-05-31 11:15:23,513] {processor.py:171} INFO - Processing /home/airflow/.local/lib/python3.6/site-packages/airflow/example_dags/example_complex.py took 0.204 seconds
[2025-05-31 11:15:54,325] {processor.py:163} INFO - Started process (PID=10946) to work on /home/airflow/.local/lib/python3.6/site-packages/airflow/example_dags/example_complex.py
[2025-05-31 11:15:54,327] {processor.py:642} INFO - Processing file /home/airflow/.local/lib/python3.6/site-packages/airflow/example_dags/example_complex.py for tasks to queue
[2025-05-31 11:15:54,329] {logging_mixin.py:109} INFO - [2025-05-31 11:15:54,329] {dagbag.py:500} INFO - Filling up the DagBag from /home/airflow/.local/lib/python3.6/site-packages/airflow/example_dags/example_complex.py
[2025-05-31 11:15:54,379] {processor.py:654} INFO - DAG(s) dict_keys(['example_complex']) retrieved from /home/airflow/.local/lib/python3.6/site-packages/airflow/example_dags/example_complex.py
[2025-05-31 11:15:54,403] {logging_mixin.py:109} INFO - [2025-05-31 11:15:54,403] {dag.py:2396} INFO - Sync 1 DAGs
[2025-05-31 11:15:54,429] {logging_mixin.py:109} INFO - [2025-05-31 11:15:54,429] {dag.py:2935} INFO - Setting next_dagrun for example_complex to None
[2025-05-31 11:15:54,442] {processor.py:171} INFO - Processing /home/airflow/.local/lib/python3.6/site-packages/airflow/example_dags/example_complex.py took 0.121 seconds
[2025-05-31 11:16:25,368] {processor.py:163} INFO - Started process (PID=11154) to work on /home/airflow/.local/lib/python3.6/site-packages/airflow/example_dags/example_complex.py
[2025-05-31 11:16:25,370] {processor.py:642} INFO - Processing file /home/airflow/.local/lib/python3.6/site-packages/airflow/example_dags/example_complex.py for tasks to queue
[2025-05-31 11:16:25,372] {logging_mixin.py:109} INFO - [2025-05-31 11:16:25,372] {dagbag.py:500} INFO - Filling up the DagBag from /home/airflow/.local/lib/python3.6/site-packages/airflow/example_dags/example_complex.py
[2025-05-31 11:16:25,444] {processor.py:654} INFO - DAG(s) dict_keys(['example_complex']) retrieved from /home/airflow/.local/lib/python3.6/site-packages/airflow/example_dags/example_complex.py
[2025-05-31 11:16:25,477] {logging_mixin.py:109} INFO - [2025-05-31 11:16:25,477] {dag.py:2396} INFO - Sync 1 DAGs
[2025-05-31 11:16:25,525] {logging_mixin.py:109} INFO - [2025-05-31 11:16:25,524] {dag.py:2935} INFO - Setting next_dagrun for example_complex to None
[2025-05-31 11:16:25,553] {processor.py:171} INFO - Processing /home/airflow/.local/lib/python3.6/site-packages/airflow/example_dags/example_complex.py took 0.191 seconds
[2025-05-31 11:16:56,465] {processor.py:163} INFO - Started process (PID=11349) to work on /home/airflow/.local/lib/python3.6/site-packages/airflow/example_dags/example_complex.py
[2025-05-31 11:16:56,467] {processor.py:642} INFO - Processing file /home/airflow/.local/lib/python3.6/site-packages/airflow/example_dags/example_complex.py for tasks to queue
[2025-05-31 11:16:56,469] {logging_mixin.py:109} INFO - [2025-05-31 11:16:56,469] {dagbag.py:500} INFO - Filling up the DagBag from /home/airflow/.local/lib/python3.6/site-packages/airflow/example_dags/example_complex.py
[2025-05-31 11:16:56,526] {processor.py:654} INFO - DAG(s) dict_keys(['example_complex']) retrieved from /home/airflow/.local/lib/python3.6/site-packages/airflow/example_dags/example_complex.py
[2025-05-31 11:16:56,555] {logging_mixin.py:109} INFO - [2025-05-31 11:16:56,555] {dag.py:2396} INFO - Sync 1 DAGs
[2025-05-31 11:16:56,586] {logging_mixin.py:109} INFO - [2025-05-31 11:16:56,586] {dag.py:2935} INFO - Setting next_dagrun for example_complex to None
[2025-05-31 11:16:56,602] {processor.py:171} INFO - Processing /home/airflow/.local/lib/python3.6/site-packages/airflow/example_dags/example_complex.py took 0.144 seconds
[2025-05-31 11:17:26,859] {processor.py:163} INFO - Started process (PID=11534) to work on /home/airflow/.local/lib/python3.6/site-packages/airflow/example_dags/example_complex.py
[2025-05-31 11:17:26,861] {processor.py:642} INFO - Processing file /home/airflow/.local/lib/python3.6/site-packages/airflow/example_dags/example_complex.py for tasks to queue
[2025-05-31 11:17:26,862] {logging_mixin.py:109} INFO - [2025-05-31 11:17:26,862] {dagbag.py:500} INFO - Filling up the DagBag from /home/airflow/.local/lib/python3.6/site-packages/airflow/example_dags/example_complex.py
[2025-05-31 11:17:26,908] {processor.py:654} INFO - DAG(s) dict_keys(['example_complex']) retrieved from /home/airflow/.local/lib/python3.6/site-packages/airflow/example_dags/example_complex.py
[2025-05-31 11:17:26,935] {logging_mixin.py:109} INFO - [2025-05-31 11:17:26,935] {dag.py:2396} INFO - Sync 1 DAGs
[2025-05-31 11:17:26,971] {logging_mixin.py:109} INFO - [2025-05-31 11:17:26,971] {dag.py:2935} INFO - Setting next_dagrun for example_complex to None
[2025-05-31 11:17:26,988] {processor.py:171} INFO - Processing /home/airflow/.local/lib/python3.6/site-packages/airflow/example_dags/example_complex.py took 0.133 seconds
[2025-05-31 11:17:57,827] {processor.py:163} INFO - Started process (PID=11719) to work on /home/airflow/.local/lib/python3.6/site-packages/airflow/example_dags/example_complex.py
[2025-05-31 11:17:57,829] {processor.py:642} INFO - Processing file /home/airflow/.local/lib/python3.6/site-packages/airflow/example_dags/example_complex.py for tasks to queue
[2025-05-31 11:17:57,831] {logging_mixin.py:109} INFO - [2025-05-31 11:17:57,830] {dagbag.py:500} INFO - Filling up the DagBag from /home/airflow/.local/lib/python3.6/site-packages/airflow/example_dags/example_complex.py
[2025-05-31 11:17:57,909] {processor.py:654} INFO - DAG(s) dict_keys(['example_complex']) retrieved from /home/airflow/.local/lib/python3.6/site-packages/airflow/example_dags/example_complex.py
[2025-05-31 11:17:57,945] {logging_mixin.py:109} INFO - [2025-05-31 11:17:57,945] {dag.py:2396} INFO - Sync 1 DAGs
[2025-05-31 11:17:57,981] {logging_mixin.py:109} INFO - [2025-05-31 11:17:57,981] {dag.py:2935} INFO - Setting next_dagrun for example_complex to None
[2025-05-31 11:17:58,006] {processor.py:171} INFO - Processing /home/airflow/.local/lib/python3.6/site-packages/airflow/example_dags/example_complex.py took 0.186 seconds
[2025-05-31 11:18:28,317] {processor.py:163} INFO - Started process (PID=11914) to work on /home/airflow/.local/lib/python3.6/site-packages/airflow/example_dags/example_complex.py
[2025-05-31 11:18:28,318] {processor.py:642} INFO - Processing file /home/airflow/.local/lib/python3.6/site-packages/airflow/example_dags/example_complex.py for tasks to queue
[2025-05-31 11:18:28,320] {logging_mixin.py:109} INFO - [2025-05-31 11:18:28,319] {dagbag.py:500} INFO - Filling up the DagBag from /home/airflow/.local/lib/python3.6/site-packages/airflow/example_dags/example_complex.py
[2025-05-31 11:18:28,376] {processor.py:654} INFO - DAG(s) dict_keys(['example_complex']) retrieved from /home/airflow/.local/lib/python3.6/site-packages/airflow/example_dags/example_complex.py
[2025-05-31 11:18:28,403] {logging_mixin.py:109} INFO - [2025-05-31 11:18:28,403] {dag.py:2396} INFO - Sync 1 DAGs
[2025-05-31 11:18:28,431] {logging_mixin.py:109} INFO - [2025-05-31 11:18:28,431] {dag.py:2935} INFO - Setting next_dagrun for example_complex to None
[2025-05-31 11:18:28,446] {processor.py:171} INFO - Processing /home/airflow/.local/lib/python3.6/site-packages/airflow/example_dags/example_complex.py took 0.135 seconds
[2025-05-31 11:18:59,959] {processor.py:163} INFO - Started process (PID=12101) to work on /home/airflow/.local/lib/python3.6/site-packages/airflow/example_dags/example_complex.py
[2025-05-31 11:18:59,961] {processor.py:642} INFO - Processing file /home/airflow/.local/lib/python3.6/site-packages/airflow/example_dags/example_complex.py for tasks to queue
[2025-05-31 11:18:59,962] {logging_mixin.py:109} INFO - [2025-05-31 11:18:59,962] {dagbag.py:500} INFO - Filling up the DagBag from /home/airflow/.local/lib/python3.6/site-packages/airflow/example_dags/example_complex.py
[2025-05-31 11:19:00,021] {processor.py:654} INFO - DAG(s) dict_keys(['example_complex']) retrieved from /home/airflow/.local/lib/python3.6/site-packages/airflow/example_dags/example_complex.py
[2025-05-31 11:19:00,047] {logging_mixin.py:109} INFO - [2025-05-31 11:19:00,047] {dag.py:2396} INFO - Sync 1 DAGs
[2025-05-31 11:19:00,079] {logging_mixin.py:109} INFO - [2025-05-31 11:19:00,079] {dag.py:2935} INFO - Setting next_dagrun for example_complex to None
[2025-05-31 11:19:00,097] {processor.py:171} INFO - Processing /home/airflow/.local/lib/python3.6/site-packages/airflow/example_dags/example_complex.py took 0.142 seconds
[2025-05-31 11:19:30,435] {processor.py:163} INFO - Started process (PID=12286) to work on /home/airflow/.local/lib/python3.6/site-packages/airflow/example_dags/example_complex.py
[2025-05-31 11:19:30,437] {processor.py:642} INFO - Processing file /home/airflow/.local/lib/python3.6/site-packages/airflow/example_dags/example_complex.py for tasks to queue
[2025-05-31 11:19:30,438] {logging_mixin.py:109} INFO - [2025-05-31 11:19:30,438] {dagbag.py:500} INFO - Filling up the DagBag from /home/airflow/.local/lib/python3.6/site-packages/airflow/example_dags/example_complex.py
[2025-05-31 11:19:30,499] {processor.py:654} INFO - DAG(s) dict_keys(['example_complex']) retrieved from /home/airflow/.local/lib/python3.6/site-packages/airflow/example_dags/example_complex.py
[2025-05-31 11:19:30,528] {logging_mixin.py:109} INFO - [2025-05-31 11:19:30,528] {dag.py:2396} INFO - Sync 1 DAGs
[2025-05-31 11:19:30,556] {logging_mixin.py:109} INFO - [2025-05-31 11:19:30,556] {dag.py:2935} INFO - Setting next_dagrun for example_complex to None
[2025-05-31 11:19:30,572] {processor.py:171} INFO - Processing /home/airflow/.local/lib/python3.6/site-packages/airflow/example_dags/example_complex.py took 0.143 seconds
[2025-05-31 11:20:01,342] {processor.py:163} INFO - Started process (PID=12481) to work on /home/airflow/.local/lib/python3.6/site-packages/airflow/example_dags/example_complex.py
[2025-05-31 11:20:01,344] {processor.py:642} INFO - Processing file /home/airflow/.local/lib/python3.6/site-packages/airflow/example_dags/example_complex.py for tasks to queue
[2025-05-31 11:20:01,345] {logging_mixin.py:109} INFO - [2025-05-31 11:20:01,345] {dagbag.py:500} INFO - Filling up the DagBag from /home/airflow/.local/lib/python3.6/site-packages/airflow/example_dags/example_complex.py
[2025-05-31 11:20:01,399] {processor.py:654} INFO - DAG(s) dict_keys(['example_complex']) retrieved from /home/airflow/.local/lib/python3.6/site-packages/airflow/example_dags/example_complex.py
[2025-05-31 11:20:01,424] {logging_mixin.py:109} INFO - [2025-05-31 11:20:01,424] {dag.py:2396} INFO - Sync 1 DAGs
[2025-05-31 11:20:01,451] {logging_mixin.py:109} INFO - [2025-05-31 11:20:01,450] {dag.py:2935} INFO - Setting next_dagrun for example_complex to None
[2025-05-31 11:20:01,466] {processor.py:171} INFO - Processing /home/airflow/.local/lib/python3.6/site-packages/airflow/example_dags/example_complex.py took 0.128 seconds
[2025-05-31 11:20:32,047] {processor.py:163} INFO - Started process (PID=12664) to work on /home/airflow/.local/lib/python3.6/site-packages/airflow/example_dags/example_complex.py
[2025-05-31 11:20:32,048] {processor.py:642} INFO - Processing file /home/airflow/.local/lib/python3.6/site-packages/airflow/example_dags/example_complex.py for tasks to queue
[2025-05-31 11:20:32,049] {logging_mixin.py:109} INFO - [2025-05-31 11:20:32,049] {dagbag.py:500} INFO - Filling up the DagBag from /home/airflow/.local/lib/python3.6/site-packages/airflow/example_dags/example_complex.py
[2025-05-31 11:20:32,105] {processor.py:654} INFO - DAG(s) dict_keys(['example_complex']) retrieved from /home/airflow/.local/lib/python3.6/site-packages/airflow/example_dags/example_complex.py
[2025-05-31 11:20:32,129] {logging_mixin.py:109} INFO - [2025-05-31 11:20:32,129] {dag.py:2396} INFO - Sync 1 DAGs
[2025-05-31 11:20:32,159] {logging_mixin.py:109} INFO - [2025-05-31 11:20:32,158] {dag.py:2935} INFO - Setting next_dagrun for example_complex to None
[2025-05-31 11:20:32,176] {processor.py:171} INFO - Processing /home/airflow/.local/lib/python3.6/site-packages/airflow/example_dags/example_complex.py took 0.135 seconds
[2025-05-31 11:21:02,656] {processor.py:163} INFO - Started process (PID=12849) to work on /home/airflow/.local/lib/python3.6/site-packages/airflow/example_dags/example_complex.py
[2025-05-31 11:21:02,658] {processor.py:642} INFO - Processing file /home/airflow/.local/lib/python3.6/site-packages/airflow/example_dags/example_complex.py for tasks to queue
[2025-05-31 11:21:02,659] {logging_mixin.py:109} INFO - [2025-05-31 11:21:02,659] {dagbag.py:500} INFO - Filling up the DagBag from /home/airflow/.local/lib/python3.6/site-packages/airflow/example_dags/example_complex.py
[2025-05-31 11:21:02,713] {processor.py:654} INFO - DAG(s) dict_keys(['example_complex']) retrieved from /home/airflow/.local/lib/python3.6/site-packages/airflow/example_dags/example_complex.py
[2025-05-31 11:21:02,739] {logging_mixin.py:109} INFO - [2025-05-31 11:21:02,738] {dag.py:2396} INFO - Sync 1 DAGs
[2025-05-31 11:21:02,769] {logging_mixin.py:109} INFO - [2025-05-31 11:21:02,769] {dag.py:2935} INFO - Setting next_dagrun for example_complex to None
[2025-05-31 11:21:02,788] {processor.py:171} INFO - Processing /home/airflow/.local/lib/python3.6/site-packages/airflow/example_dags/example_complex.py took 0.136 seconds
[2025-05-31 11:21:33,313] {processor.py:163} INFO - Started process (PID=13046) to work on /home/airflow/.local/lib/python3.6/site-packages/airflow/example_dags/example_complex.py
[2025-05-31 11:21:33,315] {processor.py:642} INFO - Processing file /home/airflow/.local/lib/python3.6/site-packages/airflow/example_dags/example_complex.py for tasks to queue
[2025-05-31 11:21:33,316] {logging_mixin.py:109} INFO - [2025-05-31 11:21:33,316] {dagbag.py:500} INFO - Filling up the DagBag from /home/airflow/.local/lib/python3.6/site-packages/airflow/example_dags/example_complex.py
[2025-05-31 11:21:33,367] {processor.py:654} INFO - DAG(s) dict_keys(['example_complex']) retrieved from /home/airflow/.local/lib/python3.6/site-packages/airflow/example_dags/example_complex.py
[2025-05-31 11:21:33,391] {logging_mixin.py:109} INFO - [2025-05-31 11:21:33,391] {dag.py:2396} INFO - Sync 1 DAGs
[2025-05-31 11:21:33,415] {logging_mixin.py:109} INFO - [2025-05-31 11:21:33,415] {dag.py:2935} INFO - Setting next_dagrun for example_complex to None
[2025-05-31 11:21:33,430] {processor.py:171} INFO - Processing /home/airflow/.local/lib/python3.6/site-packages/airflow/example_dags/example_complex.py took 0.122 seconds
[2025-05-31 11:22:04,254] {processor.py:163} INFO - Started process (PID=13231) to work on /home/airflow/.local/lib/python3.6/site-packages/airflow/example_dags/example_complex.py
[2025-05-31 11:22:04,256] {processor.py:642} INFO - Processing file /home/airflow/.local/lib/python3.6/site-packages/airflow/example_dags/example_complex.py for tasks to queue
[2025-05-31 11:22:04,257] {logging_mixin.py:109} INFO - [2025-05-31 11:22:04,257] {dagbag.py:500} INFO - Filling up the DagBag from /home/airflow/.local/lib/python3.6/site-packages/airflow/example_dags/example_complex.py
[2025-05-31 11:22:04,294] {processor.py:654} INFO - DAG(s) dict_keys(['example_complex']) retrieved from /home/airflow/.local/lib/python3.6/site-packages/airflow/example_dags/example_complex.py
[2025-05-31 11:22:04,313] {logging_mixin.py:109} INFO - [2025-05-31 11:22:04,313] {dag.py:2396} INFO - Sync 1 DAGs
[2025-05-31 11:22:04,333] {logging_mixin.py:109} INFO - [2025-05-31 11:22:04,332] {dag.py:2935} INFO - Setting next_dagrun for example_complex to None
[2025-05-31 11:22:04,344] {processor.py:171} INFO - Processing /home/airflow/.local/lib/python3.6/site-packages/airflow/example_dags/example_complex.py took 0.093 seconds
[2025-05-31 11:22:34,640] {processor.py:163} INFO - Started process (PID=13424) to work on /home/airflow/.local/lib/python3.6/site-packages/airflow/example_dags/example_complex.py
[2025-05-31 11:22:34,642] {processor.py:642} INFO - Processing file /home/airflow/.local/lib/python3.6/site-packages/airflow/example_dags/example_complex.py for tasks to queue
[2025-05-31 11:22:34,644] {logging_mixin.py:109} INFO - [2025-05-31 11:22:34,644] {dagbag.py:500} INFO - Filling up the DagBag from /home/airflow/.local/lib/python3.6/site-packages/airflow/example_dags/example_complex.py
[2025-05-31 11:22:34,704] {processor.py:654} INFO - DAG(s) dict_keys(['example_complex']) retrieved from /home/airflow/.local/lib/python3.6/site-packages/airflow/example_dags/example_complex.py
[2025-05-31 11:22:34,734] {logging_mixin.py:109} INFO - [2025-05-31 11:22:34,734] {dag.py:2396} INFO - Sync 1 DAGs
[2025-05-31 11:22:34,767] {logging_mixin.py:109} INFO - [2025-05-31 11:22:34,767] {dag.py:2935} INFO - Setting next_dagrun for example_complex to None
[2025-05-31 11:22:34,782] {processor.py:171} INFO - Processing /home/airflow/.local/lib/python3.6/site-packages/airflow/example_dags/example_complex.py took 0.148 seconds
[2025-05-31 11:23:05,247] {processor.py:163} INFO - Started process (PID=13609) to work on /home/airflow/.local/lib/python3.6/site-packages/airflow/example_dags/example_complex.py
[2025-05-31 11:23:05,249] {processor.py:642} INFO - Processing file /home/airflow/.local/lib/python3.6/site-packages/airflow/example_dags/example_complex.py for tasks to queue
[2025-05-31 11:23:05,250] {logging_mixin.py:109} INFO - [2025-05-31 11:23:05,250] {dagbag.py:500} INFO - Filling up the DagBag from /home/airflow/.local/lib/python3.6/site-packages/airflow/example_dags/example_complex.py
[2025-05-31 11:23:05,308] {processor.py:654} INFO - DAG(s) dict_keys(['example_complex']) retrieved from /home/airflow/.local/lib/python3.6/site-packages/airflow/example_dags/example_complex.py
[2025-05-31 11:23:05,338] {logging_mixin.py:109} INFO - [2025-05-31 11:23:05,338] {dag.py:2396} INFO - Sync 1 DAGs
[2025-05-31 11:23:05,366] {logging_mixin.py:109} INFO - [2025-05-31 11:23:05,366] {dag.py:2935} INFO - Setting next_dagrun for example_complex to None
[2025-05-31 11:23:05,379] {processor.py:171} INFO - Processing /home/airflow/.local/lib/python3.6/site-packages/airflow/example_dags/example_complex.py took 0.137 seconds
[2025-05-31 11:23:36,210] {processor.py:163} INFO - Started process (PID=13794) to work on /home/airflow/.local/lib/python3.6/site-packages/airflow/example_dags/example_complex.py
[2025-05-31 11:23:36,212] {processor.py:642} INFO - Processing file /home/airflow/.local/lib/python3.6/site-packages/airflow/example_dags/example_complex.py for tasks to queue
[2025-05-31 11:23:36,213] {logging_mixin.py:109} INFO - [2025-05-31 11:23:36,213] {dagbag.py:500} INFO - Filling up the DagBag from /home/airflow/.local/lib/python3.6/site-packages/airflow/example_dags/example_complex.py
[2025-05-31 11:23:36,261] {processor.py:654} INFO - DAG(s) dict_keys(['example_complex']) retrieved from /home/airflow/.local/lib/python3.6/site-packages/airflow/example_dags/example_complex.py
[2025-05-31 11:23:36,284] {logging_mixin.py:109} INFO - [2025-05-31 11:23:36,284] {dag.py:2396} INFO - Sync 1 DAGs
[2025-05-31 11:23:36,308] {logging_mixin.py:109} INFO - [2025-05-31 11:23:36,308] {dag.py:2935} INFO - Setting next_dagrun for example_complex to None
[2025-05-31 11:23:36,320] {processor.py:171} INFO - Processing /home/airflow/.local/lib/python3.6/site-packages/airflow/example_dags/example_complex.py took 0.115 seconds
[2025-05-31 11:24:06,901] {processor.py:163} INFO - Started process (PID=13991) to work on /home/airflow/.local/lib/python3.6/site-packages/airflow/example_dags/example_complex.py
[2025-05-31 11:24:06,903] {processor.py:642} INFO - Processing file /home/airflow/.local/lib/python3.6/site-packages/airflow/example_dags/example_complex.py for tasks to queue
[2025-05-31 11:24:06,904] {logging_mixin.py:109} INFO - [2025-05-31 11:24:06,904] {dagbag.py:500} INFO - Filling up the DagBag from /home/airflow/.local/lib/python3.6/site-packages/airflow/example_dags/example_complex.py
[2025-05-31 11:24:06,954] {processor.py:654} INFO - DAG(s) dict_keys(['example_complex']) retrieved from /home/airflow/.local/lib/python3.6/site-packages/airflow/example_dags/example_complex.py
[2025-05-31 11:24:06,983] {logging_mixin.py:109} INFO - [2025-05-31 11:24:06,983] {dag.py:2396} INFO - Sync 1 DAGs
[2025-05-31 11:24:07,023] {logging_mixin.py:109} INFO - [2025-05-31 11:24:07,023] {dag.py:2935} INFO - Setting next_dagrun for example_complex to None
[2025-05-31 11:24:07,042] {processor.py:171} INFO - Processing /home/airflow/.local/lib/python3.6/site-packages/airflow/example_dags/example_complex.py took 0.146 seconds
[2025-05-31 11:24:37,592] {processor.py:163} INFO - Started process (PID=14176) to work on /home/airflow/.local/lib/python3.6/site-packages/airflow/example_dags/example_complex.py
[2025-05-31 11:24:37,594] {processor.py:642} INFO - Processing file /home/airflow/.local/lib/python3.6/site-packages/airflow/example_dags/example_complex.py for tasks to queue
[2025-05-31 11:24:37,595] {logging_mixin.py:109} INFO - [2025-05-31 11:24:37,595] {dagbag.py:500} INFO - Filling up the DagBag from /home/airflow/.local/lib/python3.6/site-packages/airflow/example_dags/example_complex.py
[2025-05-31 11:24:37,642] {processor.py:654} INFO - DAG(s) dict_keys(['example_complex']) retrieved from /home/airflow/.local/lib/python3.6/site-packages/airflow/example_dags/example_complex.py
[2025-05-31 11:24:37,664] {logging_mixin.py:109} INFO - [2025-05-31 11:24:37,664] {dag.py:2396} INFO - Sync 1 DAGs
[2025-05-31 11:24:37,686] {logging_mixin.py:109} INFO - [2025-05-31 11:24:37,686] {dag.py:2935} INFO - Setting next_dagrun for example_complex to None
[2025-05-31 11:24:37,698] {processor.py:171} INFO - Processing /home/airflow/.local/lib/python3.6/site-packages/airflow/example_dags/example_complex.py took 0.111 seconds
[2025-05-31 11:25:08,491] {processor.py:163} INFO - Started process (PID=14359) to work on /home/airflow/.local/lib/python3.6/site-packages/airflow/example_dags/example_complex.py
[2025-05-31 11:25:08,493] {processor.py:642} INFO - Processing file /home/airflow/.local/lib/python3.6/site-packages/airflow/example_dags/example_complex.py for tasks to queue
[2025-05-31 11:25:08,494] {logging_mixin.py:109} INFO - [2025-05-31 11:25:08,494] {dagbag.py:500} INFO - Filling up the DagBag from /home/airflow/.local/lib/python3.6/site-packages/airflow/example_dags/example_complex.py
[2025-05-31 11:25:08,544] {processor.py:654} INFO - DAG(s) dict_keys(['example_complex']) retrieved from /home/airflow/.local/lib/python3.6/site-packages/airflow/example_dags/example_complex.py
[2025-05-31 11:25:08,568] {logging_mixin.py:109} INFO - [2025-05-31 11:25:08,568] {dag.py:2396} INFO - Sync 1 DAGs
[2025-05-31 11:25:08,591] {logging_mixin.py:109} INFO - [2025-05-31 11:25:08,591] {dag.py:2935} INFO - Setting next_dagrun for example_complex to None
[2025-05-31 11:25:08,604] {processor.py:171} INFO - Processing /home/airflow/.local/lib/python3.6/site-packages/airflow/example_dags/example_complex.py took 0.118 seconds
[2025-05-31 11:25:39,534] {processor.py:163} INFO - Started process (PID=14554) to work on /home/airflow/.local/lib/python3.6/site-packages/airflow/example_dags/example_complex.py
[2025-05-31 11:25:39,536] {processor.py:642} INFO - Processing file /home/airflow/.local/lib/python3.6/site-packages/airflow/example_dags/example_complex.py for tasks to queue
[2025-05-31 11:25:39,537] {logging_mixin.py:109} INFO - [2025-05-31 11:25:39,537] {dagbag.py:500} INFO - Filling up the DagBag from /home/airflow/.local/lib/python3.6/site-packages/airflow/example_dags/example_complex.py
[2025-05-31 11:25:39,593] {processor.py:654} INFO - DAG(s) dict_keys(['example_complex']) retrieved from /home/airflow/.local/lib/python3.6/site-packages/airflow/example_dags/example_complex.py
[2025-05-31 11:25:39,618] {logging_mixin.py:109} INFO - [2025-05-31 11:25:39,618] {dag.py:2396} INFO - Sync 1 DAGs
[2025-05-31 11:25:39,646] {logging_mixin.py:109} INFO - [2025-05-31 11:25:39,645] {dag.py:2935} INFO - Setting next_dagrun for example_complex to None
[2025-05-31 11:25:39,662] {processor.py:171} INFO - Processing /home/airflow/.local/lib/python3.6/site-packages/airflow/example_dags/example_complex.py took 0.133 seconds
[2025-05-31 11:26:10,207] {processor.py:163} INFO - Started process (PID=14739) to work on /home/airflow/.local/lib/python3.6/site-packages/airflow/example_dags/example_complex.py
[2025-05-31 11:26:10,220] {processor.py:642} INFO - Processing file /home/airflow/.local/lib/python3.6/site-packages/airflow/example_dags/example_complex.py for tasks to queue
[2025-05-31 11:26:10,222] {logging_mixin.py:109} INFO - [2025-05-31 11:26:10,222] {dagbag.py:500} INFO - Filling up the DagBag from /home/airflow/.local/lib/python3.6/site-packages/airflow/example_dags/example_complex.py
[2025-05-31 11:26:10,357] {processor.py:654} INFO - DAG(s) dict_keys(['example_complex']) retrieved from /home/airflow/.local/lib/python3.6/site-packages/airflow/example_dags/example_complex.py
[2025-05-31 11:26:10,411] {logging_mixin.py:109} INFO - [2025-05-31 11:26:10,411] {dag.py:2396} INFO - Sync 1 DAGs
[2025-05-31 11:26:10,447] {logging_mixin.py:109} INFO - [2025-05-31 11:26:10,446] {dag.py:2935} INFO - Setting next_dagrun for example_complex to None
[2025-05-31 11:26:10,467] {processor.py:171} INFO - Processing /home/airflow/.local/lib/python3.6/site-packages/airflow/example_dags/example_complex.py took 0.268 seconds
[2025-05-31 11:26:41,070] {processor.py:163} INFO - Started process (PID=14924) to work on /home/airflow/.local/lib/python3.6/site-packages/airflow/example_dags/example_complex.py
[2025-05-31 11:26:41,072] {processor.py:642} INFO - Processing file /home/airflow/.local/lib/python3.6/site-packages/airflow/example_dags/example_complex.py for tasks to queue
[2025-05-31 11:26:41,073] {logging_mixin.py:109} INFO - [2025-05-31 11:26:41,073] {dagbag.py:500} INFO - Filling up the DagBag from /home/airflow/.local/lib/python3.6/site-packages/airflow/example_dags/example_complex.py
[2025-05-31 11:26:41,139] {processor.py:654} INFO - DAG(s) dict_keys(['example_complex']) retrieved from /home/airflow/.local/lib/python3.6/site-packages/airflow/example_dags/example_complex.py
[2025-05-31 11:26:41,173] {logging_mixin.py:109} INFO - [2025-05-31 11:26:41,173] {dag.py:2396} INFO - Sync 1 DAGs
[2025-05-31 11:26:41,203] {logging_mixin.py:109} INFO - [2025-05-31 11:26:41,203] {dag.py:2935} INFO - Setting next_dagrun for example_complex to None
[2025-05-31 11:26:41,217] {processor.py:171} INFO - Processing /home/airflow/.local/lib/python3.6/site-packages/airflow/example_dags/example_complex.py took 0.152 seconds
[2025-05-31 11:27:12,176] {processor.py:163} INFO - Started process (PID=15129) to work on /home/airflow/.local/lib/python3.6/site-packages/airflow/example_dags/example_complex.py
[2025-05-31 11:27:12,178] {processor.py:642} INFO - Processing file /home/airflow/.local/lib/python3.6/site-packages/airflow/example_dags/example_complex.py for tasks to queue
[2025-05-31 11:27:12,180] {logging_mixin.py:109} INFO - [2025-05-31 11:27:12,180] {dagbag.py:500} INFO - Filling up the DagBag from /home/airflow/.local/lib/python3.6/site-packages/airflow/example_dags/example_complex.py
[2025-05-31 11:27:12,238] {processor.py:654} INFO - DAG(s) dict_keys(['example_complex']) retrieved from /home/airflow/.local/lib/python3.6/site-packages/airflow/example_dags/example_complex.py
[2025-05-31 11:27:12,273] {logging_mixin.py:109} INFO - [2025-05-31 11:27:12,272] {dag.py:2396} INFO - Sync 1 DAGs
[2025-05-31 11:27:12,305] {logging_mixin.py:109} INFO - [2025-05-31 11:27:12,305] {dag.py:2935} INFO - Setting next_dagrun for example_complex to None
[2025-05-31 11:27:12,321] {processor.py:171} INFO - Processing /home/airflow/.local/lib/python3.6/site-packages/airflow/example_dags/example_complex.py took 0.151 seconds
[2025-05-31 11:27:42,762] {processor.py:163} INFO - Started process (PID=15314) to work on /home/airflow/.local/lib/python3.6/site-packages/airflow/example_dags/example_complex.py
[2025-05-31 11:27:42,764] {processor.py:642} INFO - Processing file /home/airflow/.local/lib/python3.6/site-packages/airflow/example_dags/example_complex.py for tasks to queue
[2025-05-31 11:27:42,765] {logging_mixin.py:109} INFO - [2025-05-31 11:27:42,765] {dagbag.py:500} INFO - Filling up the DagBag from /home/airflow/.local/lib/python3.6/site-packages/airflow/example_dags/example_complex.py
[2025-05-31 11:27:42,813] {processor.py:654} INFO - DAG(s) dict_keys(['example_complex']) retrieved from /home/airflow/.local/lib/python3.6/site-packages/airflow/example_dags/example_complex.py
[2025-05-31 11:27:42,837] {logging_mixin.py:109} INFO - [2025-05-31 11:27:42,837] {dag.py:2396} INFO - Sync 1 DAGs
[2025-05-31 11:27:42,864] {logging_mixin.py:109} INFO - [2025-05-31 11:27:42,864] {dag.py:2935} INFO - Setting next_dagrun for example_complex to None
[2025-05-31 11:27:42,877] {processor.py:171} INFO - Processing /home/airflow/.local/lib/python3.6/site-packages/airflow/example_dags/example_complex.py took 0.120 seconds
[2025-05-31 11:28:13,661] {processor.py:163} INFO - Started process (PID=15499) to work on /home/airflow/.local/lib/python3.6/site-packages/airflow/example_dags/example_complex.py
[2025-05-31 11:28:13,663] {processor.py:642} INFO - Processing file /home/airflow/.local/lib/python3.6/site-packages/airflow/example_dags/example_complex.py for tasks to queue
[2025-05-31 11:28:13,665] {logging_mixin.py:109} INFO - [2025-05-31 11:28:13,664] {dagbag.py:500} INFO - Filling up the DagBag from /home/airflow/.local/lib/python3.6/site-packages/airflow/example_dags/example_complex.py
[2025-05-31 11:28:13,738] {processor.py:654} INFO - DAG(s) dict_keys(['example_complex']) retrieved from /home/airflow/.local/lib/python3.6/site-packages/airflow/example_dags/example_complex.py
[2025-05-31 11:28:13,774] {logging_mixin.py:109} INFO - [2025-05-31 11:28:13,773] {dag.py:2396} INFO - Sync 1 DAGs
[2025-05-31 11:28:13,810] {logging_mixin.py:109} INFO - [2025-05-31 11:28:13,810] {dag.py:2935} INFO - Setting next_dagrun for example_complex to None
[2025-05-31 11:28:13,829] {processor.py:171} INFO - Processing /home/airflow/.local/lib/python3.6/site-packages/airflow/example_dags/example_complex.py took 0.175 seconds
[2025-05-31 11:28:44,946] {processor.py:163} INFO - Started process (PID=15694) to work on /home/airflow/.local/lib/python3.6/site-packages/airflow/example_dags/example_complex.py
[2025-05-31 11:28:44,948] {processor.py:642} INFO - Processing file /home/airflow/.local/lib/python3.6/site-packages/airflow/example_dags/example_complex.py for tasks to queue
[2025-05-31 11:28:44,950] {logging_mixin.py:109} INFO - [2025-05-31 11:28:44,950] {dagbag.py:500} INFO - Filling up the DagBag from /home/airflow/.local/lib/python3.6/site-packages/airflow/example_dags/example_complex.py
[2025-05-31 11:28:45,022] {processor.py:654} INFO - DAG(s) dict_keys(['example_complex']) retrieved from /home/airflow/.local/lib/python3.6/site-packages/airflow/example_dags/example_complex.py
[2025-05-31 11:28:45,059] {logging_mixin.py:109} INFO - [2025-05-31 11:28:45,059] {dag.py:2396} INFO - Sync 1 DAGs
[2025-05-31 11:28:45,091] {logging_mixin.py:109} INFO - [2025-05-31 11:28:45,091] {dag.py:2935} INFO - Setting next_dagrun for example_complex to None
[2025-05-31 11:28:45,108] {processor.py:171} INFO - Processing /home/airflow/.local/lib/python3.6/site-packages/airflow/example_dags/example_complex.py took 0.168 seconds
[2025-05-31 11:29:15,502] {processor.py:163} INFO - Started process (PID=15879) to work on /home/airflow/.local/lib/python3.6/site-packages/airflow/example_dags/example_complex.py
[2025-05-31 11:29:15,504] {processor.py:642} INFO - Processing file /home/airflow/.local/lib/python3.6/site-packages/airflow/example_dags/example_complex.py for tasks to queue
[2025-05-31 11:29:15,505] {logging_mixin.py:109} INFO - [2025-05-31 11:29:15,505] {dagbag.py:500} INFO - Filling up the DagBag from /home/airflow/.local/lib/python3.6/site-packages/airflow/example_dags/example_complex.py
[2025-05-31 11:29:15,553] {processor.py:654} INFO - DAG(s) dict_keys(['example_complex']) retrieved from /home/airflow/.local/lib/python3.6/site-packages/airflow/example_dags/example_complex.py
[2025-05-31 11:29:15,575] {logging_mixin.py:109} INFO - [2025-05-31 11:29:15,575] {dag.py:2396} INFO - Sync 1 DAGs
[2025-05-31 11:29:15,597] {logging_mixin.py:109} INFO - [2025-05-31 11:29:15,597] {dag.py:2935} INFO - Setting next_dagrun for example_complex to None
[2025-05-31 11:29:15,609] {processor.py:171} INFO - Processing /home/airflow/.local/lib/python3.6/site-packages/airflow/example_dags/example_complex.py took 0.112 seconds
[2025-05-31 11:29:46,687] {processor.py:163} INFO - Started process (PID=16063) to work on /home/airflow/.local/lib/python3.6/site-packages/airflow/example_dags/example_complex.py
[2025-05-31 11:29:46,689] {processor.py:642} INFO - Processing file /home/airflow/.local/lib/python3.6/site-packages/airflow/example_dags/example_complex.py for tasks to queue
[2025-05-31 11:29:46,690] {logging_mixin.py:109} INFO - [2025-05-31 11:29:46,690] {dagbag.py:500} INFO - Filling up the DagBag from /home/airflow/.local/lib/python3.6/site-packages/airflow/example_dags/example_complex.py
[2025-05-31 11:29:46,747] {processor.py:654} INFO - DAG(s) dict_keys(['example_complex']) retrieved from /home/airflow/.local/lib/python3.6/site-packages/airflow/example_dags/example_complex.py
[2025-05-31 11:29:46,778] {logging_mixin.py:109} INFO - [2025-05-31 11:29:46,778] {dag.py:2396} INFO - Sync 1 DAGs
[2025-05-31 11:29:46,829] {logging_mixin.py:109} INFO - [2025-05-31 11:29:46,829] {dag.py:2935} INFO - Setting next_dagrun for example_complex to None
[2025-05-31 11:29:46,848] {processor.py:171} INFO - Processing /home/airflow/.local/lib/python3.6/site-packages/airflow/example_dags/example_complex.py took 0.167 seconds
[2025-05-31 11:30:17,584] {processor.py:163} INFO - Started process (PID=16249) to work on /home/airflow/.local/lib/python3.6/site-packages/airflow/example_dags/example_complex.py
[2025-05-31 11:30:17,586] {processor.py:642} INFO - Processing file /home/airflow/.local/lib/python3.6/site-packages/airflow/example_dags/example_complex.py for tasks to queue
[2025-05-31 11:30:17,587] {logging_mixin.py:109} INFO - [2025-05-31 11:30:17,586] {dagbag.py:500} INFO - Filling up the DagBag from /home/airflow/.local/lib/python3.6/site-packages/airflow/example_dags/example_complex.py
[2025-05-31 11:30:17,628] {processor.py:654} INFO - DAG(s) dict_keys(['example_complex']) retrieved from /home/airflow/.local/lib/python3.6/site-packages/airflow/example_dags/example_complex.py
[2025-05-31 11:30:17,648] {logging_mixin.py:109} INFO - [2025-05-31 11:30:17,648] {dag.py:2396} INFO - Sync 1 DAGs
[2025-05-31 11:30:17,669] {logging_mixin.py:109} INFO - [2025-05-31 11:30:17,669] {dag.py:2935} INFO - Setting next_dagrun for example_complex to None
[2025-05-31 11:30:17,683] {processor.py:171} INFO - Processing /home/airflow/.local/lib/python3.6/site-packages/airflow/example_dags/example_complex.py took 0.104 seconds
[2025-05-31 11:30:48,138] {processor.py:163} INFO - Started process (PID=16444) to work on /home/airflow/.local/lib/python3.6/site-packages/airflow/example_dags/example_complex.py
[2025-05-31 11:30:48,140] {processor.py:642} INFO - Processing file /home/airflow/.local/lib/python3.6/site-packages/airflow/example_dags/example_complex.py for tasks to queue
[2025-05-31 11:30:48,141] {logging_mixin.py:109} INFO - [2025-05-31 11:30:48,141] {dagbag.py:500} INFO - Filling up the DagBag from /home/airflow/.local/lib/python3.6/site-packages/airflow/example_dags/example_complex.py
[2025-05-31 11:30:48,180] {processor.py:654} INFO - DAG(s) dict_keys(['example_complex']) retrieved from /home/airflow/.local/lib/python3.6/site-packages/airflow/example_dags/example_complex.py
[2025-05-31 11:30:48,201] {logging_mixin.py:109} INFO - [2025-05-31 11:30:48,200] {dag.py:2396} INFO - Sync 1 DAGs
[2025-05-31 11:30:48,221] {logging_mixin.py:109} INFO - [2025-05-31 11:30:48,221] {dag.py:2935} INFO - Setting next_dagrun for example_complex to None
[2025-05-31 11:30:48,233] {processor.py:171} INFO - Processing /home/airflow/.local/lib/python3.6/site-packages/airflow/example_dags/example_complex.py took 0.099 seconds
[2025-05-31 11:31:19,124] {processor.py:163} INFO - Started process (PID=16629) to work on /home/airflow/.local/lib/python3.6/site-packages/airflow/example_dags/example_complex.py
[2025-05-31 11:31:19,125] {processor.py:642} INFO - Processing file /home/airflow/.local/lib/python3.6/site-packages/airflow/example_dags/example_complex.py for tasks to queue
[2025-05-31 11:31:19,126] {logging_mixin.py:109} INFO - [2025-05-31 11:31:19,126] {dagbag.py:500} INFO - Filling up the DagBag from /home/airflow/.local/lib/python3.6/site-packages/airflow/example_dags/example_complex.py
[2025-05-31 11:31:19,166] {processor.py:654} INFO - DAG(s) dict_keys(['example_complex']) retrieved from /home/airflow/.local/lib/python3.6/site-packages/airflow/example_dags/example_complex.py
[2025-05-31 11:31:19,187] {logging_mixin.py:109} INFO - [2025-05-31 11:31:19,187] {dag.py:2396} INFO - Sync 1 DAGs
[2025-05-31 11:31:19,210] {logging_mixin.py:109} INFO - [2025-05-31 11:31:19,210] {dag.py:2935} INFO - Setting next_dagrun for example_complex to None
[2025-05-31 11:31:19,222] {processor.py:171} INFO - Processing /home/airflow/.local/lib/python3.6/site-packages/airflow/example_dags/example_complex.py took 0.101 seconds
[2025-05-31 11:31:49,830] {processor.py:163} INFO - Started process (PID=16824) to work on /home/airflow/.local/lib/python3.6/site-packages/airflow/example_dags/example_complex.py
[2025-05-31 11:31:49,832] {processor.py:642} INFO - Processing file /home/airflow/.local/lib/python3.6/site-packages/airflow/example_dags/example_complex.py for tasks to queue
[2025-05-31 11:31:49,833] {logging_mixin.py:109} INFO - [2025-05-31 11:31:49,833] {dagbag.py:500} INFO - Filling up the DagBag from /home/airflow/.local/lib/python3.6/site-packages/airflow/example_dags/example_complex.py
[2025-05-31 11:31:49,874] {processor.py:654} INFO - DAG(s) dict_keys(['example_complex']) retrieved from /home/airflow/.local/lib/python3.6/site-packages/airflow/example_dags/example_complex.py
[2025-05-31 11:31:49,895] {logging_mixin.py:109} INFO - [2025-05-31 11:31:49,895] {dag.py:2396} INFO - Sync 1 DAGs
[2025-05-31 11:31:49,915] {logging_mixin.py:109} INFO - [2025-05-31 11:31:49,915] {dag.py:2935} INFO - Setting next_dagrun for example_complex to None
[2025-05-31 11:31:49,926] {processor.py:171} INFO - Processing /home/airflow/.local/lib/python3.6/site-packages/airflow/example_dags/example_complex.py took 0.100 seconds
[2025-05-31 11:32:20,168] {processor.py:163} INFO - Started process (PID=17006) to work on /home/airflow/.local/lib/python3.6/site-packages/airflow/example_dags/example_complex.py
[2025-05-31 11:32:20,170] {processor.py:642} INFO - Processing file /home/airflow/.local/lib/python3.6/site-packages/airflow/example_dags/example_complex.py for tasks to queue
[2025-05-31 11:32:20,173] {logging_mixin.py:109} INFO - [2025-05-31 11:32:20,172] {dagbag.py:500} INFO - Filling up the DagBag from /home/airflow/.local/lib/python3.6/site-packages/airflow/example_dags/example_complex.py
[2025-05-31 11:32:20,233] {processor.py:654} INFO - DAG(s) dict_keys(['example_complex']) retrieved from /home/airflow/.local/lib/python3.6/site-packages/airflow/example_dags/example_complex.py
[2025-05-31 11:32:20,257] {logging_mixin.py:109} INFO - [2025-05-31 11:32:20,257] {dag.py:2396} INFO - Sync 1 DAGs
[2025-05-31 11:32:20,290] {logging_mixin.py:109} INFO - [2025-05-31 11:32:20,290] {dag.py:2935} INFO - Setting next_dagrun for example_complex to None
[2025-05-31 11:32:20,303] {processor.py:171} INFO - Processing /home/airflow/.local/lib/python3.6/site-packages/airflow/example_dags/example_complex.py took 0.139 seconds
[2025-05-31 11:32:51,189] {processor.py:163} INFO - Started process (PID=17200) to work on /home/airflow/.local/lib/python3.6/site-packages/airflow/example_dags/example_complex.py
[2025-05-31 11:32:51,191] {processor.py:642} INFO - Processing file /home/airflow/.local/lib/python3.6/site-packages/airflow/example_dags/example_complex.py for tasks to queue
[2025-05-31 11:32:51,192] {logging_mixin.py:109} INFO - [2025-05-31 11:32:51,192] {dagbag.py:500} INFO - Filling up the DagBag from /home/airflow/.local/lib/python3.6/site-packages/airflow/example_dags/example_complex.py
[2025-05-31 11:32:51,246] {processor.py:654} INFO - DAG(s) dict_keys(['example_complex']) retrieved from /home/airflow/.local/lib/python3.6/site-packages/airflow/example_dags/example_complex.py
[2025-05-31 11:32:51,274] {logging_mixin.py:109} INFO - [2025-05-31 11:32:51,274] {dag.py:2396} INFO - Sync 1 DAGs
[2025-05-31 11:32:51,300] {logging_mixin.py:109} INFO - [2025-05-31 11:32:51,300] {dag.py:2935} INFO - Setting next_dagrun for example_complex to None
[2025-05-31 11:32:51,315] {processor.py:171} INFO - Processing /home/airflow/.local/lib/python3.6/site-packages/airflow/example_dags/example_complex.py took 0.131 seconds
[2025-05-31 11:33:21,680] {processor.py:163} INFO - Started process (PID=17383) to work on /home/airflow/.local/lib/python3.6/site-packages/airflow/example_dags/example_complex.py
[2025-05-31 11:33:21,682] {processor.py:642} INFO - Processing file /home/airflow/.local/lib/python3.6/site-packages/airflow/example_dags/example_complex.py for tasks to queue
[2025-05-31 11:33:21,684] {logging_mixin.py:109} INFO - [2025-05-31 11:33:21,683] {dagbag.py:500} INFO - Filling up the DagBag from /home/airflow/.local/lib/python3.6/site-packages/airflow/example_dags/example_complex.py
[2025-05-31 11:33:21,736] {processor.py:654} INFO - DAG(s) dict_keys(['example_complex']) retrieved from /home/airflow/.local/lib/python3.6/site-packages/airflow/example_dags/example_complex.py
[2025-05-31 11:33:21,761] {logging_mixin.py:109} INFO - [2025-05-31 11:33:21,760] {dag.py:2396} INFO - Sync 1 DAGs
[2025-05-31 11:33:21,786] {logging_mixin.py:109} INFO - [2025-05-31 11:33:21,786] {dag.py:2935} INFO - Setting next_dagrun for example_complex to None
[2025-05-31 11:33:21,799] {processor.py:171} INFO - Processing /home/airflow/.local/lib/python3.6/site-packages/airflow/example_dags/example_complex.py took 0.124 seconds
[2025-05-31 11:33:52,052] {processor.py:163} INFO - Started process (PID=17568) to work on /home/airflow/.local/lib/python3.6/site-packages/airflow/example_dags/example_complex.py
[2025-05-31 11:33:52,054] {processor.py:642} INFO - Processing file /home/airflow/.local/lib/python3.6/site-packages/airflow/example_dags/example_complex.py for tasks to queue
[2025-05-31 11:33:52,055] {logging_mixin.py:109} INFO - [2025-05-31 11:33:52,055] {dagbag.py:500} INFO - Filling up the DagBag from /home/airflow/.local/lib/python3.6/site-packages/airflow/example_dags/example_complex.py
[2025-05-31 11:33:52,104] {processor.py:654} INFO - DAG(s) dict_keys(['example_complex']) retrieved from /home/airflow/.local/lib/python3.6/site-packages/airflow/example_dags/example_complex.py
[2025-05-31 11:33:52,127] {logging_mixin.py:109} INFO - [2025-05-31 11:33:52,126] {dag.py:2396} INFO - Sync 1 DAGs
[2025-05-31 11:33:52,150] {logging_mixin.py:109} INFO - [2025-05-31 11:33:52,150] {dag.py:2935} INFO - Setting next_dagrun for example_complex to None
[2025-05-31 11:33:52,164] {processor.py:171} INFO - Processing /home/airflow/.local/lib/python3.6/site-packages/airflow/example_dags/example_complex.py took 0.117 seconds
[2025-05-31 11:34:23,537] {processor.py:163} INFO - Started process (PID=17768) to work on /home/airflow/.local/lib/python3.6/site-packages/airflow/example_dags/example_complex.py
[2025-05-31 11:34:23,541] {processor.py:642} INFO - Processing file /home/airflow/.local/lib/python3.6/site-packages/airflow/example_dags/example_complex.py for tasks to queue
[2025-05-31 11:34:23,543] {logging_mixin.py:109} INFO - [2025-05-31 11:34:23,542] {dagbag.py:500} INFO - Filling up the DagBag from /home/airflow/.local/lib/python3.6/site-packages/airflow/example_dags/example_complex.py
[2025-05-31 11:34:23,615] {processor.py:654} INFO - DAG(s) dict_keys(['example_complex']) retrieved from /home/airflow/.local/lib/python3.6/site-packages/airflow/example_dags/example_complex.py
[2025-05-31 11:34:23,648] {logging_mixin.py:109} INFO - [2025-05-31 11:34:23,648] {dag.py:2396} INFO - Sync 1 DAGs
[2025-05-31 11:34:23,678] {logging_mixin.py:109} INFO - [2025-05-31 11:34:23,678] {dag.py:2935} INFO - Setting next_dagrun for example_complex to None
[2025-05-31 11:34:23,696] {processor.py:171} INFO - Processing /home/airflow/.local/lib/python3.6/site-packages/airflow/example_dags/example_complex.py took 0.166 seconds
[2025-05-31 11:34:53,816] {processor.py:163} INFO - Started process (PID=17953) to work on /home/airflow/.local/lib/python3.6/site-packages/airflow/example_dags/example_complex.py
[2025-05-31 11:34:53,818] {processor.py:642} INFO - Processing file /home/airflow/.local/lib/python3.6/site-packages/airflow/example_dags/example_complex.py for tasks to queue
[2025-05-31 11:34:53,819] {logging_mixin.py:109} INFO - [2025-05-31 11:34:53,819] {dagbag.py:500} INFO - Filling up the DagBag from /home/airflow/.local/lib/python3.6/site-packages/airflow/example_dags/example_complex.py
[2025-05-31 11:34:53,874] {processor.py:654} INFO - DAG(s) dict_keys(['example_complex']) retrieved from /home/airflow/.local/lib/python3.6/site-packages/airflow/example_dags/example_complex.py
[2025-05-31 11:34:53,899] {logging_mixin.py:109} INFO - [2025-05-31 11:34:53,898] {dag.py:2396} INFO - Sync 1 DAGs
[2025-05-31 11:34:53,925] {logging_mixin.py:109} INFO - [2025-05-31 11:34:53,925] {dag.py:2935} INFO - Setting next_dagrun for example_complex to None
[2025-05-31 11:34:53,939] {processor.py:171} INFO - Processing /home/airflow/.local/lib/python3.6/site-packages/airflow/example_dags/example_complex.py took 0.127 seconds
[2025-05-31 11:35:24,450] {processor.py:163} INFO - Started process (PID=18135) to work on /home/airflow/.local/lib/python3.6/site-packages/airflow/example_dags/example_complex.py
[2025-05-31 11:35:24,452] {processor.py:642} INFO - Processing file /home/airflow/.local/lib/python3.6/site-packages/airflow/example_dags/example_complex.py for tasks to queue
[2025-05-31 11:35:24,453] {logging_mixin.py:109} INFO - [2025-05-31 11:35:24,453] {dagbag.py:500} INFO - Filling up the DagBag from /home/airflow/.local/lib/python3.6/site-packages/airflow/example_dags/example_complex.py
[2025-05-31 11:35:24,503] {processor.py:654} INFO - DAG(s) dict_keys(['example_complex']) retrieved from /home/airflow/.local/lib/python3.6/site-packages/airflow/example_dags/example_complex.py
[2025-05-31 11:35:24,526] {logging_mixin.py:109} INFO - [2025-05-31 11:35:24,526] {dag.py:2396} INFO - Sync 1 DAGs
[2025-05-31 11:35:24,550] {logging_mixin.py:109} INFO - [2025-05-31 11:35:24,550] {dag.py:2935} INFO - Setting next_dagrun for example_complex to None
[2025-05-31 11:35:24,563] {processor.py:171} INFO - Processing /home/airflow/.local/lib/python3.6/site-packages/airflow/example_dags/example_complex.py took 0.117 seconds
[2025-05-31 11:35:55,320] {processor.py:163} INFO - Started process (PID=18328) to work on /home/airflow/.local/lib/python3.6/site-packages/airflow/example_dags/example_complex.py
[2025-05-31 11:35:55,322] {processor.py:642} INFO - Processing file /home/airflow/.local/lib/python3.6/site-packages/airflow/example_dags/example_complex.py for tasks to queue
[2025-05-31 11:35:55,324] {logging_mixin.py:109} INFO - [2025-05-31 11:35:55,324] {dagbag.py:500} INFO - Filling up the DagBag from /home/airflow/.local/lib/python3.6/site-packages/airflow/example_dags/example_complex.py
[2025-05-31 11:35:55,385] {processor.py:654} INFO - DAG(s) dict_keys(['example_complex']) retrieved from /home/airflow/.local/lib/python3.6/site-packages/airflow/example_dags/example_complex.py
[2025-05-31 11:35:55,421] {logging_mixin.py:109} INFO - [2025-05-31 11:35:55,421] {dag.py:2396} INFO - Sync 1 DAGs
[2025-05-31 11:35:55,457] {logging_mixin.py:109} INFO - [2025-05-31 11:35:55,457] {dag.py:2935} INFO - Setting next_dagrun for example_complex to None
[2025-05-31 11:35:55,472] {processor.py:171} INFO - Processing /home/airflow/.local/lib/python3.6/site-packages/airflow/example_dags/example_complex.py took 0.159 seconds
[2025-05-31 11:36:27,115] {processor.py:163} INFO - Started process (PID=18520) to work on /home/airflow/.local/lib/python3.6/site-packages/airflow/example_dags/example_complex.py
[2025-05-31 11:36:27,117] {processor.py:642} INFO - Processing file /home/airflow/.local/lib/python3.6/site-packages/airflow/example_dags/example_complex.py for tasks to queue
[2025-05-31 11:36:27,118] {logging_mixin.py:109} INFO - [2025-05-31 11:36:27,118] {dagbag.py:500} INFO - Filling up the DagBag from /home/airflow/.local/lib/python3.6/site-packages/airflow/example_dags/example_complex.py
[2025-05-31 11:36:27,162] {processor.py:654} INFO - DAG(s) dict_keys(['example_complex']) retrieved from /home/airflow/.local/lib/python3.6/site-packages/airflow/example_dags/example_complex.py
[2025-05-31 11:36:27,183] {logging_mixin.py:109} INFO - [2025-05-31 11:36:27,183] {dag.py:2396} INFO - Sync 1 DAGs
[2025-05-31 11:36:27,206] {logging_mixin.py:109} INFO - [2025-05-31 11:36:27,206] {dag.py:2935} INFO - Setting next_dagrun for example_complex to None
[2025-05-31 11:36:27,219] {processor.py:171} INFO - Processing /home/airflow/.local/lib/python3.6/site-packages/airflow/example_dags/example_complex.py took 0.109 seconds
[2025-05-31 11:36:58,382] {processor.py:163} INFO - Started process (PID=18713) to work on /home/airflow/.local/lib/python3.6/site-packages/airflow/example_dags/example_complex.py
[2025-05-31 11:36:58,385] {processor.py:642} INFO - Processing file /home/airflow/.local/lib/python3.6/site-packages/airflow/example_dags/example_complex.py for tasks to queue
[2025-05-31 11:36:58,387] {logging_mixin.py:109} INFO - [2025-05-31 11:36:58,387] {dagbag.py:500} INFO - Filling up the DagBag from /home/airflow/.local/lib/python3.6/site-packages/airflow/example_dags/example_complex.py
[2025-05-31 11:36:58,471] {processor.py:654} INFO - DAG(s) dict_keys(['example_complex']) retrieved from /home/airflow/.local/lib/python3.6/site-packages/airflow/example_dags/example_complex.py
[2025-05-31 11:36:58,505] {logging_mixin.py:109} INFO - [2025-05-31 11:36:58,505] {dag.py:2396} INFO - Sync 1 DAGs
[2025-05-31 11:36:58,536] {logging_mixin.py:109} INFO - [2025-05-31 11:36:58,536] {dag.py:2935} INFO - Setting next_dagrun for example_complex to None
[2025-05-31 11:36:58,550] {processor.py:171} INFO - Processing /home/airflow/.local/lib/python3.6/site-packages/airflow/example_dags/example_complex.py took 0.175 seconds
[2025-05-31 11:37:29,288] {processor.py:163} INFO - Started process (PID=18898) to work on /home/airflow/.local/lib/python3.6/site-packages/airflow/example_dags/example_complex.py
[2025-05-31 11:37:29,290] {processor.py:642} INFO - Processing file /home/airflow/.local/lib/python3.6/site-packages/airflow/example_dags/example_complex.py for tasks to queue
[2025-05-31 11:37:29,291] {logging_mixin.py:109} INFO - [2025-05-31 11:37:29,291] {dagbag.py:500} INFO - Filling up the DagBag from /home/airflow/.local/lib/python3.6/site-packages/airflow/example_dags/example_complex.py
[2025-05-31 11:37:29,337] {processor.py:654} INFO - DAG(s) dict_keys(['example_complex']) retrieved from /home/airflow/.local/lib/python3.6/site-packages/airflow/example_dags/example_complex.py
[2025-05-31 11:37:29,360] {logging_mixin.py:109} INFO - [2025-05-31 11:37:29,360] {dag.py:2396} INFO - Sync 1 DAGs
[2025-05-31 11:37:29,383] {logging_mixin.py:109} INFO - [2025-05-31 11:37:29,383] {dag.py:2935} INFO - Setting next_dagrun for example_complex to None
[2025-05-31 11:37:29,396] {processor.py:171} INFO - Processing /home/airflow/.local/lib/python3.6/site-packages/airflow/example_dags/example_complex.py took 0.112 seconds
[2025-05-31 11:38:00,472] {processor.py:163} INFO - Started process (PID=19093) to work on /home/airflow/.local/lib/python3.6/site-packages/airflow/example_dags/example_complex.py
[2025-05-31 11:38:00,474] {processor.py:642} INFO - Processing file /home/airflow/.local/lib/python3.6/site-packages/airflow/example_dags/example_complex.py for tasks to queue
[2025-05-31 11:38:00,475] {logging_mixin.py:109} INFO - [2025-05-31 11:38:00,475] {dagbag.py:500} INFO - Filling up the DagBag from /home/airflow/.local/lib/python3.6/site-packages/airflow/example_dags/example_complex.py
[2025-05-31 11:38:00,522] {processor.py:654} INFO - DAG(s) dict_keys(['example_complex']) retrieved from /home/airflow/.local/lib/python3.6/site-packages/airflow/example_dags/example_complex.py
[2025-05-31 11:38:00,553] {logging_mixin.py:109} INFO - [2025-05-31 11:38:00,553] {dag.py:2396} INFO - Sync 1 DAGs
[2025-05-31 11:38:00,585] {logging_mixin.py:109} INFO - [2025-05-31 11:38:00,585] {dag.py:2935} INFO - Setting next_dagrun for example_complex to None
[2025-05-31 11:38:00,600] {processor.py:171} INFO - Processing /home/airflow/.local/lib/python3.6/site-packages/airflow/example_dags/example_complex.py took 0.132 seconds
[2025-05-31 11:38:31,345] {processor.py:163} INFO - Started process (PID=19278) to work on /home/airflow/.local/lib/python3.6/site-packages/airflow/example_dags/example_complex.py
[2025-05-31 11:38:31,347] {processor.py:642} INFO - Processing file /home/airflow/.local/lib/python3.6/site-packages/airflow/example_dags/example_complex.py for tasks to queue
[2025-05-31 11:38:31,348] {logging_mixin.py:109} INFO - [2025-05-31 11:38:31,348] {dagbag.py:500} INFO - Filling up the DagBag from /home/airflow/.local/lib/python3.6/site-packages/airflow/example_dags/example_complex.py
[2025-05-31 11:38:31,395] {processor.py:654} INFO - DAG(s) dict_keys(['example_complex']) retrieved from /home/airflow/.local/lib/python3.6/site-packages/airflow/example_dags/example_complex.py
[2025-05-31 11:38:31,418] {logging_mixin.py:109} INFO - [2025-05-31 11:38:31,418] {dag.py:2396} INFO - Sync 1 DAGs
[2025-05-31 11:38:31,439] {logging_mixin.py:109} INFO - [2025-05-31 11:38:31,439] {dag.py:2935} INFO - Setting next_dagrun for example_complex to None
[2025-05-31 11:38:31,451] {processor.py:171} INFO - Processing /home/airflow/.local/lib/python3.6/site-packages/airflow/example_dags/example_complex.py took 0.110 seconds
[2025-05-31 11:39:01,510] {processor.py:163} INFO - Started process (PID=19463) to work on /home/airflow/.local/lib/python3.6/site-packages/airflow/example_dags/example_complex.py
[2025-05-31 11:39:01,512] {processor.py:642} INFO - Processing file /home/airflow/.local/lib/python3.6/site-packages/airflow/example_dags/example_complex.py for tasks to queue
[2025-05-31 11:39:01,513] {logging_mixin.py:109} INFO - [2025-05-31 11:39:01,513] {dagbag.py:500} INFO - Filling up the DagBag from /home/airflow/.local/lib/python3.6/site-packages/airflow/example_dags/example_complex.py
[2025-05-31 11:39:01,556] {processor.py:654} INFO - DAG(s) dict_keys(['example_complex']) retrieved from /home/airflow/.local/lib/python3.6/site-packages/airflow/example_dags/example_complex.py
[2025-05-31 11:39:01,578] {logging_mixin.py:109} INFO - [2025-05-31 11:39:01,578] {dag.py:2396} INFO - Sync 1 DAGs
[2025-05-31 11:39:01,599] {logging_mixin.py:109} INFO - [2025-05-31 11:39:01,599] {dag.py:2935} INFO - Setting next_dagrun for example_complex to None
[2025-05-31 11:39:01,611] {processor.py:171} INFO - Processing /home/airflow/.local/lib/python3.6/site-packages/airflow/example_dags/example_complex.py took 0.105 seconds
[2025-05-31 11:39:31,939] {processor.py:163} INFO - Started process (PID=19655) to work on /home/airflow/.local/lib/python3.6/site-packages/airflow/example_dags/example_complex.py
[2025-05-31 11:39:31,940] {processor.py:642} INFO - Processing file /home/airflow/.local/lib/python3.6/site-packages/airflow/example_dags/example_complex.py for tasks to queue
[2025-05-31 11:39:31,941] {logging_mixin.py:109} INFO - [2025-05-31 11:39:31,941] {dagbag.py:500} INFO - Filling up the DagBag from /home/airflow/.local/lib/python3.6/site-packages/airflow/example_dags/example_complex.py
[2025-05-31 11:39:31,986] {processor.py:654} INFO - DAG(s) dict_keys(['example_complex']) retrieved from /home/airflow/.local/lib/python3.6/site-packages/airflow/example_dags/example_complex.py
[2025-05-31 11:39:32,008] {logging_mixin.py:109} INFO - [2025-05-31 11:39:32,008] {dag.py:2396} INFO - Sync 1 DAGs
[2025-05-31 11:39:32,030] {logging_mixin.py:109} INFO - [2025-05-31 11:39:32,030] {dag.py:2935} INFO - Setting next_dagrun for example_complex to None
[2025-05-31 11:39:32,042] {processor.py:171} INFO - Processing /home/airflow/.local/lib/python3.6/site-packages/airflow/example_dags/example_complex.py took 0.107 seconds
[2025-05-31 11:40:02,565] {processor.py:163} INFO - Started process (PID=19840) to work on /home/airflow/.local/lib/python3.6/site-packages/airflow/example_dags/example_complex.py
[2025-05-31 11:40:02,567] {processor.py:642} INFO - Processing file /home/airflow/.local/lib/python3.6/site-packages/airflow/example_dags/example_complex.py for tasks to queue
[2025-05-31 11:40:02,568] {logging_mixin.py:109} INFO - [2025-05-31 11:40:02,568] {dagbag.py:500} INFO - Filling up the DagBag from /home/airflow/.local/lib/python3.6/site-packages/airflow/example_dags/example_complex.py
[2025-05-31 11:40:02,613] {processor.py:654} INFO - DAG(s) dict_keys(['example_complex']) retrieved from /home/airflow/.local/lib/python3.6/site-packages/airflow/example_dags/example_complex.py
[2025-05-31 11:40:02,635] {logging_mixin.py:109} INFO - [2025-05-31 11:40:02,635] {dag.py:2396} INFO - Sync 1 DAGs
[2025-05-31 11:40:02,658] {logging_mixin.py:109} INFO - [2025-05-31 11:40:02,658] {dag.py:2935} INFO - Setting next_dagrun for example_complex to None
[2025-05-31 11:40:02,673] {processor.py:171} INFO - Processing /home/airflow/.local/lib/python3.6/site-packages/airflow/example_dags/example_complex.py took 0.112 seconds
[2025-05-31 11:40:33,775] {processor.py:163} INFO - Started process (PID=20037) to work on /home/airflow/.local/lib/python3.6/site-packages/airflow/example_dags/example_complex.py
[2025-05-31 11:40:33,777] {processor.py:642} INFO - Processing file /home/airflow/.local/lib/python3.6/site-packages/airflow/example_dags/example_complex.py for tasks to queue
[2025-05-31 11:40:33,778] {logging_mixin.py:109} INFO - [2025-05-31 11:40:33,778] {dagbag.py:500} INFO - Filling up the DagBag from /home/airflow/.local/lib/python3.6/site-packages/airflow/example_dags/example_complex.py
[2025-05-31 11:40:33,852] {processor.py:654} INFO - DAG(s) dict_keys(['example_complex']) retrieved from /home/airflow/.local/lib/python3.6/site-packages/airflow/example_dags/example_complex.py
[2025-05-31 11:40:33,883] {logging_mixin.py:109} INFO - [2025-05-31 11:40:33,882] {dag.py:2396} INFO - Sync 1 DAGs
[2025-05-31 11:40:33,912] {logging_mixin.py:109} INFO - [2025-05-31 11:40:33,912] {dag.py:2935} INFO - Setting next_dagrun for example_complex to None
[2025-05-31 11:40:33,927] {processor.py:171} INFO - Processing /home/airflow/.local/lib/python3.6/site-packages/airflow/example_dags/example_complex.py took 0.156 seconds
[2025-05-31 11:41:05,140] {processor.py:163} INFO - Started process (PID=20224) to work on /home/airflow/.local/lib/python3.6/site-packages/airflow/example_dags/example_complex.py
[2025-05-31 11:41:05,142] {processor.py:642} INFO - Processing file /home/airflow/.local/lib/python3.6/site-packages/airflow/example_dags/example_complex.py for tasks to queue
[2025-05-31 11:41:05,143] {logging_mixin.py:109} INFO - [2025-05-31 11:41:05,143] {dagbag.py:500} INFO - Filling up the DagBag from /home/airflow/.local/lib/python3.6/site-packages/airflow/example_dags/example_complex.py
[2025-05-31 11:41:05,186] {processor.py:654} INFO - DAG(s) dict_keys(['example_complex']) retrieved from /home/airflow/.local/lib/python3.6/site-packages/airflow/example_dags/example_complex.py
[2025-05-31 11:41:05,210] {logging_mixin.py:109} INFO - [2025-05-31 11:41:05,210] {dag.py:2396} INFO - Sync 1 DAGs
[2025-05-31 11:41:05,235] {logging_mixin.py:109} INFO - [2025-05-31 11:41:05,235] {dag.py:2935} INFO - Setting next_dagrun for example_complex to None
[2025-05-31 11:41:05,249] {processor.py:171} INFO - Processing /home/airflow/.local/lib/python3.6/site-packages/airflow/example_dags/example_complex.py took 0.112 seconds
[2025-05-31 11:41:36,279] {processor.py:163} INFO - Started process (PID=20412) to work on /home/airflow/.local/lib/python3.6/site-packages/airflow/example_dags/example_complex.py
[2025-05-31 11:41:36,282] {processor.py:642} INFO - Processing file /home/airflow/.local/lib/python3.6/site-packages/airflow/example_dags/example_complex.py for tasks to queue
[2025-05-31 11:41:36,283] {logging_mixin.py:109} INFO - [2025-05-31 11:41:36,283] {dagbag.py:500} INFO - Filling up the DagBag from /home/airflow/.local/lib/python3.6/site-packages/airflow/example_dags/example_complex.py
[2025-05-31 11:41:36,357] {processor.py:654} INFO - DAG(s) dict_keys(['example_complex']) retrieved from /home/airflow/.local/lib/python3.6/site-packages/airflow/example_dags/example_complex.py
[2025-05-31 11:41:36,386] {logging_mixin.py:109} INFO - [2025-05-31 11:41:36,385] {dag.py:2396} INFO - Sync 1 DAGs
[2025-05-31 11:41:36,410] {logging_mixin.py:109} INFO - [2025-05-31 11:41:36,410] {dag.py:2935} INFO - Setting next_dagrun for example_complex to None
[2025-05-31 11:41:36,427] {processor.py:171} INFO - Processing /home/airflow/.local/lib/python3.6/site-packages/airflow/example_dags/example_complex.py took 0.153 seconds
[2025-05-31 11:42:06,636] {processor.py:163} INFO - Started process (PID=20602) to work on /home/airflow/.local/lib/python3.6/site-packages/airflow/example_dags/example_complex.py
[2025-05-31 11:42:06,638] {processor.py:642} INFO - Processing file /home/airflow/.local/lib/python3.6/site-packages/airflow/example_dags/example_complex.py for tasks to queue
[2025-05-31 11:42:06,639] {logging_mixin.py:109} INFO - [2025-05-31 11:42:06,639] {dagbag.py:500} INFO - Filling up the DagBag from /home/airflow/.local/lib/python3.6/site-packages/airflow/example_dags/example_complex.py
[2025-05-31 11:42:06,689] {processor.py:654} INFO - DAG(s) dict_keys(['example_complex']) retrieved from /home/airflow/.local/lib/python3.6/site-packages/airflow/example_dags/example_complex.py
[2025-05-31 11:42:06,715] {logging_mixin.py:109} INFO - [2025-05-31 11:42:06,715] {dag.py:2396} INFO - Sync 1 DAGs
[2025-05-31 11:42:06,738] {logging_mixin.py:109} INFO - [2025-05-31 11:42:06,737] {dag.py:2935} INFO - Setting next_dagrun for example_complex to None
[2025-05-31 11:42:06,752] {processor.py:171} INFO - Processing /home/airflow/.local/lib/python3.6/site-packages/airflow/example_dags/example_complex.py took 0.121 seconds
[2025-05-31 11:42:37,580] {processor.py:163} INFO - Started process (PID=20792) to work on /home/airflow/.local/lib/python3.6/site-packages/airflow/example_dags/example_complex.py
[2025-05-31 11:42:37,581] {processor.py:642} INFO - Processing file /home/airflow/.local/lib/python3.6/site-packages/airflow/example_dags/example_complex.py for tasks to queue
[2025-05-31 11:42:37,582] {logging_mixin.py:109} INFO - [2025-05-31 11:42:37,582] {dagbag.py:500} INFO - Filling up the DagBag from /home/airflow/.local/lib/python3.6/site-packages/airflow/example_dags/example_complex.py
[2025-05-31 11:42:37,629] {processor.py:654} INFO - DAG(s) dict_keys(['example_complex']) retrieved from /home/airflow/.local/lib/python3.6/site-packages/airflow/example_dags/example_complex.py
[2025-05-31 11:42:37,653] {logging_mixin.py:109} INFO - [2025-05-31 11:42:37,653] {dag.py:2396} INFO - Sync 1 DAGs
[2025-05-31 11:42:37,686] {logging_mixin.py:109} INFO - [2025-05-31 11:42:37,686] {dag.py:2935} INFO - Setting next_dagrun for example_complex to None
[2025-05-31 11:42:37,699] {processor.py:171} INFO - Processing /home/airflow/.local/lib/python3.6/site-packages/airflow/example_dags/example_complex.py took 0.123 seconds
[2025-05-31 11:43:07,942] {processor.py:163} INFO - Started process (PID=20982) to work on /home/airflow/.local/lib/python3.6/site-packages/airflow/example_dags/example_complex.py
[2025-05-31 11:43:07,944] {processor.py:642} INFO - Processing file /home/airflow/.local/lib/python3.6/site-packages/airflow/example_dags/example_complex.py for tasks to queue
[2025-05-31 11:43:07,945] {logging_mixin.py:109} INFO - [2025-05-31 11:43:07,945] {dagbag.py:500} INFO - Filling up the DagBag from /home/airflow/.local/lib/python3.6/site-packages/airflow/example_dags/example_complex.py
[2025-05-31 11:43:07,999] {processor.py:654} INFO - DAG(s) dict_keys(['example_complex']) retrieved from /home/airflow/.local/lib/python3.6/site-packages/airflow/example_dags/example_complex.py
[2025-05-31 11:43:08,025] {logging_mixin.py:109} INFO - [2025-05-31 11:43:08,025] {dag.py:2396} INFO - Sync 1 DAGs
[2025-05-31 11:43:08,055] {logging_mixin.py:109} INFO - [2025-05-31 11:43:08,055] {dag.py:2935} INFO - Setting next_dagrun for example_complex to None
[2025-05-31 11:43:08,069] {processor.py:171} INFO - Processing /home/airflow/.local/lib/python3.6/site-packages/airflow/example_dags/example_complex.py took 0.132 seconds
[2025-05-31 11:43:38,456] {processor.py:163} INFO - Started process (PID=21167) to work on /home/airflow/.local/lib/python3.6/site-packages/airflow/example_dags/example_complex.py
[2025-05-31 11:43:38,458] {processor.py:642} INFO - Processing file /home/airflow/.local/lib/python3.6/site-packages/airflow/example_dags/example_complex.py for tasks to queue
[2025-05-31 11:43:38,459] {logging_mixin.py:109} INFO - [2025-05-31 11:43:38,459] {dagbag.py:500} INFO - Filling up the DagBag from /home/airflow/.local/lib/python3.6/site-packages/airflow/example_dags/example_complex.py
[2025-05-31 11:43:38,506] {processor.py:654} INFO - DAG(s) dict_keys(['example_complex']) retrieved from /home/airflow/.local/lib/python3.6/site-packages/airflow/example_dags/example_complex.py
[2025-05-31 11:43:38,529] {logging_mixin.py:109} INFO - [2025-05-31 11:43:38,529] {dag.py:2396} INFO - Sync 1 DAGs
[2025-05-31 11:43:38,551] {logging_mixin.py:109} INFO - [2025-05-31 11:43:38,551] {dag.py:2935} INFO - Setting next_dagrun for example_complex to None
[2025-05-31 11:43:38,564] {processor.py:171} INFO - Processing /home/airflow/.local/lib/python3.6/site-packages/airflow/example_dags/example_complex.py took 0.112 seconds
[2025-05-31 11:44:08,890] {processor.py:163} INFO - Started process (PID=21352) to work on /home/airflow/.local/lib/python3.6/site-packages/airflow/example_dags/example_complex.py
[2025-05-31 11:44:08,892] {processor.py:642} INFO - Processing file /home/airflow/.local/lib/python3.6/site-packages/airflow/example_dags/example_complex.py for tasks to queue
[2025-05-31 11:44:08,894] {logging_mixin.py:109} INFO - [2025-05-31 11:44:08,894] {dagbag.py:500} INFO - Filling up the DagBag from /home/airflow/.local/lib/python3.6/site-packages/airflow/example_dags/example_complex.py
[2025-05-31 11:44:08,941] {processor.py:654} INFO - DAG(s) dict_keys(['example_complex']) retrieved from /home/airflow/.local/lib/python3.6/site-packages/airflow/example_dags/example_complex.py
[2025-05-31 11:44:08,963] {logging_mixin.py:109} INFO - [2025-05-31 11:44:08,963] {dag.py:2396} INFO - Sync 1 DAGs
[2025-05-31 11:44:08,987] {logging_mixin.py:109} INFO - [2025-05-31 11:44:08,987] {dag.py:2935} INFO - Setting next_dagrun for example_complex to None
[2025-05-31 11:44:09,001] {processor.py:171} INFO - Processing /home/airflow/.local/lib/python3.6/site-packages/airflow/example_dags/example_complex.py took 0.114 seconds
[2025-05-31 11:44:39,666] {processor.py:163} INFO - Started process (PID=21543) to work on /home/airflow/.local/lib/python3.6/site-packages/airflow/example_dags/example_complex.py
[2025-05-31 11:44:39,668] {processor.py:642} INFO - Processing file /home/airflow/.local/lib/python3.6/site-packages/airflow/example_dags/example_complex.py for tasks to queue
[2025-05-31 11:44:39,669] {logging_mixin.py:109} INFO - [2025-05-31 11:44:39,669] {dagbag.py:500} INFO - Filling up the DagBag from /home/airflow/.local/lib/python3.6/site-packages/airflow/example_dags/example_complex.py
[2025-05-31 11:44:39,712] {processor.py:654} INFO - DAG(s) dict_keys(['example_complex']) retrieved from /home/airflow/.local/lib/python3.6/site-packages/airflow/example_dags/example_complex.py
[2025-05-31 11:44:39,737] {logging_mixin.py:109} INFO - [2025-05-31 11:44:39,737] {dag.py:2396} INFO - Sync 1 DAGs
[2025-05-31 11:44:39,759] {logging_mixin.py:109} INFO - [2025-05-31 11:44:39,759] {dag.py:2935} INFO - Setting next_dagrun for example_complex to None
[2025-05-31 11:44:39,770] {processor.py:171} INFO - Processing /home/airflow/.local/lib/python3.6/site-packages/airflow/example_dags/example_complex.py took 0.108 seconds
[2025-05-31 11:45:10,344] {processor.py:163} INFO - Started process (PID=21728) to work on /home/airflow/.local/lib/python3.6/site-packages/airflow/example_dags/example_complex.py
[2025-05-31 11:45:10,346] {processor.py:642} INFO - Processing file /home/airflow/.local/lib/python3.6/site-packages/airflow/example_dags/example_complex.py for tasks to queue
[2025-05-31 11:45:10,347] {logging_mixin.py:109} INFO - [2025-05-31 11:45:10,346] {dagbag.py:500} INFO - Filling up the DagBag from /home/airflow/.local/lib/python3.6/site-packages/airflow/example_dags/example_complex.py
[2025-05-31 11:45:10,407] {processor.py:654} INFO - DAG(s) dict_keys(['example_complex']) retrieved from /home/airflow/.local/lib/python3.6/site-packages/airflow/example_dags/example_complex.py
[2025-05-31 11:45:10,436] {logging_mixin.py:109} INFO - [2025-05-31 11:45:10,436] {dag.py:2396} INFO - Sync 1 DAGs
[2025-05-31 11:45:10,462] {logging_mixin.py:109} INFO - [2025-05-31 11:45:10,462] {dag.py:2935} INFO - Setting next_dagrun for example_complex to None
[2025-05-31 11:45:10,474] {processor.py:171} INFO - Processing /home/airflow/.local/lib/python3.6/site-packages/airflow/example_dags/example_complex.py took 0.135 seconds
[2025-05-31 11:45:40,966] {processor.py:163} INFO - Started process (PID=21923) to work on /home/airflow/.local/lib/python3.6/site-packages/airflow/example_dags/example_complex.py
[2025-05-31 11:45:40,968] {processor.py:642} INFO - Processing file /home/airflow/.local/lib/python3.6/site-packages/airflow/example_dags/example_complex.py for tasks to queue
[2025-05-31 11:45:40,969] {logging_mixin.py:109} INFO - [2025-05-31 11:45:40,969] {dagbag.py:500} INFO - Filling up the DagBag from /home/airflow/.local/lib/python3.6/site-packages/airflow/example_dags/example_complex.py
[2025-05-31 11:45:41,019] {processor.py:654} INFO - DAG(s) dict_keys(['example_complex']) retrieved from /home/airflow/.local/lib/python3.6/site-packages/airflow/example_dags/example_complex.py
[2025-05-31 11:45:41,045] {logging_mixin.py:109} INFO - [2025-05-31 11:45:41,045] {dag.py:2396} INFO - Sync 1 DAGs
[2025-05-31 11:45:41,074] {logging_mixin.py:109} INFO - [2025-05-31 11:45:41,074] {dag.py:2935} INFO - Setting next_dagrun for example_complex to None
[2025-05-31 11:45:41,087] {processor.py:171} INFO - Processing /home/airflow/.local/lib/python3.6/site-packages/airflow/example_dags/example_complex.py took 0.127 seconds
[2025-05-31 11:46:12,049] {processor.py:163} INFO - Started process (PID=22108) to work on /home/airflow/.local/lib/python3.6/site-packages/airflow/example_dags/example_complex.py
[2025-05-31 11:46:12,052] {processor.py:642} INFO - Processing file /home/airflow/.local/lib/python3.6/site-packages/airflow/example_dags/example_complex.py for tasks to queue
[2025-05-31 11:46:12,054] {logging_mixin.py:109} INFO - [2025-05-31 11:46:12,053] {dagbag.py:500} INFO - Filling up the DagBag from /home/airflow/.local/lib/python3.6/site-packages/airflow/example_dags/example_complex.py
[2025-05-31 11:46:12,132] {processor.py:654} INFO - DAG(s) dict_keys(['example_complex']) retrieved from /home/airflow/.local/lib/python3.6/site-packages/airflow/example_dags/example_complex.py
[2025-05-31 11:46:12,180] {logging_mixin.py:109} INFO - [2025-05-31 11:46:12,179] {dag.py:2396} INFO - Sync 1 DAGs
[2025-05-31 11:46:12,220] {logging_mixin.py:109} INFO - [2025-05-31 11:46:12,220] {dag.py:2935} INFO - Setting next_dagrun for example_complex to None
[2025-05-31 11:46:12,237] {processor.py:171} INFO - Processing /home/airflow/.local/lib/python3.6/site-packages/airflow/example_dags/example_complex.py took 0.194 seconds
[2025-05-31 11:46:42,923] {processor.py:163} INFO - Started process (PID=22293) to work on /home/airflow/.local/lib/python3.6/site-packages/airflow/example_dags/example_complex.py
[2025-05-31 11:46:42,924] {processor.py:642} INFO - Processing file /home/airflow/.local/lib/python3.6/site-packages/airflow/example_dags/example_complex.py for tasks to queue
[2025-05-31 11:46:42,926] {logging_mixin.py:109} INFO - [2025-05-31 11:46:42,926] {dagbag.py:500} INFO - Filling up the DagBag from /home/airflow/.local/lib/python3.6/site-packages/airflow/example_dags/example_complex.py
[2025-05-31 11:46:42,975] {processor.py:654} INFO - DAG(s) dict_keys(['example_complex']) retrieved from /home/airflow/.local/lib/python3.6/site-packages/airflow/example_dags/example_complex.py
[2025-05-31 11:46:43,003] {logging_mixin.py:109} INFO - [2025-05-31 11:46:43,003] {dag.py:2396} INFO - Sync 1 DAGs
[2025-05-31 11:46:43,026] {logging_mixin.py:109} INFO - [2025-05-31 11:46:43,026] {dag.py:2935} INFO - Setting next_dagrun for example_complex to None
[2025-05-31 11:46:43,039] {processor.py:171} INFO - Processing /home/airflow/.local/lib/python3.6/site-packages/airflow/example_dags/example_complex.py took 0.121 seconds
[2025-05-31 11:47:13,324] {processor.py:163} INFO - Started process (PID=22488) to work on /home/airflow/.local/lib/python3.6/site-packages/airflow/example_dags/example_complex.py
[2025-05-31 11:47:13,326] {processor.py:642} INFO - Processing file /home/airflow/.local/lib/python3.6/site-packages/airflow/example_dags/example_complex.py for tasks to queue
[2025-05-31 11:47:13,327] {logging_mixin.py:109} INFO - [2025-05-31 11:47:13,326] {dagbag.py:500} INFO - Filling up the DagBag from /home/airflow/.local/lib/python3.6/site-packages/airflow/example_dags/example_complex.py
[2025-05-31 11:47:13,380] {processor.py:654} INFO - DAG(s) dict_keys(['example_complex']) retrieved from /home/airflow/.local/lib/python3.6/site-packages/airflow/example_dags/example_complex.py
[2025-05-31 11:47:13,403] {logging_mixin.py:109} INFO - [2025-05-31 11:47:13,402] {dag.py:2396} INFO - Sync 1 DAGs
[2025-05-31 11:47:13,428] {logging_mixin.py:109} INFO - [2025-05-31 11:47:13,428] {dag.py:2935} INFO - Setting next_dagrun for example_complex to None
[2025-05-31 11:47:13,440] {processor.py:171} INFO - Processing /home/airflow/.local/lib/python3.6/site-packages/airflow/example_dags/example_complex.py took 0.121 seconds
[2025-05-31 11:47:44,062] {processor.py:163} INFO - Started process (PID=22673) to work on /home/airflow/.local/lib/python3.6/site-packages/airflow/example_dags/example_complex.py
[2025-05-31 11:47:44,064] {processor.py:642} INFO - Processing file /home/airflow/.local/lib/python3.6/site-packages/airflow/example_dags/example_complex.py for tasks to queue
[2025-05-31 11:47:44,065] {logging_mixin.py:109} INFO - [2025-05-31 11:47:44,065] {dagbag.py:500} INFO - Filling up the DagBag from /home/airflow/.local/lib/python3.6/site-packages/airflow/example_dags/example_complex.py
[2025-05-31 11:47:44,108] {processor.py:654} INFO - DAG(s) dict_keys(['example_complex']) retrieved from /home/airflow/.local/lib/python3.6/site-packages/airflow/example_dags/example_complex.py
[2025-05-31 11:47:44,131] {logging_mixin.py:109} INFO - [2025-05-31 11:47:44,131] {dag.py:2396} INFO - Sync 1 DAGs
[2025-05-31 11:47:44,155] {logging_mixin.py:109} INFO - [2025-05-31 11:47:44,155] {dag.py:2935} INFO - Setting next_dagrun for example_complex to None
[2025-05-31 11:47:44,167] {processor.py:171} INFO - Processing /home/airflow/.local/lib/python3.6/site-packages/airflow/example_dags/example_complex.py took 0.110 seconds
[2025-05-31 11:48:14,492] {processor.py:163} INFO - Started process (PID=22868) to work on /home/airflow/.local/lib/python3.6/site-packages/airflow/example_dags/example_complex.py
[2025-05-31 11:48:14,494] {processor.py:642} INFO - Processing file /home/airflow/.local/lib/python3.6/site-packages/airflow/example_dags/example_complex.py for tasks to queue
[2025-05-31 11:48:14,496] {logging_mixin.py:109} INFO - [2025-05-31 11:48:14,495] {dagbag.py:500} INFO - Filling up the DagBag from /home/airflow/.local/lib/python3.6/site-packages/airflow/example_dags/example_complex.py
[2025-05-31 11:48:14,554] {processor.py:654} INFO - DAG(s) dict_keys(['example_complex']) retrieved from /home/airflow/.local/lib/python3.6/site-packages/airflow/example_dags/example_complex.py
[2025-05-31 11:48:14,586] {logging_mixin.py:109} INFO - [2025-05-31 11:48:14,585] {dag.py:2396} INFO - Sync 1 DAGs
[2025-05-31 11:48:14,610] {logging_mixin.py:109} INFO - [2025-05-31 11:48:14,610] {dag.py:2935} INFO - Setting next_dagrun for example_complex to None
[2025-05-31 11:48:14,624] {processor.py:171} INFO - Processing /home/airflow/.local/lib/python3.6/site-packages/airflow/example_dags/example_complex.py took 0.138 seconds
[2025-05-31 11:48:44,730] {processor.py:163} INFO - Started process (PID=23053) to work on /home/airflow/.local/lib/python3.6/site-packages/airflow/example_dags/example_complex.py
[2025-05-31 11:48:44,732] {processor.py:642} INFO - Processing file /home/airflow/.local/lib/python3.6/site-packages/airflow/example_dags/example_complex.py for tasks to queue
[2025-05-31 11:48:44,734] {logging_mixin.py:109} INFO - [2025-05-31 11:48:44,734] {dagbag.py:500} INFO - Filling up the DagBag from /home/airflow/.local/lib/python3.6/site-packages/airflow/example_dags/example_complex.py
[2025-05-31 11:48:44,777] {processor.py:654} INFO - DAG(s) dict_keys(['example_complex']) retrieved from /home/airflow/.local/lib/python3.6/site-packages/airflow/example_dags/example_complex.py
[2025-05-31 11:48:44,798] {logging_mixin.py:109} INFO - [2025-05-31 11:48:44,798] {dag.py:2396} INFO - Sync 1 DAGs
[2025-05-31 11:48:44,817] {logging_mixin.py:109} INFO - [2025-05-31 11:48:44,817] {dag.py:2935} INFO - Setting next_dagrun for example_complex to None
[2025-05-31 11:48:44,829] {processor.py:171} INFO - Processing /home/airflow/.local/lib/python3.6/site-packages/airflow/example_dags/example_complex.py took 0.103 seconds
[2025-05-31 11:49:15,673] {processor.py:163} INFO - Started process (PID=23238) to work on /home/airflow/.local/lib/python3.6/site-packages/airflow/example_dags/example_complex.py
[2025-05-31 11:49:15,676] {processor.py:642} INFO - Processing file /home/airflow/.local/lib/python3.6/site-packages/airflow/example_dags/example_complex.py for tasks to queue
[2025-05-31 11:49:15,677] {logging_mixin.py:109} INFO - [2025-05-31 11:49:15,677] {dagbag.py:500} INFO - Filling up the DagBag from /home/airflow/.local/lib/python3.6/site-packages/airflow/example_dags/example_complex.py
[2025-05-31 11:49:15,725] {processor.py:654} INFO - DAG(s) dict_keys(['example_complex']) retrieved from /home/airflow/.local/lib/python3.6/site-packages/airflow/example_dags/example_complex.py
[2025-05-31 11:49:15,750] {logging_mixin.py:109} INFO - [2025-05-31 11:49:15,750] {dag.py:2396} INFO - Sync 1 DAGs
[2025-05-31 11:49:15,773] {logging_mixin.py:109} INFO - [2025-05-31 11:49:15,773] {dag.py:2935} INFO - Setting next_dagrun for example_complex to None
[2025-05-31 11:49:15,786] {processor.py:171} INFO - Processing /home/airflow/.local/lib/python3.6/site-packages/airflow/example_dags/example_complex.py took 0.117 seconds
[2025-05-31 11:49:46,782] {processor.py:163} INFO - Started process (PID=23433) to work on /home/airflow/.local/lib/python3.6/site-packages/airflow/example_dags/example_complex.py
[2025-05-31 11:49:46,784] {processor.py:642} INFO - Processing file /home/airflow/.local/lib/python3.6/site-packages/airflow/example_dags/example_complex.py for tasks to queue
[2025-05-31 11:49:46,784] {logging_mixin.py:109} INFO - [2025-05-31 11:49:46,784] {dagbag.py:500} INFO - Filling up the DagBag from /home/airflow/.local/lib/python3.6/site-packages/airflow/example_dags/example_complex.py
[2025-05-31 11:49:46,829] {processor.py:654} INFO - DAG(s) dict_keys(['example_complex']) retrieved from /home/airflow/.local/lib/python3.6/site-packages/airflow/example_dags/example_complex.py
[2025-05-31 11:49:46,859] {logging_mixin.py:109} INFO - [2025-05-31 11:49:46,859] {dag.py:2396} INFO - Sync 1 DAGs
[2025-05-31 11:49:46,883] {logging_mixin.py:109} INFO - [2025-05-31 11:49:46,883] {dag.py:2935} INFO - Setting next_dagrun for example_complex to None
[2025-05-31 11:49:46,898] {processor.py:171} INFO - Processing /home/airflow/.local/lib/python3.6/site-packages/airflow/example_dags/example_complex.py took 0.120 seconds
[2025-05-31 11:50:17,708] {processor.py:163} INFO - Started process (PID=23620) to work on /home/airflow/.local/lib/python3.6/site-packages/airflow/example_dags/example_complex.py
[2025-05-31 11:50:17,711] {processor.py:642} INFO - Processing file /home/airflow/.local/lib/python3.6/site-packages/airflow/example_dags/example_complex.py for tasks to queue
[2025-05-31 11:50:17,712] {logging_mixin.py:109} INFO - [2025-05-31 11:50:17,712] {dagbag.py:500} INFO - Filling up the DagBag from /home/airflow/.local/lib/python3.6/site-packages/airflow/example_dags/example_complex.py
[2025-05-31 11:50:17,771] {processor.py:654} INFO - DAG(s) dict_keys(['example_complex']) retrieved from /home/airflow/.local/lib/python3.6/site-packages/airflow/example_dags/example_complex.py
[2025-05-31 11:50:17,795] {logging_mixin.py:109} INFO - [2025-05-31 11:50:17,795] {dag.py:2396} INFO - Sync 1 DAGs
[2025-05-31 11:50:17,821] {logging_mixin.py:109} INFO - [2025-05-31 11:50:17,820] {dag.py:2935} INFO - Setting next_dagrun for example_complex to None
[2025-05-31 11:50:17,837] {processor.py:171} INFO - Processing /home/airflow/.local/lib/python3.6/site-packages/airflow/example_dags/example_complex.py took 0.136 seconds
[2025-05-31 11:50:49,241] {processor.py:163} INFO - Started process (PID=23813) to work on /home/airflow/.local/lib/python3.6/site-packages/airflow/example_dags/example_complex.py
[2025-05-31 11:50:49,243] {processor.py:642} INFO - Processing file /home/airflow/.local/lib/python3.6/site-packages/airflow/example_dags/example_complex.py for tasks to queue
[2025-05-31 11:50:49,245] {logging_mixin.py:109} INFO - [2025-05-31 11:50:49,244] {dagbag.py:500} INFO - Filling up the DagBag from /home/airflow/.local/lib/python3.6/site-packages/airflow/example_dags/example_complex.py
[2025-05-31 11:50:49,311] {processor.py:654} INFO - DAG(s) dict_keys(['example_complex']) retrieved from /home/airflow/.local/lib/python3.6/site-packages/airflow/example_dags/example_complex.py
[2025-05-31 11:50:49,337] {logging_mixin.py:109} INFO - [2025-05-31 11:50:49,337] {dag.py:2396} INFO - Sync 1 DAGs
[2025-05-31 11:50:49,369] {logging_mixin.py:109} INFO - [2025-05-31 11:50:49,369] {dag.py:2935} INFO - Setting next_dagrun for example_complex to None
[2025-05-31 11:50:49,390] {processor.py:171} INFO - Processing /home/airflow/.local/lib/python3.6/site-packages/airflow/example_dags/example_complex.py took 0.156 seconds
[2025-05-31 11:51:19,926] {processor.py:163} INFO - Started process (PID=23998) to work on /home/airflow/.local/lib/python3.6/site-packages/airflow/example_dags/example_complex.py
[2025-05-31 11:51:19,928] {processor.py:642} INFO - Processing file /home/airflow/.local/lib/python3.6/site-packages/airflow/example_dags/example_complex.py for tasks to queue
[2025-05-31 11:51:19,929] {logging_mixin.py:109} INFO - [2025-05-31 11:51:19,929] {dagbag.py:500} INFO - Filling up the DagBag from /home/airflow/.local/lib/python3.6/site-packages/airflow/example_dags/example_complex.py
[2025-05-31 11:51:19,980] {processor.py:654} INFO - DAG(s) dict_keys(['example_complex']) retrieved from /home/airflow/.local/lib/python3.6/site-packages/airflow/example_dags/example_complex.py
[2025-05-31 11:51:20,004] {logging_mixin.py:109} INFO - [2025-05-31 11:51:20,004] {dag.py:2396} INFO - Sync 1 DAGs
[2025-05-31 11:51:20,028] {logging_mixin.py:109} INFO - [2025-05-31 11:51:20,028] {dag.py:2935} INFO - Setting next_dagrun for example_complex to None
[2025-05-31 11:51:20,042] {processor.py:171} INFO - Processing /home/airflow/.local/lib/python3.6/site-packages/airflow/example_dags/example_complex.py took 0.121 seconds
[2025-05-31 11:51:50,480] {processor.py:163} INFO - Started process (PID=24182) to work on /home/airflow/.local/lib/python3.6/site-packages/airflow/example_dags/example_complex.py
[2025-05-31 11:51:50,481] {processor.py:642} INFO - Processing file /home/airflow/.local/lib/python3.6/site-packages/airflow/example_dags/example_complex.py for tasks to queue
[2025-05-31 11:51:50,482] {logging_mixin.py:109} INFO - [2025-05-31 11:51:50,482] {dagbag.py:500} INFO - Filling up the DagBag from /home/airflow/.local/lib/python3.6/site-packages/airflow/example_dags/example_complex.py
[2025-05-31 11:51:50,531] {processor.py:654} INFO - DAG(s) dict_keys(['example_complex']) retrieved from /home/airflow/.local/lib/python3.6/site-packages/airflow/example_dags/example_complex.py
[2025-05-31 11:51:50,556] {logging_mixin.py:109} INFO - [2025-05-31 11:51:50,556] {dag.py:2396} INFO - Sync 1 DAGs
[2025-05-31 11:51:50,582] {logging_mixin.py:109} INFO - [2025-05-31 11:51:50,581] {dag.py:2935} INFO - Setting next_dagrun for example_complex to None
[2025-05-31 11:51:50,595] {processor.py:171} INFO - Processing /home/airflow/.local/lib/python3.6/site-packages/airflow/example_dags/example_complex.py took 0.120 seconds
[2025-05-31 11:52:21,471] {processor.py:163} INFO - Started process (PID=24377) to work on /home/airflow/.local/lib/python3.6/site-packages/airflow/example_dags/example_complex.py
[2025-05-31 11:52:21,472] {processor.py:642} INFO - Processing file /home/airflow/.local/lib/python3.6/site-packages/airflow/example_dags/example_complex.py for tasks to queue
[2025-05-31 11:52:21,474] {logging_mixin.py:109} INFO - [2025-05-31 11:52:21,473] {dagbag.py:500} INFO - Filling up the DagBag from /home/airflow/.local/lib/python3.6/site-packages/airflow/example_dags/example_complex.py
[2025-05-31 11:52:21,520] {processor.py:654} INFO - DAG(s) dict_keys(['example_complex']) retrieved from /home/airflow/.local/lib/python3.6/site-packages/airflow/example_dags/example_complex.py
[2025-05-31 11:52:21,544] {logging_mixin.py:109} INFO - [2025-05-31 11:52:21,544] {dag.py:2396} INFO - Sync 1 DAGs
[2025-05-31 11:52:21,578] {logging_mixin.py:109} INFO - [2025-05-31 11:52:21,578] {dag.py:2935} INFO - Setting next_dagrun for example_complex to None
[2025-05-31 11:52:21,595] {processor.py:171} INFO - Processing /home/airflow/.local/lib/python3.6/site-packages/airflow/example_dags/example_complex.py took 0.129 seconds
[2025-05-31 11:52:52,288] {processor.py:163} INFO - Started process (PID=24562) to work on /home/airflow/.local/lib/python3.6/site-packages/airflow/example_dags/example_complex.py
[2025-05-31 11:52:52,290] {processor.py:642} INFO - Processing file /home/airflow/.local/lib/python3.6/site-packages/airflow/example_dags/example_complex.py for tasks to queue
[2025-05-31 11:52:52,291] {logging_mixin.py:109} INFO - [2025-05-31 11:52:52,291] {dagbag.py:500} INFO - Filling up the DagBag from /home/airflow/.local/lib/python3.6/site-packages/airflow/example_dags/example_complex.py
[2025-05-31 11:52:52,362] {processor.py:654} INFO - DAG(s) dict_keys(['example_complex']) retrieved from /home/airflow/.local/lib/python3.6/site-packages/airflow/example_dags/example_complex.py
[2025-05-31 11:52:52,391] {logging_mixin.py:109} INFO - [2025-05-31 11:52:52,391] {dag.py:2396} INFO - Sync 1 DAGs
[2025-05-31 11:52:52,434] {logging_mixin.py:109} INFO - [2025-05-31 11:52:52,433] {dag.py:2935} INFO - Setting next_dagrun for example_complex to None
[2025-05-31 11:52:52,449] {processor.py:171} INFO - Processing /home/airflow/.local/lib/python3.6/site-packages/airflow/example_dags/example_complex.py took 0.165 seconds
[2025-05-31 11:53:24,121] {processor.py:163} INFO - Started process (PID=24767) to work on /home/airflow/.local/lib/python3.6/site-packages/airflow/example_dags/example_complex.py
[2025-05-31 11:53:24,123] {processor.py:642} INFO - Processing file /home/airflow/.local/lib/python3.6/site-packages/airflow/example_dags/example_complex.py for tasks to queue
[2025-05-31 11:53:24,124] {logging_mixin.py:109} INFO - [2025-05-31 11:53:24,124] {dagbag.py:500} INFO - Filling up the DagBag from /home/airflow/.local/lib/python3.6/site-packages/airflow/example_dags/example_complex.py
[2025-05-31 11:53:24,170] {processor.py:654} INFO - DAG(s) dict_keys(['example_complex']) retrieved from /home/airflow/.local/lib/python3.6/site-packages/airflow/example_dags/example_complex.py
[2025-05-31 11:53:24,193] {logging_mixin.py:109} INFO - [2025-05-31 11:53:24,193] {dag.py:2396} INFO - Sync 1 DAGs
[2025-05-31 11:53:24,221] {logging_mixin.py:109} INFO - [2025-05-31 11:53:24,221] {dag.py:2935} INFO - Setting next_dagrun for example_complex to None
[2025-05-31 11:53:24,233] {processor.py:171} INFO - Processing /home/airflow/.local/lib/python3.6/site-packages/airflow/example_dags/example_complex.py took 0.117 seconds
[2025-05-31 11:53:54,272] {processor.py:163} INFO - Started process (PID=24952) to work on /home/airflow/.local/lib/python3.6/site-packages/airflow/example_dags/example_complex.py
[2025-05-31 11:53:54,274] {processor.py:642} INFO - Processing file /home/airflow/.local/lib/python3.6/site-packages/airflow/example_dags/example_complex.py for tasks to queue
[2025-05-31 11:53:54,275] {logging_mixin.py:109} INFO - [2025-05-31 11:53:54,275] {dagbag.py:500} INFO - Filling up the DagBag from /home/airflow/.local/lib/python3.6/site-packages/airflow/example_dags/example_complex.py
[2025-05-31 11:53:54,320] {processor.py:654} INFO - DAG(s) dict_keys(['example_complex']) retrieved from /home/airflow/.local/lib/python3.6/site-packages/airflow/example_dags/example_complex.py
[2025-05-31 11:53:54,342] {logging_mixin.py:109} INFO - [2025-05-31 11:53:54,342] {dag.py:2396} INFO - Sync 1 DAGs
[2025-05-31 11:53:54,367] {logging_mixin.py:109} INFO - [2025-05-31 11:53:54,366] {dag.py:2935} INFO - Setting next_dagrun for example_complex to None
[2025-05-31 11:53:54,379] {processor.py:171} INFO - Processing /home/airflow/.local/lib/python3.6/site-packages/airflow/example_dags/example_complex.py took 0.111 seconds
[2025-05-31 11:54:25,131] {processor.py:163} INFO - Started process (PID=25146) to work on /home/airflow/.local/lib/python3.6/site-packages/airflow/example_dags/example_complex.py
[2025-05-31 11:54:25,134] {processor.py:642} INFO - Processing file /home/airflow/.local/lib/python3.6/site-packages/airflow/example_dags/example_complex.py for tasks to queue
[2025-05-31 11:54:25,137] {logging_mixin.py:109} INFO - [2025-05-31 11:54:25,136] {dagbag.py:500} INFO - Filling up the DagBag from /home/airflow/.local/lib/python3.6/site-packages/airflow/example_dags/example_complex.py
[2025-05-31 11:54:25,200] {processor.py:654} INFO - DAG(s) dict_keys(['example_complex']) retrieved from /home/airflow/.local/lib/python3.6/site-packages/airflow/example_dags/example_complex.py
[2025-05-31 11:54:25,232] {logging_mixin.py:109} INFO - [2025-05-31 11:54:25,232] {dag.py:2396} INFO - Sync 1 DAGs
[2025-05-31 11:54:25,266] {logging_mixin.py:109} INFO - [2025-05-31 11:54:25,266] {dag.py:2935} INFO - Setting next_dagrun for example_complex to None
[2025-05-31 11:54:25,286] {processor.py:171} INFO - Processing /home/airflow/.local/lib/python3.6/site-packages/airflow/example_dags/example_complex.py took 0.161 seconds
[2025-05-31 11:54:55,553] {processor.py:163} INFO - Started process (PID=25332) to work on /home/airflow/.local/lib/python3.6/site-packages/airflow/example_dags/example_complex.py
[2025-05-31 11:54:55,555] {processor.py:642} INFO - Processing file /home/airflow/.local/lib/python3.6/site-packages/airflow/example_dags/example_complex.py for tasks to queue
[2025-05-31 11:54:55,556] {logging_mixin.py:109} INFO - [2025-05-31 11:54:55,556] {dagbag.py:500} INFO - Filling up the DagBag from /home/airflow/.local/lib/python3.6/site-packages/airflow/example_dags/example_complex.py
[2025-05-31 11:54:55,605] {processor.py:654} INFO - DAG(s) dict_keys(['example_complex']) retrieved from /home/airflow/.local/lib/python3.6/site-packages/airflow/example_dags/example_complex.py
[2025-05-31 11:54:55,626] {logging_mixin.py:109} INFO - [2025-05-31 11:54:55,626] {dag.py:2396} INFO - Sync 1 DAGs
[2025-05-31 11:54:55,651] {logging_mixin.py:109} INFO - [2025-05-31 11:54:55,651] {dag.py:2935} INFO - Setting next_dagrun for example_complex to None
[2025-05-31 11:54:55,666] {processor.py:171} INFO - Processing /home/airflow/.local/lib/python3.6/site-packages/airflow/example_dags/example_complex.py took 0.117 seconds
[2025-05-31 11:55:25,754] {processor.py:163} INFO - Started process (PID=25512) to work on /home/airflow/.local/lib/python3.6/site-packages/airflow/example_dags/example_complex.py
[2025-05-31 11:55:25,756] {processor.py:642} INFO - Processing file /home/airflow/.local/lib/python3.6/site-packages/airflow/example_dags/example_complex.py for tasks to queue
[2025-05-31 11:55:25,757] {logging_mixin.py:109} INFO - [2025-05-31 11:55:25,757] {dagbag.py:500} INFO - Filling up the DagBag from /home/airflow/.local/lib/python3.6/site-packages/airflow/example_dags/example_complex.py
[2025-05-31 11:55:25,805] {processor.py:654} INFO - DAG(s) dict_keys(['example_complex']) retrieved from /home/airflow/.local/lib/python3.6/site-packages/airflow/example_dags/example_complex.py
[2025-05-31 11:55:25,830] {logging_mixin.py:109} INFO - [2025-05-31 11:55:25,830] {dag.py:2396} INFO - Sync 1 DAGs
[2025-05-31 11:55:25,857] {logging_mixin.py:109} INFO - [2025-05-31 11:55:25,856] {dag.py:2935} INFO - Setting next_dagrun for example_complex to None
[2025-05-31 11:55:25,870] {processor.py:171} INFO - Processing /home/airflow/.local/lib/python3.6/site-packages/airflow/example_dags/example_complex.py took 0.120 seconds
[2025-05-31 11:55:56,826] {processor.py:163} INFO - Started process (PID=25712) to work on /home/airflow/.local/lib/python3.6/site-packages/airflow/example_dags/example_complex.py
[2025-05-31 11:55:56,828] {processor.py:642} INFO - Processing file /home/airflow/.local/lib/python3.6/site-packages/airflow/example_dags/example_complex.py for tasks to queue
[2025-05-31 11:55:56,829] {logging_mixin.py:109} INFO - [2025-05-31 11:55:56,829] {dagbag.py:500} INFO - Filling up the DagBag from /home/airflow/.local/lib/python3.6/site-packages/airflow/example_dags/example_complex.py
[2025-05-31 11:55:56,889] {processor.py:654} INFO - DAG(s) dict_keys(['example_complex']) retrieved from /home/airflow/.local/lib/python3.6/site-packages/airflow/example_dags/example_complex.py
[2025-05-31 11:55:56,919] {logging_mixin.py:109} INFO - [2025-05-31 11:55:56,919] {dag.py:2396} INFO - Sync 1 DAGs
[2025-05-31 11:55:56,950] {logging_mixin.py:109} INFO - [2025-05-31 11:55:56,950] {dag.py:2935} INFO - Setting next_dagrun for example_complex to None
[2025-05-31 11:55:56,965] {processor.py:171} INFO - Processing /home/airflow/.local/lib/python3.6/site-packages/airflow/example_dags/example_complex.py took 0.164 seconds
[2025-05-31 11:56:27,628] {processor.py:163} INFO - Started process (PID=25897) to work on /home/airflow/.local/lib/python3.6/site-packages/airflow/example_dags/example_complex.py
[2025-05-31 11:56:27,630] {processor.py:642} INFO - Processing file /home/airflow/.local/lib/python3.6/site-packages/airflow/example_dags/example_complex.py for tasks to queue
[2025-05-31 11:56:27,632] {logging_mixin.py:109} INFO - [2025-05-31 11:56:27,632] {dagbag.py:500} INFO - Filling up the DagBag from /home/airflow/.local/lib/python3.6/site-packages/airflow/example_dags/example_complex.py
[2025-05-31 11:56:27,699] {processor.py:654} INFO - DAG(s) dict_keys(['example_complex']) retrieved from /home/airflow/.local/lib/python3.6/site-packages/airflow/example_dags/example_complex.py
[2025-05-31 11:56:27,728] {logging_mixin.py:109} INFO - [2025-05-31 11:56:27,728] {dag.py:2396} INFO - Sync 1 DAGs
[2025-05-31 11:56:27,757] {logging_mixin.py:109} INFO - [2025-05-31 11:56:27,757] {dag.py:2935} INFO - Setting next_dagrun for example_complex to None
[2025-05-31 11:56:27,774] {processor.py:171} INFO - Processing /home/airflow/.local/lib/python3.6/site-packages/airflow/example_dags/example_complex.py took 0.150 seconds
[2025-05-31 11:56:58,196] {processor.py:163} INFO - Started process (PID=26084) to work on /home/airflow/.local/lib/python3.6/site-packages/airflow/example_dags/example_complex.py
[2025-05-31 11:56:58,197] {processor.py:642} INFO - Processing file /home/airflow/.local/lib/python3.6/site-packages/airflow/example_dags/example_complex.py for tasks to queue
[2025-05-31 11:56:58,198] {logging_mixin.py:109} INFO - [2025-05-31 11:56:58,198] {dagbag.py:500} INFO - Filling up the DagBag from /home/airflow/.local/lib/python3.6/site-packages/airflow/example_dags/example_complex.py
[2025-05-31 11:56:58,250] {processor.py:654} INFO - DAG(s) dict_keys(['example_complex']) retrieved from /home/airflow/.local/lib/python3.6/site-packages/airflow/example_dags/example_complex.py
[2025-05-31 11:56:58,270] {logging_mixin.py:109} INFO - [2025-05-31 11:56:58,270] {dag.py:2396} INFO - Sync 1 DAGs
[2025-05-31 11:56:58,295] {logging_mixin.py:109} INFO - [2025-05-31 11:56:58,295] {dag.py:2935} INFO - Setting next_dagrun for example_complex to None
[2025-05-31 11:56:58,309] {processor.py:171} INFO - Processing /home/airflow/.local/lib/python3.6/site-packages/airflow/example_dags/example_complex.py took 0.117 seconds
[2025-05-31 11:57:28,542] {processor.py:163} INFO - Started process (PID=26277) to work on /home/airflow/.local/lib/python3.6/site-packages/airflow/example_dags/example_complex.py
[2025-05-31 11:57:28,544] {processor.py:642} INFO - Processing file /home/airflow/.local/lib/python3.6/site-packages/airflow/example_dags/example_complex.py for tasks to queue
[2025-05-31 11:57:28,545] {logging_mixin.py:109} INFO - [2025-05-31 11:57:28,545] {dagbag.py:500} INFO - Filling up the DagBag from /home/airflow/.local/lib/python3.6/site-packages/airflow/example_dags/example_complex.py
[2025-05-31 11:57:28,591] {processor.py:654} INFO - DAG(s) dict_keys(['example_complex']) retrieved from /home/airflow/.local/lib/python3.6/site-packages/airflow/example_dags/example_complex.py
[2025-05-31 11:57:28,614] {logging_mixin.py:109} INFO - [2025-05-31 11:57:28,614] {dag.py:2396} INFO - Sync 1 DAGs
[2025-05-31 11:57:28,639] {logging_mixin.py:109} INFO - [2025-05-31 11:57:28,639] {dag.py:2935} INFO - Setting next_dagrun for example_complex to None
[2025-05-31 11:57:28,652] {processor.py:171} INFO - Processing /home/airflow/.local/lib/python3.6/site-packages/airflow/example_dags/example_complex.py took 0.115 seconds
[2025-05-31 11:57:59,148] {processor.py:163} INFO - Started process (PID=26462) to work on /home/airflow/.local/lib/python3.6/site-packages/airflow/example_dags/example_complex.py
[2025-05-31 11:57:59,149] {processor.py:642} INFO - Processing file /home/airflow/.local/lib/python3.6/site-packages/airflow/example_dags/example_complex.py for tasks to queue
[2025-05-31 11:57:59,151] {logging_mixin.py:109} INFO - [2025-05-31 11:57:59,150] {dagbag.py:500} INFO - Filling up the DagBag from /home/airflow/.local/lib/python3.6/site-packages/airflow/example_dags/example_complex.py
[2025-05-31 11:57:59,203] {processor.py:654} INFO - DAG(s) dict_keys(['example_complex']) retrieved from /home/airflow/.local/lib/python3.6/site-packages/airflow/example_dags/example_complex.py
[2025-05-31 11:57:59,224] {logging_mixin.py:109} INFO - [2025-05-31 11:57:59,224] {dag.py:2396} INFO - Sync 1 DAGs
[2025-05-31 11:57:59,246] {logging_mixin.py:109} INFO - [2025-05-31 11:57:59,246] {dag.py:2935} INFO - Setting next_dagrun for example_complex to None
[2025-05-31 11:57:59,258] {processor.py:171} INFO - Processing /home/airflow/.local/lib/python3.6/site-packages/airflow/example_dags/example_complex.py took 0.115 seconds
[2025-05-31 11:58:29,902] {processor.py:163} INFO - Started process (PID=26657) to work on /home/airflow/.local/lib/python3.6/site-packages/airflow/example_dags/example_complex.py
[2025-05-31 11:58:29,904] {processor.py:642} INFO - Processing file /home/airflow/.local/lib/python3.6/site-packages/airflow/example_dags/example_complex.py for tasks to queue
[2025-05-31 11:58:29,905] {logging_mixin.py:109} INFO - [2025-05-31 11:58:29,905] {dagbag.py:500} INFO - Filling up the DagBag from /home/airflow/.local/lib/python3.6/site-packages/airflow/example_dags/example_complex.py
[2025-05-31 11:58:29,948] {processor.py:654} INFO - DAG(s) dict_keys(['example_complex']) retrieved from /home/airflow/.local/lib/python3.6/site-packages/airflow/example_dags/example_complex.py
[2025-05-31 11:58:29,974] {logging_mixin.py:109} INFO - [2025-05-31 11:58:29,974] {dag.py:2396} INFO - Sync 1 DAGs
[2025-05-31 11:58:29,997] {logging_mixin.py:109} INFO - [2025-05-31 11:58:29,996] {dag.py:2935} INFO - Setting next_dagrun for example_complex to None
[2025-05-31 11:58:30,008] {processor.py:171} INFO - Processing /home/airflow/.local/lib/python3.6/site-packages/airflow/example_dags/example_complex.py took 0.111 seconds
[2025-05-31 11:59:00,240] {processor.py:163} INFO - Started process (PID=26839) to work on /home/airflow/.local/lib/python3.6/site-packages/airflow/example_dags/example_complex.py
[2025-05-31 11:59:00,241] {processor.py:642} INFO - Processing file /home/airflow/.local/lib/python3.6/site-packages/airflow/example_dags/example_complex.py for tasks to queue
[2025-05-31 11:59:00,243] {logging_mixin.py:109} INFO - [2025-05-31 11:59:00,242] {dagbag.py:500} INFO - Filling up the DagBag from /home/airflow/.local/lib/python3.6/site-packages/airflow/example_dags/example_complex.py
[2025-05-31 11:59:00,292] {processor.py:654} INFO - DAG(s) dict_keys(['example_complex']) retrieved from /home/airflow/.local/lib/python3.6/site-packages/airflow/example_dags/example_complex.py
[2025-05-31 11:59:00,314] {logging_mixin.py:109} INFO - [2025-05-31 11:59:00,313] {dag.py:2396} INFO - Sync 1 DAGs
[2025-05-31 11:59:00,333] {logging_mixin.py:109} INFO - [2025-05-31 11:59:00,333] {dag.py:2935} INFO - Setting next_dagrun for example_complex to None
[2025-05-31 11:59:00,346] {processor.py:171} INFO - Processing /home/airflow/.local/lib/python3.6/site-packages/airflow/example_dags/example_complex.py took 0.110 seconds
[2025-05-31 11:59:31,589] {processor.py:163} INFO - Started process (PID=27026) to work on /home/airflow/.local/lib/python3.6/site-packages/airflow/example_dags/example_complex.py
[2025-05-31 11:59:31,591] {processor.py:642} INFO - Processing file /home/airflow/.local/lib/python3.6/site-packages/airflow/example_dags/example_complex.py for tasks to queue
[2025-05-31 11:59:31,592] {logging_mixin.py:109} INFO - [2025-05-31 11:59:31,591] {dagbag.py:500} INFO - Filling up the DagBag from /home/airflow/.local/lib/python3.6/site-packages/airflow/example_dags/example_complex.py
[2025-05-31 11:59:31,649] {processor.py:654} INFO - DAG(s) dict_keys(['example_complex']) retrieved from /home/airflow/.local/lib/python3.6/site-packages/airflow/example_dags/example_complex.py
[2025-05-31 11:59:31,672] {logging_mixin.py:109} INFO - [2025-05-31 11:59:31,672] {dag.py:2396} INFO - Sync 1 DAGs
[2025-05-31 11:59:31,696] {logging_mixin.py:109} INFO - [2025-05-31 11:59:31,696] {dag.py:2935} INFO - Setting next_dagrun for example_complex to None
[2025-05-31 11:59:31,711] {processor.py:171} INFO - Processing /home/airflow/.local/lib/python3.6/site-packages/airflow/example_dags/example_complex.py took 0.126 seconds
[2025-05-31 12:00:03,521] {processor.py:163} INFO - Started process (PID=27231) to work on /home/airflow/.local/lib/python3.6/site-packages/airflow/example_dags/example_complex.py
[2025-05-31 12:00:03,523] {processor.py:642} INFO - Processing file /home/airflow/.local/lib/python3.6/site-packages/airflow/example_dags/example_complex.py for tasks to queue
[2025-05-31 12:00:03,524] {logging_mixin.py:109} INFO - [2025-05-31 12:00:03,524] {dagbag.py:500} INFO - Filling up the DagBag from /home/airflow/.local/lib/python3.6/site-packages/airflow/example_dags/example_complex.py
[2025-05-31 12:00:03,571] {processor.py:654} INFO - DAG(s) dict_keys(['example_complex']) retrieved from /home/airflow/.local/lib/python3.6/site-packages/airflow/example_dags/example_complex.py
[2025-05-31 12:00:03,592] {logging_mixin.py:109} INFO - [2025-05-31 12:00:03,592] {dag.py:2396} INFO - Sync 1 DAGs
[2025-05-31 12:00:03,615] {logging_mixin.py:109} INFO - [2025-05-31 12:00:03,615] {dag.py:2935} INFO - Setting next_dagrun for example_complex to None
[2025-05-31 12:00:03,628] {processor.py:171} INFO - Processing /home/airflow/.local/lib/python3.6/site-packages/airflow/example_dags/example_complex.py took 0.111 seconds
[2025-05-31 12:00:34,012] {processor.py:163} INFO - Started process (PID=27416) to work on /home/airflow/.local/lib/python3.6/site-packages/airflow/example_dags/example_complex.py
[2025-05-31 12:00:34,014] {processor.py:642} INFO - Processing file /home/airflow/.local/lib/python3.6/site-packages/airflow/example_dags/example_complex.py for tasks to queue
[2025-05-31 12:00:34,015] {logging_mixin.py:109} INFO - [2025-05-31 12:00:34,015] {dagbag.py:500} INFO - Filling up the DagBag from /home/airflow/.local/lib/python3.6/site-packages/airflow/example_dags/example_complex.py
[2025-05-31 12:00:34,057] {processor.py:654} INFO - DAG(s) dict_keys(['example_complex']) retrieved from /home/airflow/.local/lib/python3.6/site-packages/airflow/example_dags/example_complex.py
[2025-05-31 12:00:34,078] {logging_mixin.py:109} INFO - [2025-05-31 12:00:34,078] {dag.py:2396} INFO - Sync 1 DAGs
[2025-05-31 12:00:34,099] {logging_mixin.py:109} INFO - [2025-05-31 12:00:34,099] {dag.py:2935} INFO - Setting next_dagrun for example_complex to None
[2025-05-31 12:00:34,112] {processor.py:171} INFO - Processing /home/airflow/.local/lib/python3.6/site-packages/airflow/example_dags/example_complex.py took 0.104 seconds
[2025-05-31 12:01:05,605] {processor.py:163} INFO - Started process (PID=27617) to work on /home/airflow/.local/lib/python3.6/site-packages/airflow/example_dags/example_complex.py
[2025-05-31 12:01:05,607] {processor.py:642} INFO - Processing file /home/airflow/.local/lib/python3.6/site-packages/airflow/example_dags/example_complex.py for tasks to queue
[2025-05-31 12:01:05,608] {logging_mixin.py:109} INFO - [2025-05-31 12:01:05,608] {dagbag.py:500} INFO - Filling up the DagBag from /home/airflow/.local/lib/python3.6/site-packages/airflow/example_dags/example_complex.py
[2025-05-31 12:01:05,663] {processor.py:654} INFO - DAG(s) dict_keys(['example_complex']) retrieved from /home/airflow/.local/lib/python3.6/site-packages/airflow/example_dags/example_complex.py
[2025-05-31 12:01:05,691] {logging_mixin.py:109} INFO - [2025-05-31 12:01:05,691] {dag.py:2396} INFO - Sync 1 DAGs
[2025-05-31 12:01:05,713] {logging_mixin.py:109} INFO - [2025-05-31 12:01:05,713] {dag.py:2935} INFO - Setting next_dagrun for example_complex to None
[2025-05-31 12:01:05,727] {processor.py:171} INFO - Processing /home/airflow/.local/lib/python3.6/site-packages/airflow/example_dags/example_complex.py took 0.126 seconds
[2025-05-31 12:01:36,273] {processor.py:163} INFO - Started process (PID=27802) to work on /home/airflow/.local/lib/python3.6/site-packages/airflow/example_dags/example_complex.py
[2025-05-31 12:01:36,275] {processor.py:642} INFO - Processing file /home/airflow/.local/lib/python3.6/site-packages/airflow/example_dags/example_complex.py for tasks to queue
[2025-05-31 12:01:36,276] {logging_mixin.py:109} INFO - [2025-05-31 12:01:36,276] {dagbag.py:500} INFO - Filling up the DagBag from /home/airflow/.local/lib/python3.6/site-packages/airflow/example_dags/example_complex.py
[2025-05-31 12:01:36,314] {processor.py:654} INFO - DAG(s) dict_keys(['example_complex']) retrieved from /home/airflow/.local/lib/python3.6/site-packages/airflow/example_dags/example_complex.py
[2025-05-31 12:01:36,333] {logging_mixin.py:109} INFO - [2025-05-31 12:01:36,333] {dag.py:2396} INFO - Sync 1 DAGs
[2025-05-31 12:01:36,352] {logging_mixin.py:109} INFO - [2025-05-31 12:01:36,352] {dag.py:2935} INFO - Setting next_dagrun for example_complex to None
[2025-05-31 12:01:36,368] {processor.py:171} INFO - Processing /home/airflow/.local/lib/python3.6/site-packages/airflow/example_dags/example_complex.py took 0.098 seconds
[2025-05-31 12:02:07,351] {processor.py:163} INFO - Started process (PID=27987) to work on /home/airflow/.local/lib/python3.6/site-packages/airflow/example_dags/example_complex.py
[2025-05-31 12:02:07,353] {processor.py:642} INFO - Processing file /home/airflow/.local/lib/python3.6/site-packages/airflow/example_dags/example_complex.py for tasks to queue
[2025-05-31 12:02:07,354] {logging_mixin.py:109} INFO - [2025-05-31 12:02:07,354] {dagbag.py:500} INFO - Filling up the DagBag from /home/airflow/.local/lib/python3.6/site-packages/airflow/example_dags/example_complex.py
[2025-05-31 12:02:07,399] {processor.py:654} INFO - DAG(s) dict_keys(['example_complex']) retrieved from /home/airflow/.local/lib/python3.6/site-packages/airflow/example_dags/example_complex.py
[2025-05-31 12:02:07,421] {logging_mixin.py:109} INFO - [2025-05-31 12:02:07,421] {dag.py:2396} INFO - Sync 1 DAGs
[2025-05-31 12:02:07,446] {logging_mixin.py:109} INFO - [2025-05-31 12:02:07,446] {dag.py:2935} INFO - Setting next_dagrun for example_complex to None
[2025-05-31 12:02:07,462] {processor.py:171} INFO - Processing /home/airflow/.local/lib/python3.6/site-packages/airflow/example_dags/example_complex.py took 0.115 seconds
[2025-05-31 12:02:38,947] {processor.py:163} INFO - Started process (PID=28184) to work on /home/airflow/.local/lib/python3.6/site-packages/airflow/example_dags/example_complex.py
[2025-05-31 12:02:38,948] {processor.py:642} INFO - Processing file /home/airflow/.local/lib/python3.6/site-packages/airflow/example_dags/example_complex.py for tasks to queue
[2025-05-31 12:02:38,949] {logging_mixin.py:109} INFO - [2025-05-31 12:02:38,949] {dagbag.py:500} INFO - Filling up the DagBag from /home/airflow/.local/lib/python3.6/site-packages/airflow/example_dags/example_complex.py
[2025-05-31 12:02:38,996] {processor.py:654} INFO - DAG(s) dict_keys(['example_complex']) retrieved from /home/airflow/.local/lib/python3.6/site-packages/airflow/example_dags/example_complex.py
[2025-05-31 12:02:39,022] {logging_mixin.py:109} INFO - [2025-05-31 12:02:39,021] {dag.py:2396} INFO - Sync 1 DAGs
[2025-05-31 12:02:39,047] {logging_mixin.py:109} INFO - [2025-05-31 12:02:39,047] {dag.py:2935} INFO - Setting next_dagrun for example_complex to None
[2025-05-31 12:02:39,062] {processor.py:171} INFO - Processing /home/airflow/.local/lib/python3.6/site-packages/airflow/example_dags/example_complex.py took 0.119 seconds
[2025-05-31 12:03:09,957] {processor.py:163} INFO - Started process (PID=28367) to work on /home/airflow/.local/lib/python3.6/site-packages/airflow/example_dags/example_complex.py
[2025-05-31 12:03:09,959] {processor.py:642} INFO - Processing file /home/airflow/.local/lib/python3.6/site-packages/airflow/example_dags/example_complex.py for tasks to queue
[2025-05-31 12:03:09,960] {logging_mixin.py:109} INFO - [2025-05-31 12:03:09,960] {dagbag.py:500} INFO - Filling up the DagBag from /home/airflow/.local/lib/python3.6/site-packages/airflow/example_dags/example_complex.py
[2025-05-31 12:03:10,006] {processor.py:654} INFO - DAG(s) dict_keys(['example_complex']) retrieved from /home/airflow/.local/lib/python3.6/site-packages/airflow/example_dags/example_complex.py
[2025-05-31 12:03:10,027] {logging_mixin.py:109} INFO - [2025-05-31 12:03:10,027] {dag.py:2396} INFO - Sync 1 DAGs
[2025-05-31 12:03:10,047] {logging_mixin.py:109} INFO - [2025-05-31 12:03:10,047] {dag.py:2935} INFO - Setting next_dagrun for example_complex to None
[2025-05-31 12:03:10,058] {processor.py:171} INFO - Processing /home/airflow/.local/lib/python3.6/site-packages/airflow/example_dags/example_complex.py took 0.106 seconds
[2025-05-31 12:03:40,181] {processor.py:163} INFO - Started process (PID=28562) to work on /home/airflow/.local/lib/python3.6/site-packages/airflow/example_dags/example_complex.py
[2025-05-31 12:03:40,183] {processor.py:642} INFO - Processing file /home/airflow/.local/lib/python3.6/site-packages/airflow/example_dags/example_complex.py for tasks to queue
[2025-05-31 12:03:40,185] {logging_mixin.py:109} INFO - [2025-05-31 12:03:40,184] {dagbag.py:500} INFO - Filling up the DagBag from /home/airflow/.local/lib/python3.6/site-packages/airflow/example_dags/example_complex.py
[2025-05-31 12:03:40,227] {processor.py:654} INFO - DAG(s) dict_keys(['example_complex']) retrieved from /home/airflow/.local/lib/python3.6/site-packages/airflow/example_dags/example_complex.py
[2025-05-31 12:03:40,249] {logging_mixin.py:109} INFO - [2025-05-31 12:03:40,249] {dag.py:2396} INFO - Sync 1 DAGs
[2025-05-31 12:03:40,270] {logging_mixin.py:109} INFO - [2025-05-31 12:03:40,269] {dag.py:2935} INFO - Setting next_dagrun for example_complex to None
[2025-05-31 12:03:40,281] {processor.py:171} INFO - Processing /home/airflow/.local/lib/python3.6/site-packages/airflow/example_dags/example_complex.py took 0.105 seconds
[2025-05-31 12:04:10,964] {processor.py:163} INFO - Started process (PID=28747) to work on /home/airflow/.local/lib/python3.6/site-packages/airflow/example_dags/example_complex.py
[2025-05-31 12:04:10,965] {processor.py:642} INFO - Processing file /home/airflow/.local/lib/python3.6/site-packages/airflow/example_dags/example_complex.py for tasks to queue
[2025-05-31 12:04:10,966] {logging_mixin.py:109} INFO - [2025-05-31 12:04:10,966] {dagbag.py:500} INFO - Filling up the DagBag from /home/airflow/.local/lib/python3.6/site-packages/airflow/example_dags/example_complex.py
[2025-05-31 12:04:11,005] {processor.py:654} INFO - DAG(s) dict_keys(['example_complex']) retrieved from /home/airflow/.local/lib/python3.6/site-packages/airflow/example_dags/example_complex.py
[2025-05-31 12:04:11,025] {logging_mixin.py:109} INFO - [2025-05-31 12:04:11,025] {dag.py:2396} INFO - Sync 1 DAGs
[2025-05-31 12:04:11,046] {logging_mixin.py:109} INFO - [2025-05-31 12:04:11,046] {dag.py:2935} INFO - Setting next_dagrun for example_complex to None
[2025-05-31 12:04:11,056] {processor.py:171} INFO - Processing /home/airflow/.local/lib/python3.6/site-packages/airflow/example_dags/example_complex.py took 0.096 seconds
[2025-05-31 12:04:41,230] {processor.py:163} INFO - Started process (PID=28938) to work on /home/airflow/.local/lib/python3.6/site-packages/airflow/example_dags/example_complex.py
[2025-05-31 12:04:41,232] {processor.py:642} INFO - Processing file /home/airflow/.local/lib/python3.6/site-packages/airflow/example_dags/example_complex.py for tasks to queue
[2025-05-31 12:04:41,233] {logging_mixin.py:109} INFO - [2025-05-31 12:04:41,232] {dagbag.py:500} INFO - Filling up the DagBag from /home/airflow/.local/lib/python3.6/site-packages/airflow/example_dags/example_complex.py
[2025-05-31 12:04:41,274] {processor.py:654} INFO - DAG(s) dict_keys(['example_complex']) retrieved from /home/airflow/.local/lib/python3.6/site-packages/airflow/example_dags/example_complex.py
[2025-05-31 12:04:41,295] {logging_mixin.py:109} INFO - [2025-05-31 12:04:41,295] {dag.py:2396} INFO - Sync 1 DAGs
[2025-05-31 12:04:41,317] {logging_mixin.py:109} INFO - [2025-05-31 12:04:41,317] {dag.py:2935} INFO - Setting next_dagrun for example_complex to None
[2025-05-31 12:04:41,328] {processor.py:171} INFO - Processing /home/airflow/.local/lib/python3.6/site-packages/airflow/example_dags/example_complex.py took 0.102 seconds
[2025-05-31 12:05:11,534] {processor.py:163} INFO - Started process (PID=29124) to work on /home/airflow/.local/lib/python3.6/site-packages/airflow/example_dags/example_complex.py
[2025-05-31 12:05:11,536] {processor.py:642} INFO - Processing file /home/airflow/.local/lib/python3.6/site-packages/airflow/example_dags/example_complex.py for tasks to queue
[2025-05-31 12:05:11,537] {logging_mixin.py:109} INFO - [2025-05-31 12:05:11,537] {dagbag.py:500} INFO - Filling up the DagBag from /home/airflow/.local/lib/python3.6/site-packages/airflow/example_dags/example_complex.py
[2025-05-31 12:05:11,573] {processor.py:654} INFO - DAG(s) dict_keys(['example_complex']) retrieved from /home/airflow/.local/lib/python3.6/site-packages/airflow/example_dags/example_complex.py
[2025-05-31 12:05:11,591] {logging_mixin.py:109} INFO - [2025-05-31 12:05:11,591] {dag.py:2396} INFO - Sync 1 DAGs
[2025-05-31 12:05:11,609] {logging_mixin.py:109} INFO - [2025-05-31 12:05:11,609] {dag.py:2935} INFO - Setting next_dagrun for example_complex to None
[2025-05-31 12:05:11,619] {processor.py:171} INFO - Processing /home/airflow/.local/lib/python3.6/site-packages/airflow/example_dags/example_complex.py took 0.088 seconds
[2025-05-31 12:05:42,128] {processor.py:163} INFO - Started process (PID=29309) to work on /home/airflow/.local/lib/python3.6/site-packages/airflow/example_dags/example_complex.py
[2025-05-31 12:05:42,129] {processor.py:642} INFO - Processing file /home/airflow/.local/lib/python3.6/site-packages/airflow/example_dags/example_complex.py for tasks to queue
[2025-05-31 12:05:42,130] {logging_mixin.py:109} INFO - [2025-05-31 12:05:42,130] {dagbag.py:500} INFO - Filling up the DagBag from /home/airflow/.local/lib/python3.6/site-packages/airflow/example_dags/example_complex.py
[2025-05-31 12:05:42,169] {processor.py:654} INFO - DAG(s) dict_keys(['example_complex']) retrieved from /home/airflow/.local/lib/python3.6/site-packages/airflow/example_dags/example_complex.py
[2025-05-31 12:05:42,189] {logging_mixin.py:109} INFO - [2025-05-31 12:05:42,189] {dag.py:2396} INFO - Sync 1 DAGs
[2025-05-31 12:05:42,207] {logging_mixin.py:109} INFO - [2025-05-31 12:05:42,207] {dag.py:2935} INFO - Setting next_dagrun for example_complex to None
[2025-05-31 12:05:42,218] {processor.py:171} INFO - Processing /home/airflow/.local/lib/python3.6/site-packages/airflow/example_dags/example_complex.py took 0.094 seconds
[2025-05-31 12:06:12,889] {processor.py:163} INFO - Started process (PID=29504) to work on /home/airflow/.local/lib/python3.6/site-packages/airflow/example_dags/example_complex.py
[2025-05-31 12:06:12,891] {processor.py:642} INFO - Processing file /home/airflow/.local/lib/python3.6/site-packages/airflow/example_dags/example_complex.py for tasks to queue
[2025-05-31 12:06:12,893] {logging_mixin.py:109} INFO - [2025-05-31 12:06:12,893] {dagbag.py:500} INFO - Filling up the DagBag from /home/airflow/.local/lib/python3.6/site-packages/airflow/example_dags/example_complex.py
[2025-05-31 12:06:12,961] {processor.py:654} INFO - DAG(s) dict_keys(['example_complex']) retrieved from /home/airflow/.local/lib/python3.6/site-packages/airflow/example_dags/example_complex.py
[2025-05-31 12:06:12,990] {logging_mixin.py:109} INFO - [2025-05-31 12:06:12,989] {dag.py:2396} INFO - Sync 1 DAGs
[2025-05-31 12:06:13,020] {logging_mixin.py:109} INFO - [2025-05-31 12:06:13,020] {dag.py:2935} INFO - Setting next_dagrun for example_complex to None
[2025-05-31 12:06:13,035] {processor.py:171} INFO - Processing /home/airflow/.local/lib/python3.6/site-packages/airflow/example_dags/example_complex.py took 0.151 seconds
[2025-05-31 12:06:43,319] {processor.py:163} INFO - Started process (PID=29689) to work on /home/airflow/.local/lib/python3.6/site-packages/airflow/example_dags/example_complex.py
[2025-05-31 12:06:43,321] {processor.py:642} INFO - Processing file /home/airflow/.local/lib/python3.6/site-packages/airflow/example_dags/example_complex.py for tasks to queue
[2025-05-31 12:06:43,322] {logging_mixin.py:109} INFO - [2025-05-31 12:06:43,322] {dagbag.py:500} INFO - Filling up the DagBag from /home/airflow/.local/lib/python3.6/site-packages/airflow/example_dags/example_complex.py
[2025-05-31 12:06:43,371] {processor.py:654} INFO - DAG(s) dict_keys(['example_complex']) retrieved from /home/airflow/.local/lib/python3.6/site-packages/airflow/example_dags/example_complex.py
[2025-05-31 12:06:43,392] {logging_mixin.py:109} INFO - [2025-05-31 12:06:43,392] {dag.py:2396} INFO - Sync 1 DAGs
[2025-05-31 12:06:43,417] {logging_mixin.py:109} INFO - [2025-05-31 12:06:43,416] {dag.py:2935} INFO - Setting next_dagrun for example_complex to None
[2025-05-31 12:06:43,435] {processor.py:171} INFO - Processing /home/airflow/.local/lib/python3.6/site-packages/airflow/example_dags/example_complex.py took 0.120 seconds
[2025-05-31 12:07:14,133] {processor.py:163} INFO - Started process (PID=29874) to work on /home/airflow/.local/lib/python3.6/site-packages/airflow/example_dags/example_complex.py
[2025-05-31 12:07:14,134] {processor.py:642} INFO - Processing file /home/airflow/.local/lib/python3.6/site-packages/airflow/example_dags/example_complex.py for tasks to queue
[2025-05-31 12:07:14,135] {logging_mixin.py:109} INFO - [2025-05-31 12:07:14,135] {dagbag.py:500} INFO - Filling up the DagBag from /home/airflow/.local/lib/python3.6/site-packages/airflow/example_dags/example_complex.py
[2025-05-31 12:07:14,172] {processor.py:654} INFO - DAG(s) dict_keys(['example_complex']) retrieved from /home/airflow/.local/lib/python3.6/site-packages/airflow/example_dags/example_complex.py
[2025-05-31 12:07:14,190] {logging_mixin.py:109} INFO - [2025-05-31 12:07:14,190] {dag.py:2396} INFO - Sync 1 DAGs
[2025-05-31 12:07:14,210] {logging_mixin.py:109} INFO - [2025-05-31 12:07:14,209] {dag.py:2935} INFO - Setting next_dagrun for example_complex to None
[2025-05-31 12:07:14,220] {processor.py:171} INFO - Processing /home/airflow/.local/lib/python3.6/site-packages/airflow/example_dags/example_complex.py took 0.091 seconds
[2025-05-31 12:07:44,356] {processor.py:163} INFO - Started process (PID=30069) to work on /home/airflow/.local/lib/python3.6/site-packages/airflow/example_dags/example_complex.py
[2025-05-31 12:07:44,358] {processor.py:642} INFO - Processing file /home/airflow/.local/lib/python3.6/site-packages/airflow/example_dags/example_complex.py for tasks to queue
[2025-05-31 12:07:44,359] {logging_mixin.py:109} INFO - [2025-05-31 12:07:44,359] {dagbag.py:500} INFO - Filling up the DagBag from /home/airflow/.local/lib/python3.6/site-packages/airflow/example_dags/example_complex.py
[2025-05-31 12:07:44,403] {processor.py:654} INFO - DAG(s) dict_keys(['example_complex']) retrieved from /home/airflow/.local/lib/python3.6/site-packages/airflow/example_dags/example_complex.py
[2025-05-31 12:07:44,424] {logging_mixin.py:109} INFO - [2025-05-31 12:07:44,424] {dag.py:2396} INFO - Sync 1 DAGs
[2025-05-31 12:07:44,445] {logging_mixin.py:109} INFO - [2025-05-31 12:07:44,445] {dag.py:2935} INFO - Setting next_dagrun for example_complex to None
[2025-05-31 12:07:44,458] {processor.py:171} INFO - Processing /home/airflow/.local/lib/python3.6/site-packages/airflow/example_dags/example_complex.py took 0.106 seconds
[2025-05-31 12:08:15,081] {processor.py:163} INFO - Started process (PID=30254) to work on /home/airflow/.local/lib/python3.6/site-packages/airflow/example_dags/example_complex.py
[2025-05-31 12:08:15,083] {processor.py:642} INFO - Processing file /home/airflow/.local/lib/python3.6/site-packages/airflow/example_dags/example_complex.py for tasks to queue
[2025-05-31 12:08:15,084] {logging_mixin.py:109} INFO - [2025-05-31 12:08:15,084] {dagbag.py:500} INFO - Filling up the DagBag from /home/airflow/.local/lib/python3.6/site-packages/airflow/example_dags/example_complex.py
[2025-05-31 12:08:15,126] {processor.py:654} INFO - DAG(s) dict_keys(['example_complex']) retrieved from /home/airflow/.local/lib/python3.6/site-packages/airflow/example_dags/example_complex.py
[2025-05-31 12:08:15,148] {logging_mixin.py:109} INFO - [2025-05-31 12:08:15,148] {dag.py:2396} INFO - Sync 1 DAGs
[2025-05-31 12:08:15,171] {logging_mixin.py:109} INFO - [2025-05-31 12:08:15,171] {dag.py:2935} INFO - Setting next_dagrun for example_complex to None
[2025-05-31 12:08:15,186] {processor.py:171} INFO - Processing /home/airflow/.local/lib/python3.6/site-packages/airflow/example_dags/example_complex.py took 0.108 seconds
[2025-05-31 12:08:45,250] {processor.py:163} INFO - Started process (PID=30437) to work on /home/airflow/.local/lib/python3.6/site-packages/airflow/example_dags/example_complex.py
[2025-05-31 12:08:45,252] {processor.py:642} INFO - Processing file /home/airflow/.local/lib/python3.6/site-packages/airflow/example_dags/example_complex.py for tasks to queue
[2025-05-31 12:08:45,253] {logging_mixin.py:109} INFO - [2025-05-31 12:08:45,252] {dagbag.py:500} INFO - Filling up the DagBag from /home/airflow/.local/lib/python3.6/site-packages/airflow/example_dags/example_complex.py
[2025-05-31 12:08:45,299] {processor.py:654} INFO - DAG(s) dict_keys(['example_complex']) retrieved from /home/airflow/.local/lib/python3.6/site-packages/airflow/example_dags/example_complex.py
[2025-05-31 12:08:45,322] {logging_mixin.py:109} INFO - [2025-05-31 12:08:45,322] {dag.py:2396} INFO - Sync 1 DAGs
[2025-05-31 12:08:45,347] {logging_mixin.py:109} INFO - [2025-05-31 12:08:45,347] {dag.py:2935} INFO - Setting next_dagrun for example_complex to None
[2025-05-31 12:08:45,358] {processor.py:171} INFO - Processing /home/airflow/.local/lib/python3.6/site-packages/airflow/example_dags/example_complex.py took 0.112 seconds
[2025-05-31 12:09:16,210] {processor.py:163} INFO - Started process (PID=30632) to work on /home/airflow/.local/lib/python3.6/site-packages/airflow/example_dags/example_complex.py
[2025-05-31 12:09:16,212] {processor.py:642} INFO - Processing file /home/airflow/.local/lib/python3.6/site-packages/airflow/example_dags/example_complex.py for tasks to queue
[2025-05-31 12:09:16,213] {logging_mixin.py:109} INFO - [2025-05-31 12:09:16,212] {dagbag.py:500} INFO - Filling up the DagBag from /home/airflow/.local/lib/python3.6/site-packages/airflow/example_dags/example_complex.py
[2025-05-31 12:09:16,257] {processor.py:654} INFO - DAG(s) dict_keys(['example_complex']) retrieved from /home/airflow/.local/lib/python3.6/site-packages/airflow/example_dags/example_complex.py
[2025-05-31 12:09:16,284] {logging_mixin.py:109} INFO - [2025-05-31 12:09:16,283] {dag.py:2396} INFO - Sync 1 DAGs
[2025-05-31 12:09:16,306] {logging_mixin.py:109} INFO - [2025-05-31 12:09:16,305] {dag.py:2935} INFO - Setting next_dagrun for example_complex to None
[2025-05-31 12:09:16,319] {processor.py:171} INFO - Processing /home/airflow/.local/lib/python3.6/site-packages/airflow/example_dags/example_complex.py took 0.113 seconds
[2025-05-31 12:09:46,721] {processor.py:163} INFO - Started process (PID=30817) to work on /home/airflow/.local/lib/python3.6/site-packages/airflow/example_dags/example_complex.py
[2025-05-31 12:09:46,723] {processor.py:642} INFO - Processing file /home/airflow/.local/lib/python3.6/site-packages/airflow/example_dags/example_complex.py for tasks to queue
[2025-05-31 12:09:46,724] {logging_mixin.py:109} INFO - [2025-05-31 12:09:46,724] {dagbag.py:500} INFO - Filling up the DagBag from /home/airflow/.local/lib/python3.6/site-packages/airflow/example_dags/example_complex.py
[2025-05-31 12:09:46,770] {processor.py:654} INFO - DAG(s) dict_keys(['example_complex']) retrieved from /home/airflow/.local/lib/python3.6/site-packages/airflow/example_dags/example_complex.py
[2025-05-31 12:09:46,791] {logging_mixin.py:109} INFO - [2025-05-31 12:09:46,791] {dag.py:2396} INFO - Sync 1 DAGs
[2025-05-31 12:09:46,813] {logging_mixin.py:109} INFO - [2025-05-31 12:09:46,813] {dag.py:2935} INFO - Setting next_dagrun for example_complex to None
[2025-05-31 12:09:46,828] {processor.py:171} INFO - Processing /home/airflow/.local/lib/python3.6/site-packages/airflow/example_dags/example_complex.py took 0.113 seconds
[2025-05-31 12:10:17,814] {processor.py:163} INFO - Started process (PID=31012) to work on /home/airflow/.local/lib/python3.6/site-packages/airflow/example_dags/example_complex.py
[2025-05-31 12:10:17,816] {processor.py:642} INFO - Processing file /home/airflow/.local/lib/python3.6/site-packages/airflow/example_dags/example_complex.py for tasks to queue
[2025-05-31 12:10:17,817] {logging_mixin.py:109} INFO - [2025-05-31 12:10:17,817] {dagbag.py:500} INFO - Filling up the DagBag from /home/airflow/.local/lib/python3.6/site-packages/airflow/example_dags/example_complex.py
[2025-05-31 12:10:17,879] {processor.py:654} INFO - DAG(s) dict_keys(['example_complex']) retrieved from /home/airflow/.local/lib/python3.6/site-packages/airflow/example_dags/example_complex.py
[2025-05-31 12:10:17,909] {logging_mixin.py:109} INFO - [2025-05-31 12:10:17,908] {dag.py:2396} INFO - Sync 1 DAGs
[2025-05-31 12:10:17,937] {logging_mixin.py:109} INFO - [2025-05-31 12:10:17,937] {dag.py:2935} INFO - Setting next_dagrun for example_complex to None
[2025-05-31 12:10:17,950] {processor.py:171} INFO - Processing /home/airflow/.local/lib/python3.6/site-packages/airflow/example_dags/example_complex.py took 0.142 seconds
[2025-05-31 12:10:48,792] {processor.py:163} INFO - Started process (PID=31196) to work on /home/airflow/.local/lib/python3.6/site-packages/airflow/example_dags/example_complex.py
[2025-05-31 12:10:48,794] {processor.py:642} INFO - Processing file /home/airflow/.local/lib/python3.6/site-packages/airflow/example_dags/example_complex.py for tasks to queue
[2025-05-31 12:10:48,795] {logging_mixin.py:109} INFO - [2025-05-31 12:10:48,794] {dagbag.py:500} INFO - Filling up the DagBag from /home/airflow/.local/lib/python3.6/site-packages/airflow/example_dags/example_complex.py
[2025-05-31 12:10:48,847] {processor.py:654} INFO - DAG(s) dict_keys(['example_complex']) retrieved from /home/airflow/.local/lib/python3.6/site-packages/airflow/example_dags/example_complex.py
[2025-05-31 12:10:48,872] {logging_mixin.py:109} INFO - [2025-05-31 12:10:48,872] {dag.py:2396} INFO - Sync 1 DAGs
[2025-05-31 12:10:48,899] {logging_mixin.py:109} INFO - [2025-05-31 12:10:48,899] {dag.py:2935} INFO - Setting next_dagrun for example_complex to None
[2025-05-31 12:10:48,915] {processor.py:171} INFO - Processing /home/airflow/.local/lib/python3.6/site-packages/airflow/example_dags/example_complex.py took 0.127 seconds
[2025-05-31 17:31:08,426] {processor.py:163} INFO - Started process (PID=279) to work on /home/airflow/.local/lib/python3.6/site-packages/airflow/example_dags/example_complex.py
[2025-05-31 17:31:08,428] {processor.py:642} INFO - Processing file /home/airflow/.local/lib/python3.6/site-packages/airflow/example_dags/example_complex.py for tasks to queue
[2025-05-31 17:31:08,430] {logging_mixin.py:109} INFO - [2025-05-31 17:31:08,430] {dagbag.py:500} INFO - Filling up the DagBag from /home/airflow/.local/lib/python3.6/site-packages/airflow/example_dags/example_complex.py
[2025-05-31 17:31:08,508] {processor.py:654} INFO - DAG(s) dict_keys(['example_complex']) retrieved from /home/airflow/.local/lib/python3.6/site-packages/airflow/example_dags/example_complex.py
[2025-05-31 17:31:08,545] {logging_mixin.py:109} INFO - [2025-05-31 17:31:08,545] {dag.py:2396} INFO - Sync 1 DAGs
[2025-05-31 17:31:08,577] {logging_mixin.py:109} INFO - [2025-05-31 17:31:08,577] {dag.py:2935} INFO - Setting next_dagrun for example_complex to None
[2025-05-31 17:31:08,595] {processor.py:171} INFO - Processing /home/airflow/.local/lib/python3.6/site-packages/airflow/example_dags/example_complex.py took 0.175 seconds
[2025-05-31 17:31:41,643] {processor.py:163} INFO - Started process (PID=469) to work on /home/airflow/.local/lib/python3.6/site-packages/airflow/example_dags/example_complex.py
[2025-05-31 17:31:41,645] {processor.py:642} INFO - Processing file /home/airflow/.local/lib/python3.6/site-packages/airflow/example_dags/example_complex.py for tasks to queue
[2025-05-31 17:31:41,647] {logging_mixin.py:109} INFO - [2025-05-31 17:31:41,646] {dagbag.py:500} INFO - Filling up the DagBag from /home/airflow/.local/lib/python3.6/site-packages/airflow/example_dags/example_complex.py
[2025-05-31 17:31:41,715] {processor.py:654} INFO - DAG(s) dict_keys(['example_complex']) retrieved from /home/airflow/.local/lib/python3.6/site-packages/airflow/example_dags/example_complex.py
[2025-05-31 17:31:41,745] {logging_mixin.py:109} INFO - [2025-05-31 17:31:41,745] {dag.py:2396} INFO - Sync 1 DAGs
[2025-05-31 17:31:41,779] {logging_mixin.py:109} INFO - [2025-05-31 17:31:41,778] {dag.py:2935} INFO - Setting next_dagrun for example_complex to None
[2025-05-31 17:31:41,815] {processor.py:171} INFO - Processing /home/airflow/.local/lib/python3.6/site-packages/airflow/example_dags/example_complex.py took 0.177 seconds
[2025-05-31 17:32:13,353] {processor.py:163} INFO - Started process (PID=656) to work on /home/airflow/.local/lib/python3.6/site-packages/airflow/example_dags/example_complex.py
[2025-05-31 17:32:13,358] {processor.py:642} INFO - Processing file /home/airflow/.local/lib/python3.6/site-packages/airflow/example_dags/example_complex.py for tasks to queue
[2025-05-31 17:32:13,361] {logging_mixin.py:109} INFO - [2025-05-31 17:32:13,361] {dagbag.py:500} INFO - Filling up the DagBag from /home/airflow/.local/lib/python3.6/site-packages/airflow/example_dags/example_complex.py
[2025-05-31 17:32:13,462] {processor.py:654} INFO - DAG(s) dict_keys(['example_complex']) retrieved from /home/airflow/.local/lib/python3.6/site-packages/airflow/example_dags/example_complex.py
[2025-05-31 17:32:13,509] {logging_mixin.py:109} INFO - [2025-05-31 17:32:13,509] {dag.py:2396} INFO - Sync 1 DAGs
[2025-05-31 17:32:13,557] {logging_mixin.py:109} INFO - [2025-05-31 17:32:13,557] {dag.py:2935} INFO - Setting next_dagrun for example_complex to None
[2025-05-31 17:32:13,584] {processor.py:171} INFO - Processing /home/airflow/.local/lib/python3.6/site-packages/airflow/example_dags/example_complex.py took 0.250 seconds
[2025-05-31 17:32:43,754] {processor.py:163} INFO - Started process (PID=852) to work on /home/airflow/.local/lib/python3.6/site-packages/airflow/example_dags/example_complex.py
[2025-05-31 17:32:43,757] {processor.py:642} INFO - Processing file /home/airflow/.local/lib/python3.6/site-packages/airflow/example_dags/example_complex.py for tasks to queue
[2025-05-31 17:32:43,758] {logging_mixin.py:109} INFO - [2025-05-31 17:32:43,758] {dagbag.py:500} INFO - Filling up the DagBag from /home/airflow/.local/lib/python3.6/site-packages/airflow/example_dags/example_complex.py
[2025-05-31 17:32:43,824] {processor.py:654} INFO - DAG(s) dict_keys(['example_complex']) retrieved from /home/airflow/.local/lib/python3.6/site-packages/airflow/example_dags/example_complex.py
[2025-05-31 17:32:43,859] {logging_mixin.py:109} INFO - [2025-05-31 17:32:43,859] {dag.py:2396} INFO - Sync 1 DAGs
[2025-05-31 17:32:43,888] {logging_mixin.py:109} INFO - [2025-05-31 17:32:43,888] {dag.py:2935} INFO - Setting next_dagrun for example_complex to None
[2025-05-31 17:32:43,906] {processor.py:171} INFO - Processing /home/airflow/.local/lib/python3.6/site-packages/airflow/example_dags/example_complex.py took 0.157 seconds
[2025-05-31 17:33:15,624] {processor.py:163} INFO - Started process (PID=1040) to work on /home/airflow/.local/lib/python3.6/site-packages/airflow/example_dags/example_complex.py
[2025-05-31 17:33:15,627] {processor.py:642} INFO - Processing file /home/airflow/.local/lib/python3.6/site-packages/airflow/example_dags/example_complex.py for tasks to queue
[2025-05-31 17:33:15,628] {logging_mixin.py:109} INFO - [2025-05-31 17:33:15,628] {dagbag.py:500} INFO - Filling up the DagBag from /home/airflow/.local/lib/python3.6/site-packages/airflow/example_dags/example_complex.py
[2025-05-31 17:33:15,698] {processor.py:654} INFO - DAG(s) dict_keys(['example_complex']) retrieved from /home/airflow/.local/lib/python3.6/site-packages/airflow/example_dags/example_complex.py
[2025-05-31 17:33:15,731] {logging_mixin.py:109} INFO - [2025-05-31 17:33:15,730] {dag.py:2396} INFO - Sync 1 DAGs
[2025-05-31 17:33:15,763] {logging_mixin.py:109} INFO - [2025-05-31 17:33:15,763] {dag.py:2935} INFO - Setting next_dagrun for example_complex to None
[2025-05-31 17:33:15,781] {processor.py:171} INFO - Processing /home/airflow/.local/lib/python3.6/site-packages/airflow/example_dags/example_complex.py took 0.162 seconds
[2025-05-31 17:33:45,992] {processor.py:163} INFO - Started process (PID=1234) to work on /home/airflow/.local/lib/python3.6/site-packages/airflow/example_dags/example_complex.py
[2025-05-31 17:33:45,997] {processor.py:642} INFO - Processing file /home/airflow/.local/lib/python3.6/site-packages/airflow/example_dags/example_complex.py for tasks to queue
[2025-05-31 17:33:46,000] {logging_mixin.py:109} INFO - [2025-05-31 17:33:46,000] {dagbag.py:500} INFO - Filling up the DagBag from /home/airflow/.local/lib/python3.6/site-packages/airflow/example_dags/example_complex.py
[2025-05-31 17:33:46,124] {processor.py:654} INFO - DAG(s) dict_keys(['example_complex']) retrieved from /home/airflow/.local/lib/python3.6/site-packages/airflow/example_dags/example_complex.py
[2025-05-31 17:33:46,165] {logging_mixin.py:109} INFO - [2025-05-31 17:33:46,165] {dag.py:2396} INFO - Sync 1 DAGs
[2025-05-31 17:33:46,198] {logging_mixin.py:109} INFO - [2025-05-31 17:33:46,198] {dag.py:2935} INFO - Setting next_dagrun for example_complex to None
[2025-05-31 17:33:46,214] {processor.py:171} INFO - Processing /home/airflow/.local/lib/python3.6/site-packages/airflow/example_dags/example_complex.py took 0.229 seconds
[2025-05-31 17:34:17,028] {processor.py:163} INFO - Started process (PID=1422) to work on /home/airflow/.local/lib/python3.6/site-packages/airflow/example_dags/example_complex.py
[2025-05-31 17:34:17,030] {processor.py:642} INFO - Processing file /home/airflow/.local/lib/python3.6/site-packages/airflow/example_dags/example_complex.py for tasks to queue
[2025-05-31 17:34:17,032] {logging_mixin.py:109} INFO - [2025-05-31 17:34:17,032] {dagbag.py:500} INFO - Filling up the DagBag from /home/airflow/.local/lib/python3.6/site-packages/airflow/example_dags/example_complex.py
[2025-05-31 17:34:17,108] {processor.py:654} INFO - DAG(s) dict_keys(['example_complex']) retrieved from /home/airflow/.local/lib/python3.6/site-packages/airflow/example_dags/example_complex.py
[2025-05-31 17:34:17,149] {logging_mixin.py:109} INFO - [2025-05-31 17:34:17,149] {dag.py:2396} INFO - Sync 1 DAGs
[2025-05-31 17:34:17,184] {logging_mixin.py:109} INFO - [2025-05-31 17:34:17,184] {dag.py:2935} INFO - Setting next_dagrun for example_complex to None
[2025-05-31 17:34:17,203] {processor.py:171} INFO - Processing /home/airflow/.local/lib/python3.6/site-packages/airflow/example_dags/example_complex.py took 0.182 seconds
[2025-05-31 17:34:48,567] {processor.py:163} INFO - Started process (PID=1616) to work on /home/airflow/.local/lib/python3.6/site-packages/airflow/example_dags/example_complex.py
[2025-05-31 17:34:48,569] {processor.py:642} INFO - Processing file /home/airflow/.local/lib/python3.6/site-packages/airflow/example_dags/example_complex.py for tasks to queue
[2025-05-31 17:34:48,571] {logging_mixin.py:109} INFO - [2025-05-31 17:34:48,571] {dagbag.py:500} INFO - Filling up the DagBag from /home/airflow/.local/lib/python3.6/site-packages/airflow/example_dags/example_complex.py
[2025-05-31 17:34:48,641] {processor.py:654} INFO - DAG(s) dict_keys(['example_complex']) retrieved from /home/airflow/.local/lib/python3.6/site-packages/airflow/example_dags/example_complex.py
[2025-05-31 17:34:48,674] {logging_mixin.py:109} INFO - [2025-05-31 17:34:48,674] {dag.py:2396} INFO - Sync 1 DAGs
[2025-05-31 17:34:48,708] {logging_mixin.py:109} INFO - [2025-05-31 17:34:48,708] {dag.py:2935} INFO - Setting next_dagrun for example_complex to None
[2025-05-31 17:34:48,726] {processor.py:171} INFO - Processing /home/airflow/.local/lib/python3.6/site-packages/airflow/example_dags/example_complex.py took 0.165 seconds
[2025-05-31 17:35:19,810] {processor.py:163} INFO - Started process (PID=1801) to work on /home/airflow/.local/lib/python3.6/site-packages/airflow/example_dags/example_complex.py
[2025-05-31 17:35:19,813] {processor.py:642} INFO - Processing file /home/airflow/.local/lib/python3.6/site-packages/airflow/example_dags/example_complex.py for tasks to queue
[2025-05-31 17:35:19,814] {logging_mixin.py:109} INFO - [2025-05-31 17:35:19,814] {dagbag.py:500} INFO - Filling up the DagBag from /home/airflow/.local/lib/python3.6/site-packages/airflow/example_dags/example_complex.py
[2025-05-31 17:35:19,883] {processor.py:654} INFO - DAG(s) dict_keys(['example_complex']) retrieved from /home/airflow/.local/lib/python3.6/site-packages/airflow/example_dags/example_complex.py
[2025-05-31 17:35:19,926] {logging_mixin.py:109} INFO - [2025-05-31 17:35:19,926] {dag.py:2396} INFO - Sync 1 DAGs
[2025-05-31 17:35:19,972] {logging_mixin.py:109} INFO - [2025-05-31 17:35:19,971] {dag.py:2935} INFO - Setting next_dagrun for example_complex to None
[2025-05-31 17:35:19,992] {processor.py:171} INFO - Processing /home/airflow/.local/lib/python3.6/site-packages/airflow/example_dags/example_complex.py took 0.188 seconds
[2025-05-31 17:35:51,205] {processor.py:163} INFO - Started process (PID=1981) to work on /home/airflow/.local/lib/python3.6/site-packages/airflow/example_dags/example_complex.py
[2025-05-31 17:35:51,208] {processor.py:642} INFO - Processing file /home/airflow/.local/lib/python3.6/site-packages/airflow/example_dags/example_complex.py for tasks to queue
[2025-05-31 17:35:51,210] {logging_mixin.py:109} INFO - [2025-05-31 17:35:51,210] {dagbag.py:500} INFO - Filling up the DagBag from /home/airflow/.local/lib/python3.6/site-packages/airflow/example_dags/example_complex.py
[2025-05-31 17:35:51,298] {processor.py:654} INFO - DAG(s) dict_keys(['example_complex']) retrieved from /home/airflow/.local/lib/python3.6/site-packages/airflow/example_dags/example_complex.py
[2025-05-31 17:35:51,349] {logging_mixin.py:109} INFO - [2025-05-31 17:35:51,348] {dag.py:2396} INFO - Sync 1 DAGs
[2025-05-31 17:35:51,398] {logging_mixin.py:109} INFO - [2025-05-31 17:35:51,398] {dag.py:2935} INFO - Setting next_dagrun for example_complex to None
[2025-05-31 17:35:51,423] {processor.py:171} INFO - Processing /home/airflow/.local/lib/python3.6/site-packages/airflow/example_dags/example_complex.py took 0.225 seconds
[2025-05-31 17:36:21,757] {processor.py:163} INFO - Started process (PID=2210) to work on /home/airflow/.local/lib/python3.6/site-packages/airflow/example_dags/example_complex.py
[2025-05-31 17:36:21,760] {processor.py:642} INFO - Processing file /home/airflow/.local/lib/python3.6/site-packages/airflow/example_dags/example_complex.py for tasks to queue
[2025-05-31 17:36:21,763] {logging_mixin.py:109} INFO - [2025-05-31 17:36:21,762] {dagbag.py:500} INFO - Filling up the DagBag from /home/airflow/.local/lib/python3.6/site-packages/airflow/example_dags/example_complex.py
[2025-05-31 17:36:21,828] {processor.py:654} INFO - DAG(s) dict_keys(['example_complex']) retrieved from /home/airflow/.local/lib/python3.6/site-packages/airflow/example_dags/example_complex.py
[2025-05-31 17:36:21,874] {logging_mixin.py:109} INFO - [2025-05-31 17:36:21,873] {dag.py:2396} INFO - Sync 1 DAGs
[2025-05-31 17:36:21,911] {logging_mixin.py:109} INFO - [2025-05-31 17:36:21,911] {dag.py:2935} INFO - Setting next_dagrun for example_complex to None
[2025-05-31 17:36:21,931] {processor.py:171} INFO - Processing /home/airflow/.local/lib/python3.6/site-packages/airflow/example_dags/example_complex.py took 0.182 seconds
[2025-05-31 17:36:52,628] {processor.py:163} INFO - Started process (PID=2402) to work on /home/airflow/.local/lib/python3.6/site-packages/airflow/example_dags/example_complex.py
[2025-05-31 17:36:52,630] {processor.py:642} INFO - Processing file /home/airflow/.local/lib/python3.6/site-packages/airflow/example_dags/example_complex.py for tasks to queue
[2025-05-31 17:36:52,632] {logging_mixin.py:109} INFO - [2025-05-31 17:36:52,631] {dagbag.py:500} INFO - Filling up the DagBag from /home/airflow/.local/lib/python3.6/site-packages/airflow/example_dags/example_complex.py
[2025-05-31 17:36:52,694] {processor.py:654} INFO - DAG(s) dict_keys(['example_complex']) retrieved from /home/airflow/.local/lib/python3.6/site-packages/airflow/example_dags/example_complex.py
[2025-05-31 17:36:52,736] {logging_mixin.py:109} INFO - [2025-05-31 17:36:52,736] {dag.py:2396} INFO - Sync 1 DAGs
[2025-05-31 17:36:52,769] {logging_mixin.py:109} INFO - [2025-05-31 17:36:52,769] {dag.py:2935} INFO - Setting next_dagrun for example_complex to None
[2025-05-31 17:36:52,788] {processor.py:171} INFO - Processing /home/airflow/.local/lib/python3.6/site-packages/airflow/example_dags/example_complex.py took 0.165 seconds
[2025-05-31 17:37:24,141] {processor.py:163} INFO - Started process (PID=2593) to work on /home/airflow/.local/lib/python3.6/site-packages/airflow/example_dags/example_complex.py
[2025-05-31 17:37:24,143] {processor.py:642} INFO - Processing file /home/airflow/.local/lib/python3.6/site-packages/airflow/example_dags/example_complex.py for tasks to queue
[2025-05-31 17:37:24,145] {logging_mixin.py:109} INFO - [2025-05-31 17:37:24,145] {dagbag.py:500} INFO - Filling up the DagBag from /home/airflow/.local/lib/python3.6/site-packages/airflow/example_dags/example_complex.py
[2025-05-31 17:37:24,309] {processor.py:654} INFO - DAG(s) dict_keys(['example_complex']) retrieved from /home/airflow/.local/lib/python3.6/site-packages/airflow/example_dags/example_complex.py
[2025-05-31 17:37:24,372] {logging_mixin.py:109} INFO - [2025-05-31 17:37:24,372] {dag.py:2396} INFO - Sync 1 DAGs
[2025-05-31 17:37:24,433] {logging_mixin.py:109} INFO - [2025-05-31 17:37:24,432] {dag.py:2935} INFO - Setting next_dagrun for example_complex to None
[2025-05-31 17:37:24,473] {processor.py:171} INFO - Processing /home/airflow/.local/lib/python3.6/site-packages/airflow/example_dags/example_complex.py took 0.340 seconds
[2025-05-31 17:37:55,729] {processor.py:163} INFO - Started process (PID=2786) to work on /home/airflow/.local/lib/python3.6/site-packages/airflow/example_dags/example_complex.py
[2025-05-31 17:37:55,733] {processor.py:642} INFO - Processing file /home/airflow/.local/lib/python3.6/site-packages/airflow/example_dags/example_complex.py for tasks to queue
[2025-05-31 17:37:55,736] {logging_mixin.py:109} INFO - [2025-05-31 17:37:55,735] {dagbag.py:500} INFO - Filling up the DagBag from /home/airflow/.local/lib/python3.6/site-packages/airflow/example_dags/example_complex.py
[2025-05-31 17:37:55,819] {processor.py:654} INFO - DAG(s) dict_keys(['example_complex']) retrieved from /home/airflow/.local/lib/python3.6/site-packages/airflow/example_dags/example_complex.py
[2025-05-31 17:37:55,864] {logging_mixin.py:109} INFO - [2025-05-31 17:37:55,864] {dag.py:2396} INFO - Sync 1 DAGs
[2025-05-31 17:37:55,910] {logging_mixin.py:109} INFO - [2025-05-31 17:37:55,910] {dag.py:2935} INFO - Setting next_dagrun for example_complex to None
[2025-05-31 17:37:55,935] {processor.py:171} INFO - Processing /home/airflow/.local/lib/python3.6/site-packages/airflow/example_dags/example_complex.py took 0.213 seconds
[2025-05-31 17:38:26,375] {processor.py:163} INFO - Started process (PID=2979) to work on /home/airflow/.local/lib/python3.6/site-packages/airflow/example_dags/example_complex.py
[2025-05-31 17:38:26,377] {processor.py:642} INFO - Processing file /home/airflow/.local/lib/python3.6/site-packages/airflow/example_dags/example_complex.py for tasks to queue
[2025-05-31 17:38:26,379] {logging_mixin.py:109} INFO - [2025-05-31 17:38:26,379] {dagbag.py:500} INFO - Filling up the DagBag from /home/airflow/.local/lib/python3.6/site-packages/airflow/example_dags/example_complex.py
[2025-05-31 17:38:26,439] {processor.py:654} INFO - DAG(s) dict_keys(['example_complex']) retrieved from /home/airflow/.local/lib/python3.6/site-packages/airflow/example_dags/example_complex.py
[2025-05-31 17:38:26,474] {logging_mixin.py:109} INFO - [2025-05-31 17:38:26,473] {dag.py:2396} INFO - Sync 1 DAGs
[2025-05-31 17:38:26,513] {logging_mixin.py:109} INFO - [2025-05-31 17:38:26,513] {dag.py:2935} INFO - Setting next_dagrun for example_complex to None
[2025-05-31 17:38:26,540] {processor.py:171} INFO - Processing /home/airflow/.local/lib/python3.6/site-packages/airflow/example_dags/example_complex.py took 0.171 seconds
[2025-05-31 17:38:56,912] {processor.py:163} INFO - Started process (PID=3172) to work on /home/airflow/.local/lib/python3.6/site-packages/airflow/example_dags/example_complex.py
[2025-05-31 17:38:56,915] {processor.py:642} INFO - Processing file /home/airflow/.local/lib/python3.6/site-packages/airflow/example_dags/example_complex.py for tasks to queue
[2025-05-31 17:38:56,916] {logging_mixin.py:109} INFO - [2025-05-31 17:38:56,916] {dagbag.py:500} INFO - Filling up the DagBag from /home/airflow/.local/lib/python3.6/site-packages/airflow/example_dags/example_complex.py
[2025-05-31 17:38:56,984] {processor.py:654} INFO - DAG(s) dict_keys(['example_complex']) retrieved from /home/airflow/.local/lib/python3.6/site-packages/airflow/example_dags/example_complex.py
[2025-05-31 17:38:57,021] {logging_mixin.py:109} INFO - [2025-05-31 17:38:57,021] {dag.py:2396} INFO - Sync 1 DAGs
[2025-05-31 17:38:57,052] {logging_mixin.py:109} INFO - [2025-05-31 17:38:57,052] {dag.py:2935} INFO - Setting next_dagrun for example_complex to None
[2025-05-31 17:38:57,068] {processor.py:171} INFO - Processing /home/airflow/.local/lib/python3.6/site-packages/airflow/example_dags/example_complex.py took 0.163 seconds
[2025-05-31 17:39:30,178] {processor.py:163} INFO - Started process (PID=3391) to work on /home/airflow/.local/lib/python3.6/site-packages/airflow/example_dags/example_complex.py
[2025-05-31 17:39:30,181] {processor.py:642} INFO - Processing file /home/airflow/.local/lib/python3.6/site-packages/airflow/example_dags/example_complex.py for tasks to queue
[2025-05-31 17:39:30,182] {logging_mixin.py:109} INFO - [2025-05-31 17:39:30,182] {dagbag.py:500} INFO - Filling up the DagBag from /home/airflow/.local/lib/python3.6/site-packages/airflow/example_dags/example_complex.py
[2025-05-31 17:39:30,254] {processor.py:654} INFO - DAG(s) dict_keys(['example_complex']) retrieved from /home/airflow/.local/lib/python3.6/site-packages/airflow/example_dags/example_complex.py
[2025-05-31 17:39:30,290] {logging_mixin.py:109} INFO - [2025-05-31 17:39:30,290] {dag.py:2396} INFO - Sync 1 DAGs
[2025-05-31 17:39:30,335] {logging_mixin.py:109} INFO - [2025-05-31 17:39:30,335] {dag.py:2935} INFO - Setting next_dagrun for example_complex to None
[2025-05-31 17:39:30,360] {processor.py:171} INFO - Processing /home/airflow/.local/lib/python3.6/site-packages/airflow/example_dags/example_complex.py took 0.188 seconds
[2025-05-31 17:40:01,134] {processor.py:163} INFO - Started process (PID=3584) to work on /home/airflow/.local/lib/python3.6/site-packages/airflow/example_dags/example_complex.py
[2025-05-31 17:40:01,137] {processor.py:642} INFO - Processing file /home/airflow/.local/lib/python3.6/site-packages/airflow/example_dags/example_complex.py for tasks to queue
[2025-05-31 17:40:01,140] {logging_mixin.py:109} INFO - [2025-05-31 17:40:01,139] {dagbag.py:500} INFO - Filling up the DagBag from /home/airflow/.local/lib/python3.6/site-packages/airflow/example_dags/example_complex.py
[2025-05-31 17:40:01,218] {processor.py:654} INFO - DAG(s) dict_keys(['example_complex']) retrieved from /home/airflow/.local/lib/python3.6/site-packages/airflow/example_dags/example_complex.py
[2025-05-31 17:40:01,253] {logging_mixin.py:109} INFO - [2025-05-31 17:40:01,252] {dag.py:2396} INFO - Sync 1 DAGs
[2025-05-31 17:40:01,289] {logging_mixin.py:109} INFO - [2025-05-31 17:40:01,289] {dag.py:2935} INFO - Setting next_dagrun for example_complex to None
[2025-05-31 17:40:01,309] {processor.py:171} INFO - Processing /home/airflow/.local/lib/python3.6/site-packages/airflow/example_dags/example_complex.py took 0.183 seconds
[2025-05-31 17:40:31,738] {processor.py:163} INFO - Started process (PID=3779) to work on /home/airflow/.local/lib/python3.6/site-packages/airflow/example_dags/example_complex.py
[2025-05-31 17:40:31,742] {processor.py:642} INFO - Processing file /home/airflow/.local/lib/python3.6/site-packages/airflow/example_dags/example_complex.py for tasks to queue
[2025-05-31 17:40:31,744] {logging_mixin.py:109} INFO - [2025-05-31 17:40:31,744] {dagbag.py:500} INFO - Filling up the DagBag from /home/airflow/.local/lib/python3.6/site-packages/airflow/example_dags/example_complex.py
[2025-05-31 17:40:31,825] {processor.py:654} INFO - DAG(s) dict_keys(['example_complex']) retrieved from /home/airflow/.local/lib/python3.6/site-packages/airflow/example_dags/example_complex.py
[2025-05-31 17:40:31,862] {logging_mixin.py:109} INFO - [2025-05-31 17:40:31,861] {dag.py:2396} INFO - Sync 1 DAGs
[2025-05-31 17:40:31,899] {logging_mixin.py:109} INFO - [2025-05-31 17:40:31,899] {dag.py:2935} INFO - Setting next_dagrun for example_complex to None
[2025-05-31 17:40:31,924] {processor.py:171} INFO - Processing /home/airflow/.local/lib/python3.6/site-packages/airflow/example_dags/example_complex.py took 0.194 seconds
[2025-05-31 17:41:04,197] {processor.py:163} INFO - Started process (PID=3973) to work on /home/airflow/.local/lib/python3.6/site-packages/airflow/example_dags/example_complex.py
[2025-05-31 17:41:04,199] {processor.py:642} INFO - Processing file /home/airflow/.local/lib/python3.6/site-packages/airflow/example_dags/example_complex.py for tasks to queue
[2025-05-31 17:41:04,201] {logging_mixin.py:109} INFO - [2025-05-31 17:41:04,201] {dagbag.py:500} INFO - Filling up the DagBag from /home/airflow/.local/lib/python3.6/site-packages/airflow/example_dags/example_complex.py
[2025-05-31 17:41:04,324] {processor.py:654} INFO - DAG(s) dict_keys(['example_complex']) retrieved from /home/airflow/.local/lib/python3.6/site-packages/airflow/example_dags/example_complex.py
[2025-05-31 17:41:04,361] {logging_mixin.py:109} INFO - [2025-05-31 17:41:04,361] {dag.py:2396} INFO - Sync 1 DAGs
[2025-05-31 17:41:04,409] {logging_mixin.py:109} INFO - [2025-05-31 17:41:04,408] {dag.py:2935} INFO - Setting next_dagrun for example_complex to None
[2025-05-31 17:41:04,429] {processor.py:171} INFO - Processing /home/airflow/.local/lib/python3.6/site-packages/airflow/example_dags/example_complex.py took 0.239 seconds
[2025-05-31 17:41:35,184] {processor.py:163} INFO - Started process (PID=4164) to work on /home/airflow/.local/lib/python3.6/site-packages/airflow/example_dags/example_complex.py
[2025-05-31 17:41:35,187] {processor.py:642} INFO - Processing file /home/airflow/.local/lib/python3.6/site-packages/airflow/example_dags/example_complex.py for tasks to queue
[2025-05-31 17:41:35,189] {logging_mixin.py:109} INFO - [2025-05-31 17:41:35,189] {dagbag.py:500} INFO - Filling up the DagBag from /home/airflow/.local/lib/python3.6/site-packages/airflow/example_dags/example_complex.py
[2025-05-31 17:41:35,326] {processor.py:654} INFO - DAG(s) dict_keys(['example_complex']) retrieved from /home/airflow/.local/lib/python3.6/site-packages/airflow/example_dags/example_complex.py
[2025-05-31 17:41:35,387] {logging_mixin.py:109} INFO - [2025-05-31 17:41:35,387] {dag.py:2396} INFO - Sync 1 DAGs
[2025-05-31 17:41:35,444] {logging_mixin.py:109} INFO - [2025-05-31 17:41:35,444] {dag.py:2935} INFO - Setting next_dagrun for example_complex to None
[2025-05-31 17:41:35,467] {processor.py:171} INFO - Processing /home/airflow/.local/lib/python3.6/site-packages/airflow/example_dags/example_complex.py took 0.295 seconds
[2025-05-31 17:42:08,202] {processor.py:163} INFO - Started process (PID=4357) to work on /home/airflow/.local/lib/python3.6/site-packages/airflow/example_dags/example_complex.py
[2025-05-31 17:42:08,205] {processor.py:642} INFO - Processing file /home/airflow/.local/lib/python3.6/site-packages/airflow/example_dags/example_complex.py for tasks to queue
[2025-05-31 17:42:08,207] {logging_mixin.py:109} INFO - [2025-05-31 17:42:08,206] {dagbag.py:500} INFO - Filling up the DagBag from /home/airflow/.local/lib/python3.6/site-packages/airflow/example_dags/example_complex.py
[2025-05-31 17:42:08,297] {processor.py:654} INFO - DAG(s) dict_keys(['example_complex']) retrieved from /home/airflow/.local/lib/python3.6/site-packages/airflow/example_dags/example_complex.py
[2025-05-31 17:42:08,356] {logging_mixin.py:109} INFO - [2025-05-31 17:42:08,355] {dag.py:2396} INFO - Sync 1 DAGs
[2025-05-31 17:42:08,436] {logging_mixin.py:109} INFO - [2025-05-31 17:42:08,436] {dag.py:2935} INFO - Setting next_dagrun for example_complex to None
[2025-05-31 17:42:08,466] {processor.py:171} INFO - Processing /home/airflow/.local/lib/python3.6/site-packages/airflow/example_dags/example_complex.py took 0.272 seconds
[2025-05-31 17:42:39,614] {processor.py:163} INFO - Started process (PID=4550) to work on /home/airflow/.local/lib/python3.6/site-packages/airflow/example_dags/example_complex.py
[2025-05-31 17:42:39,617] {processor.py:642} INFO - Processing file /home/airflow/.local/lib/python3.6/site-packages/airflow/example_dags/example_complex.py for tasks to queue
[2025-05-31 17:42:39,618] {logging_mixin.py:109} INFO - [2025-05-31 17:42:39,618] {dagbag.py:500} INFO - Filling up the DagBag from /home/airflow/.local/lib/python3.6/site-packages/airflow/example_dags/example_complex.py
[2025-05-31 17:42:39,700] {processor.py:654} INFO - DAG(s) dict_keys(['example_complex']) retrieved from /home/airflow/.local/lib/python3.6/site-packages/airflow/example_dags/example_complex.py
[2025-05-31 17:42:39,734] {logging_mixin.py:109} INFO - [2025-05-31 17:42:39,734] {dag.py:2396} INFO - Sync 1 DAGs
[2025-05-31 17:42:39,770] {logging_mixin.py:109} INFO - [2025-05-31 17:42:39,769] {dag.py:2935} INFO - Setting next_dagrun for example_complex to None
[2025-05-31 17:42:39,790] {processor.py:171} INFO - Processing /home/airflow/.local/lib/python3.6/site-packages/airflow/example_dags/example_complex.py took 0.182 seconds
[2025-05-31 17:43:11,264] {processor.py:163} INFO - Started process (PID=4743) to work on /home/airflow/.local/lib/python3.6/site-packages/airflow/example_dags/example_complex.py
[2025-05-31 17:43:11,267] {processor.py:642} INFO - Processing file /home/airflow/.local/lib/python3.6/site-packages/airflow/example_dags/example_complex.py for tasks to queue
[2025-05-31 17:43:11,268] {logging_mixin.py:109} INFO - [2025-05-31 17:43:11,268] {dagbag.py:500} INFO - Filling up the DagBag from /home/airflow/.local/lib/python3.6/site-packages/airflow/example_dags/example_complex.py
[2025-05-31 17:43:11,360] {processor.py:654} INFO - DAG(s) dict_keys(['example_complex']) retrieved from /home/airflow/.local/lib/python3.6/site-packages/airflow/example_dags/example_complex.py
[2025-05-31 17:43:11,408] {logging_mixin.py:109} INFO - [2025-05-31 17:43:11,408] {dag.py:2396} INFO - Sync 1 DAGs
[2025-05-31 17:43:11,458] {logging_mixin.py:109} INFO - [2025-05-31 17:43:11,458] {dag.py:2935} INFO - Setting next_dagrun for example_complex to None
[2025-05-31 17:43:11,494] {processor.py:171} INFO - Processing /home/airflow/.local/lib/python3.6/site-packages/airflow/example_dags/example_complex.py took 0.237 seconds
[2025-05-31 17:43:43,228] {processor.py:163} INFO - Started process (PID=4936) to work on /home/airflow/.local/lib/python3.6/site-packages/airflow/example_dags/example_complex.py
[2025-05-31 17:43:43,230] {processor.py:642} INFO - Processing file /home/airflow/.local/lib/python3.6/site-packages/airflow/example_dags/example_complex.py for tasks to queue
[2025-05-31 17:43:43,232] {logging_mixin.py:109} INFO - [2025-05-31 17:43:43,232] {dagbag.py:500} INFO - Filling up the DagBag from /home/airflow/.local/lib/python3.6/site-packages/airflow/example_dags/example_complex.py
[2025-05-31 17:43:43,310] {processor.py:654} INFO - DAG(s) dict_keys(['example_complex']) retrieved from /home/airflow/.local/lib/python3.6/site-packages/airflow/example_dags/example_complex.py
[2025-05-31 17:43:43,354] {logging_mixin.py:109} INFO - [2025-05-31 17:43:43,353] {dag.py:2396} INFO - Sync 1 DAGs
[2025-05-31 17:43:43,394] {logging_mixin.py:109} INFO - [2025-05-31 17:43:43,394] {dag.py:2935} INFO - Setting next_dagrun for example_complex to None
[2025-05-31 17:43:43,414] {processor.py:171} INFO - Processing /home/airflow/.local/lib/python3.6/site-packages/airflow/example_dags/example_complex.py took 0.192 seconds
[2025-05-31 17:44:15,822] {processor.py:163} INFO - Started process (PID=5131) to work on /home/airflow/.local/lib/python3.6/site-packages/airflow/example_dags/example_complex.py
[2025-05-31 17:44:15,824] {processor.py:642} INFO - Processing file /home/airflow/.local/lib/python3.6/site-packages/airflow/example_dags/example_complex.py for tasks to queue
[2025-05-31 17:44:15,826] {logging_mixin.py:109} INFO - [2025-05-31 17:44:15,825] {dagbag.py:500} INFO - Filling up the DagBag from /home/airflow/.local/lib/python3.6/site-packages/airflow/example_dags/example_complex.py
[2025-05-31 17:44:15,905] {processor.py:654} INFO - DAG(s) dict_keys(['example_complex']) retrieved from /home/airflow/.local/lib/python3.6/site-packages/airflow/example_dags/example_complex.py
[2025-05-31 17:44:15,943] {logging_mixin.py:109} INFO - [2025-05-31 17:44:15,943] {dag.py:2396} INFO - Sync 1 DAGs
[2025-05-31 17:44:15,982] {logging_mixin.py:109} INFO - [2025-05-31 17:44:15,982] {dag.py:2935} INFO - Setting next_dagrun for example_complex to None
[2025-05-31 17:44:16,006] {processor.py:171} INFO - Processing /home/airflow/.local/lib/python3.6/site-packages/airflow/example_dags/example_complex.py took 0.192 seconds
[2025-05-31 17:44:46,436] {processor.py:163} INFO - Started process (PID=5321) to work on /home/airflow/.local/lib/python3.6/site-packages/airflow/example_dags/example_complex.py
[2025-05-31 17:44:46,439] {processor.py:642} INFO - Processing file /home/airflow/.local/lib/python3.6/site-packages/airflow/example_dags/example_complex.py for tasks to queue
[2025-05-31 17:44:46,440] {logging_mixin.py:109} INFO - [2025-05-31 17:44:46,440] {dagbag.py:500} INFO - Filling up the DagBag from /home/airflow/.local/lib/python3.6/site-packages/airflow/example_dags/example_complex.py
[2025-05-31 17:44:46,526] {processor.py:654} INFO - DAG(s) dict_keys(['example_complex']) retrieved from /home/airflow/.local/lib/python3.6/site-packages/airflow/example_dags/example_complex.py
[2025-05-31 17:44:46,560] {logging_mixin.py:109} INFO - [2025-05-31 17:44:46,560] {dag.py:2396} INFO - Sync 1 DAGs
[2025-05-31 17:44:46,593] {logging_mixin.py:109} INFO - [2025-05-31 17:44:46,593] {dag.py:2935} INFO - Setting next_dagrun for example_complex to None
[2025-05-31 17:44:46,610] {processor.py:171} INFO - Processing /home/airflow/.local/lib/python3.6/site-packages/airflow/example_dags/example_complex.py took 0.179 seconds
