[2025-05-31 10:45:49,639] {processor.py:163} INFO - Started process (PID=269) to work on /home/airflow/.local/lib/python3.6/site-packages/airflow/example_dags/example_latest_only.py
[2025-05-31 10:45:49,645] {processor.py:642} INFO - Processing file /home/airflow/.local/lib/python3.6/site-packages/airflow/example_dags/example_latest_only.py for tasks to queue
[2025-05-31 10:45:49,647] {logging_mixin.py:109} INFO - [2025-05-31 10:45:49,646] {dagbag.py:500} INFO - Filling up the DagBag from /home/airflow/.local/lib/python3.6/site-packages/airflow/example_dags/example_latest_only.py
[2025-05-31 10:45:49,714] {processor.py:654} INFO - DAG(s) dict_keys(['latest_only']) retrieved from /home/airflow/.local/lib/python3.6/site-packages/airflow/example_dags/example_latest_only.py
[2025-05-31 10:45:49,754] {logging_mixin.py:109} INFO - [2025-05-31 10:45:49,753] {dag.py:2396} INFO - Sync 1 DAGs
[2025-05-31 10:45:49,797] {logging_mixin.py:109} INFO - [2025-05-31 10:45:49,797] {dag.py:2935} INFO - Setting next_dagrun for latest_only to 2025-05-31T06:45:49.797038+00:00
[2025-05-31 10:45:49,820] {processor.py:171} INFO - Processing /home/airflow/.local/lib/python3.6/site-packages/airflow/example_dags/example_latest_only.py took 0.188 seconds
[2025-05-31 10:46:20,297] {processor.py:163} INFO - Started process (PID=449) to work on /home/airflow/.local/lib/python3.6/site-packages/airflow/example_dags/example_latest_only.py
[2025-05-31 10:46:20,299] {processor.py:642} INFO - Processing file /home/airflow/.local/lib/python3.6/site-packages/airflow/example_dags/example_latest_only.py for tasks to queue
[2025-05-31 10:46:20,301] {logging_mixin.py:109} INFO - [2025-05-31 10:46:20,300] {dagbag.py:500} INFO - Filling up the DagBag from /home/airflow/.local/lib/python3.6/site-packages/airflow/example_dags/example_latest_only.py
[2025-05-31 10:46:20,337] {processor.py:654} INFO - DAG(s) dict_keys(['latest_only']) retrieved from /home/airflow/.local/lib/python3.6/site-packages/airflow/example_dags/example_latest_only.py
[2025-05-31 10:46:20,351] {logging_mixin.py:109} INFO - [2025-05-31 10:46:20,351] {dag.py:2396} INFO - Sync 1 DAGs
[2025-05-31 10:46:20,376] {logging_mixin.py:109} INFO - [2025-05-31 10:46:20,376] {dag.py:2935} INFO - Setting next_dagrun for latest_only to 2025-05-31T06:46:20.376274+00:00
[2025-05-31 10:46:20,389] {processor.py:171} INFO - Processing /home/airflow/.local/lib/python3.6/site-packages/airflow/example_dags/example_latest_only.py took 0.097 seconds
[2025-05-31 10:46:51,106] {processor.py:163} INFO - Started process (PID=639) to work on /home/airflow/.local/lib/python3.6/site-packages/airflow/example_dags/example_latest_only.py
[2025-05-31 10:46:51,108] {processor.py:642} INFO - Processing file /home/airflow/.local/lib/python3.6/site-packages/airflow/example_dags/example_latest_only.py for tasks to queue
[2025-05-31 10:46:51,109] {logging_mixin.py:109} INFO - [2025-05-31 10:46:51,109] {dagbag.py:500} INFO - Filling up the DagBag from /home/airflow/.local/lib/python3.6/site-packages/airflow/example_dags/example_latest_only.py
[2025-05-31 10:46:51,149] {processor.py:654} INFO - DAG(s) dict_keys(['latest_only']) retrieved from /home/airflow/.local/lib/python3.6/site-packages/airflow/example_dags/example_latest_only.py
[2025-05-31 10:46:51,168] {logging_mixin.py:109} INFO - [2025-05-31 10:46:51,168] {dag.py:2396} INFO - Sync 1 DAGs
[2025-05-31 10:46:51,194] {logging_mixin.py:109} INFO - [2025-05-31 10:46:51,194] {dag.py:2935} INFO - Setting next_dagrun for latest_only to 2025-05-31T06:46:51.194088+00:00
[2025-05-31 10:46:51,208] {processor.py:171} INFO - Processing /home/airflow/.local/lib/python3.6/site-packages/airflow/example_dags/example_latest_only.py took 0.107 seconds
[2025-05-31 10:47:22,102] {processor.py:163} INFO - Started process (PID=819) to work on /home/airflow/.local/lib/python3.6/site-packages/airflow/example_dags/example_latest_only.py
[2025-05-31 10:47:22,104] {processor.py:642} INFO - Processing file /home/airflow/.local/lib/python3.6/site-packages/airflow/example_dags/example_latest_only.py for tasks to queue
[2025-05-31 10:47:22,105] {logging_mixin.py:109} INFO - [2025-05-31 10:47:22,105] {dagbag.py:500} INFO - Filling up the DagBag from /home/airflow/.local/lib/python3.6/site-packages/airflow/example_dags/example_latest_only.py
[2025-05-31 10:47:22,149] {processor.py:654} INFO - DAG(s) dict_keys(['latest_only']) retrieved from /home/airflow/.local/lib/python3.6/site-packages/airflow/example_dags/example_latest_only.py
[2025-05-31 10:47:22,171] {logging_mixin.py:109} INFO - [2025-05-31 10:47:22,171] {dag.py:2396} INFO - Sync 1 DAGs
[2025-05-31 10:47:22,199] {logging_mixin.py:109} INFO - [2025-05-31 10:47:22,199] {dag.py:2935} INFO - Setting next_dagrun for latest_only to 2025-05-31T06:47:22.199025+00:00
[2025-05-31 10:47:22,214] {processor.py:171} INFO - Processing /home/airflow/.local/lib/python3.6/site-packages/airflow/example_dags/example_latest_only.py took 0.118 seconds
[2025-05-31 10:47:52,593] {processor.py:163} INFO - Started process (PID=1000) to work on /home/airflow/.local/lib/python3.6/site-packages/airflow/example_dags/example_latest_only.py
[2025-05-31 10:47:52,595] {processor.py:642} INFO - Processing file /home/airflow/.local/lib/python3.6/site-packages/airflow/example_dags/example_latest_only.py for tasks to queue
[2025-05-31 10:47:52,596] {logging_mixin.py:109} INFO - [2025-05-31 10:47:52,596] {dagbag.py:500} INFO - Filling up the DagBag from /home/airflow/.local/lib/python3.6/site-packages/airflow/example_dags/example_latest_only.py
[2025-05-31 10:47:52,631] {processor.py:654} INFO - DAG(s) dict_keys(['latest_only']) retrieved from /home/airflow/.local/lib/python3.6/site-packages/airflow/example_dags/example_latest_only.py
[2025-05-31 10:47:52,645] {logging_mixin.py:109} INFO - [2025-05-31 10:47:52,645] {dag.py:2396} INFO - Sync 1 DAGs
[2025-05-31 10:47:52,669] {logging_mixin.py:109} INFO - [2025-05-31 10:47:52,669] {dag.py:2935} INFO - Setting next_dagrun for latest_only to 2025-05-31T06:47:52.669170+00:00
[2025-05-31 10:47:52,682] {processor.py:171} INFO - Processing /home/airflow/.local/lib/python3.6/site-packages/airflow/example_dags/example_latest_only.py took 0.093 seconds
[2025-05-31 10:48:24,483] {processor.py:163} INFO - Started process (PID=1191) to work on /home/airflow/.local/lib/python3.6/site-packages/airflow/example_dags/example_latest_only.py
[2025-05-31 10:48:24,485] {processor.py:642} INFO - Processing file /home/airflow/.local/lib/python3.6/site-packages/airflow/example_dags/example_latest_only.py for tasks to queue
[2025-05-31 10:48:24,487] {logging_mixin.py:109} INFO - [2025-05-31 10:48:24,487] {dagbag.py:500} INFO - Filling up the DagBag from /home/airflow/.local/lib/python3.6/site-packages/airflow/example_dags/example_latest_only.py
[2025-05-31 10:48:24,543] {processor.py:654} INFO - DAG(s) dict_keys(['latest_only']) retrieved from /home/airflow/.local/lib/python3.6/site-packages/airflow/example_dags/example_latest_only.py
[2025-05-31 10:48:24,569] {logging_mixin.py:109} INFO - [2025-05-31 10:48:24,569] {dag.py:2396} INFO - Sync 1 DAGs
[2025-05-31 10:48:24,611] {logging_mixin.py:109} INFO - [2025-05-31 10:48:24,611] {dag.py:2935} INFO - Setting next_dagrun for latest_only to 2025-05-31T06:48:24.610787+00:00
[2025-05-31 10:48:24,631] {processor.py:171} INFO - Processing /home/airflow/.local/lib/python3.6/site-packages/airflow/example_dags/example_latest_only.py took 0.153 seconds
[2025-05-31 10:48:56,065] {processor.py:163} INFO - Started process (PID=1370) to work on /home/airflow/.local/lib/python3.6/site-packages/airflow/example_dags/example_latest_only.py
[2025-05-31 10:48:56,067] {processor.py:642} INFO - Processing file /home/airflow/.local/lib/python3.6/site-packages/airflow/example_dags/example_latest_only.py for tasks to queue
[2025-05-31 10:48:56,068] {logging_mixin.py:109} INFO - [2025-05-31 10:48:56,068] {dagbag.py:500} INFO - Filling up the DagBag from /home/airflow/.local/lib/python3.6/site-packages/airflow/example_dags/example_latest_only.py
[2025-05-31 10:48:56,120] {processor.py:654} INFO - DAG(s) dict_keys(['latest_only']) retrieved from /home/airflow/.local/lib/python3.6/site-packages/airflow/example_dags/example_latest_only.py
[2025-05-31 10:48:56,140] {logging_mixin.py:109} INFO - [2025-05-31 10:48:56,140] {dag.py:2396} INFO - Sync 1 DAGs
[2025-05-31 10:48:56,189] {logging_mixin.py:109} INFO - [2025-05-31 10:48:56,189] {dag.py:2935} INFO - Setting next_dagrun for latest_only to 2025-05-31T06:48:56.189058+00:00
[2025-05-31 10:48:56,213] {processor.py:171} INFO - Processing /home/airflow/.local/lib/python3.6/site-packages/airflow/example_dags/example_latest_only.py took 0.153 seconds
[2025-05-31 10:49:27,155] {processor.py:163} INFO - Started process (PID=1579) to work on /home/airflow/.local/lib/python3.6/site-packages/airflow/example_dags/example_latest_only.py
[2025-05-31 10:49:27,159] {processor.py:642} INFO - Processing file /home/airflow/.local/lib/python3.6/site-packages/airflow/example_dags/example_latest_only.py for tasks to queue
[2025-05-31 10:49:27,160] {logging_mixin.py:109} INFO - [2025-05-31 10:49:27,160] {dagbag.py:500} INFO - Filling up the DagBag from /home/airflow/.local/lib/python3.6/site-packages/airflow/example_dags/example_latest_only.py
[2025-05-31 10:49:27,209] {processor.py:654} INFO - DAG(s) dict_keys(['latest_only']) retrieved from /home/airflow/.local/lib/python3.6/site-packages/airflow/example_dags/example_latest_only.py
[2025-05-31 10:49:27,231] {logging_mixin.py:109} INFO - [2025-05-31 10:49:27,231] {dag.py:2396} INFO - Sync 1 DAGs
[2025-05-31 10:49:27,334] {logging_mixin.py:109} INFO - [2025-05-31 10:49:27,333] {dag.py:2935} INFO - Setting next_dagrun for latest_only to 2025-05-31T06:49:27.333371+00:00
[2025-05-31 10:49:27,365] {processor.py:171} INFO - Processing /home/airflow/.local/lib/python3.6/site-packages/airflow/example_dags/example_latest_only.py took 0.216 seconds
[2025-05-31 10:49:58,579] {processor.py:163} INFO - Started process (PID=1762) to work on /home/airflow/.local/lib/python3.6/site-packages/airflow/example_dags/example_latest_only.py
[2025-05-31 10:49:58,581] {processor.py:642} INFO - Processing file /home/airflow/.local/lib/python3.6/site-packages/airflow/example_dags/example_latest_only.py for tasks to queue
[2025-05-31 10:49:58,582] {logging_mixin.py:109} INFO - [2025-05-31 10:49:58,582] {dagbag.py:500} INFO - Filling up the DagBag from /home/airflow/.local/lib/python3.6/site-packages/airflow/example_dags/example_latest_only.py
[2025-05-31 10:49:58,637] {processor.py:654} INFO - DAG(s) dict_keys(['latest_only']) retrieved from /home/airflow/.local/lib/python3.6/site-packages/airflow/example_dags/example_latest_only.py
[2025-05-31 10:49:58,662] {logging_mixin.py:109} INFO - [2025-05-31 10:49:58,662] {dag.py:2396} INFO - Sync 1 DAGs
[2025-05-31 10:49:58,696] {logging_mixin.py:109} INFO - [2025-05-31 10:49:58,695] {dag.py:2935} INFO - Setting next_dagrun for latest_only to 2025-05-31T06:49:58.695500+00:00
[2025-05-31 10:49:58,716] {processor.py:171} INFO - Processing /home/airflow/.local/lib/python3.6/site-packages/airflow/example_dags/example_latest_only.py took 0.141 seconds
[2025-05-31 10:50:28,873] {processor.py:163} INFO - Started process (PID=1943) to work on /home/airflow/.local/lib/python3.6/site-packages/airflow/example_dags/example_latest_only.py
[2025-05-31 10:50:28,874] {processor.py:642} INFO - Processing file /home/airflow/.local/lib/python3.6/site-packages/airflow/example_dags/example_latest_only.py for tasks to queue
[2025-05-31 10:50:28,875] {logging_mixin.py:109} INFO - [2025-05-31 10:50:28,875] {dagbag.py:500} INFO - Filling up the DagBag from /home/airflow/.local/lib/python3.6/site-packages/airflow/example_dags/example_latest_only.py
[2025-05-31 10:50:28,915] {processor.py:654} INFO - DAG(s) dict_keys(['latest_only']) retrieved from /home/airflow/.local/lib/python3.6/site-packages/airflow/example_dags/example_latest_only.py
[2025-05-31 10:50:28,930] {logging_mixin.py:109} INFO - [2025-05-31 10:50:28,930] {dag.py:2396} INFO - Sync 1 DAGs
[2025-05-31 10:50:28,955] {logging_mixin.py:109} INFO - [2025-05-31 10:50:28,955] {dag.py:2935} INFO - Setting next_dagrun for latest_only to 2025-05-31T06:50:28.954669+00:00
[2025-05-31 10:50:28,968] {processor.py:171} INFO - Processing /home/airflow/.local/lib/python3.6/site-packages/airflow/example_dags/example_latest_only.py took 0.099 seconds
[2025-05-31 10:50:59,852] {processor.py:163} INFO - Started process (PID=2101) to work on /home/airflow/.local/lib/python3.6/site-packages/airflow/example_dags/example_latest_only.py
[2025-05-31 10:50:59,855] {processor.py:642} INFO - Processing file /home/airflow/.local/lib/python3.6/site-packages/airflow/example_dags/example_latest_only.py for tasks to queue
[2025-05-31 10:50:59,857] {logging_mixin.py:109} INFO - [2025-05-31 10:50:59,857] {dagbag.py:500} INFO - Filling up the DagBag from /home/airflow/.local/lib/python3.6/site-packages/airflow/example_dags/example_latest_only.py
[2025-05-31 10:50:59,928] {processor.py:654} INFO - DAG(s) dict_keys(['latest_only']) retrieved from /home/airflow/.local/lib/python3.6/site-packages/airflow/example_dags/example_latest_only.py
[2025-05-31 10:50:59,953] {logging_mixin.py:109} INFO - [2025-05-31 10:50:59,953] {dag.py:2396} INFO - Sync 1 DAGs
[2025-05-31 10:51:00,005] {logging_mixin.py:109} INFO - [2025-05-31 10:51:00,004] {dag.py:2935} INFO - Setting next_dagrun for latest_only to 2025-05-31T06:51:00.004231+00:00
[2025-05-31 10:51:00,023] {processor.py:171} INFO - Processing /home/airflow/.local/lib/python3.6/site-packages/airflow/example_dags/example_latest_only.py took 0.182 seconds
[2025-05-31 10:51:30,919] {processor.py:163} INFO - Started process (PID=2291) to work on /home/airflow/.local/lib/python3.6/site-packages/airflow/example_dags/example_latest_only.py
[2025-05-31 10:51:30,921] {processor.py:642} INFO - Processing file /home/airflow/.local/lib/python3.6/site-packages/airflow/example_dags/example_latest_only.py for tasks to queue
[2025-05-31 10:51:30,923] {logging_mixin.py:109} INFO - [2025-05-31 10:51:30,923] {dagbag.py:500} INFO - Filling up the DagBag from /home/airflow/.local/lib/python3.6/site-packages/airflow/example_dags/example_latest_only.py
[2025-05-31 10:51:30,979] {processor.py:654} INFO - DAG(s) dict_keys(['latest_only']) retrieved from /home/airflow/.local/lib/python3.6/site-packages/airflow/example_dags/example_latest_only.py
[2025-05-31 10:51:30,999] {logging_mixin.py:109} INFO - [2025-05-31 10:51:30,998] {dag.py:2396} INFO - Sync 1 DAGs
[2025-05-31 10:51:31,027] {logging_mixin.py:109} INFO - [2025-05-31 10:51:31,027] {dag.py:2935} INFO - Setting next_dagrun for latest_only to 2025-05-31T06:51:31.026776+00:00
[2025-05-31 10:51:31,041] {processor.py:171} INFO - Processing /home/airflow/.local/lib/python3.6/site-packages/airflow/example_dags/example_latest_only.py took 0.127 seconds
[2025-05-31 10:52:02,318] {processor.py:163} INFO - Started process (PID=2466) to work on /home/airflow/.local/lib/python3.6/site-packages/airflow/example_dags/example_latest_only.py
[2025-05-31 10:52:02,320] {processor.py:642} INFO - Processing file /home/airflow/.local/lib/python3.6/site-packages/airflow/example_dags/example_latest_only.py for tasks to queue
[2025-05-31 10:52:02,321] {logging_mixin.py:109} INFO - [2025-05-31 10:52:02,321] {dagbag.py:500} INFO - Filling up the DagBag from /home/airflow/.local/lib/python3.6/site-packages/airflow/example_dags/example_latest_only.py
[2025-05-31 10:52:02,360] {processor.py:654} INFO - DAG(s) dict_keys(['latest_only']) retrieved from /home/airflow/.local/lib/python3.6/site-packages/airflow/example_dags/example_latest_only.py
[2025-05-31 10:52:02,375] {logging_mixin.py:109} INFO - [2025-05-31 10:52:02,375] {dag.py:2396} INFO - Sync 1 DAGs
[2025-05-31 10:52:02,398] {logging_mixin.py:109} INFO - [2025-05-31 10:52:02,398] {dag.py:2935} INFO - Setting next_dagrun for latest_only to 2025-05-31T06:52:02.397850+00:00
[2025-05-31 10:52:02,412] {processor.py:171} INFO - Processing /home/airflow/.local/lib/python3.6/site-packages/airflow/example_dags/example_latest_only.py took 0.100 seconds
[2025-05-31 10:52:34,114] {processor.py:163} INFO - Started process (PID=2648) to work on /home/airflow/.local/lib/python3.6/site-packages/airflow/example_dags/example_latest_only.py
[2025-05-31 10:52:34,121] {processor.py:642} INFO - Processing file /home/airflow/.local/lib/python3.6/site-packages/airflow/example_dags/example_latest_only.py for tasks to queue
[2025-05-31 10:52:34,123] {logging_mixin.py:109} INFO - [2025-05-31 10:52:34,123] {dagbag.py:500} INFO - Filling up the DagBag from /home/airflow/.local/lib/python3.6/site-packages/airflow/example_dags/example_latest_only.py
[2025-05-31 10:52:34,215] {processor.py:654} INFO - DAG(s) dict_keys(['latest_only']) retrieved from /home/airflow/.local/lib/python3.6/site-packages/airflow/example_dags/example_latest_only.py
[2025-05-31 10:52:34,245] {logging_mixin.py:109} INFO - [2025-05-31 10:52:34,245] {dag.py:2396} INFO - Sync 1 DAGs
[2025-05-31 10:52:34,288] {logging_mixin.py:109} INFO - [2025-05-31 10:52:34,287] {dag.py:2935} INFO - Setting next_dagrun for latest_only to 2025-05-31T06:52:34.287314+00:00
[2025-05-31 10:52:34,307] {processor.py:171} INFO - Processing /home/airflow/.local/lib/python3.6/site-packages/airflow/example_dags/example_latest_only.py took 0.200 seconds
[2025-05-31 10:53:05,784] {processor.py:163} INFO - Started process (PID=2826) to work on /home/airflow/.local/lib/python3.6/site-packages/airflow/example_dags/example_latest_only.py
[2025-05-31 10:53:05,787] {processor.py:642} INFO - Processing file /home/airflow/.local/lib/python3.6/site-packages/airflow/example_dags/example_latest_only.py for tasks to queue
[2025-05-31 10:53:05,790] {logging_mixin.py:109} INFO - [2025-05-31 10:53:05,790] {dagbag.py:500} INFO - Filling up the DagBag from /home/airflow/.local/lib/python3.6/site-packages/airflow/example_dags/example_latest_only.py
[2025-05-31 10:53:05,990] {processor.py:654} INFO - DAG(s) dict_keys(['latest_only']) retrieved from /home/airflow/.local/lib/python3.6/site-packages/airflow/example_dags/example_latest_only.py
[2025-05-31 10:53:06,128] {logging_mixin.py:109} INFO - [2025-05-31 10:53:06,128] {dag.py:2396} INFO - Sync 1 DAGs
[2025-05-31 10:53:06,214] {logging_mixin.py:109} INFO - [2025-05-31 10:53:06,214] {dag.py:2935} INFO - Setting next_dagrun for latest_only to 2025-05-31T06:53:06.213296+00:00
[2025-05-31 10:53:06,279] {processor.py:171} INFO - Processing /home/airflow/.local/lib/python3.6/site-packages/airflow/example_dags/example_latest_only.py took 0.518 seconds
[2025-05-31 10:53:36,717] {processor.py:163} INFO - Started process (PID=3016) to work on /home/airflow/.local/lib/python3.6/site-packages/airflow/example_dags/example_latest_only.py
[2025-05-31 10:53:36,719] {processor.py:642} INFO - Processing file /home/airflow/.local/lib/python3.6/site-packages/airflow/example_dags/example_latest_only.py for tasks to queue
[2025-05-31 10:53:36,721] {logging_mixin.py:109} INFO - [2025-05-31 10:53:36,721] {dagbag.py:500} INFO - Filling up the DagBag from /home/airflow/.local/lib/python3.6/site-packages/airflow/example_dags/example_latest_only.py
[2025-05-31 10:53:36,767] {processor.py:654} INFO - DAG(s) dict_keys(['latest_only']) retrieved from /home/airflow/.local/lib/python3.6/site-packages/airflow/example_dags/example_latest_only.py
[2025-05-31 10:53:36,788] {logging_mixin.py:109} INFO - [2025-05-31 10:53:36,788] {dag.py:2396} INFO - Sync 1 DAGs
[2025-05-31 10:53:36,827] {logging_mixin.py:109} INFO - [2025-05-31 10:53:36,827] {dag.py:2935} INFO - Setting next_dagrun for latest_only to 2025-05-31T06:53:36.827078+00:00
[2025-05-31 10:53:36,848] {processor.py:171} INFO - Processing /home/airflow/.local/lib/python3.6/site-packages/airflow/example_dags/example_latest_only.py took 0.139 seconds
[2025-05-31 10:54:07,957] {processor.py:163} INFO - Started process (PID=3193) to work on /home/airflow/.local/lib/python3.6/site-packages/airflow/example_dags/example_latest_only.py
[2025-05-31 10:54:07,959] {processor.py:642} INFO - Processing file /home/airflow/.local/lib/python3.6/site-packages/airflow/example_dags/example_latest_only.py for tasks to queue
[2025-05-31 10:54:07,960] {logging_mixin.py:109} INFO - [2025-05-31 10:54:07,960] {dagbag.py:500} INFO - Filling up the DagBag from /home/airflow/.local/lib/python3.6/site-packages/airflow/example_dags/example_latest_only.py
[2025-05-31 10:54:08,002] {processor.py:654} INFO - DAG(s) dict_keys(['latest_only']) retrieved from /home/airflow/.local/lib/python3.6/site-packages/airflow/example_dags/example_latest_only.py
[2025-05-31 10:54:08,018] {logging_mixin.py:109} INFO - [2025-05-31 10:54:08,018] {dag.py:2396} INFO - Sync 1 DAGs
[2025-05-31 10:54:08,045] {logging_mixin.py:109} INFO - [2025-05-31 10:54:08,045] {dag.py:2935} INFO - Setting next_dagrun for latest_only to 2025-05-31T06:54:08.045276+00:00
[2025-05-31 10:54:08,061] {processor.py:171} INFO - Processing /home/airflow/.local/lib/python3.6/site-packages/airflow/example_dags/example_latest_only.py took 0.109 seconds
[2025-05-31 10:54:39,018] {processor.py:163} INFO - Started process (PID=3376) to work on /home/airflow/.local/lib/python3.6/site-packages/airflow/example_dags/example_latest_only.py
[2025-05-31 10:54:39,020] {processor.py:642} INFO - Processing file /home/airflow/.local/lib/python3.6/site-packages/airflow/example_dags/example_latest_only.py for tasks to queue
[2025-05-31 10:54:39,022] {logging_mixin.py:109} INFO - [2025-05-31 10:54:39,022] {dagbag.py:500} INFO - Filling up the DagBag from /home/airflow/.local/lib/python3.6/site-packages/airflow/example_dags/example_latest_only.py
[2025-05-31 10:54:39,068] {processor.py:654} INFO - DAG(s) dict_keys(['latest_only']) retrieved from /home/airflow/.local/lib/python3.6/site-packages/airflow/example_dags/example_latest_only.py
[2025-05-31 10:54:39,086] {logging_mixin.py:109} INFO - [2025-05-31 10:54:39,086] {dag.py:2396} INFO - Sync 1 DAGs
[2025-05-31 10:54:39,123] {logging_mixin.py:109} INFO - [2025-05-31 10:54:39,123] {dag.py:2935} INFO - Setting next_dagrun for latest_only to 2025-05-31T06:54:39.122749+00:00
[2025-05-31 10:54:39,139] {processor.py:171} INFO - Processing /home/airflow/.local/lib/python3.6/site-packages/airflow/example_dags/example_latest_only.py took 0.127 seconds
[2025-05-31 10:55:09,819] {processor.py:163} INFO - Started process (PID=3558) to work on /home/airflow/.local/lib/python3.6/site-packages/airflow/example_dags/example_latest_only.py
[2025-05-31 10:55:09,821] {processor.py:642} INFO - Processing file /home/airflow/.local/lib/python3.6/site-packages/airflow/example_dags/example_latest_only.py for tasks to queue
[2025-05-31 10:55:09,822] {logging_mixin.py:109} INFO - [2025-05-31 10:55:09,822] {dagbag.py:500} INFO - Filling up the DagBag from /home/airflow/.local/lib/python3.6/site-packages/airflow/example_dags/example_latest_only.py
[2025-05-31 10:55:09,854] {processor.py:654} INFO - DAG(s) dict_keys(['latest_only']) retrieved from /home/airflow/.local/lib/python3.6/site-packages/airflow/example_dags/example_latest_only.py
[2025-05-31 10:55:09,868] {logging_mixin.py:109} INFO - [2025-05-31 10:55:09,868] {dag.py:2396} INFO - Sync 1 DAGs
[2025-05-31 10:55:09,891] {logging_mixin.py:109} INFO - [2025-05-31 10:55:09,891] {dag.py:2935} INFO - Setting next_dagrun for latest_only to 2025-05-31T06:55:09.891049+00:00
[2025-05-31 10:55:09,906] {processor.py:171} INFO - Processing /home/airflow/.local/lib/python3.6/site-packages/airflow/example_dags/example_latest_only.py took 0.090 seconds
[2025-05-31 10:55:40,707] {processor.py:163} INFO - Started process (PID=3748) to work on /home/airflow/.local/lib/python3.6/site-packages/airflow/example_dags/example_latest_only.py
[2025-05-31 10:55:40,708] {processor.py:642} INFO - Processing file /home/airflow/.local/lib/python3.6/site-packages/airflow/example_dags/example_latest_only.py for tasks to queue
[2025-05-31 10:55:40,709] {logging_mixin.py:109} INFO - [2025-05-31 10:55:40,709] {dagbag.py:500} INFO - Filling up the DagBag from /home/airflow/.local/lib/python3.6/site-packages/airflow/example_dags/example_latest_only.py
[2025-05-31 10:55:40,746] {processor.py:654} INFO - DAG(s) dict_keys(['latest_only']) retrieved from /home/airflow/.local/lib/python3.6/site-packages/airflow/example_dags/example_latest_only.py
[2025-05-31 10:55:40,761] {logging_mixin.py:109} INFO - [2025-05-31 10:55:40,761] {dag.py:2396} INFO - Sync 1 DAGs
[2025-05-31 10:55:40,789] {logging_mixin.py:109} INFO - [2025-05-31 10:55:40,789] {dag.py:2935} INFO - Setting next_dagrun for latest_only to 2025-05-31T06:55:40.788737+00:00
[2025-05-31 10:55:40,802] {processor.py:171} INFO - Processing /home/airflow/.local/lib/python3.6/site-packages/airflow/example_dags/example_latest_only.py took 0.101 seconds
[2025-05-31 10:56:12,220] {processor.py:163} INFO - Started process (PID=3926) to work on /home/airflow/.local/lib/python3.6/site-packages/airflow/example_dags/example_latest_only.py
[2025-05-31 10:56:12,222] {processor.py:642} INFO - Processing file /home/airflow/.local/lib/python3.6/site-packages/airflow/example_dags/example_latest_only.py for tasks to queue
[2025-05-31 10:56:12,223] {logging_mixin.py:109} INFO - [2025-05-31 10:56:12,223] {dagbag.py:500} INFO - Filling up the DagBag from /home/airflow/.local/lib/python3.6/site-packages/airflow/example_dags/example_latest_only.py
[2025-05-31 10:56:12,267] {processor.py:654} INFO - DAG(s) dict_keys(['latest_only']) retrieved from /home/airflow/.local/lib/python3.6/site-packages/airflow/example_dags/example_latest_only.py
[2025-05-31 10:56:12,284] {logging_mixin.py:109} INFO - [2025-05-31 10:56:12,284] {dag.py:2396} INFO - Sync 1 DAGs
[2025-05-31 10:56:12,313] {logging_mixin.py:109} INFO - [2025-05-31 10:56:12,312] {dag.py:2935} INFO - Setting next_dagrun for latest_only to 2025-05-31T06:56:12.312486+00:00
[2025-05-31 10:56:12,331] {processor.py:171} INFO - Processing /home/airflow/.local/lib/python3.6/site-packages/airflow/example_dags/example_latest_only.py took 0.115 seconds
[2025-05-31 10:56:42,939] {processor.py:163} INFO - Started process (PID=4106) to work on /home/airflow/.local/lib/python3.6/site-packages/airflow/example_dags/example_latest_only.py
[2025-05-31 10:56:42,941] {processor.py:642} INFO - Processing file /home/airflow/.local/lib/python3.6/site-packages/airflow/example_dags/example_latest_only.py for tasks to queue
[2025-05-31 10:56:42,943] {logging_mixin.py:109} INFO - [2025-05-31 10:56:42,942] {dagbag.py:500} INFO - Filling up the DagBag from /home/airflow/.local/lib/python3.6/site-packages/airflow/example_dags/example_latest_only.py
[2025-05-31 10:56:42,987] {processor.py:654} INFO - DAG(s) dict_keys(['latest_only']) retrieved from /home/airflow/.local/lib/python3.6/site-packages/airflow/example_dags/example_latest_only.py
[2025-05-31 10:56:43,009] {logging_mixin.py:109} INFO - [2025-05-31 10:56:43,009] {dag.py:2396} INFO - Sync 1 DAGs
[2025-05-31 10:56:43,042] {logging_mixin.py:109} INFO - [2025-05-31 10:56:43,042] {dag.py:2935} INFO - Setting next_dagrun for latest_only to 2025-05-31T06:56:43.041744+00:00
[2025-05-31 10:56:43,059] {processor.py:171} INFO - Processing /home/airflow/.local/lib/python3.6/site-packages/airflow/example_dags/example_latest_only.py took 0.126 seconds
[2025-05-31 10:57:13,595] {processor.py:163} INFO - Started process (PID=4298) to work on /home/airflow/.local/lib/python3.6/site-packages/airflow/example_dags/example_latest_only.py
[2025-05-31 10:57:13,597] {processor.py:642} INFO - Processing file /home/airflow/.local/lib/python3.6/site-packages/airflow/example_dags/example_latest_only.py for tasks to queue
[2025-05-31 10:57:13,598] {logging_mixin.py:109} INFO - [2025-05-31 10:57:13,598] {dagbag.py:500} INFO - Filling up the DagBag from /home/airflow/.local/lib/python3.6/site-packages/airflow/example_dags/example_latest_only.py
[2025-05-31 10:57:13,677] {processor.py:654} INFO - DAG(s) dict_keys(['latest_only']) retrieved from /home/airflow/.local/lib/python3.6/site-packages/airflow/example_dags/example_latest_only.py
[2025-05-31 10:57:13,744] {logging_mixin.py:109} INFO - [2025-05-31 10:57:13,744] {dag.py:2396} INFO - Sync 1 DAGs
[2025-05-31 10:57:13,778] {logging_mixin.py:109} INFO - [2025-05-31 10:57:13,778] {dag.py:2935} INFO - Setting next_dagrun for latest_only to 2025-05-31T06:57:13.778237+00:00
[2025-05-31 10:57:13,797] {processor.py:171} INFO - Processing /home/airflow/.local/lib/python3.6/site-packages/airflow/example_dags/example_latest_only.py took 0.208 seconds
[2025-05-31 10:57:44,751] {processor.py:163} INFO - Started process (PID=4476) to work on /home/airflow/.local/lib/python3.6/site-packages/airflow/example_dags/example_latest_only.py
[2025-05-31 10:57:44,753] {processor.py:642} INFO - Processing file /home/airflow/.local/lib/python3.6/site-packages/airflow/example_dags/example_latest_only.py for tasks to queue
[2025-05-31 10:57:44,754] {logging_mixin.py:109} INFO - [2025-05-31 10:57:44,754] {dagbag.py:500} INFO - Filling up the DagBag from /home/airflow/.local/lib/python3.6/site-packages/airflow/example_dags/example_latest_only.py
[2025-05-31 10:57:44,802] {processor.py:654} INFO - DAG(s) dict_keys(['latest_only']) retrieved from /home/airflow/.local/lib/python3.6/site-packages/airflow/example_dags/example_latest_only.py
[2025-05-31 10:57:44,821] {logging_mixin.py:109} INFO - [2025-05-31 10:57:44,821] {dag.py:2396} INFO - Sync 1 DAGs
[2025-05-31 10:57:44,855] {logging_mixin.py:109} INFO - [2025-05-31 10:57:44,854] {dag.py:2935} INFO - Setting next_dagrun for latest_only to 2025-05-31T06:57:44.854564+00:00
[2025-05-31 10:57:44,869] {processor.py:171} INFO - Processing /home/airflow/.local/lib/python3.6/site-packages/airflow/example_dags/example_latest_only.py took 0.124 seconds
[2025-05-31 10:58:15,281] {processor.py:163} INFO - Started process (PID=4658) to work on /home/airflow/.local/lib/python3.6/site-packages/airflow/example_dags/example_latest_only.py
[2025-05-31 10:58:15,283] {processor.py:642} INFO - Processing file /home/airflow/.local/lib/python3.6/site-packages/airflow/example_dags/example_latest_only.py for tasks to queue
[2025-05-31 10:58:15,284] {logging_mixin.py:109} INFO - [2025-05-31 10:58:15,284] {dagbag.py:500} INFO - Filling up the DagBag from /home/airflow/.local/lib/python3.6/site-packages/airflow/example_dags/example_latest_only.py
[2025-05-31 10:58:15,316] {processor.py:654} INFO - DAG(s) dict_keys(['latest_only']) retrieved from /home/airflow/.local/lib/python3.6/site-packages/airflow/example_dags/example_latest_only.py
[2025-05-31 10:58:15,329] {logging_mixin.py:109} INFO - [2025-05-31 10:58:15,328] {dag.py:2396} INFO - Sync 1 DAGs
[2025-05-31 10:58:15,352] {logging_mixin.py:109} INFO - [2025-05-31 10:58:15,351] {dag.py:2935} INFO - Setting next_dagrun for latest_only to 2025-05-31T06:58:15.351550+00:00
[2025-05-31 10:58:15,364] {processor.py:171} INFO - Processing /home/airflow/.local/lib/python3.6/site-packages/airflow/example_dags/example_latest_only.py took 0.086 seconds
[2025-05-31 10:58:45,825] {processor.py:163} INFO - Started process (PID=4838) to work on /home/airflow/.local/lib/python3.6/site-packages/airflow/example_dags/example_latest_only.py
[2025-05-31 10:58:45,827] {processor.py:642} INFO - Processing file /home/airflow/.local/lib/python3.6/site-packages/airflow/example_dags/example_latest_only.py for tasks to queue
[2025-05-31 10:58:45,828] {logging_mixin.py:109} INFO - [2025-05-31 10:58:45,828] {dagbag.py:500} INFO - Filling up the DagBag from /home/airflow/.local/lib/python3.6/site-packages/airflow/example_dags/example_latest_only.py
[2025-05-31 10:58:45,864] {processor.py:654} INFO - DAG(s) dict_keys(['latest_only']) retrieved from /home/airflow/.local/lib/python3.6/site-packages/airflow/example_dags/example_latest_only.py
[2025-05-31 10:58:45,882] {logging_mixin.py:109} INFO - [2025-05-31 10:58:45,881] {dag.py:2396} INFO - Sync 1 DAGs
[2025-05-31 10:58:45,911] {logging_mixin.py:109} INFO - [2025-05-31 10:58:45,911] {dag.py:2935} INFO - Setting next_dagrun for latest_only to 2025-05-31T06:58:45.910758+00:00
[2025-05-31 10:58:45,925] {processor.py:171} INFO - Processing /home/airflow/.local/lib/python3.6/site-packages/airflow/example_dags/example_latest_only.py took 0.105 seconds
[2025-05-31 10:59:16,843] {processor.py:163} INFO - Started process (PID=5026) to work on /home/airflow/.local/lib/python3.6/site-packages/airflow/example_dags/example_latest_only.py
[2025-05-31 10:59:16,845] {processor.py:642} INFO - Processing file /home/airflow/.local/lib/python3.6/site-packages/airflow/example_dags/example_latest_only.py for tasks to queue
[2025-05-31 10:59:16,847] {logging_mixin.py:109} INFO - [2025-05-31 10:59:16,847] {dagbag.py:500} INFO - Filling up the DagBag from /home/airflow/.local/lib/python3.6/site-packages/airflow/example_dags/example_latest_only.py
[2025-05-31 10:59:16,905] {processor.py:654} INFO - DAG(s) dict_keys(['latest_only']) retrieved from /home/airflow/.local/lib/python3.6/site-packages/airflow/example_dags/example_latest_only.py
[2025-05-31 10:59:16,924] {logging_mixin.py:109} INFO - [2025-05-31 10:59:16,924] {dag.py:2396} INFO - Sync 1 DAGs
[2025-05-31 10:59:16,964] {logging_mixin.py:109} INFO - [2025-05-31 10:59:16,964] {dag.py:2935} INFO - Setting next_dagrun for latest_only to 2025-05-31T06:59:16.963838+00:00
[2025-05-31 10:59:16,980] {processor.py:171} INFO - Processing /home/airflow/.local/lib/python3.6/site-packages/airflow/example_dags/example_latest_only.py took 0.146 seconds
[2025-05-31 10:59:47,983] {processor.py:163} INFO - Started process (PID=5206) to work on /home/airflow/.local/lib/python3.6/site-packages/airflow/example_dags/example_latest_only.py
[2025-05-31 10:59:47,986] {processor.py:642} INFO - Processing file /home/airflow/.local/lib/python3.6/site-packages/airflow/example_dags/example_latest_only.py for tasks to queue
[2025-05-31 10:59:47,987] {logging_mixin.py:109} INFO - [2025-05-31 10:59:47,987] {dagbag.py:500} INFO - Filling up the DagBag from /home/airflow/.local/lib/python3.6/site-packages/airflow/example_dags/example_latest_only.py
[2025-05-31 10:59:48,028] {processor.py:654} INFO - DAG(s) dict_keys(['latest_only']) retrieved from /home/airflow/.local/lib/python3.6/site-packages/airflow/example_dags/example_latest_only.py
[2025-05-31 10:59:48,047] {logging_mixin.py:109} INFO - [2025-05-31 10:59:48,047] {dag.py:2396} INFO - Sync 1 DAGs
[2025-05-31 10:59:48,078] {logging_mixin.py:109} INFO - [2025-05-31 10:59:48,078] {dag.py:2935} INFO - Setting next_dagrun for latest_only to 2025-05-31T06:59:48.077686+00:00
[2025-05-31 10:59:48,092] {processor.py:171} INFO - Processing /home/airflow/.local/lib/python3.6/site-packages/airflow/example_dags/example_latest_only.py took 0.114 seconds
[2025-05-31 11:00:18,250] {processor.py:163} INFO - Started process (PID=5386) to work on /home/airflow/.local/lib/python3.6/site-packages/airflow/example_dags/example_latest_only.py
[2025-05-31 11:00:18,251] {processor.py:642} INFO - Processing file /home/airflow/.local/lib/python3.6/site-packages/airflow/example_dags/example_latest_only.py for tasks to queue
[2025-05-31 11:00:18,253] {logging_mixin.py:109} INFO - [2025-05-31 11:00:18,252] {dagbag.py:500} INFO - Filling up the DagBag from /home/airflow/.local/lib/python3.6/site-packages/airflow/example_dags/example_latest_only.py
[2025-05-31 11:00:18,290] {processor.py:654} INFO - DAG(s) dict_keys(['latest_only']) retrieved from /home/airflow/.local/lib/python3.6/site-packages/airflow/example_dags/example_latest_only.py
[2025-05-31 11:00:18,303] {logging_mixin.py:109} INFO - [2025-05-31 11:00:18,303] {dag.py:2396} INFO - Sync 1 DAGs
[2025-05-31 11:00:18,328] {logging_mixin.py:109} INFO - [2025-05-31 11:00:18,328] {dag.py:2935} INFO - Setting next_dagrun for latest_only to 2025-05-31T07:00:18.327665+00:00
[2025-05-31 11:00:18,341] {processor.py:171} INFO - Processing /home/airflow/.local/lib/python3.6/site-packages/airflow/example_dags/example_latest_only.py took 0.098 seconds
[2025-05-31 11:00:49,178] {processor.py:163} INFO - Started process (PID=5578) to work on /home/airflow/.local/lib/python3.6/site-packages/airflow/example_dags/example_latest_only.py
[2025-05-31 11:00:49,180] {processor.py:642} INFO - Processing file /home/airflow/.local/lib/python3.6/site-packages/airflow/example_dags/example_latest_only.py for tasks to queue
[2025-05-31 11:00:49,181] {logging_mixin.py:109} INFO - [2025-05-31 11:00:49,181] {dagbag.py:500} INFO - Filling up the DagBag from /home/airflow/.local/lib/python3.6/site-packages/airflow/example_dags/example_latest_only.py
[2025-05-31 11:00:49,229] {processor.py:654} INFO - DAG(s) dict_keys(['latest_only']) retrieved from /home/airflow/.local/lib/python3.6/site-packages/airflow/example_dags/example_latest_only.py
[2025-05-31 11:00:49,251] {logging_mixin.py:109} INFO - [2025-05-31 11:00:49,251] {dag.py:2396} INFO - Sync 1 DAGs
[2025-05-31 11:00:49,285] {logging_mixin.py:109} INFO - [2025-05-31 11:00:49,284] {dag.py:2935} INFO - Setting next_dagrun for latest_only to 2025-05-31T07:00:49.284359+00:00
[2025-05-31 11:00:49,305] {processor.py:171} INFO - Processing /home/airflow/.local/lib/python3.6/site-packages/airflow/example_dags/example_latest_only.py took 0.132 seconds
[2025-05-31 11:01:20,102] {processor.py:163} INFO - Started process (PID=5758) to work on /home/airflow/.local/lib/python3.6/site-packages/airflow/example_dags/example_latest_only.py
[2025-05-31 11:01:20,103] {processor.py:642} INFO - Processing file /home/airflow/.local/lib/python3.6/site-packages/airflow/example_dags/example_latest_only.py for tasks to queue
[2025-05-31 11:01:20,105] {logging_mixin.py:109} INFO - [2025-05-31 11:01:20,105] {dagbag.py:500} INFO - Filling up the DagBag from /home/airflow/.local/lib/python3.6/site-packages/airflow/example_dags/example_latest_only.py
[2025-05-31 11:01:20,163] {processor.py:654} INFO - DAG(s) dict_keys(['latest_only']) retrieved from /home/airflow/.local/lib/python3.6/site-packages/airflow/example_dags/example_latest_only.py
[2025-05-31 11:01:20,181] {logging_mixin.py:109} INFO - [2025-05-31 11:01:20,181] {dag.py:2396} INFO - Sync 1 DAGs
[2025-05-31 11:01:20,211] {logging_mixin.py:109} INFO - [2025-05-31 11:01:20,211] {dag.py:2935} INFO - Setting next_dagrun for latest_only to 2025-05-31T07:01:20.211230+00:00
[2025-05-31 11:01:20,226] {processor.py:171} INFO - Processing /home/airflow/.local/lib/python3.6/site-packages/airflow/example_dags/example_latest_only.py took 0.130 seconds
[2025-05-31 11:01:51,298] {processor.py:163} INFO - Started process (PID=5942) to work on /home/airflow/.local/lib/python3.6/site-packages/airflow/example_dags/example_latest_only.py
[2025-05-31 11:01:51,300] {processor.py:642} INFO - Processing file /home/airflow/.local/lib/python3.6/site-packages/airflow/example_dags/example_latest_only.py for tasks to queue
[2025-05-31 11:01:51,302] {logging_mixin.py:109} INFO - [2025-05-31 11:01:51,302] {dagbag.py:500} INFO - Filling up the DagBag from /home/airflow/.local/lib/python3.6/site-packages/airflow/example_dags/example_latest_only.py
[2025-05-31 11:01:51,343] {processor.py:654} INFO - DAG(s) dict_keys(['latest_only']) retrieved from /home/airflow/.local/lib/python3.6/site-packages/airflow/example_dags/example_latest_only.py
[2025-05-31 11:01:51,356] {logging_mixin.py:109} INFO - [2025-05-31 11:01:51,356] {dag.py:2396} INFO - Sync 1 DAGs
[2025-05-31 11:01:51,383] {logging_mixin.py:109} INFO - [2025-05-31 11:01:51,383] {dag.py:2935} INFO - Setting next_dagrun for latest_only to 2025-05-31T07:01:51.382561+00:00
[2025-05-31 11:01:51,400] {processor.py:171} INFO - Processing /home/airflow/.local/lib/python3.6/site-packages/airflow/example_dags/example_latest_only.py took 0.109 seconds
[2025-05-31 11:02:22,155] {processor.py:163} INFO - Started process (PID=6126) to work on /home/airflow/.local/lib/python3.6/site-packages/airflow/example_dags/example_latest_only.py
[2025-05-31 11:02:22,157] {processor.py:642} INFO - Processing file /home/airflow/.local/lib/python3.6/site-packages/airflow/example_dags/example_latest_only.py for tasks to queue
[2025-05-31 11:02:22,158] {logging_mixin.py:109} INFO - [2025-05-31 11:02:22,158] {dagbag.py:500} INFO - Filling up the DagBag from /home/airflow/.local/lib/python3.6/site-packages/airflow/example_dags/example_latest_only.py
[2025-05-31 11:02:22,194] {processor.py:654} INFO - DAG(s) dict_keys(['latest_only']) retrieved from /home/airflow/.local/lib/python3.6/site-packages/airflow/example_dags/example_latest_only.py
[2025-05-31 11:02:22,208] {logging_mixin.py:109} INFO - [2025-05-31 11:02:22,208] {dag.py:2396} INFO - Sync 1 DAGs
[2025-05-31 11:02:22,230] {logging_mixin.py:109} INFO - [2025-05-31 11:02:22,230] {dag.py:2935} INFO - Setting next_dagrun for latest_only to 2025-05-31T07:02:22.230468+00:00
[2025-05-31 11:02:22,242] {processor.py:171} INFO - Processing /home/airflow/.local/lib/python3.6/site-packages/airflow/example_dags/example_latest_only.py took 0.092 seconds
[2025-05-31 11:02:53,800] {processor.py:163} INFO - Started process (PID=6306) to work on /home/airflow/.local/lib/python3.6/site-packages/airflow/example_dags/example_latest_only.py
[2025-05-31 11:02:53,802] {processor.py:642} INFO - Processing file /home/airflow/.local/lib/python3.6/site-packages/airflow/example_dags/example_latest_only.py for tasks to queue
[2025-05-31 11:02:53,803] {logging_mixin.py:109} INFO - [2025-05-31 11:02:53,803] {dagbag.py:500} INFO - Filling up the DagBag from /home/airflow/.local/lib/python3.6/site-packages/airflow/example_dags/example_latest_only.py
[2025-05-31 11:02:53,864] {processor.py:654} INFO - DAG(s) dict_keys(['latest_only']) retrieved from /home/airflow/.local/lib/python3.6/site-packages/airflow/example_dags/example_latest_only.py
[2025-05-31 11:02:53,881] {logging_mixin.py:109} INFO - [2025-05-31 11:02:53,880] {dag.py:2396} INFO - Sync 1 DAGs
[2025-05-31 11:02:53,909] {logging_mixin.py:109} INFO - [2025-05-31 11:02:53,909] {dag.py:2935} INFO - Setting next_dagrun for latest_only to 2025-05-31T07:02:53.909336+00:00
[2025-05-31 11:02:53,927] {processor.py:171} INFO - Processing /home/airflow/.local/lib/python3.6/site-packages/airflow/example_dags/example_latest_only.py took 0.134 seconds
[2025-05-31 11:03:24,734] {processor.py:163} INFO - Started process (PID=6498) to work on /home/airflow/.local/lib/python3.6/site-packages/airflow/example_dags/example_latest_only.py
[2025-05-31 11:03:24,736] {processor.py:642} INFO - Processing file /home/airflow/.local/lib/python3.6/site-packages/airflow/example_dags/example_latest_only.py for tasks to queue
[2025-05-31 11:03:24,737] {logging_mixin.py:109} INFO - [2025-05-31 11:03:24,737] {dagbag.py:500} INFO - Filling up the DagBag from /home/airflow/.local/lib/python3.6/site-packages/airflow/example_dags/example_latest_only.py
[2025-05-31 11:03:24,769] {processor.py:654} INFO - DAG(s) dict_keys(['latest_only']) retrieved from /home/airflow/.local/lib/python3.6/site-packages/airflow/example_dags/example_latest_only.py
[2025-05-31 11:03:24,784] {logging_mixin.py:109} INFO - [2025-05-31 11:03:24,784] {dag.py:2396} INFO - Sync 1 DAGs
[2025-05-31 11:03:24,808] {logging_mixin.py:109} INFO - [2025-05-31 11:03:24,808] {dag.py:2935} INFO - Setting next_dagrun for latest_only to 2025-05-31T07:03:24.808405+00:00
[2025-05-31 11:03:24,824] {processor.py:171} INFO - Processing /home/airflow/.local/lib/python3.6/site-packages/airflow/example_dags/example_latest_only.py took 0.094 seconds
[2025-05-31 11:03:55,983] {processor.py:163} INFO - Started process (PID=6676) to work on /home/airflow/.local/lib/python3.6/site-packages/airflow/example_dags/example_latest_only.py
[2025-05-31 11:03:55,985] {processor.py:642} INFO - Processing file /home/airflow/.local/lib/python3.6/site-packages/airflow/example_dags/example_latest_only.py for tasks to queue
[2025-05-31 11:03:55,986] {logging_mixin.py:109} INFO - [2025-05-31 11:03:55,986] {dagbag.py:500} INFO - Filling up the DagBag from /home/airflow/.local/lib/python3.6/site-packages/airflow/example_dags/example_latest_only.py
[2025-05-31 11:03:56,023] {processor.py:654} INFO - DAG(s) dict_keys(['latest_only']) retrieved from /home/airflow/.local/lib/python3.6/site-packages/airflow/example_dags/example_latest_only.py
[2025-05-31 11:03:56,037] {logging_mixin.py:109} INFO - [2025-05-31 11:03:56,037] {dag.py:2396} INFO - Sync 1 DAGs
[2025-05-31 11:03:56,065] {logging_mixin.py:109} INFO - [2025-05-31 11:03:56,065] {dag.py:2935} INFO - Setting next_dagrun for latest_only to 2025-05-31T07:03:56.064413+00:00
[2025-05-31 11:03:56,078] {processor.py:171} INFO - Processing /home/airflow/.local/lib/python3.6/site-packages/airflow/example_dags/example_latest_only.py took 0.100 seconds
[2025-05-31 11:04:26,959] {processor.py:163} INFO - Started process (PID=6856) to work on /home/airflow/.local/lib/python3.6/site-packages/airflow/example_dags/example_latest_only.py
[2025-05-31 11:04:26,961] {processor.py:642} INFO - Processing file /home/airflow/.local/lib/python3.6/site-packages/airflow/example_dags/example_latest_only.py for tasks to queue
[2025-05-31 11:04:26,962] {logging_mixin.py:109} INFO - [2025-05-31 11:04:26,962] {dagbag.py:500} INFO - Filling up the DagBag from /home/airflow/.local/lib/python3.6/site-packages/airflow/example_dags/example_latest_only.py
[2025-05-31 11:04:27,001] {processor.py:654} INFO - DAG(s) dict_keys(['latest_only']) retrieved from /home/airflow/.local/lib/python3.6/site-packages/airflow/example_dags/example_latest_only.py
[2025-05-31 11:04:27,017] {logging_mixin.py:109} INFO - [2025-05-31 11:04:27,016] {dag.py:2396} INFO - Sync 1 DAGs
[2025-05-31 11:04:27,061] {logging_mixin.py:109} INFO - [2025-05-31 11:04:27,060] {dag.py:2935} INFO - Setting next_dagrun for latest_only to 2025-05-31T07:04:27.060155+00:00
[2025-05-31 11:04:27,078] {processor.py:171} INFO - Processing /home/airflow/.local/lib/python3.6/site-packages/airflow/example_dags/example_latest_only.py took 0.124 seconds
[2025-05-31 11:04:58,040] {processor.py:163} INFO - Started process (PID=7046) to work on /home/airflow/.local/lib/python3.6/site-packages/airflow/example_dags/example_latest_only.py
[2025-05-31 11:04:58,043] {processor.py:642} INFO - Processing file /home/airflow/.local/lib/python3.6/site-packages/airflow/example_dags/example_latest_only.py for tasks to queue
[2025-05-31 11:04:58,044] {logging_mixin.py:109} INFO - [2025-05-31 11:04:58,044] {dagbag.py:500} INFO - Filling up the DagBag from /home/airflow/.local/lib/python3.6/site-packages/airflow/example_dags/example_latest_only.py
[2025-05-31 11:04:58,097] {processor.py:654} INFO - DAG(s) dict_keys(['latest_only']) retrieved from /home/airflow/.local/lib/python3.6/site-packages/airflow/example_dags/example_latest_only.py
[2025-05-31 11:04:58,118] {logging_mixin.py:109} INFO - [2025-05-31 11:04:58,117] {dag.py:2396} INFO - Sync 1 DAGs
[2025-05-31 11:04:58,146] {logging_mixin.py:109} INFO - [2025-05-31 11:04:58,146] {dag.py:2935} INFO - Setting next_dagrun for latest_only to 2025-05-31T07:04:58.146052+00:00
[2025-05-31 11:04:58,159] {processor.py:171} INFO - Processing /home/airflow/.local/lib/python3.6/site-packages/airflow/example_dags/example_latest_only.py took 0.126 seconds
[2025-05-31 11:05:28,700] {processor.py:163} INFO - Started process (PID=7226) to work on /home/airflow/.local/lib/python3.6/site-packages/airflow/example_dags/example_latest_only.py
[2025-05-31 11:05:28,702] {processor.py:642} INFO - Processing file /home/airflow/.local/lib/python3.6/site-packages/airflow/example_dags/example_latest_only.py for tasks to queue
[2025-05-31 11:05:28,703] {logging_mixin.py:109} INFO - [2025-05-31 11:05:28,703] {dagbag.py:500} INFO - Filling up the DagBag from /home/airflow/.local/lib/python3.6/site-packages/airflow/example_dags/example_latest_only.py
[2025-05-31 11:05:28,741] {processor.py:654} INFO - DAG(s) dict_keys(['latest_only']) retrieved from /home/airflow/.local/lib/python3.6/site-packages/airflow/example_dags/example_latest_only.py
[2025-05-31 11:05:28,756] {logging_mixin.py:109} INFO - [2025-05-31 11:05:28,756] {dag.py:2396} INFO - Sync 1 DAGs
[2025-05-31 11:05:28,784] {logging_mixin.py:109} INFO - [2025-05-31 11:05:28,783] {dag.py:2935} INFO - Setting next_dagrun for latest_only to 2025-05-31T07:05:28.783485+00:00
[2025-05-31 11:05:28,798] {processor.py:171} INFO - Processing /home/airflow/.local/lib/python3.6/site-packages/airflow/example_dags/example_latest_only.py took 0.103 seconds
[2025-05-31 11:06:03,651] {processor.py:163} INFO - Started process (PID=7421) to work on /home/airflow/.local/lib/python3.6/site-packages/airflow/example_dags/example_latest_only.py
[2025-05-31 11:06:03,664] {processor.py:642} INFO - Processing file /home/airflow/.local/lib/python3.6/site-packages/airflow/example_dags/example_latest_only.py for tasks to queue
[2025-05-31 11:06:03,666] {logging_mixin.py:109} INFO - [2025-05-31 11:06:03,666] {dagbag.py:500} INFO - Filling up the DagBag from /home/airflow/.local/lib/python3.6/site-packages/airflow/example_dags/example_latest_only.py
[2025-05-31 11:06:03,752] {processor.py:654} INFO - DAG(s) dict_keys(['latest_only']) retrieved from /home/airflow/.local/lib/python3.6/site-packages/airflow/example_dags/example_latest_only.py
[2025-05-31 11:06:03,785] {logging_mixin.py:109} INFO - [2025-05-31 11:06:03,785] {dag.py:2396} INFO - Sync 1 DAGs
[2025-05-31 11:06:03,828] {logging_mixin.py:109} INFO - [2025-05-31 11:06:03,828] {dag.py:2935} INFO - Setting next_dagrun for latest_only to 2025-05-31T07:06:03.828243+00:00
[2025-05-31 11:06:03,849] {processor.py:171} INFO - Processing /home/airflow/.local/lib/python3.6/site-packages/airflow/example_dags/example_latest_only.py took 0.215 seconds
[2025-05-31 11:06:34,823] {processor.py:163} INFO - Started process (PID=7601) to work on /home/airflow/.local/lib/python3.6/site-packages/airflow/example_dags/example_latest_only.py
[2025-05-31 11:06:34,826] {processor.py:642} INFO - Processing file /home/airflow/.local/lib/python3.6/site-packages/airflow/example_dags/example_latest_only.py for tasks to queue
[2025-05-31 11:06:34,829] {logging_mixin.py:109} INFO - [2025-05-31 11:06:34,829] {dagbag.py:500} INFO - Filling up the DagBag from /home/airflow/.local/lib/python3.6/site-packages/airflow/example_dags/example_latest_only.py
[2025-05-31 11:06:34,914] {processor.py:654} INFO - DAG(s) dict_keys(['latest_only']) retrieved from /home/airflow/.local/lib/python3.6/site-packages/airflow/example_dags/example_latest_only.py
[2025-05-31 11:06:34,971] {logging_mixin.py:109} INFO - [2025-05-31 11:06:34,970] {dag.py:2396} INFO - Sync 1 DAGs
[2025-05-31 11:06:35,024] {logging_mixin.py:109} INFO - [2025-05-31 11:06:35,024] {dag.py:2935} INFO - Setting next_dagrun for latest_only to 2025-05-31T07:06:35.023854+00:00
[2025-05-31 11:06:35,051] {processor.py:171} INFO - Processing /home/airflow/.local/lib/python3.6/site-packages/airflow/example_dags/example_latest_only.py took 0.236 seconds
[2025-05-31 11:07:05,291] {processor.py:163} INFO - Started process (PID=7778) to work on /home/airflow/.local/lib/python3.6/site-packages/airflow/example_dags/example_latest_only.py
[2025-05-31 11:07:05,293] {processor.py:642} INFO - Processing file /home/airflow/.local/lib/python3.6/site-packages/airflow/example_dags/example_latest_only.py for tasks to queue
[2025-05-31 11:07:05,294] {logging_mixin.py:109} INFO - [2025-05-31 11:07:05,294] {dagbag.py:500} INFO - Filling up the DagBag from /home/airflow/.local/lib/python3.6/site-packages/airflow/example_dags/example_latest_only.py
[2025-05-31 11:07:05,325] {processor.py:654} INFO - DAG(s) dict_keys(['latest_only']) retrieved from /home/airflow/.local/lib/python3.6/site-packages/airflow/example_dags/example_latest_only.py
[2025-05-31 11:07:05,339] {logging_mixin.py:109} INFO - [2025-05-31 11:07:05,339] {dag.py:2396} INFO - Sync 1 DAGs
[2025-05-31 11:07:05,365] {logging_mixin.py:109} INFO - [2025-05-31 11:07:05,365] {dag.py:2935} INFO - Setting next_dagrun for latest_only to 2025-05-31T07:07:05.365439+00:00
[2025-05-31 11:07:05,377] {processor.py:171} INFO - Processing /home/airflow/.local/lib/python3.6/site-packages/airflow/example_dags/example_latest_only.py took 0.090 seconds
[2025-05-31 11:07:36,217] {processor.py:163} INFO - Started process (PID=7961) to work on /home/airflow/.local/lib/python3.6/site-packages/airflow/example_dags/example_latest_only.py
[2025-05-31 11:07:36,219] {processor.py:642} INFO - Processing file /home/airflow/.local/lib/python3.6/site-packages/airflow/example_dags/example_latest_only.py for tasks to queue
[2025-05-31 11:07:36,220] {logging_mixin.py:109} INFO - [2025-05-31 11:07:36,220] {dagbag.py:500} INFO - Filling up the DagBag from /home/airflow/.local/lib/python3.6/site-packages/airflow/example_dags/example_latest_only.py
[2025-05-31 11:07:36,265] {processor.py:654} INFO - DAG(s) dict_keys(['latest_only']) retrieved from /home/airflow/.local/lib/python3.6/site-packages/airflow/example_dags/example_latest_only.py
[2025-05-31 11:07:36,282] {logging_mixin.py:109} INFO - [2025-05-31 11:07:36,282] {dag.py:2396} INFO - Sync 1 DAGs
[2025-05-31 11:07:36,315] {logging_mixin.py:109} INFO - [2025-05-31 11:07:36,315] {dag.py:2935} INFO - Setting next_dagrun for latest_only to 2025-05-31T07:07:36.314872+00:00
[2025-05-31 11:07:36,330] {processor.py:171} INFO - Processing /home/airflow/.local/lib/python3.6/site-packages/airflow/example_dags/example_latest_only.py took 0.117 seconds
[2025-05-31 11:08:06,797] {processor.py:163} INFO - Started process (PID=8151) to work on /home/airflow/.local/lib/python3.6/site-packages/airflow/example_dags/example_latest_only.py
[2025-05-31 11:08:06,799] {processor.py:642} INFO - Processing file /home/airflow/.local/lib/python3.6/site-packages/airflow/example_dags/example_latest_only.py for tasks to queue
[2025-05-31 11:08:06,800] {logging_mixin.py:109} INFO - [2025-05-31 11:08:06,800] {dagbag.py:500} INFO - Filling up the DagBag from /home/airflow/.local/lib/python3.6/site-packages/airflow/example_dags/example_latest_only.py
[2025-05-31 11:08:06,833] {processor.py:654} INFO - DAG(s) dict_keys(['latest_only']) retrieved from /home/airflow/.local/lib/python3.6/site-packages/airflow/example_dags/example_latest_only.py
[2025-05-31 11:08:06,845] {logging_mixin.py:109} INFO - [2025-05-31 11:08:06,845] {dag.py:2396} INFO - Sync 1 DAGs
[2025-05-31 11:08:06,870] {logging_mixin.py:109} INFO - [2025-05-31 11:08:06,870] {dag.py:2935} INFO - Setting next_dagrun for latest_only to 2025-05-31T07:08:06.870189+00:00
[2025-05-31 11:08:06,882] {processor.py:171} INFO - Processing /home/airflow/.local/lib/python3.6/site-packages/airflow/example_dags/example_latest_only.py took 0.090 seconds
[2025-05-31 11:08:37,092] {processor.py:163} INFO - Started process (PID=8326) to work on /home/airflow/.local/lib/python3.6/site-packages/airflow/example_dags/example_latest_only.py
[2025-05-31 11:08:37,094] {processor.py:642} INFO - Processing file /home/airflow/.local/lib/python3.6/site-packages/airflow/example_dags/example_latest_only.py for tasks to queue
[2025-05-31 11:08:37,096] {logging_mixin.py:109} INFO - [2025-05-31 11:08:37,096] {dagbag.py:500} INFO - Filling up the DagBag from /home/airflow/.local/lib/python3.6/site-packages/airflow/example_dags/example_latest_only.py
[2025-05-31 11:08:37,142] {processor.py:654} INFO - DAG(s) dict_keys(['latest_only']) retrieved from /home/airflow/.local/lib/python3.6/site-packages/airflow/example_dags/example_latest_only.py
[2025-05-31 11:08:37,161] {logging_mixin.py:109} INFO - [2025-05-31 11:08:37,161] {dag.py:2396} INFO - Sync 1 DAGs
[2025-05-31 11:08:37,193] {logging_mixin.py:109} INFO - [2025-05-31 11:08:37,193] {dag.py:2935} INFO - Setting next_dagrun for latest_only to 2025-05-31T07:08:37.193144+00:00
[2025-05-31 11:08:37,209] {processor.py:171} INFO - Processing /home/airflow/.local/lib/python3.6/site-packages/airflow/example_dags/example_latest_only.py took 0.124 seconds
[2025-05-31 11:09:08,055] {processor.py:163} INFO - Started process (PID=8516) to work on /home/airflow/.local/lib/python3.6/site-packages/airflow/example_dags/example_latest_only.py
[2025-05-31 11:09:08,057] {processor.py:642} INFO - Processing file /home/airflow/.local/lib/python3.6/site-packages/airflow/example_dags/example_latest_only.py for tasks to queue
[2025-05-31 11:09:08,058] {logging_mixin.py:109} INFO - [2025-05-31 11:09:08,058] {dagbag.py:500} INFO - Filling up the DagBag from /home/airflow/.local/lib/python3.6/site-packages/airflow/example_dags/example_latest_only.py
[2025-05-31 11:09:08,094] {processor.py:654} INFO - DAG(s) dict_keys(['latest_only']) retrieved from /home/airflow/.local/lib/python3.6/site-packages/airflow/example_dags/example_latest_only.py
[2025-05-31 11:09:08,109] {logging_mixin.py:109} INFO - [2025-05-31 11:09:08,108] {dag.py:2396} INFO - Sync 1 DAGs
[2025-05-31 11:09:08,139] {logging_mixin.py:109} INFO - [2025-05-31 11:09:08,139] {dag.py:2935} INFO - Setting next_dagrun for latest_only to 2025-05-31T07:09:08.138488+00:00
[2025-05-31 11:09:08,155] {processor.py:171} INFO - Processing /home/airflow/.local/lib/python3.6/site-packages/airflow/example_dags/example_latest_only.py took 0.105 seconds
[2025-05-31 11:09:39,044] {processor.py:163} INFO - Started process (PID=8695) to work on /home/airflow/.local/lib/python3.6/site-packages/airflow/example_dags/example_latest_only.py
[2025-05-31 11:09:39,046] {processor.py:642} INFO - Processing file /home/airflow/.local/lib/python3.6/site-packages/airflow/example_dags/example_latest_only.py for tasks to queue
[2025-05-31 11:09:39,047] {logging_mixin.py:109} INFO - [2025-05-31 11:09:39,047] {dagbag.py:500} INFO - Filling up the DagBag from /home/airflow/.local/lib/python3.6/site-packages/airflow/example_dags/example_latest_only.py
[2025-05-31 11:09:39,081] {processor.py:654} INFO - DAG(s) dict_keys(['latest_only']) retrieved from /home/airflow/.local/lib/python3.6/site-packages/airflow/example_dags/example_latest_only.py
[2025-05-31 11:09:39,095] {logging_mixin.py:109} INFO - [2025-05-31 11:09:39,095] {dag.py:2396} INFO - Sync 1 DAGs
[2025-05-31 11:09:39,119] {logging_mixin.py:109} INFO - [2025-05-31 11:09:39,119] {dag.py:2935} INFO - Setting next_dagrun for latest_only to 2025-05-31T07:09:39.119371+00:00
[2025-05-31 11:09:39,136] {processor.py:171} INFO - Processing /home/airflow/.local/lib/python3.6/site-packages/airflow/example_dags/example_latest_only.py took 0.096 seconds
[2025-05-31 11:10:09,929] {processor.py:163} INFO - Started process (PID=8875) to work on /home/airflow/.local/lib/python3.6/site-packages/airflow/example_dags/example_latest_only.py
[2025-05-31 11:10:09,930] {processor.py:642} INFO - Processing file /home/airflow/.local/lib/python3.6/site-packages/airflow/example_dags/example_latest_only.py for tasks to queue
[2025-05-31 11:10:09,932] {logging_mixin.py:109} INFO - [2025-05-31 11:10:09,932] {dagbag.py:500} INFO - Filling up the DagBag from /home/airflow/.local/lib/python3.6/site-packages/airflow/example_dags/example_latest_only.py
[2025-05-31 11:10:09,971] {processor.py:654} INFO - DAG(s) dict_keys(['latest_only']) retrieved from /home/airflow/.local/lib/python3.6/site-packages/airflow/example_dags/example_latest_only.py
[2025-05-31 11:10:09,987] {logging_mixin.py:109} INFO - [2025-05-31 11:10:09,987] {dag.py:2396} INFO - Sync 1 DAGs
[2025-05-31 11:10:10,017] {logging_mixin.py:109} INFO - [2025-05-31 11:10:10,017] {dag.py:2935} INFO - Setting next_dagrun for latest_only to 2025-05-31T07:10:10.016906+00:00
[2025-05-31 11:10:10,033] {processor.py:171} INFO - Processing /home/airflow/.local/lib/python3.6/site-packages/airflow/example_dags/example_latest_only.py took 0.109 seconds
[2025-05-31 11:10:41,209] {processor.py:163} INFO - Started process (PID=9065) to work on /home/airflow/.local/lib/python3.6/site-packages/airflow/example_dags/example_latest_only.py
[2025-05-31 11:10:41,211] {processor.py:642} INFO - Processing file /home/airflow/.local/lib/python3.6/site-packages/airflow/example_dags/example_latest_only.py for tasks to queue
[2025-05-31 11:10:41,212] {logging_mixin.py:109} INFO - [2025-05-31 11:10:41,212] {dagbag.py:500} INFO - Filling up the DagBag from /home/airflow/.local/lib/python3.6/site-packages/airflow/example_dags/example_latest_only.py
[2025-05-31 11:10:41,274] {processor.py:654} INFO - DAG(s) dict_keys(['latest_only']) retrieved from /home/airflow/.local/lib/python3.6/site-packages/airflow/example_dags/example_latest_only.py
[2025-05-31 11:10:41,297] {logging_mixin.py:109} INFO - [2025-05-31 11:10:41,296] {dag.py:2396} INFO - Sync 1 DAGs
[2025-05-31 11:10:41,332] {logging_mixin.py:109} INFO - [2025-05-31 11:10:41,332] {dag.py:2935} INFO - Setting next_dagrun for latest_only to 2025-05-31T07:10:41.331705+00:00
[2025-05-31 11:10:41,349] {processor.py:171} INFO - Processing /home/airflow/.local/lib/python3.6/site-packages/airflow/example_dags/example_latest_only.py took 0.147 seconds
[2025-05-31 11:11:13,055] {processor.py:163} INFO - Started process (PID=9250) to work on /home/airflow/.local/lib/python3.6/site-packages/airflow/example_dags/example_latest_only.py
[2025-05-31 11:11:13,057] {processor.py:642} INFO - Processing file /home/airflow/.local/lib/python3.6/site-packages/airflow/example_dags/example_latest_only.py for tasks to queue
[2025-05-31 11:11:13,060] {logging_mixin.py:109} INFO - [2025-05-31 11:11:13,059] {dagbag.py:500} INFO - Filling up the DagBag from /home/airflow/.local/lib/python3.6/site-packages/airflow/example_dags/example_latest_only.py
[2025-05-31 11:11:13,104] {processor.py:654} INFO - DAG(s) dict_keys(['latest_only']) retrieved from /home/airflow/.local/lib/python3.6/site-packages/airflow/example_dags/example_latest_only.py
[2025-05-31 11:11:13,123] {logging_mixin.py:109} INFO - [2025-05-31 11:11:13,123] {dag.py:2396} INFO - Sync 1 DAGs
[2025-05-31 11:11:13,159] {logging_mixin.py:109} INFO - [2025-05-31 11:11:13,159] {dag.py:2935} INFO - Setting next_dagrun for latest_only to 2025-05-31T07:11:13.158820+00:00
[2025-05-31 11:11:13,282] {processor.py:171} INFO - Processing /home/airflow/.local/lib/python3.6/site-packages/airflow/example_dags/example_latest_only.py took 0.234 seconds
[2025-05-31 11:11:43,992] {processor.py:163} INFO - Started process (PID=9430) to work on /home/airflow/.local/lib/python3.6/site-packages/airflow/example_dags/example_latest_only.py
[2025-05-31 11:11:43,993] {processor.py:642} INFO - Processing file /home/airflow/.local/lib/python3.6/site-packages/airflow/example_dags/example_latest_only.py for tasks to queue
[2025-05-31 11:11:43,994] {logging_mixin.py:109} INFO - [2025-05-31 11:11:43,994] {dagbag.py:500} INFO - Filling up the DagBag from /home/airflow/.local/lib/python3.6/site-packages/airflow/example_dags/example_latest_only.py
[2025-05-31 11:11:44,029] {processor.py:654} INFO - DAG(s) dict_keys(['latest_only']) retrieved from /home/airflow/.local/lib/python3.6/site-packages/airflow/example_dags/example_latest_only.py
[2025-05-31 11:11:44,053] {logging_mixin.py:109} INFO - [2025-05-31 11:11:44,053] {dag.py:2396} INFO - Sync 1 DAGs
[2025-05-31 11:11:44,164] {logging_mixin.py:109} INFO - [2025-05-31 11:11:44,164] {dag.py:2935} INFO - Setting next_dagrun for latest_only to 2025-05-31T07:11:44.163761+00:00
[2025-05-31 11:11:44,176] {processor.py:171} INFO - Processing /home/airflow/.local/lib/python3.6/site-packages/airflow/example_dags/example_latest_only.py took 0.189 seconds
[2025-05-31 11:12:15,084] {processor.py:163} INFO - Started process (PID=9610) to work on /home/airflow/.local/lib/python3.6/site-packages/airflow/example_dags/example_latest_only.py
[2025-05-31 11:12:15,086] {processor.py:642} INFO - Processing file /home/airflow/.local/lib/python3.6/site-packages/airflow/example_dags/example_latest_only.py for tasks to queue
[2025-05-31 11:12:15,087] {logging_mixin.py:109} INFO - [2025-05-31 11:12:15,086] {dagbag.py:500} INFO - Filling up the DagBag from /home/airflow/.local/lib/python3.6/site-packages/airflow/example_dags/example_latest_only.py
[2025-05-31 11:12:15,117] {processor.py:654} INFO - DAG(s) dict_keys(['latest_only']) retrieved from /home/airflow/.local/lib/python3.6/site-packages/airflow/example_dags/example_latest_only.py
[2025-05-31 11:12:15,131] {logging_mixin.py:109} INFO - [2025-05-31 11:12:15,131] {dag.py:2396} INFO - Sync 1 DAGs
[2025-05-31 11:12:15,245] {logging_mixin.py:109} INFO - [2025-05-31 11:12:15,245] {dag.py:2935} INFO - Setting next_dagrun for latest_only to 2025-05-31T07:12:15.244801+00:00
[2025-05-31 11:12:15,257] {processor.py:171} INFO - Processing /home/airflow/.local/lib/python3.6/site-packages/airflow/example_dags/example_latest_only.py took 0.178 seconds
[2025-05-31 11:12:46,393] {processor.py:163} INFO - Started process (PID=9795) to work on /home/airflow/.local/lib/python3.6/site-packages/airflow/example_dags/example_latest_only.py
[2025-05-31 11:12:46,395] {processor.py:642} INFO - Processing file /home/airflow/.local/lib/python3.6/site-packages/airflow/example_dags/example_latest_only.py for tasks to queue
[2025-05-31 11:12:46,397] {logging_mixin.py:109} INFO - [2025-05-31 11:12:46,397] {dagbag.py:500} INFO - Filling up the DagBag from /home/airflow/.local/lib/python3.6/site-packages/airflow/example_dags/example_latest_only.py
[2025-05-31 11:12:46,432] {processor.py:654} INFO - DAG(s) dict_keys(['latest_only']) retrieved from /home/airflow/.local/lib/python3.6/site-packages/airflow/example_dags/example_latest_only.py
[2025-05-31 11:12:46,449] {logging_mixin.py:109} INFO - [2025-05-31 11:12:46,449] {dag.py:2396} INFO - Sync 1 DAGs
[2025-05-31 11:12:46,581] {logging_mixin.py:109} INFO - [2025-05-31 11:12:46,580] {dag.py:2935} INFO - Setting next_dagrun for latest_only to 2025-05-31T07:12:46.580400+00:00
[2025-05-31 11:12:46,600] {processor.py:171} INFO - Processing /home/airflow/.local/lib/python3.6/site-packages/airflow/example_dags/example_latest_only.py took 0.213 seconds
[2025-05-31 11:13:17,421] {processor.py:163} INFO - Started process (PID=9975) to work on /home/airflow/.local/lib/python3.6/site-packages/airflow/example_dags/example_latest_only.py
[2025-05-31 11:13:17,424] {processor.py:642} INFO - Processing file /home/airflow/.local/lib/python3.6/site-packages/airflow/example_dags/example_latest_only.py for tasks to queue
[2025-05-31 11:13:17,425] {logging_mixin.py:109} INFO - [2025-05-31 11:13:17,425] {dagbag.py:500} INFO - Filling up the DagBag from /home/airflow/.local/lib/python3.6/site-packages/airflow/example_dags/example_latest_only.py
[2025-05-31 11:13:17,470] {processor.py:654} INFO - DAG(s) dict_keys(['latest_only']) retrieved from /home/airflow/.local/lib/python3.6/site-packages/airflow/example_dags/example_latest_only.py
[2025-05-31 11:13:17,595] {logging_mixin.py:109} INFO - [2025-05-31 11:13:17,595] {dag.py:2396} INFO - Sync 1 DAGs
[2025-05-31 11:13:17,634] {logging_mixin.py:109} INFO - [2025-05-31 11:13:17,633] {dag.py:2935} INFO - Setting next_dagrun for latest_only to 2025-05-31T07:13:17.633513+00:00
[2025-05-31 11:13:17,654] {processor.py:171} INFO - Processing /home/airflow/.local/lib/python3.6/site-packages/airflow/example_dags/example_latest_only.py took 0.238 seconds
[2025-05-31 11:13:48,716] {processor.py:163} INFO - Started process (PID=10180) to work on /home/airflow/.local/lib/python3.6/site-packages/airflow/example_dags/example_latest_only.py
[2025-05-31 11:13:48,719] {processor.py:642} INFO - Processing file /home/airflow/.local/lib/python3.6/site-packages/airflow/example_dags/example_latest_only.py for tasks to queue
[2025-05-31 11:13:48,720] {logging_mixin.py:109} INFO - [2025-05-31 11:13:48,720] {dagbag.py:500} INFO - Filling up the DagBag from /home/airflow/.local/lib/python3.6/site-packages/airflow/example_dags/example_latest_only.py
[2025-05-31 11:13:48,765] {processor.py:654} INFO - DAG(s) dict_keys(['latest_only']) retrieved from /home/airflow/.local/lib/python3.6/site-packages/airflow/example_dags/example_latest_only.py
[2025-05-31 11:13:48,889] {logging_mixin.py:109} INFO - [2025-05-31 11:13:48,889] {dag.py:2396} INFO - Sync 1 DAGs
[2025-05-31 11:13:48,911] {logging_mixin.py:109} INFO - [2025-05-31 11:13:48,911] {dag.py:2935} INFO - Setting next_dagrun for latest_only to 2025-05-31T07:13:48.910968+00:00
[2025-05-31 11:13:48,924] {processor.py:171} INFO - Processing /home/airflow/.local/lib/python3.6/site-packages/airflow/example_dags/example_latest_only.py took 0.213 seconds
[2025-05-31 11:14:19,825] {processor.py:163} INFO - Started process (PID=10360) to work on /home/airflow/.local/lib/python3.6/site-packages/airflow/example_dags/example_latest_only.py
[2025-05-31 11:14:19,827] {processor.py:642} INFO - Processing file /home/airflow/.local/lib/python3.6/site-packages/airflow/example_dags/example_latest_only.py for tasks to queue
[2025-05-31 11:14:19,828] {logging_mixin.py:109} INFO - [2025-05-31 11:14:19,828] {dagbag.py:500} INFO - Filling up the DagBag from /home/airflow/.local/lib/python3.6/site-packages/airflow/example_dags/example_latest_only.py
[2025-05-31 11:14:19,955] {processor.py:654} INFO - DAG(s) dict_keys(['latest_only']) retrieved from /home/airflow/.local/lib/python3.6/site-packages/airflow/example_dags/example_latest_only.py
[2025-05-31 11:14:19,968] {logging_mixin.py:109} INFO - [2025-05-31 11:14:19,968] {dag.py:2396} INFO - Sync 1 DAGs
[2025-05-31 11:14:19,987] {logging_mixin.py:109} INFO - [2025-05-31 11:14:19,987] {dag.py:2935} INFO - Setting next_dagrun for latest_only to 2025-05-31T07:14:19.987309+00:00
[2025-05-31 11:14:20,000] {processor.py:171} INFO - Processing /home/airflow/.local/lib/python3.6/site-packages/airflow/example_dags/example_latest_only.py took 0.180 seconds
[2025-05-31 11:14:50,751] {processor.py:163} INFO - Started process (PID=10535) to work on /home/airflow/.local/lib/python3.6/site-packages/airflow/example_dags/example_latest_only.py
[2025-05-31 11:14:50,753] {processor.py:642} INFO - Processing file /home/airflow/.local/lib/python3.6/site-packages/airflow/example_dags/example_latest_only.py for tasks to queue
[2025-05-31 11:14:50,754] {logging_mixin.py:109} INFO - [2025-05-31 11:14:50,754] {dagbag.py:500} INFO - Filling up the DagBag from /home/airflow/.local/lib/python3.6/site-packages/airflow/example_dags/example_latest_only.py
[2025-05-31 11:14:50,885] {processor.py:654} INFO - DAG(s) dict_keys(['latest_only']) retrieved from /home/airflow/.local/lib/python3.6/site-packages/airflow/example_dags/example_latest_only.py
[2025-05-31 11:14:50,899] {logging_mixin.py:109} INFO - [2025-05-31 11:14:50,898] {dag.py:2396} INFO - Sync 1 DAGs
[2025-05-31 11:14:50,920] {logging_mixin.py:109} INFO - [2025-05-31 11:14:50,920] {dag.py:2935} INFO - Setting next_dagrun for latest_only to 2025-05-31T07:14:50.920135+00:00
[2025-05-31 11:14:50,935] {processor.py:171} INFO - Processing /home/airflow/.local/lib/python3.6/site-packages/airflow/example_dags/example_latest_only.py took 0.190 seconds
[2025-05-31 11:15:22,758] {processor.py:163} INFO - Started process (PID=10729) to work on /home/airflow/.local/lib/python3.6/site-packages/airflow/example_dags/example_latest_only.py
[2025-05-31 11:15:22,760] {processor.py:642} INFO - Processing file /home/airflow/.local/lib/python3.6/site-packages/airflow/example_dags/example_latest_only.py for tasks to queue
[2025-05-31 11:15:22,761] {logging_mixin.py:109} INFO - [2025-05-31 11:15:22,761] {dagbag.py:500} INFO - Filling up the DagBag from /home/airflow/.local/lib/python3.6/site-packages/airflow/example_dags/example_latest_only.py
[2025-05-31 11:15:22,903] {processor.py:654} INFO - DAG(s) dict_keys(['latest_only']) retrieved from /home/airflow/.local/lib/python3.6/site-packages/airflow/example_dags/example_latest_only.py
[2025-05-31 11:15:22,918] {logging_mixin.py:109} INFO - [2025-05-31 11:15:22,918] {dag.py:2396} INFO - Sync 1 DAGs
[2025-05-31 11:15:22,945] {logging_mixin.py:109} INFO - [2025-05-31 11:15:22,944] {dag.py:2935} INFO - Setting next_dagrun for latest_only to 2025-05-31T07:15:22.944368+00:00
[2025-05-31 11:15:22,986] {processor.py:171} INFO - Processing /home/airflow/.local/lib/python3.6/site-packages/airflow/example_dags/example_latest_only.py took 0.233 seconds
[2025-05-31 11:15:53,748] {processor.py:163} INFO - Started process (PID=10924) to work on /home/airflow/.local/lib/python3.6/site-packages/airflow/example_dags/example_latest_only.py
[2025-05-31 11:15:53,750] {processor.py:642} INFO - Processing file /home/airflow/.local/lib/python3.6/site-packages/airflow/example_dags/example_latest_only.py for tasks to queue
[2025-05-31 11:15:53,751] {logging_mixin.py:109} INFO - [2025-05-31 11:15:53,751] {dagbag.py:500} INFO - Filling up the DagBag from /home/airflow/.local/lib/python3.6/site-packages/airflow/example_dags/example_latest_only.py
[2025-05-31 11:15:53,788] {processor.py:654} INFO - DAG(s) dict_keys(['latest_only']) retrieved from /home/airflow/.local/lib/python3.6/site-packages/airflow/example_dags/example_latest_only.py
[2025-05-31 11:15:53,803] {logging_mixin.py:109} INFO - [2025-05-31 11:15:53,803] {dag.py:2396} INFO - Sync 1 DAGs
[2025-05-31 11:15:53,829] {logging_mixin.py:109} INFO - [2025-05-31 11:15:53,829] {dag.py:2935} INFO - Setting next_dagrun for latest_only to 2025-05-31T07:15:53.829268+00:00
[2025-05-31 11:15:53,846] {processor.py:171} INFO - Processing /home/airflow/.local/lib/python3.6/site-packages/airflow/example_dags/example_latest_only.py took 0.104 seconds
[2025-05-31 11:16:25,205] {processor.py:163} INFO - Started process (PID=11141) to work on /home/airflow/.local/lib/python3.6/site-packages/airflow/example_dags/example_latest_only.py
[2025-05-31 11:16:25,207] {processor.py:642} INFO - Processing file /home/airflow/.local/lib/python3.6/site-packages/airflow/example_dags/example_latest_only.py for tasks to queue
[2025-05-31 11:16:25,208] {logging_mixin.py:109} INFO - [2025-05-31 11:16:25,208] {dagbag.py:500} INFO - Filling up the DagBag from /home/airflow/.local/lib/python3.6/site-packages/airflow/example_dags/example_latest_only.py
[2025-05-31 11:16:25,244] {processor.py:654} INFO - DAG(s) dict_keys(['latest_only']) retrieved from /home/airflow/.local/lib/python3.6/site-packages/airflow/example_dags/example_latest_only.py
[2025-05-31 11:16:25,258] {logging_mixin.py:109} INFO - [2025-05-31 11:16:25,258] {dag.py:2396} INFO - Sync 1 DAGs
[2025-05-31 11:16:25,283] {logging_mixin.py:109} INFO - [2025-05-31 11:16:25,283] {dag.py:2935} INFO - Setting next_dagrun for latest_only to 2025-05-31T07:16:25.282852+00:00
[2025-05-31 11:16:25,297] {processor.py:171} INFO - Processing /home/airflow/.local/lib/python3.6/site-packages/airflow/example_dags/example_latest_only.py took 0.096 seconds
[2025-05-31 11:16:56,309] {processor.py:163} INFO - Started process (PID=11336) to work on /home/airflow/.local/lib/python3.6/site-packages/airflow/example_dags/example_latest_only.py
[2025-05-31 11:16:56,311] {processor.py:642} INFO - Processing file /home/airflow/.local/lib/python3.6/site-packages/airflow/example_dags/example_latest_only.py for tasks to queue
[2025-05-31 11:16:56,312] {logging_mixin.py:109} INFO - [2025-05-31 11:16:56,312] {dagbag.py:500} INFO - Filling up the DagBag from /home/airflow/.local/lib/python3.6/site-packages/airflow/example_dags/example_latest_only.py
[2025-05-31 11:16:56,350] {processor.py:654} INFO - DAG(s) dict_keys(['latest_only']) retrieved from /home/airflow/.local/lib/python3.6/site-packages/airflow/example_dags/example_latest_only.py
[2025-05-31 11:16:56,367] {logging_mixin.py:109} INFO - [2025-05-31 11:16:56,367] {dag.py:2396} INFO - Sync 1 DAGs
[2025-05-31 11:16:56,395] {logging_mixin.py:109} INFO - [2025-05-31 11:16:56,395] {dag.py:2935} INFO - Setting next_dagrun for latest_only to 2025-05-31T07:16:56.394784+00:00
[2025-05-31 11:16:56,408] {processor.py:171} INFO - Processing /home/airflow/.local/lib/python3.6/site-packages/airflow/example_dags/example_latest_only.py took 0.104 seconds
[2025-05-31 11:17:26,718] {processor.py:163} INFO - Started process (PID=11521) to work on /home/airflow/.local/lib/python3.6/site-packages/airflow/example_dags/example_latest_only.py
[2025-05-31 11:17:26,720] {processor.py:642} INFO - Processing file /home/airflow/.local/lib/python3.6/site-packages/airflow/example_dags/example_latest_only.py for tasks to queue
[2025-05-31 11:17:26,721] {logging_mixin.py:109} INFO - [2025-05-31 11:17:26,721] {dagbag.py:500} INFO - Filling up the DagBag from /home/airflow/.local/lib/python3.6/site-packages/airflow/example_dags/example_latest_only.py
[2025-05-31 11:17:26,753] {processor.py:654} INFO - DAG(s) dict_keys(['latest_only']) retrieved from /home/airflow/.local/lib/python3.6/site-packages/airflow/example_dags/example_latest_only.py
[2025-05-31 11:17:26,766] {logging_mixin.py:109} INFO - [2025-05-31 11:17:26,766] {dag.py:2396} INFO - Sync 1 DAGs
[2025-05-31 11:17:26,791] {logging_mixin.py:109} INFO - [2025-05-31 11:17:26,791] {dag.py:2935} INFO - Setting next_dagrun for latest_only to 2025-05-31T07:17:26.790823+00:00
[2025-05-31 11:17:26,804] {processor.py:171} INFO - Processing /home/airflow/.local/lib/python3.6/site-packages/airflow/example_dags/example_latest_only.py took 0.090 seconds
[2025-05-31 11:17:57,459] {processor.py:163} INFO - Started process (PID=11704) to work on /home/airflow/.local/lib/python3.6/site-packages/airflow/example_dags/example_latest_only.py
[2025-05-31 11:17:57,461] {processor.py:642} INFO - Processing file /home/airflow/.local/lib/python3.6/site-packages/airflow/example_dags/example_latest_only.py for tasks to queue
[2025-05-31 11:17:57,463] {logging_mixin.py:109} INFO - [2025-05-31 11:17:57,463] {dagbag.py:500} INFO - Filling up the DagBag from /home/airflow/.local/lib/python3.6/site-packages/airflow/example_dags/example_latest_only.py
[2025-05-31 11:17:57,505] {processor.py:654} INFO - DAG(s) dict_keys(['latest_only']) retrieved from /home/airflow/.local/lib/python3.6/site-packages/airflow/example_dags/example_latest_only.py
[2025-05-31 11:17:57,521] {logging_mixin.py:109} INFO - [2025-05-31 11:17:57,521] {dag.py:2396} INFO - Sync 1 DAGs
[2025-05-31 11:17:57,555] {logging_mixin.py:109} INFO - [2025-05-31 11:17:57,555] {dag.py:2935} INFO - Setting next_dagrun for latest_only to 2025-05-31T07:17:57.555104+00:00
[2025-05-31 11:17:57,573] {processor.py:171} INFO - Processing /home/airflow/.local/lib/python3.6/site-packages/airflow/example_dags/example_latest_only.py took 0.120 seconds
[2025-05-31 11:18:28,041] {processor.py:163} INFO - Started process (PID=11899) to work on /home/airflow/.local/lib/python3.6/site-packages/airflow/example_dags/example_latest_only.py
[2025-05-31 11:18:28,043] {processor.py:642} INFO - Processing file /home/airflow/.local/lib/python3.6/site-packages/airflow/example_dags/example_latest_only.py for tasks to queue
[2025-05-31 11:18:28,045] {logging_mixin.py:109} INFO - [2025-05-31 11:18:28,045] {dagbag.py:500} INFO - Filling up the DagBag from /home/airflow/.local/lib/python3.6/site-packages/airflow/example_dags/example_latest_only.py
[2025-05-31 11:18:28,086] {processor.py:654} INFO - DAG(s) dict_keys(['latest_only']) retrieved from /home/airflow/.local/lib/python3.6/site-packages/airflow/example_dags/example_latest_only.py
[2025-05-31 11:18:28,101] {logging_mixin.py:109} INFO - [2025-05-31 11:18:28,101] {dag.py:2396} INFO - Sync 1 DAGs
[2025-05-31 11:18:28,134] {logging_mixin.py:109} INFO - [2025-05-31 11:18:28,134] {dag.py:2935} INFO - Setting next_dagrun for latest_only to 2025-05-31T07:18:28.133635+00:00
[2025-05-31 11:18:28,151] {processor.py:171} INFO - Processing /home/airflow/.local/lib/python3.6/site-packages/airflow/example_dags/example_latest_only.py took 0.116 seconds
[2025-05-31 11:18:59,648] {processor.py:163} INFO - Started process (PID=12086) to work on /home/airflow/.local/lib/python3.6/site-packages/airflow/example_dags/example_latest_only.py
[2025-05-31 11:18:59,650] {processor.py:642} INFO - Processing file /home/airflow/.local/lib/python3.6/site-packages/airflow/example_dags/example_latest_only.py for tasks to queue
[2025-05-31 11:18:59,652] {logging_mixin.py:109} INFO - [2025-05-31 11:18:59,652] {dagbag.py:500} INFO - Filling up the DagBag from /home/airflow/.local/lib/python3.6/site-packages/airflow/example_dags/example_latest_only.py
[2025-05-31 11:18:59,696] {processor.py:654} INFO - DAG(s) dict_keys(['latest_only']) retrieved from /home/airflow/.local/lib/python3.6/site-packages/airflow/example_dags/example_latest_only.py
[2025-05-31 11:18:59,713] {logging_mixin.py:109} INFO - [2025-05-31 11:18:59,713] {dag.py:2396} INFO - Sync 1 DAGs
[2025-05-31 11:18:59,744] {logging_mixin.py:109} INFO - [2025-05-31 11:18:59,744] {dag.py:2935} INFO - Setting next_dagrun for latest_only to 2025-05-31T07:18:59.744214+00:00
[2025-05-31 11:18:59,758] {processor.py:171} INFO - Processing /home/airflow/.local/lib/python3.6/site-packages/airflow/example_dags/example_latest_only.py took 0.116 seconds
[2025-05-31 11:19:30,084] {processor.py:163} INFO - Started process (PID=12269) to work on /home/airflow/.local/lib/python3.6/site-packages/airflow/example_dags/example_latest_only.py
[2025-05-31 11:19:30,086] {processor.py:642} INFO - Processing file /home/airflow/.local/lib/python3.6/site-packages/airflow/example_dags/example_latest_only.py for tasks to queue
[2025-05-31 11:19:30,087] {logging_mixin.py:109} INFO - [2025-05-31 11:19:30,087] {dagbag.py:500} INFO - Filling up the DagBag from /home/airflow/.local/lib/python3.6/site-packages/airflow/example_dags/example_latest_only.py
[2025-05-31 11:19:30,128] {processor.py:654} INFO - DAG(s) dict_keys(['latest_only']) retrieved from /home/airflow/.local/lib/python3.6/site-packages/airflow/example_dags/example_latest_only.py
[2025-05-31 11:19:30,145] {logging_mixin.py:109} INFO - [2025-05-31 11:19:30,145] {dag.py:2396} INFO - Sync 1 DAGs
[2025-05-31 11:19:30,174] {logging_mixin.py:109} INFO - [2025-05-31 11:19:30,174] {dag.py:2935} INFO - Setting next_dagrun for latest_only to 2025-05-31T07:19:30.174234+00:00
[2025-05-31 11:19:30,189] {processor.py:171} INFO - Processing /home/airflow/.local/lib/python3.6/site-packages/airflow/example_dags/example_latest_only.py took 0.110 seconds
[2025-05-31 11:20:01,007] {processor.py:163} INFO - Started process (PID=12464) to work on /home/airflow/.local/lib/python3.6/site-packages/airflow/example_dags/example_latest_only.py
[2025-05-31 11:20:01,009] {processor.py:642} INFO - Processing file /home/airflow/.local/lib/python3.6/site-packages/airflow/example_dags/example_latest_only.py for tasks to queue
[2025-05-31 11:20:01,011] {logging_mixin.py:109} INFO - [2025-05-31 11:20:01,010] {dagbag.py:500} INFO - Filling up the DagBag from /home/airflow/.local/lib/python3.6/site-packages/airflow/example_dags/example_latest_only.py
[2025-05-31 11:20:01,049] {processor.py:654} INFO - DAG(s) dict_keys(['latest_only']) retrieved from /home/airflow/.local/lib/python3.6/site-packages/airflow/example_dags/example_latest_only.py
[2025-05-31 11:20:01,069] {logging_mixin.py:109} INFO - [2025-05-31 11:20:01,069] {dag.py:2396} INFO - Sync 1 DAGs
[2025-05-31 11:20:01,096] {logging_mixin.py:109} INFO - [2025-05-31 11:20:01,096] {dag.py:2935} INFO - Setting next_dagrun for latest_only to 2025-05-31T07:20:01.096134+00:00
[2025-05-31 11:20:01,112] {processor.py:171} INFO - Processing /home/airflow/.local/lib/python3.6/site-packages/airflow/example_dags/example_latest_only.py took 0.109 seconds
[2025-05-31 11:20:31,772] {processor.py:163} INFO - Started process (PID=12648) to work on /home/airflow/.local/lib/python3.6/site-packages/airflow/example_dags/example_latest_only.py
[2025-05-31 11:20:31,773] {processor.py:642} INFO - Processing file /home/airflow/.local/lib/python3.6/site-packages/airflow/example_dags/example_latest_only.py for tasks to queue
[2025-05-31 11:20:31,775] {logging_mixin.py:109} INFO - [2025-05-31 11:20:31,774] {dagbag.py:500} INFO - Filling up the DagBag from /home/airflow/.local/lib/python3.6/site-packages/airflow/example_dags/example_latest_only.py
[2025-05-31 11:20:31,808] {processor.py:654} INFO - DAG(s) dict_keys(['latest_only']) retrieved from /home/airflow/.local/lib/python3.6/site-packages/airflow/example_dags/example_latest_only.py
[2025-05-31 11:20:31,824] {logging_mixin.py:109} INFO - [2025-05-31 11:20:31,824] {dag.py:2396} INFO - Sync 1 DAGs
[2025-05-31 11:20:31,848] {logging_mixin.py:109} INFO - [2025-05-31 11:20:31,848] {dag.py:2935} INFO - Setting next_dagrun for latest_only to 2025-05-31T07:20:31.847559+00:00
[2025-05-31 11:20:31,862] {processor.py:171} INFO - Processing /home/airflow/.local/lib/python3.6/site-packages/airflow/example_dags/example_latest_only.py took 0.097 seconds
[2025-05-31 11:21:02,398] {processor.py:163} INFO - Started process (PID=12834) to work on /home/airflow/.local/lib/python3.6/site-packages/airflow/example_dags/example_latest_only.py
[2025-05-31 11:21:02,399] {processor.py:642} INFO - Processing file /home/airflow/.local/lib/python3.6/site-packages/airflow/example_dags/example_latest_only.py for tasks to queue
[2025-05-31 11:21:02,401] {logging_mixin.py:109} INFO - [2025-05-31 11:21:02,400] {dagbag.py:500} INFO - Filling up the DagBag from /home/airflow/.local/lib/python3.6/site-packages/airflow/example_dags/example_latest_only.py
[2025-05-31 11:21:02,435] {processor.py:654} INFO - DAG(s) dict_keys(['latest_only']) retrieved from /home/airflow/.local/lib/python3.6/site-packages/airflow/example_dags/example_latest_only.py
[2025-05-31 11:21:02,449] {logging_mixin.py:109} INFO - [2025-05-31 11:21:02,449] {dag.py:2396} INFO - Sync 1 DAGs
[2025-05-31 11:21:02,472] {logging_mixin.py:109} INFO - [2025-05-31 11:21:02,472] {dag.py:2935} INFO - Setting next_dagrun for latest_only to 2025-05-31T07:21:02.472329+00:00
[2025-05-31 11:21:02,485] {processor.py:171} INFO - Processing /home/airflow/.local/lib/python3.6/site-packages/airflow/example_dags/example_latest_only.py took 0.096 seconds
[2025-05-31 11:21:33,028] {processor.py:163} INFO - Started process (PID=13029) to work on /home/airflow/.local/lib/python3.6/site-packages/airflow/example_dags/example_latest_only.py
[2025-05-31 11:21:33,030] {processor.py:642} INFO - Processing file /home/airflow/.local/lib/python3.6/site-packages/airflow/example_dags/example_latest_only.py for tasks to queue
[2025-05-31 11:21:33,031] {logging_mixin.py:109} INFO - [2025-05-31 11:21:33,031] {dagbag.py:500} INFO - Filling up the DagBag from /home/airflow/.local/lib/python3.6/site-packages/airflow/example_dags/example_latest_only.py
[2025-05-31 11:21:33,069] {processor.py:654} INFO - DAG(s) dict_keys(['latest_only']) retrieved from /home/airflow/.local/lib/python3.6/site-packages/airflow/example_dags/example_latest_only.py
[2025-05-31 11:21:33,087] {logging_mixin.py:109} INFO - [2025-05-31 11:21:33,087] {dag.py:2396} INFO - Sync 1 DAGs
[2025-05-31 11:21:33,113] {logging_mixin.py:109} INFO - [2025-05-31 11:21:33,113] {dag.py:2935} INFO - Setting next_dagrun for latest_only to 2025-05-31T07:21:33.113115+00:00
[2025-05-31 11:21:33,131] {processor.py:171} INFO - Processing /home/airflow/.local/lib/python3.6/site-packages/airflow/example_dags/example_latest_only.py took 0.108 seconds
[2025-05-31 11:22:03,801] {processor.py:163} INFO - Started process (PID=13214) to work on /home/airflow/.local/lib/python3.6/site-packages/airflow/example_dags/example_latest_only.py
[2025-05-31 11:22:03,424] {processor.py:642} INFO - Processing file /home/airflow/.local/lib/python3.6/site-packages/airflow/example_dags/example_latest_only.py for tasks to queue
[2025-05-31 11:22:03,425] {logging_mixin.py:109} INFO - [2025-05-31 11:22:03,425] {dagbag.py:500} INFO - Filling up the DagBag from /home/airflow/.local/lib/python3.6/site-packages/airflow/example_dags/example_latest_only.py
[2025-05-31 11:22:03,055] {processor.py:654} INFO - DAG(s) dict_keys(['latest_only']) retrieved from /home/airflow/.local/lib/python3.6/site-packages/airflow/example_dags/example_latest_only.py
[2025-05-31 11:22:03,069] {logging_mixin.py:109} INFO - [2025-05-31 11:22:03,068] {dag.py:2396} INFO - Sync 1 DAGs
[2025-05-31 11:22:03,091] {logging_mixin.py:109} INFO - [2025-05-31 11:22:03,091] {dag.py:2935} INFO - Setting next_dagrun for latest_only to 2025-05-31T07:22:03.090723+00:00
[2025-05-31 11:22:03,105] {processor.py:171} INFO - Processing /home/airflow/.local/lib/python3.6/site-packages/airflow/example_dags/example_latest_only.py took 0.094 seconds
[2025-05-31 11:22:33,798] {processor.py:163} INFO - Started process (PID=13394) to work on /home/airflow/.local/lib/python3.6/site-packages/airflow/example_dags/example_latest_only.py
[2025-05-31 11:22:33,800] {processor.py:642} INFO - Processing file /home/airflow/.local/lib/python3.6/site-packages/airflow/example_dags/example_latest_only.py for tasks to queue
[2025-05-31 11:22:33,802] {logging_mixin.py:109} INFO - [2025-05-31 11:22:33,801] {dagbag.py:500} INFO - Filling up the DagBag from /home/airflow/.local/lib/python3.6/site-packages/airflow/example_dags/example_latest_only.py
[2025-05-31 11:22:33,840] {processor.py:654} INFO - DAG(s) dict_keys(['latest_only']) retrieved from /home/airflow/.local/lib/python3.6/site-packages/airflow/example_dags/example_latest_only.py
[2025-05-31 11:22:33,860] {logging_mixin.py:109} INFO - [2025-05-31 11:22:33,860] {dag.py:2396} INFO - Sync 1 DAGs
[2025-05-31 11:22:33,888] {logging_mixin.py:109} INFO - [2025-05-31 11:22:33,888] {dag.py:2935} INFO - Setting next_dagrun for latest_only to 2025-05-31T07:22:33.887860+00:00
[2025-05-31 11:22:33,905] {processor.py:171} INFO - Processing /home/airflow/.local/lib/python3.6/site-packages/airflow/example_dags/example_latest_only.py took 0.112 seconds
[2025-05-31 11:23:04,164] {processor.py:163} INFO - Started process (PID=13573) to work on /home/airflow/.local/lib/python3.6/site-packages/airflow/example_dags/example_latest_only.py
[2025-05-31 11:23:04,165] {processor.py:642} INFO - Processing file /home/airflow/.local/lib/python3.6/site-packages/airflow/example_dags/example_latest_only.py for tasks to queue
[2025-05-31 11:23:04,166] {logging_mixin.py:109} INFO - [2025-05-31 11:23:04,166] {dagbag.py:500} INFO - Filling up the DagBag from /home/airflow/.local/lib/python3.6/site-packages/airflow/example_dags/example_latest_only.py
[2025-05-31 11:23:04,197] {processor.py:654} INFO - DAG(s) dict_keys(['latest_only']) retrieved from /home/airflow/.local/lib/python3.6/site-packages/airflow/example_dags/example_latest_only.py
[2025-05-31 11:23:04,210] {logging_mixin.py:109} INFO - [2025-05-31 11:23:04,210] {dag.py:2396} INFO - Sync 1 DAGs
[2025-05-31 11:23:04,231] {logging_mixin.py:109} INFO - [2025-05-31 11:23:04,231] {dag.py:2935} INFO - Setting next_dagrun for latest_only to 2025-05-31T07:23:04.231307+00:00
[2025-05-31 11:23:04,244] {processor.py:171} INFO - Processing /home/airflow/.local/lib/python3.6/site-packages/airflow/example_dags/example_latest_only.py took 0.084 seconds
[2025-05-31 11:23:34,455] {processor.py:163} INFO - Started process (PID=13759) to work on /home/airflow/.local/lib/python3.6/site-packages/airflow/example_dags/example_latest_only.py
[2025-05-31 11:23:34,457] {processor.py:642} INFO - Processing file /home/airflow/.local/lib/python3.6/site-packages/airflow/example_dags/example_latest_only.py for tasks to queue
[2025-05-31 11:23:34,458] {logging_mixin.py:109} INFO - [2025-05-31 11:23:34,458] {dagbag.py:500} INFO - Filling up the DagBag from /home/airflow/.local/lib/python3.6/site-packages/airflow/example_dags/example_latest_only.py
[2025-05-31 11:23:34,488] {processor.py:654} INFO - DAG(s) dict_keys(['latest_only']) retrieved from /home/airflow/.local/lib/python3.6/site-packages/airflow/example_dags/example_latest_only.py
[2025-05-31 11:23:34,502] {logging_mixin.py:109} INFO - [2025-05-31 11:23:34,502] {dag.py:2396} INFO - Sync 1 DAGs
[2025-05-31 11:23:34,522] {logging_mixin.py:109} INFO - [2025-05-31 11:23:34,522] {dag.py:2935} INFO - Setting next_dagrun for latest_only to 2025-05-31T07:23:34.522524+00:00
[2025-05-31 11:23:34,534] {processor.py:171} INFO - Processing /home/airflow/.local/lib/python3.6/site-packages/airflow/example_dags/example_latest_only.py took 0.082 seconds
[2025-05-31 11:24:04,800] {processor.py:163} INFO - Started process (PID=13954) to work on /home/airflow/.local/lib/python3.6/site-packages/airflow/example_dags/example_latest_only.py
[2025-05-31 11:24:04,802] {processor.py:642} INFO - Processing file /home/airflow/.local/lib/python3.6/site-packages/airflow/example_dags/example_latest_only.py for tasks to queue
[2025-05-31 11:24:04,803] {logging_mixin.py:109} INFO - [2025-05-31 11:24:04,803] {dagbag.py:500} INFO - Filling up the DagBag from /home/airflow/.local/lib/python3.6/site-packages/airflow/example_dags/example_latest_only.py
[2025-05-31 11:24:04,841] {processor.py:654} INFO - DAG(s) dict_keys(['latest_only']) retrieved from /home/airflow/.local/lib/python3.6/site-packages/airflow/example_dags/example_latest_only.py
[2025-05-31 11:24:04,856] {logging_mixin.py:109} INFO - [2025-05-31 11:24:04,856] {dag.py:2396} INFO - Sync 1 DAGs
[2025-05-31 11:24:04,891] {logging_mixin.py:109} INFO - [2025-05-31 11:24:04,891] {dag.py:2935} INFO - Setting next_dagrun for latest_only to 2025-05-31T07:24:04.890846+00:00
[2025-05-31 11:24:04,904] {processor.py:171} INFO - Processing /home/airflow/.local/lib/python3.6/site-packages/airflow/example_dags/example_latest_only.py took 0.110 seconds
[2025-05-31 11:24:35,825] {processor.py:163} INFO - Started process (PID=14139) to work on /home/airflow/.local/lib/python3.6/site-packages/airflow/example_dags/example_latest_only.py
[2025-05-31 11:24:35,826] {processor.py:642} INFO - Processing file /home/airflow/.local/lib/python3.6/site-packages/airflow/example_dags/example_latest_only.py for tasks to queue
[2025-05-31 11:24:35,827] {logging_mixin.py:109} INFO - [2025-05-31 11:24:35,827] {dagbag.py:500} INFO - Filling up the DagBag from /home/airflow/.local/lib/python3.6/site-packages/airflow/example_dags/example_latest_only.py
[2025-05-31 11:24:35,857] {processor.py:654} INFO - DAG(s) dict_keys(['latest_only']) retrieved from /home/airflow/.local/lib/python3.6/site-packages/airflow/example_dags/example_latest_only.py
[2025-05-31 11:24:35,869] {logging_mixin.py:109} INFO - [2025-05-31 11:24:35,868] {dag.py:2396} INFO - Sync 1 DAGs
[2025-05-31 11:24:35,887] {logging_mixin.py:109} INFO - [2025-05-31 11:24:35,887] {dag.py:2935} INFO - Setting next_dagrun for latest_only to 2025-05-31T07:24:35.887297+00:00
[2025-05-31 11:24:35,898] {processor.py:171} INFO - Processing /home/airflow/.local/lib/python3.6/site-packages/airflow/example_dags/example_latest_only.py took 0.077 seconds
[2025-05-31 11:25:06,617] {processor.py:163} INFO - Started process (PID=14324) to work on /home/airflow/.local/lib/python3.6/site-packages/airflow/example_dags/example_latest_only.py
[2025-05-31 11:25:06,618] {processor.py:642} INFO - Processing file /home/airflow/.local/lib/python3.6/site-packages/airflow/example_dags/example_latest_only.py for tasks to queue
[2025-05-31 11:25:06,619] {logging_mixin.py:109} INFO - [2025-05-31 11:25:06,619] {dagbag.py:500} INFO - Filling up the DagBag from /home/airflow/.local/lib/python3.6/site-packages/airflow/example_dags/example_latest_only.py
[2025-05-31 11:25:06,660] {processor.py:654} INFO - DAG(s) dict_keys(['latest_only']) retrieved from /home/airflow/.local/lib/python3.6/site-packages/airflow/example_dags/example_latest_only.py
[2025-05-31 11:25:06,680] {logging_mixin.py:109} INFO - [2025-05-31 11:25:06,679] {dag.py:2396} INFO - Sync 1 DAGs
[2025-05-31 11:25:06,717] {logging_mixin.py:109} INFO - [2025-05-31 11:25:06,716] {dag.py:2935} INFO - Setting next_dagrun for latest_only to 2025-05-31T07:25:06.716165+00:00
[2025-05-31 11:25:06,733] {processor.py:171} INFO - Processing /home/airflow/.local/lib/python3.6/site-packages/airflow/example_dags/example_latest_only.py took 0.122 seconds
[2025-05-31 11:25:36,893] {processor.py:163} INFO - Started process (PID=14516) to work on /home/airflow/.local/lib/python3.6/site-packages/airflow/example_dags/example_latest_only.py
[2025-05-31 11:25:36,897] {processor.py:642} INFO - Processing file /home/airflow/.local/lib/python3.6/site-packages/airflow/example_dags/example_latest_only.py for tasks to queue
[2025-05-31 11:25:36,900] {logging_mixin.py:109} INFO - [2025-05-31 11:25:36,900] {dagbag.py:500} INFO - Filling up the DagBag from /home/airflow/.local/lib/python3.6/site-packages/airflow/example_dags/example_latest_only.py
[2025-05-31 11:25:36,947] {processor.py:654} INFO - DAG(s) dict_keys(['latest_only']) retrieved from /home/airflow/.local/lib/python3.6/site-packages/airflow/example_dags/example_latest_only.py
[2025-05-31 11:25:36,964] {logging_mixin.py:109} INFO - [2025-05-31 11:25:36,964] {dag.py:2396} INFO - Sync 1 DAGs
[2025-05-31 11:25:36,997] {logging_mixin.py:109} INFO - [2025-05-31 11:25:36,997] {dag.py:2935} INFO - Setting next_dagrun for latest_only to 2025-05-31T07:25:36.996875+00:00
[2025-05-31 11:25:37,014] {processor.py:171} INFO - Processing /home/airflow/.local/lib/python3.6/site-packages/airflow/example_dags/example_latest_only.py took 0.127 seconds
[2025-05-31 11:26:07,180] {processor.py:163} INFO - Started process (PID=14699) to work on /home/airflow/.local/lib/python3.6/site-packages/airflow/example_dags/example_latest_only.py
[2025-05-31 11:26:07,182] {processor.py:642} INFO - Processing file /home/airflow/.local/lib/python3.6/site-packages/airflow/example_dags/example_latest_only.py for tasks to queue
[2025-05-31 11:26:07,184] {logging_mixin.py:109} INFO - [2025-05-31 11:26:07,184] {dagbag.py:500} INFO - Filling up the DagBag from /home/airflow/.local/lib/python3.6/site-packages/airflow/example_dags/example_latest_only.py
[2025-05-31 11:26:07,239] {processor.py:654} INFO - DAG(s) dict_keys(['latest_only']) retrieved from /home/airflow/.local/lib/python3.6/site-packages/airflow/example_dags/example_latest_only.py
[2025-05-31 11:26:07,262] {logging_mixin.py:109} INFO - [2025-05-31 11:26:07,262] {dag.py:2396} INFO - Sync 1 DAGs
[2025-05-31 11:26:07,300] {logging_mixin.py:109} INFO - [2025-05-31 11:26:07,300] {dag.py:2935} INFO - Setting next_dagrun for latest_only to 2025-05-31T07:26:07.299715+00:00
[2025-05-31 11:26:07,321] {processor.py:171} INFO - Processing /home/airflow/.local/lib/python3.6/site-packages/airflow/example_dags/example_latest_only.py took 0.149 seconds
[2025-05-31 11:26:37,893] {processor.py:163} INFO - Started process (PID=14884) to work on /home/airflow/.local/lib/python3.6/site-packages/airflow/example_dags/example_latest_only.py
[2025-05-31 11:26:37,895] {processor.py:642} INFO - Processing file /home/airflow/.local/lib/python3.6/site-packages/airflow/example_dags/example_latest_only.py for tasks to queue
[2025-05-31 11:26:37,897] {logging_mixin.py:109} INFO - [2025-05-31 11:26:37,897] {dagbag.py:500} INFO - Filling up the DagBag from /home/airflow/.local/lib/python3.6/site-packages/airflow/example_dags/example_latest_only.py
[2025-05-31 11:26:37,932] {processor.py:654} INFO - DAG(s) dict_keys(['latest_only']) retrieved from /home/airflow/.local/lib/python3.6/site-packages/airflow/example_dags/example_latest_only.py
[2025-05-31 11:26:37,948] {logging_mixin.py:109} INFO - [2025-05-31 11:26:37,948] {dag.py:2396} INFO - Sync 1 DAGs
[2025-05-31 11:26:37,973] {logging_mixin.py:109} INFO - [2025-05-31 11:26:37,973] {dag.py:2935} INFO - Setting next_dagrun for latest_only to 2025-05-31T07:26:37.973178+00:00
[2025-05-31 11:26:37,985] {processor.py:171} INFO - Processing /home/airflow/.local/lib/python3.6/site-packages/airflow/example_dags/example_latest_only.py took 0.097 seconds
[2025-05-31 11:27:08,553] {processor.py:163} INFO - Started process (PID=15068) to work on /home/airflow/.local/lib/python3.6/site-packages/airflow/example_dags/example_latest_only.py
[2025-05-31 11:27:08,554] {processor.py:642} INFO - Processing file /home/airflow/.local/lib/python3.6/site-packages/airflow/example_dags/example_latest_only.py for tasks to queue
[2025-05-31 11:27:08,556] {logging_mixin.py:109} INFO - [2025-05-31 11:27:08,555] {dagbag.py:500} INFO - Filling up the DagBag from /home/airflow/.local/lib/python3.6/site-packages/airflow/example_dags/example_latest_only.py
[2025-05-31 11:27:08,592] {processor.py:654} INFO - DAG(s) dict_keys(['latest_only']) retrieved from /home/airflow/.local/lib/python3.6/site-packages/airflow/example_dags/example_latest_only.py
[2025-05-31 11:27:08,606] {logging_mixin.py:109} INFO - [2025-05-31 11:27:08,606] {dag.py:2396} INFO - Sync 1 DAGs
[2025-05-31 11:27:08,668] {logging_mixin.py:109} INFO - [2025-05-31 11:27:08,667] {dag.py:2935} INFO - Setting next_dagrun for latest_only to 2025-05-31T07:27:08.667491+00:00
[2025-05-31 11:27:08,720] {processor.py:171} INFO - Processing /home/airflow/.local/lib/python3.6/site-packages/airflow/example_dags/example_latest_only.py took 0.173 seconds
[2025-05-31 11:27:39,837] {processor.py:163} INFO - Started process (PID=15264) to work on /home/airflow/.local/lib/python3.6/site-packages/airflow/example_dags/example_latest_only.py
[2025-05-31 11:27:39,839] {processor.py:642} INFO - Processing file /home/airflow/.local/lib/python3.6/site-packages/airflow/example_dags/example_latest_only.py for tasks to queue
[2025-05-31 11:27:39,840] {logging_mixin.py:109} INFO - [2025-05-31 11:27:39,840] {dagbag.py:500} INFO - Filling up the DagBag from /home/airflow/.local/lib/python3.6/site-packages/airflow/example_dags/example_latest_only.py
[2025-05-31 11:27:39,876] {processor.py:654} INFO - DAG(s) dict_keys(['latest_only']) retrieved from /home/airflow/.local/lib/python3.6/site-packages/airflow/example_dags/example_latest_only.py
[2025-05-31 11:27:39,890] {logging_mixin.py:109} INFO - [2025-05-31 11:27:39,890] {dag.py:2396} INFO - Sync 1 DAGs
[2025-05-31 11:27:39,915] {logging_mixin.py:109} INFO - [2025-05-31 11:27:39,915] {dag.py:2935} INFO - Setting next_dagrun for latest_only to 2025-05-31T07:27:39.915086+00:00
[2025-05-31 11:27:39,928] {processor.py:171} INFO - Processing /home/airflow/.local/lib/python3.6/site-packages/airflow/example_dags/example_latest_only.py took 0.096 seconds
[2025-05-31 11:28:12,179] {processor.py:163} INFO - Started process (PID=15449) to work on /home/airflow/.local/lib/python3.6/site-packages/airflow/example_dags/example_latest_only.py
[2025-05-31 11:28:12,181] {processor.py:642} INFO - Processing file /home/airflow/.local/lib/python3.6/site-packages/airflow/example_dags/example_latest_only.py for tasks to queue
[2025-05-31 11:28:12,183] {logging_mixin.py:109} INFO - [2025-05-31 11:28:12,182] {dagbag.py:500} INFO - Filling up the DagBag from /home/airflow/.local/lib/python3.6/site-packages/airflow/example_dags/example_latest_only.py
[2025-05-31 11:28:12,231] {processor.py:654} INFO - DAG(s) dict_keys(['latest_only']) retrieved from /home/airflow/.local/lib/python3.6/site-packages/airflow/example_dags/example_latest_only.py
[2025-05-31 11:28:12,249] {logging_mixin.py:109} INFO - [2025-05-31 11:28:12,248] {dag.py:2396} INFO - Sync 1 DAGs
[2025-05-31 11:28:12,286] {logging_mixin.py:109} INFO - [2025-05-31 11:28:12,285] {dag.py:2935} INFO - Setting next_dagrun for latest_only to 2025-05-31T07:28:12.285362+00:00
[2025-05-31 11:28:12,299] {processor.py:171} INFO - Processing /home/airflow/.local/lib/python3.6/site-packages/airflow/example_dags/example_latest_only.py took 0.126 seconds
[2025-05-31 11:28:43,340] {processor.py:163} INFO - Started process (PID=15653) to work on /home/airflow/.local/lib/python3.6/site-packages/airflow/example_dags/example_latest_only.py
[2025-05-31 11:28:43,346] {processor.py:642} INFO - Processing file /home/airflow/.local/lib/python3.6/site-packages/airflow/example_dags/example_latest_only.py for tasks to queue
[2025-05-31 11:28:43,348] {logging_mixin.py:109} INFO - [2025-05-31 11:28:43,347] {dagbag.py:500} INFO - Filling up the DagBag from /home/airflow/.local/lib/python3.6/site-packages/airflow/example_dags/example_latest_only.py
[2025-05-31 11:28:43,418] {processor.py:654} INFO - DAG(s) dict_keys(['latest_only']) retrieved from /home/airflow/.local/lib/python3.6/site-packages/airflow/example_dags/example_latest_only.py
[2025-05-31 11:28:43,454] {logging_mixin.py:109} INFO - [2025-05-31 11:28:43,453] {dag.py:2396} INFO - Sync 1 DAGs
[2025-05-31 11:28:43,516] {logging_mixin.py:109} INFO - [2025-05-31 11:28:43,516] {dag.py:2935} INFO - Setting next_dagrun for latest_only to 2025-05-31T07:28:43.515977+00:00
[2025-05-31 11:28:43,539] {processor.py:171} INFO - Processing /home/airflow/.local/lib/python3.6/site-packages/airflow/example_dags/example_latest_only.py took 0.212 seconds
[2025-05-31 11:29:13,711] {processor.py:163} INFO - Started process (PID=15841) to work on /home/airflow/.local/lib/python3.6/site-packages/airflow/example_dags/example_latest_only.py
[2025-05-31 11:29:13,713] {processor.py:642} INFO - Processing file /home/airflow/.local/lib/python3.6/site-packages/airflow/example_dags/example_latest_only.py for tasks to queue
[2025-05-31 11:29:13,714] {logging_mixin.py:109} INFO - [2025-05-31 11:29:13,714] {dagbag.py:500} INFO - Filling up the DagBag from /home/airflow/.local/lib/python3.6/site-packages/airflow/example_dags/example_latest_only.py
[2025-05-31 11:29:13,760] {processor.py:654} INFO - DAG(s) dict_keys(['latest_only']) retrieved from /home/airflow/.local/lib/python3.6/site-packages/airflow/example_dags/example_latest_only.py
[2025-05-31 11:29:13,778] {logging_mixin.py:109} INFO - [2025-05-31 11:29:13,778] {dag.py:2396} INFO - Sync 1 DAGs
[2025-05-31 11:29:13,804] {logging_mixin.py:109} INFO - [2025-05-31 11:29:13,803] {dag.py:2935} INFO - Setting next_dagrun for latest_only to 2025-05-31T07:29:13.803390+00:00
[2025-05-31 11:29:13,827] {processor.py:171} INFO - Processing /home/airflow/.local/lib/python3.6/site-packages/airflow/example_dags/example_latest_only.py took 0.122 seconds
[2025-05-31 11:29:44,296] {processor.py:163} INFO - Started process (PID=16024) to work on /home/airflow/.local/lib/python3.6/site-packages/airflow/example_dags/example_latest_only.py
[2025-05-31 11:29:44,298] {processor.py:642} INFO - Processing file /home/airflow/.local/lib/python3.6/site-packages/airflow/example_dags/example_latest_only.py for tasks to queue
[2025-05-31 11:29:44,299] {logging_mixin.py:109} INFO - [2025-05-31 11:29:44,299] {dagbag.py:500} INFO - Filling up the DagBag from /home/airflow/.local/lib/python3.6/site-packages/airflow/example_dags/example_latest_only.py
[2025-05-31 11:29:44,334] {processor.py:654} INFO - DAG(s) dict_keys(['latest_only']) retrieved from /home/airflow/.local/lib/python3.6/site-packages/airflow/example_dags/example_latest_only.py
[2025-05-31 11:29:44,348] {logging_mixin.py:109} INFO - [2025-05-31 11:29:44,347] {dag.py:2396} INFO - Sync 1 DAGs
[2025-05-31 11:29:44,375] {logging_mixin.py:109} INFO - [2025-05-31 11:29:44,375] {dag.py:2935} INFO - Setting next_dagrun for latest_only to 2025-05-31T07:29:44.374808+00:00
[2025-05-31 11:29:44,391] {processor.py:171} INFO - Processing /home/airflow/.local/lib/python3.6/site-packages/airflow/example_dags/example_latest_only.py took 0.100 seconds
[2025-05-31 11:30:14,787] {processor.py:163} INFO - Started process (PID=16209) to work on /home/airflow/.local/lib/python3.6/site-packages/airflow/example_dags/example_latest_only.py
[2025-05-31 11:30:14,789] {processor.py:642} INFO - Processing file /home/airflow/.local/lib/python3.6/site-packages/airflow/example_dags/example_latest_only.py for tasks to queue
[2025-05-31 11:30:14,790] {logging_mixin.py:109} INFO - [2025-05-31 11:30:14,790] {dagbag.py:500} INFO - Filling up the DagBag from /home/airflow/.local/lib/python3.6/site-packages/airflow/example_dags/example_latest_only.py
[2025-05-31 11:30:14,822] {processor.py:654} INFO - DAG(s) dict_keys(['latest_only']) retrieved from /home/airflow/.local/lib/python3.6/site-packages/airflow/example_dags/example_latest_only.py
[2025-05-31 11:30:14,835] {logging_mixin.py:109} INFO - [2025-05-31 11:30:14,835] {dag.py:2396} INFO - Sync 1 DAGs
[2025-05-31 11:30:14,857] {logging_mixin.py:109} INFO - [2025-05-31 11:30:14,857] {dag.py:2935} INFO - Setting next_dagrun for latest_only to 2025-05-31T07:30:14.856928+00:00
[2025-05-31 11:30:14,869] {processor.py:171} INFO - Processing /home/airflow/.local/lib/python3.6/site-packages/airflow/example_dags/example_latest_only.py took 0.087 seconds
[2025-05-31 11:30:45,354] {processor.py:163} INFO - Started process (PID=16404) to work on /home/airflow/.local/lib/python3.6/site-packages/airflow/example_dags/example_latest_only.py
[2025-05-31 11:30:45,356] {processor.py:642} INFO - Processing file /home/airflow/.local/lib/python3.6/site-packages/airflow/example_dags/example_latest_only.py for tasks to queue
[2025-05-31 11:30:45,357] {logging_mixin.py:109} INFO - [2025-05-31 11:30:45,357] {dagbag.py:500} INFO - Filling up the DagBag from /home/airflow/.local/lib/python3.6/site-packages/airflow/example_dags/example_latest_only.py
[2025-05-31 11:30:45,399] {processor.py:654} INFO - DAG(s) dict_keys(['latest_only']) retrieved from /home/airflow/.local/lib/python3.6/site-packages/airflow/example_dags/example_latest_only.py
[2025-05-31 11:30:45,420] {logging_mixin.py:109} INFO - [2025-05-31 11:30:45,420] {dag.py:2396} INFO - Sync 1 DAGs
[2025-05-31 11:30:45,447] {logging_mixin.py:109} INFO - [2025-05-31 11:30:45,447] {dag.py:2935} INFO - Setting next_dagrun for latest_only to 2025-05-31T07:30:45.446674+00:00
[2025-05-31 11:30:45,459] {processor.py:171} INFO - Processing /home/airflow/.local/lib/python3.6/site-packages/airflow/example_dags/example_latest_only.py took 0.109 seconds
[2025-05-31 11:31:16,409] {processor.py:163} INFO - Started process (PID=16589) to work on /home/airflow/.local/lib/python3.6/site-packages/airflow/example_dags/example_latest_only.py
[2025-05-31 11:31:16,411] {processor.py:642} INFO - Processing file /home/airflow/.local/lib/python3.6/site-packages/airflow/example_dags/example_latest_only.py for tasks to queue
[2025-05-31 11:31:16,412] {logging_mixin.py:109} INFO - [2025-05-31 11:31:16,412] {dagbag.py:500} INFO - Filling up the DagBag from /home/airflow/.local/lib/python3.6/site-packages/airflow/example_dags/example_latest_only.py
[2025-05-31 11:31:16,452] {processor.py:654} INFO - DAG(s) dict_keys(['latest_only']) retrieved from /home/airflow/.local/lib/python3.6/site-packages/airflow/example_dags/example_latest_only.py
[2025-05-31 11:31:16,481] {logging_mixin.py:109} INFO - [2025-05-31 11:31:16,481] {dag.py:2396} INFO - Sync 1 DAGs
[2025-05-31 11:31:16,511] {logging_mixin.py:109} INFO - [2025-05-31 11:31:16,511] {dag.py:2935} INFO - Setting next_dagrun for latest_only to 2025-05-31T07:31:16.511287+00:00
[2025-05-31 11:31:16,524] {processor.py:171} INFO - Processing /home/airflow/.local/lib/python3.6/site-packages/airflow/example_dags/example_latest_only.py took 0.119 seconds
[2025-05-31 11:31:47,279] {processor.py:163} INFO - Started process (PID=16783) to work on /home/airflow/.local/lib/python3.6/site-packages/airflow/example_dags/example_latest_only.py
[2025-05-31 11:31:47,281] {processor.py:642} INFO - Processing file /home/airflow/.local/lib/python3.6/site-packages/airflow/example_dags/example_latest_only.py for tasks to queue
[2025-05-31 11:31:47,283] {logging_mixin.py:109} INFO - [2025-05-31 11:31:47,282] {dagbag.py:500} INFO - Filling up the DagBag from /home/airflow/.local/lib/python3.6/site-packages/airflow/example_dags/example_latest_only.py
[2025-05-31 11:31:47,323] {processor.py:654} INFO - DAG(s) dict_keys(['latest_only']) retrieved from /home/airflow/.local/lib/python3.6/site-packages/airflow/example_dags/example_latest_only.py
[2025-05-31 11:31:47,338] {logging_mixin.py:109} INFO - [2025-05-31 11:31:47,337] {dag.py:2396} INFO - Sync 1 DAGs
[2025-05-31 11:31:47,364] {logging_mixin.py:109} INFO - [2025-05-31 11:31:47,364] {dag.py:2935} INFO - Setting next_dagrun for latest_only to 2025-05-31T07:31:47.363742+00:00
[2025-05-31 11:31:47,379] {processor.py:171} INFO - Processing /home/airflow/.local/lib/python3.6/site-packages/airflow/example_dags/example_latest_only.py took 0.105 seconds
[2025-05-31 11:32:17,824] {processor.py:163} INFO - Started process (PID=16969) to work on /home/airflow/.local/lib/python3.6/site-packages/airflow/example_dags/example_latest_only.py
[2025-05-31 11:32:17,826] {processor.py:642} INFO - Processing file /home/airflow/.local/lib/python3.6/site-packages/airflow/example_dags/example_latest_only.py for tasks to queue
[2025-05-31 11:32:17,827] {logging_mixin.py:109} INFO - [2025-05-31 11:32:17,827] {dagbag.py:500} INFO - Filling up the DagBag from /home/airflow/.local/lib/python3.6/site-packages/airflow/example_dags/example_latest_only.py
[2025-05-31 11:32:17,862] {processor.py:654} INFO - DAG(s) dict_keys(['latest_only']) retrieved from /home/airflow/.local/lib/python3.6/site-packages/airflow/example_dags/example_latest_only.py
[2025-05-31 11:32:17,876] {logging_mixin.py:109} INFO - [2025-05-31 11:32:17,876] {dag.py:2396} INFO - Sync 1 DAGs
[2025-05-31 11:32:17,901] {logging_mixin.py:109} INFO - [2025-05-31 11:32:17,901] {dag.py:2935} INFO - Setting next_dagrun for latest_only to 2025-05-31T07:32:17.901484+00:00
[2025-05-31 11:32:17,915] {processor.py:171} INFO - Processing /home/airflow/.local/lib/python3.6/site-packages/airflow/example_dags/example_latest_only.py took 0.095 seconds
[2025-05-31 11:32:48,299] {processor.py:163} INFO - Started process (PID=17154) to work on /home/airflow/.local/lib/python3.6/site-packages/airflow/example_dags/example_latest_only.py
[2025-05-31 11:32:48,300] {processor.py:642} INFO - Processing file /home/airflow/.local/lib/python3.6/site-packages/airflow/example_dags/example_latest_only.py for tasks to queue
[2025-05-31 11:32:48,301] {logging_mixin.py:109} INFO - [2025-05-31 11:32:48,301] {dagbag.py:500} INFO - Filling up the DagBag from /home/airflow/.local/lib/python3.6/site-packages/airflow/example_dags/example_latest_only.py
[2025-05-31 11:32:48,335] {processor.py:654} INFO - DAG(s) dict_keys(['latest_only']) retrieved from /home/airflow/.local/lib/python3.6/site-packages/airflow/example_dags/example_latest_only.py
[2025-05-31 11:32:48,349] {logging_mixin.py:109} INFO - [2025-05-31 11:32:48,348] {dag.py:2396} INFO - Sync 1 DAGs
[2025-05-31 11:32:48,372] {logging_mixin.py:109} INFO - [2025-05-31 11:32:48,372] {dag.py:2935} INFO - Setting next_dagrun for latest_only to 2025-05-31T07:32:48.372418+00:00
[2025-05-31 11:32:48,384] {processor.py:171} INFO - Processing /home/airflow/.local/lib/python3.6/site-packages/airflow/example_dags/example_latest_only.py took 0.089 seconds
[2025-05-31 11:33:18,895] {processor.py:163} INFO - Started process (PID=17348) to work on /home/airflow/.local/lib/python3.6/site-packages/airflow/example_dags/example_latest_only.py
[2025-05-31 11:33:18,896] {processor.py:642} INFO - Processing file /home/airflow/.local/lib/python3.6/site-packages/airflow/example_dags/example_latest_only.py for tasks to queue
[2025-05-31 11:33:18,897] {logging_mixin.py:109} INFO - [2025-05-31 11:33:18,897] {dagbag.py:500} INFO - Filling up the DagBag from /home/airflow/.local/lib/python3.6/site-packages/airflow/example_dags/example_latest_only.py
[2025-05-31 11:33:18,931] {processor.py:654} INFO - DAG(s) dict_keys(['latest_only']) retrieved from /home/airflow/.local/lib/python3.6/site-packages/airflow/example_dags/example_latest_only.py
[2025-05-31 11:33:18,945] {logging_mixin.py:109} INFO - [2025-05-31 11:33:18,945] {dag.py:2396} INFO - Sync 1 DAGs
[2025-05-31 11:33:18,968] {logging_mixin.py:109} INFO - [2025-05-31 11:33:18,967] {dag.py:2935} INFO - Setting next_dagrun for latest_only to 2025-05-31T07:33:18.967528+00:00
[2025-05-31 11:33:18,980] {processor.py:171} INFO - Processing /home/airflow/.local/lib/python3.6/site-packages/airflow/example_dags/example_latest_only.py took 0.090 seconds
[2025-05-31 11:33:49,360] {processor.py:163} INFO - Started process (PID=17533) to work on /home/airflow/.local/lib/python3.6/site-packages/airflow/example_dags/example_latest_only.py
[2025-05-31 11:33:49,361] {processor.py:642} INFO - Processing file /home/airflow/.local/lib/python3.6/site-packages/airflow/example_dags/example_latest_only.py for tasks to queue
[2025-05-31 11:33:49,362] {logging_mixin.py:109} INFO - [2025-05-31 11:33:49,362] {dagbag.py:500} INFO - Filling up the DagBag from /home/airflow/.local/lib/python3.6/site-packages/airflow/example_dags/example_latest_only.py
[2025-05-31 11:33:49,395] {processor.py:654} INFO - DAG(s) dict_keys(['latest_only']) retrieved from /home/airflow/.local/lib/python3.6/site-packages/airflow/example_dags/example_latest_only.py
[2025-05-31 11:33:49,408] {logging_mixin.py:109} INFO - [2025-05-31 11:33:49,408] {dag.py:2396} INFO - Sync 1 DAGs
[2025-05-31 11:33:49,437] {logging_mixin.py:109} INFO - [2025-05-31 11:33:49,437] {dag.py:2935} INFO - Setting next_dagrun for latest_only to 2025-05-31T07:33:49.436496+00:00
[2025-05-31 11:33:49,454] {processor.py:171} INFO - Processing /home/airflow/.local/lib/python3.6/site-packages/airflow/example_dags/example_latest_only.py took 0.099 seconds
[2025-05-31 11:34:20,805] {processor.py:163} INFO - Started process (PID=17727) to work on /home/airflow/.local/lib/python3.6/site-packages/airflow/example_dags/example_latest_only.py
[2025-05-31 11:34:20,808] {processor.py:642} INFO - Processing file /home/airflow/.local/lib/python3.6/site-packages/airflow/example_dags/example_latest_only.py for tasks to queue
[2025-05-31 11:34:20,809] {logging_mixin.py:109} INFO - [2025-05-31 11:34:20,809] {dagbag.py:500} INFO - Filling up the DagBag from /home/airflow/.local/lib/python3.6/site-packages/airflow/example_dags/example_latest_only.py
[2025-05-31 11:34:20,860] {processor.py:654} INFO - DAG(s) dict_keys(['latest_only']) retrieved from /home/airflow/.local/lib/python3.6/site-packages/airflow/example_dags/example_latest_only.py
[2025-05-31 11:34:20,880] {logging_mixin.py:109} INFO - [2025-05-31 11:34:20,880] {dag.py:2396} INFO - Sync 1 DAGs
[2025-05-31 11:34:20,916] {logging_mixin.py:109} INFO - [2025-05-31 11:34:20,915] {dag.py:2935} INFO - Setting next_dagrun for latest_only to 2025-05-31T07:34:20.914078+00:00
[2025-05-31 11:34:20,930] {processor.py:171} INFO - Processing /home/airflow/.local/lib/python3.6/site-packages/airflow/example_dags/example_latest_only.py took 0.131 seconds
[2025-05-31 11:34:51,433] {processor.py:163} INFO - Started process (PID=17913) to work on /home/airflow/.local/lib/python3.6/site-packages/airflow/example_dags/example_latest_only.py
[2025-05-31 11:34:51,435] {processor.py:642} INFO - Processing file /home/airflow/.local/lib/python3.6/site-packages/airflow/example_dags/example_latest_only.py for tasks to queue
[2025-05-31 11:34:51,436] {logging_mixin.py:109} INFO - [2025-05-31 11:34:51,436] {dagbag.py:500} INFO - Filling up the DagBag from /home/airflow/.local/lib/python3.6/site-packages/airflow/example_dags/example_latest_only.py
[2025-05-31 11:34:51,477] {processor.py:654} INFO - DAG(s) dict_keys(['latest_only']) retrieved from /home/airflow/.local/lib/python3.6/site-packages/airflow/example_dags/example_latest_only.py
[2025-05-31 11:34:51,497] {logging_mixin.py:109} INFO - [2025-05-31 11:34:51,497] {dag.py:2396} INFO - Sync 1 DAGs
[2025-05-31 11:34:51,530] {logging_mixin.py:109} INFO - [2025-05-31 11:34:51,529] {dag.py:2935} INFO - Setting next_dagrun for latest_only to 2025-05-31T07:34:51.529428+00:00
[2025-05-31 11:34:51,546] {processor.py:171} INFO - Processing /home/airflow/.local/lib/python3.6/site-packages/airflow/example_dags/example_latest_only.py took 0.120 seconds
[2025-05-31 11:35:21,639] {processor.py:163} INFO - Started process (PID=18098) to work on /home/airflow/.local/lib/python3.6/site-packages/airflow/example_dags/example_latest_only.py
[2025-05-31 11:35:21,641] {processor.py:642} INFO - Processing file /home/airflow/.local/lib/python3.6/site-packages/airflow/example_dags/example_latest_only.py for tasks to queue
[2025-05-31 11:35:21,642] {logging_mixin.py:109} INFO - [2025-05-31 11:35:21,642] {dagbag.py:500} INFO - Filling up the DagBag from /home/airflow/.local/lib/python3.6/site-packages/airflow/example_dags/example_latest_only.py
[2025-05-31 11:35:21,676] {processor.py:654} INFO - DAG(s) dict_keys(['latest_only']) retrieved from /home/airflow/.local/lib/python3.6/site-packages/airflow/example_dags/example_latest_only.py
[2025-05-31 11:35:21,688] {logging_mixin.py:109} INFO - [2025-05-31 11:35:21,688] {dag.py:2396} INFO - Sync 1 DAGs
[2025-05-31 11:35:21,710] {logging_mixin.py:109} INFO - [2025-05-31 11:35:21,709] {dag.py:2935} INFO - Setting next_dagrun for latest_only to 2025-05-31T07:35:21.709665+00:00
[2025-05-31 11:35:21,723] {processor.py:171} INFO - Processing /home/airflow/.local/lib/python3.6/site-packages/airflow/example_dags/example_latest_only.py took 0.087 seconds
[2025-05-31 11:35:52,510] {processor.py:163} INFO - Started process (PID=18285) to work on /home/airflow/.local/lib/python3.6/site-packages/airflow/example_dags/example_latest_only.py
[2025-05-31 11:35:52,514] {processor.py:642} INFO - Processing file /home/airflow/.local/lib/python3.6/site-packages/airflow/example_dags/example_latest_only.py for tasks to queue
[2025-05-31 11:35:52,517] {logging_mixin.py:109} INFO - [2025-05-31 11:35:52,516] {dagbag.py:500} INFO - Filling up the DagBag from /home/airflow/.local/lib/python3.6/site-packages/airflow/example_dags/example_latest_only.py
[2025-05-31 11:35:52,556] {processor.py:654} INFO - DAG(s) dict_keys(['latest_only']) retrieved from /home/airflow/.local/lib/python3.6/site-packages/airflow/example_dags/example_latest_only.py
[2025-05-31 11:35:52,569] {logging_mixin.py:109} INFO - [2025-05-31 11:35:52,569] {dag.py:2396} INFO - Sync 1 DAGs
[2025-05-31 11:35:52,591] {logging_mixin.py:109} INFO - [2025-05-31 11:35:52,591] {dag.py:2935} INFO - Setting next_dagrun for latest_only to 2025-05-31T07:35:52.590707+00:00
[2025-05-31 11:35:52,602] {processor.py:171} INFO - Processing /home/airflow/.local/lib/python3.6/site-packages/airflow/example_dags/example_latest_only.py took 0.098 seconds
[2025-05-31 11:36:22,917] {processor.py:163} INFO - Started process (PID=18479) to work on /home/airflow/.local/lib/python3.6/site-packages/airflow/example_dags/example_latest_only.py
[2025-05-31 11:36:22,919] {processor.py:642} INFO - Processing file /home/airflow/.local/lib/python3.6/site-packages/airflow/example_dags/example_latest_only.py for tasks to queue
[2025-05-31 11:36:22,920] {logging_mixin.py:109} INFO - [2025-05-31 11:36:22,920] {dagbag.py:500} INFO - Filling up the DagBag from /home/airflow/.local/lib/python3.6/site-packages/airflow/example_dags/example_latest_only.py
[2025-05-31 11:36:22,952] {processor.py:654} INFO - DAG(s) dict_keys(['latest_only']) retrieved from /home/airflow/.local/lib/python3.6/site-packages/airflow/example_dags/example_latest_only.py
[2025-05-31 11:36:22,967] {logging_mixin.py:109} INFO - [2025-05-31 11:36:22,966] {dag.py:2396} INFO - Sync 1 DAGs
[2025-05-31 11:36:22,991] {logging_mixin.py:109} INFO - [2025-05-31 11:36:22,991] {dag.py:2935} INFO - Setting next_dagrun for latest_only to 2025-05-31T07:36:22.991178+00:00
[2025-05-31 11:36:23,002] {processor.py:171} INFO - Processing /home/airflow/.local/lib/python3.6/site-packages/airflow/example_dags/example_latest_only.py took 0.089 seconds
[2025-05-31 11:36:53,245] {processor.py:163} INFO - Started process (PID=18663) to work on /home/airflow/.local/lib/python3.6/site-packages/airflow/example_dags/example_latest_only.py
[2025-05-31 11:36:53,247] {processor.py:642} INFO - Processing file /home/airflow/.local/lib/python3.6/site-packages/airflow/example_dags/example_latest_only.py for tasks to queue
[2025-05-31 11:36:53,248] {logging_mixin.py:109} INFO - [2025-05-31 11:36:53,248] {dagbag.py:500} INFO - Filling up the DagBag from /home/airflow/.local/lib/python3.6/site-packages/airflow/example_dags/example_latest_only.py
[2025-05-31 11:36:53,285] {processor.py:654} INFO - DAG(s) dict_keys(['latest_only']) retrieved from /home/airflow/.local/lib/python3.6/site-packages/airflow/example_dags/example_latest_only.py
[2025-05-31 11:36:53,302] {logging_mixin.py:109} INFO - [2025-05-31 11:36:53,302] {dag.py:2396} INFO - Sync 1 DAGs
[2025-05-31 11:36:53,328] {logging_mixin.py:109} INFO - [2025-05-31 11:36:53,328] {dag.py:2935} INFO - Setting next_dagrun for latest_only to 2025-05-31T07:36:53.327716+00:00
[2025-05-31 11:36:53,341] {processor.py:171} INFO - Processing /home/airflow/.local/lib/python3.6/site-packages/airflow/example_dags/example_latest_only.py took 0.100 seconds
[2025-05-31 11:37:24,544] {processor.py:163} INFO - Started process (PID=18858) to work on /home/airflow/.local/lib/python3.6/site-packages/airflow/example_dags/example_latest_only.py
[2025-05-31 11:37:24,546] {processor.py:642} INFO - Processing file /home/airflow/.local/lib/python3.6/site-packages/airflow/example_dags/example_latest_only.py for tasks to queue
[2025-05-31 11:37:24,547] {logging_mixin.py:109} INFO - [2025-05-31 11:37:24,547] {dagbag.py:500} INFO - Filling up the DagBag from /home/airflow/.local/lib/python3.6/site-packages/airflow/example_dags/example_latest_only.py
[2025-05-31 11:37:24,585] {processor.py:654} INFO - DAG(s) dict_keys(['latest_only']) retrieved from /home/airflow/.local/lib/python3.6/site-packages/airflow/example_dags/example_latest_only.py
[2025-05-31 11:37:24,602] {logging_mixin.py:109} INFO - [2025-05-31 11:37:24,602] {dag.py:2396} INFO - Sync 1 DAGs
[2025-05-31 11:37:24,632] {logging_mixin.py:109} INFO - [2025-05-31 11:37:24,632] {dag.py:2935} INFO - Setting next_dagrun for latest_only to 2025-05-31T07:37:24.632188+00:00
[2025-05-31 11:37:24,648] {processor.py:171} INFO - Processing /home/airflow/.local/lib/python3.6/site-packages/airflow/example_dags/example_latest_only.py took 0.108 seconds
[2025-05-31 11:37:55,196] {processor.py:163} INFO - Started process (PID=19050) to work on /home/airflow/.local/lib/python3.6/site-packages/airflow/example_dags/example_latest_only.py
[2025-05-31 11:37:55,198] {processor.py:642} INFO - Processing file /home/airflow/.local/lib/python3.6/site-packages/airflow/example_dags/example_latest_only.py for tasks to queue
[2025-05-31 11:37:55,199] {logging_mixin.py:109} INFO - [2025-05-31 11:37:55,199] {dagbag.py:500} INFO - Filling up the DagBag from /home/airflow/.local/lib/python3.6/site-packages/airflow/example_dags/example_latest_only.py
[2025-05-31 11:37:55,231] {processor.py:654} INFO - DAG(s) dict_keys(['latest_only']) retrieved from /home/airflow/.local/lib/python3.6/site-packages/airflow/example_dags/example_latest_only.py
[2025-05-31 11:37:55,245] {logging_mixin.py:109} INFO - [2025-05-31 11:37:55,245] {dag.py:2396} INFO - Sync 1 DAGs
[2025-05-31 11:37:55,266] {logging_mixin.py:109} INFO - [2025-05-31 11:37:55,266] {dag.py:2935} INFO - Setting next_dagrun for latest_only to 2025-05-31T07:37:55.266449+00:00
[2025-05-31 11:37:55,278] {processor.py:171} INFO - Processing /home/airflow/.local/lib/python3.6/site-packages/airflow/example_dags/example_latest_only.py took 0.086 seconds
[2025-05-31 11:38:25,868] {processor.py:163} INFO - Started process (PID=19242) to work on /home/airflow/.local/lib/python3.6/site-packages/airflow/example_dags/example_latest_only.py
[2025-05-31 11:38:25,871] {processor.py:642} INFO - Processing file /home/airflow/.local/lib/python3.6/site-packages/airflow/example_dags/example_latest_only.py for tasks to queue
[2025-05-31 11:38:25,872] {logging_mixin.py:109} INFO - [2025-05-31 11:38:25,872] {dagbag.py:500} INFO - Filling up the DagBag from /home/airflow/.local/lib/python3.6/site-packages/airflow/example_dags/example_latest_only.py
[2025-05-31 11:38:25,908] {processor.py:654} INFO - DAG(s) dict_keys(['latest_only']) retrieved from /home/airflow/.local/lib/python3.6/site-packages/airflow/example_dags/example_latest_only.py
[2025-05-31 11:38:25,922] {logging_mixin.py:109} INFO - [2025-05-31 11:38:25,922] {dag.py:2396} INFO - Sync 1 DAGs
[2025-05-31 11:38:25,947] {logging_mixin.py:109} INFO - [2025-05-31 11:38:25,947] {dag.py:2935} INFO - Setting next_dagrun for latest_only to 2025-05-31T07:38:25.946952+00:00
[2025-05-31 11:38:25,960] {processor.py:171} INFO - Processing /home/airflow/.local/lib/python3.6/site-packages/airflow/example_dags/example_latest_only.py took 0.097 seconds
[2025-05-31 11:38:56,718] {processor.py:163} INFO - Started process (PID=19430) to work on /home/airflow/.local/lib/python3.6/site-packages/airflow/example_dags/example_latest_only.py
[2025-05-31 11:38:56,720] {processor.py:642} INFO - Processing file /home/airflow/.local/lib/python3.6/site-packages/airflow/example_dags/example_latest_only.py for tasks to queue
[2025-05-31 11:38:56,721] {logging_mixin.py:109} INFO - [2025-05-31 11:38:56,721] {dagbag.py:500} INFO - Filling up the DagBag from /home/airflow/.local/lib/python3.6/site-packages/airflow/example_dags/example_latest_only.py
[2025-05-31 11:38:56,754] {processor.py:654} INFO - DAG(s) dict_keys(['latest_only']) retrieved from /home/airflow/.local/lib/python3.6/site-packages/airflow/example_dags/example_latest_only.py
[2025-05-31 11:38:56,767] {logging_mixin.py:109} INFO - [2025-05-31 11:38:56,767] {dag.py:2396} INFO - Sync 1 DAGs
[2025-05-31 11:38:56,790] {logging_mixin.py:109} INFO - [2025-05-31 11:38:56,789] {dag.py:2935} INFO - Setting next_dagrun for latest_only to 2025-05-31T07:38:56.789614+00:00
[2025-05-31 11:38:56,803] {processor.py:171} INFO - Processing /home/airflow/.local/lib/python3.6/site-packages/airflow/example_dags/example_latest_only.py took 0.089 seconds
[2025-05-31 11:39:27,086] {processor.py:163} INFO - Started process (PID=19615) to work on /home/airflow/.local/lib/python3.6/site-packages/airflow/example_dags/example_latest_only.py
[2025-05-31 11:39:27,088] {processor.py:642} INFO - Processing file /home/airflow/.local/lib/python3.6/site-packages/airflow/example_dags/example_latest_only.py for tasks to queue
[2025-05-31 11:39:27,089] {logging_mixin.py:109} INFO - [2025-05-31 11:39:27,089] {dagbag.py:500} INFO - Filling up the DagBag from /home/airflow/.local/lib/python3.6/site-packages/airflow/example_dags/example_latest_only.py
[2025-05-31 11:39:27,122] {processor.py:654} INFO - DAG(s) dict_keys(['latest_only']) retrieved from /home/airflow/.local/lib/python3.6/site-packages/airflow/example_dags/example_latest_only.py
[2025-05-31 11:39:27,137] {logging_mixin.py:109} INFO - [2025-05-31 11:39:27,136] {dag.py:2396} INFO - Sync 1 DAGs
[2025-05-31 11:39:27,158] {logging_mixin.py:109} INFO - [2025-05-31 11:39:27,158] {dag.py:2935} INFO - Setting next_dagrun for latest_only to 2025-05-31T07:39:27.158552+00:00
[2025-05-31 11:39:27,172] {processor.py:171} INFO - Processing /home/airflow/.local/lib/python3.6/site-packages/airflow/example_dags/example_latest_only.py took 0.089 seconds
[2025-05-31 11:39:57,742] {processor.py:163} INFO - Started process (PID=19808) to work on /home/airflow/.local/lib/python3.6/site-packages/airflow/example_dags/example_latest_only.py
[2025-05-31 11:39:57,744] {processor.py:642} INFO - Processing file /home/airflow/.local/lib/python3.6/site-packages/airflow/example_dags/example_latest_only.py for tasks to queue
[2025-05-31 11:39:57,745] {logging_mixin.py:109} INFO - [2025-05-31 11:39:57,745] {dagbag.py:500} INFO - Filling up the DagBag from /home/airflow/.local/lib/python3.6/site-packages/airflow/example_dags/example_latest_only.py
[2025-05-31 11:39:57,781] {processor.py:654} INFO - DAG(s) dict_keys(['latest_only']) retrieved from /home/airflow/.local/lib/python3.6/site-packages/airflow/example_dags/example_latest_only.py
[2025-05-31 11:39:57,797] {logging_mixin.py:109} INFO - [2025-05-31 11:39:57,797] {dag.py:2396} INFO - Sync 1 DAGs
[2025-05-31 11:39:57,823] {logging_mixin.py:109} INFO - [2025-05-31 11:39:57,823] {dag.py:2935} INFO - Setting next_dagrun for latest_only to 2025-05-31T07:39:57.823215+00:00
[2025-05-31 11:39:57,838] {processor.py:171} INFO - Processing /home/airflow/.local/lib/python3.6/site-packages/airflow/example_dags/example_latest_only.py took 0.102 seconds
[2025-05-31 11:40:28,771] {processor.py:163} INFO - Started process (PID=19992) to work on /home/airflow/.local/lib/python3.6/site-packages/airflow/example_dags/example_latest_only.py
[2025-05-31 11:40:28,772] {processor.py:642} INFO - Processing file /home/airflow/.local/lib/python3.6/site-packages/airflow/example_dags/example_latest_only.py for tasks to queue
[2025-05-31 11:40:28,774] {logging_mixin.py:109} INFO - [2025-05-31 11:40:28,773] {dagbag.py:500} INFO - Filling up the DagBag from /home/airflow/.local/lib/python3.6/site-packages/airflow/example_dags/example_latest_only.py
[2025-05-31 11:40:28,811] {processor.py:654} INFO - DAG(s) dict_keys(['latest_only']) retrieved from /home/airflow/.local/lib/python3.6/site-packages/airflow/example_dags/example_latest_only.py
[2025-05-31 11:40:28,824] {logging_mixin.py:109} INFO - [2025-05-31 11:40:28,824] {dag.py:2396} INFO - Sync 1 DAGs
[2025-05-31 11:40:28,851] {logging_mixin.py:109} INFO - [2025-05-31 11:40:28,851] {dag.py:2935} INFO - Setting next_dagrun for latest_only to 2025-05-31T07:40:28.850672+00:00
[2025-05-31 11:40:28,864] {processor.py:171} INFO - Processing /home/airflow/.local/lib/python3.6/site-packages/airflow/example_dags/example_latest_only.py took 0.097 seconds
[2025-05-31 11:41:00,058] {processor.py:163} INFO - Started process (PID=20187) to work on /home/airflow/.local/lib/python3.6/site-packages/airflow/example_dags/example_latest_only.py
[2025-05-31 11:41:00,060] {processor.py:642} INFO - Processing file /home/airflow/.local/lib/python3.6/site-packages/airflow/example_dags/example_latest_only.py for tasks to queue
[2025-05-31 11:41:00,062] {logging_mixin.py:109} INFO - [2025-05-31 11:41:00,062] {dagbag.py:500} INFO - Filling up the DagBag from /home/airflow/.local/lib/python3.6/site-packages/airflow/example_dags/example_latest_only.py
[2025-05-31 11:41:00,112] {processor.py:654} INFO - DAG(s) dict_keys(['latest_only']) retrieved from /home/airflow/.local/lib/python3.6/site-packages/airflow/example_dags/example_latest_only.py
[2025-05-31 11:41:00,127] {logging_mixin.py:109} INFO - [2025-05-31 11:41:00,127] {dag.py:2396} INFO - Sync 1 DAGs
[2025-05-31 11:41:00,154] {logging_mixin.py:109} INFO - [2025-05-31 11:41:00,154] {dag.py:2935} INFO - Setting next_dagrun for latest_only to 2025-05-31T07:41:00.154181+00:00
[2025-05-31 11:41:00,170] {processor.py:171} INFO - Processing /home/airflow/.local/lib/python3.6/site-packages/airflow/example_dags/example_latest_only.py took 0.118 seconds
[2025-05-31 11:41:31,112] {processor.py:163} INFO - Started process (PID=20372) to work on /home/airflow/.local/lib/python3.6/site-packages/airflow/example_dags/example_latest_only.py
[2025-05-31 11:41:31,113] {processor.py:642} INFO - Processing file /home/airflow/.local/lib/python3.6/site-packages/airflow/example_dags/example_latest_only.py for tasks to queue
[2025-05-31 11:41:31,115] {logging_mixin.py:109} INFO - [2025-05-31 11:41:31,114] {dagbag.py:500} INFO - Filling up the DagBag from /home/airflow/.local/lib/python3.6/site-packages/airflow/example_dags/example_latest_only.py
[2025-05-31 11:41:31,151] {processor.py:654} INFO - DAG(s) dict_keys(['latest_only']) retrieved from /home/airflow/.local/lib/python3.6/site-packages/airflow/example_dags/example_latest_only.py
[2025-05-31 11:41:31,165] {logging_mixin.py:109} INFO - [2025-05-31 11:41:31,165] {dag.py:2396} INFO - Sync 1 DAGs
[2025-05-31 11:41:31,190] {logging_mixin.py:109} INFO - [2025-05-31 11:41:31,190] {dag.py:2935} INFO - Setting next_dagrun for latest_only to 2025-05-31T07:41:31.189807+00:00
[2025-05-31 11:41:31,204] {processor.py:171} INFO - Processing /home/airflow/.local/lib/python3.6/site-packages/airflow/example_dags/example_latest_only.py took 0.098 seconds
[2025-05-31 11:42:02,106] {processor.py:163} INFO - Started process (PID=20557) to work on /home/airflow/.local/lib/python3.6/site-packages/airflow/example_dags/example_latest_only.py
[2025-05-31 11:42:02,108] {processor.py:642} INFO - Processing file /home/airflow/.local/lib/python3.6/site-packages/airflow/example_dags/example_latest_only.py for tasks to queue
[2025-05-31 11:42:02,109] {logging_mixin.py:109} INFO - [2025-05-31 11:42:02,109] {dagbag.py:500} INFO - Filling up the DagBag from /home/airflow/.local/lib/python3.6/site-packages/airflow/example_dags/example_latest_only.py
[2025-05-31 11:42:02,141] {processor.py:654} INFO - DAG(s) dict_keys(['latest_only']) retrieved from /home/airflow/.local/lib/python3.6/site-packages/airflow/example_dags/example_latest_only.py
[2025-05-31 11:42:02,153] {logging_mixin.py:109} INFO - [2025-05-31 11:42:02,153] {dag.py:2396} INFO - Sync 1 DAGs
[2025-05-31 11:42:02,175] {logging_mixin.py:109} INFO - [2025-05-31 11:42:02,175] {dag.py:2935} INFO - Setting next_dagrun for latest_only to 2025-05-31T07:42:02.175387+00:00
[2025-05-31 11:42:02,186] {processor.py:171} INFO - Processing /home/airflow/.local/lib/python3.6/site-packages/airflow/example_dags/example_latest_only.py took 0.085 seconds
[2025-05-31 11:42:32,694] {processor.py:163} INFO - Started process (PID=20752) to work on /home/airflow/.local/lib/python3.6/site-packages/airflow/example_dags/example_latest_only.py
[2025-05-31 11:42:32,697] {processor.py:642} INFO - Processing file /home/airflow/.local/lib/python3.6/site-packages/airflow/example_dags/example_latest_only.py for tasks to queue
[2025-05-31 11:42:32,699] {logging_mixin.py:109} INFO - [2025-05-31 11:42:32,699] {dagbag.py:500} INFO - Filling up the DagBag from /home/airflow/.local/lib/python3.6/site-packages/airflow/example_dags/example_latest_only.py
[2025-05-31 11:42:32,745] {processor.py:654} INFO - DAG(s) dict_keys(['latest_only']) retrieved from /home/airflow/.local/lib/python3.6/site-packages/airflow/example_dags/example_latest_only.py
[2025-05-31 11:42:32,763] {logging_mixin.py:109} INFO - [2025-05-31 11:42:32,763] {dag.py:2396} INFO - Sync 1 DAGs
[2025-05-31 11:42:32,795] {logging_mixin.py:109} INFO - [2025-05-31 11:42:32,795] {dag.py:2935} INFO - Setting next_dagrun for latest_only to 2025-05-31T07:42:32.795323+00:00
[2025-05-31 11:42:32,814] {processor.py:171} INFO - Processing /home/airflow/.local/lib/python3.6/site-packages/airflow/example_dags/example_latest_only.py took 0.126 seconds
[2025-05-31 11:43:03,927] {processor.py:163} INFO - Started process (PID=20937) to work on /home/airflow/.local/lib/python3.6/site-packages/airflow/example_dags/example_latest_only.py
[2025-05-31 11:43:03,929] {processor.py:642} INFO - Processing file /home/airflow/.local/lib/python3.6/site-packages/airflow/example_dags/example_latest_only.py for tasks to queue
[2025-05-31 11:43:03,930] {logging_mixin.py:109} INFO - [2025-05-31 11:43:03,929] {dagbag.py:500} INFO - Filling up the DagBag from /home/airflow/.local/lib/python3.6/site-packages/airflow/example_dags/example_latest_only.py
[2025-05-31 11:43:03,963] {processor.py:654} INFO - DAG(s) dict_keys(['latest_only']) retrieved from /home/airflow/.local/lib/python3.6/site-packages/airflow/example_dags/example_latest_only.py
[2025-05-31 11:43:03,976] {logging_mixin.py:109} INFO - [2025-05-31 11:43:03,976] {dag.py:2396} INFO - Sync 1 DAGs
[2025-05-31 11:43:03,997] {logging_mixin.py:109} INFO - [2025-05-31 11:43:03,997] {dag.py:2935} INFO - Setting next_dagrun for latest_only to 2025-05-31T07:43:03.997527+00:00
[2025-05-31 11:43:04,010] {processor.py:171} INFO - Processing /home/airflow/.local/lib/python3.6/site-packages/airflow/example_dags/example_latest_only.py took 0.088 seconds
[2025-05-31 11:43:34,689] {processor.py:163} INFO - Started process (PID=21134) to work on /home/airflow/.local/lib/python3.6/site-packages/airflow/example_dags/example_latest_only.py
[2025-05-31 11:43:34,691] {processor.py:642} INFO - Processing file /home/airflow/.local/lib/python3.6/site-packages/airflow/example_dags/example_latest_only.py for tasks to queue
[2025-05-31 11:43:34,692] {logging_mixin.py:109} INFO - [2025-05-31 11:43:34,692] {dagbag.py:500} INFO - Filling up the DagBag from /home/airflow/.local/lib/python3.6/site-packages/airflow/example_dags/example_latest_only.py
[2025-05-31 11:43:34,750] {processor.py:654} INFO - DAG(s) dict_keys(['latest_only']) retrieved from /home/airflow/.local/lib/python3.6/site-packages/airflow/example_dags/example_latest_only.py
[2025-05-31 11:43:34,770] {logging_mixin.py:109} INFO - [2025-05-31 11:43:34,770] {dag.py:2396} INFO - Sync 1 DAGs
[2025-05-31 11:43:34,797] {logging_mixin.py:109} INFO - [2025-05-31 11:43:34,797] {dag.py:2935} INFO - Setting next_dagrun for latest_only to 2025-05-31T07:43:34.797269+00:00
[2025-05-31 11:43:34,811] {processor.py:171} INFO - Processing /home/airflow/.local/lib/python3.6/site-packages/airflow/example_dags/example_latest_only.py took 0.127 seconds
[2025-05-31 11:44:05,245] {processor.py:163} INFO - Started process (PID=21317) to work on /home/airflow/.local/lib/python3.6/site-packages/airflow/example_dags/example_latest_only.py
[2025-05-31 11:44:05,247] {processor.py:642} INFO - Processing file /home/airflow/.local/lib/python3.6/site-packages/airflow/example_dags/example_latest_only.py for tasks to queue
[2025-05-31 11:44:05,248] {logging_mixin.py:109} INFO - [2025-05-31 11:44:05,248] {dagbag.py:500} INFO - Filling up the DagBag from /home/airflow/.local/lib/python3.6/site-packages/airflow/example_dags/example_latest_only.py
[2025-05-31 11:44:05,283] {processor.py:654} INFO - DAG(s) dict_keys(['latest_only']) retrieved from /home/airflow/.local/lib/python3.6/site-packages/airflow/example_dags/example_latest_only.py
[2025-05-31 11:44:05,297] {logging_mixin.py:109} INFO - [2025-05-31 11:44:05,296] {dag.py:2396} INFO - Sync 1 DAGs
[2025-05-31 11:44:05,319] {logging_mixin.py:109} INFO - [2025-05-31 11:44:05,319] {dag.py:2935} INFO - Setting next_dagrun for latest_only to 2025-05-31T07:44:05.319228+00:00
[2025-05-31 11:44:05,332] {processor.py:171} INFO - Processing /home/airflow/.local/lib/python3.6/site-packages/airflow/example_dags/example_latest_only.py took 0.092 seconds
[2025-05-31 11:44:36,127] {processor.py:163} INFO - Started process (PID=21513) to work on /home/airflow/.local/lib/python3.6/site-packages/airflow/example_dags/example_latest_only.py
[2025-05-31 11:44:36,129] {processor.py:642} INFO - Processing file /home/airflow/.local/lib/python3.6/site-packages/airflow/example_dags/example_latest_only.py for tasks to queue
[2025-05-31 11:44:36,130] {logging_mixin.py:109} INFO - [2025-05-31 11:44:36,130] {dagbag.py:500} INFO - Filling up the DagBag from /home/airflow/.local/lib/python3.6/site-packages/airflow/example_dags/example_latest_only.py
[2025-05-31 11:44:36,167] {processor.py:654} INFO - DAG(s) dict_keys(['latest_only']) retrieved from /home/airflow/.local/lib/python3.6/site-packages/airflow/example_dags/example_latest_only.py
[2025-05-31 11:44:36,180] {logging_mixin.py:109} INFO - [2025-05-31 11:44:36,180] {dag.py:2396} INFO - Sync 1 DAGs
[2025-05-31 11:44:36,204] {logging_mixin.py:109} INFO - [2025-05-31 11:44:36,204] {dag.py:2935} INFO - Setting next_dagrun for latest_only to 2025-05-31T07:44:36.203804+00:00
[2025-05-31 11:44:36,216] {processor.py:171} INFO - Processing /home/airflow/.local/lib/python3.6/site-packages/airflow/example_dags/example_latest_only.py took 0.093 seconds
[2025-05-31 11:45:06,919] {processor.py:163} INFO - Started process (PID=21698) to work on /home/airflow/.local/lib/python3.6/site-packages/airflow/example_dags/example_latest_only.py
[2025-05-31 11:45:06,921] {processor.py:642} INFO - Processing file /home/airflow/.local/lib/python3.6/site-packages/airflow/example_dags/example_latest_only.py for tasks to queue
[2025-05-31 11:45:06,923] {logging_mixin.py:109} INFO - [2025-05-31 11:45:06,923] {dagbag.py:500} INFO - Filling up the DagBag from /home/airflow/.local/lib/python3.6/site-packages/airflow/example_dags/example_latest_only.py
[2025-05-31 11:45:06,972] {processor.py:654} INFO - DAG(s) dict_keys(['latest_only']) retrieved from /home/airflow/.local/lib/python3.6/site-packages/airflow/example_dags/example_latest_only.py
[2025-05-31 11:45:06,988] {logging_mixin.py:109} INFO - [2025-05-31 11:45:06,987] {dag.py:2396} INFO - Sync 1 DAGs
[2025-05-31 11:45:07,013] {logging_mixin.py:109} INFO - [2025-05-31 11:45:07,013] {dag.py:2935} INFO - Setting next_dagrun for latest_only to 2025-05-31T07:45:07.013251+00:00
[2025-05-31 11:45:07,026] {processor.py:171} INFO - Processing /home/airflow/.local/lib/python3.6/site-packages/airflow/example_dags/example_latest_only.py took 0.113 seconds
[2025-05-31 11:45:37,422] {processor.py:163} INFO - Started process (PID=21884) to work on /home/airflow/.local/lib/python3.6/site-packages/airflow/example_dags/example_latest_only.py
[2025-05-31 11:45:37,423] {processor.py:642} INFO - Processing file /home/airflow/.local/lib/python3.6/site-packages/airflow/example_dags/example_latest_only.py for tasks to queue
[2025-05-31 11:45:37,424] {logging_mixin.py:109} INFO - [2025-05-31 11:45:37,424] {dagbag.py:500} INFO - Filling up the DagBag from /home/airflow/.local/lib/python3.6/site-packages/airflow/example_dags/example_latest_only.py
[2025-05-31 11:45:37,457] {processor.py:654} INFO - DAG(s) dict_keys(['latest_only']) retrieved from /home/airflow/.local/lib/python3.6/site-packages/airflow/example_dags/example_latest_only.py
[2025-05-31 11:45:37,471] {logging_mixin.py:109} INFO - [2025-05-31 11:45:37,471] {dag.py:2396} INFO - Sync 1 DAGs
[2025-05-31 11:45:37,494] {logging_mixin.py:109} INFO - [2025-05-31 11:45:37,494] {dag.py:2935} INFO - Setting next_dagrun for latest_only to 2025-05-31T07:45:37.493841+00:00
[2025-05-31 11:45:37,506] {processor.py:171} INFO - Processing /home/airflow/.local/lib/python3.6/site-packages/airflow/example_dags/example_latest_only.py took 0.088 seconds
[2025-05-31 11:46:08,478] {processor.py:163} INFO - Started process (PID=22078) to work on /home/airflow/.local/lib/python3.6/site-packages/airflow/example_dags/example_latest_only.py
[2025-05-31 11:46:08,481] {processor.py:642} INFO - Processing file /home/airflow/.local/lib/python3.6/site-packages/airflow/example_dags/example_latest_only.py for tasks to queue
[2025-05-31 11:46:08,483] {logging_mixin.py:109} INFO - [2025-05-31 11:46:08,482] {dagbag.py:500} INFO - Filling up the DagBag from /home/airflow/.local/lib/python3.6/site-packages/airflow/example_dags/example_latest_only.py
[2025-05-31 11:46:08,527] {processor.py:654} INFO - DAG(s) dict_keys(['latest_only']) retrieved from /home/airflow/.local/lib/python3.6/site-packages/airflow/example_dags/example_latest_only.py
[2025-05-31 11:46:08,546] {logging_mixin.py:109} INFO - [2025-05-31 11:46:08,546] {dag.py:2396} INFO - Sync 1 DAGs
[2025-05-31 11:46:08,580] {logging_mixin.py:109} INFO - [2025-05-31 11:46:08,580] {dag.py:2935} INFO - Setting next_dagrun for latest_only to 2025-05-31T07:46:08.580094+00:00
[2025-05-31 11:46:08,595] {processor.py:171} INFO - Processing /home/airflow/.local/lib/python3.6/site-packages/airflow/example_dags/example_latest_only.py took 0.123 seconds
[2025-05-31 11:46:39,329] {processor.py:163} INFO - Started process (PID=22263) to work on /home/airflow/.local/lib/python3.6/site-packages/airflow/example_dags/example_latest_only.py
[2025-05-31 11:46:39,331] {processor.py:642} INFO - Processing file /home/airflow/.local/lib/python3.6/site-packages/airflow/example_dags/example_latest_only.py for tasks to queue
[2025-05-31 11:46:39,332] {logging_mixin.py:109} INFO - [2025-05-31 11:46:39,332] {dagbag.py:500} INFO - Filling up the DagBag from /home/airflow/.local/lib/python3.6/site-packages/airflow/example_dags/example_latest_only.py
[2025-05-31 11:46:39,364] {processor.py:654} INFO - DAG(s) dict_keys(['latest_only']) retrieved from /home/airflow/.local/lib/python3.6/site-packages/airflow/example_dags/example_latest_only.py
[2025-05-31 11:46:39,380] {logging_mixin.py:109} INFO - [2025-05-31 11:46:39,380] {dag.py:2396} INFO - Sync 1 DAGs
[2025-05-31 11:46:39,402] {logging_mixin.py:109} INFO - [2025-05-31 11:46:39,402] {dag.py:2935} INFO - Setting next_dagrun for latest_only to 2025-05-31T07:46:39.402235+00:00
[2025-05-31 11:46:39,414] {processor.py:171} INFO - Processing /home/airflow/.local/lib/python3.6/site-packages/airflow/example_dags/example_latest_only.py took 0.090 seconds
[2025-05-31 11:47:10,610] {processor.py:163} INFO - Started process (PID=22460) to work on /home/airflow/.local/lib/python3.6/site-packages/airflow/example_dags/example_latest_only.py
[2025-05-31 11:47:10,612] {processor.py:642} INFO - Processing file /home/airflow/.local/lib/python3.6/site-packages/airflow/example_dags/example_latest_only.py for tasks to queue
[2025-05-31 11:47:10,614] {logging_mixin.py:109} INFO - [2025-05-31 11:47:10,613] {dagbag.py:500} INFO - Filling up the DagBag from /home/airflow/.local/lib/python3.6/site-packages/airflow/example_dags/example_latest_only.py
[2025-05-31 11:47:10,649] {processor.py:654} INFO - DAG(s) dict_keys(['latest_only']) retrieved from /home/airflow/.local/lib/python3.6/site-packages/airflow/example_dags/example_latest_only.py
[2025-05-31 11:47:10,662] {logging_mixin.py:109} INFO - [2025-05-31 11:47:10,662] {dag.py:2396} INFO - Sync 1 DAGs
[2025-05-31 11:47:10,685] {logging_mixin.py:109} INFO - [2025-05-31 11:47:10,685] {dag.py:2935} INFO - Setting next_dagrun for latest_only to 2025-05-31T07:47:10.685075+00:00
[2025-05-31 11:47:10,697] {processor.py:171} INFO - Processing /home/airflow/.local/lib/python3.6/site-packages/airflow/example_dags/example_latest_only.py took 0.091 seconds
[2025-05-31 11:47:41,608] {processor.py:163} INFO - Started process (PID=22643) to work on /home/airflow/.local/lib/python3.6/site-packages/airflow/example_dags/example_latest_only.py
[2025-05-31 11:47:41,609] {processor.py:642} INFO - Processing file /home/airflow/.local/lib/python3.6/site-packages/airflow/example_dags/example_latest_only.py for tasks to queue
[2025-05-31 11:47:41,611] {logging_mixin.py:109} INFO - [2025-05-31 11:47:41,610] {dagbag.py:500} INFO - Filling up the DagBag from /home/airflow/.local/lib/python3.6/site-packages/airflow/example_dags/example_latest_only.py
[2025-05-31 11:47:41,644] {processor.py:654} INFO - DAG(s) dict_keys(['latest_only']) retrieved from /home/airflow/.local/lib/python3.6/site-packages/airflow/example_dags/example_latest_only.py
[2025-05-31 11:47:41,658] {logging_mixin.py:109} INFO - [2025-05-31 11:47:41,658] {dag.py:2396} INFO - Sync 1 DAGs
[2025-05-31 11:47:41,680] {logging_mixin.py:109} INFO - [2025-05-31 11:47:41,680] {dag.py:2935} INFO - Setting next_dagrun for latest_only to 2025-05-31T07:47:41.679825+00:00
[2025-05-31 11:47:41,691] {processor.py:171} INFO - Processing /home/airflow/.local/lib/python3.6/site-packages/airflow/example_dags/example_latest_only.py took 0.088 seconds
[2025-05-31 11:48:12,757] {processor.py:163} INFO - Started process (PID=22828) to work on /home/airflow/.local/lib/python3.6/site-packages/airflow/example_dags/example_latest_only.py
[2025-05-31 11:48:12,759] {processor.py:642} INFO - Processing file /home/airflow/.local/lib/python3.6/site-packages/airflow/example_dags/example_latest_only.py for tasks to queue
[2025-05-31 11:48:12,760] {logging_mixin.py:109} INFO - [2025-05-31 11:48:12,760] {dagbag.py:500} INFO - Filling up the DagBag from /home/airflow/.local/lib/python3.6/site-packages/airflow/example_dags/example_latest_only.py
[2025-05-31 11:48:12,792] {processor.py:654} INFO - DAG(s) dict_keys(['latest_only']) retrieved from /home/airflow/.local/lib/python3.6/site-packages/airflow/example_dags/example_latest_only.py
[2025-05-31 11:48:12,804] {logging_mixin.py:109} INFO - [2025-05-31 11:48:12,804] {dag.py:2396} INFO - Sync 1 DAGs
[2025-05-31 11:48:12,827] {logging_mixin.py:109} INFO - [2025-05-31 11:48:12,827] {dag.py:2935} INFO - Setting next_dagrun for latest_only to 2025-05-31T07:48:12.826723+00:00
[2025-05-31 11:48:12,840] {processor.py:171} INFO - Processing /home/airflow/.local/lib/python3.6/site-packages/airflow/example_dags/example_latest_only.py took 0.088 seconds
[2025-05-31 11:48:43,985] {processor.py:163} INFO - Started process (PID=23025) to work on /home/airflow/.local/lib/python3.6/site-packages/airflow/example_dags/example_latest_only.py
[2025-05-31 11:48:43,986] {processor.py:642} INFO - Processing file /home/airflow/.local/lib/python3.6/site-packages/airflow/example_dags/example_latest_only.py for tasks to queue
[2025-05-31 11:48:43,987] {logging_mixin.py:109} INFO - [2025-05-31 11:48:43,987] {dagbag.py:500} INFO - Filling up the DagBag from /home/airflow/.local/lib/python3.6/site-packages/airflow/example_dags/example_latest_only.py
[2025-05-31 11:48:44,022] {processor.py:654} INFO - DAG(s) dict_keys(['latest_only']) retrieved from /home/airflow/.local/lib/python3.6/site-packages/airflow/example_dags/example_latest_only.py
[2025-05-31 11:48:44,034] {logging_mixin.py:109} INFO - [2025-05-31 11:48:44,034] {dag.py:2396} INFO - Sync 1 DAGs
[2025-05-31 11:48:44,055] {logging_mixin.py:109} INFO - [2025-05-31 11:48:44,055] {dag.py:2935} INFO - Setting next_dagrun for latest_only to 2025-05-31T07:48:44.055452+00:00
[2025-05-31 11:48:44,072] {processor.py:171} INFO - Processing /home/airflow/.local/lib/python3.6/site-packages/airflow/example_dags/example_latest_only.py took 0.092 seconds
[2025-05-31 11:49:15,354] {processor.py:163} INFO - Started process (PID=23223) to work on /home/airflow/.local/lib/python3.6/site-packages/airflow/example_dags/example_latest_only.py
[2025-05-31 11:49:15,356] {processor.py:642} INFO - Processing file /home/airflow/.local/lib/python3.6/site-packages/airflow/example_dags/example_latest_only.py for tasks to queue
[2025-05-31 11:49:15,357] {logging_mixin.py:109} INFO - [2025-05-31 11:49:15,357] {dagbag.py:500} INFO - Filling up the DagBag from /home/airflow/.local/lib/python3.6/site-packages/airflow/example_dags/example_latest_only.py
[2025-05-31 11:49:15,411] {processor.py:654} INFO - DAG(s) dict_keys(['latest_only']) retrieved from /home/airflow/.local/lib/python3.6/site-packages/airflow/example_dags/example_latest_only.py
[2025-05-31 11:49:15,429] {logging_mixin.py:109} INFO - [2025-05-31 11:49:15,429] {dag.py:2396} INFO - Sync 1 DAGs
[2025-05-31 11:49:15,460] {logging_mixin.py:109} INFO - [2025-05-31 11:49:15,459] {dag.py:2935} INFO - Setting next_dagrun for latest_only to 2025-05-31T07:49:15.459538+00:00
[2025-05-31 11:49:15,475] {processor.py:171} INFO - Processing /home/airflow/.local/lib/python3.6/site-packages/airflow/example_dags/example_latest_only.py took 0.126 seconds
[2025-05-31 11:49:46,527] {processor.py:163} INFO - Started process (PID=23418) to work on /home/airflow/.local/lib/python3.6/site-packages/airflow/example_dags/example_latest_only.py
[2025-05-31 11:49:46,529] {processor.py:642} INFO - Processing file /home/airflow/.local/lib/python3.6/site-packages/airflow/example_dags/example_latest_only.py for tasks to queue
[2025-05-31 11:49:46,530] {logging_mixin.py:109} INFO - [2025-05-31 11:49:46,530] {dagbag.py:500} INFO - Filling up the DagBag from /home/airflow/.local/lib/python3.6/site-packages/airflow/example_dags/example_latest_only.py
[2025-05-31 11:49:46,564] {processor.py:654} INFO - DAG(s) dict_keys(['latest_only']) retrieved from /home/airflow/.local/lib/python3.6/site-packages/airflow/example_dags/example_latest_only.py
[2025-05-31 11:49:46,578] {logging_mixin.py:109} INFO - [2025-05-31 11:49:46,578] {dag.py:2396} INFO - Sync 1 DAGs
[2025-05-31 11:49:46,601] {logging_mixin.py:109} INFO - [2025-05-31 11:49:46,601] {dag.py:2935} INFO - Setting next_dagrun for latest_only to 2025-05-31T07:49:46.600831+00:00
[2025-05-31 11:49:46,615] {processor.py:171} INFO - Processing /home/airflow/.local/lib/python3.6/site-packages/airflow/example_dags/example_latest_only.py took 0.092 seconds
[2025-05-31 11:50:17,385] {processor.py:163} INFO - Started process (PID=23605) to work on /home/airflow/.local/lib/python3.6/site-packages/airflow/example_dags/example_latest_only.py
[2025-05-31 11:50:17,387] {processor.py:642} INFO - Processing file /home/airflow/.local/lib/python3.6/site-packages/airflow/example_dags/example_latest_only.py for tasks to queue
[2025-05-31 11:50:17,388] {logging_mixin.py:109} INFO - [2025-05-31 11:50:17,388] {dagbag.py:500} INFO - Filling up the DagBag from /home/airflow/.local/lib/python3.6/site-packages/airflow/example_dags/example_latest_only.py
[2025-05-31 11:50:17,425] {processor.py:654} INFO - DAG(s) dict_keys(['latest_only']) retrieved from /home/airflow/.local/lib/python3.6/site-packages/airflow/example_dags/example_latest_only.py
[2025-05-31 11:50:17,439] {logging_mixin.py:109} INFO - [2025-05-31 11:50:17,439] {dag.py:2396} INFO - Sync 1 DAGs
[2025-05-31 11:50:17,465] {logging_mixin.py:109} INFO - [2025-05-31 11:50:17,465] {dag.py:2935} INFO - Setting next_dagrun for latest_only to 2025-05-31T07:50:17.464750+00:00
[2025-05-31 11:50:17,478] {processor.py:171} INFO - Processing /home/airflow/.local/lib/python3.6/site-packages/airflow/example_dags/example_latest_only.py took 0.098 seconds
[2025-05-31 11:50:48,826] {processor.py:163} INFO - Started process (PID=23798) to work on /home/airflow/.local/lib/python3.6/site-packages/airflow/example_dags/example_latest_only.py
[2025-05-31 11:50:48,828] {processor.py:642} INFO - Processing file /home/airflow/.local/lib/python3.6/site-packages/airflow/example_dags/example_latest_only.py for tasks to queue
[2025-05-31 11:50:48,829] {logging_mixin.py:109} INFO - [2025-05-31 11:50:48,829] {dagbag.py:500} INFO - Filling up the DagBag from /home/airflow/.local/lib/python3.6/site-packages/airflow/example_dags/example_latest_only.py
[2025-05-31 11:50:48,873] {processor.py:654} INFO - DAG(s) dict_keys(['latest_only']) retrieved from /home/airflow/.local/lib/python3.6/site-packages/airflow/example_dags/example_latest_only.py
[2025-05-31 11:50:48,889] {logging_mixin.py:109} INFO - [2025-05-31 11:50:48,889] {dag.py:2396} INFO - Sync 1 DAGs
[2025-05-31 11:50:48,916] {logging_mixin.py:109} INFO - [2025-05-31 11:50:48,916] {dag.py:2935} INFO - Setting next_dagrun for latest_only to 2025-05-31T07:50:48.916164+00:00
[2025-05-31 11:50:48,934] {processor.py:171} INFO - Processing /home/airflow/.local/lib/python3.6/site-packages/airflow/example_dags/example_latest_only.py took 0.112 seconds
[2025-05-31 11:51:19,618] {processor.py:163} INFO - Started process (PID=23983) to work on /home/airflow/.local/lib/python3.6/site-packages/airflow/example_dags/example_latest_only.py
[2025-05-31 11:51:19,620] {processor.py:642} INFO - Processing file /home/airflow/.local/lib/python3.6/site-packages/airflow/example_dags/example_latest_only.py for tasks to queue
[2025-05-31 11:51:19,621] {logging_mixin.py:109} INFO - [2025-05-31 11:51:19,621] {dagbag.py:500} INFO - Filling up the DagBag from /home/airflow/.local/lib/python3.6/site-packages/airflow/example_dags/example_latest_only.py
[2025-05-31 11:51:19,660] {processor.py:654} INFO - DAG(s) dict_keys(['latest_only']) retrieved from /home/airflow/.local/lib/python3.6/site-packages/airflow/example_dags/example_latest_only.py
[2025-05-31 11:51:19,680] {logging_mixin.py:109} INFO - [2025-05-31 11:51:19,680] {dag.py:2396} INFO - Sync 1 DAGs
[2025-05-31 11:51:19,710] {logging_mixin.py:109} INFO - [2025-05-31 11:51:19,709] {dag.py:2935} INFO - Setting next_dagrun for latest_only to 2025-05-31T07:51:19.709435+00:00
[2025-05-31 11:51:19,724] {processor.py:171} INFO - Processing /home/airflow/.local/lib/python3.6/site-packages/airflow/example_dags/example_latest_only.py took 0.112 seconds
[2025-05-31 11:51:50,290] {processor.py:163} INFO - Started process (PID=24167) to work on /home/airflow/.local/lib/python3.6/site-packages/airflow/example_dags/example_latest_only.py
[2025-05-31 11:51:50,292] {processor.py:642} INFO - Processing file /home/airflow/.local/lib/python3.6/site-packages/airflow/example_dags/example_latest_only.py for tasks to queue
[2025-05-31 11:51:50,294] {logging_mixin.py:109} INFO - [2025-05-31 11:51:50,294] {dagbag.py:500} INFO - Filling up the DagBag from /home/airflow/.local/lib/python3.6/site-packages/airflow/example_dags/example_latest_only.py
[2025-05-31 11:51:50,332] {processor.py:654} INFO - DAG(s) dict_keys(['latest_only']) retrieved from /home/airflow/.local/lib/python3.6/site-packages/airflow/example_dags/example_latest_only.py
[2025-05-31 11:51:50,348] {logging_mixin.py:109} INFO - [2025-05-31 11:51:50,348] {dag.py:2396} INFO - Sync 1 DAGs
[2025-05-31 11:51:50,377] {logging_mixin.py:109} INFO - [2025-05-31 11:51:50,377] {dag.py:2935} INFO - Setting next_dagrun for latest_only to 2025-05-31T07:51:50.377155+00:00
[2025-05-31 11:51:50,391] {processor.py:171} INFO - Processing /home/airflow/.local/lib/python3.6/site-packages/airflow/example_dags/example_latest_only.py took 0.106 seconds
[2025-05-31 11:52:21,322] {processor.py:163} INFO - Started process (PID=24362) to work on /home/airflow/.local/lib/python3.6/site-packages/airflow/example_dags/example_latest_only.py
[2025-05-31 11:52:21,324] {processor.py:642} INFO - Processing file /home/airflow/.local/lib/python3.6/site-packages/airflow/example_dags/example_latest_only.py for tasks to queue
[2025-05-31 11:52:21,326] {logging_mixin.py:109} INFO - [2025-05-31 11:52:21,325] {dagbag.py:500} INFO - Filling up the DagBag from /home/airflow/.local/lib/python3.6/site-packages/airflow/example_dags/example_latest_only.py
[2025-05-31 11:52:21,360] {processor.py:654} INFO - DAG(s) dict_keys(['latest_only']) retrieved from /home/airflow/.local/lib/python3.6/site-packages/airflow/example_dags/example_latest_only.py
[2025-05-31 11:52:21,375] {logging_mixin.py:109} INFO - [2025-05-31 11:52:21,375] {dag.py:2396} INFO - Sync 1 DAGs
[2025-05-31 11:52:21,398] {logging_mixin.py:109} INFO - [2025-05-31 11:52:21,398] {dag.py:2935} INFO - Setting next_dagrun for latest_only to 2025-05-31T07:52:21.398184+00:00
[2025-05-31 11:52:21,411] {processor.py:171} INFO - Processing /home/airflow/.local/lib/python3.6/site-packages/airflow/example_dags/example_latest_only.py took 0.094 seconds
[2025-05-31 11:52:52,131] {processor.py:163} INFO - Started process (PID=24547) to work on /home/airflow/.local/lib/python3.6/site-packages/airflow/example_dags/example_latest_only.py
[2025-05-31 11:52:52,133] {processor.py:642} INFO - Processing file /home/airflow/.local/lib/python3.6/site-packages/airflow/example_dags/example_latest_only.py for tasks to queue
[2025-05-31 11:52:52,134] {logging_mixin.py:109} INFO - [2025-05-31 11:52:52,134] {dagbag.py:500} INFO - Filling up the DagBag from /home/airflow/.local/lib/python3.6/site-packages/airflow/example_dags/example_latest_only.py
[2025-05-31 11:52:52,169] {processor.py:654} INFO - DAG(s) dict_keys(['latest_only']) retrieved from /home/airflow/.local/lib/python3.6/site-packages/airflow/example_dags/example_latest_only.py
[2025-05-31 11:52:52,181] {logging_mixin.py:109} INFO - [2025-05-31 11:52:52,181] {dag.py:2396} INFO - Sync 1 DAGs
[2025-05-31 11:52:52,203] {logging_mixin.py:109} INFO - [2025-05-31 11:52:52,203] {dag.py:2935} INFO - Setting next_dagrun for latest_only to 2025-05-31T07:52:52.203544+00:00
[2025-05-31 11:52:52,215] {processor.py:171} INFO - Processing /home/airflow/.local/lib/python3.6/site-packages/airflow/example_dags/example_latest_only.py took 0.088 seconds
[2025-05-31 11:53:23,433] {processor.py:163} INFO - Started process (PID=24742) to work on /home/airflow/.local/lib/python3.6/site-packages/airflow/example_dags/example_latest_only.py
[2025-05-31 11:53:23,436] {processor.py:642} INFO - Processing file /home/airflow/.local/lib/python3.6/site-packages/airflow/example_dags/example_latest_only.py for tasks to queue
[2025-05-31 11:53:23,437] {logging_mixin.py:109} INFO - [2025-05-31 11:53:23,437] {dagbag.py:500} INFO - Filling up the DagBag from /home/airflow/.local/lib/python3.6/site-packages/airflow/example_dags/example_latest_only.py
[2025-05-31 11:53:23,477] {processor.py:654} INFO - DAG(s) dict_keys(['latest_only']) retrieved from /home/airflow/.local/lib/python3.6/site-packages/airflow/example_dags/example_latest_only.py
[2025-05-31 11:53:23,495] {logging_mixin.py:109} INFO - [2025-05-31 11:53:23,495] {dag.py:2396} INFO - Sync 1 DAGs
[2025-05-31 11:53:23,523] {logging_mixin.py:109} INFO - [2025-05-31 11:53:23,523] {dag.py:2935} INFO - Setting next_dagrun for latest_only to 2025-05-31T07:53:23.523255+00:00
[2025-05-31 11:53:23,540] {processor.py:171} INFO - Processing /home/airflow/.local/lib/python3.6/site-packages/airflow/example_dags/example_latest_only.py took 0.113 seconds
[2025-05-31 11:53:54,004] {processor.py:163} INFO - Started process (PID=24929) to work on /home/airflow/.local/lib/python3.6/site-packages/airflow/example_dags/example_latest_only.py
[2025-05-31 11:53:54,006] {processor.py:642} INFO - Processing file /home/airflow/.local/lib/python3.6/site-packages/airflow/example_dags/example_latest_only.py for tasks to queue
[2025-05-31 11:53:54,007] {logging_mixin.py:109} INFO - [2025-05-31 11:53:54,007] {dagbag.py:500} INFO - Filling up the DagBag from /home/airflow/.local/lib/python3.6/site-packages/airflow/example_dags/example_latest_only.py
[2025-05-31 11:53:54,040] {processor.py:654} INFO - DAG(s) dict_keys(['latest_only']) retrieved from /home/airflow/.local/lib/python3.6/site-packages/airflow/example_dags/example_latest_only.py
[2025-05-31 11:53:54,052] {logging_mixin.py:109} INFO - [2025-05-31 11:53:54,052] {dag.py:2396} INFO - Sync 1 DAGs
[2025-05-31 11:53:54,075] {logging_mixin.py:109} INFO - [2025-05-31 11:53:54,074] {dag.py:2935} INFO - Setting next_dagrun for latest_only to 2025-05-31T07:53:54.074332+00:00
[2025-05-31 11:53:54,088] {processor.py:171} INFO - Processing /home/airflow/.local/lib/python3.6/site-packages/airflow/example_dags/example_latest_only.py took 0.088 seconds
[2025-05-31 11:54:24,371] {processor.py:163} INFO - Started process (PID=25112) to work on /home/airflow/.local/lib/python3.6/site-packages/airflow/example_dags/example_latest_only.py
[2025-05-31 11:54:24,373] {processor.py:642} INFO - Processing file /home/airflow/.local/lib/python3.6/site-packages/airflow/example_dags/example_latest_only.py for tasks to queue
[2025-05-31 11:54:24,374] {logging_mixin.py:109} INFO - [2025-05-31 11:54:24,374] {dagbag.py:500} INFO - Filling up the DagBag from /home/airflow/.local/lib/python3.6/site-packages/airflow/example_dags/example_latest_only.py
[2025-05-31 11:54:24,409] {processor.py:654} INFO - DAG(s) dict_keys(['latest_only']) retrieved from /home/airflow/.local/lib/python3.6/site-packages/airflow/example_dags/example_latest_only.py
[2025-05-31 11:54:24,426] {logging_mixin.py:109} INFO - [2025-05-31 11:54:24,426] {dag.py:2396} INFO - Sync 1 DAGs
[2025-05-31 11:54:24,450] {logging_mixin.py:109} INFO - [2025-05-31 11:54:24,450] {dag.py:2935} INFO - Setting next_dagrun for latest_only to 2025-05-31T07:54:24.450432+00:00
[2025-05-31 11:54:24,464] {processor.py:171} INFO - Processing /home/airflow/.local/lib/python3.6/site-packages/airflow/example_dags/example_latest_only.py took 0.098 seconds
[2025-05-31 11:54:54,918] {processor.py:163} INFO - Started process (PID=25307) to work on /home/airflow/.local/lib/python3.6/site-packages/airflow/example_dags/example_latest_only.py
[2025-05-31 11:54:54,920] {processor.py:642} INFO - Processing file /home/airflow/.local/lib/python3.6/site-packages/airflow/example_dags/example_latest_only.py for tasks to queue
[2025-05-31 11:54:54,920] {logging_mixin.py:109} INFO - [2025-05-31 11:54:54,920] {dagbag.py:500} INFO - Filling up the DagBag from /home/airflow/.local/lib/python3.6/site-packages/airflow/example_dags/example_latest_only.py
[2025-05-31 11:54:54,956] {processor.py:654} INFO - DAG(s) dict_keys(['latest_only']) retrieved from /home/airflow/.local/lib/python3.6/site-packages/airflow/example_dags/example_latest_only.py
[2025-05-31 11:54:54,973] {logging_mixin.py:109} INFO - [2025-05-31 11:54:54,973] {dag.py:2396} INFO - Sync 1 DAGs
[2025-05-31 11:54:55,001] {logging_mixin.py:109} INFO - [2025-05-31 11:54:55,001] {dag.py:2935} INFO - Setting next_dagrun for latest_only to 2025-05-31T07:54:55.000522+00:00
[2025-05-31 11:54:55,014] {processor.py:171} INFO - Processing /home/airflow/.local/lib/python3.6/site-packages/airflow/example_dags/example_latest_only.py took 0.100 seconds
[2025-05-31 11:55:25,633] {processor.py:163} INFO - Started process (PID=25494) to work on /home/airflow/.local/lib/python3.6/site-packages/airflow/example_dags/example_latest_only.py
[2025-05-31 11:55:25,635] {processor.py:642} INFO - Processing file /home/airflow/.local/lib/python3.6/site-packages/airflow/example_dags/example_latest_only.py for tasks to queue
[2025-05-31 11:55:25,635] {logging_mixin.py:109} INFO - [2025-05-31 11:55:25,635] {dagbag.py:500} INFO - Filling up the DagBag from /home/airflow/.local/lib/python3.6/site-packages/airflow/example_dags/example_latest_only.py
[2025-05-31 11:55:25,668] {processor.py:654} INFO - DAG(s) dict_keys(['latest_only']) retrieved from /home/airflow/.local/lib/python3.6/site-packages/airflow/example_dags/example_latest_only.py
[2025-05-31 11:55:25,681] {logging_mixin.py:109} INFO - [2025-05-31 11:55:25,681] {dag.py:2396} INFO - Sync 1 DAGs
[2025-05-31 11:55:25,703] {logging_mixin.py:109} INFO - [2025-05-31 11:55:25,703] {dag.py:2935} INFO - Setting next_dagrun for latest_only to 2025-05-31T07:55:25.703342+00:00
[2025-05-31 11:55:25,715] {processor.py:171} INFO - Processing /home/airflow/.local/lib/python3.6/site-packages/airflow/example_dags/example_latest_only.py took 0.086 seconds
[2025-05-31 11:55:56,229] {processor.py:163} INFO - Started process (PID=25687) to work on /home/airflow/.local/lib/python3.6/site-packages/airflow/example_dags/example_latest_only.py
[2025-05-31 11:55:56,232] {processor.py:642} INFO - Processing file /home/airflow/.local/lib/python3.6/site-packages/airflow/example_dags/example_latest_only.py for tasks to queue
[2025-05-31 11:55:56,233] {logging_mixin.py:109} INFO - [2025-05-31 11:55:56,233] {dagbag.py:500} INFO - Filling up the DagBag from /home/airflow/.local/lib/python3.6/site-packages/airflow/example_dags/example_latest_only.py
[2025-05-31 11:55:56,269] {processor.py:654} INFO - DAG(s) dict_keys(['latest_only']) retrieved from /home/airflow/.local/lib/python3.6/site-packages/airflow/example_dags/example_latest_only.py
[2025-05-31 11:55:56,289] {logging_mixin.py:109} INFO - [2025-05-31 11:55:56,289] {dag.py:2396} INFO - Sync 1 DAGs
[2025-05-31 11:55:56,324] {logging_mixin.py:109} INFO - [2025-05-31 11:55:56,324] {dag.py:2935} INFO - Setting next_dagrun for latest_only to 2025-05-31T07:55:56.323721+00:00
[2025-05-31 11:55:56,344] {processor.py:171} INFO - Processing /home/airflow/.local/lib/python3.6/site-packages/airflow/example_dags/example_latest_only.py took 0.121 seconds
[2025-05-31 11:56:27,098] {processor.py:163} INFO - Started process (PID=25872) to work on /home/airflow/.local/lib/python3.6/site-packages/airflow/example_dags/example_latest_only.py
[2025-05-31 11:56:27,100] {processor.py:642} INFO - Processing file /home/airflow/.local/lib/python3.6/site-packages/airflow/example_dags/example_latest_only.py for tasks to queue
[2025-05-31 11:56:27,101] {logging_mixin.py:109} INFO - [2025-05-31 11:56:27,101] {dagbag.py:500} INFO - Filling up the DagBag from /home/airflow/.local/lib/python3.6/site-packages/airflow/example_dags/example_latest_only.py
[2025-05-31 11:56:27,139] {processor.py:654} INFO - DAG(s) dict_keys(['latest_only']) retrieved from /home/airflow/.local/lib/python3.6/site-packages/airflow/example_dags/example_latest_only.py
[2025-05-31 11:56:27,154] {logging_mixin.py:109} INFO - [2025-05-31 11:56:27,153] {dag.py:2396} INFO - Sync 1 DAGs
[2025-05-31 11:56:27,178] {logging_mixin.py:109} INFO - [2025-05-31 11:56:27,177] {dag.py:2935} INFO - Setting next_dagrun for latest_only to 2025-05-31T07:56:27.177608+00:00
[2025-05-31 11:56:27,191] {processor.py:171} INFO - Processing /home/airflow/.local/lib/python3.6/site-packages/airflow/example_dags/example_latest_only.py took 0.098 seconds
[2025-05-31 11:56:57,368] {processor.py:163} INFO - Started process (PID=26057) to work on /home/airflow/.local/lib/python3.6/site-packages/airflow/example_dags/example_latest_only.py
[2025-05-31 11:56:57,370] {processor.py:642} INFO - Processing file /home/airflow/.local/lib/python3.6/site-packages/airflow/example_dags/example_latest_only.py for tasks to queue
[2025-05-31 11:56:57,371] {logging_mixin.py:109} INFO - [2025-05-31 11:56:57,371] {dagbag.py:500} INFO - Filling up the DagBag from /home/airflow/.local/lib/python3.6/site-packages/airflow/example_dags/example_latest_only.py
[2025-05-31 11:56:57,402] {processor.py:654} INFO - DAG(s) dict_keys(['latest_only']) retrieved from /home/airflow/.local/lib/python3.6/site-packages/airflow/example_dags/example_latest_only.py
[2025-05-31 11:56:57,415] {logging_mixin.py:109} INFO - [2025-05-31 11:56:57,415] {dag.py:2396} INFO - Sync 1 DAGs
[2025-05-31 11:56:57,437] {logging_mixin.py:109} INFO - [2025-05-31 11:56:57,437] {dag.py:2935} INFO - Setting next_dagrun for latest_only to 2025-05-31T07:56:57.436674+00:00
[2025-05-31 11:56:57,449] {processor.py:171} INFO - Processing /home/airflow/.local/lib/python3.6/site-packages/airflow/example_dags/example_latest_only.py took 0.086 seconds
[2025-05-31 11:57:28,155] {processor.py:163} INFO - Started process (PID=26259) to work on /home/airflow/.local/lib/python3.6/site-packages/airflow/example_dags/example_latest_only.py
[2025-05-31 11:57:28,157] {processor.py:642} INFO - Processing file /home/airflow/.local/lib/python3.6/site-packages/airflow/example_dags/example_latest_only.py for tasks to queue
[2025-05-31 11:57:28,158] {logging_mixin.py:109} INFO - [2025-05-31 11:57:28,158] {dagbag.py:500} INFO - Filling up the DagBag from /home/airflow/.local/lib/python3.6/site-packages/airflow/example_dags/example_latest_only.py
[2025-05-31 11:57:28,190] {processor.py:654} INFO - DAG(s) dict_keys(['latest_only']) retrieved from /home/airflow/.local/lib/python3.6/site-packages/airflow/example_dags/example_latest_only.py
[2025-05-31 11:57:28,203] {logging_mixin.py:109} INFO - [2025-05-31 11:57:28,203] {dag.py:2396} INFO - Sync 1 DAGs
[2025-05-31 11:57:28,225] {logging_mixin.py:109} INFO - [2025-05-31 11:57:28,225] {dag.py:2935} INFO - Setting next_dagrun for latest_only to 2025-05-31T07:57:28.225340+00:00
[2025-05-31 11:57:28,237] {processor.py:171} INFO - Processing /home/airflow/.local/lib/python3.6/site-packages/airflow/example_dags/example_latest_only.py took 0.086 seconds
[2025-05-31 11:57:58,766] {processor.py:163} INFO - Started process (PID=26442) to work on /home/airflow/.local/lib/python3.6/site-packages/airflow/example_dags/example_latest_only.py
[2025-05-31 11:57:58,768] {processor.py:642} INFO - Processing file /home/airflow/.local/lib/python3.6/site-packages/airflow/example_dags/example_latest_only.py for tasks to queue
[2025-05-31 11:57:58,770] {logging_mixin.py:109} INFO - [2025-05-31 11:57:58,770] {dagbag.py:500} INFO - Filling up the DagBag from /home/airflow/.local/lib/python3.6/site-packages/airflow/example_dags/example_latest_only.py
[2025-05-31 11:57:58,804] {processor.py:654} INFO - DAG(s) dict_keys(['latest_only']) retrieved from /home/airflow/.local/lib/python3.6/site-packages/airflow/example_dags/example_latest_only.py
[2025-05-31 11:57:58,817] {logging_mixin.py:109} INFO - [2025-05-31 11:57:58,817] {dag.py:2396} INFO - Sync 1 DAGs
[2025-05-31 11:57:58,840] {logging_mixin.py:109} INFO - [2025-05-31 11:57:58,840] {dag.py:2935} INFO - Setting next_dagrun for latest_only to 2025-05-31T07:57:58.839858+00:00
[2025-05-31 11:57:58,852] {processor.py:171} INFO - Processing /home/airflow/.local/lib/python3.6/site-packages/airflow/example_dags/example_latest_only.py took 0.091 seconds
[2025-05-31 11:58:29,507] {processor.py:163} INFO - Started process (PID=26637) to work on /home/airflow/.local/lib/python3.6/site-packages/airflow/example_dags/example_latest_only.py
[2025-05-31 11:58:29,509] {processor.py:642} INFO - Processing file /home/airflow/.local/lib/python3.6/site-packages/airflow/example_dags/example_latest_only.py for tasks to queue
[2025-05-31 11:58:29,510] {logging_mixin.py:109} INFO - [2025-05-31 11:58:29,510] {dagbag.py:500} INFO - Filling up the DagBag from /home/airflow/.local/lib/python3.6/site-packages/airflow/example_dags/example_latest_only.py
[2025-05-31 11:58:29,544] {processor.py:654} INFO - DAG(s) dict_keys(['latest_only']) retrieved from /home/airflow/.local/lib/python3.6/site-packages/airflow/example_dags/example_latest_only.py
[2025-05-31 11:58:29,560] {logging_mixin.py:109} INFO - [2025-05-31 11:58:29,559] {dag.py:2396} INFO - Sync 1 DAGs
[2025-05-31 11:58:29,593] {logging_mixin.py:109} INFO - [2025-05-31 11:58:29,593] {dag.py:2935} INFO - Setting next_dagrun for latest_only to 2025-05-31T07:58:29.593199+00:00
[2025-05-31 11:58:29,607] {processor.py:171} INFO - Processing /home/airflow/.local/lib/python3.6/site-packages/airflow/example_dags/example_latest_only.py took 0.106 seconds
[2025-05-31 11:58:59,673] {processor.py:163} INFO - Started process (PID=26819) to work on /home/airflow/.local/lib/python3.6/site-packages/airflow/example_dags/example_latest_only.py
[2025-05-31 11:58:59,675] {processor.py:642} INFO - Processing file /home/airflow/.local/lib/python3.6/site-packages/airflow/example_dags/example_latest_only.py for tasks to queue
[2025-05-31 11:58:59,676] {logging_mixin.py:109} INFO - [2025-05-31 11:58:59,676] {dagbag.py:500} INFO - Filling up the DagBag from /home/airflow/.local/lib/python3.6/site-packages/airflow/example_dags/example_latest_only.py
[2025-05-31 11:58:59,707] {processor.py:654} INFO - DAG(s) dict_keys(['latest_only']) retrieved from /home/airflow/.local/lib/python3.6/site-packages/airflow/example_dags/example_latest_only.py
[2025-05-31 11:58:59,718] {logging_mixin.py:109} INFO - [2025-05-31 11:58:59,718] {dag.py:2396} INFO - Sync 1 DAGs
[2025-05-31 11:58:59,736] {logging_mixin.py:109} INFO - [2025-05-31 11:58:59,736] {dag.py:2935} INFO - Setting next_dagrun for latest_only to 2025-05-31T07:58:59.736056+00:00
[2025-05-31 11:58:59,746] {processor.py:171} INFO - Processing /home/airflow/.local/lib/python3.6/site-packages/airflow/example_dags/example_latest_only.py took 0.077 seconds
[2025-05-31 11:59:30,001] {processor.py:163} INFO - Started process (PID=27004) to work on /home/airflow/.local/lib/python3.6/site-packages/airflow/example_dags/example_latest_only.py
[2025-05-31 11:59:30,002] {processor.py:642} INFO - Processing file /home/airflow/.local/lib/python3.6/site-packages/airflow/example_dags/example_latest_only.py for tasks to queue
[2025-05-31 11:59:30,003] {logging_mixin.py:109} INFO - [2025-05-31 11:59:30,003] {dagbag.py:500} INFO - Filling up the DagBag from /home/airflow/.local/lib/python3.6/site-packages/airflow/example_dags/example_latest_only.py
[2025-05-31 11:59:30,031] {processor.py:654} INFO - DAG(s) dict_keys(['latest_only']) retrieved from /home/airflow/.local/lib/python3.6/site-packages/airflow/example_dags/example_latest_only.py
[2025-05-31 11:59:30,043] {logging_mixin.py:109} INFO - [2025-05-31 11:59:30,043] {dag.py:2396} INFO - Sync 1 DAGs
[2025-05-31 11:59:30,063] {logging_mixin.py:109} INFO - [2025-05-31 11:59:30,063] {dag.py:2935} INFO - Setting next_dagrun for latest_only to 2025-05-31T07:59:30.063070+00:00
[2025-05-31 11:59:30,075] {processor.py:171} INFO - Processing /home/airflow/.local/lib/python3.6/site-packages/airflow/example_dags/example_latest_only.py took 0.078 seconds
[2025-05-31 12:00:00,938] {processor.py:163} INFO - Started process (PID=27197) to work on /home/airflow/.local/lib/python3.6/site-packages/airflow/example_dags/example_latest_only.py
[2025-05-31 12:00:00,940] {processor.py:642} INFO - Processing file /home/airflow/.local/lib/python3.6/site-packages/airflow/example_dags/example_latest_only.py for tasks to queue
[2025-05-31 12:00:00,942] {logging_mixin.py:109} INFO - [2025-05-31 12:00:00,942] {dagbag.py:500} INFO - Filling up the DagBag from /home/airflow/.local/lib/python3.6/site-packages/airflow/example_dags/example_latest_only.py
[2025-05-31 12:00:01,011] {processor.py:654} INFO - DAG(s) dict_keys(['latest_only']) retrieved from /home/airflow/.local/lib/python3.6/site-packages/airflow/example_dags/example_latest_only.py
[2025-05-31 12:00:01,037] {logging_mixin.py:109} INFO - [2025-05-31 12:00:01,037] {dag.py:2396} INFO - Sync 1 DAGs
[2025-05-31 12:00:01,078] {logging_mixin.py:109} INFO - [2025-05-31 12:00:01,077] {dag.py:2935} INFO - Setting next_dagrun for latest_only to 2025-05-31T08:00:01.076224+00:00
[2025-05-31 12:00:01,099] {processor.py:171} INFO - Processing /home/airflow/.local/lib/python3.6/site-packages/airflow/example_dags/example_latest_only.py took 0.168 seconds
[2025-05-31 12:00:31,264] {processor.py:163} INFO - Started process (PID=27382) to work on /home/airflow/.local/lib/python3.6/site-packages/airflow/example_dags/example_latest_only.py
[2025-05-31 12:00:31,266] {processor.py:642} INFO - Processing file /home/airflow/.local/lib/python3.6/site-packages/airflow/example_dags/example_latest_only.py for tasks to queue
[2025-05-31 12:00:31,267] {logging_mixin.py:109} INFO - [2025-05-31 12:00:31,267] {dagbag.py:500} INFO - Filling up the DagBag from /home/airflow/.local/lib/python3.6/site-packages/airflow/example_dags/example_latest_only.py
[2025-05-31 12:00:31,298] {processor.py:654} INFO - DAG(s) dict_keys(['latest_only']) retrieved from /home/airflow/.local/lib/python3.6/site-packages/airflow/example_dags/example_latest_only.py
[2025-05-31 12:00:31,312] {logging_mixin.py:109} INFO - [2025-05-31 12:00:31,312] {dag.py:2396} INFO - Sync 1 DAGs
[2025-05-31 12:00:31,334] {logging_mixin.py:109} INFO - [2025-05-31 12:00:31,333] {dag.py:2935} INFO - Setting next_dagrun for latest_only to 2025-05-31T08:00:31.333656+00:00
[2025-05-31 12:00:31,346] {processor.py:171} INFO - Processing /home/airflow/.local/lib/python3.6/site-packages/airflow/example_dags/example_latest_only.py took 0.086 seconds
[2025-05-31 12:01:01,580] {processor.py:163} INFO - Started process (PID=27567) to work on /home/airflow/.local/lib/python3.6/site-packages/airflow/example_dags/example_latest_only.py
[2025-05-31 12:01:01,581] {processor.py:642} INFO - Processing file /home/airflow/.local/lib/python3.6/site-packages/airflow/example_dags/example_latest_only.py for tasks to queue
[2025-05-31 12:01:01,583] {logging_mixin.py:109} INFO - [2025-05-31 12:01:01,582] {dagbag.py:500} INFO - Filling up the DagBag from /home/airflow/.local/lib/python3.6/site-packages/airflow/example_dags/example_latest_only.py
[2025-05-31 12:01:01,616] {processor.py:654} INFO - DAG(s) dict_keys(['latest_only']) retrieved from /home/airflow/.local/lib/python3.6/site-packages/airflow/example_dags/example_latest_only.py
[2025-05-31 12:01:01,629] {logging_mixin.py:109} INFO - [2025-05-31 12:01:01,628] {dag.py:2396} INFO - Sync 1 DAGs
[2025-05-31 12:01:01,650] {logging_mixin.py:109} INFO - [2025-05-31 12:01:01,650] {dag.py:2935} INFO - Setting next_dagrun for latest_only to 2025-05-31T08:01:01.650308+00:00
[2025-05-31 12:01:01,661] {processor.py:171} INFO - Processing /home/airflow/.local/lib/python3.6/site-packages/airflow/example_dags/example_latest_only.py took 0.086 seconds
[2025-05-31 12:01:32,480] {processor.py:163} INFO - Started process (PID=27762) to work on /home/airflow/.local/lib/python3.6/site-packages/airflow/example_dags/example_latest_only.py
[2025-05-31 12:01:32,483] {processor.py:642} INFO - Processing file /home/airflow/.local/lib/python3.6/site-packages/airflow/example_dags/example_latest_only.py for tasks to queue
[2025-05-31 12:01:32,484] {logging_mixin.py:109} INFO - [2025-05-31 12:01:32,484] {dagbag.py:500} INFO - Filling up the DagBag from /home/airflow/.local/lib/python3.6/site-packages/airflow/example_dags/example_latest_only.py
[2025-05-31 12:01:32,519] {processor.py:654} INFO - DAG(s) dict_keys(['latest_only']) retrieved from /home/airflow/.local/lib/python3.6/site-packages/airflow/example_dags/example_latest_only.py
[2025-05-31 12:01:32,535] {logging_mixin.py:109} INFO - [2025-05-31 12:01:32,535] {dag.py:2396} INFO - Sync 1 DAGs
[2025-05-31 12:01:32,570] {logging_mixin.py:109} INFO - [2025-05-31 12:01:32,569] {dag.py:2935} INFO - Setting next_dagrun for latest_only to 2025-05-31T08:01:32.569060+00:00
[2025-05-31 12:01:32,586] {processor.py:171} INFO - Processing /home/airflow/.local/lib/python3.6/site-packages/airflow/example_dags/example_latest_only.py took 0.111 seconds
[2025-05-31 12:02:03,492] {processor.py:163} INFO - Started process (PID=27947) to work on /home/airflow/.local/lib/python3.6/site-packages/airflow/example_dags/example_latest_only.py
[2025-05-31 12:02:03,494] {processor.py:642} INFO - Processing file /home/airflow/.local/lib/python3.6/site-packages/airflow/example_dags/example_latest_only.py for tasks to queue
[2025-05-31 12:02:03,496] {logging_mixin.py:109} INFO - [2025-05-31 12:02:03,496] {dagbag.py:500} INFO - Filling up the DagBag from /home/airflow/.local/lib/python3.6/site-packages/airflow/example_dags/example_latest_only.py
[2025-05-31 12:02:03,530] {processor.py:654} INFO - DAG(s) dict_keys(['latest_only']) retrieved from /home/airflow/.local/lib/python3.6/site-packages/airflow/example_dags/example_latest_only.py
[2025-05-31 12:02:03,543] {logging_mixin.py:109} INFO - [2025-05-31 12:02:03,543] {dag.py:2396} INFO - Sync 1 DAGs
[2025-05-31 12:02:03,567] {logging_mixin.py:109} INFO - [2025-05-31 12:02:03,567] {dag.py:2935} INFO - Setting next_dagrun for latest_only to 2025-05-31T08:02:03.567132+00:00
[2025-05-31 12:02:03,580] {processor.py:171} INFO - Processing /home/airflow/.local/lib/python3.6/site-packages/airflow/example_dags/example_latest_only.py took 0.093 seconds
[2025-05-31 12:02:33,907] {processor.py:163} INFO - Started process (PID=28141) to work on /home/airflow/.local/lib/python3.6/site-packages/airflow/example_dags/example_latest_only.py
[2025-05-31 12:02:33,909] {processor.py:642} INFO - Processing file /home/airflow/.local/lib/python3.6/site-packages/airflow/example_dags/example_latest_only.py for tasks to queue
[2025-05-31 12:02:33,910] {logging_mixin.py:109} INFO - [2025-05-31 12:02:33,910] {dagbag.py:500} INFO - Filling up the DagBag from /home/airflow/.local/lib/python3.6/site-packages/airflow/example_dags/example_latest_only.py
[2025-05-31 12:02:33,945] {processor.py:654} INFO - DAG(s) dict_keys(['latest_only']) retrieved from /home/airflow/.local/lib/python3.6/site-packages/airflow/example_dags/example_latest_only.py
[2025-05-31 12:02:33,959] {logging_mixin.py:109} INFO - [2025-05-31 12:02:33,959] {dag.py:2396} INFO - Sync 1 DAGs
[2025-05-31 12:02:33,986] {logging_mixin.py:109} INFO - [2025-05-31 12:02:33,985] {dag.py:2935} INFO - Setting next_dagrun for latest_only to 2025-05-31T08:02:33.985561+00:00
[2025-05-31 12:02:33,997] {processor.py:171} INFO - Processing /home/airflow/.local/lib/python3.6/site-packages/airflow/example_dags/example_latest_only.py took 0.095 seconds
[2025-05-31 12:03:04,461] {processor.py:163} INFO - Started process (PID=28327) to work on /home/airflow/.local/lib/python3.6/site-packages/airflow/example_dags/example_latest_only.py
[2025-05-31 12:03:04,463] {processor.py:642} INFO - Processing file /home/airflow/.local/lib/python3.6/site-packages/airflow/example_dags/example_latest_only.py for tasks to queue
[2025-05-31 12:03:04,464] {logging_mixin.py:109} INFO - [2025-05-31 12:03:04,464] {dagbag.py:500} INFO - Filling up the DagBag from /home/airflow/.local/lib/python3.6/site-packages/airflow/example_dags/example_latest_only.py
[2025-05-31 12:03:04,501] {processor.py:654} INFO - DAG(s) dict_keys(['latest_only']) retrieved from /home/airflow/.local/lib/python3.6/site-packages/airflow/example_dags/example_latest_only.py
[2025-05-31 12:03:04,516] {logging_mixin.py:109} INFO - [2025-05-31 12:03:04,516] {dag.py:2396} INFO - Sync 1 DAGs
[2025-05-31 12:03:04,560] {logging_mixin.py:109} INFO - [2025-05-31 12:03:04,560] {dag.py:2935} INFO - Setting next_dagrun for latest_only to 2025-05-31T08:03:04.560032+00:00
[2025-05-31 12:03:04,578] {processor.py:171} INFO - Processing /home/airflow/.local/lib/python3.6/site-packages/airflow/example_dags/example_latest_only.py took 0.121 seconds
[2025-05-31 12:03:35,643] {processor.py:163} INFO - Started process (PID=28514) to work on /home/airflow/.local/lib/python3.6/site-packages/airflow/example_dags/example_latest_only.py
[2025-05-31 12:03:35,645] {processor.py:642} INFO - Processing file /home/airflow/.local/lib/python3.6/site-packages/airflow/example_dags/example_latest_only.py for tasks to queue
[2025-05-31 12:03:35,646] {logging_mixin.py:109} INFO - [2025-05-31 12:03:35,645] {dagbag.py:500} INFO - Filling up the DagBag from /home/airflow/.local/lib/python3.6/site-packages/airflow/example_dags/example_latest_only.py
[2025-05-31 12:03:35,676] {processor.py:654} INFO - DAG(s) dict_keys(['latest_only']) retrieved from /home/airflow/.local/lib/python3.6/site-packages/airflow/example_dags/example_latest_only.py
[2025-05-31 12:03:35,688] {logging_mixin.py:109} INFO - [2025-05-31 12:03:35,688] {dag.py:2396} INFO - Sync 1 DAGs
[2025-05-31 12:03:35,709] {logging_mixin.py:109} INFO - [2025-05-31 12:03:35,708] {dag.py:2935} INFO - Setting next_dagrun for latest_only to 2025-05-31T08:03:35.708685+00:00
[2025-05-31 12:03:35,720] {processor.py:171} INFO - Processing /home/airflow/.local/lib/python3.6/site-packages/airflow/example_dags/example_latest_only.py took 0.081 seconds
[2025-05-31 12:04:06,120] {processor.py:163} INFO - Started process (PID=28707) to work on /home/airflow/.local/lib/python3.6/site-packages/airflow/example_dags/example_latest_only.py
[2025-05-31 12:04:06,122] {processor.py:642} INFO - Processing file /home/airflow/.local/lib/python3.6/site-packages/airflow/example_dags/example_latest_only.py for tasks to queue
[2025-05-31 12:04:06,123] {logging_mixin.py:109} INFO - [2025-05-31 12:04:06,123] {dagbag.py:500} INFO - Filling up the DagBag from /home/airflow/.local/lib/python3.6/site-packages/airflow/example_dags/example_latest_only.py
[2025-05-31 12:04:06,158] {processor.py:654} INFO - DAG(s) dict_keys(['latest_only']) retrieved from /home/airflow/.local/lib/python3.6/site-packages/airflow/example_dags/example_latest_only.py
[2025-05-31 12:04:06,172] {logging_mixin.py:109} INFO - [2025-05-31 12:04:06,172] {dag.py:2396} INFO - Sync 1 DAGs
[2025-05-31 12:04:06,196] {logging_mixin.py:109} INFO - [2025-05-31 12:04:06,196] {dag.py:2935} INFO - Setting next_dagrun for latest_only to 2025-05-31T08:04:06.195714+00:00
[2025-05-31 12:04:06,210] {processor.py:171} INFO - Processing /home/airflow/.local/lib/python3.6/site-packages/airflow/example_dags/example_latest_only.py took 0.095 seconds
[2025-05-31 12:04:36,624] {processor.py:163} INFO - Started process (PID=28902) to work on /home/airflow/.local/lib/python3.6/site-packages/airflow/example_dags/example_latest_only.py
[2025-05-31 12:04:36,626] {processor.py:642} INFO - Processing file /home/airflow/.local/lib/python3.6/site-packages/airflow/example_dags/example_latest_only.py for tasks to queue
[2025-05-31 12:04:36,627] {logging_mixin.py:109} INFO - [2025-05-31 12:04:36,627] {dagbag.py:500} INFO - Filling up the DagBag from /home/airflow/.local/lib/python3.6/site-packages/airflow/example_dags/example_latest_only.py
[2025-05-31 12:04:36,658] {processor.py:654} INFO - DAG(s) dict_keys(['latest_only']) retrieved from /home/airflow/.local/lib/python3.6/site-packages/airflow/example_dags/example_latest_only.py
[2025-05-31 12:04:36,671] {logging_mixin.py:109} INFO - [2025-05-31 12:04:36,671] {dag.py:2396} INFO - Sync 1 DAGs
[2025-05-31 12:04:36,695] {logging_mixin.py:109} INFO - [2025-05-31 12:04:36,695] {dag.py:2935} INFO - Setting next_dagrun for latest_only to 2025-05-31T08:04:36.694848+00:00
[2025-05-31 12:04:36,707] {processor.py:171} INFO - Processing /home/airflow/.local/lib/python3.6/site-packages/airflow/example_dags/example_latest_only.py took 0.087 seconds
[2025-05-31 12:05:06,973] {processor.py:163} INFO - Started process (PID=29096) to work on /home/airflow/.local/lib/python3.6/site-packages/airflow/example_dags/example_latest_only.py
[2025-05-31 12:05:06,976] {processor.py:642} INFO - Processing file /home/airflow/.local/lib/python3.6/site-packages/airflow/example_dags/example_latest_only.py for tasks to queue
[2025-05-31 12:05:06,977] {logging_mixin.py:109} INFO - [2025-05-31 12:05:06,977] {dagbag.py:500} INFO - Filling up the DagBag from /home/airflow/.local/lib/python3.6/site-packages/airflow/example_dags/example_latest_only.py
[2025-05-31 12:05:07,009] {processor.py:654} INFO - DAG(s) dict_keys(['latest_only']) retrieved from /home/airflow/.local/lib/python3.6/site-packages/airflow/example_dags/example_latest_only.py
[2025-05-31 12:05:07,023] {logging_mixin.py:109} INFO - [2025-05-31 12:05:07,023] {dag.py:2396} INFO - Sync 1 DAGs
[2025-05-31 12:05:07,051] {logging_mixin.py:109} INFO - [2025-05-31 12:05:07,051] {dag.py:2935} INFO - Setting next_dagrun for latest_only to 2025-05-31T08:05:07.051026+00:00
[2025-05-31 12:05:07,064] {processor.py:171} INFO - Processing /home/airflow/.local/lib/python3.6/site-packages/airflow/example_dags/example_latest_only.py took 0.095 seconds
[2025-05-31 12:05:37,872] {processor.py:163} INFO - Started process (PID=29284) to work on /home/airflow/.local/lib/python3.6/site-packages/airflow/example_dags/example_latest_only.py
[2025-05-31 12:05:37,874] {processor.py:642} INFO - Processing file /home/airflow/.local/lib/python3.6/site-packages/airflow/example_dags/example_latest_only.py for tasks to queue
[2025-05-31 12:05:37,875] {logging_mixin.py:109} INFO - [2025-05-31 12:05:37,875] {dagbag.py:500} INFO - Filling up the DagBag from /home/airflow/.local/lib/python3.6/site-packages/airflow/example_dags/example_latest_only.py
[2025-05-31 12:05:37,911] {processor.py:654} INFO - DAG(s) dict_keys(['latest_only']) retrieved from /home/airflow/.local/lib/python3.6/site-packages/airflow/example_dags/example_latest_only.py
[2025-05-31 12:05:37,925] {logging_mixin.py:109} INFO - [2025-05-31 12:05:37,925] {dag.py:2396} INFO - Sync 1 DAGs
[2025-05-31 12:05:37,950] {logging_mixin.py:109} INFO - [2025-05-31 12:05:37,950] {dag.py:2935} INFO - Setting next_dagrun for latest_only to 2025-05-31T08:05:37.949861+00:00
[2025-05-31 12:05:37,963] {processor.py:171} INFO - Processing /home/airflow/.local/lib/python3.6/site-packages/airflow/example_dags/example_latest_only.py took 0.096 seconds
[2025-05-31 12:06:08,154] {processor.py:163} INFO - Started process (PID=29467) to work on /home/airflow/.local/lib/python3.6/site-packages/airflow/example_dags/example_latest_only.py
[2025-05-31 12:06:08,156] {processor.py:642} INFO - Processing file /home/airflow/.local/lib/python3.6/site-packages/airflow/example_dags/example_latest_only.py for tasks to queue
[2025-05-31 12:06:08,157] {logging_mixin.py:109} INFO - [2025-05-31 12:06:08,157] {dagbag.py:500} INFO - Filling up the DagBag from /home/airflow/.local/lib/python3.6/site-packages/airflow/example_dags/example_latest_only.py
[2025-05-31 12:06:08,191] {processor.py:654} INFO - DAG(s) dict_keys(['latest_only']) retrieved from /home/airflow/.local/lib/python3.6/site-packages/airflow/example_dags/example_latest_only.py
[2025-05-31 12:06:08,204] {logging_mixin.py:109} INFO - [2025-05-31 12:06:08,204] {dag.py:2396} INFO - Sync 1 DAGs
[2025-05-31 12:06:08,227] {logging_mixin.py:109} INFO - [2025-05-31 12:06:08,227] {dag.py:2935} INFO - Setting next_dagrun for latest_only to 2025-05-31T08:06:08.226796+00:00
[2025-05-31 12:06:08,239] {processor.py:171} INFO - Processing /home/airflow/.local/lib/python3.6/site-packages/airflow/example_dags/example_latest_only.py took 0.089 seconds
[2025-05-31 12:06:39,050] {processor.py:163} INFO - Started process (PID=29662) to work on /home/airflow/.local/lib/python3.6/site-packages/airflow/example_dags/example_latest_only.py
[2025-05-31 12:06:39,052] {processor.py:642} INFO - Processing file /home/airflow/.local/lib/python3.6/site-packages/airflow/example_dags/example_latest_only.py for tasks to queue
[2025-05-31 12:06:39,053] {logging_mixin.py:109} INFO - [2025-05-31 12:06:39,053] {dagbag.py:500} INFO - Filling up the DagBag from /home/airflow/.local/lib/python3.6/site-packages/airflow/example_dags/example_latest_only.py
[2025-05-31 12:06:39,095] {processor.py:654} INFO - DAG(s) dict_keys(['latest_only']) retrieved from /home/airflow/.local/lib/python3.6/site-packages/airflow/example_dags/example_latest_only.py
[2025-05-31 12:06:39,112] {logging_mixin.py:109} INFO - [2025-05-31 12:06:39,112] {dag.py:2396} INFO - Sync 1 DAGs
[2025-05-31 12:06:39,141] {logging_mixin.py:109} INFO - [2025-05-31 12:06:39,141] {dag.py:2935} INFO - Setting next_dagrun for latest_only to 2025-05-31T08:06:39.140763+00:00
[2025-05-31 12:06:39,156] {processor.py:171} INFO - Processing /home/airflow/.local/lib/python3.6/site-packages/airflow/example_dags/example_latest_only.py took 0.111 seconds
[2025-05-31 12:07:09,617] {processor.py:163} INFO - Started process (PID=29849) to work on /home/airflow/.local/lib/python3.6/site-packages/airflow/example_dags/example_latest_only.py
[2025-05-31 12:07:09,618] {processor.py:642} INFO - Processing file /home/airflow/.local/lib/python3.6/site-packages/airflow/example_dags/example_latest_only.py for tasks to queue
[2025-05-31 12:07:09,619] {logging_mixin.py:109} INFO - [2025-05-31 12:07:09,619] {dagbag.py:500} INFO - Filling up the DagBag from /home/airflow/.local/lib/python3.6/site-packages/airflow/example_dags/example_latest_only.py
[2025-05-31 12:07:09,653] {processor.py:654} INFO - DAG(s) dict_keys(['latest_only']) retrieved from /home/airflow/.local/lib/python3.6/site-packages/airflow/example_dags/example_latest_only.py
[2025-05-31 12:07:09,666] {logging_mixin.py:109} INFO - [2025-05-31 12:07:09,666] {dag.py:2396} INFO - Sync 1 DAGs
[2025-05-31 12:07:09,689] {logging_mixin.py:109} INFO - [2025-05-31 12:07:09,689] {dag.py:2935} INFO - Setting next_dagrun for latest_only to 2025-05-31T08:07:09.688616+00:00
[2025-05-31 12:07:09,701] {processor.py:171} INFO - Processing /home/airflow/.local/lib/python3.6/site-packages/airflow/example_dags/example_latest_only.py took 0.088 seconds
[2025-05-31 12:07:40,710] {processor.py:163} INFO - Started process (PID=30039) to work on /home/airflow/.local/lib/python3.6/site-packages/airflow/example_dags/example_latest_only.py
[2025-05-31 12:07:40,712] {processor.py:642} INFO - Processing file /home/airflow/.local/lib/python3.6/site-packages/airflow/example_dags/example_latest_only.py for tasks to queue
[2025-05-31 12:07:40,713] {logging_mixin.py:109} INFO - [2025-05-31 12:07:40,713] {dagbag.py:500} INFO - Filling up the DagBag from /home/airflow/.local/lib/python3.6/site-packages/airflow/example_dags/example_latest_only.py
[2025-05-31 12:07:40,751] {processor.py:654} INFO - DAG(s) dict_keys(['latest_only']) retrieved from /home/airflow/.local/lib/python3.6/site-packages/airflow/example_dags/example_latest_only.py
[2025-05-31 12:07:40,764] {logging_mixin.py:109} INFO - [2025-05-31 12:07:40,764] {dag.py:2396} INFO - Sync 1 DAGs
[2025-05-31 12:07:40,792] {logging_mixin.py:109} INFO - [2025-05-31 12:07:40,792] {dag.py:2935} INFO - Setting next_dagrun for latest_only to 2025-05-31T08:07:40.792471+00:00
[2025-05-31 12:07:40,806] {processor.py:171} INFO - Processing /home/airflow/.local/lib/python3.6/site-packages/airflow/example_dags/example_latest_only.py took 0.100 seconds
[2025-05-31 12:08:11,361] {processor.py:163} INFO - Started process (PID=30227) to work on /home/airflow/.local/lib/python3.6/site-packages/airflow/example_dags/example_latest_only.py
[2025-05-31 12:08:11,363] {processor.py:642} INFO - Processing file /home/airflow/.local/lib/python3.6/site-packages/airflow/example_dags/example_latest_only.py for tasks to queue
[2025-05-31 12:08:11,364] {logging_mixin.py:109} INFO - [2025-05-31 12:08:11,364] {dagbag.py:500} INFO - Filling up the DagBag from /home/airflow/.local/lib/python3.6/site-packages/airflow/example_dags/example_latest_only.py
[2025-05-31 12:08:11,395] {processor.py:654} INFO - DAG(s) dict_keys(['latest_only']) retrieved from /home/airflow/.local/lib/python3.6/site-packages/airflow/example_dags/example_latest_only.py
[2025-05-31 12:08:11,408] {logging_mixin.py:109} INFO - [2025-05-31 12:08:11,408] {dag.py:2396} INFO - Sync 1 DAGs
[2025-05-31 12:08:11,430] {logging_mixin.py:109} INFO - [2025-05-31 12:08:11,430] {dag.py:2935} INFO - Setting next_dagrun for latest_only to 2025-05-31T08:08:11.430164+00:00
[2025-05-31 12:08:11,443] {processor.py:171} INFO - Processing /home/airflow/.local/lib/python3.6/site-packages/airflow/example_dags/example_latest_only.py took 0.087 seconds
[2025-05-31 12:08:41,719] {processor.py:163} INFO - Started process (PID=30414) to work on /home/airflow/.local/lib/python3.6/site-packages/airflow/example_dags/example_latest_only.py
[2025-05-31 12:08:41,720] {processor.py:642} INFO - Processing file /home/airflow/.local/lib/python3.6/site-packages/airflow/example_dags/example_latest_only.py for tasks to queue
[2025-05-31 12:08:41,721] {logging_mixin.py:109} INFO - [2025-05-31 12:08:41,721] {dagbag.py:500} INFO - Filling up the DagBag from /home/airflow/.local/lib/python3.6/site-packages/airflow/example_dags/example_latest_only.py
[2025-05-31 12:08:41,753] {processor.py:654} INFO - DAG(s) dict_keys(['latest_only']) retrieved from /home/airflow/.local/lib/python3.6/site-packages/airflow/example_dags/example_latest_only.py
[2025-05-31 12:08:41,765] {logging_mixin.py:109} INFO - [2025-05-31 12:08:41,765] {dag.py:2396} INFO - Sync 1 DAGs
[2025-05-31 12:08:41,786] {logging_mixin.py:109} INFO - [2025-05-31 12:08:41,786] {dag.py:2935} INFO - Setting next_dagrun for latest_only to 2025-05-31T08:08:41.785913+00:00
[2025-05-31 12:08:41,798] {processor.py:171} INFO - Processing /home/airflow/.local/lib/python3.6/site-packages/airflow/example_dags/example_latest_only.py took 0.083 seconds
[2025-05-31 12:09:12,552] {processor.py:163} INFO - Started process (PID=30607) to work on /home/airflow/.local/lib/python3.6/site-packages/airflow/example_dags/example_latest_only.py
[2025-05-31 12:09:12,554] {processor.py:642} INFO - Processing file /home/airflow/.local/lib/python3.6/site-packages/airflow/example_dags/example_latest_only.py for tasks to queue
[2025-05-31 12:09:12,556] {logging_mixin.py:109} INFO - [2025-05-31 12:09:12,556] {dagbag.py:500} INFO - Filling up the DagBag from /home/airflow/.local/lib/python3.6/site-packages/airflow/example_dags/example_latest_only.py
[2025-05-31 12:09:12,594] {processor.py:654} INFO - DAG(s) dict_keys(['latest_only']) retrieved from /home/airflow/.local/lib/python3.6/site-packages/airflow/example_dags/example_latest_only.py
[2025-05-31 12:09:12,610] {logging_mixin.py:109} INFO - [2025-05-31 12:09:12,610] {dag.py:2396} INFO - Sync 1 DAGs
[2025-05-31 12:09:12,636] {logging_mixin.py:109} INFO - [2025-05-31 12:09:12,636] {dag.py:2935} INFO - Setting next_dagrun for latest_only to 2025-05-31T08:09:12.636267+00:00
[2025-05-31 12:09:12,651] {processor.py:171} INFO - Processing /home/airflow/.local/lib/python3.6/site-packages/airflow/example_dags/example_latest_only.py took 0.103 seconds
[2025-05-31 12:09:43,261] {processor.py:163} INFO - Started process (PID=30792) to work on /home/airflow/.local/lib/python3.6/site-packages/airflow/example_dags/example_latest_only.py
[2025-05-31 12:09:43,262] {processor.py:642} INFO - Processing file /home/airflow/.local/lib/python3.6/site-packages/airflow/example_dags/example_latest_only.py for tasks to queue
[2025-05-31 12:09:43,263] {logging_mixin.py:109} INFO - [2025-05-31 12:09:43,263] {dagbag.py:500} INFO - Filling up the DagBag from /home/airflow/.local/lib/python3.6/site-packages/airflow/example_dags/example_latest_only.py
[2025-05-31 12:09:43,296] {processor.py:654} INFO - DAG(s) dict_keys(['latest_only']) retrieved from /home/airflow/.local/lib/python3.6/site-packages/airflow/example_dags/example_latest_only.py
[2025-05-31 12:09:43,309] {logging_mixin.py:109} INFO - [2025-05-31 12:09:43,309] {dag.py:2396} INFO - Sync 1 DAGs
[2025-05-31 12:09:43,333] {logging_mixin.py:109} INFO - [2025-05-31 12:09:43,333] {dag.py:2935} INFO - Setting next_dagrun for latest_only to 2025-05-31T08:09:43.333188+00:00
[2025-05-31 12:09:43,346] {processor.py:171} INFO - Processing /home/airflow/.local/lib/python3.6/site-packages/airflow/example_dags/example_latest_only.py took 0.089 seconds
[2025-05-31 12:10:13,514] {processor.py:163} INFO - Started process (PID=30977) to work on /home/airflow/.local/lib/python3.6/site-packages/airflow/example_dags/example_latest_only.py
[2025-05-31 12:10:13,516] {processor.py:642} INFO - Processing file /home/airflow/.local/lib/python3.6/site-packages/airflow/example_dags/example_latest_only.py for tasks to queue
[2025-05-31 12:10:13,517] {logging_mixin.py:109} INFO - [2025-05-31 12:10:13,517] {dagbag.py:500} INFO - Filling up the DagBag from /home/airflow/.local/lib/python3.6/site-packages/airflow/example_dags/example_latest_only.py
[2025-05-31 12:10:13,553] {processor.py:654} INFO - DAG(s) dict_keys(['latest_only']) retrieved from /home/airflow/.local/lib/python3.6/site-packages/airflow/example_dags/example_latest_only.py
[2025-05-31 12:10:13,567] {logging_mixin.py:109} INFO - [2025-05-31 12:10:13,567] {dag.py:2396} INFO - Sync 1 DAGs
[2025-05-31 12:10:13,591] {logging_mixin.py:109} INFO - [2025-05-31 12:10:13,590] {dag.py:2935} INFO - Setting next_dagrun for latest_only to 2025-05-31T08:10:13.590642+00:00
[2025-05-31 12:10:13,603] {processor.py:171} INFO - Processing /home/airflow/.local/lib/python3.6/site-packages/airflow/example_dags/example_latest_only.py took 0.095 seconds
[2025-05-31 12:10:44,554] {processor.py:163} INFO - Started process (PID=31174) to work on /home/airflow/.local/lib/python3.6/site-packages/airflow/example_dags/example_latest_only.py
[2025-05-31 12:10:44,556] {processor.py:642} INFO - Processing file /home/airflow/.local/lib/python3.6/site-packages/airflow/example_dags/example_latest_only.py for tasks to queue
[2025-05-31 12:10:44,557] {logging_mixin.py:109} INFO - [2025-05-31 12:10:44,557] {dagbag.py:500} INFO - Filling up the DagBag from /home/airflow/.local/lib/python3.6/site-packages/airflow/example_dags/example_latest_only.py
[2025-05-31 12:10:44,600] {processor.py:654} INFO - DAG(s) dict_keys(['latest_only']) retrieved from /home/airflow/.local/lib/python3.6/site-packages/airflow/example_dags/example_latest_only.py
[2025-05-31 12:10:44,615] {logging_mixin.py:109} INFO - [2025-05-31 12:10:44,615] {dag.py:2396} INFO - Sync 1 DAGs
[2025-05-31 12:10:44,660] {logging_mixin.py:109} INFO - [2025-05-31 12:10:44,659] {dag.py:2935} INFO - Setting next_dagrun for latest_only to 2025-05-31T08:10:44.658445+00:00
[2025-05-31 12:10:44,679] {processor.py:171} INFO - Processing /home/airflow/.local/lib/python3.6/site-packages/airflow/example_dags/example_latest_only.py took 0.130 seconds
[2025-05-31 17:31:08,112] {processor.py:163} INFO - Started process (PID=264) to work on /home/airflow/.local/lib/python3.6/site-packages/airflow/example_dags/example_latest_only.py
[2025-05-31 17:31:08,114] {processor.py:642} INFO - Processing file /home/airflow/.local/lib/python3.6/site-packages/airflow/example_dags/example_latest_only.py for tasks to queue
[2025-05-31 17:31:08,116] {logging_mixin.py:109} INFO - [2025-05-31 17:31:08,116] {dagbag.py:500} INFO - Filling up the DagBag from /home/airflow/.local/lib/python3.6/site-packages/airflow/example_dags/example_latest_only.py
[2025-05-31 17:31:08,183] {processor.py:654} INFO - DAG(s) dict_keys(['latest_only']) retrieved from /home/airflow/.local/lib/python3.6/site-packages/airflow/example_dags/example_latest_only.py
[2025-05-31 17:31:08,213] {logging_mixin.py:109} INFO - [2025-05-31 17:31:08,213] {dag.py:2396} INFO - Sync 1 DAGs
[2025-05-31 17:31:08,251] {logging_mixin.py:109} INFO - [2025-05-31 17:31:08,251] {dag.py:2935} INFO - Setting next_dagrun for latest_only to 2025-05-31T13:31:08.250591+00:00
[2025-05-31 17:31:08,269] {processor.py:171} INFO - Processing /home/airflow/.local/lib/python3.6/site-packages/airflow/example_dags/example_latest_only.py took 0.165 seconds
[2025-05-31 17:31:41,346] {processor.py:163} INFO - Started process (PID=454) to work on /home/airflow/.local/lib/python3.6/site-packages/airflow/example_dags/example_latest_only.py
[2025-05-31 17:31:41,348] {processor.py:642} INFO - Processing file /home/airflow/.local/lib/python3.6/site-packages/airflow/example_dags/example_latest_only.py for tasks to queue
[2025-05-31 17:31:41,350] {logging_mixin.py:109} INFO - [2025-05-31 17:31:41,349] {dagbag.py:500} INFO - Filling up the DagBag from /home/airflow/.local/lib/python3.6/site-packages/airflow/example_dags/example_latest_only.py
[2025-05-31 17:31:41,398] {processor.py:654} INFO - DAG(s) dict_keys(['latest_only']) retrieved from /home/airflow/.local/lib/python3.6/site-packages/airflow/example_dags/example_latest_only.py
[2025-05-31 17:31:41,419] {logging_mixin.py:109} INFO - [2025-05-31 17:31:41,418] {dag.py:2396} INFO - Sync 1 DAGs
[2025-05-31 17:31:41,460] {logging_mixin.py:109} INFO - [2025-05-31 17:31:41,460] {dag.py:2935} INFO - Setting next_dagrun for latest_only to 2025-05-31T13:31:41.460239+00:00
[2025-05-31 17:31:41,482] {processor.py:171} INFO - Processing /home/airflow/.local/lib/python3.6/site-packages/airflow/example_dags/example_latest_only.py took 0.141 seconds
[2025-05-31 17:32:12,659] {processor.py:163} INFO - Started process (PID=639) to work on /home/airflow/.local/lib/python3.6/site-packages/airflow/example_dags/example_latest_only.py
[2025-05-31 17:32:12,661] {processor.py:642} INFO - Processing file /home/airflow/.local/lib/python3.6/site-packages/airflow/example_dags/example_latest_only.py for tasks to queue
[2025-05-31 17:32:12,663] {logging_mixin.py:109} INFO - [2025-05-31 17:32:12,662] {dagbag.py:500} INFO - Filling up the DagBag from /home/airflow/.local/lib/python3.6/site-packages/airflow/example_dags/example_latest_only.py
[2025-05-31 17:32:12,711] {processor.py:654} INFO - DAG(s) dict_keys(['latest_only']) retrieved from /home/airflow/.local/lib/python3.6/site-packages/airflow/example_dags/example_latest_only.py
[2025-05-31 17:32:12,730] {logging_mixin.py:109} INFO - [2025-05-31 17:32:12,730] {dag.py:2396} INFO - Sync 1 DAGs
[2025-05-31 17:32:12,765] {logging_mixin.py:109} INFO - [2025-05-31 17:32:12,765] {dag.py:2935} INFO - Setting next_dagrun for latest_only to 2025-05-31T13:32:12.765225+00:00
[2025-05-31 17:32:12,786] {processor.py:171} INFO - Processing /home/airflow/.local/lib/python3.6/site-packages/airflow/example_dags/example_latest_only.py took 0.132 seconds
[2025-05-31 17:32:43,030] {processor.py:163} INFO - Started process (PID=827) to work on /home/airflow/.local/lib/python3.6/site-packages/airflow/example_dags/example_latest_only.py
[2025-05-31 17:32:43,033] {processor.py:642} INFO - Processing file /home/airflow/.local/lib/python3.6/site-packages/airflow/example_dags/example_latest_only.py for tasks to queue
[2025-05-31 17:32:43,035] {logging_mixin.py:109} INFO - [2025-05-31 17:32:43,035] {dagbag.py:500} INFO - Filling up the DagBag from /home/airflow/.local/lib/python3.6/site-packages/airflow/example_dags/example_latest_only.py
[2025-05-31 17:32:43,086] {processor.py:654} INFO - DAG(s) dict_keys(['latest_only']) retrieved from /home/airflow/.local/lib/python3.6/site-packages/airflow/example_dags/example_latest_only.py
[2025-05-31 17:32:43,108] {logging_mixin.py:109} INFO - [2025-05-31 17:32:43,108] {dag.py:2396} INFO - Sync 1 DAGs
[2025-05-31 17:32:43,139] {logging_mixin.py:109} INFO - [2025-05-31 17:32:43,139] {dag.py:2935} INFO - Setting next_dagrun for latest_only to 2025-05-31T13:32:43.139185+00:00
[2025-05-31 17:32:43,156] {processor.py:171} INFO - Processing /home/airflow/.local/lib/python3.6/site-packages/airflow/example_dags/example_latest_only.py took 0.133 seconds
[2025-05-31 17:33:15,132] {processor.py:163} INFO - Started process (PID=1024) to work on /home/airflow/.local/lib/python3.6/site-packages/airflow/example_dags/example_latest_only.py
[2025-05-31 17:33:15,134] {processor.py:642} INFO - Processing file /home/airflow/.local/lib/python3.6/site-packages/airflow/example_dags/example_latest_only.py for tasks to queue
[2025-05-31 17:33:15,135] {logging_mixin.py:109} INFO - [2025-05-31 17:33:15,135] {dagbag.py:500} INFO - Filling up the DagBag from /home/airflow/.local/lib/python3.6/site-packages/airflow/example_dags/example_latest_only.py
[2025-05-31 17:33:15,182] {processor.py:654} INFO - DAG(s) dict_keys(['latest_only']) retrieved from /home/airflow/.local/lib/python3.6/site-packages/airflow/example_dags/example_latest_only.py
[2025-05-31 17:33:15,201] {logging_mixin.py:109} INFO - [2025-05-31 17:33:15,200] {dag.py:2396} INFO - Sync 1 DAGs
[2025-05-31 17:33:15,229] {logging_mixin.py:109} INFO - [2025-05-31 17:33:15,229] {dag.py:2935} INFO - Setting next_dagrun for latest_only to 2025-05-31T13:33:15.229142+00:00
[2025-05-31 17:33:15,245] {processor.py:171} INFO - Processing /home/airflow/.local/lib/python3.6/site-packages/airflow/example_dags/example_latest_only.py took 0.118 seconds
[2025-05-31 17:33:45,443] {processor.py:163} INFO - Started process (PID=1216) to work on /home/airflow/.local/lib/python3.6/site-packages/airflow/example_dags/example_latest_only.py
[2025-05-31 17:33:45,449] {processor.py:642} INFO - Processing file /home/airflow/.local/lib/python3.6/site-packages/airflow/example_dags/example_latest_only.py for tasks to queue
[2025-05-31 17:33:45,452] {logging_mixin.py:109} INFO - [2025-05-31 17:33:45,452] {dagbag.py:500} INFO - Filling up the DagBag from /home/airflow/.local/lib/python3.6/site-packages/airflow/example_dags/example_latest_only.py
[2025-05-31 17:33:45,519] {processor.py:654} INFO - DAG(s) dict_keys(['latest_only']) retrieved from /home/airflow/.local/lib/python3.6/site-packages/airflow/example_dags/example_latest_only.py
[2025-05-31 17:33:45,553] {logging_mixin.py:109} INFO - [2025-05-31 17:33:45,553] {dag.py:2396} INFO - Sync 1 DAGs
[2025-05-31 17:33:45,583] {logging_mixin.py:109} INFO - [2025-05-31 17:33:45,582] {dag.py:2935} INFO - Setting next_dagrun for latest_only to 2025-05-31T13:33:45.582529+00:00
[2025-05-31 17:33:45,598] {processor.py:171} INFO - Processing /home/airflow/.local/lib/python3.6/site-packages/airflow/example_dags/example_latest_only.py took 0.164 seconds
[2025-05-31 17:34:16,610] {processor.py:163} INFO - Started process (PID=1407) to work on /home/airflow/.local/lib/python3.6/site-packages/airflow/example_dags/example_latest_only.py
[2025-05-31 17:34:16,618] {processor.py:642} INFO - Processing file /home/airflow/.local/lib/python3.6/site-packages/airflow/example_dags/example_latest_only.py for tasks to queue
[2025-05-31 17:34:16,625] {logging_mixin.py:109} INFO - [2025-05-31 17:34:16,624] {dagbag.py:500} INFO - Filling up the DagBag from /home/airflow/.local/lib/python3.6/site-packages/airflow/example_dags/example_latest_only.py
[2025-05-31 17:34:16,722] {processor.py:654} INFO - DAG(s) dict_keys(['latest_only']) retrieved from /home/airflow/.local/lib/python3.6/site-packages/airflow/example_dags/example_latest_only.py
[2025-05-31 17:34:16,742] {logging_mixin.py:109} INFO - [2025-05-31 17:34:16,742] {dag.py:2396} INFO - Sync 1 DAGs
[2025-05-31 17:34:16,773] {logging_mixin.py:109} INFO - [2025-05-31 17:34:16,773] {dag.py:2935} INFO - Setting next_dagrun for latest_only to 2025-05-31T13:34:16.772983+00:00
[2025-05-31 17:34:16,789] {processor.py:171} INFO - Processing /home/airflow/.local/lib/python3.6/site-packages/airflow/example_dags/example_latest_only.py took 0.198 seconds
[2025-05-31 17:34:48,201] {processor.py:163} INFO - Started process (PID=1601) to work on /home/airflow/.local/lib/python3.6/site-packages/airflow/example_dags/example_latest_only.py
[2025-05-31 17:34:48,204] {processor.py:642} INFO - Processing file /home/airflow/.local/lib/python3.6/site-packages/airflow/example_dags/example_latest_only.py for tasks to queue
[2025-05-31 17:34:48,206] {logging_mixin.py:109} INFO - [2025-05-31 17:34:48,205] {dagbag.py:500} INFO - Filling up the DagBag from /home/airflow/.local/lib/python3.6/site-packages/airflow/example_dags/example_latest_only.py
[2025-05-31 17:34:48,300] {processor.py:654} INFO - DAG(s) dict_keys(['latest_only']) retrieved from /home/airflow/.local/lib/python3.6/site-packages/airflow/example_dags/example_latest_only.py
[2025-05-31 17:34:48,334] {logging_mixin.py:109} INFO - [2025-05-31 17:34:48,334] {dag.py:2396} INFO - Sync 1 DAGs
[2025-05-31 17:34:48,382] {logging_mixin.py:109} INFO - [2025-05-31 17:34:48,382] {dag.py:2935} INFO - Setting next_dagrun for latest_only to 2025-05-31T13:34:48.381780+00:00
[2025-05-31 17:34:48,398] {processor.py:171} INFO - Processing /home/airflow/.local/lib/python3.6/site-packages/airflow/example_dags/example_latest_only.py took 0.204 seconds
[2025-05-31 17:35:19,141] {processor.py:163} INFO - Started process (PID=1781) to work on /home/airflow/.local/lib/python3.6/site-packages/airflow/example_dags/example_latest_only.py
[2025-05-31 17:35:19,144] {processor.py:642} INFO - Processing file /home/airflow/.local/lib/python3.6/site-packages/airflow/example_dags/example_latest_only.py for tasks to queue
[2025-05-31 17:35:19,145] {logging_mixin.py:109} INFO - [2025-05-31 17:35:19,145] {dagbag.py:500} INFO - Filling up the DagBag from /home/airflow/.local/lib/python3.6/site-packages/airflow/example_dags/example_latest_only.py
[2025-05-31 17:35:19,194] {processor.py:654} INFO - DAG(s) dict_keys(['latest_only']) retrieved from /home/airflow/.local/lib/python3.6/site-packages/airflow/example_dags/example_latest_only.py
[2025-05-31 17:35:19,211] {logging_mixin.py:109} INFO - [2025-05-31 17:35:19,211] {dag.py:2396} INFO - Sync 1 DAGs
[2025-05-31 17:35:19,239] {logging_mixin.py:109} INFO - [2025-05-31 17:35:19,239] {dag.py:2935} INFO - Setting next_dagrun for latest_only to 2025-05-31T13:35:19.238994+00:00
[2025-05-31 17:35:19,256] {processor.py:171} INFO - Processing /home/airflow/.local/lib/python3.6/site-packages/airflow/example_dags/example_latest_only.py took 0.120 seconds
[2025-05-31 17:35:50,567] {processor.py:163} INFO - Started process (PID=1961) to work on /home/airflow/.local/lib/python3.6/site-packages/airflow/example_dags/example_latest_only.py
[2025-05-31 17:35:50,570] {processor.py:642} INFO - Processing file /home/airflow/.local/lib/python3.6/site-packages/airflow/example_dags/example_latest_only.py for tasks to queue
[2025-05-31 17:35:50,571] {logging_mixin.py:109} INFO - [2025-05-31 17:35:50,571] {dagbag.py:500} INFO - Filling up the DagBag from /home/airflow/.local/lib/python3.6/site-packages/airflow/example_dags/example_latest_only.py
[2025-05-31 17:35:50,627] {processor.py:654} INFO - DAG(s) dict_keys(['latest_only']) retrieved from /home/airflow/.local/lib/python3.6/site-packages/airflow/example_dags/example_latest_only.py
[2025-05-31 17:35:50,665] {logging_mixin.py:109} INFO - [2025-05-31 17:35:50,664] {dag.py:2396} INFO - Sync 1 DAGs
[2025-05-31 17:35:50,717] {logging_mixin.py:109} INFO - [2025-05-31 17:35:50,717] {dag.py:2935} INFO - Setting next_dagrun for latest_only to 2025-05-31T13:35:50.716596+00:00
[2025-05-31 17:35:50,741] {processor.py:171} INFO - Processing /home/airflow/.local/lib/python3.6/site-packages/airflow/example_dags/example_latest_only.py took 0.181 seconds
[2025-05-31 17:36:21,167] {processor.py:163} INFO - Started process (PID=2193) to work on /home/airflow/.local/lib/python3.6/site-packages/airflow/example_dags/example_latest_only.py
[2025-05-31 17:36:21,169] {processor.py:642} INFO - Processing file /home/airflow/.local/lib/python3.6/site-packages/airflow/example_dags/example_latest_only.py for tasks to queue
[2025-05-31 17:36:21,171] {logging_mixin.py:109} INFO - [2025-05-31 17:36:21,171] {dagbag.py:500} INFO - Filling up the DagBag from /home/airflow/.local/lib/python3.6/site-packages/airflow/example_dags/example_latest_only.py
[2025-05-31 17:36:21,229] {processor.py:654} INFO - DAG(s) dict_keys(['latest_only']) retrieved from /home/airflow/.local/lib/python3.6/site-packages/airflow/example_dags/example_latest_only.py
[2025-05-31 17:36:21,251] {logging_mixin.py:109} INFO - [2025-05-31 17:36:21,250] {dag.py:2396} INFO - Sync 1 DAGs
[2025-05-31 17:36:21,297] {logging_mixin.py:109} INFO - [2025-05-31 17:36:21,297] {dag.py:2935} INFO - Setting next_dagrun for latest_only to 2025-05-31T13:36:21.296512+00:00
[2025-05-31 17:36:21,317] {processor.py:171} INFO - Processing /home/airflow/.local/lib/python3.6/site-packages/airflow/example_dags/example_latest_only.py took 0.156 seconds
[2025-05-31 17:36:52,022] {processor.py:163} INFO - Started process (PID=2385) to work on /home/airflow/.local/lib/python3.6/site-packages/airflow/example_dags/example_latest_only.py
[2025-05-31 17:36:52,024] {processor.py:642} INFO - Processing file /home/airflow/.local/lib/python3.6/site-packages/airflow/example_dags/example_latest_only.py for tasks to queue
[2025-05-31 17:36:52,026] {logging_mixin.py:109} INFO - [2025-05-31 17:36:52,026] {dagbag.py:500} INFO - Filling up the DagBag from /home/airflow/.local/lib/python3.6/site-packages/airflow/example_dags/example_latest_only.py
[2025-05-31 17:36:52,075] {processor.py:654} INFO - DAG(s) dict_keys(['latest_only']) retrieved from /home/airflow/.local/lib/python3.6/site-packages/airflow/example_dags/example_latest_only.py
[2025-05-31 17:36:52,093] {logging_mixin.py:109} INFO - [2025-05-31 17:36:52,093] {dag.py:2396} INFO - Sync 1 DAGs
[2025-05-31 17:36:52,124] {logging_mixin.py:109} INFO - [2025-05-31 17:36:52,124] {dag.py:2935} INFO - Setting next_dagrun for latest_only to 2025-05-31T13:36:52.124271+00:00
[2025-05-31 17:36:52,143] {processor.py:171} INFO - Processing /home/airflow/.local/lib/python3.6/site-packages/airflow/example_dags/example_latest_only.py took 0.128 seconds
[2025-05-31 17:37:23,488] {processor.py:163} INFO - Started process (PID=2578) to work on /home/airflow/.local/lib/python3.6/site-packages/airflow/example_dags/example_latest_only.py
[2025-05-31 17:37:23,491] {processor.py:642} INFO - Processing file /home/airflow/.local/lib/python3.6/site-packages/airflow/example_dags/example_latest_only.py for tasks to queue
[2025-05-31 17:37:23,493] {logging_mixin.py:109} INFO - [2025-05-31 17:37:23,493] {dagbag.py:500} INFO - Filling up the DagBag from /home/airflow/.local/lib/python3.6/site-packages/airflow/example_dags/example_latest_only.py
[2025-05-31 17:37:23,558] {processor.py:654} INFO - DAG(s) dict_keys(['latest_only']) retrieved from /home/airflow/.local/lib/python3.6/site-packages/airflow/example_dags/example_latest_only.py
[2025-05-31 17:37:23,583] {logging_mixin.py:109} INFO - [2025-05-31 17:37:23,583] {dag.py:2396} INFO - Sync 1 DAGs
[2025-05-31 17:37:23,623] {logging_mixin.py:109} INFO - [2025-05-31 17:37:23,623] {dag.py:2935} INFO - Setting next_dagrun for latest_only to 2025-05-31T13:37:23.622766+00:00
[2025-05-31 17:37:23,644] {processor.py:171} INFO - Processing /home/airflow/.local/lib/python3.6/site-packages/airflow/example_dags/example_latest_only.py took 0.164 seconds
[2025-05-31 17:37:55,304] {processor.py:163} INFO - Started process (PID=2771) to work on /home/airflow/.local/lib/python3.6/site-packages/airflow/example_dags/example_latest_only.py
[2025-05-31 17:37:55,306] {processor.py:642} INFO - Processing file /home/airflow/.local/lib/python3.6/site-packages/airflow/example_dags/example_latest_only.py for tasks to queue
[2025-05-31 17:37:55,308] {logging_mixin.py:109} INFO - [2025-05-31 17:37:55,308] {dagbag.py:500} INFO - Filling up the DagBag from /home/airflow/.local/lib/python3.6/site-packages/airflow/example_dags/example_latest_only.py
[2025-05-31 17:37:55,380] {processor.py:654} INFO - DAG(s) dict_keys(['latest_only']) retrieved from /home/airflow/.local/lib/python3.6/site-packages/airflow/example_dags/example_latest_only.py
[2025-05-31 17:37:55,408] {logging_mixin.py:109} INFO - [2025-05-31 17:37:55,408] {dag.py:2396} INFO - Sync 1 DAGs
[2025-05-31 17:37:55,484] {logging_mixin.py:109} INFO - [2025-05-31 17:37:55,483] {dag.py:2935} INFO - Setting next_dagrun for latest_only to 2025-05-31T13:37:55.483087+00:00
[2025-05-31 17:37:55,507] {processor.py:171} INFO - Processing /home/airflow/.local/lib/python3.6/site-packages/airflow/example_dags/example_latest_only.py took 0.211 seconds
[2025-05-31 17:38:25,640] {processor.py:163} INFO - Started process (PID=2963) to work on /home/airflow/.local/lib/python3.6/site-packages/airflow/example_dags/example_latest_only.py
[2025-05-31 17:38:25,643] {processor.py:642} INFO - Processing file /home/airflow/.local/lib/python3.6/site-packages/airflow/example_dags/example_latest_only.py for tasks to queue
[2025-05-31 17:38:25,645] {logging_mixin.py:109} INFO - [2025-05-31 17:38:25,644] {dagbag.py:500} INFO - Filling up the DagBag from /home/airflow/.local/lib/python3.6/site-packages/airflow/example_dags/example_latest_only.py
[2025-05-31 17:38:25,693] {processor.py:654} INFO - DAG(s) dict_keys(['latest_only']) retrieved from /home/airflow/.local/lib/python3.6/site-packages/airflow/example_dags/example_latest_only.py
[2025-05-31 17:38:25,712] {logging_mixin.py:109} INFO - [2025-05-31 17:38:25,712] {dag.py:2396} INFO - Sync 1 DAGs
[2025-05-31 17:38:25,750] {logging_mixin.py:109} INFO - [2025-05-31 17:38:25,749] {dag.py:2935} INFO - Setting next_dagrun for latest_only to 2025-05-31T13:38:25.749525+00:00
[2025-05-31 17:38:25,766] {processor.py:171} INFO - Processing /home/airflow/.local/lib/python3.6/site-packages/airflow/example_dags/example_latest_only.py took 0.131 seconds
[2025-05-31 17:38:56,387] {processor.py:163} INFO - Started process (PID=3152) to work on /home/airflow/.local/lib/python3.6/site-packages/airflow/example_dags/example_latest_only.py
[2025-05-31 17:38:56,389] {processor.py:642} INFO - Processing file /home/airflow/.local/lib/python3.6/site-packages/airflow/example_dags/example_latest_only.py for tasks to queue
[2025-05-31 17:38:56,391] {logging_mixin.py:109} INFO - [2025-05-31 17:38:56,391] {dagbag.py:500} INFO - Filling up the DagBag from /home/airflow/.local/lib/python3.6/site-packages/airflow/example_dags/example_latest_only.py
[2025-05-31 17:38:56,448] {processor.py:654} INFO - DAG(s) dict_keys(['latest_only']) retrieved from /home/airflow/.local/lib/python3.6/site-packages/airflow/example_dags/example_latest_only.py
[2025-05-31 17:38:56,480] {logging_mixin.py:109} INFO - [2025-05-31 17:38:56,479] {dag.py:2396} INFO - Sync 1 DAGs
[2025-05-31 17:38:56,535] {logging_mixin.py:109} INFO - [2025-05-31 17:38:56,534] {dag.py:2935} INFO - Setting next_dagrun for latest_only to 2025-05-31T13:38:56.534362+00:00
[2025-05-31 17:38:56,556] {processor.py:171} INFO - Processing /home/airflow/.local/lib/python3.6/site-packages/airflow/example_dags/example_latest_only.py took 0.176 seconds
[2025-05-31 17:39:29,958] {processor.py:163} INFO - Started process (PID=3376) to work on /home/airflow/.local/lib/python3.6/site-packages/airflow/example_dags/example_latest_only.py
[2025-05-31 17:39:29,961] {processor.py:642} INFO - Processing file /home/airflow/.local/lib/python3.6/site-packages/airflow/example_dags/example_latest_only.py for tasks to queue
[2025-05-31 17:39:29,963] {logging_mixin.py:109} INFO - [2025-05-31 17:39:29,962] {dagbag.py:500} INFO - Filling up the DagBag from /home/airflow/.local/lib/python3.6/site-packages/airflow/example_dags/example_latest_only.py
[2025-05-31 17:39:30,021] {processor.py:654} INFO - DAG(s) dict_keys(['latest_only']) retrieved from /home/airflow/.local/lib/python3.6/site-packages/airflow/example_dags/example_latest_only.py
[2025-05-31 17:39:30,043] {logging_mixin.py:109} INFO - [2025-05-31 17:39:30,042] {dag.py:2396} INFO - Sync 1 DAGs
[2025-05-31 17:39:30,080] {logging_mixin.py:109} INFO - [2025-05-31 17:39:30,079] {dag.py:2935} INFO - Setting next_dagrun for latest_only to 2025-05-31T13:39:30.079447+00:00
[2025-05-31 17:39:30,098] {processor.py:171} INFO - Processing /home/airflow/.local/lib/python3.6/site-packages/airflow/example_dags/example_latest_only.py took 0.148 seconds
[2025-05-31 17:40:00,816] {processor.py:163} INFO - Started process (PID=3569) to work on /home/airflow/.local/lib/python3.6/site-packages/airflow/example_dags/example_latest_only.py
[2025-05-31 17:40:00,819] {processor.py:642} INFO - Processing file /home/airflow/.local/lib/python3.6/site-packages/airflow/example_dags/example_latest_only.py for tasks to queue
[2025-05-31 17:40:00,821] {logging_mixin.py:109} INFO - [2025-05-31 17:40:00,821] {dagbag.py:500} INFO - Filling up the DagBag from /home/airflow/.local/lib/python3.6/site-packages/airflow/example_dags/example_latest_only.py
[2025-05-31 17:40:00,870] {processor.py:654} INFO - DAG(s) dict_keys(['latest_only']) retrieved from /home/airflow/.local/lib/python3.6/site-packages/airflow/example_dags/example_latest_only.py
[2025-05-31 17:40:00,890] {logging_mixin.py:109} INFO - [2025-05-31 17:40:00,889] {dag.py:2396} INFO - Sync 1 DAGs
[2025-05-31 17:40:00,930] {logging_mixin.py:109} INFO - [2025-05-31 17:40:00,930] {dag.py:2935} INFO - Setting next_dagrun for latest_only to 2025-05-31T13:40:00.929973+00:00
[2025-05-31 17:40:00,949] {processor.py:171} INFO - Processing /home/airflow/.local/lib/python3.6/site-packages/airflow/example_dags/example_latest_only.py took 0.140 seconds
[2025-05-31 17:40:31,312] {processor.py:163} INFO - Started process (PID=3762) to work on /home/airflow/.local/lib/python3.6/site-packages/airflow/example_dags/example_latest_only.py
[2025-05-31 17:40:31,315] {processor.py:642} INFO - Processing file /home/airflow/.local/lib/python3.6/site-packages/airflow/example_dags/example_latest_only.py for tasks to queue
[2025-05-31 17:40:31,317] {logging_mixin.py:109} INFO - [2025-05-31 17:40:31,317] {dagbag.py:500} INFO - Filling up the DagBag from /home/airflow/.local/lib/python3.6/site-packages/airflow/example_dags/example_latest_only.py
[2025-05-31 17:40:31,370] {processor.py:654} INFO - DAG(s) dict_keys(['latest_only']) retrieved from /home/airflow/.local/lib/python3.6/site-packages/airflow/example_dags/example_latest_only.py
[2025-05-31 17:40:31,394] {logging_mixin.py:109} INFO - [2025-05-31 17:40:31,394] {dag.py:2396} INFO - Sync 1 DAGs
[2025-05-31 17:40:31,424] {logging_mixin.py:109} INFO - [2025-05-31 17:40:31,424] {dag.py:2935} INFO - Setting next_dagrun for latest_only to 2025-05-31T13:40:31.424214+00:00
[2025-05-31 17:40:31,444] {processor.py:171} INFO - Processing /home/airflow/.local/lib/python3.6/site-packages/airflow/example_dags/example_latest_only.py took 0.137 seconds
[2025-05-31 17:41:03,589] {processor.py:163} INFO - Started process (PID=3956) to work on /home/airflow/.local/lib/python3.6/site-packages/airflow/example_dags/example_latest_only.py
[2025-05-31 17:41:03,591] {processor.py:642} INFO - Processing file /home/airflow/.local/lib/python3.6/site-packages/airflow/example_dags/example_latest_only.py for tasks to queue
[2025-05-31 17:41:03,592] {logging_mixin.py:109} INFO - [2025-05-31 17:41:03,592] {dagbag.py:500} INFO - Filling up the DagBag from /home/airflow/.local/lib/python3.6/site-packages/airflow/example_dags/example_latest_only.py
[2025-05-31 17:41:03,656] {processor.py:654} INFO - DAG(s) dict_keys(['latest_only']) retrieved from /home/airflow/.local/lib/python3.6/site-packages/airflow/example_dags/example_latest_only.py
[2025-05-31 17:41:03,689] {logging_mixin.py:109} INFO - [2025-05-31 17:41:03,688] {dag.py:2396} INFO - Sync 1 DAGs
[2025-05-31 17:41:03,732] {logging_mixin.py:109} INFO - [2025-05-31 17:41:03,731] {dag.py:2935} INFO - Setting next_dagrun for latest_only to 2025-05-31T13:41:03.731138+00:00
[2025-05-31 17:41:03,755] {processor.py:171} INFO - Processing /home/airflow/.local/lib/python3.6/site-packages/airflow/example_dags/example_latest_only.py took 0.173 seconds
[2025-05-31 17:41:34,725] {processor.py:163} INFO - Started process (PID=4149) to work on /home/airflow/.local/lib/python3.6/site-packages/airflow/example_dags/example_latest_only.py
[2025-05-31 17:41:34,729] {processor.py:642} INFO - Processing file /home/airflow/.local/lib/python3.6/site-packages/airflow/example_dags/example_latest_only.py for tasks to queue
[2025-05-31 17:41:34,733] {logging_mixin.py:109} INFO - [2025-05-31 17:41:34,732] {dagbag.py:500} INFO - Filling up the DagBag from /home/airflow/.local/lib/python3.6/site-packages/airflow/example_dags/example_latest_only.py
[2025-05-31 17:41:34,850] {processor.py:654} INFO - DAG(s) dict_keys(['latest_only']) retrieved from /home/airflow/.local/lib/python3.6/site-packages/airflow/example_dags/example_latest_only.py
[2025-05-31 17:41:34,890] {logging_mixin.py:109} INFO - [2025-05-31 17:41:34,889] {dag.py:2396} INFO - Sync 1 DAGs
[2025-05-31 17:41:34,968] {logging_mixin.py:109} INFO - [2025-05-31 17:41:34,968] {dag.py:2935} INFO - Setting next_dagrun for latest_only to 2025-05-31T13:41:34.967360+00:00
[2025-05-31 17:41:35,008] {processor.py:171} INFO - Processing /home/airflow/.local/lib/python3.6/site-packages/airflow/example_dags/example_latest_only.py took 0.300 seconds
[2025-05-31 17:42:07,795] {processor.py:163} INFO - Started process (PID=4342) to work on /home/airflow/.local/lib/python3.6/site-packages/airflow/example_dags/example_latest_only.py
[2025-05-31 17:42:07,798] {processor.py:642} INFO - Processing file /home/airflow/.local/lib/python3.6/site-packages/airflow/example_dags/example_latest_only.py for tasks to queue
[2025-05-31 17:42:07,801] {logging_mixin.py:109} INFO - [2025-05-31 17:42:07,800] {dagbag.py:500} INFO - Filling up the DagBag from /home/airflow/.local/lib/python3.6/site-packages/airflow/example_dags/example_latest_only.py
[2025-05-31 17:42:07,874] {processor.py:654} INFO - DAG(s) dict_keys(['latest_only']) retrieved from /home/airflow/.local/lib/python3.6/site-packages/airflow/example_dags/example_latest_only.py
[2025-05-31 17:42:07,928] {logging_mixin.py:109} INFO - [2025-05-31 17:42:07,927] {dag.py:2396} INFO - Sync 1 DAGs
[2025-05-31 17:42:08,063] {logging_mixin.py:109} INFO - [2025-05-31 17:42:08,063] {dag.py:2935} INFO - Setting next_dagrun for latest_only to 2025-05-31T13:42:08.062770+00:00
[2025-05-31 17:42:08,109] {processor.py:171} INFO - Processing /home/airflow/.local/lib/python3.6/site-packages/airflow/example_dags/example_latest_only.py took 0.332 seconds
[2025-05-31 17:42:39,284] {processor.py:163} INFO - Started process (PID=4535) to work on /home/airflow/.local/lib/python3.6/site-packages/airflow/example_dags/example_latest_only.py
[2025-05-31 17:42:39,287] {processor.py:642} INFO - Processing file /home/airflow/.local/lib/python3.6/site-packages/airflow/example_dags/example_latest_only.py for tasks to queue
[2025-05-31 17:42:39,288] {logging_mixin.py:109} INFO - [2025-05-31 17:42:39,288] {dagbag.py:500} INFO - Filling up the DagBag from /home/airflow/.local/lib/python3.6/site-packages/airflow/example_dags/example_latest_only.py
[2025-05-31 17:42:39,342] {processor.py:654} INFO - DAG(s) dict_keys(['latest_only']) retrieved from /home/airflow/.local/lib/python3.6/site-packages/airflow/example_dags/example_latest_only.py
[2025-05-31 17:42:39,369] {logging_mixin.py:109} INFO - [2025-05-31 17:42:39,368] {dag.py:2396} INFO - Sync 1 DAGs
[2025-05-31 17:42:39,408] {logging_mixin.py:109} INFO - [2025-05-31 17:42:39,407] {dag.py:2935} INFO - Setting next_dagrun for latest_only to 2025-05-31T13:42:39.407163+00:00
[2025-05-31 17:42:39,429] {processor.py:171} INFO - Processing /home/airflow/.local/lib/python3.6/site-packages/airflow/example_dags/example_latest_only.py took 0.152 seconds
[2025-05-31 17:43:10,825] {processor.py:163} INFO - Started process (PID=4728) to work on /home/airflow/.local/lib/python3.6/site-packages/airflow/example_dags/example_latest_only.py
[2025-05-31 17:43:10,828] {processor.py:642} INFO - Processing file /home/airflow/.local/lib/python3.6/site-packages/airflow/example_dags/example_latest_only.py for tasks to queue
[2025-05-31 17:43:10,830] {logging_mixin.py:109} INFO - [2025-05-31 17:43:10,830] {dagbag.py:500} INFO - Filling up the DagBag from /home/airflow/.local/lib/python3.6/site-packages/airflow/example_dags/example_latest_only.py
[2025-05-31 17:43:10,887] {processor.py:654} INFO - DAG(s) dict_keys(['latest_only']) retrieved from /home/airflow/.local/lib/python3.6/site-packages/airflow/example_dags/example_latest_only.py
[2025-05-31 17:43:10,924] {logging_mixin.py:109} INFO - [2025-05-31 17:43:10,923] {dag.py:2396} INFO - Sync 1 DAGs
[2025-05-31 17:43:11,007] {logging_mixin.py:109} INFO - [2025-05-31 17:43:11,007] {dag.py:2935} INFO - Setting next_dagrun for latest_only to 2025-05-31T13:43:11.006418+00:00
[2025-05-31 17:43:11,071] {processor.py:171} INFO - Processing /home/airflow/.local/lib/python3.6/site-packages/airflow/example_dags/example_latest_only.py took 0.252 seconds
[2025-05-31 17:43:42,993] {processor.py:163} INFO - Started process (PID=4921) to work on /home/airflow/.local/lib/python3.6/site-packages/airflow/example_dags/example_latest_only.py
[2025-05-31 17:43:42,995] {processor.py:642} INFO - Processing file /home/airflow/.local/lib/python3.6/site-packages/airflow/example_dags/example_latest_only.py for tasks to queue
[2025-05-31 17:43:42,997] {logging_mixin.py:109} INFO - [2025-05-31 17:43:42,996] {dagbag.py:500} INFO - Filling up the DagBag from /home/airflow/.local/lib/python3.6/site-packages/airflow/example_dags/example_latest_only.py
[2025-05-31 17:43:43,050] {processor.py:654} INFO - DAG(s) dict_keys(['latest_only']) retrieved from /home/airflow/.local/lib/python3.6/site-packages/airflow/example_dags/example_latest_only.py
[2025-05-31 17:43:43,069] {logging_mixin.py:109} INFO - [2025-05-31 17:43:43,069] {dag.py:2396} INFO - Sync 1 DAGs
[2025-05-31 17:43:43,104] {logging_mixin.py:109} INFO - [2025-05-31 17:43:43,103] {dag.py:2935} INFO - Setting next_dagrun for latest_only to 2025-05-31T13:43:43.103531+00:00
[2025-05-31 17:43:43,122] {processor.py:171} INFO - Processing /home/airflow/.local/lib/python3.6/site-packages/airflow/example_dags/example_latest_only.py took 0.136 seconds
[2025-05-31 17:44:15,404] {processor.py:163} INFO - Started process (PID=5116) to work on /home/airflow/.local/lib/python3.6/site-packages/airflow/example_dags/example_latest_only.py
[2025-05-31 17:44:15,406] {processor.py:642} INFO - Processing file /home/airflow/.local/lib/python3.6/site-packages/airflow/example_dags/example_latest_only.py for tasks to queue
[2025-05-31 17:44:15,408] {logging_mixin.py:109} INFO - [2025-05-31 17:44:15,408] {dagbag.py:500} INFO - Filling up the DagBag from /home/airflow/.local/lib/python3.6/site-packages/airflow/example_dags/example_latest_only.py
[2025-05-31 17:44:15,463] {processor.py:654} INFO - DAG(s) dict_keys(['latest_only']) retrieved from /home/airflow/.local/lib/python3.6/site-packages/airflow/example_dags/example_latest_only.py
[2025-05-31 17:44:15,484] {logging_mixin.py:109} INFO - [2025-05-31 17:44:15,483] {dag.py:2396} INFO - Sync 1 DAGs
[2025-05-31 17:44:15,520] {logging_mixin.py:109} INFO - [2025-05-31 17:44:15,520] {dag.py:2935} INFO - Setting next_dagrun for latest_only to 2025-05-31T13:44:15.519685+00:00
[2025-05-31 17:44:15,547] {processor.py:171} INFO - Processing /home/airflow/.local/lib/python3.6/site-packages/airflow/example_dags/example_latest_only.py took 0.154 seconds
[2025-05-31 17:44:45,836] {processor.py:163} INFO - Started process (PID=5306) to work on /home/airflow/.local/lib/python3.6/site-packages/airflow/example_dags/example_latest_only.py
[2025-05-31 17:44:45,839] {processor.py:642} INFO - Processing file /home/airflow/.local/lib/python3.6/site-packages/airflow/example_dags/example_latest_only.py for tasks to queue
[2025-05-31 17:44:45,841] {logging_mixin.py:109} INFO - [2025-05-31 17:44:45,841] {dagbag.py:500} INFO - Filling up the DagBag from /home/airflow/.local/lib/python3.6/site-packages/airflow/example_dags/example_latest_only.py
[2025-05-31 17:44:45,895] {processor.py:654} INFO - DAG(s) dict_keys(['latest_only']) retrieved from /home/airflow/.local/lib/python3.6/site-packages/airflow/example_dags/example_latest_only.py
[2025-05-31 17:44:45,919] {logging_mixin.py:109} INFO - [2025-05-31 17:44:45,919] {dag.py:2396} INFO - Sync 1 DAGs
[2025-05-31 17:44:45,966] {logging_mixin.py:109} INFO - [2025-05-31 17:44:45,966] {dag.py:2935} INFO - Setting next_dagrun for latest_only to 2025-05-31T13:44:45.965223+00:00
[2025-05-31 17:44:45,986] {processor.py:171} INFO - Processing /home/airflow/.local/lib/python3.6/site-packages/airflow/example_dags/example_latest_only.py took 0.156 seconds
