[2025-05-31 10:45:45,012] {processor.py:163} INFO - Started process (PID=194) to work on /home/airflow/.local/lib/python3.6/site-packages/airflow/example_dags/example_branch_labels.py
[2025-05-31 10:45:45,014] {processor.py:642} INFO - Processing file /home/airflow/.local/lib/python3.6/site-packages/airflow/example_dags/example_branch_labels.py for tasks to queue
[2025-05-31 10:45:45,016] {logging_mixin.py:109} INFO - [2025-05-31 10:45:45,016] {dagbag.py:500} INFO - Filling up the DagBag from /home/airflow/.local/lib/python3.6/site-packages/airflow/example_dags/example_branch_labels.py
[2025-05-31 10:45:45,076] {processor.py:654} INFO - DAG(s) dict_keys(['example_branch_labels']) retrieved from /home/airflow/.local/lib/python3.6/site-packages/airflow/example_dags/example_branch_labels.py
[2025-05-31 10:45:45,105] {logging_mixin.py:109} INFO - [2025-05-31 10:45:45,105] {dag.py:2396} INFO - Sync 1 DAGs
[2025-05-31 10:45:45,153] {logging_mixin.py:109} INFO - [2025-05-31 10:45:45,153] {dag.py:2935} INFO - Setting next_dagrun for example_branch_labels to 2025-05-30 00:00:00+00:00
[2025-05-31 10:45:45,178] {processor.py:171} INFO - Processing /home/airflow/.local/lib/python3.6/site-packages/airflow/example_dags/example_branch_labels.py took 0.172 seconds
[2025-05-31 10:46:15,396] {processor.py:163} INFO - Started process (PID=371) to work on /home/airflow/.local/lib/python3.6/site-packages/airflow/example_dags/example_branch_labels.py
[2025-05-31 10:46:15,400] {processor.py:642} INFO - Processing file /home/airflow/.local/lib/python3.6/site-packages/airflow/example_dags/example_branch_labels.py for tasks to queue
[2025-05-31 10:46:15,404] {logging_mixin.py:109} INFO - [2025-05-31 10:46:15,403] {dagbag.py:500} INFO - Filling up the DagBag from /home/airflow/.local/lib/python3.6/site-packages/airflow/example_dags/example_branch_labels.py
[2025-05-31 10:46:15,478] {processor.py:654} INFO - DAG(s) dict_keys(['example_branch_labels']) retrieved from /home/airflow/.local/lib/python3.6/site-packages/airflow/example_dags/example_branch_labels.py
[2025-05-31 10:46:15,502] {logging_mixin.py:109} INFO - [2025-05-31 10:46:15,502] {dag.py:2396} INFO - Sync 1 DAGs
[2025-05-31 10:46:15,544] {logging_mixin.py:109} INFO - [2025-05-31 10:46:15,544] {dag.py:2935} INFO - Setting next_dagrun for example_branch_labels to 2025-05-30 00:00:00+00:00
[2025-05-31 10:46:15,561] {processor.py:171} INFO - Processing /home/airflow/.local/lib/python3.6/site-packages/airflow/example_dags/example_branch_labels.py took 0.173 seconds
[2025-05-31 10:46:45,827] {processor.py:163} INFO - Started process (PID=549) to work on /home/airflow/.local/lib/python3.6/site-packages/airflow/example_dags/example_branch_labels.py
[2025-05-31 10:46:45,828] {processor.py:642} INFO - Processing file /home/airflow/.local/lib/python3.6/site-packages/airflow/example_dags/example_branch_labels.py for tasks to queue
[2025-05-31 10:46:45,829] {logging_mixin.py:109} INFO - [2025-05-31 10:46:45,829] {dagbag.py:500} INFO - Filling up the DagBag from /home/airflow/.local/lib/python3.6/site-packages/airflow/example_dags/example_branch_labels.py
[2025-05-31 10:46:45,858] {processor.py:654} INFO - DAG(s) dict_keys(['example_branch_labels']) retrieved from /home/airflow/.local/lib/python3.6/site-packages/airflow/example_dags/example_branch_labels.py
[2025-05-31 10:46:45,869] {logging_mixin.py:109} INFO - [2025-05-31 10:46:45,869] {dag.py:2396} INFO - Sync 1 DAGs
[2025-05-31 10:46:45,888] {logging_mixin.py:109} INFO - [2025-05-31 10:46:45,888] {dag.py:2935} INFO - Setting next_dagrun for example_branch_labels to 2025-05-30 00:00:00+00:00
[2025-05-31 10:46:45,899] {processor.py:171} INFO - Processing /home/airflow/.local/lib/python3.6/site-packages/airflow/example_dags/example_branch_labels.py took 0.074 seconds
[2025-05-31 10:47:16,759] {processor.py:163} INFO - Started process (PID=739) to work on /home/airflow/.local/lib/python3.6/site-packages/airflow/example_dags/example_branch_labels.py
[2025-05-31 10:47:16,760] {processor.py:642} INFO - Processing file /home/airflow/.local/lib/python3.6/site-packages/airflow/example_dags/example_branch_labels.py for tasks to queue
[2025-05-31 10:47:16,761] {logging_mixin.py:109} INFO - [2025-05-31 10:47:16,761] {dagbag.py:500} INFO - Filling up the DagBag from /home/airflow/.local/lib/python3.6/site-packages/airflow/example_dags/example_branch_labels.py
[2025-05-31 10:47:16,800] {processor.py:654} INFO - DAG(s) dict_keys(['example_branch_labels']) retrieved from /home/airflow/.local/lib/python3.6/site-packages/airflow/example_dags/example_branch_labels.py
[2025-05-31 10:47:16,815] {logging_mixin.py:109} INFO - [2025-05-31 10:47:16,815] {dag.py:2396} INFO - Sync 1 DAGs
[2025-05-31 10:47:16,839] {logging_mixin.py:109} INFO - [2025-05-31 10:47:16,839] {dag.py:2935} INFO - Setting next_dagrun for example_branch_labels to 2025-05-30 00:00:00+00:00
[2025-05-31 10:47:16,851] {processor.py:171} INFO - Processing /home/airflow/.local/lib/python3.6/site-packages/airflow/example_dags/example_branch_labels.py took 0.096 seconds
[2025-05-31 10:47:47,686] {processor.py:163} INFO - Started process (PID=920) to work on /home/airflow/.local/lib/python3.6/site-packages/airflow/example_dags/example_branch_labels.py
[2025-05-31 10:47:47,687] {processor.py:642} INFO - Processing file /home/airflow/.local/lib/python3.6/site-packages/airflow/example_dags/example_branch_labels.py for tasks to queue
[2025-05-31 10:47:47,688] {logging_mixin.py:109} INFO - [2025-05-31 10:47:47,688] {dagbag.py:500} INFO - Filling up the DagBag from /home/airflow/.local/lib/python3.6/site-packages/airflow/example_dags/example_branch_labels.py
[2025-05-31 10:47:47,719] {processor.py:654} INFO - DAG(s) dict_keys(['example_branch_labels']) retrieved from /home/airflow/.local/lib/python3.6/site-packages/airflow/example_dags/example_branch_labels.py
[2025-05-31 10:47:47,732] {logging_mixin.py:109} INFO - [2025-05-31 10:47:47,732] {dag.py:2396} INFO - Sync 1 DAGs
[2025-05-31 10:47:47,752] {logging_mixin.py:109} INFO - [2025-05-31 10:47:47,752] {dag.py:2935} INFO - Setting next_dagrun for example_branch_labels to 2025-05-30 00:00:00+00:00
[2025-05-31 10:47:47,762] {processor.py:171} INFO - Processing /home/airflow/.local/lib/python3.6/site-packages/airflow/example_dags/example_branch_labels.py took 0.080 seconds
[2025-05-31 10:48:18,033] {processor.py:163} INFO - Started process (PID=1100) to work on /home/airflow/.local/lib/python3.6/site-packages/airflow/example_dags/example_branch_labels.py
[2025-05-31 10:48:18,035] {processor.py:642} INFO - Processing file /home/airflow/.local/lib/python3.6/site-packages/airflow/example_dags/example_branch_labels.py for tasks to queue
[2025-05-31 10:48:18,036] {logging_mixin.py:109} INFO - [2025-05-31 10:48:18,036] {dagbag.py:500} INFO - Filling up the DagBag from /home/airflow/.local/lib/python3.6/site-packages/airflow/example_dags/example_branch_labels.py
[2025-05-31 10:48:18,070] {processor.py:654} INFO - DAG(s) dict_keys(['example_branch_labels']) retrieved from /home/airflow/.local/lib/python3.6/site-packages/airflow/example_dags/example_branch_labels.py
[2025-05-31 10:48:18,083] {logging_mixin.py:109} INFO - [2025-05-31 10:48:18,083] {dag.py:2396} INFO - Sync 1 DAGs
[2025-05-31 10:48:18,105] {logging_mixin.py:109} INFO - [2025-05-31 10:48:18,105] {dag.py:2935} INFO - Setting next_dagrun for example_branch_labels to 2025-05-30 00:00:00+00:00
[2025-05-31 10:48:18,117] {processor.py:171} INFO - Processing /home/airflow/.local/lib/python3.6/site-packages/airflow/example_dags/example_branch_labels.py took 0.088 seconds
[2025-05-31 10:48:48,872] {processor.py:163} INFO - Started process (PID=1290) to work on /home/airflow/.local/lib/python3.6/site-packages/airflow/example_dags/example_branch_labels.py
[2025-05-31 10:48:48,874] {processor.py:642} INFO - Processing file /home/airflow/.local/lib/python3.6/site-packages/airflow/example_dags/example_branch_labels.py for tasks to queue
[2025-05-31 10:48:48,876] {logging_mixin.py:109} INFO - [2025-05-31 10:48:48,876] {dagbag.py:500} INFO - Filling up the DagBag from /home/airflow/.local/lib/python3.6/site-packages/airflow/example_dags/example_branch_labels.py
[2025-05-31 10:48:48,936] {processor.py:654} INFO - DAG(s) dict_keys(['example_branch_labels']) retrieved from /home/airflow/.local/lib/python3.6/site-packages/airflow/example_dags/example_branch_labels.py
[2025-05-31 10:48:48,958] {logging_mixin.py:109} INFO - [2025-05-31 10:48:48,958] {dag.py:2396} INFO - Sync 1 DAGs
[2025-05-31 10:48:48,996] {logging_mixin.py:109} INFO - [2025-05-31 10:48:48,996] {dag.py:2935} INFO - Setting next_dagrun for example_branch_labels to 2025-05-30 00:00:00+00:00
[2025-05-31 10:48:49,013] {processor.py:171} INFO - Processing /home/airflow/.local/lib/python3.6/site-packages/airflow/example_dags/example_branch_labels.py took 0.148 seconds
[2025-05-31 10:49:19,651] {processor.py:163} INFO - Started process (PID=1470) to work on /home/airflow/.local/lib/python3.6/site-packages/airflow/example_dags/example_branch_labels.py
[2025-05-31 10:49:19,653] {processor.py:642} INFO - Processing file /home/airflow/.local/lib/python3.6/site-packages/airflow/example_dags/example_branch_labels.py for tasks to queue
[2025-05-31 10:49:19,654] {logging_mixin.py:109} INFO - [2025-05-31 10:49:19,654] {dagbag.py:500} INFO - Filling up the DagBag from /home/airflow/.local/lib/python3.6/site-packages/airflow/example_dags/example_branch_labels.py
[2025-05-31 10:49:19,701] {processor.py:654} INFO - DAG(s) dict_keys(['example_branch_labels']) retrieved from /home/airflow/.local/lib/python3.6/site-packages/airflow/example_dags/example_branch_labels.py
[2025-05-31 10:49:19,720] {logging_mixin.py:109} INFO - [2025-05-31 10:49:19,720] {dag.py:2396} INFO - Sync 1 DAGs
[2025-05-31 10:49:19,778] {logging_mixin.py:109} INFO - [2025-05-31 10:49:19,777] {dag.py:2935} INFO - Setting next_dagrun for example_branch_labels to 2025-05-30 00:00:00+00:00
[2025-05-31 10:49:19,795] {processor.py:171} INFO - Processing /home/airflow/.local/lib/python3.6/site-packages/airflow/example_dags/example_branch_labels.py took 0.151 seconds
[2025-05-31 10:49:49,986] {processor.py:163} INFO - Started process (PID=1650) to work on /home/airflow/.local/lib/python3.6/site-packages/airflow/example_dags/example_branch_labels.py
[2025-05-31 10:49:49,987] {processor.py:642} INFO - Processing file /home/airflow/.local/lib/python3.6/site-packages/airflow/example_dags/example_branch_labels.py for tasks to queue
[2025-05-31 10:49:49,988] {logging_mixin.py:109} INFO - [2025-05-31 10:49:49,988] {dagbag.py:500} INFO - Filling up the DagBag from /home/airflow/.local/lib/python3.6/site-packages/airflow/example_dags/example_branch_labels.py
[2025-05-31 10:49:50,017] {processor.py:654} INFO - DAG(s) dict_keys(['example_branch_labels']) retrieved from /home/airflow/.local/lib/python3.6/site-packages/airflow/example_dags/example_branch_labels.py
[2025-05-31 10:49:50,029] {logging_mixin.py:109} INFO - [2025-05-31 10:49:50,028] {dag.py:2396} INFO - Sync 1 DAGs
[2025-05-31 10:49:50,049] {logging_mixin.py:109} INFO - [2025-05-31 10:49:50,049] {dag.py:2935} INFO - Setting next_dagrun for example_branch_labels to 2025-05-30 00:00:00+00:00
[2025-05-31 10:49:50,060] {processor.py:171} INFO - Processing /home/airflow/.local/lib/python3.6/site-packages/airflow/example_dags/example_branch_labels.py took 0.077 seconds
[2025-05-31 10:50:20,377] {processor.py:163} INFO - Started process (PID=1830) to work on /home/airflow/.local/lib/python3.6/site-packages/airflow/example_dags/example_branch_labels.py
[2025-05-31 10:50:20,379] {processor.py:642} INFO - Processing file /home/airflow/.local/lib/python3.6/site-packages/airflow/example_dags/example_branch_labels.py for tasks to queue
[2025-05-31 10:50:20,380] {logging_mixin.py:109} INFO - [2025-05-31 10:50:20,380] {dagbag.py:500} INFO - Filling up the DagBag from /home/airflow/.local/lib/python3.6/site-packages/airflow/example_dags/example_branch_labels.py
[2025-05-31 10:50:20,417] {processor.py:654} INFO - DAG(s) dict_keys(['example_branch_labels']) retrieved from /home/airflow/.local/lib/python3.6/site-packages/airflow/example_dags/example_branch_labels.py
[2025-05-31 10:50:20,434] {logging_mixin.py:109} INFO - [2025-05-31 10:50:20,433] {dag.py:2396} INFO - Sync 1 DAGs
[2025-05-31 10:50:20,465] {logging_mixin.py:109} INFO - [2025-05-31 10:50:20,465] {dag.py:2935} INFO - Setting next_dagrun for example_branch_labels to 2025-05-30 00:00:00+00:00
[2025-05-31 10:50:20,477] {processor.py:171} INFO - Processing /home/airflow/.local/lib/python3.6/site-packages/airflow/example_dags/example_branch_labels.py took 0.104 seconds
[2025-05-31 10:50:50,952] {processor.py:163} INFO - Started process (PID=2011) to work on /home/airflow/.local/lib/python3.6/site-packages/airflow/example_dags/example_branch_labels.py
[2025-05-31 10:50:50,954] {processor.py:642} INFO - Processing file /home/airflow/.local/lib/python3.6/site-packages/airflow/example_dags/example_branch_labels.py for tasks to queue
[2025-05-31 10:50:50,955] {logging_mixin.py:109} INFO - [2025-05-31 10:50:50,955] {dagbag.py:500} INFO - Filling up the DagBag from /home/airflow/.local/lib/python3.6/site-packages/airflow/example_dags/example_branch_labels.py
[2025-05-31 10:50:51,016] {processor.py:654} INFO - DAG(s) dict_keys(['example_branch_labels']) retrieved from /home/airflow/.local/lib/python3.6/site-packages/airflow/example_dags/example_branch_labels.py
[2025-05-31 10:50:51,039] {logging_mixin.py:109} INFO - [2025-05-31 10:50:51,039] {dag.py:2396} INFO - Sync 1 DAGs
[2025-05-31 10:50:51,075] {logging_mixin.py:109} INFO - [2025-05-31 10:50:51,075] {dag.py:2935} INFO - Setting next_dagrun for example_branch_labels to 2025-05-30 00:00:00+00:00
[2025-05-31 10:50:51,088] {processor.py:171} INFO - Processing /home/airflow/.local/lib/python3.6/site-packages/airflow/example_dags/example_branch_labels.py took 0.141 seconds
[2025-05-31 10:51:21,576] {processor.py:163} INFO - Started process (PID=2201) to work on /home/airflow/.local/lib/python3.6/site-packages/airflow/example_dags/example_branch_labels.py
[2025-05-31 10:51:21,578] {processor.py:642} INFO - Processing file /home/airflow/.local/lib/python3.6/site-packages/airflow/example_dags/example_branch_labels.py for tasks to queue
[2025-05-31 10:51:21,579] {logging_mixin.py:109} INFO - [2025-05-31 10:51:21,579] {dagbag.py:500} INFO - Filling up the DagBag from /home/airflow/.local/lib/python3.6/site-packages/airflow/example_dags/example_branch_labels.py
[2025-05-31 10:51:21,618] {processor.py:654} INFO - DAG(s) dict_keys(['example_branch_labels']) retrieved from /home/airflow/.local/lib/python3.6/site-packages/airflow/example_dags/example_branch_labels.py
[2025-05-31 10:51:21,635] {logging_mixin.py:109} INFO - [2025-05-31 10:51:21,635] {dag.py:2396} INFO - Sync 1 DAGs
[2025-05-31 10:51:21,662] {logging_mixin.py:109} INFO - [2025-05-31 10:51:21,662] {dag.py:2935} INFO - Setting next_dagrun for example_branch_labels to 2025-05-30 00:00:00+00:00
[2025-05-31 10:51:21,676] {processor.py:171} INFO - Processing /home/airflow/.local/lib/python3.6/site-packages/airflow/example_dags/example_branch_labels.py took 0.104 seconds
[2025-05-31 10:51:52,365] {processor.py:163} INFO - Started process (PID=2381) to work on /home/airflow/.local/lib/python3.6/site-packages/airflow/example_dags/example_branch_labels.py
[2025-05-31 10:51:52,366] {processor.py:642} INFO - Processing file /home/airflow/.local/lib/python3.6/site-packages/airflow/example_dags/example_branch_labels.py for tasks to queue
[2025-05-31 10:51:52,367] {logging_mixin.py:109} INFO - [2025-05-31 10:51:52,367] {dagbag.py:500} INFO - Filling up the DagBag from /home/airflow/.local/lib/python3.6/site-packages/airflow/example_dags/example_branch_labels.py
[2025-05-31 10:51:52,397] {processor.py:654} INFO - DAG(s) dict_keys(['example_branch_labels']) retrieved from /home/airflow/.local/lib/python3.6/site-packages/airflow/example_dags/example_branch_labels.py
[2025-05-31 10:51:52,410] {logging_mixin.py:109} INFO - [2025-05-31 10:51:52,410] {dag.py:2396} INFO - Sync 1 DAGs
[2025-05-31 10:51:52,431] {logging_mixin.py:109} INFO - [2025-05-31 10:51:52,431] {dag.py:2935} INFO - Setting next_dagrun for example_branch_labels to 2025-05-30 00:00:00+00:00
[2025-05-31 10:51:52,443] {processor.py:171} INFO - Processing /home/airflow/.local/lib/python3.6/site-packages/airflow/example_dags/example_branch_labels.py took 0.082 seconds
[2025-05-31 10:52:22,984] {processor.py:163} INFO - Started process (PID=2561) to work on /home/airflow/.local/lib/python3.6/site-packages/airflow/example_dags/example_branch_labels.py
[2025-05-31 10:52:22,986] {processor.py:642} INFO - Processing file /home/airflow/.local/lib/python3.6/site-packages/airflow/example_dags/example_branch_labels.py for tasks to queue
[2025-05-31 10:52:22,988] {logging_mixin.py:109} INFO - [2025-05-31 10:52:22,987] {dagbag.py:500} INFO - Filling up the DagBag from /home/airflow/.local/lib/python3.6/site-packages/airflow/example_dags/example_branch_labels.py
[2025-05-31 10:52:23,042] {processor.py:654} INFO - DAG(s) dict_keys(['example_branch_labels']) retrieved from /home/airflow/.local/lib/python3.6/site-packages/airflow/example_dags/example_branch_labels.py
[2025-05-31 10:52:23,065] {logging_mixin.py:109} INFO - [2025-05-31 10:52:23,065] {dag.py:2396} INFO - Sync 1 DAGs
[2025-05-31 10:52:23,101] {logging_mixin.py:109} INFO - [2025-05-31 10:52:23,101] {dag.py:2935} INFO - Setting next_dagrun for example_branch_labels to 2025-05-30 00:00:00+00:00
[2025-05-31 10:52:23,118] {processor.py:171} INFO - Processing /home/airflow/.local/lib/python3.6/site-packages/airflow/example_dags/example_branch_labels.py took 0.140 seconds
[2025-05-31 10:52:53,944] {processor.py:163} INFO - Started process (PID=2750) to work on /home/airflow/.local/lib/python3.6/site-packages/airflow/example_dags/example_branch_labels.py
[2025-05-31 10:52:53,946] {processor.py:642} INFO - Processing file /home/airflow/.local/lib/python3.6/site-packages/airflow/example_dags/example_branch_labels.py for tasks to queue
[2025-05-31 10:52:53,947] {logging_mixin.py:109} INFO - [2025-05-31 10:52:53,947] {dagbag.py:500} INFO - Filling up the DagBag from /home/airflow/.local/lib/python3.6/site-packages/airflow/example_dags/example_branch_labels.py
[2025-05-31 10:52:53,997] {processor.py:654} INFO - DAG(s) dict_keys(['example_branch_labels']) retrieved from /home/airflow/.local/lib/python3.6/site-packages/airflow/example_dags/example_branch_labels.py
[2025-05-31 10:52:54,023] {logging_mixin.py:109} INFO - [2025-05-31 10:52:54,022] {dag.py:2396} INFO - Sync 1 DAGs
[2025-05-31 10:52:54,061] {logging_mixin.py:109} INFO - [2025-05-31 10:52:54,061] {dag.py:2935} INFO - Setting next_dagrun for example_branch_labels to 2025-05-30 00:00:00+00:00
[2025-05-31 10:52:54,078] {processor.py:171} INFO - Processing /home/airflow/.local/lib/python3.6/site-packages/airflow/example_dags/example_branch_labels.py took 0.139 seconds
[2025-05-31 10:53:24,177] {processor.py:163} INFO - Started process (PID=2931) to work on /home/airflow/.local/lib/python3.6/site-packages/airflow/example_dags/example_branch_labels.py
[2025-05-31 10:53:24,179] {processor.py:642} INFO - Processing file /home/airflow/.local/lib/python3.6/site-packages/airflow/example_dags/example_branch_labels.py for tasks to queue
[2025-05-31 10:53:24,180] {logging_mixin.py:109} INFO - [2025-05-31 10:53:24,180] {dagbag.py:500} INFO - Filling up the DagBag from /home/airflow/.local/lib/python3.6/site-packages/airflow/example_dags/example_branch_labels.py
[2025-05-31 10:53:24,225] {processor.py:654} INFO - DAG(s) dict_keys(['example_branch_labels']) retrieved from /home/airflow/.local/lib/python3.6/site-packages/airflow/example_dags/example_branch_labels.py
[2025-05-31 10:53:24,258] {logging_mixin.py:109} INFO - [2025-05-31 10:53:24,258] {dag.py:2396} INFO - Sync 1 DAGs
[2025-05-31 10:53:24,292] {logging_mixin.py:109} INFO - [2025-05-31 10:53:24,291] {dag.py:2935} INFO - Setting next_dagrun for example_branch_labels to 2025-05-30 00:00:00+00:00
[2025-05-31 10:53:24,305] {processor.py:171} INFO - Processing /home/airflow/.local/lib/python3.6/site-packages/airflow/example_dags/example_branch_labels.py took 0.133 seconds
[2025-05-31 10:53:54,482] {processor.py:163} INFO - Started process (PID=3111) to work on /home/airflow/.local/lib/python3.6/site-packages/airflow/example_dags/example_branch_labels.py
[2025-05-31 10:53:54,484] {processor.py:642} INFO - Processing file /home/airflow/.local/lib/python3.6/site-packages/airflow/example_dags/example_branch_labels.py for tasks to queue
[2025-05-31 10:53:54,485] {logging_mixin.py:109} INFO - [2025-05-31 10:53:54,485] {dagbag.py:500} INFO - Filling up the DagBag from /home/airflow/.local/lib/python3.6/site-packages/airflow/example_dags/example_branch_labels.py
[2025-05-31 10:53:54,540] {processor.py:654} INFO - DAG(s) dict_keys(['example_branch_labels']) retrieved from /home/airflow/.local/lib/python3.6/site-packages/airflow/example_dags/example_branch_labels.py
[2025-05-31 10:53:54,569] {logging_mixin.py:109} INFO - [2025-05-31 10:53:54,568] {dag.py:2396} INFO - Sync 1 DAGs
[2025-05-31 10:53:54,638] {logging_mixin.py:109} INFO - [2025-05-31 10:53:54,637] {dag.py:2935} INFO - Setting next_dagrun for example_branch_labels to 2025-05-30 00:00:00+00:00
[2025-05-31 10:53:54,672] {processor.py:171} INFO - Processing /home/airflow/.local/lib/python3.6/site-packages/airflow/example_dags/example_branch_labels.py took 0.195 seconds
[2025-05-31 10:54:25,155] {processor.py:163} INFO - Started process (PID=3291) to work on /home/airflow/.local/lib/python3.6/site-packages/airflow/example_dags/example_branch_labels.py
[2025-05-31 10:54:25,158] {processor.py:642} INFO - Processing file /home/airflow/.local/lib/python3.6/site-packages/airflow/example_dags/example_branch_labels.py for tasks to queue
[2025-05-31 10:54:25,159] {logging_mixin.py:109} INFO - [2025-05-31 10:54:25,159] {dagbag.py:500} INFO - Filling up the DagBag from /home/airflow/.local/lib/python3.6/site-packages/airflow/example_dags/example_branch_labels.py
[2025-05-31 10:54:25,281] {processor.py:654} INFO - DAG(s) dict_keys(['example_branch_labels']) retrieved from /home/airflow/.local/lib/python3.6/site-packages/airflow/example_dags/example_branch_labels.py
[2025-05-31 10:54:25,307] {logging_mixin.py:109} INFO - [2025-05-31 10:54:25,307] {dag.py:2396} INFO - Sync 1 DAGs
[2025-05-31 10:54:25,353] {logging_mixin.py:109} INFO - [2025-05-31 10:54:25,353] {dag.py:2935} INFO - Setting next_dagrun for example_branch_labels to 2025-05-30 00:00:00+00:00
[2025-05-31 10:54:25,371] {processor.py:171} INFO - Processing /home/airflow/.local/lib/python3.6/site-packages/airflow/example_dags/example_branch_labels.py took 0.220 seconds
[2025-05-31 10:54:55,860] {processor.py:163} INFO - Started process (PID=3471) to work on /home/airflow/.local/lib/python3.6/site-packages/airflow/example_dags/example_branch_labels.py
[2025-05-31 10:54:55,862] {processor.py:642} INFO - Processing file /home/airflow/.local/lib/python3.6/site-packages/airflow/example_dags/example_branch_labels.py for tasks to queue
[2025-05-31 10:54:55,863] {logging_mixin.py:109} INFO - [2025-05-31 10:54:55,863] {dagbag.py:500} INFO - Filling up the DagBag from /home/airflow/.local/lib/python3.6/site-packages/airflow/example_dags/example_branch_labels.py
[2025-05-31 10:54:55,893] {processor.py:654} INFO - DAG(s) dict_keys(['example_branch_labels']) retrieved from /home/airflow/.local/lib/python3.6/site-packages/airflow/example_dags/example_branch_labels.py
[2025-05-31 10:54:55,906] {logging_mixin.py:109} INFO - [2025-05-31 10:54:55,906] {dag.py:2396} INFO - Sync 1 DAGs
[2025-05-31 10:54:55,929] {logging_mixin.py:109} INFO - [2025-05-31 10:54:55,929] {dag.py:2935} INFO - Setting next_dagrun for example_branch_labels to 2025-05-30 00:00:00+00:00
[2025-05-31 10:54:55,941] {processor.py:171} INFO - Processing /home/airflow/.local/lib/python3.6/site-packages/airflow/example_dags/example_branch_labels.py took 0.087 seconds
[2025-05-31 10:55:26,310] {processor.py:163} INFO - Started process (PID=3659) to work on /home/airflow/.local/lib/python3.6/site-packages/airflow/example_dags/example_branch_labels.py
[2025-05-31 10:55:26,312] {processor.py:642} INFO - Processing file /home/airflow/.local/lib/python3.6/site-packages/airflow/example_dags/example_branch_labels.py for tasks to queue
[2025-05-31 10:55:26,314] {logging_mixin.py:109} INFO - [2025-05-31 10:55:26,314] {dagbag.py:500} INFO - Filling up the DagBag from /home/airflow/.local/lib/python3.6/site-packages/airflow/example_dags/example_branch_labels.py
[2025-05-31 10:55:26,382] {processor.py:654} INFO - DAG(s) dict_keys(['example_branch_labels']) retrieved from /home/airflow/.local/lib/python3.6/site-packages/airflow/example_dags/example_branch_labels.py
[2025-05-31 10:55:26,407] {logging_mixin.py:109} INFO - [2025-05-31 10:55:26,407] {dag.py:2396} INFO - Sync 1 DAGs
[2025-05-31 10:55:26,467] {logging_mixin.py:109} INFO - [2025-05-31 10:55:26,466] {dag.py:2935} INFO - Setting next_dagrun for example_branch_labels to 2025-05-30 00:00:00+00:00
[2025-05-31 10:55:26,489] {processor.py:171} INFO - Processing /home/airflow/.local/lib/python3.6/site-packages/airflow/example_dags/example_branch_labels.py took 0.186 seconds
[2025-05-31 10:55:56,918] {processor.py:163} INFO - Started process (PID=3841) to work on /home/airflow/.local/lib/python3.6/site-packages/airflow/example_dags/example_branch_labels.py
[2025-05-31 10:55:56,920] {processor.py:642} INFO - Processing file /home/airflow/.local/lib/python3.6/site-packages/airflow/example_dags/example_branch_labels.py for tasks to queue
[2025-05-31 10:55:56,921] {logging_mixin.py:109} INFO - [2025-05-31 10:55:56,921] {dagbag.py:500} INFO - Filling up the DagBag from /home/airflow/.local/lib/python3.6/site-packages/airflow/example_dags/example_branch_labels.py
[2025-05-31 10:55:56,953] {processor.py:654} INFO - DAG(s) dict_keys(['example_branch_labels']) retrieved from /home/airflow/.local/lib/python3.6/site-packages/airflow/example_dags/example_branch_labels.py
[2025-05-31 10:55:56,966] {logging_mixin.py:109} INFO - [2025-05-31 10:55:56,966] {dag.py:2396} INFO - Sync 1 DAGs
[2025-05-31 10:55:56,989] {logging_mixin.py:109} INFO - [2025-05-31 10:55:56,989] {dag.py:2935} INFO - Setting next_dagrun for example_branch_labels to 2025-05-30 00:00:00+00:00
[2025-05-31 10:55:57,000] {processor.py:171} INFO - Processing /home/airflow/.local/lib/python3.6/site-packages/airflow/example_dags/example_branch_labels.py took 0.087 seconds
[2025-05-31 10:56:27,298] {processor.py:163} INFO - Started process (PID=4021) to work on /home/airflow/.local/lib/python3.6/site-packages/airflow/example_dags/example_branch_labels.py
[2025-05-31 10:56:27,301] {processor.py:642} INFO - Processing file /home/airflow/.local/lib/python3.6/site-packages/airflow/example_dags/example_branch_labels.py for tasks to queue
[2025-05-31 10:56:27,302] {logging_mixin.py:109} INFO - [2025-05-31 10:56:27,302] {dagbag.py:500} INFO - Filling up the DagBag from /home/airflow/.local/lib/python3.6/site-packages/airflow/example_dags/example_branch_labels.py
[2025-05-31 10:56:27,348] {processor.py:654} INFO - DAG(s) dict_keys(['example_branch_labels']) retrieved from /home/airflow/.local/lib/python3.6/site-packages/airflow/example_dags/example_branch_labels.py
[2025-05-31 10:56:27,371] {logging_mixin.py:109} INFO - [2025-05-31 10:56:27,371] {dag.py:2396} INFO - Sync 1 DAGs
[2025-05-31 10:56:27,416] {logging_mixin.py:109} INFO - [2025-05-31 10:56:27,416] {dag.py:2935} INFO - Setting next_dagrun for example_branch_labels to 2025-05-30 00:00:00+00:00
[2025-05-31 10:56:27,434] {processor.py:171} INFO - Processing /home/airflow/.local/lib/python3.6/site-packages/airflow/example_dags/example_branch_labels.py took 0.143 seconds
[2025-05-31 10:56:57,889] {processor.py:163} INFO - Started process (PID=4201) to work on /home/airflow/.local/lib/python3.6/site-packages/airflow/example_dags/example_branch_labels.py
[2025-05-31 10:56:57,891] {processor.py:642} INFO - Processing file /home/airflow/.local/lib/python3.6/site-packages/airflow/example_dags/example_branch_labels.py for tasks to queue
[2025-05-31 10:56:57,892] {logging_mixin.py:109} INFO - [2025-05-31 10:56:57,891] {dagbag.py:500} INFO - Filling up the DagBag from /home/airflow/.local/lib/python3.6/site-packages/airflow/example_dags/example_branch_labels.py
[2025-05-31 10:56:57,929] {processor.py:654} INFO - DAG(s) dict_keys(['example_branch_labels']) retrieved from /home/airflow/.local/lib/python3.6/site-packages/airflow/example_dags/example_branch_labels.py
[2025-05-31 10:56:57,943] {logging_mixin.py:109} INFO - [2025-05-31 10:56:57,943] {dag.py:2396} INFO - Sync 1 DAGs
[2025-05-31 10:56:57,968] {logging_mixin.py:109} INFO - [2025-05-31 10:56:57,968] {dag.py:2935} INFO - Setting next_dagrun for example_branch_labels to 2025-05-30 00:00:00+00:00
[2025-05-31 10:56:57,979] {processor.py:171} INFO - Processing /home/airflow/.local/lib/python3.6/site-packages/airflow/example_dags/example_branch_labels.py took 0.094 seconds
[2025-05-31 10:57:28,459] {processor.py:163} INFO - Started process (PID=4391) to work on /home/airflow/.local/lib/python3.6/site-packages/airflow/example_dags/example_branch_labels.py
[2025-05-31 10:57:28,462] {processor.py:642} INFO - Processing file /home/airflow/.local/lib/python3.6/site-packages/airflow/example_dags/example_branch_labels.py for tasks to queue
[2025-05-31 10:57:28,463] {logging_mixin.py:109} INFO - [2025-05-31 10:57:28,463] {dagbag.py:500} INFO - Filling up the DagBag from /home/airflow/.local/lib/python3.6/site-packages/airflow/example_dags/example_branch_labels.py
[2025-05-31 10:57:28,518] {processor.py:654} INFO - DAG(s) dict_keys(['example_branch_labels']) retrieved from /home/airflow/.local/lib/python3.6/site-packages/airflow/example_dags/example_branch_labels.py
[2025-05-31 10:57:28,543] {logging_mixin.py:109} INFO - [2025-05-31 10:57:28,543] {dag.py:2396} INFO - Sync 1 DAGs
[2025-05-31 10:57:28,592] {logging_mixin.py:109} INFO - [2025-05-31 10:57:28,592] {dag.py:2935} INFO - Setting next_dagrun for example_branch_labels to 2025-05-30 00:00:00+00:00
[2025-05-31 10:57:28,617] {processor.py:171} INFO - Processing /home/airflow/.local/lib/python3.6/site-packages/airflow/example_dags/example_branch_labels.py took 0.163 seconds
[2025-05-31 10:57:59,531] {processor.py:163} INFO - Started process (PID=4571) to work on /home/airflow/.local/lib/python3.6/site-packages/airflow/example_dags/example_branch_labels.py
[2025-05-31 10:57:59,533] {processor.py:642} INFO - Processing file /home/airflow/.local/lib/python3.6/site-packages/airflow/example_dags/example_branch_labels.py for tasks to queue
[2025-05-31 10:57:59,534] {logging_mixin.py:109} INFO - [2025-05-31 10:57:59,534] {dagbag.py:500} INFO - Filling up the DagBag from /home/airflow/.local/lib/python3.6/site-packages/airflow/example_dags/example_branch_labels.py
[2025-05-31 10:57:59,583] {processor.py:654} INFO - DAG(s) dict_keys(['example_branch_labels']) retrieved from /home/airflow/.local/lib/python3.6/site-packages/airflow/example_dags/example_branch_labels.py
[2025-05-31 10:57:59,601] {logging_mixin.py:109} INFO - [2025-05-31 10:57:59,601] {dag.py:2396} INFO - Sync 1 DAGs
[2025-05-31 10:57:59,636] {logging_mixin.py:109} INFO - [2025-05-31 10:57:59,636] {dag.py:2935} INFO - Setting next_dagrun for example_branch_labels to 2025-05-30 00:00:00+00:00
[2025-05-31 10:57:59,651] {processor.py:171} INFO - Processing /home/airflow/.local/lib/python3.6/site-packages/airflow/example_dags/example_branch_labels.py took 0.126 seconds
[2025-05-31 10:58:29,769] {processor.py:163} INFO - Started process (PID=4751) to work on /home/airflow/.local/lib/python3.6/site-packages/airflow/example_dags/example_branch_labels.py
[2025-05-31 10:58:29,771] {processor.py:642} INFO - Processing file /home/airflow/.local/lib/python3.6/site-packages/airflow/example_dags/example_branch_labels.py for tasks to queue
[2025-05-31 10:58:29,772] {logging_mixin.py:109} INFO - [2025-05-31 10:58:29,771] {dagbag.py:500} INFO - Filling up the DagBag from /home/airflow/.local/lib/python3.6/site-packages/airflow/example_dags/example_branch_labels.py
[2025-05-31 10:58:29,802] {processor.py:654} INFO - DAG(s) dict_keys(['example_branch_labels']) retrieved from /home/airflow/.local/lib/python3.6/site-packages/airflow/example_dags/example_branch_labels.py
[2025-05-31 10:58:29,816] {logging_mixin.py:109} INFO - [2025-05-31 10:58:29,816] {dag.py:2396} INFO - Sync 1 DAGs
[2025-05-31 10:58:29,843] {logging_mixin.py:109} INFO - [2025-05-31 10:58:29,843] {dag.py:2935} INFO - Setting next_dagrun for example_branch_labels to 2025-05-30 00:00:00+00:00
[2025-05-31 10:58:29,856] {processor.py:171} INFO - Processing /home/airflow/.local/lib/python3.6/site-packages/airflow/example_dags/example_branch_labels.py took 0.090 seconds
[2025-05-31 10:59:00,457] {processor.py:163} INFO - Started process (PID=4931) to work on /home/airflow/.local/lib/python3.6/site-packages/airflow/example_dags/example_branch_labels.py
[2025-05-31 10:59:00,459] {processor.py:642} INFO - Processing file /home/airflow/.local/lib/python3.6/site-packages/airflow/example_dags/example_branch_labels.py for tasks to queue
[2025-05-31 10:59:00,460] {logging_mixin.py:109} INFO - [2025-05-31 10:59:00,460] {dagbag.py:500} INFO - Filling up the DagBag from /home/airflow/.local/lib/python3.6/site-packages/airflow/example_dags/example_branch_labels.py
[2025-05-31 10:59:00,492] {processor.py:654} INFO - DAG(s) dict_keys(['example_branch_labels']) retrieved from /home/airflow/.local/lib/python3.6/site-packages/airflow/example_dags/example_branch_labels.py
[2025-05-31 10:59:00,507] {logging_mixin.py:109} INFO - [2025-05-31 10:59:00,507] {dag.py:2396} INFO - Sync 1 DAGs
[2025-05-31 10:59:00,531] {logging_mixin.py:109} INFO - [2025-05-31 10:59:00,530] {dag.py:2935} INFO - Setting next_dagrun for example_branch_labels to 2025-05-30 00:00:00+00:00
[2025-05-31 10:59:00,542] {processor.py:171} INFO - Processing /home/airflow/.local/lib/python3.6/site-packages/airflow/example_dags/example_branch_labels.py took 0.089 seconds
[2025-05-31 10:59:30,699] {processor.py:163} INFO - Started process (PID=5121) to work on /home/airflow/.local/lib/python3.6/site-packages/airflow/example_dags/example_branch_labels.py
[2025-05-31 10:59:30,702] {processor.py:642} INFO - Processing file /home/airflow/.local/lib/python3.6/site-packages/airflow/example_dags/example_branch_labels.py for tasks to queue
[2025-05-31 10:59:30,703] {logging_mixin.py:109} INFO - [2025-05-31 10:59:30,703] {dagbag.py:500} INFO - Filling up the DagBag from /home/airflow/.local/lib/python3.6/site-packages/airflow/example_dags/example_branch_labels.py
[2025-05-31 10:59:30,754] {processor.py:654} INFO - DAG(s) dict_keys(['example_branch_labels']) retrieved from /home/airflow/.local/lib/python3.6/site-packages/airflow/example_dags/example_branch_labels.py
[2025-05-31 10:59:30,775] {logging_mixin.py:109} INFO - [2025-05-31 10:59:30,775] {dag.py:2396} INFO - Sync 1 DAGs
[2025-05-31 10:59:30,825] {logging_mixin.py:109} INFO - [2025-05-31 10:59:30,824] {dag.py:2935} INFO - Setting next_dagrun for example_branch_labels to 2025-05-30 00:00:00+00:00
[2025-05-31 10:59:30,847] {processor.py:171} INFO - Processing /home/airflow/.local/lib/python3.6/site-packages/airflow/example_dags/example_branch_labels.py took 0.154 seconds
[2025-05-31 11:00:01,796] {processor.py:163} INFO - Started process (PID=5301) to work on /home/airflow/.local/lib/python3.6/site-packages/airflow/example_dags/example_branch_labels.py
[2025-05-31 11:00:01,798] {processor.py:642} INFO - Processing file /home/airflow/.local/lib/python3.6/site-packages/airflow/example_dags/example_branch_labels.py for tasks to queue
[2025-05-31 11:00:01,800] {logging_mixin.py:109} INFO - [2025-05-31 11:00:01,800] {dagbag.py:500} INFO - Filling up the DagBag from /home/airflow/.local/lib/python3.6/site-packages/airflow/example_dags/example_branch_labels.py
[2025-05-31 11:00:01,839] {processor.py:654} INFO - DAG(s) dict_keys(['example_branch_labels']) retrieved from /home/airflow/.local/lib/python3.6/site-packages/airflow/example_dags/example_branch_labels.py
[2025-05-31 11:00:01,856] {logging_mixin.py:109} INFO - [2025-05-31 11:00:01,856] {dag.py:2396} INFO - Sync 1 DAGs
[2025-05-31 11:00:01,885] {logging_mixin.py:109} INFO - [2025-05-31 11:00:01,885] {dag.py:2935} INFO - Setting next_dagrun for example_branch_labels to 2025-05-30 00:00:00+00:00
[2025-05-31 11:00:01,900] {processor.py:171} INFO - Processing /home/airflow/.local/lib/python3.6/site-packages/airflow/example_dags/example_branch_labels.py took 0.108 seconds
[2025-05-31 11:00:32,516] {processor.py:163} INFO - Started process (PID=5481) to work on /home/airflow/.local/lib/python3.6/site-packages/airflow/example_dags/example_branch_labels.py
[2025-05-31 11:00:32,518] {processor.py:642} INFO - Processing file /home/airflow/.local/lib/python3.6/site-packages/airflow/example_dags/example_branch_labels.py for tasks to queue
[2025-05-31 11:00:32,519] {logging_mixin.py:109} INFO - [2025-05-31 11:00:32,519] {dagbag.py:500} INFO - Filling up the DagBag from /home/airflow/.local/lib/python3.6/site-packages/airflow/example_dags/example_branch_labels.py
[2025-05-31 11:00:32,554] {processor.py:654} INFO - DAG(s) dict_keys(['example_branch_labels']) retrieved from /home/airflow/.local/lib/python3.6/site-packages/airflow/example_dags/example_branch_labels.py
[2025-05-31 11:00:32,567] {logging_mixin.py:109} INFO - [2025-05-31 11:00:32,566] {dag.py:2396} INFO - Sync 1 DAGs
[2025-05-31 11:00:32,590] {logging_mixin.py:109} INFO - [2025-05-31 11:00:32,590] {dag.py:2935} INFO - Setting next_dagrun for example_branch_labels to 2025-05-30 00:00:00+00:00
[2025-05-31 11:00:32,602] {processor.py:171} INFO - Processing /home/airflow/.local/lib/python3.6/site-packages/airflow/example_dags/example_branch_labels.py took 0.089 seconds
[2025-05-31 11:01:02,758] {processor.py:163} INFO - Started process (PID=5671) to work on /home/airflow/.local/lib/python3.6/site-packages/airflow/example_dags/example_branch_labels.py
[2025-05-31 11:01:02,760] {processor.py:642} INFO - Processing file /home/airflow/.local/lib/python3.6/site-packages/airflow/example_dags/example_branch_labels.py for tasks to queue
[2025-05-31 11:01:02,762] {logging_mixin.py:109} INFO - [2025-05-31 11:01:02,761] {dagbag.py:500} INFO - Filling up the DagBag from /home/airflow/.local/lib/python3.6/site-packages/airflow/example_dags/example_branch_labels.py
[2025-05-31 11:01:02,815] {processor.py:654} INFO - DAG(s) dict_keys(['example_branch_labels']) retrieved from /home/airflow/.local/lib/python3.6/site-packages/airflow/example_dags/example_branch_labels.py
[2025-05-31 11:01:02,838] {logging_mixin.py:109} INFO - [2025-05-31 11:01:02,838] {dag.py:2396} INFO - Sync 1 DAGs
[2025-05-31 11:01:02,879] {logging_mixin.py:109} INFO - [2025-05-31 11:01:02,878] {dag.py:2935} INFO - Setting next_dagrun for example_branch_labels to 2025-05-30 00:00:00+00:00
[2025-05-31 11:01:02,895] {processor.py:171} INFO - Processing /home/airflow/.local/lib/python3.6/site-packages/airflow/example_dags/example_branch_labels.py took 0.142 seconds
[2025-05-31 11:01:33,240] {processor.py:163} INFO - Started process (PID=5851) to work on /home/airflow/.local/lib/python3.6/site-packages/airflow/example_dags/example_branch_labels.py
[2025-05-31 11:01:33,241] {processor.py:642} INFO - Processing file /home/airflow/.local/lib/python3.6/site-packages/airflow/example_dags/example_branch_labels.py for tasks to queue
[2025-05-31 11:01:33,242] {logging_mixin.py:109} INFO - [2025-05-31 11:01:33,242] {dagbag.py:500} INFO - Filling up the DagBag from /home/airflow/.local/lib/python3.6/site-packages/airflow/example_dags/example_branch_labels.py
[2025-05-31 11:01:33,276] {processor.py:654} INFO - DAG(s) dict_keys(['example_branch_labels']) retrieved from /home/airflow/.local/lib/python3.6/site-packages/airflow/example_dags/example_branch_labels.py
[2025-05-31 11:01:33,290] {logging_mixin.py:109} INFO - [2025-05-31 11:01:33,290] {dag.py:2396} INFO - Sync 1 DAGs
[2025-05-31 11:01:33,313] {logging_mixin.py:109} INFO - [2025-05-31 11:01:33,313] {dag.py:2935} INFO - Setting next_dagrun for example_branch_labels to 2025-05-30 00:00:00+00:00
[2025-05-31 11:01:33,325] {processor.py:171} INFO - Processing /home/airflow/.local/lib/python3.6/site-packages/airflow/example_dags/example_branch_labels.py took 0.090 seconds
[2025-05-31 11:02:03,450] {processor.py:163} INFO - Started process (PID=6031) to work on /home/airflow/.local/lib/python3.6/site-packages/airflow/example_dags/example_branch_labels.py
[2025-05-31 11:02:03,452] {processor.py:642} INFO - Processing file /home/airflow/.local/lib/python3.6/site-packages/airflow/example_dags/example_branch_labels.py for tasks to queue
[2025-05-31 11:02:03,453] {logging_mixin.py:109} INFO - [2025-05-31 11:02:03,453] {dagbag.py:500} INFO - Filling up the DagBag from /home/airflow/.local/lib/python3.6/site-packages/airflow/example_dags/example_branch_labels.py
[2025-05-31 11:02:03,484] {processor.py:654} INFO - DAG(s) dict_keys(['example_branch_labels']) retrieved from /home/airflow/.local/lib/python3.6/site-packages/airflow/example_dags/example_branch_labels.py
[2025-05-31 11:02:03,496] {logging_mixin.py:109} INFO - [2025-05-31 11:02:03,495] {dag.py:2396} INFO - Sync 1 DAGs
[2025-05-31 11:02:03,518] {logging_mixin.py:109} INFO - [2025-05-31 11:02:03,518] {dag.py:2935} INFO - Setting next_dagrun for example_branch_labels to 2025-05-30 00:00:00+00:00
[2025-05-31 11:02:03,529] {processor.py:171} INFO - Processing /home/airflow/.local/lib/python3.6/site-packages/airflow/example_dags/example_branch_labels.py took 0.082 seconds
[2025-05-31 11:02:33,913] {processor.py:163} INFO - Started process (PID=6221) to work on /home/airflow/.local/lib/python3.6/site-packages/airflow/example_dags/example_branch_labels.py
[2025-05-31 11:02:33,915] {processor.py:642} INFO - Processing file /home/airflow/.local/lib/python3.6/site-packages/airflow/example_dags/example_branch_labels.py for tasks to queue
[2025-05-31 11:02:33,916] {logging_mixin.py:109} INFO - [2025-05-31 11:02:33,916] {dagbag.py:500} INFO - Filling up the DagBag from /home/airflow/.local/lib/python3.6/site-packages/airflow/example_dags/example_branch_labels.py
[2025-05-31 11:02:33,950] {processor.py:654} INFO - DAG(s) dict_keys(['example_branch_labels']) retrieved from /home/airflow/.local/lib/python3.6/site-packages/airflow/example_dags/example_branch_labels.py
[2025-05-31 11:02:33,963] {logging_mixin.py:109} INFO - [2025-05-31 11:02:33,963] {dag.py:2396} INFO - Sync 1 DAGs
[2025-05-31 11:02:33,985] {logging_mixin.py:109} INFO - [2025-05-31 11:02:33,985] {dag.py:2935} INFO - Setting next_dagrun for example_branch_labels to 2025-05-30 00:00:00+00:00
[2025-05-31 11:02:33,997] {processor.py:171} INFO - Processing /home/airflow/.local/lib/python3.6/site-packages/airflow/example_dags/example_branch_labels.py took 0.087 seconds
[2025-05-31 11:03:04,249] {processor.py:163} INFO - Started process (PID=6401) to work on /home/airflow/.local/lib/python3.6/site-packages/airflow/example_dags/example_branch_labels.py
[2025-05-31 11:03:04,254] {processor.py:642} INFO - Processing file /home/airflow/.local/lib/python3.6/site-packages/airflow/example_dags/example_branch_labels.py for tasks to queue
[2025-05-31 11:03:04,257] {logging_mixin.py:109} INFO - [2025-05-31 11:03:04,257] {dagbag.py:500} INFO - Filling up the DagBag from /home/airflow/.local/lib/python3.6/site-packages/airflow/example_dags/example_branch_labels.py
[2025-05-31 11:03:04,301] {processor.py:654} INFO - DAG(s) dict_keys(['example_branch_labels']) retrieved from /home/airflow/.local/lib/python3.6/site-packages/airflow/example_dags/example_branch_labels.py
[2025-05-31 11:03:04,315] {logging_mixin.py:109} INFO - [2025-05-31 11:03:04,315] {dag.py:2396} INFO - Sync 1 DAGs
[2025-05-31 11:03:04,339] {logging_mixin.py:109} INFO - [2025-05-31 11:03:04,339] {dag.py:2935} INFO - Setting next_dagrun for example_branch_labels to 2025-05-30 00:00:00+00:00
[2025-05-31 11:03:04,351] {processor.py:171} INFO - Processing /home/airflow/.local/lib/python3.6/site-packages/airflow/example_dags/example_branch_labels.py took 0.121 seconds
[2025-05-31 11:03:34,624] {processor.py:163} INFO - Started process (PID=6581) to work on /home/airflow/.local/lib/python3.6/site-packages/airflow/example_dags/example_branch_labels.py
[2025-05-31 11:03:34,627] {processor.py:642} INFO - Processing file /home/airflow/.local/lib/python3.6/site-packages/airflow/example_dags/example_branch_labels.py for tasks to queue
[2025-05-31 11:03:34,628] {logging_mixin.py:109} INFO - [2025-05-31 11:03:34,628] {dagbag.py:500} INFO - Filling up the DagBag from /home/airflow/.local/lib/python3.6/site-packages/airflow/example_dags/example_branch_labels.py
[2025-05-31 11:03:34,663] {processor.py:654} INFO - DAG(s) dict_keys(['example_branch_labels']) retrieved from /home/airflow/.local/lib/python3.6/site-packages/airflow/example_dags/example_branch_labels.py
[2025-05-31 11:03:34,677] {logging_mixin.py:109} INFO - [2025-05-31 11:03:34,677] {dag.py:2396} INFO - Sync 1 DAGs
[2025-05-31 11:03:34,701] {logging_mixin.py:109} INFO - [2025-05-31 11:03:34,701] {dag.py:2935} INFO - Setting next_dagrun for example_branch_labels to 2025-05-30 00:00:00+00:00
[2025-05-31 11:03:34,713] {processor.py:171} INFO - Processing /home/airflow/.local/lib/python3.6/site-packages/airflow/example_dags/example_branch_labels.py took 0.092 seconds
[2025-05-31 11:04:04,800] {processor.py:163} INFO - Started process (PID=6769) to work on /home/airflow/.local/lib/python3.6/site-packages/airflow/example_dags/example_branch_labels.py
[2025-05-31 11:04:04,802] {processor.py:642} INFO - Processing file /home/airflow/.local/lib/python3.6/site-packages/airflow/example_dags/example_branch_labels.py for tasks to queue
[2025-05-31 11:04:04,803] {logging_mixin.py:109} INFO - [2025-05-31 11:04:04,802] {dagbag.py:500} INFO - Filling up the DagBag from /home/airflow/.local/lib/python3.6/site-packages/airflow/example_dags/example_branch_labels.py
[2025-05-31 11:04:04,832] {processor.py:654} INFO - DAG(s) dict_keys(['example_branch_labels']) retrieved from /home/airflow/.local/lib/python3.6/site-packages/airflow/example_dags/example_branch_labels.py
[2025-05-31 11:04:04,846] {logging_mixin.py:109} INFO - [2025-05-31 11:04:04,846] {dag.py:2396} INFO - Sync 1 DAGs
[2025-05-31 11:04:04,872] {logging_mixin.py:109} INFO - [2025-05-31 11:04:04,872] {dag.py:2935} INFO - Setting next_dagrun for example_branch_labels to 2025-05-30 00:00:00+00:00
[2025-05-31 11:04:04,885] {processor.py:171} INFO - Processing /home/airflow/.local/lib/python3.6/site-packages/airflow/example_dags/example_branch_labels.py took 0.088 seconds
[2025-05-31 11:04:35,622] {processor.py:163} INFO - Started process (PID=6951) to work on /home/airflow/.local/lib/python3.6/site-packages/airflow/example_dags/example_branch_labels.py
[2025-05-31 11:04:35,623] {processor.py:642} INFO - Processing file /home/airflow/.local/lib/python3.6/site-packages/airflow/example_dags/example_branch_labels.py for tasks to queue
[2025-05-31 11:04:35,624] {logging_mixin.py:109} INFO - [2025-05-31 11:04:35,624] {dagbag.py:500} INFO - Filling up the DagBag from /home/airflow/.local/lib/python3.6/site-packages/airflow/example_dags/example_branch_labels.py
[2025-05-31 11:04:35,658] {processor.py:654} INFO - DAG(s) dict_keys(['example_branch_labels']) retrieved from /home/airflow/.local/lib/python3.6/site-packages/airflow/example_dags/example_branch_labels.py
[2025-05-31 11:04:35,675] {logging_mixin.py:109} INFO - [2025-05-31 11:04:35,675] {dag.py:2396} INFO - Sync 1 DAGs
[2025-05-31 11:04:35,702] {logging_mixin.py:109} INFO - [2025-05-31 11:04:35,702] {dag.py:2935} INFO - Setting next_dagrun for example_branch_labels to 2025-05-30 00:00:00+00:00
[2025-05-31 11:04:35,714] {processor.py:171} INFO - Processing /home/airflow/.local/lib/python3.6/site-packages/airflow/example_dags/example_branch_labels.py took 0.096 seconds
[2025-05-31 11:05:05,755] {processor.py:163} INFO - Started process (PID=7128) to work on /home/airflow/.local/lib/python3.6/site-packages/airflow/example_dags/example_branch_labels.py
[2025-05-31 11:05:05,757] {processor.py:642} INFO - Processing file /home/airflow/.local/lib/python3.6/site-packages/airflow/example_dags/example_branch_labels.py for tasks to queue
[2025-05-31 11:05:05,758] {logging_mixin.py:109} INFO - [2025-05-31 11:05:05,758] {dagbag.py:500} INFO - Filling up the DagBag from /home/airflow/.local/lib/python3.6/site-packages/airflow/example_dags/example_branch_labels.py
[2025-05-31 11:05:05,789] {processor.py:654} INFO - DAG(s) dict_keys(['example_branch_labels']) retrieved from /home/airflow/.local/lib/python3.6/site-packages/airflow/example_dags/example_branch_labels.py
[2025-05-31 11:05:05,803] {logging_mixin.py:109} INFO - [2025-05-31 11:05:05,803] {dag.py:2396} INFO - Sync 1 DAGs
[2025-05-31 11:05:05,825] {logging_mixin.py:109} INFO - [2025-05-31 11:05:05,824] {dag.py:2935} INFO - Setting next_dagrun for example_branch_labels to 2025-05-30 00:00:00+00:00
[2025-05-31 11:05:05,836] {processor.py:171} INFO - Processing /home/airflow/.local/lib/python3.6/site-packages/airflow/example_dags/example_branch_labels.py took 0.085 seconds
[2025-05-31 11:05:36,402] {processor.py:163} INFO - Started process (PID=7321) to work on /home/airflow/.local/lib/python3.6/site-packages/airflow/example_dags/example_branch_labels.py
[2025-05-31 11:05:36,404] {processor.py:642} INFO - Processing file /home/airflow/.local/lib/python3.6/site-packages/airflow/example_dags/example_branch_labels.py for tasks to queue
[2025-05-31 11:05:36,405] {logging_mixin.py:109} INFO - [2025-05-31 11:05:36,404] {dagbag.py:500} INFO - Filling up the DagBag from /home/airflow/.local/lib/python3.6/site-packages/airflow/example_dags/example_branch_labels.py
[2025-05-31 11:05:36,444] {processor.py:654} INFO - DAG(s) dict_keys(['example_branch_labels']) retrieved from /home/airflow/.local/lib/python3.6/site-packages/airflow/example_dags/example_branch_labels.py
[2025-05-31 11:05:36,460] {logging_mixin.py:109} INFO - [2025-05-31 11:05:36,460] {dag.py:2396} INFO - Sync 1 DAGs
[2025-05-31 11:05:36,487] {logging_mixin.py:109} INFO - [2025-05-31 11:05:36,487] {dag.py:2935} INFO - Setting next_dagrun for example_branch_labels to 2025-05-30 00:00:00+00:00
[2025-05-31 11:05:36,499] {processor.py:171} INFO - Processing /home/airflow/.local/lib/python3.6/site-packages/airflow/example_dags/example_branch_labels.py took 0.101 seconds
[2025-05-31 11:06:07,298] {processor.py:163} INFO - Started process (PID=7501) to work on /home/airflow/.local/lib/python3.6/site-packages/airflow/example_dags/example_branch_labels.py
[2025-05-31 11:06:07,312] {processor.py:642} INFO - Processing file /home/airflow/.local/lib/python3.6/site-packages/airflow/example_dags/example_branch_labels.py for tasks to queue
[2025-05-31 11:06:07,315] {logging_mixin.py:109} INFO - [2025-05-31 11:06:07,314] {dagbag.py:500} INFO - Filling up the DagBag from /home/airflow/.local/lib/python3.6/site-packages/airflow/example_dags/example_branch_labels.py
[2025-05-31 11:06:07,521] {processor.py:654} INFO - DAG(s) dict_keys(['example_branch_labels']) retrieved from /home/airflow/.local/lib/python3.6/site-packages/airflow/example_dags/example_branch_labels.py
[2025-05-31 11:06:07,604] {logging_mixin.py:109} INFO - [2025-05-31 11:06:07,603] {dag.py:2396} INFO - Sync 1 DAGs
[2025-05-31 11:06:07,747] {logging_mixin.py:109} INFO - [2025-05-31 11:06:07,746] {dag.py:2935} INFO - Setting next_dagrun for example_branch_labels to 2025-05-30 00:00:00+00:00
[2025-05-31 11:06:07,811] {processor.py:171} INFO - Processing /home/airflow/.local/lib/python3.6/site-packages/airflow/example_dags/example_branch_labels.py took 0.533 seconds
[2025-05-31 11:06:38,408] {processor.py:163} INFO - Started process (PID=7678) to work on /home/airflow/.local/lib/python3.6/site-packages/airflow/example_dags/example_branch_labels.py
[2025-05-31 11:06:38,410] {processor.py:642} INFO - Processing file /home/airflow/.local/lib/python3.6/site-packages/airflow/example_dags/example_branch_labels.py for tasks to queue
[2025-05-31 11:06:38,411] {logging_mixin.py:109} INFO - [2025-05-31 11:06:38,411] {dagbag.py:500} INFO - Filling up the DagBag from /home/airflow/.local/lib/python3.6/site-packages/airflow/example_dags/example_branch_labels.py
[2025-05-31 11:06:38,455] {processor.py:654} INFO - DAG(s) dict_keys(['example_branch_labels']) retrieved from /home/airflow/.local/lib/python3.6/site-packages/airflow/example_dags/example_branch_labels.py
[2025-05-31 11:06:38,472] {logging_mixin.py:109} INFO - [2025-05-31 11:06:38,472] {dag.py:2396} INFO - Sync 1 DAGs
[2025-05-31 11:06:38,516] {logging_mixin.py:109} INFO - [2025-05-31 11:06:38,516] {dag.py:2935} INFO - Setting next_dagrun for example_branch_labels to 2025-05-30 00:00:00+00:00
[2025-05-31 11:06:38,539] {processor.py:171} INFO - Processing /home/airflow/.local/lib/python3.6/site-packages/airflow/example_dags/example_branch_labels.py took 0.135 seconds
[2025-05-31 11:07:08,828] {processor.py:163} INFO - Started process (PID=7858) to work on /home/airflow/.local/lib/python3.6/site-packages/airflow/example_dags/example_branch_labels.py
[2025-05-31 11:07:08,829] {processor.py:642} INFO - Processing file /home/airflow/.local/lib/python3.6/site-packages/airflow/example_dags/example_branch_labels.py for tasks to queue
[2025-05-31 11:07:08,830] {logging_mixin.py:109} INFO - [2025-05-31 11:07:08,830] {dagbag.py:500} INFO - Filling up the DagBag from /home/airflow/.local/lib/python3.6/site-packages/airflow/example_dags/example_branch_labels.py
[2025-05-31 11:07:08,878] {processor.py:654} INFO - DAG(s) dict_keys(['example_branch_labels']) retrieved from /home/airflow/.local/lib/python3.6/site-packages/airflow/example_dags/example_branch_labels.py
[2025-05-31 11:07:08,893] {logging_mixin.py:109} INFO - [2025-05-31 11:07:08,893] {dag.py:2396} INFO - Sync 1 DAGs
[2025-05-31 11:07:08,919] {logging_mixin.py:109} INFO - [2025-05-31 11:07:08,919] {dag.py:2935} INFO - Setting next_dagrun for example_branch_labels to 2025-05-30 00:00:00+00:00
[2025-05-31 11:07:08,932] {processor.py:171} INFO - Processing /home/airflow/.local/lib/python3.6/site-packages/airflow/example_dags/example_branch_labels.py took 0.108 seconds
[2025-05-31 11:07:39,626] {processor.py:163} INFO - Started process (PID=8048) to work on /home/airflow/.local/lib/python3.6/site-packages/airflow/example_dags/example_branch_labels.py
[2025-05-31 11:07:39,628] {processor.py:642} INFO - Processing file /home/airflow/.local/lib/python3.6/site-packages/airflow/example_dags/example_branch_labels.py for tasks to queue
[2025-05-31 11:07:39,630] {logging_mixin.py:109} INFO - [2025-05-31 11:07:39,630] {dagbag.py:500} INFO - Filling up the DagBag from /home/airflow/.local/lib/python3.6/site-packages/airflow/example_dags/example_branch_labels.py
[2025-05-31 11:07:39,670] {processor.py:654} INFO - DAG(s) dict_keys(['example_branch_labels']) retrieved from /home/airflow/.local/lib/python3.6/site-packages/airflow/example_dags/example_branch_labels.py
[2025-05-31 11:07:39,685] {logging_mixin.py:109} INFO - [2025-05-31 11:07:39,685] {dag.py:2396} INFO - Sync 1 DAGs
[2025-05-31 11:07:39,713] {logging_mixin.py:109} INFO - [2025-05-31 11:07:39,712] {dag.py:2935} INFO - Setting next_dagrun for example_branch_labels to 2025-05-30 00:00:00+00:00
[2025-05-31 11:07:39,727] {processor.py:171} INFO - Processing /home/airflow/.local/lib/python3.6/site-packages/airflow/example_dags/example_branch_labels.py took 0.106 seconds
[2025-05-31 11:08:09,896] {processor.py:163} INFO - Started process (PID=8228) to work on /home/airflow/.local/lib/python3.6/site-packages/airflow/example_dags/example_branch_labels.py
[2025-05-31 11:08:09,897] {processor.py:642} INFO - Processing file /home/airflow/.local/lib/python3.6/site-packages/airflow/example_dags/example_branch_labels.py for tasks to queue
[2025-05-31 11:08:09,898] {logging_mixin.py:109} INFO - [2025-05-31 11:08:09,898] {dagbag.py:500} INFO - Filling up the DagBag from /home/airflow/.local/lib/python3.6/site-packages/airflow/example_dags/example_branch_labels.py
[2025-05-31 11:08:09,930] {processor.py:654} INFO - DAG(s) dict_keys(['example_branch_labels']) retrieved from /home/airflow/.local/lib/python3.6/site-packages/airflow/example_dags/example_branch_labels.py
[2025-05-31 11:08:09,943] {logging_mixin.py:109} INFO - [2025-05-31 11:08:09,943] {dag.py:2396} INFO - Sync 1 DAGs
[2025-05-31 11:08:09,965] {logging_mixin.py:109} INFO - [2025-05-31 11:08:09,965] {dag.py:2935} INFO - Setting next_dagrun for example_branch_labels to 2025-05-30 00:00:00+00:00
[2025-05-31 11:08:09,977] {processor.py:171} INFO - Processing /home/airflow/.local/lib/python3.6/site-packages/airflow/example_dags/example_branch_labels.py took 0.085 seconds
[2025-05-31 11:08:40,708] {processor.py:163} INFO - Started process (PID=8408) to work on /home/airflow/.local/lib/python3.6/site-packages/airflow/example_dags/example_branch_labels.py
[2025-05-31 11:08:40,709] {processor.py:642} INFO - Processing file /home/airflow/.local/lib/python3.6/site-packages/airflow/example_dags/example_branch_labels.py for tasks to queue
[2025-05-31 11:08:40,710] {logging_mixin.py:109} INFO - [2025-05-31 11:08:40,710] {dagbag.py:500} INFO - Filling up the DagBag from /home/airflow/.local/lib/python3.6/site-packages/airflow/example_dags/example_branch_labels.py
[2025-05-31 11:08:40,739] {processor.py:654} INFO - DAG(s) dict_keys(['example_branch_labels']) retrieved from /home/airflow/.local/lib/python3.6/site-packages/airflow/example_dags/example_branch_labels.py
[2025-05-31 11:08:40,752] {logging_mixin.py:109} INFO - [2025-05-31 11:08:40,751] {dag.py:2396} INFO - Sync 1 DAGs
[2025-05-31 11:08:40,772] {logging_mixin.py:109} INFO - [2025-05-31 11:08:40,771] {dag.py:2935} INFO - Setting next_dagrun for example_branch_labels to 2025-05-30 00:00:00+00:00
[2025-05-31 11:08:40,782] {processor.py:171} INFO - Processing /home/airflow/.local/lib/python3.6/site-packages/airflow/example_dags/example_branch_labels.py took 0.078 seconds
[2025-05-31 11:09:10,861] {processor.py:163} INFO - Started process (PID=8598) to work on /home/airflow/.local/lib/python3.6/site-packages/airflow/example_dags/example_branch_labels.py
[2025-05-31 11:09:10,863] {processor.py:642} INFO - Processing file /home/airflow/.local/lib/python3.6/site-packages/airflow/example_dags/example_branch_labels.py for tasks to queue
[2025-05-31 11:09:10,863] {logging_mixin.py:109} INFO - [2025-05-31 11:09:10,863] {dagbag.py:500} INFO - Filling up the DagBag from /home/airflow/.local/lib/python3.6/site-packages/airflow/example_dags/example_branch_labels.py
[2025-05-31 11:09:10,892] {processor.py:654} INFO - DAG(s) dict_keys(['example_branch_labels']) retrieved from /home/airflow/.local/lib/python3.6/site-packages/airflow/example_dags/example_branch_labels.py
[2025-05-31 11:09:10,904] {logging_mixin.py:109} INFO - [2025-05-31 11:09:10,903] {dag.py:2396} INFO - Sync 1 DAGs
[2025-05-31 11:09:10,923] {logging_mixin.py:109} INFO - [2025-05-31 11:09:10,923] {dag.py:2935} INFO - Setting next_dagrun for example_branch_labels to 2025-05-30 00:00:00+00:00
[2025-05-31 11:09:10,934] {processor.py:171} INFO - Processing /home/airflow/.local/lib/python3.6/site-packages/airflow/example_dags/example_branch_labels.py took 0.076 seconds
[2025-05-31 11:09:41,611] {processor.py:163} INFO - Started process (PID=8777) to work on /home/airflow/.local/lib/python3.6/site-packages/airflow/example_dags/example_branch_labels.py
[2025-05-31 11:09:41,612] {processor.py:642} INFO - Processing file /home/airflow/.local/lib/python3.6/site-packages/airflow/example_dags/example_branch_labels.py for tasks to queue
[2025-05-31 11:09:41,613] {logging_mixin.py:109} INFO - [2025-05-31 11:09:41,613] {dagbag.py:500} INFO - Filling up the DagBag from /home/airflow/.local/lib/python3.6/site-packages/airflow/example_dags/example_branch_labels.py
[2025-05-31 11:09:41,644] {processor.py:654} INFO - DAG(s) dict_keys(['example_branch_labels']) retrieved from /home/airflow/.local/lib/python3.6/site-packages/airflow/example_dags/example_branch_labels.py
[2025-05-31 11:09:41,656] {logging_mixin.py:109} INFO - [2025-05-31 11:09:41,656] {dag.py:2396} INFO - Sync 1 DAGs
[2025-05-31 11:09:41,678] {logging_mixin.py:109} INFO - [2025-05-31 11:09:41,678] {dag.py:2935} INFO - Setting next_dagrun for example_branch_labels to 2025-05-30 00:00:00+00:00
[2025-05-31 11:09:41,689] {processor.py:171} INFO - Processing /home/airflow/.local/lib/python3.6/site-packages/airflow/example_dags/example_branch_labels.py took 0.082 seconds
[2025-05-31 11:10:12,326] {processor.py:163} INFO - Started process (PID=8966) to work on /home/airflow/.local/lib/python3.6/site-packages/airflow/example_dags/example_branch_labels.py
[2025-05-31 11:10:12,328] {processor.py:642} INFO - Processing file /home/airflow/.local/lib/python3.6/site-packages/airflow/example_dags/example_branch_labels.py for tasks to queue
[2025-05-31 11:10:12,330] {logging_mixin.py:109} INFO - [2025-05-31 11:10:12,329] {dagbag.py:500} INFO - Filling up the DagBag from /home/airflow/.local/lib/python3.6/site-packages/airflow/example_dags/example_branch_labels.py
[2025-05-31 11:10:12,365] {processor.py:654} INFO - DAG(s) dict_keys(['example_branch_labels']) retrieved from /home/airflow/.local/lib/python3.6/site-packages/airflow/example_dags/example_branch_labels.py
[2025-05-31 11:10:12,381] {logging_mixin.py:109} INFO - [2025-05-31 11:10:12,381] {dag.py:2396} INFO - Sync 1 DAGs
[2025-05-31 11:10:12,409] {logging_mixin.py:109} INFO - [2025-05-31 11:10:12,409] {dag.py:2935} INFO - Setting next_dagrun for example_branch_labels to 2025-05-30 00:00:00+00:00
[2025-05-31 11:10:12,421] {processor.py:171} INFO - Processing /home/airflow/.local/lib/python3.6/site-packages/airflow/example_dags/example_branch_labels.py took 0.101 seconds
[2025-05-31 11:10:44,496] {processor.py:163} INFO - Started process (PID=9147) to work on /home/airflow/.local/lib/python3.6/site-packages/airflow/example_dags/example_branch_labels.py
[2025-05-31 11:10:44,499] {processor.py:642} INFO - Processing file /home/airflow/.local/lib/python3.6/site-packages/airflow/example_dags/example_branch_labels.py for tasks to queue
[2025-05-31 11:10:44,501] {logging_mixin.py:109} INFO - [2025-05-31 11:10:44,500] {dagbag.py:500} INFO - Filling up the DagBag from /home/airflow/.local/lib/python3.6/site-packages/airflow/example_dags/example_branch_labels.py
[2025-05-31 11:10:44,571] {processor.py:654} INFO - DAG(s) dict_keys(['example_branch_labels']) retrieved from /home/airflow/.local/lib/python3.6/site-packages/airflow/example_dags/example_branch_labels.py
[2025-05-31 11:10:44,598] {logging_mixin.py:109} INFO - [2025-05-31 11:10:44,598] {dag.py:2396} INFO - Sync 1 DAGs
[2025-05-31 11:10:44,658] {logging_mixin.py:109} INFO - [2025-05-31 11:10:44,658] {dag.py:2935} INFO - Setting next_dagrun for example_branch_labels to 2025-05-30 00:00:00+00:00
[2025-05-31 11:10:44,685] {processor.py:171} INFO - Processing /home/airflow/.local/lib/python3.6/site-packages/airflow/example_dags/example_branch_labels.py took 0.197 seconds
[2025-05-31 11:11:15,292] {processor.py:163} INFO - Started process (PID=9325) to work on /home/airflow/.local/lib/python3.6/site-packages/airflow/example_dags/example_branch_labels.py
[2025-05-31 11:11:15,294] {processor.py:642} INFO - Processing file /home/airflow/.local/lib/python3.6/site-packages/airflow/example_dags/example_branch_labels.py for tasks to queue
[2025-05-31 11:11:15,295] {logging_mixin.py:109} INFO - [2025-05-31 11:11:15,295] {dagbag.py:500} INFO - Filling up the DagBag from /home/airflow/.local/lib/python3.6/site-packages/airflow/example_dags/example_branch_labels.py
[2025-05-31 11:11:15,332] {processor.py:654} INFO - DAG(s) dict_keys(['example_branch_labels']) retrieved from /home/airflow/.local/lib/python3.6/site-packages/airflow/example_dags/example_branch_labels.py
[2025-05-31 11:11:15,347] {logging_mixin.py:109} INFO - [2025-05-31 11:11:15,346] {dag.py:2396} INFO - Sync 1 DAGs
[2025-05-31 11:11:15,373] {logging_mixin.py:109} INFO - [2025-05-31 11:11:15,373] {dag.py:2935} INFO - Setting next_dagrun for example_branch_labels to 2025-05-30 00:00:00+00:00
[2025-05-31 11:11:15,385] {processor.py:171} INFO - Processing /home/airflow/.local/lib/python3.6/site-packages/airflow/example_dags/example_branch_labels.py took 0.098 seconds
[2025-05-31 11:11:45,674] {processor.py:163} INFO - Started process (PID=9490) to work on /home/airflow/.local/lib/python3.6/site-packages/airflow/example_dags/example_branch_labels.py
[2025-05-31 11:11:45,676] {processor.py:642} INFO - Processing file /home/airflow/.local/lib/python3.6/site-packages/airflow/example_dags/example_branch_labels.py for tasks to queue
[2025-05-31 11:11:45,677] {logging_mixin.py:109} INFO - [2025-05-31 11:11:45,677] {dagbag.py:500} INFO - Filling up the DagBag from /home/airflow/.local/lib/python3.6/site-packages/airflow/example_dags/example_branch_labels.py
[2025-05-31 11:11:45,719] {processor.py:654} INFO - DAG(s) dict_keys(['example_branch_labels']) retrieved from /home/airflow/.local/lib/python3.6/site-packages/airflow/example_dags/example_branch_labels.py
[2025-05-31 11:11:45,735] {logging_mixin.py:109} INFO - [2025-05-31 11:11:45,735] {dag.py:2396} INFO - Sync 1 DAGs
[2025-05-31 11:11:45,764] {logging_mixin.py:109} INFO - [2025-05-31 11:11:45,763] {dag.py:2935} INFO - Setting next_dagrun for example_branch_labels to 2025-05-30 00:00:00+00:00
[2025-05-31 11:11:45,871] {processor.py:171} INFO - Processing /home/airflow/.local/lib/python3.6/site-packages/airflow/example_dags/example_branch_labels.py took 0.202 seconds
[2025-05-31 11:12:16,249] {processor.py:163} INFO - Started process (PID=9654) to work on /home/airflow/.local/lib/python3.6/site-packages/airflow/example_dags/example_branch_labels.py
[2025-05-31 11:12:16,252] {processor.py:642} INFO - Processing file /home/airflow/.local/lib/python3.6/site-packages/airflow/example_dags/example_branch_labels.py for tasks to queue
[2025-05-31 11:12:16,253] {logging_mixin.py:109} INFO - [2025-05-31 11:12:16,253] {dagbag.py:500} INFO - Filling up the DagBag from /home/airflow/.local/lib/python3.6/site-packages/airflow/example_dags/example_branch_labels.py
[2025-05-31 11:12:16,308] {processor.py:654} INFO - DAG(s) dict_keys(['example_branch_labels']) retrieved from /home/airflow/.local/lib/python3.6/site-packages/airflow/example_dags/example_branch_labels.py
[2025-05-31 11:12:16,332] {logging_mixin.py:109} INFO - [2025-05-31 11:12:16,332] {dag.py:2396} INFO - Sync 1 DAGs
[2025-05-31 11:12:16,483] {logging_mixin.py:109} INFO - [2025-05-31 11:12:16,483] {dag.py:2935} INFO - Setting next_dagrun for example_branch_labels to 2025-05-30 00:00:00+00:00
[2025-05-31 11:12:16,499] {processor.py:171} INFO - Processing /home/airflow/.local/lib/python3.6/site-packages/airflow/example_dags/example_branch_labels.py took 0.257 seconds
[2025-05-31 11:12:46,644] {processor.py:163} INFO - Started process (PID=9805) to work on /home/airflow/.local/lib/python3.6/site-packages/airflow/example_dags/example_branch_labels.py
[2025-05-31 11:12:46,646] {processor.py:642} INFO - Processing file /home/airflow/.local/lib/python3.6/site-packages/airflow/example_dags/example_branch_labels.py for tasks to queue
[2025-05-31 11:12:46,647] {logging_mixin.py:109} INFO - [2025-05-31 11:12:46,647] {dagbag.py:500} INFO - Filling up the DagBag from /home/airflow/.local/lib/python3.6/site-packages/airflow/example_dags/example_branch_labels.py
[2025-05-31 11:12:46,696] {processor.py:654} INFO - DAG(s) dict_keys(['example_branch_labels']) retrieved from /home/airflow/.local/lib/python3.6/site-packages/airflow/example_dags/example_branch_labels.py
[2025-05-31 11:12:46,713] {logging_mixin.py:109} INFO - [2025-05-31 11:12:46,713] {dag.py:2396} INFO - Sync 1 DAGs
[2025-05-31 11:12:46,855] {logging_mixin.py:109} INFO - [2025-05-31 11:12:46,855] {dag.py:2935} INFO - Setting next_dagrun for example_branch_labels to 2025-05-30 00:00:00+00:00
[2025-05-31 11:12:46,869] {processor.py:171} INFO - Processing /home/airflow/.local/lib/python3.6/site-packages/airflow/example_dags/example_branch_labels.py took 0.231 seconds
[2025-05-31 11:13:17,200] {processor.py:163} INFO - Started process (PID=9987) to work on /home/airflow/.local/lib/python3.6/site-packages/airflow/example_dags/example_branch_labels.py
[2025-05-31 11:13:17,202] {processor.py:642} INFO - Processing file /home/airflow/.local/lib/python3.6/site-packages/airflow/example_dags/example_branch_labels.py for tasks to queue
[2025-05-31 11:13:17,203] {logging_mixin.py:109} INFO - [2025-05-31 11:13:17,203] {dagbag.py:500} INFO - Filling up the DagBag from /home/airflow/.local/lib/python3.6/site-packages/airflow/example_dags/example_branch_labels.py
[2025-05-31 11:13:17,242] {processor.py:654} INFO - DAG(s) dict_keys(['example_branch_labels']) retrieved from /home/airflow/.local/lib/python3.6/site-packages/airflow/example_dags/example_branch_labels.py
[2025-05-31 11:13:17,365] {logging_mixin.py:109} INFO - [2025-05-31 11:13:17,365] {dag.py:2396} INFO - Sync 1 DAGs
[2025-05-31 11:13:17,391] {logging_mixin.py:109} INFO - [2025-05-31 11:13:17,391] {dag.py:2935} INFO - Setting next_dagrun for example_branch_labels to 2025-05-30 00:00:00+00:00
[2025-05-31 11:13:17,401] {processor.py:171} INFO - Processing /home/airflow/.local/lib/python3.6/site-packages/airflow/example_dags/example_branch_labels.py took 0.208 seconds
[2025-05-31 11:13:48,467] {processor.py:163} INFO - Started process (PID=10170) to work on /home/airflow/.local/lib/python3.6/site-packages/airflow/example_dags/example_branch_labels.py
[2025-05-31 11:13:48,470] {processor.py:642} INFO - Processing file /home/airflow/.local/lib/python3.6/site-packages/airflow/example_dags/example_branch_labels.py for tasks to queue
[2025-05-31 11:13:48,471] {logging_mixin.py:109} INFO - [2025-05-31 11:13:48,471] {dagbag.py:500} INFO - Filling up the DagBag from /home/airflow/.local/lib/python3.6/site-packages/airflow/example_dags/example_branch_labels.py
[2025-05-31 11:13:48,519] {processor.py:654} INFO - DAG(s) dict_keys(['example_branch_labels']) retrieved from /home/airflow/.local/lib/python3.6/site-packages/airflow/example_dags/example_branch_labels.py
[2025-05-31 11:13:48,643] {logging_mixin.py:109} INFO - [2025-05-31 11:13:48,643] {dag.py:2396} INFO - Sync 1 DAGs
[2025-05-31 11:13:48,667] {logging_mixin.py:109} INFO - [2025-05-31 11:13:48,666] {dag.py:2935} INFO - Setting next_dagrun for example_branch_labels to 2025-05-30 00:00:00+00:00
[2025-05-31 11:13:48,678] {processor.py:171} INFO - Processing /home/airflow/.local/lib/python3.6/site-packages/airflow/example_dags/example_branch_labels.py took 0.216 seconds
[2025-05-31 11:14:18,776] {processor.py:163} INFO - Started process (PID=10325) to work on /home/airflow/.local/lib/python3.6/site-packages/airflow/example_dags/example_branch_labels.py
[2025-05-31 11:14:18,777] {processor.py:642} INFO - Processing file /home/airflow/.local/lib/python3.6/site-packages/airflow/example_dags/example_branch_labels.py for tasks to queue
[2025-05-31 11:14:18,779] {logging_mixin.py:109} INFO - [2025-05-31 11:14:18,778] {dagbag.py:500} INFO - Filling up the DagBag from /home/airflow/.local/lib/python3.6/site-packages/airflow/example_dags/example_branch_labels.py
[2025-05-31 11:14:18,915] {processor.py:654} INFO - DAG(s) dict_keys(['example_branch_labels']) retrieved from /home/airflow/.local/lib/python3.6/site-packages/airflow/example_dags/example_branch_labels.py
[2025-05-31 11:14:18,929] {logging_mixin.py:109} INFO - [2025-05-31 11:14:18,929] {dag.py:2396} INFO - Sync 1 DAGs
[2025-05-31 11:14:18,953] {logging_mixin.py:109} INFO - [2025-05-31 11:14:18,953] {dag.py:2935} INFO - Setting next_dagrun for example_branch_labels to 2025-05-30 00:00:00+00:00
[2025-05-31 11:14:18,965] {processor.py:171} INFO - Processing /home/airflow/.local/lib/python3.6/site-packages/airflow/example_dags/example_branch_labels.py took 0.195 seconds
[2025-05-31 11:14:49,452] {processor.py:163} INFO - Started process (PID=10497) to work on /home/airflow/.local/lib/python3.6/site-packages/airflow/example_dags/example_branch_labels.py
[2025-05-31 11:14:49,455] {processor.py:642} INFO - Processing file /home/airflow/.local/lib/python3.6/site-packages/airflow/example_dags/example_branch_labels.py for tasks to queue
[2025-05-31 11:14:49,457] {logging_mixin.py:109} INFO - [2025-05-31 11:14:49,457] {dagbag.py:500} INFO - Filling up the DagBag from /home/airflow/.local/lib/python3.6/site-packages/airflow/example_dags/example_branch_labels.py
[2025-05-31 11:14:49,613] {processor.py:654} INFO - DAG(s) dict_keys(['example_branch_labels']) retrieved from /home/airflow/.local/lib/python3.6/site-packages/airflow/example_dags/example_branch_labels.py
[2025-05-31 11:14:49,629] {logging_mixin.py:109} INFO - [2025-05-31 11:14:49,629] {dag.py:2396} INFO - Sync 1 DAGs
[2025-05-31 11:14:49,652] {logging_mixin.py:109} INFO - [2025-05-31 11:14:49,651] {dag.py:2935} INFO - Setting next_dagrun for example_branch_labels to 2025-05-30 00:00:00+00:00
[2025-05-31 11:14:49,665] {processor.py:171} INFO - Processing /home/airflow/.local/lib/python3.6/site-packages/airflow/example_dags/example_branch_labels.py took 0.218 seconds
[2025-05-31 11:15:20,300] {processor.py:163} INFO - Started process (PID=10670) to work on /home/airflow/.local/lib/python3.6/site-packages/airflow/example_dags/example_branch_labels.py
[2025-05-31 11:15:20,302] {processor.py:642} INFO - Processing file /home/airflow/.local/lib/python3.6/site-packages/airflow/example_dags/example_branch_labels.py for tasks to queue
[2025-05-31 11:15:20,304] {logging_mixin.py:109} INFO - [2025-05-31 11:15:20,303] {dagbag.py:500} INFO - Filling up the DagBag from /home/airflow/.local/lib/python3.6/site-packages/airflow/example_dags/example_branch_labels.py
[2025-05-31 11:15:20,582] {processor.py:654} INFO - DAG(s) dict_keys(['example_branch_labels']) retrieved from /home/airflow/.local/lib/python3.6/site-packages/airflow/example_dags/example_branch_labels.py
[2025-05-31 11:15:20,603] {logging_mixin.py:109} INFO - [2025-05-31 11:15:20,603] {dag.py:2396} INFO - Sync 1 DAGs
[2025-05-31 11:15:20,638] {logging_mixin.py:109} INFO - [2025-05-31 11:15:20,638] {dag.py:2935} INFO - Setting next_dagrun for example_branch_labels to 2025-05-30 00:00:00+00:00
[2025-05-31 11:15:20,660] {processor.py:171} INFO - Processing /home/airflow/.local/lib/python3.6/site-packages/airflow/example_dags/example_branch_labels.py took 0.368 seconds
[2025-05-31 11:15:51,106] {processor.py:163} INFO - Started process (PID=10869) to work on /home/airflow/.local/lib/python3.6/site-packages/airflow/example_dags/example_branch_labels.py
[2025-05-31 11:15:51,109] {processor.py:642} INFO - Processing file /home/airflow/.local/lib/python3.6/site-packages/airflow/example_dags/example_branch_labels.py for tasks to queue
[2025-05-31 11:15:51,111] {logging_mixin.py:109} INFO - [2025-05-31 11:15:51,110] {dagbag.py:500} INFO - Filling up the DagBag from /home/airflow/.local/lib/python3.6/site-packages/airflow/example_dags/example_branch_labels.py
[2025-05-31 11:15:51,162] {processor.py:654} INFO - DAG(s) dict_keys(['example_branch_labels']) retrieved from /home/airflow/.local/lib/python3.6/site-packages/airflow/example_dags/example_branch_labels.py
[2025-05-31 11:15:51,182] {logging_mixin.py:109} INFO - [2025-05-31 11:15:51,181] {dag.py:2396} INFO - Sync 1 DAGs
[2025-05-31 11:15:51,223] {logging_mixin.py:109} INFO - [2025-05-31 11:15:51,222] {dag.py:2935} INFO - Setting next_dagrun for example_branch_labels to 2025-05-30 00:00:00+00:00
[2025-05-31 11:15:51,250] {processor.py:171} INFO - Processing /home/airflow/.local/lib/python3.6/site-packages/airflow/example_dags/example_branch_labels.py took 0.149 seconds
[2025-05-31 11:16:21,349] {processor.py:163} INFO - Started process (PID=11084) to work on /home/airflow/.local/lib/python3.6/site-packages/airflow/example_dags/example_branch_labels.py
[2025-05-31 11:16:21,351] {processor.py:642} INFO - Processing file /home/airflow/.local/lib/python3.6/site-packages/airflow/example_dags/example_branch_labels.py for tasks to queue
[2025-05-31 11:16:21,352] {logging_mixin.py:109} INFO - [2025-05-31 11:16:21,352] {dagbag.py:500} INFO - Filling up the DagBag from /home/airflow/.local/lib/python3.6/site-packages/airflow/example_dags/example_branch_labels.py
[2025-05-31 11:16:21,392] {processor.py:654} INFO - DAG(s) dict_keys(['example_branch_labels']) retrieved from /home/airflow/.local/lib/python3.6/site-packages/airflow/example_dags/example_branch_labels.py
[2025-05-31 11:16:21,412] {logging_mixin.py:109} INFO - [2025-05-31 11:16:21,412] {dag.py:2396} INFO - Sync 1 DAGs
[2025-05-31 11:16:21,444] {logging_mixin.py:109} INFO - [2025-05-31 11:16:21,444] {dag.py:2935} INFO - Setting next_dagrun for example_branch_labels to 2025-05-30 00:00:00+00:00
[2025-05-31 11:16:21,458] {processor.py:171} INFO - Processing /home/airflow/.local/lib/python3.6/site-packages/airflow/example_dags/example_branch_labels.py took 0.114 seconds
[2025-05-31 11:16:51,798] {processor.py:163} INFO - Started process (PID=11266) to work on /home/airflow/.local/lib/python3.6/site-packages/airflow/example_dags/example_branch_labels.py
[2025-05-31 11:16:51,800] {processor.py:642} INFO - Processing file /home/airflow/.local/lib/python3.6/site-packages/airflow/example_dags/example_branch_labels.py for tasks to queue
[2025-05-31 11:16:51,801] {logging_mixin.py:109} INFO - [2025-05-31 11:16:51,801] {dagbag.py:500} INFO - Filling up the DagBag from /home/airflow/.local/lib/python3.6/site-packages/airflow/example_dags/example_branch_labels.py
[2025-05-31 11:16:51,835] {processor.py:654} INFO - DAG(s) dict_keys(['example_branch_labels']) retrieved from /home/airflow/.local/lib/python3.6/site-packages/airflow/example_dags/example_branch_labels.py
[2025-05-31 11:16:51,848] {logging_mixin.py:109} INFO - [2025-05-31 11:16:51,848] {dag.py:2396} INFO - Sync 1 DAGs
[2025-05-31 11:16:51,873] {logging_mixin.py:109} INFO - [2025-05-31 11:16:51,873] {dag.py:2935} INFO - Setting next_dagrun for example_branch_labels to 2025-05-30 00:00:00+00:00
[2025-05-31 11:16:51,886] {processor.py:171} INFO - Processing /home/airflow/.local/lib/python3.6/site-packages/airflow/example_dags/example_branch_labels.py took 0.092 seconds
[2025-05-31 11:17:22,523] {processor.py:163} INFO - Started process (PID=11459) to work on /home/airflow/.local/lib/python3.6/site-packages/airflow/example_dags/example_branch_labels.py
[2025-05-31 11:17:22,525] {processor.py:642} INFO - Processing file /home/airflow/.local/lib/python3.6/site-packages/airflow/example_dags/example_branch_labels.py for tasks to queue
[2025-05-31 11:17:22,527] {logging_mixin.py:109} INFO - [2025-05-31 11:17:22,527] {dagbag.py:500} INFO - Filling up the DagBag from /home/airflow/.local/lib/python3.6/site-packages/airflow/example_dags/example_branch_labels.py
[2025-05-31 11:17:22,585] {processor.py:654} INFO - DAG(s) dict_keys(['example_branch_labels']) retrieved from /home/airflow/.local/lib/python3.6/site-packages/airflow/example_dags/example_branch_labels.py
[2025-05-31 11:17:22,621] {logging_mixin.py:109} INFO - [2025-05-31 11:17:22,621] {dag.py:2396} INFO - Sync 1 DAGs
[2025-05-31 11:17:22,687] {logging_mixin.py:109} INFO - [2025-05-31 11:17:22,687] {dag.py:2935} INFO - Setting next_dagrun for example_branch_labels to 2025-05-30 00:00:00+00:00
[2025-05-31 11:17:22,708] {processor.py:171} INFO - Processing /home/airflow/.local/lib/python3.6/site-packages/airflow/example_dags/example_branch_labels.py took 0.193 seconds
[2025-05-31 11:17:52,925] {processor.py:163} INFO - Started process (PID=11641) to work on /home/airflow/.local/lib/python3.6/site-packages/airflow/example_dags/example_branch_labels.py
[2025-05-31 11:17:52,927] {processor.py:642} INFO - Processing file /home/airflow/.local/lib/python3.6/site-packages/airflow/example_dags/example_branch_labels.py for tasks to queue
[2025-05-31 11:17:52,927] {logging_mixin.py:109} INFO - [2025-05-31 11:17:52,927] {dagbag.py:500} INFO - Filling up the DagBag from /home/airflow/.local/lib/python3.6/site-packages/airflow/example_dags/example_branch_labels.py
[2025-05-31 11:17:52,955] {processor.py:654} INFO - DAG(s) dict_keys(['example_branch_labels']) retrieved from /home/airflow/.local/lib/python3.6/site-packages/airflow/example_dags/example_branch_labels.py
[2025-05-31 11:17:52,968] {logging_mixin.py:109} INFO - [2025-05-31 11:17:52,968] {dag.py:2396} INFO - Sync 1 DAGs
[2025-05-31 11:17:52,988] {logging_mixin.py:109} INFO - [2025-05-31 11:17:52,988] {dag.py:2935} INFO - Setting next_dagrun for example_branch_labels to 2025-05-30 00:00:00+00:00
[2025-05-31 11:17:52,999] {processor.py:171} INFO - Processing /home/airflow/.local/lib/python3.6/site-packages/airflow/example_dags/example_branch_labels.py took 0.077 seconds
[2025-05-31 11:18:23,869] {processor.py:163} INFO - Started process (PID=11826) to work on /home/airflow/.local/lib/python3.6/site-packages/airflow/example_dags/example_branch_labels.py
[2025-05-31 11:18:23,871] {processor.py:642} INFO - Processing file /home/airflow/.local/lib/python3.6/site-packages/airflow/example_dags/example_branch_labels.py for tasks to queue
[2025-05-31 11:18:23,872] {logging_mixin.py:109} INFO - [2025-05-31 11:18:23,872] {dagbag.py:500} INFO - Filling up the DagBag from /home/airflow/.local/lib/python3.6/site-packages/airflow/example_dags/example_branch_labels.py
[2025-05-31 11:18:23,907] {processor.py:654} INFO - DAG(s) dict_keys(['example_branch_labels']) retrieved from /home/airflow/.local/lib/python3.6/site-packages/airflow/example_dags/example_branch_labels.py
[2025-05-31 11:18:23,919] {logging_mixin.py:109} INFO - [2025-05-31 11:18:23,919] {dag.py:2396} INFO - Sync 1 DAGs
[2025-05-31 11:18:23,939] {logging_mixin.py:109} INFO - [2025-05-31 11:18:23,939] {dag.py:2935} INFO - Setting next_dagrun for example_branch_labels to 2025-05-30 00:00:00+00:00
[2025-05-31 11:18:23,952] {processor.py:171} INFO - Processing /home/airflow/.local/lib/python3.6/site-packages/airflow/example_dags/example_branch_labels.py took 0.087 seconds
[2025-05-31 11:18:54,346] {processor.py:163} INFO - Started process (PID=12021) to work on /home/airflow/.local/lib/python3.6/site-packages/airflow/example_dags/example_branch_labels.py
[2025-05-31 11:18:54,348] {processor.py:642} INFO - Processing file /home/airflow/.local/lib/python3.6/site-packages/airflow/example_dags/example_branch_labels.py for tasks to queue
[2025-05-31 11:18:54,349] {logging_mixin.py:109} INFO - [2025-05-31 11:18:54,349] {dagbag.py:500} INFO - Filling up the DagBag from /home/airflow/.local/lib/python3.6/site-packages/airflow/example_dags/example_branch_labels.py
[2025-05-31 11:18:54,392] {processor.py:654} INFO - DAG(s) dict_keys(['example_branch_labels']) retrieved from /home/airflow/.local/lib/python3.6/site-packages/airflow/example_dags/example_branch_labels.py
[2025-05-31 11:18:54,410] {logging_mixin.py:109} INFO - [2025-05-31 11:18:54,410] {dag.py:2396} INFO - Sync 1 DAGs
[2025-05-31 11:18:54,447] {logging_mixin.py:109} INFO - [2025-05-31 11:18:54,447] {dag.py:2935} INFO - Setting next_dagrun for example_branch_labels to 2025-05-30 00:00:00+00:00
[2025-05-31 11:18:54,464] {processor.py:171} INFO - Processing /home/airflow/.local/lib/python3.6/site-packages/airflow/example_dags/example_branch_labels.py took 0.123 seconds
[2025-05-31 11:19:24,512] {processor.py:163} INFO - Started process (PID=12206) to work on /home/airflow/.local/lib/python3.6/site-packages/airflow/example_dags/example_branch_labels.py
[2025-05-31 11:19:24,513] {processor.py:642} INFO - Processing file /home/airflow/.local/lib/python3.6/site-packages/airflow/example_dags/example_branch_labels.py for tasks to queue
[2025-05-31 11:19:24,514] {logging_mixin.py:109} INFO - [2025-05-31 11:19:24,514] {dagbag.py:500} INFO - Filling up the DagBag from /home/airflow/.local/lib/python3.6/site-packages/airflow/example_dags/example_branch_labels.py
[2025-05-31 11:19:24,545] {processor.py:654} INFO - DAG(s) dict_keys(['example_branch_labels']) retrieved from /home/airflow/.local/lib/python3.6/site-packages/airflow/example_dags/example_branch_labels.py
[2025-05-31 11:19:24,558] {logging_mixin.py:109} INFO - [2025-05-31 11:19:24,558] {dag.py:2396} INFO - Sync 1 DAGs
[2025-05-31 11:19:24,579] {logging_mixin.py:109} INFO - [2025-05-31 11:19:24,579] {dag.py:2935} INFO - Setting next_dagrun for example_branch_labels to 2025-05-30 00:00:00+00:00
[2025-05-31 11:19:24,591] {processor.py:171} INFO - Processing /home/airflow/.local/lib/python3.6/site-packages/airflow/example_dags/example_branch_labels.py took 0.083 seconds
[2025-05-31 11:19:55,221] {processor.py:163} INFO - Started process (PID=12391) to work on /home/airflow/.local/lib/python3.6/site-packages/airflow/example_dags/example_branch_labels.py
[2025-05-31 11:19:55,223] {processor.py:642} INFO - Processing file /home/airflow/.local/lib/python3.6/site-packages/airflow/example_dags/example_branch_labels.py for tasks to queue
[2025-05-31 11:19:55,224] {logging_mixin.py:109} INFO - [2025-05-31 11:19:55,224] {dagbag.py:500} INFO - Filling up the DagBag from /home/airflow/.local/lib/python3.6/site-packages/airflow/example_dags/example_branch_labels.py
[2025-05-31 11:19:55,268] {processor.py:654} INFO - DAG(s) dict_keys(['example_branch_labels']) retrieved from /home/airflow/.local/lib/python3.6/site-packages/airflow/example_dags/example_branch_labels.py
[2025-05-31 11:19:55,289] {logging_mixin.py:109} INFO - [2025-05-31 11:19:55,289] {dag.py:2396} INFO - Sync 1 DAGs
[2025-05-31 11:19:55,319] {logging_mixin.py:109} INFO - [2025-05-31 11:19:55,319] {dag.py:2935} INFO - Setting next_dagrun for example_branch_labels to 2025-05-30 00:00:00+00:00
[2025-05-31 11:19:55,335] {processor.py:171} INFO - Processing /home/airflow/.local/lib/python3.6/site-packages/airflow/example_dags/example_branch_labels.py took 0.119 seconds
[2025-05-31 11:20:25,714] {processor.py:163} INFO - Started process (PID=12586) to work on /home/airflow/.local/lib/python3.6/site-packages/airflow/example_dags/example_branch_labels.py
[2025-05-31 11:20:25,716] {processor.py:642} INFO - Processing file /home/airflow/.local/lib/python3.6/site-packages/airflow/example_dags/example_branch_labels.py for tasks to queue
[2025-05-31 11:20:25,717] {logging_mixin.py:109} INFO - [2025-05-31 11:20:25,717] {dagbag.py:500} INFO - Filling up the DagBag from /home/airflow/.local/lib/python3.6/site-packages/airflow/example_dags/example_branch_labels.py
[2025-05-31 11:20:25,757] {processor.py:654} INFO - DAG(s) dict_keys(['example_branch_labels']) retrieved from /home/airflow/.local/lib/python3.6/site-packages/airflow/example_dags/example_branch_labels.py
[2025-05-31 11:20:25,773] {logging_mixin.py:109} INFO - [2025-05-31 11:20:25,773] {dag.py:2396} INFO - Sync 1 DAGs
[2025-05-31 11:20:25,810] {logging_mixin.py:109} INFO - [2025-05-31 11:20:25,810] {dag.py:2935} INFO - Setting next_dagrun for example_branch_labels to 2025-05-30 00:00:00+00:00
[2025-05-31 11:20:25,823] {processor.py:171} INFO - Processing /home/airflow/.local/lib/python3.6/site-packages/airflow/example_dags/example_branch_labels.py took 0.113 seconds
[2025-05-31 11:20:55,979] {processor.py:163} INFO - Started process (PID=12771) to work on /home/airflow/.local/lib/python3.6/site-packages/airflow/example_dags/example_branch_labels.py
[2025-05-31 11:20:55,982] {processor.py:642} INFO - Processing file /home/airflow/.local/lib/python3.6/site-packages/airflow/example_dags/example_branch_labels.py for tasks to queue
[2025-05-31 11:20:55,983] {logging_mixin.py:109} INFO - [2025-05-31 11:20:55,982] {dagbag.py:500} INFO - Filling up the DagBag from /home/airflow/.local/lib/python3.6/site-packages/airflow/example_dags/example_branch_labels.py
[2025-05-31 11:20:56,019] {processor.py:654} INFO - DAG(s) dict_keys(['example_branch_labels']) retrieved from /home/airflow/.local/lib/python3.6/site-packages/airflow/example_dags/example_branch_labels.py
[2025-05-31 11:20:56,035] {logging_mixin.py:109} INFO - [2025-05-31 11:20:56,035] {dag.py:2396} INFO - Sync 1 DAGs
[2025-05-31 11:20:56,062] {logging_mixin.py:109} INFO - [2025-05-31 11:20:56,062] {dag.py:2935} INFO - Setting next_dagrun for example_branch_labels to 2025-05-30 00:00:00+00:00
[2025-05-31 11:20:56,077] {processor.py:171} INFO - Processing /home/airflow/.local/lib/python3.6/site-packages/airflow/example_dags/example_branch_labels.py took 0.102 seconds
[2025-05-31 11:21:26,281] {processor.py:163} INFO - Started process (PID=12956) to work on /home/airflow/.local/lib/python3.6/site-packages/airflow/example_dags/example_branch_labels.py
[2025-05-31 11:21:26,283] {processor.py:642} INFO - Processing file /home/airflow/.local/lib/python3.6/site-packages/airflow/example_dags/example_branch_labels.py for tasks to queue
[2025-05-31 11:21:26,284] {logging_mixin.py:109} INFO - [2025-05-31 11:21:26,283] {dagbag.py:500} INFO - Filling up the DagBag from /home/airflow/.local/lib/python3.6/site-packages/airflow/example_dags/example_branch_labels.py
[2025-05-31 11:21:26,311] {processor.py:654} INFO - DAG(s) dict_keys(['example_branch_labels']) retrieved from /home/airflow/.local/lib/python3.6/site-packages/airflow/example_dags/example_branch_labels.py
[2025-05-31 11:21:26,323] {logging_mixin.py:109} INFO - [2025-05-31 11:21:26,323] {dag.py:2396} INFO - Sync 1 DAGs
[2025-05-31 11:21:26,343] {logging_mixin.py:109} INFO - [2025-05-31 11:21:26,343] {dag.py:2935} INFO - Setting next_dagrun for example_branch_labels to 2025-05-30 00:00:00+00:00
[2025-05-31 11:21:26,352] {processor.py:171} INFO - Processing /home/airflow/.local/lib/python3.6/site-packages/airflow/example_dags/example_branch_labels.py took 0.074 seconds
[2025-05-31 11:21:56,711] {processor.py:163} INFO - Started process (PID=13151) to work on /home/airflow/.local/lib/python3.6/site-packages/airflow/example_dags/example_branch_labels.py
[2025-05-31 11:21:56,713] {processor.py:642} INFO - Processing file /home/airflow/.local/lib/python3.6/site-packages/airflow/example_dags/example_branch_labels.py for tasks to queue
[2025-05-31 11:21:56,714] {logging_mixin.py:109} INFO - [2025-05-31 11:21:56,714] {dagbag.py:500} INFO - Filling up the DagBag from /home/airflow/.local/lib/python3.6/site-packages/airflow/example_dags/example_branch_labels.py
[2025-05-31 11:21:56,751] {processor.py:654} INFO - DAG(s) dict_keys(['example_branch_labels']) retrieved from /home/airflow/.local/lib/python3.6/site-packages/airflow/example_dags/example_branch_labels.py
[2025-05-31 11:21:56,764] {logging_mixin.py:109} INFO - [2025-05-31 11:21:56,764] {dag.py:2396} INFO - Sync 1 DAGs
[2025-05-31 11:21:56,788] {logging_mixin.py:109} INFO - [2025-05-31 11:21:56,788] {dag.py:2935} INFO - Setting next_dagrun for example_branch_labels to 2025-05-30 00:00:00+00:00
[2025-05-31 11:21:56,804] {processor.py:171} INFO - Processing /home/airflow/.local/lib/python3.6/site-packages/airflow/example_dags/example_branch_labels.py took 0.096 seconds
[2025-05-31 11:22:27,450] {processor.py:163} INFO - Started process (PID=13336) to work on /home/airflow/.local/lib/python3.6/site-packages/airflow/example_dags/example_branch_labels.py
[2025-05-31 11:22:27,451] {processor.py:642} INFO - Processing file /home/airflow/.local/lib/python3.6/site-packages/airflow/example_dags/example_branch_labels.py for tasks to queue
[2025-05-31 11:22:27,452] {logging_mixin.py:109} INFO - [2025-05-31 11:22:27,452] {dagbag.py:500} INFO - Filling up the DagBag from /home/airflow/.local/lib/python3.6/site-packages/airflow/example_dags/example_branch_labels.py
[2025-05-31 11:22:27,479] {processor.py:654} INFO - DAG(s) dict_keys(['example_branch_labels']) retrieved from /home/airflow/.local/lib/python3.6/site-packages/airflow/example_dags/example_branch_labels.py
[2025-05-31 11:22:27,489] {logging_mixin.py:109} INFO - [2025-05-31 11:22:27,489] {dag.py:2396} INFO - Sync 1 DAGs
[2025-05-31 11:22:27,507] {logging_mixin.py:109} INFO - [2025-05-31 11:22:27,507] {dag.py:2935} INFO - Setting next_dagrun for example_branch_labels to 2025-05-30 00:00:00+00:00
[2025-05-31 11:22:27,517] {processor.py:171} INFO - Processing /home/airflow/.local/lib/python3.6/site-packages/airflow/example_dags/example_branch_labels.py took 0.070 seconds
[2025-05-31 11:22:57,967] {processor.py:163} INFO - Started process (PID=13521) to work on /home/airflow/.local/lib/python3.6/site-packages/airflow/example_dags/example_branch_labels.py
[2025-05-31 11:22:57,969] {processor.py:642} INFO - Processing file /home/airflow/.local/lib/python3.6/site-packages/airflow/example_dags/example_branch_labels.py for tasks to queue
[2025-05-31 11:22:57,970] {logging_mixin.py:109} INFO - [2025-05-31 11:22:57,970] {dagbag.py:500} INFO - Filling up the DagBag from /home/airflow/.local/lib/python3.6/site-packages/airflow/example_dags/example_branch_labels.py
[2025-05-31 11:22:58,002] {processor.py:654} INFO - DAG(s) dict_keys(['example_branch_labels']) retrieved from /home/airflow/.local/lib/python3.6/site-packages/airflow/example_dags/example_branch_labels.py
[2025-05-31 11:22:58,016] {logging_mixin.py:109} INFO - [2025-05-31 11:22:58,016] {dag.py:2396} INFO - Sync 1 DAGs
[2025-05-31 11:22:58,036] {logging_mixin.py:109} INFO - [2025-05-31 11:22:58,035] {dag.py:2935} INFO - Setting next_dagrun for example_branch_labels to 2025-05-30 00:00:00+00:00
[2025-05-31 11:22:58,046] {processor.py:171} INFO - Processing /home/airflow/.local/lib/python3.6/site-packages/airflow/example_dags/example_branch_labels.py took 0.082 seconds
[2025-05-31 11:23:28,495] {processor.py:163} INFO - Started process (PID=13716) to work on /home/airflow/.local/lib/python3.6/site-packages/airflow/example_dags/example_branch_labels.py
[2025-05-31 11:23:28,496] {processor.py:642} INFO - Processing file /home/airflow/.local/lib/python3.6/site-packages/airflow/example_dags/example_branch_labels.py for tasks to queue
[2025-05-31 11:23:28,497] {logging_mixin.py:109} INFO - [2025-05-31 11:23:28,497] {dagbag.py:500} INFO - Filling up the DagBag from /home/airflow/.local/lib/python3.6/site-packages/airflow/example_dags/example_branch_labels.py
[2025-05-31 11:23:28,527] {processor.py:654} INFO - DAG(s) dict_keys(['example_branch_labels']) retrieved from /home/airflow/.local/lib/python3.6/site-packages/airflow/example_dags/example_branch_labels.py
[2025-05-31 11:23:28,539] {logging_mixin.py:109} INFO - [2025-05-31 11:23:28,539] {dag.py:2396} INFO - Sync 1 DAGs
[2025-05-31 11:23:28,559] {logging_mixin.py:109} INFO - [2025-05-31 11:23:28,558] {dag.py:2935} INFO - Setting next_dagrun for example_branch_labels to 2025-05-30 00:00:00+00:00
[2025-05-31 11:23:28,578] {processor.py:171} INFO - Processing /home/airflow/.local/lib/python3.6/site-packages/airflow/example_dags/example_branch_labels.py took 0.086 seconds
[2025-05-31 11:23:59,414] {processor.py:163} INFO - Started process (PID=13901) to work on /home/airflow/.local/lib/python3.6/site-packages/airflow/example_dags/example_branch_labels.py
[2025-05-31 11:23:59,416] {processor.py:642} INFO - Processing file /home/airflow/.local/lib/python3.6/site-packages/airflow/example_dags/example_branch_labels.py for tasks to queue
[2025-05-31 11:23:59,417] {logging_mixin.py:109} INFO - [2025-05-31 11:23:59,417] {dagbag.py:500} INFO - Filling up the DagBag from /home/airflow/.local/lib/python3.6/site-packages/airflow/example_dags/example_branch_labels.py
[2025-05-31 11:23:59,449] {processor.py:654} INFO - DAG(s) dict_keys(['example_branch_labels']) retrieved from /home/airflow/.local/lib/python3.6/site-packages/airflow/example_dags/example_branch_labels.py
[2025-05-31 11:23:59,462] {logging_mixin.py:109} INFO - [2025-05-31 11:23:59,461] {dag.py:2396} INFO - Sync 1 DAGs
[2025-05-31 11:23:59,492] {logging_mixin.py:109} INFO - [2025-05-31 11:23:59,492] {dag.py:2935} INFO - Setting next_dagrun for example_branch_labels to 2025-05-30 00:00:00+00:00
[2025-05-31 11:23:59,508] {processor.py:171} INFO - Processing /home/airflow/.local/lib/python3.6/site-packages/airflow/example_dags/example_branch_labels.py took 0.098 seconds
[2025-05-31 11:24:29,959] {processor.py:163} INFO - Started process (PID=14086) to work on /home/airflow/.local/lib/python3.6/site-packages/airflow/example_dags/example_branch_labels.py
[2025-05-31 11:24:29,960] {processor.py:642} INFO - Processing file /home/airflow/.local/lib/python3.6/site-packages/airflow/example_dags/example_branch_labels.py for tasks to queue
[2025-05-31 11:24:29,961] {logging_mixin.py:109} INFO - [2025-05-31 11:24:29,961] {dagbag.py:500} INFO - Filling up the DagBag from /home/airflow/.local/lib/python3.6/site-packages/airflow/example_dags/example_branch_labels.py
[2025-05-31 11:24:29,987] {processor.py:654} INFO - DAG(s) dict_keys(['example_branch_labels']) retrieved from /home/airflow/.local/lib/python3.6/site-packages/airflow/example_dags/example_branch_labels.py
[2025-05-31 11:24:29,998] {logging_mixin.py:109} INFO - [2025-05-31 11:24:29,997] {dag.py:2396} INFO - Sync 1 DAGs
[2025-05-31 11:24:30,016] {logging_mixin.py:109} INFO - [2025-05-31 11:24:30,016] {dag.py:2935} INFO - Setting next_dagrun for example_branch_labels to 2025-05-30 00:00:00+00:00
[2025-05-31 11:24:30,036] {processor.py:171} INFO - Processing /home/airflow/.local/lib/python3.6/site-packages/airflow/example_dags/example_branch_labels.py took 0.080 seconds
[2025-05-31 11:25:00,710] {processor.py:163} INFO - Started process (PID=14281) to work on /home/airflow/.local/lib/python3.6/site-packages/airflow/example_dags/example_branch_labels.py
[2025-05-31 11:25:00,712] {processor.py:642} INFO - Processing file /home/airflow/.local/lib/python3.6/site-packages/airflow/example_dags/example_branch_labels.py for tasks to queue
[2025-05-31 11:25:00,713] {logging_mixin.py:109} INFO - [2025-05-31 11:25:00,713] {dagbag.py:500} INFO - Filling up the DagBag from /home/airflow/.local/lib/python3.6/site-packages/airflow/example_dags/example_branch_labels.py
[2025-05-31 11:25:00,760] {processor.py:654} INFO - DAG(s) dict_keys(['example_branch_labels']) retrieved from /home/airflow/.local/lib/python3.6/site-packages/airflow/example_dags/example_branch_labels.py
[2025-05-31 11:25:00,781] {logging_mixin.py:109} INFO - [2025-05-31 11:25:00,780] {dag.py:2396} INFO - Sync 1 DAGs
[2025-05-31 11:25:00,835] {logging_mixin.py:109} INFO - [2025-05-31 11:25:00,835] {dag.py:2935} INFO - Setting next_dagrun for example_branch_labels to 2025-05-30 00:00:00+00:00
[2025-05-31 11:25:00,857] {processor.py:171} INFO - Processing /home/airflow/.local/lib/python3.6/site-packages/airflow/example_dags/example_branch_labels.py took 0.152 seconds
[2025-05-31 11:25:30,901] {processor.py:163} INFO - Started process (PID=14466) to work on /home/airflow/.local/lib/python3.6/site-packages/airflow/example_dags/example_branch_labels.py
[2025-05-31 11:25:30,902] {processor.py:642} INFO - Processing file /home/airflow/.local/lib/python3.6/site-packages/airflow/example_dags/example_branch_labels.py for tasks to queue
[2025-05-31 11:25:30,903] {logging_mixin.py:109} INFO - [2025-05-31 11:25:30,903] {dagbag.py:500} INFO - Filling up the DagBag from /home/airflow/.local/lib/python3.6/site-packages/airflow/example_dags/example_branch_labels.py
[2025-05-31 11:25:30,935] {processor.py:654} INFO - DAG(s) dict_keys(['example_branch_labels']) retrieved from /home/airflow/.local/lib/python3.6/site-packages/airflow/example_dags/example_branch_labels.py
[2025-05-31 11:25:30,947] {logging_mixin.py:109} INFO - [2025-05-31 11:25:30,947] {dag.py:2396} INFO - Sync 1 DAGs
[2025-05-31 11:25:30,968] {logging_mixin.py:109} INFO - [2025-05-31 11:25:30,968] {dag.py:2935} INFO - Setting next_dagrun for example_branch_labels to 2025-05-30 00:00:00+00:00
[2025-05-31 11:25:30,979] {processor.py:171} INFO - Processing /home/airflow/.local/lib/python3.6/site-packages/airflow/example_dags/example_branch_labels.py took 0.082 seconds
[2025-05-31 11:26:01,749] {processor.py:163} INFO - Started process (PID=14651) to work on /home/airflow/.local/lib/python3.6/site-packages/airflow/example_dags/example_branch_labels.py
[2025-05-31 11:26:01,750] {processor.py:642} INFO - Processing file /home/airflow/.local/lib/python3.6/site-packages/airflow/example_dags/example_branch_labels.py for tasks to queue
[2025-05-31 11:26:01,751] {logging_mixin.py:109} INFO - [2025-05-31 11:26:01,751] {dagbag.py:500} INFO - Filling up the DagBag from /home/airflow/.local/lib/python3.6/site-packages/airflow/example_dags/example_branch_labels.py
[2025-05-31 11:26:01,791] {processor.py:654} INFO - DAG(s) dict_keys(['example_branch_labels']) retrieved from /home/airflow/.local/lib/python3.6/site-packages/airflow/example_dags/example_branch_labels.py
[2025-05-31 11:26:01,802] {logging_mixin.py:109} INFO - [2025-05-31 11:26:01,802] {dag.py:2396} INFO - Sync 1 DAGs
[2025-05-31 11:26:01,822] {logging_mixin.py:109} INFO - [2025-05-31 11:26:01,822] {dag.py:2935} INFO - Setting next_dagrun for example_branch_labels to 2025-05-30 00:00:00+00:00
[2025-05-31 11:26:01,833] {processor.py:171} INFO - Processing /home/airflow/.local/lib/python3.6/site-packages/airflow/example_dags/example_branch_labels.py took 0.087 seconds
[2025-05-31 11:26:32,134] {processor.py:163} INFO - Started process (PID=14846) to work on /home/airflow/.local/lib/python3.6/site-packages/airflow/example_dags/example_branch_labels.py
[2025-05-31 11:26:32,135] {processor.py:642} INFO - Processing file /home/airflow/.local/lib/python3.6/site-packages/airflow/example_dags/example_branch_labels.py for tasks to queue
[2025-05-31 11:26:32,136] {logging_mixin.py:109} INFO - [2025-05-31 11:26:32,136] {dagbag.py:500} INFO - Filling up the DagBag from /home/airflow/.local/lib/python3.6/site-packages/airflow/example_dags/example_branch_labels.py
[2025-05-31 11:26:32,170] {processor.py:654} INFO - DAG(s) dict_keys(['example_branch_labels']) retrieved from /home/airflow/.local/lib/python3.6/site-packages/airflow/example_dags/example_branch_labels.py
[2025-05-31 11:26:32,188] {logging_mixin.py:109} INFO - [2025-05-31 11:26:32,188] {dag.py:2396} INFO - Sync 1 DAGs
[2025-05-31 11:26:32,213] {logging_mixin.py:109} INFO - [2025-05-31 11:26:32,213] {dag.py:2935} INFO - Setting next_dagrun for example_branch_labels to 2025-05-30 00:00:00+00:00
[2025-05-31 11:26:32,226] {processor.py:171} INFO - Processing /home/airflow/.local/lib/python3.6/site-packages/airflow/example_dags/example_branch_labels.py took 0.096 seconds
[2025-05-31 11:27:02,718] {processor.py:163} INFO - Started process (PID=15031) to work on /home/airflow/.local/lib/python3.6/site-packages/airflow/example_dags/example_branch_labels.py
[2025-05-31 11:27:02,719] {processor.py:642} INFO - Processing file /home/airflow/.local/lib/python3.6/site-packages/airflow/example_dags/example_branch_labels.py for tasks to queue
[2025-05-31 11:27:02,720] {logging_mixin.py:109} INFO - [2025-05-31 11:27:02,720] {dagbag.py:500} INFO - Filling up the DagBag from /home/airflow/.local/lib/python3.6/site-packages/airflow/example_dags/example_branch_labels.py
[2025-05-31 11:27:02,749] {processor.py:654} INFO - DAG(s) dict_keys(['example_branch_labels']) retrieved from /home/airflow/.local/lib/python3.6/site-packages/airflow/example_dags/example_branch_labels.py
[2025-05-31 11:27:02,760] {logging_mixin.py:109} INFO - [2025-05-31 11:27:02,760] {dag.py:2396} INFO - Sync 1 DAGs
[2025-05-31 11:27:02,780] {logging_mixin.py:109} INFO - [2025-05-31 11:27:02,780] {dag.py:2935} INFO - Setting next_dagrun for example_branch_labels to 2025-05-30 00:00:00+00:00
[2025-05-31 11:27:02,790] {processor.py:171} INFO - Processing /home/airflow/.local/lib/python3.6/site-packages/airflow/example_dags/example_branch_labels.py took 0.075 seconds
[2025-05-31 11:27:32,974] {processor.py:163} INFO - Started process (PID=15216) to work on /home/airflow/.local/lib/python3.6/site-packages/airflow/example_dags/example_branch_labels.py
[2025-05-31 11:27:32,975] {processor.py:642} INFO - Processing file /home/airflow/.local/lib/python3.6/site-packages/airflow/example_dags/example_branch_labels.py for tasks to queue
[2025-05-31 11:27:32,976] {logging_mixin.py:109} INFO - [2025-05-31 11:27:32,976] {dagbag.py:500} INFO - Filling up the DagBag from /home/airflow/.local/lib/python3.6/site-packages/airflow/example_dags/example_branch_labels.py
[2025-05-31 11:27:33,004] {processor.py:654} INFO - DAG(s) dict_keys(['example_branch_labels']) retrieved from /home/airflow/.local/lib/python3.6/site-packages/airflow/example_dags/example_branch_labels.py
[2025-05-31 11:27:33,016] {logging_mixin.py:109} INFO - [2025-05-31 11:27:33,016] {dag.py:2396} INFO - Sync 1 DAGs
[2025-05-31 11:27:33,035] {logging_mixin.py:109} INFO - [2025-05-31 11:27:33,035] {dag.py:2935} INFO - Setting next_dagrun for example_branch_labels to 2025-05-30 00:00:00+00:00
[2025-05-31 11:27:33,046] {processor.py:171} INFO - Processing /home/airflow/.local/lib/python3.6/site-packages/airflow/example_dags/example_branch_labels.py took 0.076 seconds
[2025-05-31 11:28:03,334] {processor.py:163} INFO - Started process (PID=15411) to work on /home/airflow/.local/lib/python3.6/site-packages/airflow/example_dags/example_branch_labels.py
[2025-05-31 11:28:03,338] {processor.py:642} INFO - Processing file /home/airflow/.local/lib/python3.6/site-packages/airflow/example_dags/example_branch_labels.py for tasks to queue
[2025-05-31 11:28:03,341] {logging_mixin.py:109} INFO - [2025-05-31 11:28:03,341] {dagbag.py:500} INFO - Filling up the DagBag from /home/airflow/.local/lib/python3.6/site-packages/airflow/example_dags/example_branch_labels.py
[2025-05-31 11:28:03,438] {processor.py:654} INFO - DAG(s) dict_keys(['example_branch_labels']) retrieved from /home/airflow/.local/lib/python3.6/site-packages/airflow/example_dags/example_branch_labels.py
[2025-05-31 11:28:03,477] {logging_mixin.py:109} INFO - [2025-05-31 11:28:03,476] {dag.py:2396} INFO - Sync 1 DAGs
[2025-05-31 11:28:03,570] {logging_mixin.py:109} INFO - [2025-05-31 11:28:03,570] {dag.py:2935} INFO - Setting next_dagrun for example_branch_labels to 2025-05-30 00:00:00+00:00
[2025-05-31 11:28:03,593] {processor.py:171} INFO - Processing /home/airflow/.local/lib/python3.6/site-packages/airflow/example_dags/example_branch_labels.py took 0.271 seconds
[2025-05-31 11:28:33,722] {processor.py:163} INFO - Started process (PID=15596) to work on /home/airflow/.local/lib/python3.6/site-packages/airflow/example_dags/example_branch_labels.py
[2025-05-31 11:28:33,725] {processor.py:642} INFO - Processing file /home/airflow/.local/lib/python3.6/site-packages/airflow/example_dags/example_branch_labels.py for tasks to queue
[2025-05-31 11:28:33,727] {logging_mixin.py:109} INFO - [2025-05-31 11:28:33,726] {dagbag.py:500} INFO - Filling up the DagBag from /home/airflow/.local/lib/python3.6/site-packages/airflow/example_dags/example_branch_labels.py
[2025-05-31 11:28:33,784] {processor.py:654} INFO - DAG(s) dict_keys(['example_branch_labels']) retrieved from /home/airflow/.local/lib/python3.6/site-packages/airflow/example_dags/example_branch_labels.py
[2025-05-31 11:28:33,808] {logging_mixin.py:109} INFO - [2025-05-31 11:28:33,807] {dag.py:2396} INFO - Sync 1 DAGs
[2025-05-31 11:28:33,840] {logging_mixin.py:109} INFO - [2025-05-31 11:28:33,839] {dag.py:2935} INFO - Setting next_dagrun for example_branch_labels to 2025-05-30 00:00:00+00:00
[2025-05-31 11:28:33,855] {processor.py:171} INFO - Processing /home/airflow/.local/lib/python3.6/site-packages/airflow/example_dags/example_branch_labels.py took 0.139 seconds
[2025-05-31 11:29:04,050] {processor.py:163} INFO - Started process (PID=15781) to work on /home/airflow/.local/lib/python3.6/site-packages/airflow/example_dags/example_branch_labels.py
[2025-05-31 11:29:04,053] {processor.py:642} INFO - Processing file /home/airflow/.local/lib/python3.6/site-packages/airflow/example_dags/example_branch_labels.py for tasks to queue
[2025-05-31 11:29:04,054] {logging_mixin.py:109} INFO - [2025-05-31 11:29:04,054] {dagbag.py:500} INFO - Filling up the DagBag from /home/airflow/.local/lib/python3.6/site-packages/airflow/example_dags/example_branch_labels.py
[2025-05-31 11:29:04,117] {processor.py:654} INFO - DAG(s) dict_keys(['example_branch_labels']) retrieved from /home/airflow/.local/lib/python3.6/site-packages/airflow/example_dags/example_branch_labels.py
[2025-05-31 11:29:04,138] {logging_mixin.py:109} INFO - [2025-05-31 11:29:04,138] {dag.py:2396} INFO - Sync 1 DAGs
[2025-05-31 11:29:04,177] {logging_mixin.py:109} INFO - [2025-05-31 11:29:04,177] {dag.py:2935} INFO - Setting next_dagrun for example_branch_labels to 2025-05-30 00:00:00+00:00
[2025-05-31 11:29:04,200] {processor.py:171} INFO - Processing /home/airflow/.local/lib/python3.6/site-packages/airflow/example_dags/example_branch_labels.py took 0.156 seconds
[2025-05-31 11:29:34,368] {processor.py:163} INFO - Started process (PID=15966) to work on /home/airflow/.local/lib/python3.6/site-packages/airflow/example_dags/example_branch_labels.py
[2025-05-31 11:29:34,370] {processor.py:642} INFO - Processing file /home/airflow/.local/lib/python3.6/site-packages/airflow/example_dags/example_branch_labels.py for tasks to queue
[2025-05-31 11:29:34,371] {logging_mixin.py:109} INFO - [2025-05-31 11:29:34,371] {dagbag.py:500} INFO - Filling up the DagBag from /home/airflow/.local/lib/python3.6/site-packages/airflow/example_dags/example_branch_labels.py
[2025-05-31 11:29:34,404] {processor.py:654} INFO - DAG(s) dict_keys(['example_branch_labels']) retrieved from /home/airflow/.local/lib/python3.6/site-packages/airflow/example_dags/example_branch_labels.py
[2025-05-31 11:29:34,416] {logging_mixin.py:109} INFO - [2025-05-31 11:29:34,416] {dag.py:2396} INFO - Sync 1 DAGs
[2025-05-31 11:29:34,438] {logging_mixin.py:109} INFO - [2025-05-31 11:29:34,438] {dag.py:2935} INFO - Setting next_dagrun for example_branch_labels to 2025-05-30 00:00:00+00:00
[2025-05-31 11:29:34,450] {processor.py:171} INFO - Processing /home/airflow/.local/lib/python3.6/site-packages/airflow/example_dags/example_branch_labels.py took 0.085 seconds
[2025-05-31 11:30:04,860] {processor.py:163} INFO - Started process (PID=16160) to work on /home/airflow/.local/lib/python3.6/site-packages/airflow/example_dags/example_branch_labels.py
[2025-05-31 11:30:04,863] {processor.py:642} INFO - Processing file /home/airflow/.local/lib/python3.6/site-packages/airflow/example_dags/example_branch_labels.py for tasks to queue
[2025-05-31 11:30:04,865] {logging_mixin.py:109} INFO - [2025-05-31 11:30:04,865] {dagbag.py:500} INFO - Filling up the DagBag from /home/airflow/.local/lib/python3.6/site-packages/airflow/example_dags/example_branch_labels.py
[2025-05-31 11:30:04,914] {processor.py:654} INFO - DAG(s) dict_keys(['example_branch_labels']) retrieved from /home/airflow/.local/lib/python3.6/site-packages/airflow/example_dags/example_branch_labels.py
[2025-05-31 11:30:04,934] {logging_mixin.py:109} INFO - [2025-05-31 11:30:04,934] {dag.py:2396} INFO - Sync 1 DAGs
[2025-05-31 11:30:04,968] {logging_mixin.py:109} INFO - [2025-05-31 11:30:04,968] {dag.py:2935} INFO - Setting next_dagrun for example_branch_labels to 2025-05-30 00:00:00+00:00
[2025-05-31 11:30:04,986] {processor.py:171} INFO - Processing /home/airflow/.local/lib/python3.6/site-packages/airflow/example_dags/example_branch_labels.py took 0.131 seconds
[2025-05-31 11:30:35,279] {processor.py:163} INFO - Started process (PID=16346) to work on /home/airflow/.local/lib/python3.6/site-packages/airflow/example_dags/example_branch_labels.py
[2025-05-31 11:30:35,281] {processor.py:642} INFO - Processing file /home/airflow/.local/lib/python3.6/site-packages/airflow/example_dags/example_branch_labels.py for tasks to queue
[2025-05-31 11:30:35,282] {logging_mixin.py:109} INFO - [2025-05-31 11:30:35,282] {dagbag.py:500} INFO - Filling up the DagBag from /home/airflow/.local/lib/python3.6/site-packages/airflow/example_dags/example_branch_labels.py
[2025-05-31 11:30:35,312] {processor.py:654} INFO - DAG(s) dict_keys(['example_branch_labels']) retrieved from /home/airflow/.local/lib/python3.6/site-packages/airflow/example_dags/example_branch_labels.py
[2025-05-31 11:30:35,324] {logging_mixin.py:109} INFO - [2025-05-31 11:30:35,324] {dag.py:2396} INFO - Sync 1 DAGs
[2025-05-31 11:30:35,344] {logging_mixin.py:109} INFO - [2025-05-31 11:30:35,344] {dag.py:2935} INFO - Setting next_dagrun for example_branch_labels to 2025-05-30 00:00:00+00:00
[2025-05-31 11:30:35,354] {processor.py:171} INFO - Processing /home/airflow/.local/lib/python3.6/site-packages/airflow/example_dags/example_branch_labels.py took 0.078 seconds
[2025-05-31 11:31:05,639] {processor.py:163} INFO - Started process (PID=16531) to work on /home/airflow/.local/lib/python3.6/site-packages/airflow/example_dags/example_branch_labels.py
[2025-05-31 11:31:05,641] {processor.py:642} INFO - Processing file /home/airflow/.local/lib/python3.6/site-packages/airflow/example_dags/example_branch_labels.py for tasks to queue
[2025-05-31 11:31:05,642] {logging_mixin.py:109} INFO - [2025-05-31 11:31:05,642] {dagbag.py:500} INFO - Filling up the DagBag from /home/airflow/.local/lib/python3.6/site-packages/airflow/example_dags/example_branch_labels.py
[2025-05-31 11:31:05,670] {processor.py:654} INFO - DAG(s) dict_keys(['example_branch_labels']) retrieved from /home/airflow/.local/lib/python3.6/site-packages/airflow/example_dags/example_branch_labels.py
[2025-05-31 11:31:05,681] {logging_mixin.py:109} INFO - [2025-05-31 11:31:05,681] {dag.py:2396} INFO - Sync 1 DAGs
[2025-05-31 11:31:05,701] {logging_mixin.py:109} INFO - [2025-05-31 11:31:05,701] {dag.py:2935} INFO - Setting next_dagrun for example_branch_labels to 2025-05-30 00:00:00+00:00
[2025-05-31 11:31:05,711] {processor.py:171} INFO - Processing /home/airflow/.local/lib/python3.6/site-packages/airflow/example_dags/example_branch_labels.py took 0.075 seconds
[2025-05-31 11:31:36,271] {processor.py:163} INFO - Started process (PID=16726) to work on /home/airflow/.local/lib/python3.6/site-packages/airflow/example_dags/example_branch_labels.py
[2025-05-31 11:31:36,273] {processor.py:642} INFO - Processing file /home/airflow/.local/lib/python3.6/site-packages/airflow/example_dags/example_branch_labels.py for tasks to queue
[2025-05-31 11:31:36,274] {logging_mixin.py:109} INFO - [2025-05-31 11:31:36,274] {dagbag.py:500} INFO - Filling up the DagBag from /home/airflow/.local/lib/python3.6/site-packages/airflow/example_dags/example_branch_labels.py
[2025-05-31 11:31:36,306] {processor.py:654} INFO - DAG(s) dict_keys(['example_branch_labels']) retrieved from /home/airflow/.local/lib/python3.6/site-packages/airflow/example_dags/example_branch_labels.py
[2025-05-31 11:31:36,321] {logging_mixin.py:109} INFO - [2025-05-31 11:31:36,320] {dag.py:2396} INFO - Sync 1 DAGs
[2025-05-31 11:31:36,346] {logging_mixin.py:109} INFO - [2025-05-31 11:31:36,346] {dag.py:2935} INFO - Setting next_dagrun for example_branch_labels to 2025-05-30 00:00:00+00:00
[2025-05-31 11:31:36,358] {processor.py:171} INFO - Processing /home/airflow/.local/lib/python3.6/site-packages/airflow/example_dags/example_branch_labels.py took 0.091 seconds
[2025-05-31 11:32:06,974] {processor.py:163} INFO - Started process (PID=16911) to work on /home/airflow/.local/lib/python3.6/site-packages/airflow/example_dags/example_branch_labels.py
[2025-05-31 11:32:06,975] {processor.py:642} INFO - Processing file /home/airflow/.local/lib/python3.6/site-packages/airflow/example_dags/example_branch_labels.py for tasks to queue
[2025-05-31 11:32:06,976] {logging_mixin.py:109} INFO - [2025-05-31 11:32:06,976] {dagbag.py:500} INFO - Filling up the DagBag from /home/airflow/.local/lib/python3.6/site-packages/airflow/example_dags/example_branch_labels.py
[2025-05-31 11:32:07,003] {processor.py:654} INFO - DAG(s) dict_keys(['example_branch_labels']) retrieved from /home/airflow/.local/lib/python3.6/site-packages/airflow/example_dags/example_branch_labels.py
[2025-05-31 11:32:07,013] {logging_mixin.py:109} INFO - [2025-05-31 11:32:07,013] {dag.py:2396} INFO - Sync 1 DAGs
[2025-05-31 11:32:07,031] {logging_mixin.py:109} INFO - [2025-05-31 11:32:07,031] {dag.py:2935} INFO - Setting next_dagrun for example_branch_labels to 2025-05-30 00:00:00+00:00
[2025-05-31 11:32:07,041] {processor.py:171} INFO - Processing /home/airflow/.local/lib/python3.6/site-packages/airflow/example_dags/example_branch_labels.py took 0.070 seconds
[2025-05-31 11:32:37,237] {processor.py:163} INFO - Started process (PID=17096) to work on /home/airflow/.local/lib/python3.6/site-packages/airflow/example_dags/example_branch_labels.py
[2025-05-31 11:32:37,238] {processor.py:642} INFO - Processing file /home/airflow/.local/lib/python3.6/site-packages/airflow/example_dags/example_branch_labels.py for tasks to queue
[2025-05-31 11:32:37,239] {logging_mixin.py:109} INFO - [2025-05-31 11:32:37,239] {dagbag.py:500} INFO - Filling up the DagBag from /home/airflow/.local/lib/python3.6/site-packages/airflow/example_dags/example_branch_labels.py
[2025-05-31 11:32:37,264] {processor.py:654} INFO - DAG(s) dict_keys(['example_branch_labels']) retrieved from /home/airflow/.local/lib/python3.6/site-packages/airflow/example_dags/example_branch_labels.py
[2025-05-31 11:32:37,275] {logging_mixin.py:109} INFO - [2025-05-31 11:32:37,275] {dag.py:2396} INFO - Sync 1 DAGs
[2025-05-31 11:32:37,293] {logging_mixin.py:109} INFO - [2025-05-31 11:32:37,293] {dag.py:2935} INFO - Setting next_dagrun for example_branch_labels to 2025-05-30 00:00:00+00:00
[2025-05-31 11:32:37,303] {processor.py:171} INFO - Processing /home/airflow/.local/lib/python3.6/site-packages/airflow/example_dags/example_branch_labels.py took 0.069 seconds
[2025-05-31 11:33:07,825] {processor.py:163} INFO - Started process (PID=17290) to work on /home/airflow/.local/lib/python3.6/site-packages/airflow/example_dags/example_branch_labels.py
[2025-05-31 11:33:07,826] {processor.py:642} INFO - Processing file /home/airflow/.local/lib/python3.6/site-packages/airflow/example_dags/example_branch_labels.py for tasks to queue
[2025-05-31 11:33:07,827] {logging_mixin.py:109} INFO - [2025-05-31 11:33:07,826] {dagbag.py:500} INFO - Filling up the DagBag from /home/airflow/.local/lib/python3.6/site-packages/airflow/example_dags/example_branch_labels.py
[2025-05-31 11:33:07,852] {processor.py:654} INFO - DAG(s) dict_keys(['example_branch_labels']) retrieved from /home/airflow/.local/lib/python3.6/site-packages/airflow/example_dags/example_branch_labels.py
[2025-05-31 11:33:07,863] {logging_mixin.py:109} INFO - [2025-05-31 11:33:07,863] {dag.py:2396} INFO - Sync 1 DAGs
[2025-05-31 11:33:07,881] {logging_mixin.py:109} INFO - [2025-05-31 11:33:07,881] {dag.py:2935} INFO - Setting next_dagrun for example_branch_labels to 2025-05-30 00:00:00+00:00
[2025-05-31 11:33:07,891] {processor.py:171} INFO - Processing /home/airflow/.local/lib/python3.6/site-packages/airflow/example_dags/example_branch_labels.py took 0.070 seconds
[2025-05-31 11:33:38,250] {processor.py:163} INFO - Started process (PID=17475) to work on /home/airflow/.local/lib/python3.6/site-packages/airflow/example_dags/example_branch_labels.py
[2025-05-31 11:33:38,251] {processor.py:642} INFO - Processing file /home/airflow/.local/lib/python3.6/site-packages/airflow/example_dags/example_branch_labels.py for tasks to queue
[2025-05-31 11:33:38,252] {logging_mixin.py:109} INFO - [2025-05-31 11:33:38,252] {dagbag.py:500} INFO - Filling up the DagBag from /home/airflow/.local/lib/python3.6/site-packages/airflow/example_dags/example_branch_labels.py
[2025-05-31 11:33:38,285] {processor.py:654} INFO - DAG(s) dict_keys(['example_branch_labels']) retrieved from /home/airflow/.local/lib/python3.6/site-packages/airflow/example_dags/example_branch_labels.py
[2025-05-31 11:33:38,297] {logging_mixin.py:109} INFO - [2025-05-31 11:33:38,296] {dag.py:2396} INFO - Sync 1 DAGs
[2025-05-31 11:33:38,315] {logging_mixin.py:109} INFO - [2025-05-31 11:33:38,315] {dag.py:2935} INFO - Setting next_dagrun for example_branch_labels to 2025-05-30 00:00:00+00:00
[2025-05-31 11:33:38,325] {processor.py:171} INFO - Processing /home/airflow/.local/lib/python3.6/site-packages/airflow/example_dags/example_branch_labels.py took 0.079 seconds
[2025-05-31 11:34:08,850] {processor.py:163} INFO - Started process (PID=17670) to work on /home/airflow/.local/lib/python3.6/site-packages/airflow/example_dags/example_branch_labels.py
[2025-05-31 11:34:08,853] {processor.py:642} INFO - Processing file /home/airflow/.local/lib/python3.6/site-packages/airflow/example_dags/example_branch_labels.py for tasks to queue
[2025-05-31 11:34:08,854] {logging_mixin.py:109} INFO - [2025-05-31 11:34:08,854] {dagbag.py:500} INFO - Filling up the DagBag from /home/airflow/.local/lib/python3.6/site-packages/airflow/example_dags/example_branch_labels.py
[2025-05-31 11:34:08,923] {processor.py:654} INFO - DAG(s) dict_keys(['example_branch_labels']) retrieved from /home/airflow/.local/lib/python3.6/site-packages/airflow/example_dags/example_branch_labels.py
[2025-05-31 11:34:08,943] {logging_mixin.py:109} INFO - [2025-05-31 11:34:08,943] {dag.py:2396} INFO - Sync 1 DAGs
[2025-05-31 11:34:08,980] {logging_mixin.py:109} INFO - [2025-05-31 11:34:08,980] {dag.py:2935} INFO - Setting next_dagrun for example_branch_labels to 2025-05-30 00:00:00+00:00
[2025-05-31 11:34:08,996] {processor.py:171} INFO - Processing /home/airflow/.local/lib/python3.6/site-packages/airflow/example_dags/example_branch_labels.py took 0.154 seconds
[2025-05-31 11:34:39,456] {processor.py:163} INFO - Started process (PID=17855) to work on /home/airflow/.local/lib/python3.6/site-packages/airflow/example_dags/example_branch_labels.py
[2025-05-31 11:34:39,458] {processor.py:642} INFO - Processing file /home/airflow/.local/lib/python3.6/site-packages/airflow/example_dags/example_branch_labels.py for tasks to queue
[2025-05-31 11:34:39,459] {logging_mixin.py:109} INFO - [2025-05-31 11:34:39,459] {dagbag.py:500} INFO - Filling up the DagBag from /home/airflow/.local/lib/python3.6/site-packages/airflow/example_dags/example_branch_labels.py
[2025-05-31 11:34:39,499] {processor.py:654} INFO - DAG(s) dict_keys(['example_branch_labels']) retrieved from /home/airflow/.local/lib/python3.6/site-packages/airflow/example_dags/example_branch_labels.py
[2025-05-31 11:34:39,515] {logging_mixin.py:109} INFO - [2025-05-31 11:34:39,514] {dag.py:2396} INFO - Sync 1 DAGs
[2025-05-31 11:34:39,538] {logging_mixin.py:109} INFO - [2025-05-31 11:34:39,538] {dag.py:2935} INFO - Setting next_dagrun for example_branch_labels to 2025-05-30 00:00:00+00:00
[2025-05-31 11:34:39,549] {processor.py:171} INFO - Processing /home/airflow/.local/lib/python3.6/site-packages/airflow/example_dags/example_branch_labels.py took 0.098 seconds
[2025-05-31 11:35:09,697] {processor.py:163} INFO - Started process (PID=18040) to work on /home/airflow/.local/lib/python3.6/site-packages/airflow/example_dags/example_branch_labels.py
[2025-05-31 11:35:09,698] {processor.py:642} INFO - Processing file /home/airflow/.local/lib/python3.6/site-packages/airflow/example_dags/example_branch_labels.py for tasks to queue
[2025-05-31 11:35:09,699] {logging_mixin.py:109} INFO - [2025-05-31 11:35:09,699] {dagbag.py:500} INFO - Filling up the DagBag from /home/airflow/.local/lib/python3.6/site-packages/airflow/example_dags/example_branch_labels.py
[2025-05-31 11:35:09,726] {processor.py:654} INFO - DAG(s) dict_keys(['example_branch_labels']) retrieved from /home/airflow/.local/lib/python3.6/site-packages/airflow/example_dags/example_branch_labels.py
[2025-05-31 11:35:09,736] {logging_mixin.py:109} INFO - [2025-05-31 11:35:09,736] {dag.py:2396} INFO - Sync 1 DAGs
[2025-05-31 11:35:09,754] {logging_mixin.py:109} INFO - [2025-05-31 11:35:09,754] {dag.py:2935} INFO - Setting next_dagrun for example_branch_labels to 2025-05-30 00:00:00+00:00
[2025-05-31 11:35:09,764] {processor.py:171} INFO - Processing /home/airflow/.local/lib/python3.6/site-packages/airflow/example_dags/example_branch_labels.py took 0.070 seconds
[2025-05-31 11:35:40,224] {processor.py:163} INFO - Started process (PID=18225) to work on /home/airflow/.local/lib/python3.6/site-packages/airflow/example_dags/example_branch_labels.py
[2025-05-31 11:35:40,225] {processor.py:642} INFO - Processing file /home/airflow/.local/lib/python3.6/site-packages/airflow/example_dags/example_branch_labels.py for tasks to queue
[2025-05-31 11:35:40,226] {logging_mixin.py:109} INFO - [2025-05-31 11:35:40,226] {dagbag.py:500} INFO - Filling up the DagBag from /home/airflow/.local/lib/python3.6/site-packages/airflow/example_dags/example_branch_labels.py
[2025-05-31 11:35:40,253] {processor.py:654} INFO - DAG(s) dict_keys(['example_branch_labels']) retrieved from /home/airflow/.local/lib/python3.6/site-packages/airflow/example_dags/example_branch_labels.py
[2025-05-31 11:35:40,263] {logging_mixin.py:109} INFO - [2025-05-31 11:35:40,263] {dag.py:2396} INFO - Sync 1 DAGs
[2025-05-31 11:35:40,282] {logging_mixin.py:109} INFO - [2025-05-31 11:35:40,282] {dag.py:2935} INFO - Setting next_dagrun for example_branch_labels to 2025-05-30 00:00:00+00:00
[2025-05-31 11:35:40,292] {processor.py:171} INFO - Processing /home/airflow/.local/lib/python3.6/site-packages/airflow/example_dags/example_branch_labels.py took 0.071 seconds
[2025-05-31 11:36:10,720] {processor.py:163} INFO - Started process (PID=18420) to work on /home/airflow/.local/lib/python3.6/site-packages/airflow/example_dags/example_branch_labels.py
[2025-05-31 11:36:10,722] {processor.py:642} INFO - Processing file /home/airflow/.local/lib/python3.6/site-packages/airflow/example_dags/example_branch_labels.py for tasks to queue
[2025-05-31 11:36:10,723] {logging_mixin.py:109} INFO - [2025-05-31 11:36:10,723] {dagbag.py:500} INFO - Filling up the DagBag from /home/airflow/.local/lib/python3.6/site-packages/airflow/example_dags/example_branch_labels.py
[2025-05-31 11:36:10,750] {processor.py:654} INFO - DAG(s) dict_keys(['example_branch_labels']) retrieved from /home/airflow/.local/lib/python3.6/site-packages/airflow/example_dags/example_branch_labels.py
[2025-05-31 11:36:10,761] {logging_mixin.py:109} INFO - [2025-05-31 11:36:10,760] {dag.py:2396} INFO - Sync 1 DAGs
[2025-05-31 11:36:10,779] {logging_mixin.py:109} INFO - [2025-05-31 11:36:10,779] {dag.py:2935} INFO - Setting next_dagrun for example_branch_labels to 2025-05-30 00:00:00+00:00
[2025-05-31 11:36:10,789] {processor.py:171} INFO - Processing /home/airflow/.local/lib/python3.6/site-packages/airflow/example_dags/example_branch_labels.py took 0.072 seconds
[2025-05-31 11:36:41,104] {processor.py:163} INFO - Started process (PID=18605) to work on /home/airflow/.local/lib/python3.6/site-packages/airflow/example_dags/example_branch_labels.py
[2025-05-31 11:36:41,105] {processor.py:642} INFO - Processing file /home/airflow/.local/lib/python3.6/site-packages/airflow/example_dags/example_branch_labels.py for tasks to queue
[2025-05-31 11:36:41,106] {logging_mixin.py:109} INFO - [2025-05-31 11:36:41,106] {dagbag.py:500} INFO - Filling up the DagBag from /home/airflow/.local/lib/python3.6/site-packages/airflow/example_dags/example_branch_labels.py
[2025-05-31 11:36:41,132] {processor.py:654} INFO - DAG(s) dict_keys(['example_branch_labels']) retrieved from /home/airflow/.local/lib/python3.6/site-packages/airflow/example_dags/example_branch_labels.py
[2025-05-31 11:36:41,143] {logging_mixin.py:109} INFO - [2025-05-31 11:36:41,143] {dag.py:2396} INFO - Sync 1 DAGs
[2025-05-31 11:36:41,163] {logging_mixin.py:109} INFO - [2025-05-31 11:36:41,163] {dag.py:2935} INFO - Setting next_dagrun for example_branch_labels to 2025-05-30 00:00:00+00:00
[2025-05-31 11:36:41,174] {processor.py:171} INFO - Processing /home/airflow/.local/lib/python3.6/site-packages/airflow/example_dags/example_branch_labels.py took 0.073 seconds
[2025-05-31 11:37:11,341] {processor.py:163} INFO - Started process (PID=18800) to work on /home/airflow/.local/lib/python3.6/site-packages/airflow/example_dags/example_branch_labels.py
[2025-05-31 11:37:11,342] {processor.py:642} INFO - Processing file /home/airflow/.local/lib/python3.6/site-packages/airflow/example_dags/example_branch_labels.py for tasks to queue
[2025-05-31 11:37:11,343] {logging_mixin.py:109} INFO - [2025-05-31 11:37:11,343] {dagbag.py:500} INFO - Filling up the DagBag from /home/airflow/.local/lib/python3.6/site-packages/airflow/example_dags/example_branch_labels.py
[2025-05-31 11:37:11,384] {processor.py:654} INFO - DAG(s) dict_keys(['example_branch_labels']) retrieved from /home/airflow/.local/lib/python3.6/site-packages/airflow/example_dags/example_branch_labels.py
[2025-05-31 11:37:11,401] {logging_mixin.py:109} INFO - [2025-05-31 11:37:11,400] {dag.py:2396} INFO - Sync 1 DAGs
[2025-05-31 11:37:11,427] {logging_mixin.py:109} INFO - [2025-05-31 11:37:11,427] {dag.py:2935} INFO - Setting next_dagrun for example_branch_labels to 2025-05-30 00:00:00+00:00
[2025-05-31 11:37:11,439] {processor.py:171} INFO - Processing /home/airflow/.local/lib/python3.6/site-packages/airflow/example_dags/example_branch_labels.py took 0.102 seconds
[2025-05-31 11:37:42,058] {processor.py:163} INFO - Started process (PID=18985) to work on /home/airflow/.local/lib/python3.6/site-packages/airflow/example_dags/example_branch_labels.py
[2025-05-31 11:37:42,059] {processor.py:642} INFO - Processing file /home/airflow/.local/lib/python3.6/site-packages/airflow/example_dags/example_branch_labels.py for tasks to queue
[2025-05-31 11:37:42,060] {logging_mixin.py:109} INFO - [2025-05-31 11:37:42,060] {dagbag.py:500} INFO - Filling up the DagBag from /home/airflow/.local/lib/python3.6/site-packages/airflow/example_dags/example_branch_labels.py
[2025-05-31 11:37:42,091] {processor.py:654} INFO - DAG(s) dict_keys(['example_branch_labels']) retrieved from /home/airflow/.local/lib/python3.6/site-packages/airflow/example_dags/example_branch_labels.py
[2025-05-31 11:37:42,103] {logging_mixin.py:109} INFO - [2025-05-31 11:37:42,102] {dag.py:2396} INFO - Sync 1 DAGs
[2025-05-31 11:37:42,122] {logging_mixin.py:109} INFO - [2025-05-31 11:37:42,121] {dag.py:2935} INFO - Setting next_dagrun for example_branch_labels to 2025-05-30 00:00:00+00:00
[2025-05-31 11:37:42,132] {processor.py:171} INFO - Processing /home/airflow/.local/lib/python3.6/site-packages/airflow/example_dags/example_branch_labels.py took 0.077 seconds
[2025-05-31 11:38:12,728] {processor.py:163} INFO - Started process (PID=19170) to work on /home/airflow/.local/lib/python3.6/site-packages/airflow/example_dags/example_branch_labels.py
[2025-05-31 11:38:12,729] {processor.py:642} INFO - Processing file /home/airflow/.local/lib/python3.6/site-packages/airflow/example_dags/example_branch_labels.py for tasks to queue
[2025-05-31 11:38:12,729] {logging_mixin.py:109} INFO - [2025-05-31 11:38:12,729] {dagbag.py:500} INFO - Filling up the DagBag from /home/airflow/.local/lib/python3.6/site-packages/airflow/example_dags/example_branch_labels.py
[2025-05-31 11:38:12,770] {processor.py:654} INFO - DAG(s) dict_keys(['example_branch_labels']) retrieved from /home/airflow/.local/lib/python3.6/site-packages/airflow/example_dags/example_branch_labels.py
[2025-05-31 11:38:12,781] {logging_mixin.py:109} INFO - [2025-05-31 11:38:12,781] {dag.py:2396} INFO - Sync 1 DAGs
[2025-05-31 11:38:12,800] {logging_mixin.py:109} INFO - [2025-05-31 11:38:12,800] {dag.py:2935} INFO - Setting next_dagrun for example_branch_labels to 2025-05-30 00:00:00+00:00
[2025-05-31 11:38:12,811] {processor.py:171} INFO - Processing /home/airflow/.local/lib/python3.6/site-packages/airflow/example_dags/example_branch_labels.py took 0.086 seconds
[2025-05-31 11:38:43,591] {processor.py:163} INFO - Started process (PID=19365) to work on /home/airflow/.local/lib/python3.6/site-packages/airflow/example_dags/example_branch_labels.py
[2025-05-31 11:38:43,593] {processor.py:642} INFO - Processing file /home/airflow/.local/lib/python3.6/site-packages/airflow/example_dags/example_branch_labels.py for tasks to queue
[2025-05-31 11:38:43,594] {logging_mixin.py:109} INFO - [2025-05-31 11:38:43,594] {dagbag.py:500} INFO - Filling up the DagBag from /home/airflow/.local/lib/python3.6/site-packages/airflow/example_dags/example_branch_labels.py
[2025-05-31 11:38:43,623] {processor.py:654} INFO - DAG(s) dict_keys(['example_branch_labels']) retrieved from /home/airflow/.local/lib/python3.6/site-packages/airflow/example_dags/example_branch_labels.py
[2025-05-31 11:38:43,635] {logging_mixin.py:109} INFO - [2025-05-31 11:38:43,635] {dag.py:2396} INFO - Sync 1 DAGs
[2025-05-31 11:38:43,655] {logging_mixin.py:109} INFO - [2025-05-31 11:38:43,655] {dag.py:2935} INFO - Setting next_dagrun for example_branch_labels to 2025-05-30 00:00:00+00:00
[2025-05-31 11:38:43,666] {processor.py:171} INFO - Processing /home/airflow/.local/lib/python3.6/site-packages/airflow/example_dags/example_branch_labels.py took 0.084 seconds
[2025-05-31 11:39:13,981] {processor.py:163} INFO - Started process (PID=19550) to work on /home/airflow/.local/lib/python3.6/site-packages/airflow/example_dags/example_branch_labels.py
[2025-05-31 11:39:13,982] {processor.py:642} INFO - Processing file /home/airflow/.local/lib/python3.6/site-packages/airflow/example_dags/example_branch_labels.py for tasks to queue
[2025-05-31 11:39:13,983] {logging_mixin.py:109} INFO - [2025-05-31 11:39:13,983] {dagbag.py:500} INFO - Filling up the DagBag from /home/airflow/.local/lib/python3.6/site-packages/airflow/example_dags/example_branch_labels.py
[2025-05-31 11:39:14,011] {processor.py:654} INFO - DAG(s) dict_keys(['example_branch_labels']) retrieved from /home/airflow/.local/lib/python3.6/site-packages/airflow/example_dags/example_branch_labels.py
[2025-05-31 11:39:14,022] {logging_mixin.py:109} INFO - [2025-05-31 11:39:14,022] {dag.py:2396} INFO - Sync 1 DAGs
[2025-05-31 11:39:14,040] {logging_mixin.py:109} INFO - [2025-05-31 11:39:14,040] {dag.py:2935} INFO - Setting next_dagrun for example_branch_labels to 2025-05-30 00:00:00+00:00
[2025-05-31 11:39:14,051] {processor.py:171} INFO - Processing /home/airflow/.local/lib/python3.6/site-packages/airflow/example_dags/example_branch_labels.py took 0.073 seconds
[2025-05-31 11:39:44,447] {processor.py:163} INFO - Started process (PID=19745) to work on /home/airflow/.local/lib/python3.6/site-packages/airflow/example_dags/example_branch_labels.py
[2025-05-31 11:39:44,448] {processor.py:642} INFO - Processing file /home/airflow/.local/lib/python3.6/site-packages/airflow/example_dags/example_branch_labels.py for tasks to queue
[2025-05-31 11:39:44,449] {logging_mixin.py:109} INFO - [2025-05-31 11:39:44,449] {dagbag.py:500} INFO - Filling up the DagBag from /home/airflow/.local/lib/python3.6/site-packages/airflow/example_dags/example_branch_labels.py
[2025-05-31 11:39:44,483] {processor.py:654} INFO - DAG(s) dict_keys(['example_branch_labels']) retrieved from /home/airflow/.local/lib/python3.6/site-packages/airflow/example_dags/example_branch_labels.py
[2025-05-31 11:39:44,497] {logging_mixin.py:109} INFO - [2025-05-31 11:39:44,497] {dag.py:2396} INFO - Sync 1 DAGs
[2025-05-31 11:39:44,516] {logging_mixin.py:109} INFO - [2025-05-31 11:39:44,516] {dag.py:2935} INFO - Setting next_dagrun for example_branch_labels to 2025-05-30 00:00:00+00:00
[2025-05-31 11:39:44,525] {processor.py:171} INFO - Processing /home/airflow/.local/lib/python3.6/site-packages/airflow/example_dags/example_branch_labels.py took 0.081 seconds
[2025-05-31 11:40:14,656] {processor.py:163} INFO - Started process (PID=19929) to work on /home/airflow/.local/lib/python3.6/site-packages/airflow/example_dags/example_branch_labels.py
[2025-05-31 11:40:14,657] {processor.py:642} INFO - Processing file /home/airflow/.local/lib/python3.6/site-packages/airflow/example_dags/example_branch_labels.py for tasks to queue
[2025-05-31 11:40:14,658] {logging_mixin.py:109} INFO - [2025-05-31 11:40:14,658] {dagbag.py:500} INFO - Filling up the DagBag from /home/airflow/.local/lib/python3.6/site-packages/airflow/example_dags/example_branch_labels.py
[2025-05-31 11:40:14,684] {processor.py:654} INFO - DAG(s) dict_keys(['example_branch_labels']) retrieved from /home/airflow/.local/lib/python3.6/site-packages/airflow/example_dags/example_branch_labels.py
[2025-05-31 11:40:14,695] {logging_mixin.py:109} INFO - [2025-05-31 11:40:14,695] {dag.py:2396} INFO - Sync 1 DAGs
[2025-05-31 11:40:14,713] {logging_mixin.py:109} INFO - [2025-05-31 11:40:14,713] {dag.py:2935} INFO - Setting next_dagrun for example_branch_labels to 2025-05-30 00:00:00+00:00
[2025-05-31 11:40:14,722] {processor.py:171} INFO - Processing /home/airflow/.local/lib/python3.6/site-packages/airflow/example_dags/example_branch_labels.py took 0.069 seconds
[2025-05-31 11:40:44,811] {processor.py:163} INFO - Started process (PID=20114) to work on /home/airflow/.local/lib/python3.6/site-packages/airflow/example_dags/example_branch_labels.py
[2025-05-31 11:40:44,812] {processor.py:642} INFO - Processing file /home/airflow/.local/lib/python3.6/site-packages/airflow/example_dags/example_branch_labels.py for tasks to queue
[2025-05-31 11:40:44,813] {logging_mixin.py:109} INFO - [2025-05-31 11:40:44,813] {dagbag.py:500} INFO - Filling up the DagBag from /home/airflow/.local/lib/python3.6/site-packages/airflow/example_dags/example_branch_labels.py
[2025-05-31 11:40:44,840] {processor.py:654} INFO - DAG(s) dict_keys(['example_branch_labels']) retrieved from /home/airflow/.local/lib/python3.6/site-packages/airflow/example_dags/example_branch_labels.py
[2025-05-31 11:40:44,851] {logging_mixin.py:109} INFO - [2025-05-31 11:40:44,851] {dag.py:2396} INFO - Sync 1 DAGs
[2025-05-31 11:40:44,870] {logging_mixin.py:109} INFO - [2025-05-31 11:40:44,870] {dag.py:2935} INFO - Setting next_dagrun for example_branch_labels to 2025-05-30 00:00:00+00:00
[2025-05-31 11:40:44,881] {processor.py:171} INFO - Processing /home/airflow/.local/lib/python3.6/site-packages/airflow/example_dags/example_branch_labels.py took 0.072 seconds
[2025-05-31 11:41:14,959] {processor.py:163} INFO - Started process (PID=20309) to work on /home/airflow/.local/lib/python3.6/site-packages/airflow/example_dags/example_branch_labels.py
[2025-05-31 11:41:14,960] {processor.py:642} INFO - Processing file /home/airflow/.local/lib/python3.6/site-packages/airflow/example_dags/example_branch_labels.py for tasks to queue
[2025-05-31 11:41:14,961] {logging_mixin.py:109} INFO - [2025-05-31 11:41:14,961] {dagbag.py:500} INFO - Filling up the DagBag from /home/airflow/.local/lib/python3.6/site-packages/airflow/example_dags/example_branch_labels.py
[2025-05-31 11:41:14,987] {processor.py:654} INFO - DAG(s) dict_keys(['example_branch_labels']) retrieved from /home/airflow/.local/lib/python3.6/site-packages/airflow/example_dags/example_branch_labels.py
[2025-05-31 11:41:14,998] {logging_mixin.py:109} INFO - [2025-05-31 11:41:14,998] {dag.py:2396} INFO - Sync 1 DAGs
[2025-05-31 11:41:15,015] {logging_mixin.py:109} INFO - [2025-05-31 11:41:15,015] {dag.py:2935} INFO - Setting next_dagrun for example_branch_labels to 2025-05-30 00:00:00+00:00
[2025-05-31 11:41:15,033] {processor.py:171} INFO - Processing /home/airflow/.local/lib/python3.6/site-packages/airflow/example_dags/example_branch_labels.py took 0.079 seconds
[2025-05-31 11:41:45,146] {processor.py:163} INFO - Started process (PID=20494) to work on /home/airflow/.local/lib/python3.6/site-packages/airflow/example_dags/example_branch_labels.py
[2025-05-31 11:41:45,148] {processor.py:642} INFO - Processing file /home/airflow/.local/lib/python3.6/site-packages/airflow/example_dags/example_branch_labels.py for tasks to queue
[2025-05-31 11:41:45,149] {logging_mixin.py:109} INFO - [2025-05-31 11:41:45,149] {dagbag.py:500} INFO - Filling up the DagBag from /home/airflow/.local/lib/python3.6/site-packages/airflow/example_dags/example_branch_labels.py
[2025-05-31 11:41:45,180] {processor.py:654} INFO - DAG(s) dict_keys(['example_branch_labels']) retrieved from /home/airflow/.local/lib/python3.6/site-packages/airflow/example_dags/example_branch_labels.py
[2025-05-31 11:41:45,192] {logging_mixin.py:109} INFO - [2025-05-31 11:41:45,192] {dag.py:2396} INFO - Sync 1 DAGs
[2025-05-31 11:41:45,213] {logging_mixin.py:109} INFO - [2025-05-31 11:41:45,213] {dag.py:2935} INFO - Setting next_dagrun for example_branch_labels to 2025-05-30 00:00:00+00:00
[2025-05-31 11:41:45,224] {processor.py:171} INFO - Processing /home/airflow/.local/lib/python3.6/site-packages/airflow/example_dags/example_branch_labels.py took 0.081 seconds
[2025-05-31 11:42:15,619] {processor.py:163} INFO - Started process (PID=20689) to work on /home/airflow/.local/lib/python3.6/site-packages/airflow/example_dags/example_branch_labels.py
[2025-05-31 11:42:15,621] {processor.py:642} INFO - Processing file /home/airflow/.local/lib/python3.6/site-packages/airflow/example_dags/example_branch_labels.py for tasks to queue
[2025-05-31 11:42:15,622] {logging_mixin.py:109} INFO - [2025-05-31 11:42:15,622] {dagbag.py:500} INFO - Filling up the DagBag from /home/airflow/.local/lib/python3.6/site-packages/airflow/example_dags/example_branch_labels.py
[2025-05-31 11:42:15,651] {processor.py:654} INFO - DAG(s) dict_keys(['example_branch_labels']) retrieved from /home/airflow/.local/lib/python3.6/site-packages/airflow/example_dags/example_branch_labels.py
[2025-05-31 11:42:15,664] {logging_mixin.py:109} INFO - [2025-05-31 11:42:15,664] {dag.py:2396} INFO - Sync 1 DAGs
[2025-05-31 11:42:15,686] {logging_mixin.py:109} INFO - [2025-05-31 11:42:15,686] {dag.py:2935} INFO - Setting next_dagrun for example_branch_labels to 2025-05-30 00:00:00+00:00
[2025-05-31 11:42:15,697] {processor.py:171} INFO - Processing /home/airflow/.local/lib/python3.6/site-packages/airflow/example_dags/example_branch_labels.py took 0.081 seconds
[2025-05-31 11:42:45,844] {processor.py:163} INFO - Started process (PID=20874) to work on /home/airflow/.local/lib/python3.6/site-packages/airflow/example_dags/example_branch_labels.py
[2025-05-31 11:42:45,845] {processor.py:642} INFO - Processing file /home/airflow/.local/lib/python3.6/site-packages/airflow/example_dags/example_branch_labels.py for tasks to queue
[2025-05-31 11:42:45,847] {logging_mixin.py:109} INFO - [2025-05-31 11:42:45,846] {dagbag.py:500} INFO - Filling up the DagBag from /home/airflow/.local/lib/python3.6/site-packages/airflow/example_dags/example_branch_labels.py
[2025-05-31 11:42:45,878] {processor.py:654} INFO - DAG(s) dict_keys(['example_branch_labels']) retrieved from /home/airflow/.local/lib/python3.6/site-packages/airflow/example_dags/example_branch_labels.py
[2025-05-31 11:42:45,894] {logging_mixin.py:109} INFO - [2025-05-31 11:42:45,894] {dag.py:2396} INFO - Sync 1 DAGs
[2025-05-31 11:42:45,918] {logging_mixin.py:109} INFO - [2025-05-31 11:42:45,918] {dag.py:2935} INFO - Setting next_dagrun for example_branch_labels to 2025-05-30 00:00:00+00:00
[2025-05-31 11:42:45,930] {processor.py:171} INFO - Processing /home/airflow/.local/lib/python3.6/site-packages/airflow/example_dags/example_branch_labels.py took 0.090 seconds
[2025-05-31 11:43:16,248] {processor.py:163} INFO - Started process (PID=21059) to work on /home/airflow/.local/lib/python3.6/site-packages/airflow/example_dags/example_branch_labels.py
[2025-05-31 11:43:16,250] {processor.py:642} INFO - Processing file /home/airflow/.local/lib/python3.6/site-packages/airflow/example_dags/example_branch_labels.py for tasks to queue
[2025-05-31 11:43:16,250] {logging_mixin.py:109} INFO - [2025-05-31 11:43:16,250] {dagbag.py:500} INFO - Filling up the DagBag from /home/airflow/.local/lib/python3.6/site-packages/airflow/example_dags/example_branch_labels.py
[2025-05-31 11:43:16,279] {processor.py:654} INFO - DAG(s) dict_keys(['example_branch_labels']) retrieved from /home/airflow/.local/lib/python3.6/site-packages/airflow/example_dags/example_branch_labels.py
[2025-05-31 11:43:16,290] {logging_mixin.py:109} INFO - [2025-05-31 11:43:16,290] {dag.py:2396} INFO - Sync 1 DAGs
[2025-05-31 11:43:16,311] {logging_mixin.py:109} INFO - [2025-05-31 11:43:16,311] {dag.py:2935} INFO - Setting next_dagrun for example_branch_labels to 2025-05-30 00:00:00+00:00
[2025-05-31 11:43:16,321] {processor.py:171} INFO - Processing /home/airflow/.local/lib/python3.6/site-packages/airflow/example_dags/example_branch_labels.py took 0.076 seconds
[2025-05-31 11:43:46,649] {processor.py:163} INFO - Started process (PID=21254) to work on /home/airflow/.local/lib/python3.6/site-packages/airflow/example_dags/example_branch_labels.py
[2025-05-31 11:43:46,651] {processor.py:642} INFO - Processing file /home/airflow/.local/lib/python3.6/site-packages/airflow/example_dags/example_branch_labels.py for tasks to queue
[2025-05-31 11:43:46,652] {logging_mixin.py:109} INFO - [2025-05-31 11:43:46,652] {dagbag.py:500} INFO - Filling up the DagBag from /home/airflow/.local/lib/python3.6/site-packages/airflow/example_dags/example_branch_labels.py
[2025-05-31 11:43:46,684] {processor.py:654} INFO - DAG(s) dict_keys(['example_branch_labels']) retrieved from /home/airflow/.local/lib/python3.6/site-packages/airflow/example_dags/example_branch_labels.py
[2025-05-31 11:43:46,702] {logging_mixin.py:109} INFO - [2025-05-31 11:43:46,702] {dag.py:2396} INFO - Sync 1 DAGs
[2025-05-31 11:43:46,728] {logging_mixin.py:109} INFO - [2025-05-31 11:43:46,727] {dag.py:2935} INFO - Setting next_dagrun for example_branch_labels to 2025-05-30 00:00:00+00:00
[2025-05-31 11:43:46,739] {processor.py:171} INFO - Processing /home/airflow/.local/lib/python3.6/site-packages/airflow/example_dags/example_branch_labels.py took 0.093 seconds
[2025-05-31 11:44:17,255] {processor.py:163} INFO - Started process (PID=21440) to work on /home/airflow/.local/lib/python3.6/site-packages/airflow/example_dags/example_branch_labels.py
[2025-05-31 11:44:17,256] {processor.py:642} INFO - Processing file /home/airflow/.local/lib/python3.6/site-packages/airflow/example_dags/example_branch_labels.py for tasks to queue
[2025-05-31 11:44:17,257] {logging_mixin.py:109} INFO - [2025-05-31 11:44:17,257] {dagbag.py:500} INFO - Filling up the DagBag from /home/airflow/.local/lib/python3.6/site-packages/airflow/example_dags/example_branch_labels.py
[2025-05-31 11:44:17,284] {processor.py:654} INFO - DAG(s) dict_keys(['example_branch_labels']) retrieved from /home/airflow/.local/lib/python3.6/site-packages/airflow/example_dags/example_branch_labels.py
[2025-05-31 11:44:17,295] {logging_mixin.py:109} INFO - [2025-05-31 11:44:17,295] {dag.py:2396} INFO - Sync 1 DAGs
[2025-05-31 11:44:17,313] {logging_mixin.py:109} INFO - [2025-05-31 11:44:17,313] {dag.py:2935} INFO - Setting next_dagrun for example_branch_labels to 2025-05-30 00:00:00+00:00
[2025-05-31 11:44:17,323] {processor.py:171} INFO - Processing /home/airflow/.local/lib/python3.6/site-packages/airflow/example_dags/example_branch_labels.py took 0.071 seconds
[2025-05-31 11:44:47,985] {processor.py:163} INFO - Started process (PID=21632) to work on /home/airflow/.local/lib/python3.6/site-packages/airflow/example_dags/example_branch_labels.py
[2025-05-31 11:44:47,987] {processor.py:642} INFO - Processing file /home/airflow/.local/lib/python3.6/site-packages/airflow/example_dags/example_branch_labels.py for tasks to queue
[2025-05-31 11:44:47,988] {logging_mixin.py:109} INFO - [2025-05-31 11:44:47,988] {dagbag.py:500} INFO - Filling up the DagBag from /home/airflow/.local/lib/python3.6/site-packages/airflow/example_dags/example_branch_labels.py
[2025-05-31 11:44:48,017] {processor.py:654} INFO - DAG(s) dict_keys(['example_branch_labels']) retrieved from /home/airflow/.local/lib/python3.6/site-packages/airflow/example_dags/example_branch_labels.py
[2025-05-31 11:44:48,029] {logging_mixin.py:109} INFO - [2025-05-31 11:44:48,029] {dag.py:2396} INFO - Sync 1 DAGs
[2025-05-31 11:44:48,050] {logging_mixin.py:109} INFO - [2025-05-31 11:44:48,050] {dag.py:2935} INFO - Setting next_dagrun for example_branch_labels to 2025-05-30 00:00:00+00:00
[2025-05-31 11:44:48,069] {processor.py:171} INFO - Processing /home/airflow/.local/lib/python3.6/site-packages/airflow/example_dags/example_branch_labels.py took 0.088 seconds
[2025-05-31 11:45:18,619] {processor.py:163} INFO - Started process (PID=21820) to work on /home/airflow/.local/lib/python3.6/site-packages/airflow/example_dags/example_branch_labels.py
[2025-05-31 11:45:18,620] {processor.py:642} INFO - Processing file /home/airflow/.local/lib/python3.6/site-packages/airflow/example_dags/example_branch_labels.py for tasks to queue
[2025-05-31 11:45:18,621] {logging_mixin.py:109} INFO - [2025-05-31 11:45:18,621] {dagbag.py:500} INFO - Filling up the DagBag from /home/airflow/.local/lib/python3.6/site-packages/airflow/example_dags/example_branch_labels.py
[2025-05-31 11:45:18,648] {processor.py:654} INFO - DAG(s) dict_keys(['example_branch_labels']) retrieved from /home/airflow/.local/lib/python3.6/site-packages/airflow/example_dags/example_branch_labels.py
[2025-05-31 11:45:18,658] {logging_mixin.py:109} INFO - [2025-05-31 11:45:18,658] {dag.py:2396} INFO - Sync 1 DAGs
[2025-05-31 11:45:18,676] {logging_mixin.py:109} INFO - [2025-05-31 11:45:18,676] {dag.py:2935} INFO - Setting next_dagrun for example_branch_labels to 2025-05-30 00:00:00+00:00
[2025-05-31 11:45:18,689] {processor.py:171} INFO - Processing /home/airflow/.local/lib/python3.6/site-packages/airflow/example_dags/example_branch_labels.py took 0.073 seconds
[2025-05-31 11:45:48,784] {processor.py:163} INFO - Started process (PID=22005) to work on /home/airflow/.local/lib/python3.6/site-packages/airflow/example_dags/example_branch_labels.py
[2025-05-31 11:45:48,785] {processor.py:642} INFO - Processing file /home/airflow/.local/lib/python3.6/site-packages/airflow/example_dags/example_branch_labels.py for tasks to queue
[2025-05-31 11:45:48,786] {logging_mixin.py:109} INFO - [2025-05-31 11:45:48,786] {dagbag.py:500} INFO - Filling up the DagBag from /home/airflow/.local/lib/python3.6/site-packages/airflow/example_dags/example_branch_labels.py
[2025-05-31 11:45:48,813] {processor.py:654} INFO - DAG(s) dict_keys(['example_branch_labels']) retrieved from /home/airflow/.local/lib/python3.6/site-packages/airflow/example_dags/example_branch_labels.py
[2025-05-31 11:45:48,824] {logging_mixin.py:109} INFO - [2025-05-31 11:45:48,824] {dag.py:2396} INFO - Sync 1 DAGs
[2025-05-31 11:45:48,842] {logging_mixin.py:109} INFO - [2025-05-31 11:45:48,842] {dag.py:2935} INFO - Setting next_dagrun for example_branch_labels to 2025-05-30 00:00:00+00:00
[2025-05-31 11:45:48,852] {processor.py:171} INFO - Processing /home/airflow/.local/lib/python3.6/site-packages/airflow/example_dags/example_branch_labels.py took 0.071 seconds
[2025-05-31 11:46:19,537] {processor.py:163} INFO - Started process (PID=22200) to work on /home/airflow/.local/lib/python3.6/site-packages/airflow/example_dags/example_branch_labels.py
[2025-05-31 11:46:19,538] {processor.py:642} INFO - Processing file /home/airflow/.local/lib/python3.6/site-packages/airflow/example_dags/example_branch_labels.py for tasks to queue
[2025-05-31 11:46:19,539] {logging_mixin.py:109} INFO - [2025-05-31 11:46:19,539] {dagbag.py:500} INFO - Filling up the DagBag from /home/airflow/.local/lib/python3.6/site-packages/airflow/example_dags/example_branch_labels.py
[2025-05-31 11:46:19,572] {processor.py:654} INFO - DAG(s) dict_keys(['example_branch_labels']) retrieved from /home/airflow/.local/lib/python3.6/site-packages/airflow/example_dags/example_branch_labels.py
[2025-05-31 11:46:19,586] {logging_mixin.py:109} INFO - [2025-05-31 11:46:19,586] {dag.py:2396} INFO - Sync 1 DAGs
[2025-05-31 11:46:19,609] {logging_mixin.py:109} INFO - [2025-05-31 11:46:19,609] {dag.py:2935} INFO - Setting next_dagrun for example_branch_labels to 2025-05-30 00:00:00+00:00
[2025-05-31 11:46:19,622] {processor.py:171} INFO - Processing /home/airflow/.local/lib/python3.6/site-packages/airflow/example_dags/example_branch_labels.py took 0.089 seconds
[2025-05-31 11:46:49,659] {processor.py:163} INFO - Started process (PID=22385) to work on /home/airflow/.local/lib/python3.6/site-packages/airflow/example_dags/example_branch_labels.py
[2025-05-31 11:46:49,661] {processor.py:642} INFO - Processing file /home/airflow/.local/lib/python3.6/site-packages/airflow/example_dags/example_branch_labels.py for tasks to queue
[2025-05-31 11:46:49,662] {logging_mixin.py:109} INFO - [2025-05-31 11:46:49,661] {dagbag.py:500} INFO - Filling up the DagBag from /home/airflow/.local/lib/python3.6/site-packages/airflow/example_dags/example_branch_labels.py
[2025-05-31 11:46:49,690] {processor.py:654} INFO - DAG(s) dict_keys(['example_branch_labels']) retrieved from /home/airflow/.local/lib/python3.6/site-packages/airflow/example_dags/example_branch_labels.py
[2025-05-31 11:46:49,702] {logging_mixin.py:109} INFO - [2025-05-31 11:46:49,702] {dag.py:2396} INFO - Sync 1 DAGs
[2025-05-31 11:46:49,722] {logging_mixin.py:109} INFO - [2025-05-31 11:46:49,721] {dag.py:2935} INFO - Setting next_dagrun for example_branch_labels to 2025-05-30 00:00:00+00:00
[2025-05-31 11:46:49,732] {processor.py:171} INFO - Processing /home/airflow/.local/lib/python3.6/site-packages/airflow/example_dags/example_branch_labels.py took 0.076 seconds
[2025-05-31 11:47:19,844] {processor.py:163} INFO - Started process (PID=22570) to work on /home/airflow/.local/lib/python3.6/site-packages/airflow/example_dags/example_branch_labels.py
[2025-05-31 11:47:19,846] {processor.py:642} INFO - Processing file /home/airflow/.local/lib/python3.6/site-packages/airflow/example_dags/example_branch_labels.py for tasks to queue
[2025-05-31 11:47:19,847] {logging_mixin.py:109} INFO - [2025-05-31 11:47:19,847] {dagbag.py:500} INFO - Filling up the DagBag from /home/airflow/.local/lib/python3.6/site-packages/airflow/example_dags/example_branch_labels.py
[2025-05-31 11:47:19,882] {processor.py:654} INFO - DAG(s) dict_keys(['example_branch_labels']) retrieved from /home/airflow/.local/lib/python3.6/site-packages/airflow/example_dags/example_branch_labels.py
[2025-05-31 11:47:19,897] {logging_mixin.py:109} INFO - [2025-05-31 11:47:19,897] {dag.py:2396} INFO - Sync 1 DAGs
[2025-05-31 11:47:19,921] {logging_mixin.py:109} INFO - [2025-05-31 11:47:19,921] {dag.py:2935} INFO - Setting next_dagrun for example_branch_labels to 2025-05-30 00:00:00+00:00
[2025-05-31 11:47:19,931] {processor.py:171} INFO - Processing /home/airflow/.local/lib/python3.6/site-packages/airflow/example_dags/example_branch_labels.py took 0.091 seconds
[2025-05-31 11:47:50,343] {processor.py:163} INFO - Started process (PID=22765) to work on /home/airflow/.local/lib/python3.6/site-packages/airflow/example_dags/example_branch_labels.py
[2025-05-31 11:47:50,344] {processor.py:642} INFO - Processing file /home/airflow/.local/lib/python3.6/site-packages/airflow/example_dags/example_branch_labels.py for tasks to queue
[2025-05-31 11:47:50,345] {logging_mixin.py:109} INFO - [2025-05-31 11:47:50,345] {dagbag.py:500} INFO - Filling up the DagBag from /home/airflow/.local/lib/python3.6/site-packages/airflow/example_dags/example_branch_labels.py
[2025-05-31 11:47:50,382] {processor.py:654} INFO - DAG(s) dict_keys(['example_branch_labels']) retrieved from /home/airflow/.local/lib/python3.6/site-packages/airflow/example_dags/example_branch_labels.py
[2025-05-31 11:47:50,397] {logging_mixin.py:109} INFO - [2025-05-31 11:47:50,397] {dag.py:2396} INFO - Sync 1 DAGs
[2025-05-31 11:47:50,423] {logging_mixin.py:109} INFO - [2025-05-31 11:47:50,423] {dag.py:2935} INFO - Setting next_dagrun for example_branch_labels to 2025-05-30 00:00:00+00:00
[2025-05-31 11:47:50,436] {processor.py:171} INFO - Processing /home/airflow/.local/lib/python3.6/site-packages/airflow/example_dags/example_branch_labels.py took 0.097 seconds
[2025-05-31 11:48:20,501] {processor.py:163} INFO - Started process (PID=22950) to work on /home/airflow/.local/lib/python3.6/site-packages/airflow/example_dags/example_branch_labels.py
[2025-05-31 11:48:20,503] {processor.py:642} INFO - Processing file /home/airflow/.local/lib/python3.6/site-packages/airflow/example_dags/example_branch_labels.py for tasks to queue
[2025-05-31 11:48:20,504] {logging_mixin.py:109} INFO - [2025-05-31 11:48:20,504] {dagbag.py:500} INFO - Filling up the DagBag from /home/airflow/.local/lib/python3.6/site-packages/airflow/example_dags/example_branch_labels.py
[2025-05-31 11:48:20,534] {processor.py:654} INFO - DAG(s) dict_keys(['example_branch_labels']) retrieved from /home/airflow/.local/lib/python3.6/site-packages/airflow/example_dags/example_branch_labels.py
[2025-05-31 11:48:20,547] {logging_mixin.py:109} INFO - [2025-05-31 11:48:20,547] {dag.py:2396} INFO - Sync 1 DAGs
[2025-05-31 11:48:20,566] {logging_mixin.py:109} INFO - [2025-05-31 11:48:20,566] {dag.py:2935} INFO - Setting next_dagrun for example_branch_labels to 2025-05-30 00:00:00+00:00
[2025-05-31 11:48:20,577] {processor.py:171} INFO - Processing /home/airflow/.local/lib/python3.6/site-packages/airflow/example_dags/example_branch_labels.py took 0.079 seconds
[2025-05-31 11:48:51,198] {processor.py:163} INFO - Started process (PID=23135) to work on /home/airflow/.local/lib/python3.6/site-packages/airflow/example_dags/example_branch_labels.py
[2025-05-31 11:48:51,199] {processor.py:642} INFO - Processing file /home/airflow/.local/lib/python3.6/site-packages/airflow/example_dags/example_branch_labels.py for tasks to queue
[2025-05-31 11:48:51,200] {logging_mixin.py:109} INFO - [2025-05-31 11:48:51,200] {dagbag.py:500} INFO - Filling up the DagBag from /home/airflow/.local/lib/python3.6/site-packages/airflow/example_dags/example_branch_labels.py
[2025-05-31 11:48:51,226] {processor.py:654} INFO - DAG(s) dict_keys(['example_branch_labels']) retrieved from /home/airflow/.local/lib/python3.6/site-packages/airflow/example_dags/example_branch_labels.py
[2025-05-31 11:48:51,237] {logging_mixin.py:109} INFO - [2025-05-31 11:48:51,237] {dag.py:2396} INFO - Sync 1 DAGs
[2025-05-31 11:48:51,256] {logging_mixin.py:109} INFO - [2025-05-31 11:48:51,256] {dag.py:2935} INFO - Setting next_dagrun for example_branch_labels to 2025-05-30 00:00:00+00:00
[2025-05-31 11:48:51,267] {processor.py:171} INFO - Processing /home/airflow/.local/lib/python3.6/site-packages/airflow/example_dags/example_branch_labels.py took 0.072 seconds
[2025-05-31 11:49:21,423] {processor.py:163} INFO - Started process (PID=23330) to work on /home/airflow/.local/lib/python3.6/site-packages/airflow/example_dags/example_branch_labels.py
[2025-05-31 11:49:21,424] {processor.py:642} INFO - Processing file /home/airflow/.local/lib/python3.6/site-packages/airflow/example_dags/example_branch_labels.py for tasks to queue
[2025-05-31 11:49:21,425] {logging_mixin.py:109} INFO - [2025-05-31 11:49:21,425] {dagbag.py:500} INFO - Filling up the DagBag from /home/airflow/.local/lib/python3.6/site-packages/airflow/example_dags/example_branch_labels.py
[2025-05-31 11:49:21,451] {processor.py:654} INFO - DAG(s) dict_keys(['example_branch_labels']) retrieved from /home/airflow/.local/lib/python3.6/site-packages/airflow/example_dags/example_branch_labels.py
[2025-05-31 11:49:21,462] {logging_mixin.py:109} INFO - [2025-05-31 11:49:21,461] {dag.py:2396} INFO - Sync 1 DAGs
[2025-05-31 11:49:21,481] {logging_mixin.py:109} INFO - [2025-05-31 11:49:21,481] {dag.py:2935} INFO - Setting next_dagrun for example_branch_labels to 2025-05-30 00:00:00+00:00
[2025-05-31 11:49:21,490] {processor.py:171} INFO - Processing /home/airflow/.local/lib/python3.6/site-packages/airflow/example_dags/example_branch_labels.py took 0.070 seconds
[2025-05-31 11:49:52,065] {processor.py:163} INFO - Started process (PID=23515) to work on /home/airflow/.local/lib/python3.6/site-packages/airflow/example_dags/example_branch_labels.py
[2025-05-31 11:49:52,066] {processor.py:642} INFO - Processing file /home/airflow/.local/lib/python3.6/site-packages/airflow/example_dags/example_branch_labels.py for tasks to queue
[2025-05-31 11:49:52,067] {logging_mixin.py:109} INFO - [2025-05-31 11:49:52,067] {dagbag.py:500} INFO - Filling up the DagBag from /home/airflow/.local/lib/python3.6/site-packages/airflow/example_dags/example_branch_labels.py
[2025-05-31 11:49:52,097] {processor.py:654} INFO - DAG(s) dict_keys(['example_branch_labels']) retrieved from /home/airflow/.local/lib/python3.6/site-packages/airflow/example_dags/example_branch_labels.py
[2025-05-31 11:49:52,108] {logging_mixin.py:109} INFO - [2025-05-31 11:49:52,108] {dag.py:2396} INFO - Sync 1 DAGs
[2025-05-31 11:49:52,129] {logging_mixin.py:109} INFO - [2025-05-31 11:49:52,129] {dag.py:2935} INFO - Setting next_dagrun for example_branch_labels to 2025-05-30 00:00:00+00:00
[2025-05-31 11:49:52,139] {processor.py:171} INFO - Processing /home/airflow/.local/lib/python3.6/site-packages/airflow/example_dags/example_branch_labels.py took 0.078 seconds
[2025-05-31 11:50:22,231] {processor.py:163} INFO - Started process (PID=23710) to work on /home/airflow/.local/lib/python3.6/site-packages/airflow/example_dags/example_branch_labels.py
[2025-05-31 11:50:22,233] {processor.py:642} INFO - Processing file /home/airflow/.local/lib/python3.6/site-packages/airflow/example_dags/example_branch_labels.py for tasks to queue
[2025-05-31 11:50:22,234] {logging_mixin.py:109} INFO - [2025-05-31 11:50:22,234] {dagbag.py:500} INFO - Filling up the DagBag from /home/airflow/.local/lib/python3.6/site-packages/airflow/example_dags/example_branch_labels.py
[2025-05-31 11:50:22,276] {processor.py:654} INFO - DAG(s) dict_keys(['example_branch_labels']) retrieved from /home/airflow/.local/lib/python3.6/site-packages/airflow/example_dags/example_branch_labels.py
[2025-05-31 11:50:22,290] {logging_mixin.py:109} INFO - [2025-05-31 11:50:22,289] {dag.py:2396} INFO - Sync 1 DAGs
[2025-05-31 11:50:22,313] {logging_mixin.py:109} INFO - [2025-05-31 11:50:22,313] {dag.py:2935} INFO - Setting next_dagrun for example_branch_labels to 2025-05-30 00:00:00+00:00
[2025-05-31 11:50:22,324] {processor.py:171} INFO - Processing /home/airflow/.local/lib/python3.6/site-packages/airflow/example_dags/example_branch_labels.py took 0.097 seconds
[2025-05-31 11:50:52,519] {processor.py:163} INFO - Started process (PID=23895) to work on /home/airflow/.local/lib/python3.6/site-packages/airflow/example_dags/example_branch_labels.py
[2025-05-31 11:50:52,521] {processor.py:642} INFO - Processing file /home/airflow/.local/lib/python3.6/site-packages/airflow/example_dags/example_branch_labels.py for tasks to queue
[2025-05-31 11:50:52,522] {logging_mixin.py:109} INFO - [2025-05-31 11:50:52,522] {dagbag.py:500} INFO - Filling up the DagBag from /home/airflow/.local/lib/python3.6/site-packages/airflow/example_dags/example_branch_labels.py
[2025-05-31 11:50:52,564] {processor.py:654} INFO - DAG(s) dict_keys(['example_branch_labels']) retrieved from /home/airflow/.local/lib/python3.6/site-packages/airflow/example_dags/example_branch_labels.py
[2025-05-31 11:50:52,583] {logging_mixin.py:109} INFO - [2025-05-31 11:50:52,582] {dag.py:2396} INFO - Sync 1 DAGs
[2025-05-31 11:50:52,614] {logging_mixin.py:109} INFO - [2025-05-31 11:50:52,613] {dag.py:2935} INFO - Setting next_dagrun for example_branch_labels to 2025-05-30 00:00:00+00:00
[2025-05-31 11:50:52,627] {processor.py:171} INFO - Processing /home/airflow/.local/lib/python3.6/site-packages/airflow/example_dags/example_branch_labels.py took 0.113 seconds
[2025-05-31 11:51:23,316] {processor.py:163} INFO - Started process (PID=24075) to work on /home/airflow/.local/lib/python3.6/site-packages/airflow/example_dags/example_branch_labels.py
[2025-05-31 11:51:23,317] {processor.py:642} INFO - Processing file /home/airflow/.local/lib/python3.6/site-packages/airflow/example_dags/example_branch_labels.py for tasks to queue
[2025-05-31 11:51:23,318] {logging_mixin.py:109} INFO - [2025-05-31 11:51:23,318] {dagbag.py:500} INFO - Filling up the DagBag from /home/airflow/.local/lib/python3.6/site-packages/airflow/example_dags/example_branch_labels.py
[2025-05-31 11:51:23,347] {processor.py:654} INFO - DAG(s) dict_keys(['example_branch_labels']) retrieved from /home/airflow/.local/lib/python3.6/site-packages/airflow/example_dags/example_branch_labels.py
[2025-05-31 11:51:23,359] {logging_mixin.py:109} INFO - [2025-05-31 11:51:23,359] {dag.py:2396} INFO - Sync 1 DAGs
[2025-05-31 11:51:23,379] {logging_mixin.py:109} INFO - [2025-05-31 11:51:23,379] {dag.py:2935} INFO - Setting next_dagrun for example_branch_labels to 2025-05-30 00:00:00+00:00
[2025-05-31 11:51:23,391] {processor.py:171} INFO - Processing /home/airflow/.local/lib/python3.6/site-packages/airflow/example_dags/example_branch_labels.py took 0.078 seconds
[2025-05-31 11:51:54,182] {processor.py:163} INFO - Started process (PID=24269) to work on /home/airflow/.local/lib/python3.6/site-packages/airflow/example_dags/example_branch_labels.py
[2025-05-31 11:51:54,184] {processor.py:642} INFO - Processing file /home/airflow/.local/lib/python3.6/site-packages/airflow/example_dags/example_branch_labels.py for tasks to queue
[2025-05-31 11:51:54,185] {logging_mixin.py:109} INFO - [2025-05-31 11:51:54,185] {dagbag.py:500} INFO - Filling up the DagBag from /home/airflow/.local/lib/python3.6/site-packages/airflow/example_dags/example_branch_labels.py
[2025-05-31 11:51:54,222] {processor.py:654} INFO - DAG(s) dict_keys(['example_branch_labels']) retrieved from /home/airflow/.local/lib/python3.6/site-packages/airflow/example_dags/example_branch_labels.py
[2025-05-31 11:51:54,237] {logging_mixin.py:109} INFO - [2025-05-31 11:51:54,237] {dag.py:2396} INFO - Sync 1 DAGs
[2025-05-31 11:51:54,264] {logging_mixin.py:109} INFO - [2025-05-31 11:51:54,264] {dag.py:2935} INFO - Setting next_dagrun for example_branch_labels to 2025-05-30 00:00:00+00:00
[2025-05-31 11:51:54,277] {processor.py:171} INFO - Processing /home/airflow/.local/lib/python3.6/site-packages/airflow/example_dags/example_branch_labels.py took 0.099 seconds
[2025-05-31 11:52:24,856] {processor.py:163} INFO - Started process (PID=24454) to work on /home/airflow/.local/lib/python3.6/site-packages/airflow/example_dags/example_branch_labels.py
[2025-05-31 11:52:24,858] {processor.py:642} INFO - Processing file /home/airflow/.local/lib/python3.6/site-packages/airflow/example_dags/example_branch_labels.py for tasks to queue
[2025-05-31 11:52:24,859] {logging_mixin.py:109} INFO - [2025-05-31 11:52:24,859] {dagbag.py:500} INFO - Filling up the DagBag from /home/airflow/.local/lib/python3.6/site-packages/airflow/example_dags/example_branch_labels.py
[2025-05-31 11:52:24,891] {processor.py:654} INFO - DAG(s) dict_keys(['example_branch_labels']) retrieved from /home/airflow/.local/lib/python3.6/site-packages/airflow/example_dags/example_branch_labels.py
[2025-05-31 11:52:24,904] {logging_mixin.py:109} INFO - [2025-05-31 11:52:24,904] {dag.py:2396} INFO - Sync 1 DAGs
[2025-05-31 11:52:24,927] {logging_mixin.py:109} INFO - [2025-05-31 11:52:24,926] {dag.py:2935} INFO - Setting next_dagrun for example_branch_labels to 2025-05-30 00:00:00+00:00
[2025-05-31 11:52:24,938] {processor.py:171} INFO - Processing /home/airflow/.local/lib/python3.6/site-packages/airflow/example_dags/example_branch_labels.py took 0.084 seconds
[2025-05-31 11:52:55,679] {processor.py:163} INFO - Started process (PID=24649) to work on /home/airflow/.local/lib/python3.6/site-packages/airflow/example_dags/example_branch_labels.py
[2025-05-31 11:52:55,680] {processor.py:642} INFO - Processing file /home/airflow/.local/lib/python3.6/site-packages/airflow/example_dags/example_branch_labels.py for tasks to queue
[2025-05-31 11:52:55,682] {logging_mixin.py:109} INFO - [2025-05-31 11:52:55,682] {dagbag.py:500} INFO - Filling up the DagBag from /home/airflow/.local/lib/python3.6/site-packages/airflow/example_dags/example_branch_labels.py
[2025-05-31 11:52:55,722] {processor.py:654} INFO - DAG(s) dict_keys(['example_branch_labels']) retrieved from /home/airflow/.local/lib/python3.6/site-packages/airflow/example_dags/example_branch_labels.py
[2025-05-31 11:52:55,738] {logging_mixin.py:109} INFO - [2025-05-31 11:52:55,738] {dag.py:2396} INFO - Sync 1 DAGs
[2025-05-31 11:52:55,766] {logging_mixin.py:109} INFO - [2025-05-31 11:52:55,766] {dag.py:2935} INFO - Setting next_dagrun for example_branch_labels to 2025-05-30 00:00:00+00:00
[2025-05-31 11:52:55,782] {processor.py:171} INFO - Processing /home/airflow/.local/lib/python3.6/site-packages/airflow/example_dags/example_branch_labels.py took 0.107 seconds
[2025-05-31 11:53:26,016] {processor.py:163} INFO - Started process (PID=24834) to work on /home/airflow/.local/lib/python3.6/site-packages/airflow/example_dags/example_branch_labels.py
[2025-05-31 11:53:26,017] {processor.py:642} INFO - Processing file /home/airflow/.local/lib/python3.6/site-packages/airflow/example_dags/example_branch_labels.py for tasks to queue
[2025-05-31 11:53:26,018] {logging_mixin.py:109} INFO - [2025-05-31 11:53:26,018] {dagbag.py:500} INFO - Filling up the DagBag from /home/airflow/.local/lib/python3.6/site-packages/airflow/example_dags/example_branch_labels.py
[2025-05-31 11:53:26,045] {processor.py:654} INFO - DAG(s) dict_keys(['example_branch_labels']) retrieved from /home/airflow/.local/lib/python3.6/site-packages/airflow/example_dags/example_branch_labels.py
[2025-05-31 11:53:26,056] {logging_mixin.py:109} INFO - [2025-05-31 11:53:26,055] {dag.py:2396} INFO - Sync 1 DAGs
[2025-05-31 11:53:26,073] {logging_mixin.py:109} INFO - [2025-05-31 11:53:26,073] {dag.py:2935} INFO - Setting next_dagrun for example_branch_labels to 2025-05-30 00:00:00+00:00
[2025-05-31 11:53:26,090] {processor.py:171} INFO - Processing /home/airflow/.local/lib/python3.6/site-packages/airflow/example_dags/example_branch_labels.py took 0.077 seconds
[2025-05-31 11:53:56,283] {processor.py:163} INFO - Started process (PID=25019) to work on /home/airflow/.local/lib/python3.6/site-packages/airflow/example_dags/example_branch_labels.py
[2025-05-31 11:53:56,284] {processor.py:642} INFO - Processing file /home/airflow/.local/lib/python3.6/site-packages/airflow/example_dags/example_branch_labels.py for tasks to queue
[2025-05-31 11:53:56,285] {logging_mixin.py:109} INFO - [2025-05-31 11:53:56,285] {dagbag.py:500} INFO - Filling up the DagBag from /home/airflow/.local/lib/python3.6/site-packages/airflow/example_dags/example_branch_labels.py
[2025-05-31 11:53:56,316] {processor.py:654} INFO - DAG(s) dict_keys(['example_branch_labels']) retrieved from /home/airflow/.local/lib/python3.6/site-packages/airflow/example_dags/example_branch_labels.py
[2025-05-31 11:53:56,328] {logging_mixin.py:109} INFO - [2025-05-31 11:53:56,328] {dag.py:2396} INFO - Sync 1 DAGs
[2025-05-31 11:53:56,348] {logging_mixin.py:109} INFO - [2025-05-31 11:53:56,348] {dag.py:2935} INFO - Setting next_dagrun for example_branch_labels to 2025-05-30 00:00:00+00:00
[2025-05-31 11:53:56,359] {processor.py:171} INFO - Processing /home/airflow/.local/lib/python3.6/site-packages/airflow/example_dags/example_branch_labels.py took 0.079 seconds
[2025-05-31 11:54:27,034] {processor.py:163} INFO - Started process (PID=25214) to work on /home/airflow/.local/lib/python3.6/site-packages/airflow/example_dags/example_branch_labels.py
[2025-05-31 11:54:27,036] {processor.py:642} INFO - Processing file /home/airflow/.local/lib/python3.6/site-packages/airflow/example_dags/example_branch_labels.py for tasks to queue
[2025-05-31 11:54:27,037] {logging_mixin.py:109} INFO - [2025-05-31 11:54:27,036] {dagbag.py:500} INFO - Filling up the DagBag from /home/airflow/.local/lib/python3.6/site-packages/airflow/example_dags/example_branch_labels.py
[2025-05-31 11:54:27,067] {processor.py:654} INFO - DAG(s) dict_keys(['example_branch_labels']) retrieved from /home/airflow/.local/lib/python3.6/site-packages/airflow/example_dags/example_branch_labels.py
[2025-05-31 11:54:27,080] {logging_mixin.py:109} INFO - [2025-05-31 11:54:27,080] {dag.py:2396} INFO - Sync 1 DAGs
[2025-05-31 11:54:27,103] {logging_mixin.py:109} INFO - [2025-05-31 11:54:27,103] {dag.py:2935} INFO - Setting next_dagrun for example_branch_labels to 2025-05-30 00:00:00+00:00
[2025-05-31 11:54:27,115] {processor.py:171} INFO - Processing /home/airflow/.local/lib/python3.6/site-packages/airflow/example_dags/example_branch_labels.py took 0.084 seconds
[2025-05-31 11:54:57,204] {processor.py:163} INFO - Started process (PID=25389) to work on /home/airflow/.local/lib/python3.6/site-packages/airflow/example_dags/example_branch_labels.py
[2025-05-31 11:54:57,205] {processor.py:642} INFO - Processing file /home/airflow/.local/lib/python3.6/site-packages/airflow/example_dags/example_branch_labels.py for tasks to queue
[2025-05-31 11:54:57,206] {logging_mixin.py:109} INFO - [2025-05-31 11:54:57,206] {dagbag.py:500} INFO - Filling up the DagBag from /home/airflow/.local/lib/python3.6/site-packages/airflow/example_dags/example_branch_labels.py
[2025-05-31 11:54:57,232] {processor.py:654} INFO - DAG(s) dict_keys(['example_branch_labels']) retrieved from /home/airflow/.local/lib/python3.6/site-packages/airflow/example_dags/example_branch_labels.py
[2025-05-31 11:54:57,242] {logging_mixin.py:109} INFO - [2025-05-31 11:54:57,242] {dag.py:2396} INFO - Sync 1 DAGs
[2025-05-31 11:54:57,261] {logging_mixin.py:109} INFO - [2025-05-31 11:54:57,261] {dag.py:2935} INFO - Setting next_dagrun for example_branch_labels to 2025-05-30 00:00:00+00:00
[2025-05-31 11:54:57,279] {processor.py:171} INFO - Processing /home/airflow/.local/lib/python3.6/site-packages/airflow/example_dags/example_branch_labels.py took 0.078 seconds
[2025-05-31 11:55:27,814] {processor.py:163} INFO - Started process (PID=25574) to work on /home/airflow/.local/lib/python3.6/site-packages/airflow/example_dags/example_branch_labels.py
[2025-05-31 11:55:27,816] {processor.py:642} INFO - Processing file /home/airflow/.local/lib/python3.6/site-packages/airflow/example_dags/example_branch_labels.py for tasks to queue
[2025-05-31 11:55:27,817] {logging_mixin.py:109} INFO - [2025-05-31 11:55:27,816] {dagbag.py:500} INFO - Filling up the DagBag from /home/airflow/.local/lib/python3.6/site-packages/airflow/example_dags/example_branch_labels.py
[2025-05-31 11:55:27,849] {processor.py:654} INFO - DAG(s) dict_keys(['example_branch_labels']) retrieved from /home/airflow/.local/lib/python3.6/site-packages/airflow/example_dags/example_branch_labels.py
[2025-05-31 11:55:27,861] {logging_mixin.py:109} INFO - [2025-05-31 11:55:27,861] {dag.py:2396} INFO - Sync 1 DAGs
[2025-05-31 11:55:27,883] {logging_mixin.py:109} INFO - [2025-05-31 11:55:27,882] {dag.py:2935} INFO - Setting next_dagrun for example_branch_labels to 2025-05-30 00:00:00+00:00
[2025-05-31 11:55:27,893] {processor.py:171} INFO - Processing /home/airflow/.local/lib/python3.6/site-packages/airflow/example_dags/example_branch_labels.py took 0.084 seconds
[2025-05-31 11:55:58,839] {processor.py:163} INFO - Started process (PID=25769) to work on /home/airflow/.local/lib/python3.6/site-packages/airflow/example_dags/example_branch_labels.py
[2025-05-31 11:55:58,840] {processor.py:642} INFO - Processing file /home/airflow/.local/lib/python3.6/site-packages/airflow/example_dags/example_branch_labels.py for tasks to queue
[2025-05-31 11:55:58,842] {logging_mixin.py:109} INFO - [2025-05-31 11:55:58,841] {dagbag.py:500} INFO - Filling up the DagBag from /home/airflow/.local/lib/python3.6/site-packages/airflow/example_dags/example_branch_labels.py
[2025-05-31 11:55:58,882] {processor.py:654} INFO - DAG(s) dict_keys(['example_branch_labels']) retrieved from /home/airflow/.local/lib/python3.6/site-packages/airflow/example_dags/example_branch_labels.py
[2025-05-31 11:55:58,896] {logging_mixin.py:109} INFO - [2025-05-31 11:55:58,896] {dag.py:2396} INFO - Sync 1 DAGs
[2025-05-31 11:55:58,920] {logging_mixin.py:109} INFO - [2025-05-31 11:55:58,920] {dag.py:2935} INFO - Setting next_dagrun for example_branch_labels to 2025-05-30 00:00:00+00:00
[2025-05-31 11:55:58,931] {processor.py:171} INFO - Processing /home/airflow/.local/lib/python3.6/site-packages/airflow/example_dags/example_branch_labels.py took 0.097 seconds
[2025-05-31 11:56:29,551] {processor.py:163} INFO - Started process (PID=25954) to work on /home/airflow/.local/lib/python3.6/site-packages/airflow/example_dags/example_branch_labels.py
[2025-05-31 11:56:29,553] {processor.py:642} INFO - Processing file /home/airflow/.local/lib/python3.6/site-packages/airflow/example_dags/example_branch_labels.py for tasks to queue
[2025-05-31 11:56:29,554] {logging_mixin.py:109} INFO - [2025-05-31 11:56:29,554] {dagbag.py:500} INFO - Filling up the DagBag from /home/airflow/.local/lib/python3.6/site-packages/airflow/example_dags/example_branch_labels.py
[2025-05-31 11:56:29,583] {processor.py:654} INFO - DAG(s) dict_keys(['example_branch_labels']) retrieved from /home/airflow/.local/lib/python3.6/site-packages/airflow/example_dags/example_branch_labels.py
[2025-05-31 11:56:29,595] {logging_mixin.py:109} INFO - [2025-05-31 11:56:29,595] {dag.py:2396} INFO - Sync 1 DAGs
[2025-05-31 11:56:29,614] {logging_mixin.py:109} INFO - [2025-05-31 11:56:29,614] {dag.py:2935} INFO - Setting next_dagrun for example_branch_labels to 2025-05-30 00:00:00+00:00
[2025-05-31 11:56:29,630] {processor.py:171} INFO - Processing /home/airflow/.local/lib/python3.6/site-packages/airflow/example_dags/example_branch_labels.py took 0.082 seconds
[2025-05-31 11:57:00,042] {processor.py:163} INFO - Started process (PID=26149) to work on /home/airflow/.local/lib/python3.6/site-packages/airflow/example_dags/example_branch_labels.py
[2025-05-31 11:57:00,044] {processor.py:642} INFO - Processing file /home/airflow/.local/lib/python3.6/site-packages/airflow/example_dags/example_branch_labels.py for tasks to queue
[2025-05-31 11:57:00,045] {logging_mixin.py:109} INFO - [2025-05-31 11:57:00,045] {dagbag.py:500} INFO - Filling up the DagBag from /home/airflow/.local/lib/python3.6/site-packages/airflow/example_dags/example_branch_labels.py
[2025-05-31 11:57:00,092] {processor.py:654} INFO - DAG(s) dict_keys(['example_branch_labels']) retrieved from /home/airflow/.local/lib/python3.6/site-packages/airflow/example_dags/example_branch_labels.py
[2025-05-31 11:57:00,109] {logging_mixin.py:109} INFO - [2025-05-31 11:57:00,108] {dag.py:2396} INFO - Sync 1 DAGs
[2025-05-31 11:57:00,153] {logging_mixin.py:109} INFO - [2025-05-31 11:57:00,152] {dag.py:2935} INFO - Setting next_dagrun for example_branch_labels to 2025-05-30 00:00:00+00:00
[2025-05-31 11:57:00,172] {processor.py:171} INFO - Processing /home/airflow/.local/lib/python3.6/site-packages/airflow/example_dags/example_branch_labels.py took 0.135 seconds
[2025-05-31 11:57:30,752] {processor.py:163} INFO - Started process (PID=26334) to work on /home/airflow/.local/lib/python3.6/site-packages/airflow/example_dags/example_branch_labels.py
[2025-05-31 11:57:30,754] {processor.py:642} INFO - Processing file /home/airflow/.local/lib/python3.6/site-packages/airflow/example_dags/example_branch_labels.py for tasks to queue
[2025-05-31 11:57:30,755] {logging_mixin.py:109} INFO - [2025-05-31 11:57:30,755] {dagbag.py:500} INFO - Filling up the DagBag from /home/airflow/.local/lib/python3.6/site-packages/airflow/example_dags/example_branch_labels.py
[2025-05-31 11:57:30,785] {processor.py:654} INFO - DAG(s) dict_keys(['example_branch_labels']) retrieved from /home/airflow/.local/lib/python3.6/site-packages/airflow/example_dags/example_branch_labels.py
[2025-05-31 11:57:30,797] {logging_mixin.py:109} INFO - [2025-05-31 11:57:30,797] {dag.py:2396} INFO - Sync 1 DAGs
[2025-05-31 11:57:30,818] {logging_mixin.py:109} INFO - [2025-05-31 11:57:30,818] {dag.py:2935} INFO - Setting next_dagrun for example_branch_labels to 2025-05-30 00:00:00+00:00
[2025-05-31 11:57:30,831] {processor.py:171} INFO - Processing /home/airflow/.local/lib/python3.6/site-packages/airflow/example_dags/example_branch_labels.py took 0.082 seconds
[2025-05-31 11:58:00,933] {processor.py:163} INFO - Started process (PID=26519) to work on /home/airflow/.local/lib/python3.6/site-packages/airflow/example_dags/example_branch_labels.py
[2025-05-31 11:58:00,935] {processor.py:642} INFO - Processing file /home/airflow/.local/lib/python3.6/site-packages/airflow/example_dags/example_branch_labels.py for tasks to queue
[2025-05-31 11:58:00,936] {logging_mixin.py:109} INFO - [2025-05-31 11:58:00,935] {dagbag.py:500} INFO - Filling up the DagBag from /home/airflow/.local/lib/python3.6/site-packages/airflow/example_dags/example_branch_labels.py
[2025-05-31 11:58:00,970] {processor.py:654} INFO - DAG(s) dict_keys(['example_branch_labels']) retrieved from /home/airflow/.local/lib/python3.6/site-packages/airflow/example_dags/example_branch_labels.py
[2025-05-31 11:58:00,983] {logging_mixin.py:109} INFO - [2025-05-31 11:58:00,983] {dag.py:2396} INFO - Sync 1 DAGs
[2025-05-31 11:58:01,006] {logging_mixin.py:109} INFO - [2025-05-31 11:58:01,006] {dag.py:2935} INFO - Setting next_dagrun for example_branch_labels to 2025-05-30 00:00:00+00:00
[2025-05-31 11:58:01,018] {processor.py:171} INFO - Processing /home/airflow/.local/lib/python3.6/site-packages/airflow/example_dags/example_branch_labels.py took 0.090 seconds
[2025-05-31 11:58:31,137] {processor.py:163} INFO - Started process (PID=26712) to work on /home/airflow/.local/lib/python3.6/site-packages/airflow/example_dags/example_branch_labels.py
[2025-05-31 11:58:31,139] {processor.py:642} INFO - Processing file /home/airflow/.local/lib/python3.6/site-packages/airflow/example_dags/example_branch_labels.py for tasks to queue
[2025-05-31 11:58:31,140] {logging_mixin.py:109} INFO - [2025-05-31 11:58:31,140] {dagbag.py:500} INFO - Filling up the DagBag from /home/airflow/.local/lib/python3.6/site-packages/airflow/example_dags/example_branch_labels.py
[2025-05-31 11:58:31,181] {processor.py:654} INFO - DAG(s) dict_keys(['example_branch_labels']) retrieved from /home/airflow/.local/lib/python3.6/site-packages/airflow/example_dags/example_branch_labels.py
[2025-05-31 11:58:31,197] {logging_mixin.py:109} INFO - [2025-05-31 11:58:31,196] {dag.py:2396} INFO - Sync 1 DAGs
[2025-05-31 11:58:31,227] {logging_mixin.py:109} INFO - [2025-05-31 11:58:31,227] {dag.py:2935} INFO - Setting next_dagrun for example_branch_labels to 2025-05-30 00:00:00+00:00
[2025-05-31 11:58:31,241] {processor.py:171} INFO - Processing /home/airflow/.local/lib/python3.6/site-packages/airflow/example_dags/example_branch_labels.py took 0.110 seconds
[2025-05-31 11:59:01,390] {processor.py:163} INFO - Started process (PID=26892) to work on /home/airflow/.local/lib/python3.6/site-packages/airflow/example_dags/example_branch_labels.py
[2025-05-31 11:59:01,392] {processor.py:642} INFO - Processing file /home/airflow/.local/lib/python3.6/site-packages/airflow/example_dags/example_branch_labels.py for tasks to queue
[2025-05-31 11:59:01,393] {logging_mixin.py:109} INFO - [2025-05-31 11:59:01,393] {dagbag.py:500} INFO - Filling up the DagBag from /home/airflow/.local/lib/python3.6/site-packages/airflow/example_dags/example_branch_labels.py
[2025-05-31 11:59:01,429] {processor.py:654} INFO - DAG(s) dict_keys(['example_branch_labels']) retrieved from /home/airflow/.local/lib/python3.6/site-packages/airflow/example_dags/example_branch_labels.py
[2025-05-31 11:59:01,445] {logging_mixin.py:109} INFO - [2025-05-31 11:59:01,445] {dag.py:2396} INFO - Sync 1 DAGs
[2025-05-31 11:59:01,468] {logging_mixin.py:109} INFO - [2025-05-31 11:59:01,468] {dag.py:2935} INFO - Setting next_dagrun for example_branch_labels to 2025-05-30 00:00:00+00:00
[2025-05-31 11:59:01,480] {processor.py:171} INFO - Processing /home/airflow/.local/lib/python3.6/site-packages/airflow/example_dags/example_branch_labels.py took 0.095 seconds
[2025-05-31 11:59:31,861] {processor.py:163} INFO - Started process (PID=27042) to work on /home/airflow/.local/lib/python3.6/site-packages/airflow/example_dags/example_branch_labels.py
[2025-05-31 11:59:31,863] {processor.py:642} INFO - Processing file /home/airflow/.local/lib/python3.6/site-packages/airflow/example_dags/example_branch_labels.py for tasks to queue
[2025-05-31 11:59:31,864] {logging_mixin.py:109} INFO - [2025-05-31 11:59:31,864] {dagbag.py:500} INFO - Filling up the DagBag from /home/airflow/.local/lib/python3.6/site-packages/airflow/example_dags/example_branch_labels.py
[2025-05-31 11:59:31,900] {processor.py:654} INFO - DAG(s) dict_keys(['example_branch_labels']) retrieved from /home/airflow/.local/lib/python3.6/site-packages/airflow/example_dags/example_branch_labels.py
[2025-05-31 11:59:31,913] {logging_mixin.py:109} INFO - [2025-05-31 11:59:31,912] {dag.py:2396} INFO - Sync 1 DAGs
[2025-05-31 11:59:31,936] {logging_mixin.py:109} INFO - [2025-05-31 11:59:31,936] {dag.py:2935} INFO - Setting next_dagrun for example_branch_labels to 2025-05-30 00:00:00+00:00
[2025-05-31 11:59:31,947] {processor.py:171} INFO - Processing /home/airflow/.local/lib/python3.6/site-packages/airflow/example_dags/example_branch_labels.py took 0.090 seconds
[2025-05-31 12:00:02,005] {processor.py:163} INFO - Started process (PID=27204) to work on /home/airflow/.local/lib/python3.6/site-packages/airflow/example_dags/example_branch_labels.py
[2025-05-31 12:00:02,008] {processor.py:642} INFO - Processing file /home/airflow/.local/lib/python3.6/site-packages/airflow/example_dags/example_branch_labels.py for tasks to queue
[2025-05-31 12:00:02,009] {logging_mixin.py:109} INFO - [2025-05-31 12:00:02,009] {dagbag.py:500} INFO - Filling up the DagBag from /home/airflow/.local/lib/python3.6/site-packages/airflow/example_dags/example_branch_labels.py
[2025-05-31 12:00:02,052] {processor.py:654} INFO - DAG(s) dict_keys(['example_branch_labels']) retrieved from /home/airflow/.local/lib/python3.6/site-packages/airflow/example_dags/example_branch_labels.py
[2025-05-31 12:00:02,071] {logging_mixin.py:109} INFO - [2025-05-31 12:00:02,071] {dag.py:2396} INFO - Sync 1 DAGs
[2025-05-31 12:00:02,104] {logging_mixin.py:109} INFO - [2025-05-31 12:00:02,104] {dag.py:2935} INFO - Setting next_dagrun for example_branch_labels to 2025-05-30 00:00:00+00:00
[2025-05-31 12:00:02,127] {processor.py:171} INFO - Processing /home/airflow/.local/lib/python3.6/site-packages/airflow/example_dags/example_branch_labels.py took 0.126 seconds
[2025-05-31 12:00:32,388] {processor.py:163} INFO - Started process (PID=27389) to work on /home/airflow/.local/lib/python3.6/site-packages/airflow/example_dags/example_branch_labels.py
[2025-05-31 12:00:32,390] {processor.py:642} INFO - Processing file /home/airflow/.local/lib/python3.6/site-packages/airflow/example_dags/example_branch_labels.py for tasks to queue
[2025-05-31 12:00:32,391] {logging_mixin.py:109} INFO - [2025-05-31 12:00:32,391] {dagbag.py:500} INFO - Filling up the DagBag from /home/airflow/.local/lib/python3.6/site-packages/airflow/example_dags/example_branch_labels.py
[2025-05-31 12:00:32,418] {processor.py:654} INFO - DAG(s) dict_keys(['example_branch_labels']) retrieved from /home/airflow/.local/lib/python3.6/site-packages/airflow/example_dags/example_branch_labels.py
[2025-05-31 12:00:32,429] {logging_mixin.py:109} INFO - [2025-05-31 12:00:32,429] {dag.py:2396} INFO - Sync 1 DAGs
[2025-05-31 12:00:32,448] {logging_mixin.py:109} INFO - [2025-05-31 12:00:32,448] {dag.py:2935} INFO - Setting next_dagrun for example_branch_labels to 2025-05-30 00:00:00+00:00
[2025-05-31 12:00:32,459] {processor.py:171} INFO - Processing /home/airflow/.local/lib/python3.6/site-packages/airflow/example_dags/example_branch_labels.py took 0.073 seconds
[2025-05-31 12:01:02,699] {processor.py:163} INFO - Started process (PID=27574) to work on /home/airflow/.local/lib/python3.6/site-packages/airflow/example_dags/example_branch_labels.py
[2025-05-31 12:01:02,700] {processor.py:642} INFO - Processing file /home/airflow/.local/lib/python3.6/site-packages/airflow/example_dags/example_branch_labels.py for tasks to queue
[2025-05-31 12:01:02,701] {logging_mixin.py:109} INFO - [2025-05-31 12:01:02,701] {dagbag.py:500} INFO - Filling up the DagBag from /home/airflow/.local/lib/python3.6/site-packages/airflow/example_dags/example_branch_labels.py
[2025-05-31 12:01:02,728] {processor.py:654} INFO - DAG(s) dict_keys(['example_branch_labels']) retrieved from /home/airflow/.local/lib/python3.6/site-packages/airflow/example_dags/example_branch_labels.py
[2025-05-31 12:01:02,740] {logging_mixin.py:109} INFO - [2025-05-31 12:01:02,740] {dag.py:2396} INFO - Sync 1 DAGs
[2025-05-31 12:01:02,761] {logging_mixin.py:109} INFO - [2025-05-31 12:01:02,761] {dag.py:2935} INFO - Setting next_dagrun for example_branch_labels to 2025-05-30 00:00:00+00:00
[2025-05-31 12:01:02,774] {processor.py:171} INFO - Processing /home/airflow/.local/lib/python3.6/site-packages/airflow/example_dags/example_branch_labels.py took 0.078 seconds
[2025-05-31 12:01:33,629] {processor.py:163} INFO - Started process (PID=27769) to work on /home/airflow/.local/lib/python3.6/site-packages/airflow/example_dags/example_branch_labels.py
[2025-05-31 12:01:33,630] {processor.py:642} INFO - Processing file /home/airflow/.local/lib/python3.6/site-packages/airflow/example_dags/example_branch_labels.py for tasks to queue
[2025-05-31 12:01:33,631] {logging_mixin.py:109} INFO - [2025-05-31 12:01:33,631] {dagbag.py:500} INFO - Filling up the DagBag from /home/airflow/.local/lib/python3.6/site-packages/airflow/example_dags/example_branch_labels.py
[2025-05-31 12:01:33,662] {processor.py:654} INFO - DAG(s) dict_keys(['example_branch_labels']) retrieved from /home/airflow/.local/lib/python3.6/site-packages/airflow/example_dags/example_branch_labels.py
[2025-05-31 12:01:33,676] {logging_mixin.py:109} INFO - [2025-05-31 12:01:33,676] {dag.py:2396} INFO - Sync 1 DAGs
[2025-05-31 12:01:33,699] {logging_mixin.py:109} INFO - [2025-05-31 12:01:33,699] {dag.py:2935} INFO - Setting next_dagrun for example_branch_labels to 2025-05-30 00:00:00+00:00
[2025-05-31 12:01:33,711] {processor.py:171} INFO - Processing /home/airflow/.local/lib/python3.6/site-packages/airflow/example_dags/example_branch_labels.py took 0.086 seconds
[2025-05-31 12:02:04,603] {processor.py:163} INFO - Started process (PID=27954) to work on /home/airflow/.local/lib/python3.6/site-packages/airflow/example_dags/example_branch_labels.py
[2025-05-31 12:02:04,604] {processor.py:642} INFO - Processing file /home/airflow/.local/lib/python3.6/site-packages/airflow/example_dags/example_branch_labels.py for tasks to queue
[2025-05-31 12:02:04,605] {logging_mixin.py:109} INFO - [2025-05-31 12:02:04,605] {dagbag.py:500} INFO - Filling up the DagBag from /home/airflow/.local/lib/python3.6/site-packages/airflow/example_dags/example_branch_labels.py
[2025-05-31 12:02:04,633] {processor.py:654} INFO - DAG(s) dict_keys(['example_branch_labels']) retrieved from /home/airflow/.local/lib/python3.6/site-packages/airflow/example_dags/example_branch_labels.py
[2025-05-31 12:02:04,644] {logging_mixin.py:109} INFO - [2025-05-31 12:02:04,644] {dag.py:2396} INFO - Sync 1 DAGs
[2025-05-31 12:02:04,664] {logging_mixin.py:109} INFO - [2025-05-31 12:02:04,663] {dag.py:2935} INFO - Setting next_dagrun for example_branch_labels to 2025-05-30 00:00:00+00:00
[2025-05-31 12:02:04,674] {processor.py:171} INFO - Processing /home/airflow/.local/lib/python3.6/site-packages/airflow/example_dags/example_branch_labels.py took 0.075 seconds
[2025-05-31 12:02:34,937] {processor.py:163} INFO - Started process (PID=28149) to work on /home/airflow/.local/lib/python3.6/site-packages/airflow/example_dags/example_branch_labels.py
[2025-05-31 12:02:34,940] {processor.py:642} INFO - Processing file /home/airflow/.local/lib/python3.6/site-packages/airflow/example_dags/example_branch_labels.py for tasks to queue
[2025-05-31 12:02:34,941] {logging_mixin.py:109} INFO - [2025-05-31 12:02:34,941] {dagbag.py:500} INFO - Filling up the DagBag from /home/airflow/.local/lib/python3.6/site-packages/airflow/example_dags/example_branch_labels.py
[2025-05-31 12:02:34,983] {processor.py:654} INFO - DAG(s) dict_keys(['example_branch_labels']) retrieved from /home/airflow/.local/lib/python3.6/site-packages/airflow/example_dags/example_branch_labels.py
[2025-05-31 12:02:34,999] {logging_mixin.py:109} INFO - [2025-05-31 12:02:34,999] {dag.py:2396} INFO - Sync 1 DAGs
[2025-05-31 12:02:35,029] {logging_mixin.py:109} INFO - [2025-05-31 12:02:35,028] {dag.py:2935} INFO - Setting next_dagrun for example_branch_labels to 2025-05-30 00:00:00+00:00
[2025-05-31 12:02:35,042] {processor.py:171} INFO - Processing /home/airflow/.local/lib/python3.6/site-packages/airflow/example_dags/example_branch_labels.py took 0.110 seconds
[2025-05-31 12:03:05,592] {processor.py:163} INFO - Started process (PID=28334) to work on /home/airflow/.local/lib/python3.6/site-packages/airflow/example_dags/example_branch_labels.py
[2025-05-31 12:03:05,594] {processor.py:642} INFO - Processing file /home/airflow/.local/lib/python3.6/site-packages/airflow/example_dags/example_branch_labels.py for tasks to queue
[2025-05-31 12:03:05,595] {logging_mixin.py:109} INFO - [2025-05-31 12:03:05,595] {dagbag.py:500} INFO - Filling up the DagBag from /home/airflow/.local/lib/python3.6/site-packages/airflow/example_dags/example_branch_labels.py
[2025-05-31 12:03:05,626] {processor.py:654} INFO - DAG(s) dict_keys(['example_branch_labels']) retrieved from /home/airflow/.local/lib/python3.6/site-packages/airflow/example_dags/example_branch_labels.py
[2025-05-31 12:03:05,640] {logging_mixin.py:109} INFO - [2025-05-31 12:03:05,640] {dag.py:2396} INFO - Sync 1 DAGs
[2025-05-31 12:03:05,664] {logging_mixin.py:109} INFO - [2025-05-31 12:03:05,664] {dag.py:2935} INFO - Setting next_dagrun for example_branch_labels to 2025-05-30 00:00:00+00:00
[2025-05-31 12:03:05,677] {processor.py:171} INFO - Processing /home/airflow/.local/lib/python3.6/site-packages/airflow/example_dags/example_branch_labels.py took 0.089 seconds
[2025-05-31 12:03:35,761] {processor.py:163} INFO - Started process (PID=28519) to work on /home/airflow/.local/lib/python3.6/site-packages/airflow/example_dags/example_branch_labels.py
[2025-05-31 12:03:35,763] {processor.py:642} INFO - Processing file /home/airflow/.local/lib/python3.6/site-packages/airflow/example_dags/example_branch_labels.py for tasks to queue
[2025-05-31 12:03:35,764] {logging_mixin.py:109} INFO - [2025-05-31 12:03:35,763] {dagbag.py:500} INFO - Filling up the DagBag from /home/airflow/.local/lib/python3.6/site-packages/airflow/example_dags/example_branch_labels.py
[2025-05-31 12:03:35,800] {processor.py:654} INFO - DAG(s) dict_keys(['example_branch_labels']) retrieved from /home/airflow/.local/lib/python3.6/site-packages/airflow/example_dags/example_branch_labels.py
[2025-05-31 12:03:35,813] {logging_mixin.py:109} INFO - [2025-05-31 12:03:35,813] {dag.py:2396} INFO - Sync 1 DAGs
[2025-05-31 12:03:35,836] {logging_mixin.py:109} INFO - [2025-05-31 12:03:35,836] {dag.py:2935} INFO - Setting next_dagrun for example_branch_labels to 2025-05-30 00:00:00+00:00
[2025-05-31 12:03:35,848] {processor.py:171} INFO - Processing /home/airflow/.local/lib/python3.6/site-packages/airflow/example_dags/example_branch_labels.py took 0.091 seconds
[2025-05-31 12:04:06,214] {processor.py:163} INFO - Started process (PID=28712) to work on /home/airflow/.local/lib/python3.6/site-packages/airflow/example_dags/example_branch_labels.py
[2025-05-31 12:04:06,216] {processor.py:642} INFO - Processing file /home/airflow/.local/lib/python3.6/site-packages/airflow/example_dags/example_branch_labels.py for tasks to queue
[2025-05-31 12:04:06,217] {logging_mixin.py:109} INFO - [2025-05-31 12:04:06,217] {dagbag.py:500} INFO - Filling up the DagBag from /home/airflow/.local/lib/python3.6/site-packages/airflow/example_dags/example_branch_labels.py
[2025-05-31 12:04:06,259] {processor.py:654} INFO - DAG(s) dict_keys(['example_branch_labels']) retrieved from /home/airflow/.local/lib/python3.6/site-packages/airflow/example_dags/example_branch_labels.py
[2025-05-31 12:04:06,273] {logging_mixin.py:109} INFO - [2025-05-31 12:04:06,273] {dag.py:2396} INFO - Sync 1 DAGs
[2025-05-31 12:04:06,298] {logging_mixin.py:109} INFO - [2025-05-31 12:04:06,298] {dag.py:2935} INFO - Setting next_dagrun for example_branch_labels to 2025-05-30 00:00:00+00:00
[2025-05-31 12:04:06,310] {processor.py:171} INFO - Processing /home/airflow/.local/lib/python3.6/site-packages/airflow/example_dags/example_branch_labels.py took 0.101 seconds
[2025-05-31 12:04:36,498] {processor.py:163} INFO - Started process (PID=28892) to work on /home/airflow/.local/lib/python3.6/site-packages/airflow/example_dags/example_branch_labels.py
[2025-05-31 12:04:36,501] {processor.py:642} INFO - Processing file /home/airflow/.local/lib/python3.6/site-packages/airflow/example_dags/example_branch_labels.py for tasks to queue
[2025-05-31 12:04:36,503] {logging_mixin.py:109} INFO - [2025-05-31 12:04:36,503] {dagbag.py:500} INFO - Filling up the DagBag from /home/airflow/.local/lib/python3.6/site-packages/airflow/example_dags/example_branch_labels.py
[2025-05-31 12:04:36,538] {processor.py:654} INFO - DAG(s) dict_keys(['example_branch_labels']) retrieved from /home/airflow/.local/lib/python3.6/site-packages/airflow/example_dags/example_branch_labels.py
[2025-05-31 12:04:36,552] {logging_mixin.py:109} INFO - [2025-05-31 12:04:36,552] {dag.py:2396} INFO - Sync 1 DAGs
[2025-05-31 12:04:36,581] {logging_mixin.py:109} INFO - [2025-05-31 12:04:36,581] {dag.py:2935} INFO - Setting next_dagrun for example_branch_labels to 2025-05-30 00:00:00+00:00
[2025-05-31 12:04:36,593] {processor.py:171} INFO - Processing /home/airflow/.local/lib/python3.6/site-packages/airflow/example_dags/example_branch_labels.py took 0.100 seconds
[2025-05-31 12:05:06,714] {processor.py:163} INFO - Started process (PID=29074) to work on /home/airflow/.local/lib/python3.6/site-packages/airflow/example_dags/example_branch_labels.py
[2025-05-31 12:05:06,716] {processor.py:642} INFO - Processing file /home/airflow/.local/lib/python3.6/site-packages/airflow/example_dags/example_branch_labels.py for tasks to queue
[2025-05-31 12:05:06,718] {logging_mixin.py:109} INFO - [2025-05-31 12:05:06,717] {dagbag.py:500} INFO - Filling up the DagBag from /home/airflow/.local/lib/python3.6/site-packages/airflow/example_dags/example_branch_labels.py
[2025-05-31 12:05:06,750] {processor.py:654} INFO - DAG(s) dict_keys(['example_branch_labels']) retrieved from /home/airflow/.local/lib/python3.6/site-packages/airflow/example_dags/example_branch_labels.py
[2025-05-31 12:05:06,765] {logging_mixin.py:109} INFO - [2025-05-31 12:05:06,765] {dag.py:2396} INFO - Sync 1 DAGs
[2025-05-31 12:05:06,790] {logging_mixin.py:109} INFO - [2025-05-31 12:05:06,790] {dag.py:2935} INFO - Setting next_dagrun for example_branch_labels to 2025-05-30 00:00:00+00:00
[2025-05-31 12:05:06,803] {processor.py:171} INFO - Processing /home/airflow/.local/lib/python3.6/site-packages/airflow/example_dags/example_branch_labels.py took 0.093 seconds
[2025-05-31 12:05:37,442] {processor.py:163} INFO - Started process (PID=29259) to work on /home/airflow/.local/lib/python3.6/site-packages/airflow/example_dags/example_branch_labels.py
[2025-05-31 12:05:37,444] {processor.py:642} INFO - Processing file /home/airflow/.local/lib/python3.6/site-packages/airflow/example_dags/example_branch_labels.py for tasks to queue
[2025-05-31 12:05:37,445] {logging_mixin.py:109} INFO - [2025-05-31 12:05:37,444] {dagbag.py:500} INFO - Filling up the DagBag from /home/airflow/.local/lib/python3.6/site-packages/airflow/example_dags/example_branch_labels.py
[2025-05-31 12:05:37,479] {processor.py:654} INFO - DAG(s) dict_keys(['example_branch_labels']) retrieved from /home/airflow/.local/lib/python3.6/site-packages/airflow/example_dags/example_branch_labels.py
[2025-05-31 12:05:37,496] {logging_mixin.py:109} INFO - [2025-05-31 12:05:37,496] {dag.py:2396} INFO - Sync 1 DAGs
[2025-05-31 12:05:37,519] {logging_mixin.py:109} INFO - [2025-05-31 12:05:37,519] {dag.py:2935} INFO - Setting next_dagrun for example_branch_labels to 2025-05-30 00:00:00+00:00
[2025-05-31 12:05:37,533] {processor.py:171} INFO - Processing /home/airflow/.local/lib/python3.6/site-packages/airflow/example_dags/example_branch_labels.py took 0.095 seconds
[2025-05-31 12:06:07,770] {processor.py:163} INFO - Started process (PID=29442) to work on /home/airflow/.local/lib/python3.6/site-packages/airflow/example_dags/example_branch_labels.py
[2025-05-31 12:06:07,772] {processor.py:642} INFO - Processing file /home/airflow/.local/lib/python3.6/site-packages/airflow/example_dags/example_branch_labels.py for tasks to queue
[2025-05-31 12:06:07,773] {logging_mixin.py:109} INFO - [2025-05-31 12:06:07,773] {dagbag.py:500} INFO - Filling up the DagBag from /home/airflow/.local/lib/python3.6/site-packages/airflow/example_dags/example_branch_labels.py
[2025-05-31 12:06:07,808] {processor.py:654} INFO - DAG(s) dict_keys(['example_branch_labels']) retrieved from /home/airflow/.local/lib/python3.6/site-packages/airflow/example_dags/example_branch_labels.py
[2025-05-31 12:06:07,823] {logging_mixin.py:109} INFO - [2025-05-31 12:06:07,822] {dag.py:2396} INFO - Sync 1 DAGs
[2025-05-31 12:06:07,847] {logging_mixin.py:109} INFO - [2025-05-31 12:06:07,847] {dag.py:2935} INFO - Setting next_dagrun for example_branch_labels to 2025-05-30 00:00:00+00:00
[2025-05-31 12:06:07,860] {processor.py:171} INFO - Processing /home/airflow/.local/lib/python3.6/site-packages/airflow/example_dags/example_branch_labels.py took 0.094 seconds
[2025-05-31 12:06:38,049] {processor.py:163} INFO - Started process (PID=29621) to work on /home/airflow/.local/lib/python3.6/site-packages/airflow/example_dags/example_branch_labels.py
[2025-05-31 12:06:38,050] {processor.py:642} INFO - Processing file /home/airflow/.local/lib/python3.6/site-packages/airflow/example_dags/example_branch_labels.py for tasks to queue
[2025-05-31 12:06:38,051] {logging_mixin.py:109} INFO - [2025-05-31 12:06:38,051] {dagbag.py:500} INFO - Filling up the DagBag from /home/airflow/.local/lib/python3.6/site-packages/airflow/example_dags/example_branch_labels.py
[2025-05-31 12:06:38,091] {processor.py:654} INFO - DAG(s) dict_keys(['example_branch_labels']) retrieved from /home/airflow/.local/lib/python3.6/site-packages/airflow/example_dags/example_branch_labels.py
[2025-05-31 12:06:38,104] {logging_mixin.py:109} INFO - [2025-05-31 12:06:38,104] {dag.py:2396} INFO - Sync 1 DAGs
[2025-05-31 12:06:38,127] {logging_mixin.py:109} INFO - [2025-05-31 12:06:38,127] {dag.py:2935} INFO - Setting next_dagrun for example_branch_labels to 2025-05-30 00:00:00+00:00
[2025-05-31 12:06:38,140] {processor.py:171} INFO - Processing /home/airflow/.local/lib/python3.6/site-packages/airflow/example_dags/example_branch_labels.py took 0.097 seconds
[2025-05-31 12:07:08,643] {processor.py:163} INFO - Started process (PID=29807) to work on /home/airflow/.local/lib/python3.6/site-packages/airflow/example_dags/example_branch_labels.py
[2025-05-31 12:07:08,644] {processor.py:642} INFO - Processing file /home/airflow/.local/lib/python3.6/site-packages/airflow/example_dags/example_branch_labels.py for tasks to queue
[2025-05-31 12:07:08,645] {logging_mixin.py:109} INFO - [2025-05-31 12:07:08,645] {dagbag.py:500} INFO - Filling up the DagBag from /home/airflow/.local/lib/python3.6/site-packages/airflow/example_dags/example_branch_labels.py
[2025-05-31 12:07:08,673] {processor.py:654} INFO - DAG(s) dict_keys(['example_branch_labels']) retrieved from /home/airflow/.local/lib/python3.6/site-packages/airflow/example_dags/example_branch_labels.py
[2025-05-31 12:07:08,686] {logging_mixin.py:109} INFO - [2025-05-31 12:07:08,686] {dag.py:2396} INFO - Sync 1 DAGs
[2025-05-31 12:07:08,706] {logging_mixin.py:109} INFO - [2025-05-31 12:07:08,705] {dag.py:2935} INFO - Setting next_dagrun for example_branch_labels to 2025-05-30 00:00:00+00:00
[2025-05-31 12:07:08,716] {processor.py:171} INFO - Processing /home/airflow/.local/lib/python3.6/site-packages/airflow/example_dags/example_branch_labels.py took 0.076 seconds
[2025-05-31 12:07:38,876] {processor.py:163} INFO - Started process (PID=29989) to work on /home/airflow/.local/lib/python3.6/site-packages/airflow/example_dags/example_branch_labels.py
[2025-05-31 12:07:38,877] {processor.py:642} INFO - Processing file /home/airflow/.local/lib/python3.6/site-packages/airflow/example_dags/example_branch_labels.py for tasks to queue
[2025-05-31 12:07:38,878] {logging_mixin.py:109} INFO - [2025-05-31 12:07:38,878] {dagbag.py:500} INFO - Filling up the DagBag from /home/airflow/.local/lib/python3.6/site-packages/airflow/example_dags/example_branch_labels.py
[2025-05-31 12:07:38,906] {processor.py:654} INFO - DAG(s) dict_keys(['example_branch_labels']) retrieved from /home/airflow/.local/lib/python3.6/site-packages/airflow/example_dags/example_branch_labels.py
[2025-05-31 12:07:38,917] {logging_mixin.py:109} INFO - [2025-05-31 12:07:38,917] {dag.py:2396} INFO - Sync 1 DAGs
[2025-05-31 12:07:38,935] {logging_mixin.py:109} INFO - [2025-05-31 12:07:38,935] {dag.py:2935} INFO - Setting next_dagrun for example_branch_labels to 2025-05-30 00:00:00+00:00
[2025-05-31 12:07:38,945] {processor.py:171} INFO - Processing /home/airflow/.local/lib/python3.6/site-packages/airflow/example_dags/example_branch_labels.py took 0.072 seconds
[2025-05-31 12:08:09,364] {processor.py:163} INFO - Started process (PID=30184) to work on /home/airflow/.local/lib/python3.6/site-packages/airflow/example_dags/example_branch_labels.py
[2025-05-31 12:08:09,366] {processor.py:642} INFO - Processing file /home/airflow/.local/lib/python3.6/site-packages/airflow/example_dags/example_branch_labels.py for tasks to queue
[2025-05-31 12:08:09,368] {logging_mixin.py:109} INFO - [2025-05-31 12:08:09,368] {dagbag.py:500} INFO - Filling up the DagBag from /home/airflow/.local/lib/python3.6/site-packages/airflow/example_dags/example_branch_labels.py
[2025-05-31 12:08:09,419] {processor.py:654} INFO - DAG(s) dict_keys(['example_branch_labels']) retrieved from /home/airflow/.local/lib/python3.6/site-packages/airflow/example_dags/example_branch_labels.py
[2025-05-31 12:08:09,440] {logging_mixin.py:109} INFO - [2025-05-31 12:08:09,440] {dag.py:2396} INFO - Sync 1 DAGs
[2025-05-31 12:08:09,476] {logging_mixin.py:109} INFO - [2025-05-31 12:08:09,476] {dag.py:2935} INFO - Setting next_dagrun for example_branch_labels to 2025-05-30 00:00:00+00:00
[2025-05-31 12:08:09,505] {processor.py:171} INFO - Processing /home/airflow/.local/lib/python3.6/site-packages/airflow/example_dags/example_branch_labels.py took 0.146 seconds
[2025-05-31 12:08:40,121] {processor.py:163} INFO - Started process (PID=30369) to work on /home/airflow/.local/lib/python3.6/site-packages/airflow/example_dags/example_branch_labels.py
[2025-05-31 12:08:40,122] {processor.py:642} INFO - Processing file /home/airflow/.local/lib/python3.6/site-packages/airflow/example_dags/example_branch_labels.py for tasks to queue
[2025-05-31 12:08:40,123] {logging_mixin.py:109} INFO - [2025-05-31 12:08:40,123] {dagbag.py:500} INFO - Filling up the DagBag from /home/airflow/.local/lib/python3.6/site-packages/airflow/example_dags/example_branch_labels.py
[2025-05-31 12:08:40,148] {processor.py:654} INFO - DAG(s) dict_keys(['example_branch_labels']) retrieved from /home/airflow/.local/lib/python3.6/site-packages/airflow/example_dags/example_branch_labels.py
[2025-05-31 12:08:40,158] {logging_mixin.py:109} INFO - [2025-05-31 12:08:40,158] {dag.py:2396} INFO - Sync 1 DAGs
[2025-05-31 12:08:40,175] {logging_mixin.py:109} INFO - [2025-05-31 12:08:40,175] {dag.py:2935} INFO - Setting next_dagrun for example_branch_labels to 2025-05-30 00:00:00+00:00
[2025-05-31 12:08:40,185] {processor.py:171} INFO - Processing /home/airflow/.local/lib/python3.6/site-packages/airflow/example_dags/example_branch_labels.py took 0.067 seconds
[2025-05-31 12:09:10,643] {processor.py:163} INFO - Started process (PID=30554) to work on /home/airflow/.local/lib/python3.6/site-packages/airflow/example_dags/example_branch_labels.py
[2025-05-31 12:09:10,644] {processor.py:642} INFO - Processing file /home/airflow/.local/lib/python3.6/site-packages/airflow/example_dags/example_branch_labels.py for tasks to queue
[2025-05-31 12:09:10,645] {logging_mixin.py:109} INFO - [2025-05-31 12:09:10,645] {dagbag.py:500} INFO - Filling up the DagBag from /home/airflow/.local/lib/python3.6/site-packages/airflow/example_dags/example_branch_labels.py
[2025-05-31 12:09:10,675] {processor.py:654} INFO - DAG(s) dict_keys(['example_branch_labels']) retrieved from /home/airflow/.local/lib/python3.6/site-packages/airflow/example_dags/example_branch_labels.py
[2025-05-31 12:09:10,687] {logging_mixin.py:109} INFO - [2025-05-31 12:09:10,687] {dag.py:2396} INFO - Sync 1 DAGs
[2025-05-31 12:09:10,706] {logging_mixin.py:109} INFO - [2025-05-31 12:09:10,706] {dag.py:2935} INFO - Setting next_dagrun for example_branch_labels to 2025-05-30 00:00:00+00:00
[2025-05-31 12:09:10,717] {processor.py:171} INFO - Processing /home/airflow/.local/lib/python3.6/site-packages/airflow/example_dags/example_branch_labels.py took 0.078 seconds
[2025-05-31 12:09:41,505] {processor.py:163} INFO - Started process (PID=30749) to work on /home/airflow/.local/lib/python3.6/site-packages/airflow/example_dags/example_branch_labels.py
[2025-05-31 12:09:41,506] {processor.py:642} INFO - Processing file /home/airflow/.local/lib/python3.6/site-packages/airflow/example_dags/example_branch_labels.py for tasks to queue
[2025-05-31 12:09:41,507] {logging_mixin.py:109} INFO - [2025-05-31 12:09:41,507] {dagbag.py:500} INFO - Filling up the DagBag from /home/airflow/.local/lib/python3.6/site-packages/airflow/example_dags/example_branch_labels.py
[2025-05-31 12:09:41,537] {processor.py:654} INFO - DAG(s) dict_keys(['example_branch_labels']) retrieved from /home/airflow/.local/lib/python3.6/site-packages/airflow/example_dags/example_branch_labels.py
[2025-05-31 12:09:41,549] {logging_mixin.py:109} INFO - [2025-05-31 12:09:41,549] {dag.py:2396} INFO - Sync 1 DAGs
[2025-05-31 12:09:41,570] {logging_mixin.py:109} INFO - [2025-05-31 12:09:41,569] {dag.py:2935} INFO - Setting next_dagrun for example_branch_labels to 2025-05-30 00:00:00+00:00
[2025-05-31 12:09:41,580] {processor.py:171} INFO - Processing /home/airflow/.local/lib/python3.6/site-packages/airflow/example_dags/example_branch_labels.py took 0.079 seconds
[2025-05-31 12:10:12,031] {processor.py:163} INFO - Started process (PID=30934) to work on /home/airflow/.local/lib/python3.6/site-packages/airflow/example_dags/example_branch_labels.py
[2025-05-31 12:10:12,032] {processor.py:642} INFO - Processing file /home/airflow/.local/lib/python3.6/site-packages/airflow/example_dags/example_branch_labels.py for tasks to queue
[2025-05-31 12:10:12,033] {logging_mixin.py:109} INFO - [2025-05-31 12:10:12,033] {dagbag.py:500} INFO - Filling up the DagBag from /home/airflow/.local/lib/python3.6/site-packages/airflow/example_dags/example_branch_labels.py
[2025-05-31 12:10:12,061] {processor.py:654} INFO - DAG(s) dict_keys(['example_branch_labels']) retrieved from /home/airflow/.local/lib/python3.6/site-packages/airflow/example_dags/example_branch_labels.py
[2025-05-31 12:10:12,072] {logging_mixin.py:109} INFO - [2025-05-31 12:10:12,072] {dag.py:2396} INFO - Sync 1 DAGs
[2025-05-31 12:10:12,092] {logging_mixin.py:109} INFO - [2025-05-31 12:10:12,092] {dag.py:2935} INFO - Setting next_dagrun for example_branch_labels to 2025-05-30 00:00:00+00:00
[2025-05-31 12:10:12,102] {processor.py:171} INFO - Processing /home/airflow/.local/lib/python3.6/site-packages/airflow/example_dags/example_branch_labels.py took 0.074 seconds
[2025-05-31 12:10:42,691] {processor.py:163} INFO - Started process (PID=31119) to work on /home/airflow/.local/lib/python3.6/site-packages/airflow/example_dags/example_branch_labels.py
[2025-05-31 12:10:42,692] {processor.py:642} INFO - Processing file /home/airflow/.local/lib/python3.6/site-packages/airflow/example_dags/example_branch_labels.py for tasks to queue
[2025-05-31 12:10:42,693] {logging_mixin.py:109} INFO - [2025-05-31 12:10:42,693] {dagbag.py:500} INFO - Filling up the DagBag from /home/airflow/.local/lib/python3.6/site-packages/airflow/example_dags/example_branch_labels.py
[2025-05-31 12:10:42,723] {processor.py:654} INFO - DAG(s) dict_keys(['example_branch_labels']) retrieved from /home/airflow/.local/lib/python3.6/site-packages/airflow/example_dags/example_branch_labels.py
[2025-05-31 12:10:42,735] {logging_mixin.py:109} INFO - [2025-05-31 12:10:42,735] {dag.py:2396} INFO - Sync 1 DAGs
[2025-05-31 12:10:42,754] {logging_mixin.py:109} INFO - [2025-05-31 12:10:42,754] {dag.py:2935} INFO - Setting next_dagrun for example_branch_labels to 2025-05-30 00:00:00+00:00
[2025-05-31 12:10:42,765] {processor.py:171} INFO - Processing /home/airflow/.local/lib/python3.6/site-packages/airflow/example_dags/example_branch_labels.py took 0.077 seconds
[2025-05-31 17:31:04,916] {processor.py:163} INFO - Started process (PID=189) to work on /home/airflow/.local/lib/python3.6/site-packages/airflow/example_dags/example_branch_labels.py
[2025-05-31 17:31:04,919] {processor.py:642} INFO - Processing file /home/airflow/.local/lib/python3.6/site-packages/airflow/example_dags/example_branch_labels.py for tasks to queue
[2025-05-31 17:31:04,921] {logging_mixin.py:109} INFO - [2025-05-31 17:31:04,921] {dagbag.py:500} INFO - Filling up the DagBag from /home/airflow/.local/lib/python3.6/site-packages/airflow/example_dags/example_branch_labels.py
[2025-05-31 17:31:04,977] {processor.py:654} INFO - DAG(s) dict_keys(['example_branch_labels']) retrieved from /home/airflow/.local/lib/python3.6/site-packages/airflow/example_dags/example_branch_labels.py
[2025-05-31 17:31:05,005] {logging_mixin.py:109} INFO - [2025-05-31 17:31:05,005] {dag.py:2396} INFO - Sync 1 DAGs
[2025-05-31 17:31:05,054] {logging_mixin.py:109} INFO - [2025-05-31 17:31:05,054] {dag.py:2935} INFO - Setting next_dagrun for example_branch_labels to 2025-05-30 00:00:00+00:00
[2025-05-31 17:31:05,075] {processor.py:171} INFO - Processing /home/airflow/.local/lib/python3.6/site-packages/airflow/example_dags/example_branch_labels.py took 0.165 seconds
[2025-05-31 17:31:35,700] {processor.py:163} INFO - Started process (PID=369) to work on /home/airflow/.local/lib/python3.6/site-packages/airflow/example_dags/example_branch_labels.py
[2025-05-31 17:31:35,703] {processor.py:642} INFO - Processing file /home/airflow/.local/lib/python3.6/site-packages/airflow/example_dags/example_branch_labels.py for tasks to queue
[2025-05-31 17:31:35,705] {logging_mixin.py:109} INFO - [2025-05-31 17:31:35,705] {dagbag.py:500} INFO - Filling up the DagBag from /home/airflow/.local/lib/python3.6/site-packages/airflow/example_dags/example_branch_labels.py
[2025-05-31 17:31:35,967] {processor.py:654} INFO - DAG(s) dict_keys(['example_branch_labels']) retrieved from /home/airflow/.local/lib/python3.6/site-packages/airflow/example_dags/example_branch_labels.py
[2025-05-31 17:31:36,062] {logging_mixin.py:109} INFO - [2025-05-31 17:31:36,062] {dag.py:2396} INFO - Sync 1 DAGs
[2025-05-31 17:31:36,141] {logging_mixin.py:109} INFO - [2025-05-31 17:31:36,140] {dag.py:2935} INFO - Setting next_dagrun for example_branch_labels to 2025-05-30 00:00:00+00:00
[2025-05-31 17:31:36,190] {processor.py:171} INFO - Processing /home/airflow/.local/lib/python3.6/site-packages/airflow/example_dags/example_branch_labels.py took 0.499 seconds
[2025-05-31 17:32:06,833] {processor.py:163} INFO - Started process (PID=556) to work on /home/airflow/.local/lib/python3.6/site-packages/airflow/example_dags/example_branch_labels.py
[2025-05-31 17:32:06,838] {processor.py:642} INFO - Processing file /home/airflow/.local/lib/python3.6/site-packages/airflow/example_dags/example_branch_labels.py for tasks to queue
[2025-05-31 17:32:06,844] {logging_mixin.py:109} INFO - [2025-05-31 17:32:06,843] {dagbag.py:500} INFO - Filling up the DagBag from /home/airflow/.local/lib/python3.6/site-packages/airflow/example_dags/example_branch_labels.py
[2025-05-31 17:32:06,952] {processor.py:654} INFO - DAG(s) dict_keys(['example_branch_labels']) retrieved from /home/airflow/.local/lib/python3.6/site-packages/airflow/example_dags/example_branch_labels.py
[2025-05-31 17:32:06,983] {logging_mixin.py:109} INFO - [2025-05-31 17:32:06,983] {dag.py:2396} INFO - Sync 1 DAGs
[2025-05-31 17:32:07,031] {logging_mixin.py:109} INFO - [2025-05-31 17:32:07,031] {dag.py:2935} INFO - Setting next_dagrun for example_branch_labels to 2025-05-30 00:00:00+00:00
[2025-05-31 17:32:07,062] {processor.py:171} INFO - Processing /home/airflow/.local/lib/python3.6/site-packages/airflow/example_dags/example_branch_labels.py took 0.245 seconds
[2025-05-31 17:32:37,645] {processor.py:163} INFO - Started process (PID=754) to work on /home/airflow/.local/lib/python3.6/site-packages/airflow/example_dags/example_branch_labels.py
[2025-05-31 17:32:37,650] {processor.py:642} INFO - Processing file /home/airflow/.local/lib/python3.6/site-packages/airflow/example_dags/example_branch_labels.py for tasks to queue
[2025-05-31 17:32:37,653] {logging_mixin.py:109} INFO - [2025-05-31 17:32:37,653] {dagbag.py:500} INFO - Filling up the DagBag from /home/airflow/.local/lib/python3.6/site-packages/airflow/example_dags/example_branch_labels.py
[2025-05-31 17:32:37,702] {processor.py:654} INFO - DAG(s) dict_keys(['example_branch_labels']) retrieved from /home/airflow/.local/lib/python3.6/site-packages/airflow/example_dags/example_branch_labels.py
[2025-05-31 17:32:37,720] {logging_mixin.py:109} INFO - [2025-05-31 17:32:37,720] {dag.py:2396} INFO - Sync 1 DAGs
[2025-05-31 17:32:37,754] {logging_mixin.py:109} INFO - [2025-05-31 17:32:37,754] {dag.py:2935} INFO - Setting next_dagrun for example_branch_labels to 2025-05-30 00:00:00+00:00
[2025-05-31 17:32:37,769] {processor.py:171} INFO - Processing /home/airflow/.local/lib/python3.6/site-packages/airflow/example_dags/example_branch_labels.py took 0.131 seconds
[2025-05-31 17:33:07,952] {processor.py:163} INFO - Started process (PID=947) to work on /home/airflow/.local/lib/python3.6/site-packages/airflow/example_dags/example_branch_labels.py
[2025-05-31 17:33:07,954] {processor.py:642} INFO - Processing file /home/airflow/.local/lib/python3.6/site-packages/airflow/example_dags/example_branch_labels.py for tasks to queue
[2025-05-31 17:33:07,956] {logging_mixin.py:109} INFO - [2025-05-31 17:33:07,955] {dagbag.py:500} INFO - Filling up the DagBag from /home/airflow/.local/lib/python3.6/site-packages/airflow/example_dags/example_branch_labels.py
[2025-05-31 17:33:08,000] {processor.py:654} INFO - DAG(s) dict_keys(['example_branch_labels']) retrieved from /home/airflow/.local/lib/python3.6/site-packages/airflow/example_dags/example_branch_labels.py
[2025-05-31 17:33:08,018] {logging_mixin.py:109} INFO - [2025-05-31 17:33:08,017] {dag.py:2396} INFO - Sync 1 DAGs
[2025-05-31 17:33:08,047] {logging_mixin.py:109} INFO - [2025-05-31 17:33:08,047] {dag.py:2935} INFO - Setting next_dagrun for example_branch_labels to 2025-05-30 00:00:00+00:00
[2025-05-31 17:33:08,065] {processor.py:171} INFO - Processing /home/airflow/.local/lib/python3.6/site-packages/airflow/example_dags/example_branch_labels.py took 0.117 seconds
[2025-05-31 17:33:38,697] {processor.py:163} INFO - Started process (PID=1141) to work on /home/airflow/.local/lib/python3.6/site-packages/airflow/example_dags/example_branch_labels.py
[2025-05-31 17:33:38,699] {processor.py:642} INFO - Processing file /home/airflow/.local/lib/python3.6/site-packages/airflow/example_dags/example_branch_labels.py for tasks to queue
[2025-05-31 17:33:38,701] {logging_mixin.py:109} INFO - [2025-05-31 17:33:38,701] {dagbag.py:500} INFO - Filling up the DagBag from /home/airflow/.local/lib/python3.6/site-packages/airflow/example_dags/example_branch_labels.py
[2025-05-31 17:33:38,764] {processor.py:654} INFO - DAG(s) dict_keys(['example_branch_labels']) retrieved from /home/airflow/.local/lib/python3.6/site-packages/airflow/example_dags/example_branch_labels.py
[2025-05-31 17:33:38,785] {logging_mixin.py:109} INFO - [2025-05-31 17:33:38,785] {dag.py:2396} INFO - Sync 1 DAGs
[2025-05-31 17:33:38,822] {logging_mixin.py:109} INFO - [2025-05-31 17:33:38,822] {dag.py:2935} INFO - Setting next_dagrun for example_branch_labels to 2025-05-30 00:00:00+00:00
[2025-05-31 17:33:38,838] {processor.py:171} INFO - Processing /home/airflow/.local/lib/python3.6/site-packages/airflow/example_dags/example_branch_labels.py took 0.147 seconds
[2025-05-31 17:34:09,799] {processor.py:163} INFO - Started process (PID=1334) to work on /home/airflow/.local/lib/python3.6/site-packages/airflow/example_dags/example_branch_labels.py
[2025-05-31 17:34:09,802] {processor.py:642} INFO - Processing file /home/airflow/.local/lib/python3.6/site-packages/airflow/example_dags/example_branch_labels.py for tasks to queue
[2025-05-31 17:34:09,805] {logging_mixin.py:109} INFO - [2025-05-31 17:34:09,805] {dagbag.py:500} INFO - Filling up the DagBag from /home/airflow/.local/lib/python3.6/site-packages/airflow/example_dags/example_branch_labels.py
[2025-05-31 17:34:09,880] {processor.py:654} INFO - DAG(s) dict_keys(['example_branch_labels']) retrieved from /home/airflow/.local/lib/python3.6/site-packages/airflow/example_dags/example_branch_labels.py
[2025-05-31 17:34:09,902] {logging_mixin.py:109} INFO - [2025-05-31 17:34:09,901] {dag.py:2396} INFO - Sync 1 DAGs
[2025-05-31 17:34:09,941] {logging_mixin.py:109} INFO - [2025-05-31 17:34:09,941] {dag.py:2935} INFO - Setting next_dagrun for example_branch_labels to 2025-05-30 00:00:00+00:00
[2025-05-31 17:34:09,960] {processor.py:171} INFO - Processing /home/airflow/.local/lib/python3.6/site-packages/airflow/example_dags/example_branch_labels.py took 0.169 seconds
[2025-05-31 17:34:40,171] {processor.py:163} INFO - Started process (PID=1528) to work on /home/airflow/.local/lib/python3.6/site-packages/airflow/example_dags/example_branch_labels.py
[2025-05-31 17:34:40,174] {processor.py:642} INFO - Processing file /home/airflow/.local/lib/python3.6/site-packages/airflow/example_dags/example_branch_labels.py for tasks to queue
[2025-05-31 17:34:40,175] {logging_mixin.py:109} INFO - [2025-05-31 17:34:40,175] {dagbag.py:500} INFO - Filling up the DagBag from /home/airflow/.local/lib/python3.6/site-packages/airflow/example_dags/example_branch_labels.py
[2025-05-31 17:34:40,225] {processor.py:654} INFO - DAG(s) dict_keys(['example_branch_labels']) retrieved from /home/airflow/.local/lib/python3.6/site-packages/airflow/example_dags/example_branch_labels.py
[2025-05-31 17:34:40,253] {logging_mixin.py:109} INFO - [2025-05-31 17:34:40,253] {dag.py:2396} INFO - Sync 1 DAGs
[2025-05-31 17:34:40,300] {logging_mixin.py:109} INFO - [2025-05-31 17:34:40,300] {dag.py:2935} INFO - Setting next_dagrun for example_branch_labels to 2025-05-30 00:00:00+00:00
[2025-05-31 17:34:40,319] {processor.py:171} INFO - Processing /home/airflow/.local/lib/python3.6/site-packages/airflow/example_dags/example_branch_labels.py took 0.153 seconds
[2025-05-31 17:35:10,691] {processor.py:163} INFO - Started process (PID=1708) to work on /home/airflow/.local/lib/python3.6/site-packages/airflow/example_dags/example_branch_labels.py
[2025-05-31 17:35:10,694] {processor.py:642} INFO - Processing file /home/airflow/.local/lib/python3.6/site-packages/airflow/example_dags/example_branch_labels.py for tasks to queue
[2025-05-31 17:35:10,696] {logging_mixin.py:109} INFO - [2025-05-31 17:35:10,696] {dagbag.py:500} INFO - Filling up the DagBag from /home/airflow/.local/lib/python3.6/site-packages/airflow/example_dags/example_branch_labels.py
[2025-05-31 17:35:10,756] {processor.py:654} INFO - DAG(s) dict_keys(['example_branch_labels']) retrieved from /home/airflow/.local/lib/python3.6/site-packages/airflow/example_dags/example_branch_labels.py
[2025-05-31 17:35:10,775] {logging_mixin.py:109} INFO - [2025-05-31 17:35:10,775] {dag.py:2396} INFO - Sync 1 DAGs
[2025-05-31 17:35:10,814] {logging_mixin.py:109} INFO - [2025-05-31 17:35:10,814] {dag.py:2935} INFO - Setting next_dagrun for example_branch_labels to 2025-05-30 00:00:00+00:00
[2025-05-31 17:35:10,831] {processor.py:171} INFO - Processing /home/airflow/.local/lib/python3.6/site-packages/airflow/example_dags/example_branch_labels.py took 0.147 seconds
[2025-05-31 17:35:40,949] {processor.py:163} INFO - Started process (PID=1888) to work on /home/airflow/.local/lib/python3.6/site-packages/airflow/example_dags/example_branch_labels.py
[2025-05-31 17:35:40,952] {processor.py:642} INFO - Processing file /home/airflow/.local/lib/python3.6/site-packages/airflow/example_dags/example_branch_labels.py for tasks to queue
[2025-05-31 17:35:40,953] {logging_mixin.py:109} INFO - [2025-05-31 17:35:40,953] {dagbag.py:500} INFO - Filling up the DagBag from /home/airflow/.local/lib/python3.6/site-packages/airflow/example_dags/example_branch_labels.py
[2025-05-31 17:35:41,009] {processor.py:654} INFO - DAG(s) dict_keys(['example_branch_labels']) retrieved from /home/airflow/.local/lib/python3.6/site-packages/airflow/example_dags/example_branch_labels.py
[2025-05-31 17:35:41,029] {logging_mixin.py:109} INFO - [2025-05-31 17:35:41,029] {dag.py:2396} INFO - Sync 1 DAGs
[2025-05-31 17:35:41,068] {logging_mixin.py:109} INFO - [2025-05-31 17:35:41,068] {dag.py:2935} INFO - Setting next_dagrun for example_branch_labels to 2025-05-30 00:00:00+00:00
[2025-05-31 17:35:41,084] {processor.py:171} INFO - Processing /home/airflow/.local/lib/python3.6/site-packages/airflow/example_dags/example_branch_labels.py took 0.143 seconds
[2025-05-31 17:36:11,285] {processor.py:163} INFO - Started process (PID=2104) to work on /home/airflow/.local/lib/python3.6/site-packages/airflow/example_dags/example_branch_labels.py
[2025-05-31 17:36:11,289] {processor.py:642} INFO - Processing file /home/airflow/.local/lib/python3.6/site-packages/airflow/example_dags/example_branch_labels.py for tasks to queue
[2025-05-31 17:36:11,290] {logging_mixin.py:109} INFO - [2025-05-31 17:36:11,290] {dagbag.py:500} INFO - Filling up the DagBag from /home/airflow/.local/lib/python3.6/site-packages/airflow/example_dags/example_branch_labels.py
[2025-05-31 17:36:11,353] {processor.py:654} INFO - DAG(s) dict_keys(['example_branch_labels']) retrieved from /home/airflow/.local/lib/python3.6/site-packages/airflow/example_dags/example_branch_labels.py
[2025-05-31 17:36:11,380] {logging_mixin.py:109} INFO - [2025-05-31 17:36:11,380] {dag.py:2396} INFO - Sync 1 DAGs
[2025-05-31 17:36:11,425] {logging_mixin.py:109} INFO - [2025-05-31 17:36:11,425] {dag.py:2935} INFO - Setting next_dagrun for example_branch_labels to 2025-05-30 00:00:00+00:00
[2025-05-31 17:36:11,442] {processor.py:171} INFO - Processing /home/airflow/.local/lib/python3.6/site-packages/airflow/example_dags/example_branch_labels.py took 0.164 seconds
[2025-05-31 17:36:42,089] {processor.py:163} INFO - Started process (PID=2311) to work on /home/airflow/.local/lib/python3.6/site-packages/airflow/example_dags/example_branch_labels.py
[2025-05-31 17:36:42,091] {processor.py:642} INFO - Processing file /home/airflow/.local/lib/python3.6/site-packages/airflow/example_dags/example_branch_labels.py for tasks to queue
[2025-05-31 17:36:42,093] {logging_mixin.py:109} INFO - [2025-05-31 17:36:42,093] {dagbag.py:500} INFO - Filling up the DagBag from /home/airflow/.local/lib/python3.6/site-packages/airflow/example_dags/example_branch_labels.py
[2025-05-31 17:36:42,160] {processor.py:654} INFO - DAG(s) dict_keys(['example_branch_labels']) retrieved from /home/airflow/.local/lib/python3.6/site-packages/airflow/example_dags/example_branch_labels.py
[2025-05-31 17:36:42,207] {logging_mixin.py:109} INFO - [2025-05-31 17:36:42,206] {dag.py:2396} INFO - Sync 1 DAGs
[2025-05-31 17:36:42,281] {logging_mixin.py:109} INFO - [2025-05-31 17:36:42,281] {dag.py:2935} INFO - Setting next_dagrun for example_branch_labels to 2025-05-30 00:00:00+00:00
[2025-05-31 17:36:42,311] {processor.py:171} INFO - Processing /home/airflow/.local/lib/python3.6/site-packages/airflow/example_dags/example_branch_labels.py took 0.230 seconds
[2025-05-31 17:37:12,534] {processor.py:163} INFO - Started process (PID=2495) to work on /home/airflow/.local/lib/python3.6/site-packages/airflow/example_dags/example_branch_labels.py
[2025-05-31 17:37:12,537] {processor.py:642} INFO - Processing file /home/airflow/.local/lib/python3.6/site-packages/airflow/example_dags/example_branch_labels.py for tasks to queue
[2025-05-31 17:37:12,540] {logging_mixin.py:109} INFO - [2025-05-31 17:37:12,539] {dagbag.py:500} INFO - Filling up the DagBag from /home/airflow/.local/lib/python3.6/site-packages/airflow/example_dags/example_branch_labels.py
[2025-05-31 17:37:12,603] {processor.py:654} INFO - DAG(s) dict_keys(['example_branch_labels']) retrieved from /home/airflow/.local/lib/python3.6/site-packages/airflow/example_dags/example_branch_labels.py
[2025-05-31 17:37:12,623] {logging_mixin.py:109} INFO - [2025-05-31 17:37:12,623] {dag.py:2396} INFO - Sync 1 DAGs
[2025-05-31 17:37:12,659] {logging_mixin.py:109} INFO - [2025-05-31 17:37:12,659] {dag.py:2935} INFO - Setting next_dagrun for example_branch_labels to 2025-05-30 00:00:00+00:00
[2025-05-31 17:37:12,675] {processor.py:171} INFO - Processing /home/airflow/.local/lib/python3.6/site-packages/airflow/example_dags/example_branch_labels.py took 0.150 seconds
[2025-05-31 17:37:42,910] {processor.py:163} INFO - Started process (PID=2688) to work on /home/airflow/.local/lib/python3.6/site-packages/airflow/example_dags/example_branch_labels.py
[2025-05-31 17:37:42,913] {processor.py:642} INFO - Processing file /home/airflow/.local/lib/python3.6/site-packages/airflow/example_dags/example_branch_labels.py for tasks to queue
[2025-05-31 17:37:42,916] {logging_mixin.py:109} INFO - [2025-05-31 17:37:42,916] {dagbag.py:500} INFO - Filling up the DagBag from /home/airflow/.local/lib/python3.6/site-packages/airflow/example_dags/example_branch_labels.py
[2025-05-31 17:37:42,990] {processor.py:654} INFO - DAG(s) dict_keys(['example_branch_labels']) retrieved from /home/airflow/.local/lib/python3.6/site-packages/airflow/example_dags/example_branch_labels.py
[2025-05-31 17:37:43,033] {logging_mixin.py:109} INFO - [2025-05-31 17:37:43,033] {dag.py:2396} INFO - Sync 1 DAGs
[2025-05-31 17:37:43,090] {logging_mixin.py:109} INFO - [2025-05-31 17:37:43,090] {dag.py:2935} INFO - Setting next_dagrun for example_branch_labels to 2025-05-30 00:00:00+00:00
[2025-05-31 17:37:43,119] {processor.py:171} INFO - Processing /home/airflow/.local/lib/python3.6/site-packages/airflow/example_dags/example_branch_labels.py took 0.216 seconds
[2025-05-31 17:38:13,860] {processor.py:163} INFO - Started process (PID=2881) to work on /home/airflow/.local/lib/python3.6/site-packages/airflow/example_dags/example_branch_labels.py
[2025-05-31 17:38:13,862] {processor.py:642} INFO - Processing file /home/airflow/.local/lib/python3.6/site-packages/airflow/example_dags/example_branch_labels.py for tasks to queue
[2025-05-31 17:38:13,864] {logging_mixin.py:109} INFO - [2025-05-31 17:38:13,864] {dagbag.py:500} INFO - Filling up the DagBag from /home/airflow/.local/lib/python3.6/site-packages/airflow/example_dags/example_branch_labels.py
[2025-05-31 17:38:13,911] {processor.py:654} INFO - DAG(s) dict_keys(['example_branch_labels']) retrieved from /home/airflow/.local/lib/python3.6/site-packages/airflow/example_dags/example_branch_labels.py
[2025-05-31 17:38:13,929] {logging_mixin.py:109} INFO - [2025-05-31 17:38:13,929] {dag.py:2396} INFO - Sync 1 DAGs
[2025-05-31 17:38:13,965] {logging_mixin.py:109} INFO - [2025-05-31 17:38:13,965] {dag.py:2935} INFO - Setting next_dagrun for example_branch_labels to 2025-05-30 00:00:00+00:00
[2025-05-31 17:38:13,984] {processor.py:171} INFO - Processing /home/airflow/.local/lib/python3.6/site-packages/airflow/example_dags/example_branch_labels.py took 0.130 seconds
[2025-05-31 17:38:44,238] {processor.py:163} INFO - Started process (PID=3074) to work on /home/airflow/.local/lib/python3.6/site-packages/airflow/example_dags/example_branch_labels.py
[2025-05-31 17:38:44,240] {processor.py:642} INFO - Processing file /home/airflow/.local/lib/python3.6/site-packages/airflow/example_dags/example_branch_labels.py for tasks to queue
[2025-05-31 17:38:44,242] {logging_mixin.py:109} INFO - [2025-05-31 17:38:44,242] {dagbag.py:500} INFO - Filling up the DagBag from /home/airflow/.local/lib/python3.6/site-packages/airflow/example_dags/example_branch_labels.py
[2025-05-31 17:38:44,291] {processor.py:654} INFO - DAG(s) dict_keys(['example_branch_labels']) retrieved from /home/airflow/.local/lib/python3.6/site-packages/airflow/example_dags/example_branch_labels.py
[2025-05-31 17:38:44,312] {logging_mixin.py:109} INFO - [2025-05-31 17:38:44,312] {dag.py:2396} INFO - Sync 1 DAGs
[2025-05-31 17:38:44,350] {logging_mixin.py:109} INFO - [2025-05-31 17:38:44,350] {dag.py:2935} INFO - Setting next_dagrun for example_branch_labels to 2025-05-30 00:00:00+00:00
[2025-05-31 17:38:44,371] {processor.py:171} INFO - Processing /home/airflow/.local/lib/python3.6/site-packages/airflow/example_dags/example_branch_labels.py took 0.139 seconds
[2025-05-31 17:39:14,696] {processor.py:163} INFO - Started process (PID=3267) to work on /home/airflow/.local/lib/python3.6/site-packages/airflow/example_dags/example_branch_labels.py
[2025-05-31 17:39:14,699] {processor.py:642} INFO - Processing file /home/airflow/.local/lib/python3.6/site-packages/airflow/example_dags/example_branch_labels.py for tasks to queue
[2025-05-31 17:39:14,701] {logging_mixin.py:109} INFO - [2025-05-31 17:39:14,701] {dagbag.py:500} INFO - Filling up the DagBag from /home/airflow/.local/lib/python3.6/site-packages/airflow/example_dags/example_branch_labels.py
[2025-05-31 17:39:14,759] {processor.py:654} INFO - DAG(s) dict_keys(['example_branch_labels']) retrieved from /home/airflow/.local/lib/python3.6/site-packages/airflow/example_dags/example_branch_labels.py
[2025-05-31 17:39:14,786] {logging_mixin.py:109} INFO - [2025-05-31 17:39:14,786] {dag.py:2396} INFO - Sync 1 DAGs
[2025-05-31 17:39:14,836] {logging_mixin.py:109} INFO - [2025-05-31 17:39:14,836] {dag.py:2935} INFO - Setting next_dagrun for example_branch_labels to 2025-05-30 00:00:00+00:00
[2025-05-31 17:39:14,861] {processor.py:171} INFO - Processing /home/airflow/.local/lib/python3.6/site-packages/airflow/example_dags/example_branch_labels.py took 0.171 seconds
[2025-05-31 17:39:45,192] {processor.py:163} INFO - Started process (PID=3473) to work on /home/airflow/.local/lib/python3.6/site-packages/airflow/example_dags/example_branch_labels.py
[2025-05-31 17:39:45,196] {processor.py:642} INFO - Processing file /home/airflow/.local/lib/python3.6/site-packages/airflow/example_dags/example_branch_labels.py for tasks to queue
[2025-05-31 17:39:45,199] {logging_mixin.py:109} INFO - [2025-05-31 17:39:45,199] {dagbag.py:500} INFO - Filling up the DagBag from /home/airflow/.local/lib/python3.6/site-packages/airflow/example_dags/example_branch_labels.py
[2025-05-31 17:39:45,274] {processor.py:654} INFO - DAG(s) dict_keys(['example_branch_labels']) retrieved from /home/airflow/.local/lib/python3.6/site-packages/airflow/example_dags/example_branch_labels.py
[2025-05-31 17:39:45,297] {logging_mixin.py:109} INFO - [2025-05-31 17:39:45,297] {dag.py:2396} INFO - Sync 1 DAGs
[2025-05-31 17:39:45,344] {logging_mixin.py:109} INFO - [2025-05-31 17:39:45,344] {dag.py:2935} INFO - Setting next_dagrun for example_branch_labels to 2025-05-30 00:00:00+00:00
[2025-05-31 17:39:45,370] {processor.py:171} INFO - Processing /home/airflow/.local/lib/python3.6/site-packages/airflow/example_dags/example_branch_labels.py took 0.187 seconds
[2025-05-31 17:40:15,671] {processor.py:163} INFO - Started process (PID=3666) to work on /home/airflow/.local/lib/python3.6/site-packages/airflow/example_dags/example_branch_labels.py
[2025-05-31 17:40:15,677] {processor.py:642} INFO - Processing file /home/airflow/.local/lib/python3.6/site-packages/airflow/example_dags/example_branch_labels.py for tasks to queue
[2025-05-31 17:40:15,683] {logging_mixin.py:109} INFO - [2025-05-31 17:40:15,682] {dagbag.py:500} INFO - Filling up the DagBag from /home/airflow/.local/lib/python3.6/site-packages/airflow/example_dags/example_branch_labels.py
[2025-05-31 17:40:15,785] {processor.py:654} INFO - DAG(s) dict_keys(['example_branch_labels']) retrieved from /home/airflow/.local/lib/python3.6/site-packages/airflow/example_dags/example_branch_labels.py
[2025-05-31 17:40:15,815] {logging_mixin.py:109} INFO - [2025-05-31 17:40:15,815] {dag.py:2396} INFO - Sync 1 DAGs
[2025-05-31 17:40:15,871] {logging_mixin.py:109} INFO - [2025-05-31 17:40:15,871] {dag.py:2935} INFO - Setting next_dagrun for example_branch_labels to 2025-05-30 00:00:00+00:00
[2025-05-31 17:40:15,896] {processor.py:171} INFO - Processing /home/airflow/.local/lib/python3.6/site-packages/airflow/example_dags/example_branch_labels.py took 0.245 seconds
[2025-05-31 17:40:46,049] {processor.py:163} INFO - Started process (PID=3860) to work on /home/airflow/.local/lib/python3.6/site-packages/airflow/example_dags/example_branch_labels.py
[2025-05-31 17:40:46,052] {processor.py:642} INFO - Processing file /home/airflow/.local/lib/python3.6/site-packages/airflow/example_dags/example_branch_labels.py for tasks to queue
[2025-05-31 17:40:46,054] {logging_mixin.py:109} INFO - [2025-05-31 17:40:46,053] {dagbag.py:500} INFO - Filling up the DagBag from /home/airflow/.local/lib/python3.6/site-packages/airflow/example_dags/example_branch_labels.py
[2025-05-31 17:40:46,130] {processor.py:654} INFO - DAG(s) dict_keys(['example_branch_labels']) retrieved from /home/airflow/.local/lib/python3.6/site-packages/airflow/example_dags/example_branch_labels.py
[2025-05-31 17:40:46,169] {logging_mixin.py:109} INFO - [2025-05-31 17:40:46,169] {dag.py:2396} INFO - Sync 1 DAGs
[2025-05-31 17:40:46,256] {logging_mixin.py:109} INFO - [2025-05-31 17:40:46,256] {dag.py:2935} INFO - Setting next_dagrun for example_branch_labels to 2025-05-30 00:00:00+00:00
[2025-05-31 17:40:46,296] {processor.py:171} INFO - Processing /home/airflow/.local/lib/python3.6/site-packages/airflow/example_dags/example_branch_labels.py took 0.255 seconds
[2025-05-31 17:41:16,784] {processor.py:163} INFO - Started process (PID=4053) to work on /home/airflow/.local/lib/python3.6/site-packages/airflow/example_dags/example_branch_labels.py
[2025-05-31 17:41:16,786] {processor.py:642} INFO - Processing file /home/airflow/.local/lib/python3.6/site-packages/airflow/example_dags/example_branch_labels.py for tasks to queue
[2025-05-31 17:41:16,788] {logging_mixin.py:109} INFO - [2025-05-31 17:41:16,788] {dagbag.py:500} INFO - Filling up the DagBag from /home/airflow/.local/lib/python3.6/site-packages/airflow/example_dags/example_branch_labels.py
[2025-05-31 17:41:16,906] {processor.py:654} INFO - DAG(s) dict_keys(['example_branch_labels']) retrieved from /home/airflow/.local/lib/python3.6/site-packages/airflow/example_dags/example_branch_labels.py
[2025-05-31 17:41:16,967] {logging_mixin.py:109} INFO - [2025-05-31 17:41:16,966] {dag.py:2396} INFO - Sync 1 DAGs
[2025-05-31 17:41:17,014] {logging_mixin.py:109} INFO - [2025-05-31 17:41:17,014] {dag.py:2935} INFO - Setting next_dagrun for example_branch_labels to 2025-05-30 00:00:00+00:00
[2025-05-31 17:41:17,044] {processor.py:171} INFO - Processing /home/airflow/.local/lib/python3.6/site-packages/airflow/example_dags/example_branch_labels.py took 0.272 seconds
[2025-05-31 17:41:47,753] {processor.py:163} INFO - Started process (PID=4246) to work on /home/airflow/.local/lib/python3.6/site-packages/airflow/example_dags/example_branch_labels.py
[2025-05-31 17:41:47,756] {processor.py:642} INFO - Processing file /home/airflow/.local/lib/python3.6/site-packages/airflow/example_dags/example_branch_labels.py for tasks to queue
[2025-05-31 17:41:47,758] {logging_mixin.py:109} INFO - [2025-05-31 17:41:47,758] {dagbag.py:500} INFO - Filling up the DagBag from /home/airflow/.local/lib/python3.6/site-packages/airflow/example_dags/example_branch_labels.py
[2025-05-31 17:41:47,808] {processor.py:654} INFO - DAG(s) dict_keys(['example_branch_labels']) retrieved from /home/airflow/.local/lib/python3.6/site-packages/airflow/example_dags/example_branch_labels.py
[2025-05-31 17:41:47,830] {logging_mixin.py:109} INFO - [2025-05-31 17:41:47,830] {dag.py:2396} INFO - Sync 1 DAGs
[2025-05-31 17:41:47,865] {logging_mixin.py:109} INFO - [2025-05-31 17:41:47,864] {dag.py:2935} INFO - Setting next_dagrun for example_branch_labels to 2025-05-30 00:00:00+00:00
[2025-05-31 17:41:47,888] {processor.py:171} INFO - Processing /home/airflow/.local/lib/python3.6/site-packages/airflow/example_dags/example_branch_labels.py took 0.142 seconds
[2025-05-31 17:42:18,119] {processor.py:163} INFO - Started process (PID=4429) to work on /home/airflow/.local/lib/python3.6/site-packages/airflow/example_dags/example_branch_labels.py
[2025-05-31 17:42:18,122] {processor.py:642} INFO - Processing file /home/airflow/.local/lib/python3.6/site-packages/airflow/example_dags/example_branch_labels.py for tasks to queue
[2025-05-31 17:42:18,125] {logging_mixin.py:109} INFO - [2025-05-31 17:42:18,125] {dagbag.py:500} INFO - Filling up the DagBag from /home/airflow/.local/lib/python3.6/site-packages/airflow/example_dags/example_branch_labels.py
[2025-05-31 17:42:18,224] {processor.py:654} INFO - DAG(s) dict_keys(['example_branch_labels']) retrieved from /home/airflow/.local/lib/python3.6/site-packages/airflow/example_dags/example_branch_labels.py
[2025-05-31 17:42:18,264] {logging_mixin.py:109} INFO - [2025-05-31 17:42:18,263] {dag.py:2396} INFO - Sync 1 DAGs
[2025-05-31 17:42:18,303] {logging_mixin.py:109} INFO - [2025-05-31 17:42:18,303] {dag.py:2935} INFO - Setting next_dagrun for example_branch_labels to 2025-05-30 00:00:00+00:00
[2025-05-31 17:42:18,324] {processor.py:171} INFO - Processing /home/airflow/.local/lib/python3.6/site-packages/airflow/example_dags/example_branch_labels.py took 0.218 seconds
[2025-05-31 17:42:48,613] {processor.py:163} INFO - Started process (PID=4620) to work on /home/airflow/.local/lib/python3.6/site-packages/airflow/example_dags/example_branch_labels.py
[2025-05-31 17:42:48,615] {processor.py:642} INFO - Processing file /home/airflow/.local/lib/python3.6/site-packages/airflow/example_dags/example_branch_labels.py for tasks to queue
[2025-05-31 17:42:48,616] {logging_mixin.py:109} INFO - [2025-05-31 17:42:48,616] {dagbag.py:500} INFO - Filling up the DagBag from /home/airflow/.local/lib/python3.6/site-packages/airflow/example_dags/example_branch_labels.py
[2025-05-31 17:42:48,673] {processor.py:654} INFO - DAG(s) dict_keys(['example_branch_labels']) retrieved from /home/airflow/.local/lib/python3.6/site-packages/airflow/example_dags/example_branch_labels.py
[2025-05-31 17:42:48,697] {logging_mixin.py:109} INFO - [2025-05-31 17:42:48,696] {dag.py:2396} INFO - Sync 1 DAGs
[2025-05-31 17:42:48,758] {logging_mixin.py:109} INFO - [2025-05-31 17:42:48,758] {dag.py:2935} INFO - Setting next_dagrun for example_branch_labels to 2025-05-30 00:00:00+00:00
[2025-05-31 17:42:48,788] {processor.py:171} INFO - Processing /home/airflow/.local/lib/python3.6/site-packages/airflow/example_dags/example_branch_labels.py took 0.181 seconds
[2025-05-31 17:43:19,460] {processor.py:163} INFO - Started process (PID=4813) to work on /home/airflow/.local/lib/python3.6/site-packages/airflow/example_dags/example_branch_labels.py
[2025-05-31 17:43:19,465] {processor.py:642} INFO - Processing file /home/airflow/.local/lib/python3.6/site-packages/airflow/example_dags/example_branch_labels.py for tasks to queue
[2025-05-31 17:43:19,467] {logging_mixin.py:109} INFO - [2025-05-31 17:43:19,467] {dagbag.py:500} INFO - Filling up the DagBag from /home/airflow/.local/lib/python3.6/site-packages/airflow/example_dags/example_branch_labels.py
[2025-05-31 17:43:19,555] {processor.py:654} INFO - DAG(s) dict_keys(['example_branch_labels']) retrieved from /home/airflow/.local/lib/python3.6/site-packages/airflow/example_dags/example_branch_labels.py
[2025-05-31 17:43:19,589] {logging_mixin.py:109} INFO - [2025-05-31 17:43:19,589] {dag.py:2396} INFO - Sync 1 DAGs
[2025-05-31 17:43:19,666] {logging_mixin.py:109} INFO - [2025-05-31 17:43:19,666] {dag.py:2935} INFO - Setting next_dagrun for example_branch_labels to 2025-05-30 00:00:00+00:00
[2025-05-31 17:43:19,710] {processor.py:171} INFO - Processing /home/airflow/.local/lib/python3.6/site-packages/airflow/example_dags/example_branch_labels.py took 0.259 seconds
[2025-05-31 17:43:50,049] {processor.py:163} INFO - Started process (PID=5005) to work on /home/airflow/.local/lib/python3.6/site-packages/airflow/example_dags/example_branch_labels.py
[2025-05-31 17:43:50,052] {processor.py:642} INFO - Processing file /home/airflow/.local/lib/python3.6/site-packages/airflow/example_dags/example_branch_labels.py for tasks to queue
[2025-05-31 17:43:50,054] {logging_mixin.py:109} INFO - [2025-05-31 17:43:50,054] {dagbag.py:500} INFO - Filling up the DagBag from /home/airflow/.local/lib/python3.6/site-packages/airflow/example_dags/example_branch_labels.py
[2025-05-31 17:43:50,106] {processor.py:654} INFO - DAG(s) dict_keys(['example_branch_labels']) retrieved from /home/airflow/.local/lib/python3.6/site-packages/airflow/example_dags/example_branch_labels.py
[2025-05-31 17:43:50,127] {logging_mixin.py:109} INFO - [2025-05-31 17:43:50,127] {dag.py:2396} INFO - Sync 1 DAGs
[2025-05-31 17:43:50,162] {logging_mixin.py:109} INFO - [2025-05-31 17:43:50,162] {dag.py:2935} INFO - Setting next_dagrun for example_branch_labels to 2025-05-30 00:00:00+00:00
[2025-05-31 17:43:50,187] {processor.py:171} INFO - Processing /home/airflow/.local/lib/python3.6/site-packages/airflow/example_dags/example_branch_labels.py took 0.145 seconds
[2025-05-31 17:44:20,757] {processor.py:163} INFO - Started process (PID=5198) to work on /home/airflow/.local/lib/python3.6/site-packages/airflow/example_dags/example_branch_labels.py
[2025-05-31 17:44:20,760] {processor.py:642} INFO - Processing file /home/airflow/.local/lib/python3.6/site-packages/airflow/example_dags/example_branch_labels.py for tasks to queue
[2025-05-31 17:44:20,762] {logging_mixin.py:109} INFO - [2025-05-31 17:44:20,762] {dagbag.py:500} INFO - Filling up the DagBag from /home/airflow/.local/lib/python3.6/site-packages/airflow/example_dags/example_branch_labels.py
[2025-05-31 17:44:20,818] {processor.py:654} INFO - DAG(s) dict_keys(['example_branch_labels']) retrieved from /home/airflow/.local/lib/python3.6/site-packages/airflow/example_dags/example_branch_labels.py
[2025-05-31 17:44:20,842] {logging_mixin.py:109} INFO - [2025-05-31 17:44:20,842] {dag.py:2396} INFO - Sync 1 DAGs
[2025-05-31 17:44:20,882] {logging_mixin.py:109} INFO - [2025-05-31 17:44:20,882] {dag.py:2935} INFO - Setting next_dagrun for example_branch_labels to 2025-05-30 00:00:00+00:00
[2025-05-31 17:44:20,900] {processor.py:171} INFO - Processing /home/airflow/.local/lib/python3.6/site-packages/airflow/example_dags/example_branch_labels.py took 0.148 seconds
[2025-05-31 17:44:51,100] {processor.py:163} INFO - Started process (PID=5392) to work on /home/airflow/.local/lib/python3.6/site-packages/airflow/example_dags/example_branch_labels.py
[2025-05-31 17:44:51,103] {processor.py:642} INFO - Processing file /home/airflow/.local/lib/python3.6/site-packages/airflow/example_dags/example_branch_labels.py for tasks to queue
[2025-05-31 17:44:51,105] {logging_mixin.py:109} INFO - [2025-05-31 17:44:51,105] {dagbag.py:500} INFO - Filling up the DagBag from /home/airflow/.local/lib/python3.6/site-packages/airflow/example_dags/example_branch_labels.py
[2025-05-31 17:44:51,161] {processor.py:654} INFO - DAG(s) dict_keys(['example_branch_labels']) retrieved from /home/airflow/.local/lib/python3.6/site-packages/airflow/example_dags/example_branch_labels.py
[2025-05-31 17:44:51,185] {logging_mixin.py:109} INFO - [2025-05-31 17:44:51,185] {dag.py:2396} INFO - Sync 1 DAGs
[2025-05-31 17:44:51,222] {logging_mixin.py:109} INFO - [2025-05-31 17:44:51,222] {dag.py:2935} INFO - Setting next_dagrun for example_branch_labels to 2025-05-30 00:00:00+00:00
[2025-05-31 17:44:51,246] {processor.py:171} INFO - Processing /home/airflow/.local/lib/python3.6/site-packages/airflow/example_dags/example_branch_labels.py took 0.151 seconds
