[2025-05-31 10:45:44,706] {processor.py:163} INFO - Started process (PID=186) to work on /home/airflow/.local/lib/python3.6/site-packages/airflow/example_dags/example_xcom.py
[2025-05-31 10:45:44,709] {processor.py:642} INFO - Processing file /home/airflow/.local/lib/python3.6/site-packages/airflow/example_dags/example_xcom.py for tasks to queue
[2025-05-31 10:45:44,711] {logging_mixin.py:109} INFO - [2025-05-31 10:45:44,710] {dagbag.py:500} INFO - Filling up the DagBag from /home/airflow/.local/lib/python3.6/site-packages/airflow/example_dags/example_xcom.py
[2025-05-31 10:45:44,858] {processor.py:654} INFO - DAG(s) dict_keys(['example_xcom']) retrieved from /home/airflow/.local/lib/python3.6/site-packages/airflow/example_dags/example_xcom.py
[2025-05-31 10:45:46,543] {logging_mixin.py:109} INFO - [2025-05-31 10:45:46,543] {dag.py:2396} INFO - Sync 1 DAGs
[2025-05-31 10:45:46,572] {logging_mixin.py:109} INFO - [2025-05-31 10:45:46,572] {dag.py:2935} INFO - Setting next_dagrun for example_xcom to 2021-01-01T00:00:00+00:00
[2025-05-31 10:45:46,617] {processor.py:171} INFO - Processing /home/airflow/.local/lib/python3.6/site-packages/airflow/example_dags/example_xcom.py took 1.917 seconds
[2025-05-31 10:46:17,421] {processor.py:163} INFO - Started process (PID=376) to work on /home/airflow/.local/lib/python3.6/site-packages/airflow/example_dags/example_xcom.py
[2025-05-31 10:46:17,432] {processor.py:642} INFO - Processing file /home/airflow/.local/lib/python3.6/site-packages/airflow/example_dags/example_xcom.py for tasks to queue
[2025-05-31 10:46:17,434] {logging_mixin.py:109} INFO - [2025-05-31 10:46:17,434] {dagbag.py:500} INFO - Filling up the DagBag from /home/airflow/.local/lib/python3.6/site-packages/airflow/example_dags/example_xcom.py
[2025-05-31 10:46:17,538] {processor.py:654} INFO - DAG(s) dict_keys(['example_xcom']) retrieved from /home/airflow/.local/lib/python3.6/site-packages/airflow/example_dags/example_xcom.py
[2025-05-31 10:46:18,322] {logging_mixin.py:109} INFO - [2025-05-31 10:46:18,322] {dag.py:2396} INFO - Sync 1 DAGs
[2025-05-31 10:46:18,358] {logging_mixin.py:109} INFO - [2025-05-31 10:46:18,358] {dag.py:2935} INFO - Setting next_dagrun for example_xcom to 2021-01-01T00:00:00+00:00
[2025-05-31 10:46:18,383] {processor.py:171} INFO - Processing /home/airflow/.local/lib/python3.6/site-packages/airflow/example_dags/example_xcom.py took 0.968 seconds
[2025-05-31 10:46:48,952] {processor.py:163} INFO - Started process (PID=556) to work on /home/airflow/.local/lib/python3.6/site-packages/airflow/example_dags/example_xcom.py
[2025-05-31 10:46:48,953] {processor.py:642} INFO - Processing file /home/airflow/.local/lib/python3.6/site-packages/airflow/example_dags/example_xcom.py for tasks to queue
[2025-05-31 10:46:48,955] {logging_mixin.py:109} INFO - [2025-05-31 10:46:48,954] {dagbag.py:500} INFO - Filling up the DagBag from /home/airflow/.local/lib/python3.6/site-packages/airflow/example_dags/example_xcom.py
[2025-05-31 10:46:48,992] {processor.py:654} INFO - DAG(s) dict_keys(['example_xcom']) retrieved from /home/airflow/.local/lib/python3.6/site-packages/airflow/example_dags/example_xcom.py
[2025-05-31 10:46:49,375] {logging_mixin.py:109} INFO - [2025-05-31 10:46:49,375] {dag.py:2396} INFO - Sync 1 DAGs
[2025-05-31 10:46:49,394] {logging_mixin.py:109} INFO - [2025-05-31 10:46:49,394] {dag.py:2935} INFO - Setting next_dagrun for example_xcom to 2021-01-01T00:00:00+00:00
[2025-05-31 10:46:49,409] {processor.py:171} INFO - Processing /home/airflow/.local/lib/python3.6/site-packages/airflow/example_dags/example_xcom.py took 0.461 seconds
[2025-05-31 10:47:19,906] {processor.py:163} INFO - Started process (PID=746) to work on /home/airflow/.local/lib/python3.6/site-packages/airflow/example_dags/example_xcom.py
[2025-05-31 10:47:19,907] {processor.py:642} INFO - Processing file /home/airflow/.local/lib/python3.6/site-packages/airflow/example_dags/example_xcom.py for tasks to queue
[2025-05-31 10:47:19,908] {logging_mixin.py:109} INFO - [2025-05-31 10:47:19,908] {dagbag.py:500} INFO - Filling up the DagBag from /home/airflow/.local/lib/python3.6/site-packages/airflow/example_dags/example_xcom.py
[2025-05-31 10:47:19,947] {processor.py:654} INFO - DAG(s) dict_keys(['example_xcom']) retrieved from /home/airflow/.local/lib/python3.6/site-packages/airflow/example_dags/example_xcom.py
[2025-05-31 10:47:20,424] {logging_mixin.py:109} INFO - [2025-05-31 10:47:20,424] {dag.py:2396} INFO - Sync 1 DAGs
[2025-05-31 10:47:20,450] {logging_mixin.py:109} INFO - [2025-05-31 10:47:20,450] {dag.py:2935} INFO - Setting next_dagrun for example_xcom to 2021-01-01T00:00:00+00:00
[2025-05-31 10:47:20,469] {processor.py:171} INFO - Processing /home/airflow/.local/lib/python3.6/site-packages/airflow/example_dags/example_xcom.py took 0.566 seconds
[2025-05-31 10:47:50,818] {processor.py:163} INFO - Started process (PID=927) to work on /home/airflow/.local/lib/python3.6/site-packages/airflow/example_dags/example_xcom.py
[2025-05-31 10:47:50,819] {processor.py:642} INFO - Processing file /home/airflow/.local/lib/python3.6/site-packages/airflow/example_dags/example_xcom.py for tasks to queue
[2025-05-31 10:47:50,820] {logging_mixin.py:109} INFO - [2025-05-31 10:47:50,820] {dagbag.py:500} INFO - Filling up the DagBag from /home/airflow/.local/lib/python3.6/site-packages/airflow/example_dags/example_xcom.py
[2025-05-31 10:47:50,858] {processor.py:654} INFO - DAG(s) dict_keys(['example_xcom']) retrieved from /home/airflow/.local/lib/python3.6/site-packages/airflow/example_dags/example_xcom.py
[2025-05-31 10:47:51,302] {logging_mixin.py:109} INFO - [2025-05-31 10:47:51,302] {dag.py:2396} INFO - Sync 1 DAGs
[2025-05-31 10:47:51,335] {logging_mixin.py:109} INFO - [2025-05-31 10:47:51,334] {dag.py:2935} INFO - Setting next_dagrun for example_xcom to 2021-01-01T00:00:00+00:00
[2025-05-31 10:47:51,352] {processor.py:171} INFO - Processing /home/airflow/.local/lib/python3.6/site-packages/airflow/example_dags/example_xcom.py took 0.537 seconds
[2025-05-31 10:48:22,185] {processor.py:163} INFO - Started process (PID=1117) to work on /home/airflow/.local/lib/python3.6/site-packages/airflow/example_dags/example_xcom.py
[2025-05-31 10:48:22,187] {processor.py:642} INFO - Processing file /home/airflow/.local/lib/python3.6/site-packages/airflow/example_dags/example_xcom.py for tasks to queue
[2025-05-31 10:48:22,188] {logging_mixin.py:109} INFO - [2025-05-31 10:48:22,188] {dagbag.py:500} INFO - Filling up the DagBag from /home/airflow/.local/lib/python3.6/site-packages/airflow/example_dags/example_xcom.py
[2025-05-31 10:48:22,257] {processor.py:654} INFO - DAG(s) dict_keys(['example_xcom']) retrieved from /home/airflow/.local/lib/python3.6/site-packages/airflow/example_dags/example_xcom.py
[2025-05-31 10:48:22,697] {logging_mixin.py:109} INFO - [2025-05-31 10:48:22,697] {dag.py:2396} INFO - Sync 1 DAGs
[2025-05-31 10:48:22,717] {logging_mixin.py:109} INFO - [2025-05-31 10:48:22,717] {dag.py:2935} INFO - Setting next_dagrun for example_xcom to 2021-01-01T00:00:00+00:00
[2025-05-31 10:48:22,733] {processor.py:171} INFO - Processing /home/airflow/.local/lib/python3.6/site-packages/airflow/example_dags/example_xcom.py took 0.554 seconds
[2025-05-31 10:48:53,074] {processor.py:163} INFO - Started process (PID=1297) to work on /home/airflow/.local/lib/python3.6/site-packages/airflow/example_dags/example_xcom.py
[2025-05-31 10:48:53,076] {processor.py:642} INFO - Processing file /home/airflow/.local/lib/python3.6/site-packages/airflow/example_dags/example_xcom.py for tasks to queue
[2025-05-31 10:48:53,077] {logging_mixin.py:109} INFO - [2025-05-31 10:48:53,077] {dagbag.py:500} INFO - Filling up the DagBag from /home/airflow/.local/lib/python3.6/site-packages/airflow/example_dags/example_xcom.py
[2025-05-31 10:48:53,120] {processor.py:654} INFO - DAG(s) dict_keys(['example_xcom']) retrieved from /home/airflow/.local/lib/python3.6/site-packages/airflow/example_dags/example_xcom.py
[2025-05-31 10:48:53,669] {logging_mixin.py:109} INFO - [2025-05-31 10:48:53,669] {dag.py:2396} INFO - Sync 1 DAGs
[2025-05-31 10:48:53,696] {logging_mixin.py:109} INFO - [2025-05-31 10:48:53,696] {dag.py:2935} INFO - Setting next_dagrun for example_xcom to 2021-01-01T00:00:00+00:00
[2025-05-31 10:48:53,719] {processor.py:171} INFO - Processing /home/airflow/.local/lib/python3.6/site-packages/airflow/example_dags/example_xcom.py took 0.649 seconds
[2025-05-31 10:49:23,888] {processor.py:163} INFO - Started process (PID=1477) to work on /home/airflow/.local/lib/python3.6/site-packages/airflow/example_dags/example_xcom.py
[2025-05-31 10:49:23,891] {processor.py:642} INFO - Processing file /home/airflow/.local/lib/python3.6/site-packages/airflow/example_dags/example_xcom.py for tasks to queue
[2025-05-31 10:49:23,893] {logging_mixin.py:109} INFO - [2025-05-31 10:49:23,893] {dagbag.py:500} INFO - Filling up the DagBag from /home/airflow/.local/lib/python3.6/site-packages/airflow/example_dags/example_xcom.py
[2025-05-31 10:49:23,948] {processor.py:654} INFO - DAG(s) dict_keys(['example_xcom']) retrieved from /home/airflow/.local/lib/python3.6/site-packages/airflow/example_dags/example_xcom.py
[2025-05-31 10:49:23,967] {logging_mixin.py:109} INFO - [2025-05-31 10:49:23,967] {dag.py:2396} INFO - Sync 1 DAGs
[2025-05-31 10:49:23,998] {logging_mixin.py:109} INFO - [2025-05-31 10:49:23,998] {dag.py:2935} INFO - Setting next_dagrun for example_xcom to 2021-01-01T00:00:00+00:00
[2025-05-31 10:49:24,015] {processor.py:171} INFO - Processing /home/airflow/.local/lib/python3.6/site-packages/airflow/example_dags/example_xcom.py took 0.130 seconds
[2025-05-31 10:49:54,124] {processor.py:163} INFO - Started process (PID=1657) to work on /home/airflow/.local/lib/python3.6/site-packages/airflow/example_dags/example_xcom.py
[2025-05-31 10:49:54,125] {processor.py:642} INFO - Processing file /home/airflow/.local/lib/python3.6/site-packages/airflow/example_dags/example_xcom.py for tasks to queue
[2025-05-31 10:49:54,126] {logging_mixin.py:109} INFO - [2025-05-31 10:49:54,126] {dagbag.py:500} INFO - Filling up the DagBag from /home/airflow/.local/lib/python3.6/site-packages/airflow/example_dags/example_xcom.py
[2025-05-31 10:49:54,164] {processor.py:654} INFO - DAG(s) dict_keys(['example_xcom']) retrieved from /home/airflow/.local/lib/python3.6/site-packages/airflow/example_dags/example_xcom.py
[2025-05-31 10:49:54,515] {logging_mixin.py:109} INFO - [2025-05-31 10:49:54,515] {dag.py:2396} INFO - Sync 1 DAGs
[2025-05-31 10:49:54,534] {logging_mixin.py:109} INFO - [2025-05-31 10:49:54,534] {dag.py:2935} INFO - Setting next_dagrun for example_xcom to 2021-01-01T00:00:00+00:00
[2025-05-31 10:49:54,549] {processor.py:171} INFO - Processing /home/airflow/.local/lib/python3.6/site-packages/airflow/example_dags/example_xcom.py took 0.429 seconds
[2025-05-31 10:50:24,771] {processor.py:163} INFO - Started process (PID=1848) to work on /home/airflow/.local/lib/python3.6/site-packages/airflow/example_dags/example_xcom.py
[2025-05-31 10:50:24,773] {processor.py:642} INFO - Processing file /home/airflow/.local/lib/python3.6/site-packages/airflow/example_dags/example_xcom.py for tasks to queue
[2025-05-31 10:50:24,774] {logging_mixin.py:109} INFO - [2025-05-31 10:50:24,774] {dagbag.py:500} INFO - Filling up the DagBag from /home/airflow/.local/lib/python3.6/site-packages/airflow/example_dags/example_xcom.py
[2025-05-31 10:50:24,823] {processor.py:654} INFO - DAG(s) dict_keys(['example_xcom']) retrieved from /home/airflow/.local/lib/python3.6/site-packages/airflow/example_dags/example_xcom.py
[2025-05-31 10:50:25,264] {logging_mixin.py:109} INFO - [2025-05-31 10:50:25,264] {dag.py:2396} INFO - Sync 1 DAGs
[2025-05-31 10:50:25,300] {logging_mixin.py:109} INFO - [2025-05-31 10:50:25,298] {dag.py:2935} INFO - Setting next_dagrun for example_xcom to 2021-01-01T00:00:00+00:00
[2025-05-31 10:50:25,323] {processor.py:171} INFO - Processing /home/airflow/.local/lib/python3.6/site-packages/airflow/example_dags/example_xcom.py took 0.555 seconds
[2025-05-31 10:50:55,388] {processor.py:163} INFO - Started process (PID=2028) to work on /home/airflow/.local/lib/python3.6/site-packages/airflow/example_dags/example_xcom.py
[2025-05-31 10:50:55,389] {processor.py:642} INFO - Processing file /home/airflow/.local/lib/python3.6/site-packages/airflow/example_dags/example_xcom.py for tasks to queue
[2025-05-31 10:50:55,390] {logging_mixin.py:109} INFO - [2025-05-31 10:50:55,390] {dagbag.py:500} INFO - Filling up the DagBag from /home/airflow/.local/lib/python3.6/site-packages/airflow/example_dags/example_xcom.py
[2025-05-31 10:50:55,428] {processor.py:654} INFO - DAG(s) dict_keys(['example_xcom']) retrieved from /home/airflow/.local/lib/python3.6/site-packages/airflow/example_dags/example_xcom.py
[2025-05-31 10:50:55,847] {logging_mixin.py:109} INFO - [2025-05-31 10:50:55,847] {dag.py:2396} INFO - Sync 1 DAGs
[2025-05-31 10:50:55,867] {logging_mixin.py:109} INFO - [2025-05-31 10:50:55,867] {dag.py:2935} INFO - Setting next_dagrun for example_xcom to 2021-01-01T00:00:00+00:00
[2025-05-31 10:50:55,881] {processor.py:171} INFO - Processing /home/airflow/.local/lib/python3.6/site-packages/airflow/example_dags/example_xcom.py took 0.496 seconds
[2025-05-31 10:51:25,969] {processor.py:163} INFO - Started process (PID=2208) to work on /home/airflow/.local/lib/python3.6/site-packages/airflow/example_dags/example_xcom.py
[2025-05-31 10:51:25,972] {processor.py:642} INFO - Processing file /home/airflow/.local/lib/python3.6/site-packages/airflow/example_dags/example_xcom.py for tasks to queue
[2025-05-31 10:51:25,973] {logging_mixin.py:109} INFO - [2025-05-31 10:51:25,973] {dagbag.py:500} INFO - Filling up the DagBag from /home/airflow/.local/lib/python3.6/site-packages/airflow/example_dags/example_xcom.py
[2025-05-31 10:51:26,017] {processor.py:654} INFO - DAG(s) dict_keys(['example_xcom']) retrieved from /home/airflow/.local/lib/python3.6/site-packages/airflow/example_dags/example_xcom.py
[2025-05-31 10:51:26,458] {logging_mixin.py:109} INFO - [2025-05-31 10:51:26,458] {dag.py:2396} INFO - Sync 1 DAGs
[2025-05-31 10:51:26,478] {logging_mixin.py:109} INFO - [2025-05-31 10:51:26,478] {dag.py:2935} INFO - Setting next_dagrun for example_xcom to 2021-01-01T00:00:00+00:00
[2025-05-31 10:51:26,495] {processor.py:171} INFO - Processing /home/airflow/.local/lib/python3.6/site-packages/airflow/example_dags/example_xcom.py took 0.529 seconds
[2025-05-31 10:51:57,518] {processor.py:163} INFO - Started process (PID=2388) to work on /home/airflow/.local/lib/python3.6/site-packages/airflow/example_dags/example_xcom.py
[2025-05-31 10:51:57,520] {processor.py:642} INFO - Processing file /home/airflow/.local/lib/python3.6/site-packages/airflow/example_dags/example_xcom.py for tasks to queue
[2025-05-31 10:51:57,521] {logging_mixin.py:109} INFO - [2025-05-31 10:51:57,520] {dagbag.py:500} INFO - Filling up the DagBag from /home/airflow/.local/lib/python3.6/site-packages/airflow/example_dags/example_xcom.py
[2025-05-31 10:51:57,558] {processor.py:654} INFO - DAG(s) dict_keys(['example_xcom']) retrieved from /home/airflow/.local/lib/python3.6/site-packages/airflow/example_dags/example_xcom.py
[2025-05-31 10:51:57,951] {logging_mixin.py:109} INFO - [2025-05-31 10:51:57,951] {dag.py:2396} INFO - Sync 1 DAGs
[2025-05-31 10:51:57,976] {logging_mixin.py:109} INFO - [2025-05-31 10:51:57,976] {dag.py:2935} INFO - Setting next_dagrun for example_xcom to 2021-01-01T00:00:00+00:00
[2025-05-31 10:51:57,991] {processor.py:171} INFO - Processing /home/airflow/.local/lib/python3.6/site-packages/airflow/example_dags/example_xcom.py took 0.477 seconds
[2025-05-31 10:52:28,206] {processor.py:163} INFO - Started process (PID=2578) to work on /home/airflow/.local/lib/python3.6/site-packages/airflow/example_dags/example_xcom.py
[2025-05-31 10:52:28,225] {processor.py:642} INFO - Processing file /home/airflow/.local/lib/python3.6/site-packages/airflow/example_dags/example_xcom.py for tasks to queue
[2025-05-31 10:52:28,227] {logging_mixin.py:109} INFO - [2025-05-31 10:52:28,227] {dagbag.py:500} INFO - Filling up the DagBag from /home/airflow/.local/lib/python3.6/site-packages/airflow/example_dags/example_xcom.py
[2025-05-31 10:52:28,298] {processor.py:654} INFO - DAG(s) dict_keys(['example_xcom']) retrieved from /home/airflow/.local/lib/python3.6/site-packages/airflow/example_dags/example_xcom.py
[2025-05-31 10:52:28,903] {logging_mixin.py:109} INFO - [2025-05-31 10:52:28,903] {dag.py:2396} INFO - Sync 1 DAGs
[2025-05-31 10:52:28,941] {logging_mixin.py:109} INFO - [2025-05-31 10:52:28,940] {dag.py:2935} INFO - Setting next_dagrun for example_xcom to 2021-01-01T00:00:00+00:00
[2025-05-31 10:52:28,964] {processor.py:171} INFO - Processing /home/airflow/.local/lib/python3.6/site-packages/airflow/example_dags/example_xcom.py took 0.765 seconds
[2025-05-31 10:52:59,159] {processor.py:163} INFO - Started process (PID=2758) to work on /home/airflow/.local/lib/python3.6/site-packages/airflow/example_dags/example_xcom.py
[2025-05-31 10:52:59,161] {processor.py:642} INFO - Processing file /home/airflow/.local/lib/python3.6/site-packages/airflow/example_dags/example_xcom.py for tasks to queue
[2025-05-31 10:52:59,162] {logging_mixin.py:109} INFO - [2025-05-31 10:52:59,162] {dagbag.py:500} INFO - Filling up the DagBag from /home/airflow/.local/lib/python3.6/site-packages/airflow/example_dags/example_xcom.py
[2025-05-31 10:52:59,225] {processor.py:654} INFO - DAG(s) dict_keys(['example_xcom']) retrieved from /home/airflow/.local/lib/python3.6/site-packages/airflow/example_dags/example_xcom.py
[2025-05-31 10:53:00,686] {logging_mixin.py:109} INFO - [2025-05-31 10:53:00,686] {dag.py:2396} INFO - Sync 1 DAGs
[2025-05-31 10:53:00,749] {logging_mixin.py:109} INFO - [2025-05-31 10:53:00,749] {dag.py:2935} INFO - Setting next_dagrun for example_xcom to 2021-01-01T00:00:00+00:00
[2025-05-31 10:53:00,837] {processor.py:171} INFO - Processing /home/airflow/.local/lib/python3.6/site-packages/airflow/example_dags/example_xcom.py took 1.682 seconds
[2025-05-31 10:53:31,415] {processor.py:163} INFO - Started process (PID=2938) to work on /home/airflow/.local/lib/python3.6/site-packages/airflow/example_dags/example_xcom.py
[2025-05-31 10:53:31,419] {processor.py:642} INFO - Processing file /home/airflow/.local/lib/python3.6/site-packages/airflow/example_dags/example_xcom.py for tasks to queue
[2025-05-31 10:53:31,422] {logging_mixin.py:109} INFO - [2025-05-31 10:53:31,422] {dagbag.py:500} INFO - Filling up the DagBag from /home/airflow/.local/lib/python3.6/site-packages/airflow/example_dags/example_xcom.py
[2025-05-31 10:53:31,492] {processor.py:654} INFO - DAG(s) dict_keys(['example_xcom']) retrieved from /home/airflow/.local/lib/python3.6/site-packages/airflow/example_dags/example_xcom.py
[2025-05-31 10:53:32,186] {logging_mixin.py:109} INFO - [2025-05-31 10:53:32,186] {dag.py:2396} INFO - Sync 1 DAGs
[2025-05-31 10:53:32,262] {logging_mixin.py:109} INFO - [2025-05-31 10:53:32,262] {dag.py:2935} INFO - Setting next_dagrun for example_xcom to 2021-01-01T00:00:00+00:00
[2025-05-31 10:53:32,324] {processor.py:171} INFO - Processing /home/airflow/.local/lib/python3.6/site-packages/airflow/example_dags/example_xcom.py took 0.921 seconds
[2025-05-31 10:54:02,525] {processor.py:163} INFO - Started process (PID=3118) to work on /home/airflow/.local/lib/python3.6/site-packages/airflow/example_dags/example_xcom.py
[2025-05-31 10:54:02,526] {processor.py:642} INFO - Processing file /home/airflow/.local/lib/python3.6/site-packages/airflow/example_dags/example_xcom.py for tasks to queue
[2025-05-31 10:54:02,527] {logging_mixin.py:109} INFO - [2025-05-31 10:54:02,527] {dagbag.py:500} INFO - Filling up the DagBag from /home/airflow/.local/lib/python3.6/site-packages/airflow/example_dags/example_xcom.py
[2025-05-31 10:54:02,566] {processor.py:654} INFO - DAG(s) dict_keys(['example_xcom']) retrieved from /home/airflow/.local/lib/python3.6/site-packages/airflow/example_dags/example_xcom.py
[2025-05-31 10:54:03,183] {logging_mixin.py:109} INFO - [2025-05-31 10:54:03,183] {dag.py:2396} INFO - Sync 1 DAGs
[2025-05-31 10:54:03,217] {logging_mixin.py:109} INFO - [2025-05-31 10:54:03,217] {dag.py:2935} INFO - Setting next_dagrun for example_xcom to 2021-01-01T00:00:00+00:00
[2025-05-31 10:54:03,239] {processor.py:171} INFO - Processing /home/airflow/.local/lib/python3.6/site-packages/airflow/example_dags/example_xcom.py took 0.718 seconds
[2025-05-31 10:54:33,451] {processor.py:163} INFO - Started process (PID=3298) to work on /home/airflow/.local/lib/python3.6/site-packages/airflow/example_dags/example_xcom.py
[2025-05-31 10:54:33,454] {processor.py:642} INFO - Processing file /home/airflow/.local/lib/python3.6/site-packages/airflow/example_dags/example_xcom.py for tasks to queue
[2025-05-31 10:54:33,455] {logging_mixin.py:109} INFO - [2025-05-31 10:54:33,455] {dagbag.py:500} INFO - Filling up the DagBag from /home/airflow/.local/lib/python3.6/site-packages/airflow/example_dags/example_xcom.py
[2025-05-31 10:54:33,514] {processor.py:654} INFO - DAG(s) dict_keys(['example_xcom']) retrieved from /home/airflow/.local/lib/python3.6/site-packages/airflow/example_dags/example_xcom.py
[2025-05-31 10:54:34,241] {logging_mixin.py:109} INFO - [2025-05-31 10:54:34,241] {dag.py:2396} INFO - Sync 1 DAGs
[2025-05-31 10:54:34,268] {logging_mixin.py:109} INFO - [2025-05-31 10:54:34,268] {dag.py:2935} INFO - Setting next_dagrun for example_xcom to 2021-01-01T00:00:00+00:00
[2025-05-31 10:54:34,289] {processor.py:171} INFO - Processing /home/airflow/.local/lib/python3.6/site-packages/airflow/example_dags/example_xcom.py took 0.842 seconds
[2025-05-31 10:55:05,027] {processor.py:163} INFO - Started process (PID=3488) to work on /home/airflow/.local/lib/python3.6/site-packages/airflow/example_dags/example_xcom.py
[2025-05-31 10:55:05,029] {processor.py:642} INFO - Processing file /home/airflow/.local/lib/python3.6/site-packages/airflow/example_dags/example_xcom.py for tasks to queue
[2025-05-31 10:55:05,030] {logging_mixin.py:109} INFO - [2025-05-31 10:55:05,029] {dagbag.py:500} INFO - Filling up the DagBag from /home/airflow/.local/lib/python3.6/site-packages/airflow/example_dags/example_xcom.py
[2025-05-31 10:55:05,077] {processor.py:654} INFO - DAG(s) dict_keys(['example_xcom']) retrieved from /home/airflow/.local/lib/python3.6/site-packages/airflow/example_dags/example_xcom.py
[2025-05-31 10:55:05,462] {logging_mixin.py:109} INFO - [2025-05-31 10:55:05,461] {dag.py:2396} INFO - Sync 1 DAGs
[2025-05-31 10:55:05,484] {logging_mixin.py:109} INFO - [2025-05-31 10:55:05,484] {dag.py:2935} INFO - Setting next_dagrun for example_xcom to 2021-01-01T00:00:00+00:00
[2025-05-31 10:55:05,499] {processor.py:171} INFO - Processing /home/airflow/.local/lib/python3.6/site-packages/airflow/example_dags/example_xcom.py took 0.476 seconds
[2025-05-31 10:55:35,594] {processor.py:163} INFO - Started process (PID=3668) to work on /home/airflow/.local/lib/python3.6/site-packages/airflow/example_dags/example_xcom.py
[2025-05-31 10:55:35,596] {processor.py:642} INFO - Processing file /home/airflow/.local/lib/python3.6/site-packages/airflow/example_dags/example_xcom.py for tasks to queue
[2025-05-31 10:55:35,597] {logging_mixin.py:109} INFO - [2025-05-31 10:55:35,596] {dagbag.py:500} INFO - Filling up the DagBag from /home/airflow/.local/lib/python3.6/site-packages/airflow/example_dags/example_xcom.py
[2025-05-31 10:55:35,638] {processor.py:654} INFO - DAG(s) dict_keys(['example_xcom']) retrieved from /home/airflow/.local/lib/python3.6/site-packages/airflow/example_dags/example_xcom.py
[2025-05-31 10:55:36,092] {logging_mixin.py:109} INFO - [2025-05-31 10:55:36,092] {dag.py:2396} INFO - Sync 1 DAGs
[2025-05-31 10:55:36,118] {logging_mixin.py:109} INFO - [2025-05-31 10:55:36,118] {dag.py:2935} INFO - Setting next_dagrun for example_xcom to 2021-01-01T00:00:00+00:00
[2025-05-31 10:55:36,137] {processor.py:171} INFO - Processing /home/airflow/.local/lib/python3.6/site-packages/airflow/example_dags/example_xcom.py took 0.547 seconds
[2025-05-31 10:56:06,337] {processor.py:163} INFO - Started process (PID=3857) to work on /home/airflow/.local/lib/python3.6/site-packages/airflow/example_dags/example_xcom.py
[2025-05-31 10:56:06,342] {processor.py:642} INFO - Processing file /home/airflow/.local/lib/python3.6/site-packages/airflow/example_dags/example_xcom.py for tasks to queue
[2025-05-31 10:56:06,345] {logging_mixin.py:109} INFO - [2025-05-31 10:56:06,344] {dagbag.py:500} INFO - Filling up the DagBag from /home/airflow/.local/lib/python3.6/site-packages/airflow/example_dags/example_xcom.py
[2025-05-31 10:56:06,482] {processor.py:654} INFO - DAG(s) dict_keys(['example_xcom']) retrieved from /home/airflow/.local/lib/python3.6/site-packages/airflow/example_dags/example_xcom.py
[2025-05-31 10:56:07,313] {logging_mixin.py:109} INFO - [2025-05-31 10:56:07,312] {dag.py:2396} INFO - Sync 1 DAGs
[2025-05-31 10:56:07,343] {logging_mixin.py:109} INFO - [2025-05-31 10:56:07,343] {dag.py:2935} INFO - Setting next_dagrun for example_xcom to 2021-01-01T00:00:00+00:00
[2025-05-31 10:56:07,370] {processor.py:171} INFO - Processing /home/airflow/.local/lib/python3.6/site-packages/airflow/example_dags/example_xcom.py took 1.040 seconds
[2025-05-31 10:56:37,543] {processor.py:163} INFO - Started process (PID=4038) to work on /home/airflow/.local/lib/python3.6/site-packages/airflow/example_dags/example_xcom.py
[2025-05-31 10:56:37,545] {processor.py:642} INFO - Processing file /home/airflow/.local/lib/python3.6/site-packages/airflow/example_dags/example_xcom.py for tasks to queue
[2025-05-31 10:56:37,546] {logging_mixin.py:109} INFO - [2025-05-31 10:56:37,546] {dagbag.py:500} INFO - Filling up the DagBag from /home/airflow/.local/lib/python3.6/site-packages/airflow/example_dags/example_xcom.py
[2025-05-31 10:56:37,611] {processor.py:654} INFO - DAG(s) dict_keys(['example_xcom']) retrieved from /home/airflow/.local/lib/python3.6/site-packages/airflow/example_dags/example_xcom.py
[2025-05-31 10:56:38,211] {logging_mixin.py:109} INFO - [2025-05-31 10:56:38,211] {dag.py:2396} INFO - Sync 1 DAGs
[2025-05-31 10:56:38,246] {logging_mixin.py:109} INFO - [2025-05-31 10:56:38,245] {dag.py:2935} INFO - Setting next_dagrun for example_xcom to 2021-01-01T00:00:00+00:00
[2025-05-31 10:56:38,272] {processor.py:171} INFO - Processing /home/airflow/.local/lib/python3.6/site-packages/airflow/example_dags/example_xcom.py took 0.736 seconds
[2025-05-31 10:57:09,098] {processor.py:163} INFO - Started process (PID=4218) to work on /home/airflow/.local/lib/python3.6/site-packages/airflow/example_dags/example_xcom.py
[2025-05-31 10:57:09,100] {processor.py:642} INFO - Processing file /home/airflow/.local/lib/python3.6/site-packages/airflow/example_dags/example_xcom.py for tasks to queue
[2025-05-31 10:57:09,101] {logging_mixin.py:109} INFO - [2025-05-31 10:57:09,101] {dagbag.py:500} INFO - Filling up the DagBag from /home/airflow/.local/lib/python3.6/site-packages/airflow/example_dags/example_xcom.py
[2025-05-31 10:57:09,154] {processor.py:654} INFO - DAG(s) dict_keys(['example_xcom']) retrieved from /home/airflow/.local/lib/python3.6/site-packages/airflow/example_dags/example_xcom.py
[2025-05-31 10:57:09,629] {logging_mixin.py:109} INFO - [2025-05-31 10:57:09,629] {dag.py:2396} INFO - Sync 1 DAGs
[2025-05-31 10:57:09,664] {logging_mixin.py:109} INFO - [2025-05-31 10:57:09,664] {dag.py:2935} INFO - Setting next_dagrun for example_xcom to 2021-01-01T00:00:00+00:00
[2025-05-31 10:57:09,690] {processor.py:171} INFO - Processing /home/airflow/.local/lib/python3.6/site-packages/airflow/example_dags/example_xcom.py took 0.595 seconds
[2025-05-31 10:57:40,752] {processor.py:163} INFO - Started process (PID=4398) to work on /home/airflow/.local/lib/python3.6/site-packages/airflow/example_dags/example_xcom.py
[2025-05-31 10:57:40,757] {processor.py:642} INFO - Processing file /home/airflow/.local/lib/python3.6/site-packages/airflow/example_dags/example_xcom.py for tasks to queue
[2025-05-31 10:57:40,760] {logging_mixin.py:109} INFO - [2025-05-31 10:57:40,760] {dagbag.py:500} INFO - Filling up the DagBag from /home/airflow/.local/lib/python3.6/site-packages/airflow/example_dags/example_xcom.py
[2025-05-31 10:57:40,872] {processor.py:654} INFO - DAG(s) dict_keys(['example_xcom']) retrieved from /home/airflow/.local/lib/python3.6/site-packages/airflow/example_dags/example_xcom.py
[2025-05-31 10:57:41,885] {logging_mixin.py:109} INFO - [2025-05-31 10:57:41,884] {dag.py:2396} INFO - Sync 1 DAGs
[2025-05-31 10:57:41,922] {logging_mixin.py:109} INFO - [2025-05-31 10:57:41,921] {dag.py:2935} INFO - Setting next_dagrun for example_xcom to 2021-01-01T00:00:00+00:00
[2025-05-31 10:57:41,950] {processor.py:171} INFO - Processing /home/airflow/.local/lib/python3.6/site-packages/airflow/example_dags/example_xcom.py took 1.205 seconds
[2025-05-31 10:58:12,150] {processor.py:163} INFO - Started process (PID=4596) to work on /home/airflow/.local/lib/python3.6/site-packages/airflow/example_dags/example_xcom.py
[2025-05-31 10:58:12,152] {processor.py:642} INFO - Processing file /home/airflow/.local/lib/python3.6/site-packages/airflow/example_dags/example_xcom.py for tasks to queue
[2025-05-31 10:58:12,154] {logging_mixin.py:109} INFO - [2025-05-31 10:58:12,153] {dagbag.py:500} INFO - Filling up the DagBag from /home/airflow/.local/lib/python3.6/site-packages/airflow/example_dags/example_xcom.py
[2025-05-31 10:58:12,213] {processor.py:654} INFO - DAG(s) dict_keys(['example_xcom']) retrieved from /home/airflow/.local/lib/python3.6/site-packages/airflow/example_dags/example_xcom.py
[2025-05-31 10:58:12,832] {logging_mixin.py:109} INFO - [2025-05-31 10:58:12,832] {dag.py:2396} INFO - Sync 1 DAGs
[2025-05-31 10:58:12,862] {logging_mixin.py:109} INFO - [2025-05-31 10:58:12,862] {dag.py:2935} INFO - Setting next_dagrun for example_xcom to 2021-01-01T00:00:00+00:00
[2025-05-31 10:58:12,884] {processor.py:171} INFO - Processing /home/airflow/.local/lib/python3.6/site-packages/airflow/example_dags/example_xcom.py took 0.739 seconds
[2025-05-31 10:58:43,321] {processor.py:163} INFO - Started process (PID=4778) to work on /home/airflow/.local/lib/python3.6/site-packages/airflow/example_dags/example_xcom.py
[2025-05-31 10:58:43,323] {processor.py:642} INFO - Processing file /home/airflow/.local/lib/python3.6/site-packages/airflow/example_dags/example_xcom.py for tasks to queue
[2025-05-31 10:58:43,324] {logging_mixin.py:109} INFO - [2025-05-31 10:58:43,324] {dagbag.py:500} INFO - Filling up the DagBag from /home/airflow/.local/lib/python3.6/site-packages/airflow/example_dags/example_xcom.py
[2025-05-31 10:58:43,368] {processor.py:654} INFO - DAG(s) dict_keys(['example_xcom']) retrieved from /home/airflow/.local/lib/python3.6/site-packages/airflow/example_dags/example_xcom.py
[2025-05-31 10:58:43,724] {logging_mixin.py:109} INFO - [2025-05-31 10:58:43,723] {dag.py:2396} INFO - Sync 1 DAGs
[2025-05-31 10:58:43,744] {logging_mixin.py:109} INFO - [2025-05-31 10:58:43,744] {dag.py:2935} INFO - Setting next_dagrun for example_xcom to 2021-01-01T00:00:00+00:00
[2025-05-31 10:58:43,759] {processor.py:171} INFO - Processing /home/airflow/.local/lib/python3.6/site-packages/airflow/example_dags/example_xcom.py took 0.442 seconds
[2025-05-31 10:59:14,011] {processor.py:163} INFO - Started process (PID=4958) to work on /home/airflow/.local/lib/python3.6/site-packages/airflow/example_dags/example_xcom.py
[2025-05-31 10:59:14,012] {processor.py:642} INFO - Processing file /home/airflow/.local/lib/python3.6/site-packages/airflow/example_dags/example_xcom.py for tasks to queue
[2025-05-31 10:59:14,013] {logging_mixin.py:109} INFO - [2025-05-31 10:59:14,013] {dagbag.py:500} INFO - Filling up the DagBag from /home/airflow/.local/lib/python3.6/site-packages/airflow/example_dags/example_xcom.py
[2025-05-31 10:59:14,055] {processor.py:654} INFO - DAG(s) dict_keys(['example_xcom']) retrieved from /home/airflow/.local/lib/python3.6/site-packages/airflow/example_dags/example_xcom.py
[2025-05-31 10:59:14,445] {logging_mixin.py:109} INFO - [2025-05-31 10:59:14,445] {dag.py:2396} INFO - Sync 1 DAGs
[2025-05-31 10:59:14,465] {logging_mixin.py:109} INFO - [2025-05-31 10:59:14,465] {dag.py:2935} INFO - Setting next_dagrun for example_xcom to 2021-01-01T00:00:00+00:00
[2025-05-31 10:59:14,481] {processor.py:171} INFO - Processing /home/airflow/.local/lib/python3.6/site-packages/airflow/example_dags/example_xcom.py took 0.475 seconds
[2025-05-31 10:59:45,400] {processor.py:163} INFO - Started process (PID=5148) to work on /home/airflow/.local/lib/python3.6/site-packages/airflow/example_dags/example_xcom.py
[2025-05-31 10:59:45,402] {processor.py:642} INFO - Processing file /home/airflow/.local/lib/python3.6/site-packages/airflow/example_dags/example_xcom.py for tasks to queue
[2025-05-31 10:59:45,404] {logging_mixin.py:109} INFO - [2025-05-31 10:59:45,403] {dagbag.py:500} INFO - Filling up the DagBag from /home/airflow/.local/lib/python3.6/site-packages/airflow/example_dags/example_xcom.py
[2025-05-31 10:59:45,453] {processor.py:654} INFO - DAG(s) dict_keys(['example_xcom']) retrieved from /home/airflow/.local/lib/python3.6/site-packages/airflow/example_dags/example_xcom.py
[2025-05-31 10:59:45,855] {logging_mixin.py:109} INFO - [2025-05-31 10:59:45,855] {dag.py:2396} INFO - Sync 1 DAGs
[2025-05-31 10:59:45,878] {logging_mixin.py:109} INFO - [2025-05-31 10:59:45,878] {dag.py:2935} INFO - Setting next_dagrun for example_xcom to 2021-01-01T00:00:00+00:00
[2025-05-31 10:59:45,897] {processor.py:171} INFO - Processing /home/airflow/.local/lib/python3.6/site-packages/airflow/example_dags/example_xcom.py took 0.503 seconds
[2025-05-31 11:00:16,345] {processor.py:163} INFO - Started process (PID=5328) to work on /home/airflow/.local/lib/python3.6/site-packages/airflow/example_dags/example_xcom.py
[2025-05-31 11:00:16,347] {processor.py:642} INFO - Processing file /home/airflow/.local/lib/python3.6/site-packages/airflow/example_dags/example_xcom.py for tasks to queue
[2025-05-31 11:00:16,347] {logging_mixin.py:109} INFO - [2025-05-31 11:00:16,347] {dagbag.py:500} INFO - Filling up the DagBag from /home/airflow/.local/lib/python3.6/site-packages/airflow/example_dags/example_xcom.py
[2025-05-31 11:00:16,387] {processor.py:654} INFO - DAG(s) dict_keys(['example_xcom']) retrieved from /home/airflow/.local/lib/python3.6/site-packages/airflow/example_dags/example_xcom.py
[2025-05-31 11:00:16,399] {logging_mixin.py:109} INFO - [2025-05-31 11:00:16,399] {dag.py:2396} INFO - Sync 1 DAGs
[2025-05-31 11:00:16,420] {logging_mixin.py:109} INFO - [2025-05-31 11:00:16,420] {dag.py:2935} INFO - Setting next_dagrun for example_xcom to 2021-01-01T00:00:00+00:00
[2025-05-31 11:00:16,432] {processor.py:171} INFO - Processing /home/airflow/.local/lib/python3.6/site-packages/airflow/example_dags/example_xcom.py took 0.091 seconds
[2025-05-31 11:00:47,170] {processor.py:163} INFO - Started process (PID=5518) to work on /home/airflow/.local/lib/python3.6/site-packages/airflow/example_dags/example_xcom.py
[2025-05-31 11:00:47,172] {processor.py:642} INFO - Processing file /home/airflow/.local/lib/python3.6/site-packages/airflow/example_dags/example_xcom.py for tasks to queue
[2025-05-31 11:00:47,174] {logging_mixin.py:109} INFO - [2025-05-31 11:00:47,173] {dagbag.py:500} INFO - Filling up the DagBag from /home/airflow/.local/lib/python3.6/site-packages/airflow/example_dags/example_xcom.py
[2025-05-31 11:00:47,228] {processor.py:654} INFO - DAG(s) dict_keys(['example_xcom']) retrieved from /home/airflow/.local/lib/python3.6/site-packages/airflow/example_dags/example_xcom.py
[2025-05-31 11:00:47,707] {logging_mixin.py:109} INFO - [2025-05-31 11:00:47,705] {dag.py:2396} INFO - Sync 1 DAGs
[2025-05-31 11:00:47,743] {logging_mixin.py:109} INFO - [2025-05-31 11:00:47,743] {dag.py:2935} INFO - Setting next_dagrun for example_xcom to 2021-01-01T00:00:00+00:00
[2025-05-31 11:00:47,761] {processor.py:171} INFO - Processing /home/airflow/.local/lib/python3.6/site-packages/airflow/example_dags/example_xcom.py took 0.595 seconds
[2025-05-31 11:01:18,367] {processor.py:163} INFO - Started process (PID=5698) to work on /home/airflow/.local/lib/python3.6/site-packages/airflow/example_dags/example_xcom.py
[2025-05-31 11:01:18,368] {processor.py:642} INFO - Processing file /home/airflow/.local/lib/python3.6/site-packages/airflow/example_dags/example_xcom.py for tasks to queue
[2025-05-31 11:01:18,369] {logging_mixin.py:109} INFO - [2025-05-31 11:01:18,369] {dagbag.py:500} INFO - Filling up the DagBag from /home/airflow/.local/lib/python3.6/site-packages/airflow/example_dags/example_xcom.py
[2025-05-31 11:01:18,410] {processor.py:654} INFO - DAG(s) dict_keys(['example_xcom']) retrieved from /home/airflow/.local/lib/python3.6/site-packages/airflow/example_dags/example_xcom.py
[2025-05-31 11:01:18,789] {logging_mixin.py:109} INFO - [2025-05-31 11:01:18,789] {dag.py:2396} INFO - Sync 1 DAGs
[2025-05-31 11:01:18,810] {logging_mixin.py:109} INFO - [2025-05-31 11:01:18,810] {dag.py:2935} INFO - Setting next_dagrun for example_xcom to 2021-01-01T00:00:00+00:00
[2025-05-31 11:01:18,826] {processor.py:171} INFO - Processing /home/airflow/.local/lib/python3.6/site-packages/airflow/example_dags/example_xcom.py took 0.463 seconds
[2025-05-31 11:01:49,834] {processor.py:163} INFO - Started process (PID=5878) to work on /home/airflow/.local/lib/python3.6/site-packages/airflow/example_dags/example_xcom.py
[2025-05-31 11:01:49,836] {processor.py:642} INFO - Processing file /home/airflow/.local/lib/python3.6/site-packages/airflow/example_dags/example_xcom.py for tasks to queue
[2025-05-31 11:01:49,837] {logging_mixin.py:109} INFO - [2025-05-31 11:01:49,837] {dagbag.py:500} INFO - Filling up the DagBag from /home/airflow/.local/lib/python3.6/site-packages/airflow/example_dags/example_xcom.py
[2025-05-31 11:01:49,900] {processor.py:654} INFO - DAG(s) dict_keys(['example_xcom']) retrieved from /home/airflow/.local/lib/python3.6/site-packages/airflow/example_dags/example_xcom.py
[2025-05-31 11:01:50,319] {logging_mixin.py:109} INFO - [2025-05-31 11:01:50,319] {dag.py:2396} INFO - Sync 1 DAGs
[2025-05-31 11:01:50,339] {logging_mixin.py:109} INFO - [2025-05-31 11:01:50,339] {dag.py:2935} INFO - Setting next_dagrun for example_xcom to 2021-01-01T00:00:00+00:00
[2025-05-31 11:01:50,354] {processor.py:171} INFO - Processing /home/airflow/.local/lib/python3.6/site-packages/airflow/example_dags/example_xcom.py took 0.524 seconds
[2025-05-31 11:02:20,665] {processor.py:163} INFO - Started process (PID=6073) to work on /home/airflow/.local/lib/python3.6/site-packages/airflow/example_dags/example_xcom.py
[2025-05-31 11:02:20,668] {processor.py:642} INFO - Processing file /home/airflow/.local/lib/python3.6/site-packages/airflow/example_dags/example_xcom.py for tasks to queue
[2025-05-31 11:02:20,670] {logging_mixin.py:109} INFO - [2025-05-31 11:02:20,670] {dagbag.py:500} INFO - Filling up the DagBag from /home/airflow/.local/lib/python3.6/site-packages/airflow/example_dags/example_xcom.py
[2025-05-31 11:02:20,722] {processor.py:654} INFO - DAG(s) dict_keys(['example_xcom']) retrieved from /home/airflow/.local/lib/python3.6/site-packages/airflow/example_dags/example_xcom.py
[2025-05-31 11:02:21,165] {logging_mixin.py:109} INFO - [2025-05-31 11:02:21,165] {dag.py:2396} INFO - Sync 1 DAGs
[2025-05-31 11:02:21,185] {logging_mixin.py:109} INFO - [2025-05-31 11:02:21,185] {dag.py:2935} INFO - Setting next_dagrun for example_xcom to 2021-01-01T00:00:00+00:00
[2025-05-31 11:02:21,201] {processor.py:171} INFO - Processing /home/airflow/.local/lib/python3.6/site-packages/airflow/example_dags/example_xcom.py took 0.542 seconds
[2025-05-31 11:02:51,473] {processor.py:163} INFO - Started process (PID=6248) to work on /home/airflow/.local/lib/python3.6/site-packages/airflow/example_dags/example_xcom.py
[2025-05-31 11:02:51,475] {processor.py:642} INFO - Processing file /home/airflow/.local/lib/python3.6/site-packages/airflow/example_dags/example_xcom.py for tasks to queue
[2025-05-31 11:02:51,476] {logging_mixin.py:109} INFO - [2025-05-31 11:02:51,475] {dagbag.py:500} INFO - Filling up the DagBag from /home/airflow/.local/lib/python3.6/site-packages/airflow/example_dags/example_xcom.py
[2025-05-31 11:02:51,531] {processor.py:654} INFO - DAG(s) dict_keys(['example_xcom']) retrieved from /home/airflow/.local/lib/python3.6/site-packages/airflow/example_dags/example_xcom.py
[2025-05-31 11:02:51,959] {logging_mixin.py:109} INFO - [2025-05-31 11:02:51,958] {dag.py:2396} INFO - Sync 1 DAGs
[2025-05-31 11:02:51,996] {logging_mixin.py:109} INFO - [2025-05-31 11:02:51,996] {dag.py:2935} INFO - Setting next_dagrun for example_xcom to 2021-01-01T00:00:00+00:00
[2025-05-31 11:02:52,024] {processor.py:171} INFO - Processing /home/airflow/.local/lib/python3.6/site-packages/airflow/example_dags/example_xcom.py took 0.555 seconds
[2025-05-31 11:03:22,594] {processor.py:163} INFO - Started process (PID=6438) to work on /home/airflow/.local/lib/python3.6/site-packages/airflow/example_dags/example_xcom.py
[2025-05-31 11:03:22,596] {processor.py:642} INFO - Processing file /home/airflow/.local/lib/python3.6/site-packages/airflow/example_dags/example_xcom.py for tasks to queue
[2025-05-31 11:03:22,597] {logging_mixin.py:109} INFO - [2025-05-31 11:03:22,597] {dagbag.py:500} INFO - Filling up the DagBag from /home/airflow/.local/lib/python3.6/site-packages/airflow/example_dags/example_xcom.py
[2025-05-31 11:03:22,657] {processor.py:654} INFO - DAG(s) dict_keys(['example_xcom']) retrieved from /home/airflow/.local/lib/python3.6/site-packages/airflow/example_dags/example_xcom.py
[2025-05-31 11:03:23,168] {logging_mixin.py:109} INFO - [2025-05-31 11:03:23,168] {dag.py:2396} INFO - Sync 1 DAGs
[2025-05-31 11:03:23,197] {logging_mixin.py:109} INFO - [2025-05-31 11:03:23,197] {dag.py:2935} INFO - Setting next_dagrun for example_xcom to 2021-01-01T00:00:00+00:00
[2025-05-31 11:03:23,218] {processor.py:171} INFO - Processing /home/airflow/.local/lib/python3.6/site-packages/airflow/example_dags/example_xcom.py took 0.629 seconds
[2025-05-31 11:03:53,966] {processor.py:163} INFO - Started process (PID=6618) to work on /home/airflow/.local/lib/python3.6/site-packages/airflow/example_dags/example_xcom.py
[2025-05-31 11:03:53,968] {processor.py:642} INFO - Processing file /home/airflow/.local/lib/python3.6/site-packages/airflow/example_dags/example_xcom.py for tasks to queue
[2025-05-31 11:03:53,969] {logging_mixin.py:109} INFO - [2025-05-31 11:03:53,969] {dagbag.py:500} INFO - Filling up the DagBag from /home/airflow/.local/lib/python3.6/site-packages/airflow/example_dags/example_xcom.py
[2025-05-31 11:03:54,006] {processor.py:654} INFO - DAG(s) dict_keys(['example_xcom']) retrieved from /home/airflow/.local/lib/python3.6/site-packages/airflow/example_dags/example_xcom.py
[2025-05-31 11:03:54,348] {logging_mixin.py:109} INFO - [2025-05-31 11:03:54,347] {dag.py:2396} INFO - Sync 1 DAGs
[2025-05-31 11:03:54,369] {logging_mixin.py:109} INFO - [2025-05-31 11:03:54,369] {dag.py:2935} INFO - Setting next_dagrun for example_xcom to 2021-01-01T00:00:00+00:00
[2025-05-31 11:03:54,405] {processor.py:171} INFO - Processing /home/airflow/.local/lib/python3.6/site-packages/airflow/example_dags/example_xcom.py took 0.442 seconds
[2025-05-31 11:04:25,139] {processor.py:163} INFO - Started process (PID=6798) to work on /home/airflow/.local/lib/python3.6/site-packages/airflow/example_dags/example_xcom.py
[2025-05-31 11:04:25,141] {processor.py:642} INFO - Processing file /home/airflow/.local/lib/python3.6/site-packages/airflow/example_dags/example_xcom.py for tasks to queue
[2025-05-31 11:04:25,142] {logging_mixin.py:109} INFO - [2025-05-31 11:04:25,142] {dagbag.py:500} INFO - Filling up the DagBag from /home/airflow/.local/lib/python3.6/site-packages/airflow/example_dags/example_xcom.py
[2025-05-31 11:04:25,184] {processor.py:654} INFO - DAG(s) dict_keys(['example_xcom']) retrieved from /home/airflow/.local/lib/python3.6/site-packages/airflow/example_dags/example_xcom.py
[2025-05-31 11:04:25,538] {logging_mixin.py:109} INFO - [2025-05-31 11:04:25,537] {dag.py:2396} INFO - Sync 1 DAGs
[2025-05-31 11:04:25,555] {logging_mixin.py:109} INFO - [2025-05-31 11:04:25,555] {dag.py:2935} INFO - Setting next_dagrun for example_xcom to 2021-01-01T00:00:00+00:00
[2025-05-31 11:04:25,578] {processor.py:171} INFO - Processing /home/airflow/.local/lib/python3.6/site-packages/airflow/example_dags/example_xcom.py took 0.443 seconds
[2025-05-31 11:04:56,002] {processor.py:163} INFO - Started process (PID=6988) to work on /home/airflow/.local/lib/python3.6/site-packages/airflow/example_dags/example_xcom.py
[2025-05-31 11:04:56,005] {processor.py:642} INFO - Processing file /home/airflow/.local/lib/python3.6/site-packages/airflow/example_dags/example_xcom.py for tasks to queue
[2025-05-31 11:04:56,006] {logging_mixin.py:109} INFO - [2025-05-31 11:04:56,006] {dagbag.py:500} INFO - Filling up the DagBag from /home/airflow/.local/lib/python3.6/site-packages/airflow/example_dags/example_xcom.py
[2025-05-31 11:04:56,083] {processor.py:654} INFO - DAG(s) dict_keys(['example_xcom']) retrieved from /home/airflow/.local/lib/python3.6/site-packages/airflow/example_dags/example_xcom.py
[2025-05-31 11:04:56,579] {logging_mixin.py:109} INFO - [2025-05-31 11:04:56,579] {dag.py:2396} INFO - Sync 1 DAGs
[2025-05-31 11:04:56,601] {logging_mixin.py:109} INFO - [2025-05-31 11:04:56,601] {dag.py:2935} INFO - Setting next_dagrun for example_xcom to 2021-01-01T00:00:00+00:00
[2025-05-31 11:04:56,621] {processor.py:171} INFO - Processing /home/airflow/.local/lib/python3.6/site-packages/airflow/example_dags/example_xcom.py took 0.625 seconds
[2025-05-31 11:05:27,297] {processor.py:163} INFO - Started process (PID=7168) to work on /home/airflow/.local/lib/python3.6/site-packages/airflow/example_dags/example_xcom.py
[2025-05-31 11:05:27,300] {processor.py:642} INFO - Processing file /home/airflow/.local/lib/python3.6/site-packages/airflow/example_dags/example_xcom.py for tasks to queue
[2025-05-31 11:05:27,301] {logging_mixin.py:109} INFO - [2025-05-31 11:05:27,301] {dagbag.py:500} INFO - Filling up the DagBag from /home/airflow/.local/lib/python3.6/site-packages/airflow/example_dags/example_xcom.py
[2025-05-31 11:05:27,344] {processor.py:654} INFO - DAG(s) dict_keys(['example_xcom']) retrieved from /home/airflow/.local/lib/python3.6/site-packages/airflow/example_dags/example_xcom.py
[2025-05-31 11:05:27,737] {logging_mixin.py:109} INFO - [2025-05-31 11:05:27,737] {dag.py:2396} INFO - Sync 1 DAGs
[2025-05-31 11:05:27,757] {logging_mixin.py:109} INFO - [2025-05-31 11:05:27,757] {dag.py:2935} INFO - Setting next_dagrun for example_xcom to 2021-01-01T00:00:00+00:00
[2025-05-31 11:05:27,773] {processor.py:171} INFO - Processing /home/airflow/.local/lib/python3.6/site-packages/airflow/example_dags/example_xcom.py took 0.479 seconds
[2025-05-31 11:05:57,950] {processor.py:163} INFO - Started process (PID=7348) to work on /home/airflow/.local/lib/python3.6/site-packages/airflow/example_dags/example_xcom.py
[2025-05-31 11:05:57,963] {processor.py:642} INFO - Processing file /home/airflow/.local/lib/python3.6/site-packages/airflow/example_dags/example_xcom.py for tasks to queue
[2025-05-31 11:05:57,967] {logging_mixin.py:109} INFO - [2025-05-31 11:05:57,967] {dagbag.py:500} INFO - Filling up the DagBag from /home/airflow/.local/lib/python3.6/site-packages/airflow/example_dags/example_xcom.py
[2025-05-31 11:05:58,239] {processor.py:654} INFO - DAG(s) dict_keys(['example_xcom']) retrieved from /home/airflow/.local/lib/python3.6/site-packages/airflow/example_dags/example_xcom.py
[2025-05-31 11:05:59,494] {logging_mixin.py:109} INFO - [2025-05-31 11:05:59,493] {dag.py:2396} INFO - Sync 1 DAGs
[2025-05-31 11:05:59,593] {logging_mixin.py:109} INFO - [2025-05-31 11:05:59,593] {dag.py:2935} INFO - Setting next_dagrun for example_xcom to 2021-01-01T00:00:00+00:00
[2025-05-31 11:05:59,665] {processor.py:171} INFO - Processing /home/airflow/.local/lib/python3.6/site-packages/airflow/example_dags/example_xcom.py took 2.503 seconds
[2025-05-31 11:06:29,873] {processor.py:163} INFO - Started process (PID=7533) to work on /home/airflow/.local/lib/python3.6/site-packages/airflow/example_dags/example_xcom.py
[2025-05-31 11:06:29,874] {processor.py:642} INFO - Processing file /home/airflow/.local/lib/python3.6/site-packages/airflow/example_dags/example_xcom.py for tasks to queue
[2025-05-31 11:06:29,875] {logging_mixin.py:109} INFO - [2025-05-31 11:06:29,875] {dagbag.py:500} INFO - Filling up the DagBag from /home/airflow/.local/lib/python3.6/site-packages/airflow/example_dags/example_xcom.py
[2025-05-31 11:06:29,926] {processor.py:654} INFO - DAG(s) dict_keys(['example_xcom']) retrieved from /home/airflow/.local/lib/python3.6/site-packages/airflow/example_dags/example_xcom.py
[2025-05-31 11:06:30,462] {logging_mixin.py:109} INFO - [2025-05-31 11:06:30,462] {dag.py:2396} INFO - Sync 1 DAGs
[2025-05-31 11:06:30,517] {logging_mixin.py:109} INFO - [2025-05-31 11:06:30,517] {dag.py:2935} INFO - Setting next_dagrun for example_xcom to 2021-01-01T00:00:00+00:00
[2025-05-31 11:06:30,541] {processor.py:171} INFO - Processing /home/airflow/.local/lib/python3.6/site-packages/airflow/example_dags/example_xcom.py took 0.678 seconds
[2025-05-31 11:07:00,866] {processor.py:163} INFO - Started process (PID=7718) to work on /home/airflow/.local/lib/python3.6/site-packages/airflow/example_dags/example_xcom.py
[2025-05-31 11:07:00,869] {processor.py:642} INFO - Processing file /home/airflow/.local/lib/python3.6/site-packages/airflow/example_dags/example_xcom.py for tasks to queue
[2025-05-31 11:07:00,870] {logging_mixin.py:109} INFO - [2025-05-31 11:07:00,870] {dagbag.py:500} INFO - Filling up the DagBag from /home/airflow/.local/lib/python3.6/site-packages/airflow/example_dags/example_xcom.py
[2025-05-31 11:07:00,935] {processor.py:654} INFO - DAG(s) dict_keys(['example_xcom']) retrieved from /home/airflow/.local/lib/python3.6/site-packages/airflow/example_dags/example_xcom.py
[2025-05-31 11:07:01,449] {logging_mixin.py:109} INFO - [2025-05-31 11:07:01,449] {dag.py:2396} INFO - Sync 1 DAGs
[2025-05-31 11:07:01,472] {logging_mixin.py:109} INFO - [2025-05-31 11:07:01,472] {dag.py:2935} INFO - Setting next_dagrun for example_xcom to 2021-01-01T00:00:00+00:00
[2025-05-31 11:07:01,490] {processor.py:171} INFO - Processing /home/airflow/.local/lib/python3.6/site-packages/airflow/example_dags/example_xcom.py took 0.630 seconds
[2025-05-31 11:07:32,455] {processor.py:163} INFO - Started process (PID=7898) to work on /home/airflow/.local/lib/python3.6/site-packages/airflow/example_dags/example_xcom.py
[2025-05-31 11:07:32,457] {processor.py:642} INFO - Processing file /home/airflow/.local/lib/python3.6/site-packages/airflow/example_dags/example_xcom.py for tasks to queue
[2025-05-31 11:07:32,458] {logging_mixin.py:109} INFO - [2025-05-31 11:07:32,458] {dagbag.py:500} INFO - Filling up the DagBag from /home/airflow/.local/lib/python3.6/site-packages/airflow/example_dags/example_xcom.py
[2025-05-31 11:07:32,496] {processor.py:654} INFO - DAG(s) dict_keys(['example_xcom']) retrieved from /home/airflow/.local/lib/python3.6/site-packages/airflow/example_dags/example_xcom.py
[2025-05-31 11:07:32,508] {logging_mixin.py:109} INFO - [2025-05-31 11:07:32,508] {dag.py:2396} INFO - Sync 1 DAGs
[2025-05-31 11:07:32,532] {logging_mixin.py:109} INFO - [2025-05-31 11:07:32,531] {dag.py:2935} INFO - Setting next_dagrun for example_xcom to 2021-01-01T00:00:00+00:00
[2025-05-31 11:07:32,543] {processor.py:171} INFO - Processing /home/airflow/.local/lib/python3.6/site-packages/airflow/example_dags/example_xcom.py took 0.091 seconds
[2025-05-31 11:08:02,784] {processor.py:163} INFO - Started process (PID=8087) to work on /home/airflow/.local/lib/python3.6/site-packages/airflow/example_dags/example_xcom.py
[2025-05-31 11:08:02,785] {processor.py:642} INFO - Processing file /home/airflow/.local/lib/python3.6/site-packages/airflow/example_dags/example_xcom.py for tasks to queue
[2025-05-31 11:08:02,786] {logging_mixin.py:109} INFO - [2025-05-31 11:08:02,786] {dagbag.py:500} INFO - Filling up the DagBag from /home/airflow/.local/lib/python3.6/site-packages/airflow/example_dags/example_xcom.py
[2025-05-31 11:08:02,835] {processor.py:654} INFO - DAG(s) dict_keys(['example_xcom']) retrieved from /home/airflow/.local/lib/python3.6/site-packages/airflow/example_dags/example_xcom.py
[2025-05-31 11:08:03,248] {logging_mixin.py:109} INFO - [2025-05-31 11:08:03,248] {dag.py:2396} INFO - Sync 1 DAGs
[2025-05-31 11:08:03,270] {logging_mixin.py:109} INFO - [2025-05-31 11:08:03,270] {dag.py:2935} INFO - Setting next_dagrun for example_xcom to 2021-01-01T00:00:00+00:00
[2025-05-31 11:08:03,286] {processor.py:171} INFO - Processing /home/airflow/.local/lib/python3.6/site-packages/airflow/example_dags/example_xcom.py took 0.506 seconds
[2025-05-31 11:08:33,503] {processor.py:163} INFO - Started process (PID=8268) to work on /home/airflow/.local/lib/python3.6/site-packages/airflow/example_dags/example_xcom.py
[2025-05-31 11:08:33,505] {processor.py:642} INFO - Processing file /home/airflow/.local/lib/python3.6/site-packages/airflow/example_dags/example_xcom.py for tasks to queue
[2025-05-31 11:08:33,506] {logging_mixin.py:109} INFO - [2025-05-31 11:08:33,505] {dagbag.py:500} INFO - Filling up the DagBag from /home/airflow/.local/lib/python3.6/site-packages/airflow/example_dags/example_xcom.py
[2025-05-31 11:08:33,544] {processor.py:654} INFO - DAG(s) dict_keys(['example_xcom']) retrieved from /home/airflow/.local/lib/python3.6/site-packages/airflow/example_dags/example_xcom.py
[2025-05-31 11:08:34,022] {logging_mixin.py:109} INFO - [2025-05-31 11:08:34,022] {dag.py:2396} INFO - Sync 1 DAGs
[2025-05-31 11:08:34,044] {logging_mixin.py:109} INFO - [2025-05-31 11:08:34,044] {dag.py:2935} INFO - Setting next_dagrun for example_xcom to 2021-01-01T00:00:00+00:00
[2025-05-31 11:08:34,062] {processor.py:171} INFO - Processing /home/airflow/.local/lib/python3.6/site-packages/airflow/example_dags/example_xcom.py took 0.562 seconds
[2025-05-31 11:09:04,730] {processor.py:163} INFO - Started process (PID=8448) to work on /home/airflow/.local/lib/python3.6/site-packages/airflow/example_dags/example_xcom.py
[2025-05-31 11:09:04,731] {processor.py:642} INFO - Processing file /home/airflow/.local/lib/python3.6/site-packages/airflow/example_dags/example_xcom.py for tasks to queue
[2025-05-31 11:09:04,732] {logging_mixin.py:109} INFO - [2025-05-31 11:09:04,732] {dagbag.py:500} INFO - Filling up the DagBag from /home/airflow/.local/lib/python3.6/site-packages/airflow/example_dags/example_xcom.py
[2025-05-31 11:09:04,771] {processor.py:654} INFO - DAG(s) dict_keys(['example_xcom']) retrieved from /home/airflow/.local/lib/python3.6/site-packages/airflow/example_dags/example_xcom.py
[2025-05-31 11:09:05,144] {logging_mixin.py:109} INFO - [2025-05-31 11:09:05,143] {dag.py:2396} INFO - Sync 1 DAGs
[2025-05-31 11:09:05,162] {logging_mixin.py:109} INFO - [2025-05-31 11:09:05,162] {dag.py:2935} INFO - Setting next_dagrun for example_xcom to 2021-01-01T00:00:00+00:00
[2025-05-31 11:09:05,176] {processor.py:171} INFO - Processing /home/airflow/.local/lib/python3.6/site-packages/airflow/example_dags/example_xcom.py took 0.449 seconds
[2025-05-31 11:09:35,409] {processor.py:163} INFO - Started process (PID=8637) to work on /home/airflow/.local/lib/python3.6/site-packages/airflow/example_dags/example_xcom.py
[2025-05-31 11:09:35,411] {processor.py:642} INFO - Processing file /home/airflow/.local/lib/python3.6/site-packages/airflow/example_dags/example_xcom.py for tasks to queue
[2025-05-31 11:09:35,412] {logging_mixin.py:109} INFO - [2025-05-31 11:09:35,412] {dagbag.py:500} INFO - Filling up the DagBag from /home/airflow/.local/lib/python3.6/site-packages/airflow/example_dags/example_xcom.py
[2025-05-31 11:09:35,468] {processor.py:654} INFO - DAG(s) dict_keys(['example_xcom']) retrieved from /home/airflow/.local/lib/python3.6/site-packages/airflow/example_dags/example_xcom.py
[2025-05-31 11:09:36,042] {logging_mixin.py:109} INFO - [2025-05-31 11:09:36,042] {dag.py:2396} INFO - Sync 1 DAGs
[2025-05-31 11:09:36,079] {logging_mixin.py:109} INFO - [2025-05-31 11:09:36,079] {dag.py:2935} INFO - Setting next_dagrun for example_xcom to 2021-01-01T00:00:00+00:00
[2025-05-31 11:09:36,106] {processor.py:171} INFO - Processing /home/airflow/.local/lib/python3.6/site-packages/airflow/example_dags/example_xcom.py took 0.701 seconds
[2025-05-31 11:10:06,564] {processor.py:163} INFO - Started process (PID=8817) to work on /home/airflow/.local/lib/python3.6/site-packages/airflow/example_dags/example_xcom.py
[2025-05-31 11:10:06,567] {processor.py:642} INFO - Processing file /home/airflow/.local/lib/python3.6/site-packages/airflow/example_dags/example_xcom.py for tasks to queue
[2025-05-31 11:10:06,570] {logging_mixin.py:109} INFO - [2025-05-31 11:10:06,569] {dagbag.py:500} INFO - Filling up the DagBag from /home/airflow/.local/lib/python3.6/site-packages/airflow/example_dags/example_xcom.py
[2025-05-31 11:10:06,690] {processor.py:654} INFO - DAG(s) dict_keys(['example_xcom']) retrieved from /home/airflow/.local/lib/python3.6/site-packages/airflow/example_dags/example_xcom.py
[2025-05-31 11:10:07,347] {logging_mixin.py:109} INFO - [2025-05-31 11:10:07,347] {dag.py:2396} INFO - Sync 1 DAGs
[2025-05-31 11:10:07,370] {logging_mixin.py:109} INFO - [2025-05-31 11:10:07,370] {dag.py:2935} INFO - Setting next_dagrun for example_xcom to 2021-01-01T00:00:00+00:00
[2025-05-31 11:10:07,393] {processor.py:171} INFO - Processing /home/airflow/.local/lib/python3.6/site-packages/airflow/example_dags/example_xcom.py took 0.839 seconds
[2025-05-31 11:10:38,006] {processor.py:163} INFO - Started process (PID=8997) to work on /home/airflow/.local/lib/python3.6/site-packages/airflow/example_dags/example_xcom.py
[2025-05-31 11:10:38,010] {processor.py:642} INFO - Processing file /home/airflow/.local/lib/python3.6/site-packages/airflow/example_dags/example_xcom.py for tasks to queue
[2025-05-31 11:10:38,012] {logging_mixin.py:109} INFO - [2025-05-31 11:10:38,012] {dagbag.py:500} INFO - Filling up the DagBag from /home/airflow/.local/lib/python3.6/site-packages/airflow/example_dags/example_xcom.py
[2025-05-31 11:10:38,182] {processor.py:654} INFO - DAG(s) dict_keys(['example_xcom']) retrieved from /home/airflow/.local/lib/python3.6/site-packages/airflow/example_dags/example_xcom.py
[2025-05-31 11:10:38,939] {logging_mixin.py:109} INFO - [2025-05-31 11:10:38,939] {dag.py:2396} INFO - Sync 1 DAGs
[2025-05-31 11:10:38,972] {logging_mixin.py:109} INFO - [2025-05-31 11:10:38,972] {dag.py:2935} INFO - Setting next_dagrun for example_xcom to 2021-01-01T00:00:00+00:00
[2025-05-31 11:10:38,995] {processor.py:171} INFO - Processing /home/airflow/.local/lib/python3.6/site-packages/airflow/example_dags/example_xcom.py took 1.006 seconds
[2025-05-31 11:11:09,522] {processor.py:163} INFO - Started process (PID=9187) to work on /home/airflow/.local/lib/python3.6/site-packages/airflow/example_dags/example_xcom.py
[2025-05-31 11:11:09,529] {processor.py:642} INFO - Processing file /home/airflow/.local/lib/python3.6/site-packages/airflow/example_dags/example_xcom.py for tasks to queue
[2025-05-31 11:11:09,532] {logging_mixin.py:109} INFO - [2025-05-31 11:11:09,532] {dagbag.py:500} INFO - Filling up the DagBag from /home/airflow/.local/lib/python3.6/site-packages/airflow/example_dags/example_xcom.py
[2025-05-31 11:11:09,712] {processor.py:654} INFO - DAG(s) dict_keys(['example_xcom']) retrieved from /home/airflow/.local/lib/python3.6/site-packages/airflow/example_dags/example_xcom.py
[2025-05-31 11:11:10,582] {logging_mixin.py:109} INFO - [2025-05-31 11:11:10,581] {dag.py:2396} INFO - Sync 1 DAGs
[2025-05-31 11:11:10,635] {logging_mixin.py:109} INFO - [2025-05-31 11:11:10,635] {dag.py:2935} INFO - Setting next_dagrun for example_xcom to 2021-01-01T00:00:00+00:00
[2025-05-31 11:11:10,658] {processor.py:171} INFO - Processing /home/airflow/.local/lib/python3.6/site-packages/airflow/example_dags/example_xcom.py took 1.148 seconds
[2025-05-31 11:11:41,083] {processor.py:163} INFO - Started process (PID=9367) to work on /home/airflow/.local/lib/python3.6/site-packages/airflow/example_dags/example_xcom.py
[2025-05-31 11:11:41,086] {processor.py:642} INFO - Processing file /home/airflow/.local/lib/python3.6/site-packages/airflow/example_dags/example_xcom.py for tasks to queue
[2025-05-31 11:11:41,087] {logging_mixin.py:109} INFO - [2025-05-31 11:11:41,087] {dagbag.py:500} INFO - Filling up the DagBag from /home/airflow/.local/lib/python3.6/site-packages/airflow/example_dags/example_xcom.py
[2025-05-31 11:11:41,148] {processor.py:654} INFO - DAG(s) dict_keys(['example_xcom']) retrieved from /home/airflow/.local/lib/python3.6/site-packages/airflow/example_dags/example_xcom.py
[2025-05-31 11:11:41,707] {logging_mixin.py:109} INFO - [2025-05-31 11:11:41,707] {dag.py:2396} INFO - Sync 1 DAGs
[2025-05-31 11:11:41,734] {logging_mixin.py:109} INFO - [2025-05-31 11:11:41,734] {dag.py:2935} INFO - Setting next_dagrun for example_xcom to 2021-01-01T00:00:00+00:00
[2025-05-31 11:11:41,750] {processor.py:171} INFO - Processing /home/airflow/.local/lib/python3.6/site-packages/airflow/example_dags/example_xcom.py took 0.672 seconds
[2025-05-31 11:12:12,658] {processor.py:163} INFO - Started process (PID=9547) to work on /home/airflow/.local/lib/python3.6/site-packages/airflow/example_dags/example_xcom.py
[2025-05-31 11:12:12,659] {processor.py:642} INFO - Processing file /home/airflow/.local/lib/python3.6/site-packages/airflow/example_dags/example_xcom.py for tasks to queue
[2025-05-31 11:12:12,660] {logging_mixin.py:109} INFO - [2025-05-31 11:12:12,660] {dagbag.py:500} INFO - Filling up the DagBag from /home/airflow/.local/lib/python3.6/site-packages/airflow/example_dags/example_xcom.py
[2025-05-31 11:12:12,791] {processor.py:654} INFO - DAG(s) dict_keys(['example_xcom']) retrieved from /home/airflow/.local/lib/python3.6/site-packages/airflow/example_dags/example_xcom.py
[2025-05-31 11:12:13,096] {logging_mixin.py:109} INFO - [2025-05-31 11:12:13,096] {dag.py:2396} INFO - Sync 1 DAGs
[2025-05-31 11:12:13,115] {logging_mixin.py:109} INFO - [2025-05-31 11:12:13,115] {dag.py:2935} INFO - Setting next_dagrun for example_xcom to 2021-01-01T00:00:00+00:00
[2025-05-31 11:12:13,130] {processor.py:171} INFO - Processing /home/airflow/.local/lib/python3.6/site-packages/airflow/example_dags/example_xcom.py took 0.476 seconds
[2025-05-31 11:12:43,977] {processor.py:163} INFO - Started process (PID=9737) to work on /home/airflow/.local/lib/python3.6/site-packages/airflow/example_dags/example_xcom.py
[2025-05-31 11:12:43,979] {processor.py:642} INFO - Processing file /home/airflow/.local/lib/python3.6/site-packages/airflow/example_dags/example_xcom.py for tasks to queue
[2025-05-31 11:12:43,980] {logging_mixin.py:109} INFO - [2025-05-31 11:12:43,980] {dagbag.py:500} INFO - Filling up the DagBag from /home/airflow/.local/lib/python3.6/site-packages/airflow/example_dags/example_xcom.py
[2025-05-31 11:12:44,175] {processor.py:654} INFO - DAG(s) dict_keys(['example_xcom']) retrieved from /home/airflow/.local/lib/python3.6/site-packages/airflow/example_dags/example_xcom.py
[2025-05-31 11:12:44,640] {logging_mixin.py:109} INFO - [2025-05-31 11:12:44,640] {dag.py:2396} INFO - Sync 1 DAGs
[2025-05-31 11:12:44,670] {logging_mixin.py:109} INFO - [2025-05-31 11:12:44,670] {dag.py:2935} INFO - Setting next_dagrun for example_xcom to 2021-01-01T00:00:00+00:00
[2025-05-31 11:12:44,691] {processor.py:171} INFO - Processing /home/airflow/.local/lib/python3.6/site-packages/airflow/example_dags/example_xcom.py took 0.720 seconds
[2025-05-31 11:13:15,176] {processor.py:163} INFO - Started process (PID=9917) to work on /home/airflow/.local/lib/python3.6/site-packages/airflow/example_dags/example_xcom.py
[2025-05-31 11:13:15,177] {processor.py:642} INFO - Processing file /home/airflow/.local/lib/python3.6/site-packages/airflow/example_dags/example_xcom.py for tasks to queue
[2025-05-31 11:13:15,179] {logging_mixin.py:109} INFO - [2025-05-31 11:13:15,178] {dagbag.py:500} INFO - Filling up the DagBag from /home/airflow/.local/lib/python3.6/site-packages/airflow/example_dags/example_xcom.py
[2025-05-31 11:13:15,326] {processor.py:654} INFO - DAG(s) dict_keys(['example_xcom']) retrieved from /home/airflow/.local/lib/python3.6/site-packages/airflow/example_dags/example_xcom.py
[2025-05-31 11:13:15,674] {logging_mixin.py:109} INFO - [2025-05-31 11:13:15,674] {dag.py:2396} INFO - Sync 1 DAGs
[2025-05-31 11:13:15,699] {logging_mixin.py:109} INFO - [2025-05-31 11:13:15,699] {dag.py:2935} INFO - Setting next_dagrun for example_xcom to 2021-01-01T00:00:00+00:00
[2025-05-31 11:13:15,718] {processor.py:171} INFO - Processing /home/airflow/.local/lib/python3.6/site-packages/airflow/example_dags/example_xcom.py took 0.545 seconds
[2025-05-31 11:13:46,537] {processor.py:163} INFO - Started process (PID=10097) to work on /home/airflow/.local/lib/python3.6/site-packages/airflow/example_dags/example_xcom.py
[2025-05-31 11:13:46,540] {processor.py:642} INFO - Processing file /home/airflow/.local/lib/python3.6/site-packages/airflow/example_dags/example_xcom.py for tasks to queue
[2025-05-31 11:13:46,542] {logging_mixin.py:109} INFO - [2025-05-31 11:13:46,542] {dagbag.py:500} INFO - Filling up the DagBag from /home/airflow/.local/lib/python3.6/site-packages/airflow/example_dags/example_xcom.py
[2025-05-31 11:13:46,710] {processor.py:654} INFO - DAG(s) dict_keys(['example_xcom']) retrieved from /home/airflow/.local/lib/python3.6/site-packages/airflow/example_dags/example_xcom.py
[2025-05-31 11:13:46,233] {logging_mixin.py:109} INFO - [2025-05-31 11:13:46,233] {dag.py:2396} INFO - Sync 1 DAGs
[2025-05-31 11:13:46,264] {logging_mixin.py:109} INFO - [2025-05-31 11:13:46,263] {dag.py:2935} INFO - Setting next_dagrun for example_xcom to 2021-01-01T00:00:00+00:00
[2025-05-31 11:13:46,289] {processor.py:171} INFO - Processing /home/airflow/.local/lib/python3.6/site-packages/airflow/example_dags/example_xcom.py took 0.532 seconds
[2025-05-31 11:14:17,086] {processor.py:163} INFO - Started process (PID=10287) to work on /home/airflow/.local/lib/python3.6/site-packages/airflow/example_dags/example_xcom.py
[2025-05-31 11:14:17,090] {processor.py:642} INFO - Processing file /home/airflow/.local/lib/python3.6/site-packages/airflow/example_dags/example_xcom.py for tasks to queue
[2025-05-31 11:14:17,091] {logging_mixin.py:109} INFO - [2025-05-31 11:14:17,091] {dagbag.py:500} INFO - Filling up the DagBag from /home/airflow/.local/lib/python3.6/site-packages/airflow/example_dags/example_xcom.py
[2025-05-31 11:14:17,317] {processor.py:654} INFO - DAG(s) dict_keys(['example_xcom']) retrieved from /home/airflow/.local/lib/python3.6/site-packages/airflow/example_dags/example_xcom.py
[2025-05-31 11:14:17,676] {logging_mixin.py:109} INFO - [2025-05-31 11:14:17,675] {dag.py:2396} INFO - Sync 1 DAGs
[2025-05-31 11:14:17,701] {logging_mixin.py:109} INFO - [2025-05-31 11:14:17,701] {dag.py:2935} INFO - Setting next_dagrun for example_xcom to 2021-01-01T00:00:00+00:00
[2025-05-31 11:14:17,726] {processor.py:171} INFO - Processing /home/airflow/.local/lib/python3.6/site-packages/airflow/example_dags/example_xcom.py took 0.661 seconds
[2025-05-31 11:14:47,929] {processor.py:163} INFO - Started process (PID=10467) to work on /home/airflow/.local/lib/python3.6/site-packages/airflow/example_dags/example_xcom.py
[2025-05-31 11:14:47,931] {processor.py:642} INFO - Processing file /home/airflow/.local/lib/python3.6/site-packages/airflow/example_dags/example_xcom.py for tasks to queue
[2025-05-31 11:14:47,932] {logging_mixin.py:109} INFO - [2025-05-31 11:14:47,932] {dagbag.py:500} INFO - Filling up the DagBag from /home/airflow/.local/lib/python3.6/site-packages/airflow/example_dags/example_xcom.py
[2025-05-31 11:14:48,095] {processor.py:654} INFO - DAG(s) dict_keys(['example_xcom']) retrieved from /home/airflow/.local/lib/python3.6/site-packages/airflow/example_dags/example_xcom.py
[2025-05-31 11:14:48,502] {logging_mixin.py:109} INFO - [2025-05-31 11:14:48,502] {dag.py:2396} INFO - Sync 1 DAGs
[2025-05-31 11:14:48,527] {logging_mixin.py:109} INFO - [2025-05-31 11:14:48,527] {dag.py:2935} INFO - Setting next_dagrun for example_xcom to 2021-01-01T00:00:00+00:00
[2025-05-31 11:14:48,550] {processor.py:171} INFO - Processing /home/airflow/.local/lib/python3.6/site-packages/airflow/example_dags/example_xcom.py took 0.625 seconds
[2025-05-31 11:15:19,429] {processor.py:163} INFO - Started process (PID=10647) to work on /home/airflow/.local/lib/python3.6/site-packages/airflow/example_dags/example_xcom.py
[2025-05-31 11:15:19,431] {processor.py:642} INFO - Processing file /home/airflow/.local/lib/python3.6/site-packages/airflow/example_dags/example_xcom.py for tasks to queue
[2025-05-31 11:15:19,432] {logging_mixin.py:109} INFO - [2025-05-31 11:15:19,432] {dagbag.py:500} INFO - Filling up the DagBag from /home/airflow/.local/lib/python3.6/site-packages/airflow/example_dags/example_xcom.py
[2025-05-31 11:15:19,586] {processor.py:654} INFO - DAG(s) dict_keys(['example_xcom']) retrieved from /home/airflow/.local/lib/python3.6/site-packages/airflow/example_dags/example_xcom.py
[2025-05-31 11:15:19,885] {logging_mixin.py:109} INFO - [2025-05-31 11:15:19,885] {dag.py:2396} INFO - Sync 1 DAGs
[2025-05-31 11:15:19,907] {logging_mixin.py:109} INFO - [2025-05-31 11:15:19,907] {dag.py:2935} INFO - Setting next_dagrun for example_xcom to 2021-01-01T00:00:00+00:00
[2025-05-31 11:15:19,923] {processor.py:171} INFO - Processing /home/airflow/.local/lib/python3.6/site-packages/airflow/example_dags/example_xcom.py took 0.498 seconds
[2025-05-31 11:15:50,353] {processor.py:163} INFO - Started process (PID=10846) to work on /home/airflow/.local/lib/python3.6/site-packages/airflow/example_dags/example_xcom.py
[2025-05-31 11:15:50,355] {processor.py:642} INFO - Processing file /home/airflow/.local/lib/python3.6/site-packages/airflow/example_dags/example_xcom.py for tasks to queue
[2025-05-31 11:15:50,357] {logging_mixin.py:109} INFO - [2025-05-31 11:15:50,357] {dagbag.py:500} INFO - Filling up the DagBag from /home/airflow/.local/lib/python3.6/site-packages/airflow/example_dags/example_xcom.py
[2025-05-31 11:15:50,408] {processor.py:654} INFO - DAG(s) dict_keys(['example_xcom']) retrieved from /home/airflow/.local/lib/python3.6/site-packages/airflow/example_dags/example_xcom.py
[2025-05-31 11:15:50,796] {logging_mixin.py:109} INFO - [2025-05-31 11:15:50,796] {dag.py:2396} INFO - Sync 1 DAGs
[2025-05-31 11:15:50,830] {logging_mixin.py:109} INFO - [2025-05-31 11:15:50,829] {dag.py:2935} INFO - Setting next_dagrun for example_xcom to 2021-01-01T00:00:00+00:00
[2025-05-31 11:15:50,848] {processor.py:171} INFO - Processing /home/airflow/.local/lib/python3.6/site-packages/airflow/example_dags/example_xcom.py took 0.507 seconds
[2025-05-31 11:16:20,950] {processor.py:163} INFO - Started process (PID=11066) to work on /home/airflow/.local/lib/python3.6/site-packages/airflow/example_dags/example_xcom.py
[2025-05-31 11:16:20,951] {processor.py:642} INFO - Processing file /home/airflow/.local/lib/python3.6/site-packages/airflow/example_dags/example_xcom.py for tasks to queue
[2025-05-31 11:16:20,952] {logging_mixin.py:109} INFO - [2025-05-31 11:16:20,952] {dagbag.py:500} INFO - Filling up the DagBag from /home/airflow/.local/lib/python3.6/site-packages/airflow/example_dags/example_xcom.py
[2025-05-31 11:16:20,988] {processor.py:654} INFO - DAG(s) dict_keys(['example_xcom']) retrieved from /home/airflow/.local/lib/python3.6/site-packages/airflow/example_dags/example_xcom.py
[2025-05-31 11:16:21,267] {logging_mixin.py:109} INFO - [2025-05-31 11:16:21,267] {dag.py:2396} INFO - Sync 1 DAGs
[2025-05-31 11:16:21,290] {logging_mixin.py:109} INFO - [2025-05-31 11:16:21,290] {dag.py:2935} INFO - Setting next_dagrun for example_xcom to 2021-01-01T00:00:00+00:00
[2025-05-31 11:16:21,304] {processor.py:171} INFO - Processing /home/airflow/.local/lib/python3.6/site-packages/airflow/example_dags/example_xcom.py took 0.359 seconds
[2025-05-31 11:16:51,404] {processor.py:163} INFO - Started process (PID=11261) to work on /home/airflow/.local/lib/python3.6/site-packages/airflow/example_dags/example_xcom.py
[2025-05-31 11:16:51,406] {processor.py:642} INFO - Processing file /home/airflow/.local/lib/python3.6/site-packages/airflow/example_dags/example_xcom.py for tasks to queue
[2025-05-31 11:16:51,407] {logging_mixin.py:109} INFO - [2025-05-31 11:16:51,407] {dagbag.py:500} INFO - Filling up the DagBag from /home/airflow/.local/lib/python3.6/site-packages/airflow/example_dags/example_xcom.py
[2025-05-31 11:16:51,450] {processor.py:654} INFO - DAG(s) dict_keys(['example_xcom']) retrieved from /home/airflow/.local/lib/python3.6/site-packages/airflow/example_dags/example_xcom.py
[2025-05-31 11:16:51,721] {logging_mixin.py:109} INFO - [2025-05-31 11:16:51,721] {dag.py:2396} INFO - Sync 1 DAGs
[2025-05-31 11:16:51,741] {logging_mixin.py:109} INFO - [2025-05-31 11:16:51,741] {dag.py:2935} INFO - Setting next_dagrun for example_xcom to 2021-01-01T00:00:00+00:00
[2025-05-31 11:16:51,756] {processor.py:171} INFO - Processing /home/airflow/.local/lib/python3.6/site-packages/airflow/example_dags/example_xcom.py took 0.356 seconds
[2025-05-31 11:17:22,521] {processor.py:163} INFO - Started process (PID=11456) to work on /home/airflow/.local/lib/python3.6/site-packages/airflow/example_dags/example_xcom.py
[2025-05-31 11:17:22,524] {processor.py:642} INFO - Processing file /home/airflow/.local/lib/python3.6/site-packages/airflow/example_dags/example_xcom.py for tasks to queue
[2025-05-31 11:17:22,526] {logging_mixin.py:109} INFO - [2025-05-31 11:17:22,525] {dagbag.py:500} INFO - Filling up the DagBag from /home/airflow/.local/lib/python3.6/site-packages/airflow/example_dags/example_xcom.py
[2025-05-31 11:17:22,608] {processor.py:654} INFO - DAG(s) dict_keys(['example_xcom']) retrieved from /home/airflow/.local/lib/python3.6/site-packages/airflow/example_dags/example_xcom.py
[2025-05-31 11:17:23,172] {logging_mixin.py:109} INFO - [2025-05-31 11:17:23,172] {dag.py:2396} INFO - Sync 1 DAGs
[2025-05-31 11:17:23,201] {logging_mixin.py:109} INFO - [2025-05-31 11:17:23,201] {dag.py:2935} INFO - Setting next_dagrun for example_xcom to 2021-01-01T00:00:00+00:00
[2025-05-31 11:17:23,220] {processor.py:171} INFO - Processing /home/airflow/.local/lib/python3.6/site-packages/airflow/example_dags/example_xcom.py took 0.706 seconds
[2025-05-31 11:17:53,934] {processor.py:163} INFO - Started process (PID=11646) to work on /home/airflow/.local/lib/python3.6/site-packages/airflow/example_dags/example_xcom.py
[2025-05-31 11:17:53,936] {processor.py:642} INFO - Processing file /home/airflow/.local/lib/python3.6/site-packages/airflow/example_dags/example_xcom.py for tasks to queue
[2025-05-31 11:17:53,936] {logging_mixin.py:109} INFO - [2025-05-31 11:17:53,936] {dagbag.py:500} INFO - Filling up the DagBag from /home/airflow/.local/lib/python3.6/site-packages/airflow/example_dags/example_xcom.py
[2025-05-31 11:17:53,971] {processor.py:654} INFO - DAG(s) dict_keys(['example_xcom']) retrieved from /home/airflow/.local/lib/python3.6/site-packages/airflow/example_dags/example_xcom.py
[2025-05-31 11:17:54,237] {logging_mixin.py:109} INFO - [2025-05-31 11:17:54,237] {dag.py:2396} INFO - Sync 1 DAGs
[2025-05-31 11:17:54,263] {logging_mixin.py:109} INFO - [2025-05-31 11:17:54,263] {dag.py:2935} INFO - Setting next_dagrun for example_xcom to 2021-01-01T00:00:00+00:00
[2025-05-31 11:17:54,282] {processor.py:171} INFO - Processing /home/airflow/.local/lib/python3.6/site-packages/airflow/example_dags/example_xcom.py took 0.351 seconds
[2025-05-31 11:18:24,886] {processor.py:163} INFO - Started process (PID=11831) to work on /home/airflow/.local/lib/python3.6/site-packages/airflow/example_dags/example_xcom.py
[2025-05-31 11:18:24,887] {processor.py:642} INFO - Processing file /home/airflow/.local/lib/python3.6/site-packages/airflow/example_dags/example_xcom.py for tasks to queue
[2025-05-31 11:18:24,889] {logging_mixin.py:109} INFO - [2025-05-31 11:18:24,888] {dagbag.py:500} INFO - Filling up the DagBag from /home/airflow/.local/lib/python3.6/site-packages/airflow/example_dags/example_xcom.py
[2025-05-31 11:18:24,945] {processor.py:654} INFO - DAG(s) dict_keys(['example_xcom']) retrieved from /home/airflow/.local/lib/python3.6/site-packages/airflow/example_dags/example_xcom.py
[2025-05-31 11:18:25,374] {logging_mixin.py:109} INFO - [2025-05-31 11:18:25,374] {dag.py:2396} INFO - Sync 1 DAGs
[2025-05-31 11:18:25,403] {logging_mixin.py:109} INFO - [2025-05-31 11:18:25,403] {dag.py:2935} INFO - Setting next_dagrun for example_xcom to 2021-01-01T00:00:00+00:00
[2025-05-31 11:18:25,422] {processor.py:171} INFO - Processing /home/airflow/.local/lib/python3.6/site-packages/airflow/example_dags/example_xcom.py took 0.540 seconds
[2025-05-31 11:18:55,572] {processor.py:163} INFO - Started process (PID=12026) to work on /home/airflow/.local/lib/python3.6/site-packages/airflow/example_dags/example_xcom.py
[2025-05-31 11:18:55,574] {processor.py:642} INFO - Processing file /home/airflow/.local/lib/python3.6/site-packages/airflow/example_dags/example_xcom.py for tasks to queue
[2025-05-31 11:18:55,575] {logging_mixin.py:109} INFO - [2025-05-31 11:18:55,575] {dagbag.py:500} INFO - Filling up the DagBag from /home/airflow/.local/lib/python3.6/site-packages/airflow/example_dags/example_xcom.py
[2025-05-31 11:18:55,627] {processor.py:654} INFO - DAG(s) dict_keys(['example_xcom']) retrieved from /home/airflow/.local/lib/python3.6/site-packages/airflow/example_dags/example_xcom.py
[2025-05-31 11:18:56,024] {logging_mixin.py:109} INFO - [2025-05-31 11:18:56,024] {dag.py:2396} INFO - Sync 1 DAGs
[2025-05-31 11:18:56,048] {logging_mixin.py:109} INFO - [2025-05-31 11:18:56,048] {dag.py:2935} INFO - Setting next_dagrun for example_xcom to 2021-01-01T00:00:00+00:00
[2025-05-31 11:18:56,064] {processor.py:171} INFO - Processing /home/airflow/.local/lib/python3.6/site-packages/airflow/example_dags/example_xcom.py took 0.496 seconds
[2025-05-31 11:19:26,523] {processor.py:163} INFO - Started process (PID=12211) to work on /home/airflow/.local/lib/python3.6/site-packages/airflow/example_dags/example_xcom.py
[2025-05-31 11:19:26,525] {processor.py:642} INFO - Processing file /home/airflow/.local/lib/python3.6/site-packages/airflow/example_dags/example_xcom.py for tasks to queue
[2025-05-31 11:19:26,526] {logging_mixin.py:109} INFO - [2025-05-31 11:19:26,526] {dagbag.py:500} INFO - Filling up the DagBag from /home/airflow/.local/lib/python3.6/site-packages/airflow/example_dags/example_xcom.py
[2025-05-31 11:19:26,572] {processor.py:654} INFO - DAG(s) dict_keys(['example_xcom']) retrieved from /home/airflow/.local/lib/python3.6/site-packages/airflow/example_dags/example_xcom.py
[2025-05-31 11:19:26,862] {logging_mixin.py:109} INFO - [2025-05-31 11:19:26,862] {dag.py:2396} INFO - Sync 1 DAGs
[2025-05-31 11:19:26,885] {logging_mixin.py:109} INFO - [2025-05-31 11:19:26,885] {dag.py:2935} INFO - Setting next_dagrun for example_xcom to 2021-01-01T00:00:00+00:00
[2025-05-31 11:19:26,900] {processor.py:171} INFO - Processing /home/airflow/.local/lib/python3.6/site-packages/airflow/example_dags/example_xcom.py took 0.381 seconds
[2025-05-31 11:19:57,234] {processor.py:163} INFO - Started process (PID=12396) to work on /home/airflow/.local/lib/python3.6/site-packages/airflow/example_dags/example_xcom.py
[2025-05-31 11:19:57,237] {processor.py:642} INFO - Processing file /home/airflow/.local/lib/python3.6/site-packages/airflow/example_dags/example_xcom.py for tasks to queue
[2025-05-31 11:19:57,238] {logging_mixin.py:109} INFO - [2025-05-31 11:19:57,238] {dagbag.py:500} INFO - Filling up the DagBag from /home/airflow/.local/lib/python3.6/site-packages/airflow/example_dags/example_xcom.py
[2025-05-31 11:19:57,303] {processor.py:654} INFO - DAG(s) dict_keys(['example_xcom']) retrieved from /home/airflow/.local/lib/python3.6/site-packages/airflow/example_dags/example_xcom.py
[2025-05-31 11:19:57,664] {logging_mixin.py:109} INFO - [2025-05-31 11:19:57,664] {dag.py:2396} INFO - Sync 1 DAGs
[2025-05-31 11:19:57,691] {logging_mixin.py:109} INFO - [2025-05-31 11:19:57,691] {dag.py:2935} INFO - Setting next_dagrun for example_xcom to 2021-01-01T00:00:00+00:00
[2025-05-31 11:19:57,707] {processor.py:171} INFO - Processing /home/airflow/.local/lib/python3.6/site-packages/airflow/example_dags/example_xcom.py took 0.478 seconds
[2025-05-31 11:20:27,867] {processor.py:163} INFO - Started process (PID=12591) to work on /home/airflow/.local/lib/python3.6/site-packages/airflow/example_dags/example_xcom.py
[2025-05-31 11:20:27,869] {processor.py:642} INFO - Processing file /home/airflow/.local/lib/python3.6/site-packages/airflow/example_dags/example_xcom.py for tasks to queue
[2025-05-31 11:20:27,870] {logging_mixin.py:109} INFO - [2025-05-31 11:20:27,869] {dagbag.py:500} INFO - Filling up the DagBag from /home/airflow/.local/lib/python3.6/site-packages/airflow/example_dags/example_xcom.py
[2025-05-31 11:20:27,910] {processor.py:654} INFO - DAG(s) dict_keys(['example_xcom']) retrieved from /home/airflow/.local/lib/python3.6/site-packages/airflow/example_dags/example_xcom.py
[2025-05-31 11:20:28,197] {logging_mixin.py:109} INFO - [2025-05-31 11:20:28,197] {dag.py:2396} INFO - Sync 1 DAGs
[2025-05-31 11:20:28,224] {logging_mixin.py:109} INFO - [2025-05-31 11:20:28,224] {dag.py:2935} INFO - Setting next_dagrun for example_xcom to 2021-01-01T00:00:00+00:00
[2025-05-31 11:20:28,238] {processor.py:171} INFO - Processing /home/airflow/.local/lib/python3.6/site-packages/airflow/example_dags/example_xcom.py took 0.374 seconds
[2025-05-31 11:20:58,999] {processor.py:163} INFO - Started process (PID=12776) to work on /home/airflow/.local/lib/python3.6/site-packages/airflow/example_dags/example_xcom.py
[2025-05-31 11:20:59,000] {processor.py:642} INFO - Processing file /home/airflow/.local/lib/python3.6/site-packages/airflow/example_dags/example_xcom.py for tasks to queue
[2025-05-31 11:20:59,001] {logging_mixin.py:109} INFO - [2025-05-31 11:20:59,001] {dagbag.py:500} INFO - Filling up the DagBag from /home/airflow/.local/lib/python3.6/site-packages/airflow/example_dags/example_xcom.py
[2025-05-31 11:20:59,040] {processor.py:654} INFO - DAG(s) dict_keys(['example_xcom']) retrieved from /home/airflow/.local/lib/python3.6/site-packages/airflow/example_dags/example_xcom.py
[2025-05-31 11:20:59,316] {logging_mixin.py:109} INFO - [2025-05-31 11:20:59,316] {dag.py:2396} INFO - Sync 1 DAGs
[2025-05-31 11:20:59,340] {logging_mixin.py:109} INFO - [2025-05-31 11:20:59,340] {dag.py:2935} INFO - Setting next_dagrun for example_xcom to 2021-01-01T00:00:00+00:00
[2025-05-31 11:20:59,355] {processor.py:171} INFO - Processing /home/airflow/.local/lib/python3.6/site-packages/airflow/example_dags/example_xcom.py took 0.360 seconds
[2025-05-31 11:21:29,402] {processor.py:163} INFO - Started process (PID=12961) to work on /home/airflow/.local/lib/python3.6/site-packages/airflow/example_dags/example_xcom.py
[2025-05-31 11:21:29,404] {processor.py:642} INFO - Processing file /home/airflow/.local/lib/python3.6/site-packages/airflow/example_dags/example_xcom.py for tasks to queue
[2025-05-31 11:21:29,405] {logging_mixin.py:109} INFO - [2025-05-31 11:21:29,405] {dagbag.py:500} INFO - Filling up the DagBag from /home/airflow/.local/lib/python3.6/site-packages/airflow/example_dags/example_xcom.py
[2025-05-31 11:21:29,454] {processor.py:654} INFO - DAG(s) dict_keys(['example_xcom']) retrieved from /home/airflow/.local/lib/python3.6/site-packages/airflow/example_dags/example_xcom.py
[2025-05-31 11:21:29,782] {logging_mixin.py:109} INFO - [2025-05-31 11:21:29,782] {dag.py:2396} INFO - Sync 1 DAGs
[2025-05-31 11:21:29,809] {logging_mixin.py:109} INFO - [2025-05-31 11:21:29,809] {dag.py:2935} INFO - Setting next_dagrun for example_xcom to 2021-01-01T00:00:00+00:00
[2025-05-31 11:21:29,827] {processor.py:171} INFO - Processing /home/airflow/.local/lib/python3.6/site-packages/airflow/example_dags/example_xcom.py took 0.430 seconds
[2025-05-31 11:22:00,739] {processor.py:163} INFO - Started process (PID=13156) to work on /home/airflow/.local/lib/python3.6/site-packages/airflow/example_dags/example_xcom.py
[2025-05-31 11:22:00,741] {processor.py:642} INFO - Processing file /home/airflow/.local/lib/python3.6/site-packages/airflow/example_dags/example_xcom.py for tasks to queue
[2025-05-31 11:22:00,741] {logging_mixin.py:109} INFO - [2025-05-31 11:22:00,741] {dagbag.py:500} INFO - Filling up the DagBag from /home/airflow/.local/lib/python3.6/site-packages/airflow/example_dags/example_xcom.py
[2025-05-31 11:22:00,778] {processor.py:654} INFO - DAG(s) dict_keys(['example_xcom']) retrieved from /home/airflow/.local/lib/python3.6/site-packages/airflow/example_dags/example_xcom.py
[2025-05-31 11:22:00,792] {logging_mixin.py:109} INFO - [2025-05-31 11:22:00,792] {dag.py:2396} INFO - Sync 1 DAGs
[2025-05-31 11:22:00,813] {logging_mixin.py:109} INFO - [2025-05-31 11:22:00,813] {dag.py:2935} INFO - Setting next_dagrun for example_xcom to 2021-01-01T00:00:00+00:00
[2025-05-31 11:22:00,827] {processor.py:171} INFO - Processing /home/airflow/.local/lib/python3.6/site-packages/airflow/example_dags/example_xcom.py took 0.091 seconds
[2025-05-31 11:22:31,494] {processor.py:163} INFO - Started process (PID=13341) to work on /home/airflow/.local/lib/python3.6/site-packages/airflow/example_dags/example_xcom.py
[2025-05-31 11:22:31,495] {processor.py:642} INFO - Processing file /home/airflow/.local/lib/python3.6/site-packages/airflow/example_dags/example_xcom.py for tasks to queue
[2025-05-31 11:22:31,496] {logging_mixin.py:109} INFO - [2025-05-31 11:22:31,496] {dagbag.py:500} INFO - Filling up the DagBag from /home/airflow/.local/lib/python3.6/site-packages/airflow/example_dags/example_xcom.py
[2025-05-31 11:22:31,532] {processor.py:654} INFO - DAG(s) dict_keys(['example_xcom']) retrieved from /home/airflow/.local/lib/python3.6/site-packages/airflow/example_dags/example_xcom.py
[2025-05-31 11:22:31,897] {logging_mixin.py:109} INFO - [2025-05-31 11:22:31,896] {dag.py:2396} INFO - Sync 1 DAGs
[2025-05-31 11:22:31,932] {logging_mixin.py:109} INFO - [2025-05-31 11:22:31,931] {dag.py:2935} INFO - Setting next_dagrun for example_xcom to 2021-01-01T00:00:00+00:00
[2025-05-31 11:22:31,947] {processor.py:171} INFO - Processing /home/airflow/.local/lib/python3.6/site-packages/airflow/example_dags/example_xcom.py took 0.456 seconds
[2025-05-31 11:23:02,022] {processor.py:163} INFO - Started process (PID=13536) to work on /home/airflow/.local/lib/python3.6/site-packages/airflow/example_dags/example_xcom.py
[2025-05-31 11:23:02,024] {processor.py:642} INFO - Processing file /home/airflow/.local/lib/python3.6/site-packages/airflow/example_dags/example_xcom.py for tasks to queue
[2025-05-31 11:23:02,025] {logging_mixin.py:109} INFO - [2025-05-31 11:23:02,025] {dagbag.py:500} INFO - Filling up the DagBag from /home/airflow/.local/lib/python3.6/site-packages/airflow/example_dags/example_xcom.py
[2025-05-31 11:23:02,083] {processor.py:654} INFO - DAG(s) dict_keys(['example_xcom']) retrieved from /home/airflow/.local/lib/python3.6/site-packages/airflow/example_dags/example_xcom.py
[2025-05-31 11:23:01,695] {logging_mixin.py:109} INFO - [2025-05-31 11:23:01,694] {dag.py:2396} INFO - Sync 1 DAGs
[2025-05-31 11:23:01,760] {logging_mixin.py:109} INFO - [2025-05-31 11:23:01,759] {dag.py:2935} INFO - Setting next_dagrun for example_xcom to 2021-01-01T00:00:00+00:00
[2025-05-31 11:23:01,779] {processor.py:171} INFO - Processing /home/airflow/.local/lib/python3.6/site-packages/airflow/example_dags/example_xcom.py took 0.514 seconds
[2025-05-31 11:23:31,850] {processor.py:163} INFO - Started process (PID=13721) to work on /home/airflow/.local/lib/python3.6/site-packages/airflow/example_dags/example_xcom.py
[2025-05-31 11:23:31,852] {processor.py:642} INFO - Processing file /home/airflow/.local/lib/python3.6/site-packages/airflow/example_dags/example_xcom.py for tasks to queue
[2025-05-31 11:23:31,853] {logging_mixin.py:109} INFO - [2025-05-31 11:23:31,853] {dagbag.py:500} INFO - Filling up the DagBag from /home/airflow/.local/lib/python3.6/site-packages/airflow/example_dags/example_xcom.py
[2025-05-31 11:23:31,891] {processor.py:654} INFO - DAG(s) dict_keys(['example_xcom']) retrieved from /home/airflow/.local/lib/python3.6/site-packages/airflow/example_dags/example_xcom.py
[2025-05-31 11:23:31,896] {logging_mixin.py:109} INFO - [2025-05-31 11:23:31,896] {dag.py:2396} INFO - Sync 1 DAGs
[2025-05-31 11:23:31,919] {logging_mixin.py:109} INFO - [2025-05-31 11:23:31,919] {dag.py:2935} INFO - Setting next_dagrun for example_xcom to 2021-01-01T00:00:00+00:00
[2025-05-31 11:23:31,932] {processor.py:171} INFO - Processing /home/airflow/.local/lib/python3.6/site-packages/airflow/example_dags/example_xcom.py took 0.085 seconds
[2025-05-31 11:24:02,050] {processor.py:163} INFO - Started process (PID=13906) to work on /home/airflow/.local/lib/python3.6/site-packages/airflow/example_dags/example_xcom.py
[2025-05-31 11:24:02,052] {processor.py:642} INFO - Processing file /home/airflow/.local/lib/python3.6/site-packages/airflow/example_dags/example_xcom.py for tasks to queue
[2025-05-31 11:24:02,053] {logging_mixin.py:109} INFO - [2025-05-31 11:24:02,053] {dagbag.py:500} INFO - Filling up the DagBag from /home/airflow/.local/lib/python3.6/site-packages/airflow/example_dags/example_xcom.py
[2025-05-31 11:24:02,093] {processor.py:654} INFO - DAG(s) dict_keys(['example_xcom']) retrieved from /home/airflow/.local/lib/python3.6/site-packages/airflow/example_dags/example_xcom.py
[2025-05-31 11:24:02,413] {logging_mixin.py:109} INFO - [2025-05-31 11:24:02,413] {dag.py:2396} INFO - Sync 1 DAGs
[2025-05-31 11:24:02,443] {logging_mixin.py:109} INFO - [2025-05-31 11:24:02,443] {dag.py:2935} INFO - Setting next_dagrun for example_xcom to 2021-01-01T00:00:00+00:00
[2025-05-31 11:24:02,461] {processor.py:171} INFO - Processing /home/airflow/.local/lib/python3.6/site-packages/airflow/example_dags/example_xcom.py took 0.414 seconds
[2025-05-31 11:24:33,196] {processor.py:163} INFO - Started process (PID=14101) to work on /home/airflow/.local/lib/python3.6/site-packages/airflow/example_dags/example_xcom.py
[2025-05-31 11:24:33,197] {processor.py:642} INFO - Processing file /home/airflow/.local/lib/python3.6/site-packages/airflow/example_dags/example_xcom.py for tasks to queue
[2025-05-31 11:24:33,198] {logging_mixin.py:109} INFO - [2025-05-31 11:24:33,198] {dagbag.py:500} INFO - Filling up the DagBag from /home/airflow/.local/lib/python3.6/site-packages/airflow/example_dags/example_xcom.py
[2025-05-31 11:24:33,234] {processor.py:654} INFO - DAG(s) dict_keys(['example_xcom']) retrieved from /home/airflow/.local/lib/python3.6/site-packages/airflow/example_dags/example_xcom.py
[2025-05-31 11:24:33,495] {logging_mixin.py:109} INFO - [2025-05-31 11:24:33,495] {dag.py:2396} INFO - Sync 1 DAGs
[2025-05-31 11:24:33,516] {logging_mixin.py:109} INFO - [2025-05-31 11:24:33,516] {dag.py:2935} INFO - Setting next_dagrun for example_xcom to 2021-01-01T00:00:00+00:00
[2025-05-31 11:24:33,530] {processor.py:171} INFO - Processing /home/airflow/.local/lib/python3.6/site-packages/airflow/example_dags/example_xcom.py took 0.337 seconds
[2025-05-31 11:25:03,749] {processor.py:163} INFO - Started process (PID=14286) to work on /home/airflow/.local/lib/python3.6/site-packages/airflow/example_dags/example_xcom.py
[2025-05-31 11:25:03,751] {processor.py:642} INFO - Processing file /home/airflow/.local/lib/python3.6/site-packages/airflow/example_dags/example_xcom.py for tasks to queue
[2025-05-31 11:25:03,752] {logging_mixin.py:109} INFO - [2025-05-31 11:25:03,752] {dagbag.py:500} INFO - Filling up the DagBag from /home/airflow/.local/lib/python3.6/site-packages/airflow/example_dags/example_xcom.py
[2025-05-31 11:25:03,817] {processor.py:654} INFO - DAG(s) dict_keys(['example_xcom']) retrieved from /home/airflow/.local/lib/python3.6/site-packages/airflow/example_dags/example_xcom.py
[2025-05-31 11:25:04,139] {logging_mixin.py:109} INFO - [2025-05-31 11:25:04,139] {dag.py:2396} INFO - Sync 1 DAGs
[2025-05-31 11:25:04,172] {logging_mixin.py:109} INFO - [2025-05-31 11:25:04,171] {dag.py:2935} INFO - Setting next_dagrun for example_xcom to 2021-01-01T00:00:00+00:00
[2025-05-31 11:25:04,191] {processor.py:171} INFO - Processing /home/airflow/.local/lib/python3.6/site-packages/airflow/example_dags/example_xcom.py took 0.446 seconds
[2025-05-31 11:25:34,921] {processor.py:163} INFO - Started process (PID=14471) to work on /home/airflow/.local/lib/python3.6/site-packages/airflow/example_dags/example_xcom.py
[2025-05-31 11:25:34,923] {processor.py:642} INFO - Processing file /home/airflow/.local/lib/python3.6/site-packages/airflow/example_dags/example_xcom.py for tasks to queue
[2025-05-31 11:25:34,925] {logging_mixin.py:109} INFO - [2025-05-31 11:25:34,925] {dagbag.py:500} INFO - Filling up the DagBag from /home/airflow/.local/lib/python3.6/site-packages/airflow/example_dags/example_xcom.py
[2025-05-31 11:25:34,977] {processor.py:654} INFO - DAG(s) dict_keys(['example_xcom']) retrieved from /home/airflow/.local/lib/python3.6/site-packages/airflow/example_dags/example_xcom.py
[2025-05-31 11:25:35,246] {logging_mixin.py:109} INFO - [2025-05-31 11:25:35,246] {dag.py:2396} INFO - Sync 1 DAGs
[2025-05-31 11:25:35,267] {logging_mixin.py:109} INFO - [2025-05-31 11:25:35,267] {dag.py:2935} INFO - Setting next_dagrun for example_xcom to 2021-01-01T00:00:00+00:00
[2025-05-31 11:25:35,283] {processor.py:171} INFO - Processing /home/airflow/.local/lib/python3.6/site-packages/airflow/example_dags/example_xcom.py took 0.365 seconds
[2025-05-31 11:26:05,797] {processor.py:163} INFO - Started process (PID=14666) to work on /home/airflow/.local/lib/python3.6/site-packages/airflow/example_dags/example_xcom.py
[2025-05-31 11:26:05,801] {processor.py:642} INFO - Processing file /home/airflow/.local/lib/python3.6/site-packages/airflow/example_dags/example_xcom.py for tasks to queue
[2025-05-31 11:26:05,802] {logging_mixin.py:109} INFO - [2025-05-31 11:26:05,802] {dagbag.py:500} INFO - Filling up the DagBag from /home/airflow/.local/lib/python3.6/site-packages/airflow/example_dags/example_xcom.py
[2025-05-31 11:26:05,894] {processor.py:654} INFO - DAG(s) dict_keys(['example_xcom']) retrieved from /home/airflow/.local/lib/python3.6/site-packages/airflow/example_dags/example_xcom.py
[2025-05-31 11:26:06,451] {logging_mixin.py:109} INFO - [2025-05-31 11:26:06,451] {dag.py:2396} INFO - Sync 1 DAGs
[2025-05-31 11:26:06,487] {logging_mixin.py:109} INFO - [2025-05-31 11:26:06,487] {dag.py:2935} INFO - Setting next_dagrun for example_xcom to 2021-01-01T00:00:00+00:00
[2025-05-31 11:26:06,512] {processor.py:171} INFO - Processing /home/airflow/.local/lib/python3.6/site-packages/airflow/example_dags/example_xcom.py took 0.719 seconds
[2025-05-31 11:26:37,169] {processor.py:163} INFO - Started process (PID=14851) to work on /home/airflow/.local/lib/python3.6/site-packages/airflow/example_dags/example_xcom.py
[2025-05-31 11:26:37,170] {processor.py:642} INFO - Processing file /home/airflow/.local/lib/python3.6/site-packages/airflow/example_dags/example_xcom.py for tasks to queue
[2025-05-31 11:26:37,171] {logging_mixin.py:109} INFO - [2025-05-31 11:26:37,171] {dagbag.py:500} INFO - Filling up the DagBag from /home/airflow/.local/lib/python3.6/site-packages/airflow/example_dags/example_xcom.py
[2025-05-31 11:26:37,208] {processor.py:654} INFO - DAG(s) dict_keys(['example_xcom']) retrieved from /home/airflow/.local/lib/python3.6/site-packages/airflow/example_dags/example_xcom.py
[2025-05-31 11:26:37,445] {logging_mixin.py:109} INFO - [2025-05-31 11:26:37,445] {dag.py:2396} INFO - Sync 1 DAGs
[2025-05-31 11:26:37,464] {logging_mixin.py:109} INFO - [2025-05-31 11:26:37,463] {dag.py:2935} INFO - Setting next_dagrun for example_xcom to 2021-01-01T00:00:00+00:00
[2025-05-31 11:26:37,478] {processor.py:171} INFO - Processing /home/airflow/.local/lib/python3.6/site-packages/airflow/example_dags/example_xcom.py took 0.313 seconds
[2025-05-31 11:27:07,750] {processor.py:163} INFO - Started process (PID=15036) to work on /home/airflow/.local/lib/python3.6/site-packages/airflow/example_dags/example_xcom.py
[2025-05-31 11:27:07,752] {processor.py:642} INFO - Processing file /home/airflow/.local/lib/python3.6/site-packages/airflow/example_dags/example_xcom.py for tasks to queue
[2025-05-31 11:27:07,753] {logging_mixin.py:109} INFO - [2025-05-31 11:27:07,752] {dagbag.py:500} INFO - Filling up the DagBag from /home/airflow/.local/lib/python3.6/site-packages/airflow/example_dags/example_xcom.py
[2025-05-31 11:27:07,791] {processor.py:654} INFO - DAG(s) dict_keys(['example_xcom']) retrieved from /home/airflow/.local/lib/python3.6/site-packages/airflow/example_dags/example_xcom.py
[2025-05-31 11:27:08,058] {logging_mixin.py:109} INFO - [2025-05-31 11:27:08,058] {dag.py:2396} INFO - Sync 1 DAGs
[2025-05-31 11:27:08,077] {logging_mixin.py:109} INFO - [2025-05-31 11:27:08,077] {dag.py:2935} INFO - Setting next_dagrun for example_xcom to 2021-01-01T00:00:00+00:00
[2025-05-31 11:27:08,090] {processor.py:171} INFO - Processing /home/airflow/.local/lib/python3.6/site-packages/airflow/example_dags/example_xcom.py took 0.343 seconds
[2025-05-31 11:27:39,012] {processor.py:163} INFO - Started process (PID=15231) to work on /home/airflow/.local/lib/python3.6/site-packages/airflow/example_dags/example_xcom.py
[2025-05-31 11:27:39,014] {processor.py:642} INFO - Processing file /home/airflow/.local/lib/python3.6/site-packages/airflow/example_dags/example_xcom.py for tasks to queue
[2025-05-31 11:27:39,015] {logging_mixin.py:109} INFO - [2025-05-31 11:27:39,015] {dagbag.py:500} INFO - Filling up the DagBag from /home/airflow/.local/lib/python3.6/site-packages/airflow/example_dags/example_xcom.py
[2025-05-31 11:27:39,064] {processor.py:654} INFO - DAG(s) dict_keys(['example_xcom']) retrieved from /home/airflow/.local/lib/python3.6/site-packages/airflow/example_dags/example_xcom.py
[2025-05-31 11:27:39,379] {logging_mixin.py:109} INFO - [2025-05-31 11:27:39,379] {dag.py:2396} INFO - Sync 1 DAGs
[2025-05-31 11:27:39,403] {logging_mixin.py:109} INFO - [2025-05-31 11:27:39,403] {dag.py:2935} INFO - Setting next_dagrun for example_xcom to 2021-01-01T00:00:00+00:00
[2025-05-31 11:27:39,417] {processor.py:171} INFO - Processing /home/airflow/.local/lib/python3.6/site-packages/airflow/example_dags/example_xcom.py took 0.409 seconds
[2025-05-31 11:28:09,635] {processor.py:163} INFO - Started process (PID=15416) to work on /home/airflow/.local/lib/python3.6/site-packages/airflow/example_dags/example_xcom.py
[2025-05-31 11:28:09,638] {processor.py:642} INFO - Processing file /home/airflow/.local/lib/python3.6/site-packages/airflow/example_dags/example_xcom.py for tasks to queue
[2025-05-31 11:28:09,639] {logging_mixin.py:109} INFO - [2025-05-31 11:28:09,639] {dagbag.py:500} INFO - Filling up the DagBag from /home/airflow/.local/lib/python3.6/site-packages/airflow/example_dags/example_xcom.py
[2025-05-31 11:28:09,778] {processor.py:654} INFO - DAG(s) dict_keys(['example_xcom']) retrieved from /home/airflow/.local/lib/python3.6/site-packages/airflow/example_dags/example_xcom.py
[2025-05-31 11:28:11,045] {logging_mixin.py:109} INFO - [2025-05-31 11:28:11,045] {dag.py:2396} INFO - Sync 1 DAGs
[2025-05-31 11:28:11,152] {logging_mixin.py:109} INFO - [2025-05-31 11:28:11,152] {dag.py:2935} INFO - Setting next_dagrun for example_xcom to 2021-01-01T00:00:00+00:00
[2025-05-31 11:28:11,196] {processor.py:171} INFO - Processing /home/airflow/.local/lib/python3.6/site-packages/airflow/example_dags/example_xcom.py took 1.574 seconds
[2025-05-31 11:28:41,936] {processor.py:163} INFO - Started process (PID=15601) to work on /home/airflow/.local/lib/python3.6/site-packages/airflow/example_dags/example_xcom.py
[2025-05-31 11:28:41,940] {processor.py:642} INFO - Processing file /home/airflow/.local/lib/python3.6/site-packages/airflow/example_dags/example_xcom.py for tasks to queue
[2025-05-31 11:28:41,942] {logging_mixin.py:109} INFO - [2025-05-31 11:28:41,942] {dagbag.py:500} INFO - Filling up the DagBag from /home/airflow/.local/lib/python3.6/site-packages/airflow/example_dags/example_xcom.py
[2025-05-31 11:28:42,019] {processor.py:654} INFO - DAG(s) dict_keys(['example_xcom']) retrieved from /home/airflow/.local/lib/python3.6/site-packages/airflow/example_dags/example_xcom.py
[2025-05-31 11:28:42,043] {logging_mixin.py:109} INFO - [2025-05-31 11:28:42,043] {dag.py:2396} INFO - Sync 1 DAGs
[2025-05-31 11:28:42,079] {logging_mixin.py:109} INFO - [2025-05-31 11:28:42,079] {dag.py:2935} INFO - Setting next_dagrun for example_xcom to 2021-01-01T00:00:00+00:00
[2025-05-31 11:28:42,097] {processor.py:171} INFO - Processing /home/airflow/.local/lib/python3.6/site-packages/airflow/example_dags/example_xcom.py took 0.167 seconds
[2025-05-31 11:29:12,311] {processor.py:163} INFO - Started process (PID=15796) to work on /home/airflow/.local/lib/python3.6/site-packages/airflow/example_dags/example_xcom.py
[2025-05-31 11:29:12,313] {processor.py:642} INFO - Processing file /home/airflow/.local/lib/python3.6/site-packages/airflow/example_dags/example_xcom.py for tasks to queue
[2025-05-31 11:29:12,314] {logging_mixin.py:109} INFO - [2025-05-31 11:29:12,314] {dagbag.py:500} INFO - Filling up the DagBag from /home/airflow/.local/lib/python3.6/site-packages/airflow/example_dags/example_xcom.py
[2025-05-31 11:29:12,363] {processor.py:654} INFO - DAG(s) dict_keys(['example_xcom']) retrieved from /home/airflow/.local/lib/python3.6/site-packages/airflow/example_dags/example_xcom.py
[2025-05-31 11:29:12,645] {logging_mixin.py:109} INFO - [2025-05-31 11:29:12,645] {dag.py:2396} INFO - Sync 1 DAGs
[2025-05-31 11:29:12,665] {logging_mixin.py:109} INFO - [2025-05-31 11:29:12,665] {dag.py:2935} INFO - Setting next_dagrun for example_xcom to 2021-01-01T00:00:00+00:00
[2025-05-31 11:29:12,680] {processor.py:171} INFO - Processing /home/airflow/.local/lib/python3.6/site-packages/airflow/example_dags/example_xcom.py took 0.373 seconds
[2025-05-31 11:29:43,447] {processor.py:163} INFO - Started process (PID=15981) to work on /home/airflow/.local/lib/python3.6/site-packages/airflow/example_dags/example_xcom.py
[2025-05-31 11:29:43,450] {processor.py:642} INFO - Processing file /home/airflow/.local/lib/python3.6/site-packages/airflow/example_dags/example_xcom.py for tasks to queue
[2025-05-31 11:29:43,451] {logging_mixin.py:109} INFO - [2025-05-31 11:29:43,451] {dagbag.py:500} INFO - Filling up the DagBag from /home/airflow/.local/lib/python3.6/site-packages/airflow/example_dags/example_xcom.py
[2025-05-31 11:29:43,495] {processor.py:654} INFO - DAG(s) dict_keys(['example_xcom']) retrieved from /home/airflow/.local/lib/python3.6/site-packages/airflow/example_dags/example_xcom.py
[2025-05-31 11:29:43,786] {logging_mixin.py:109} INFO - [2025-05-31 11:29:43,786] {dag.py:2396} INFO - Sync 1 DAGs
[2025-05-31 11:29:43,808] {logging_mixin.py:109} INFO - [2025-05-31 11:29:43,808] {dag.py:2935} INFO - Setting next_dagrun for example_xcom to 2021-01-01T00:00:00+00:00
[2025-05-31 11:29:43,823] {processor.py:171} INFO - Processing /home/airflow/.local/lib/python3.6/site-packages/airflow/example_dags/example_xcom.py took 0.380 seconds
[2025-05-31 11:30:13,927] {processor.py:163} INFO - Started process (PID=16166) to work on /home/airflow/.local/lib/python3.6/site-packages/airflow/example_dags/example_xcom.py
[2025-05-31 11:30:13,928] {processor.py:642} INFO - Processing file /home/airflow/.local/lib/python3.6/site-packages/airflow/example_dags/example_xcom.py for tasks to queue
[2025-05-31 11:30:13,929] {logging_mixin.py:109} INFO - [2025-05-31 11:30:13,929] {dagbag.py:500} INFO - Filling up the DagBag from /home/airflow/.local/lib/python3.6/site-packages/airflow/example_dags/example_xcom.py
[2025-05-31 11:30:13,967] {processor.py:654} INFO - DAG(s) dict_keys(['example_xcom']) retrieved from /home/airflow/.local/lib/python3.6/site-packages/airflow/example_dags/example_xcom.py
[2025-05-31 11:30:14,225] {logging_mixin.py:109} INFO - [2025-05-31 11:30:14,225] {dag.py:2396} INFO - Sync 1 DAGs
[2025-05-31 11:30:14,245] {logging_mixin.py:109} INFO - [2025-05-31 11:30:14,245] {dag.py:2935} INFO - Setting next_dagrun for example_xcom to 2021-01-01T00:00:00+00:00
[2025-05-31 11:30:14,259] {processor.py:171} INFO - Processing /home/airflow/.local/lib/python3.6/site-packages/airflow/example_dags/example_xcom.py took 0.336 seconds
[2025-05-31 11:30:44,354] {processor.py:163} INFO - Started process (PID=16361) to work on /home/airflow/.local/lib/python3.6/site-packages/airflow/example_dags/example_xcom.py
[2025-05-31 11:30:44,356] {processor.py:642} INFO - Processing file /home/airflow/.local/lib/python3.6/site-packages/airflow/example_dags/example_xcom.py for tasks to queue
[2025-05-31 11:30:44,357] {logging_mixin.py:109} INFO - [2025-05-31 11:30:44,357] {dagbag.py:500} INFO - Filling up the DagBag from /home/airflow/.local/lib/python3.6/site-packages/airflow/example_dags/example_xcom.py
[2025-05-31 11:30:44,410] {processor.py:654} INFO - DAG(s) dict_keys(['example_xcom']) retrieved from /home/airflow/.local/lib/python3.6/site-packages/airflow/example_dags/example_xcom.py
[2025-05-31 11:30:44,787] {logging_mixin.py:109} INFO - [2025-05-31 11:30:44,787] {dag.py:2396} INFO - Sync 1 DAGs
[2025-05-31 11:30:44,817] {logging_mixin.py:109} INFO - [2025-05-31 11:30:44,817] {dag.py:2935} INFO - Setting next_dagrun for example_xcom to 2021-01-01T00:00:00+00:00
[2025-05-31 11:30:44,835] {processor.py:171} INFO - Processing /home/airflow/.local/lib/python3.6/site-packages/airflow/example_dags/example_xcom.py took 0.485 seconds
[2025-05-31 11:31:15,703] {processor.py:163} INFO - Started process (PID=16546) to work on /home/airflow/.local/lib/python3.6/site-packages/airflow/example_dags/example_xcom.py
[2025-05-31 11:31:15,705] {processor.py:642} INFO - Processing file /home/airflow/.local/lib/python3.6/site-packages/airflow/example_dags/example_xcom.py for tasks to queue
[2025-05-31 11:31:15,706] {logging_mixin.py:109} INFO - [2025-05-31 11:31:15,706] {dagbag.py:500} INFO - Filling up the DagBag from /home/airflow/.local/lib/python3.6/site-packages/airflow/example_dags/example_xcom.py
[2025-05-31 11:31:15,742] {processor.py:654} INFO - DAG(s) dict_keys(['example_xcom']) retrieved from /home/airflow/.local/lib/python3.6/site-packages/airflow/example_dags/example_xcom.py
[2025-05-31 11:31:15,755] {logging_mixin.py:109} INFO - [2025-05-31 11:31:15,754] {dag.py:2396} INFO - Sync 1 DAGs
[2025-05-31 11:31:15,774] {logging_mixin.py:109} INFO - [2025-05-31 11:31:15,774] {dag.py:2935} INFO - Setting next_dagrun for example_xcom to 2021-01-01T00:00:00+00:00
[2025-05-31 11:31:15,786] {processor.py:171} INFO - Processing /home/airflow/.local/lib/python3.6/site-packages/airflow/example_dags/example_xcom.py took 0.086 seconds
[2025-05-31 11:31:46,343] {processor.py:163} INFO - Started process (PID=16731) to work on /home/airflow/.local/lib/python3.6/site-packages/airflow/example_dags/example_xcom.py
[2025-05-31 11:31:46,345] {processor.py:642} INFO - Processing file /home/airflow/.local/lib/python3.6/site-packages/airflow/example_dags/example_xcom.py for tasks to queue
[2025-05-31 11:31:46,346] {logging_mixin.py:109} INFO - [2025-05-31 11:31:46,345] {dagbag.py:500} INFO - Filling up the DagBag from /home/airflow/.local/lib/python3.6/site-packages/airflow/example_dags/example_xcom.py
[2025-05-31 11:31:46,390] {processor.py:654} INFO - DAG(s) dict_keys(['example_xcom']) retrieved from /home/airflow/.local/lib/python3.6/site-packages/airflow/example_dags/example_xcom.py
[2025-05-31 11:31:46,658] {logging_mixin.py:109} INFO - [2025-05-31 11:31:46,658] {dag.py:2396} INFO - Sync 1 DAGs
[2025-05-31 11:31:46,675] {logging_mixin.py:109} INFO - [2025-05-31 11:31:46,675] {dag.py:2935} INFO - Setting next_dagrun for example_xcom to 2021-01-01T00:00:00+00:00
[2025-05-31 11:31:46,688] {processor.py:171} INFO - Processing /home/airflow/.local/lib/python3.6/site-packages/airflow/example_dags/example_xcom.py took 0.349 seconds
[2025-05-31 11:32:17,036] {processor.py:163} INFO - Started process (PID=16926) to work on /home/airflow/.local/lib/python3.6/site-packages/airflow/example_dags/example_xcom.py
[2025-05-31 11:32:17,037] {processor.py:642} INFO - Processing file /home/airflow/.local/lib/python3.6/site-packages/airflow/example_dags/example_xcom.py for tasks to queue
[2025-05-31 11:32:17,038] {logging_mixin.py:109} INFO - [2025-05-31 11:32:17,038] {dagbag.py:500} INFO - Filling up the DagBag from /home/airflow/.local/lib/python3.6/site-packages/airflow/example_dags/example_xcom.py
[2025-05-31 11:32:17,075] {processor.py:654} INFO - DAG(s) dict_keys(['example_xcom']) retrieved from /home/airflow/.local/lib/python3.6/site-packages/airflow/example_dags/example_xcom.py
[2025-05-31 11:32:17,340] {logging_mixin.py:109} INFO - [2025-05-31 11:32:17,340] {dag.py:2396} INFO - Sync 1 DAGs
[2025-05-31 11:32:17,362] {logging_mixin.py:109} INFO - [2025-05-31 11:32:17,362] {dag.py:2935} INFO - Setting next_dagrun for example_xcom to 2021-01-01T00:00:00+00:00
[2025-05-31 11:32:17,379] {processor.py:171} INFO - Processing /home/airflow/.local/lib/python3.6/site-packages/airflow/example_dags/example_xcom.py took 0.346 seconds
[2025-05-31 11:32:48,306] {processor.py:163} INFO - Started process (PID=17111) to work on /home/airflow/.local/lib/python3.6/site-packages/airflow/example_dags/example_xcom.py
[2025-05-31 11:32:48,308] {processor.py:642} INFO - Processing file /home/airflow/.local/lib/python3.6/site-packages/airflow/example_dags/example_xcom.py for tasks to queue
[2025-05-31 11:32:48,309] {logging_mixin.py:109} INFO - [2025-05-31 11:32:48,309] {dagbag.py:500} INFO - Filling up the DagBag from /home/airflow/.local/lib/python3.6/site-packages/airflow/example_dags/example_xcom.py
[2025-05-31 11:32:48,347] {processor.py:654} INFO - DAG(s) dict_keys(['example_xcom']) retrieved from /home/airflow/.local/lib/python3.6/site-packages/airflow/example_dags/example_xcom.py
[2025-05-31 11:32:47,834] {logging_mixin.py:109} INFO - [2025-05-31 11:32:47,834] {dag.py:2396} INFO - Sync 1 DAGs
[2025-05-31 11:32:47,853] {logging_mixin.py:109} INFO - [2025-05-31 11:32:47,853] {dag.py:2935} INFO - Setting next_dagrun for example_xcom to 2021-01-01T00:00:00+00:00
[2025-05-31 11:32:47,867] {processor.py:171} INFO - Processing /home/airflow/.local/lib/python3.6/site-packages/airflow/example_dags/example_xcom.py took 0.349 seconds
[2025-05-31 11:33:18,162] {processor.py:163} INFO - Started process (PID=17305) to work on /home/airflow/.local/lib/python3.6/site-packages/airflow/example_dags/example_xcom.py
[2025-05-31 11:33:18,164] {processor.py:642} INFO - Processing file /home/airflow/.local/lib/python3.6/site-packages/airflow/example_dags/example_xcom.py for tasks to queue
[2025-05-31 11:33:18,165] {logging_mixin.py:109} INFO - [2025-05-31 11:33:18,165] {dagbag.py:500} INFO - Filling up the DagBag from /home/airflow/.local/lib/python3.6/site-packages/airflow/example_dags/example_xcom.py
[2025-05-31 11:33:18,223] {processor.py:654} INFO - DAG(s) dict_keys(['example_xcom']) retrieved from /home/airflow/.local/lib/python3.6/site-packages/airflow/example_dags/example_xcom.py
[2025-05-31 11:33:18,229] {logging_mixin.py:109} INFO - [2025-05-31 11:33:18,229] {dag.py:2396} INFO - Sync 1 DAGs
[2025-05-31 11:33:18,255] {logging_mixin.py:109} INFO - [2025-05-31 11:33:18,255] {dag.py:2935} INFO - Setting next_dagrun for example_xcom to 2021-01-01T00:00:00+00:00
[2025-05-31 11:33:18,270] {processor.py:171} INFO - Processing /home/airflow/.local/lib/python3.6/site-packages/airflow/example_dags/example_xcom.py took 0.114 seconds
[2025-05-31 11:33:48,558] {processor.py:163} INFO - Started process (PID=17490) to work on /home/airflow/.local/lib/python3.6/site-packages/airflow/example_dags/example_xcom.py
[2025-05-31 11:33:48,559] {processor.py:642} INFO - Processing file /home/airflow/.local/lib/python3.6/site-packages/airflow/example_dags/example_xcom.py for tasks to queue
[2025-05-31 11:33:48,560] {logging_mixin.py:109} INFO - [2025-05-31 11:33:48,560] {dagbag.py:500} INFO - Filling up the DagBag from /home/airflow/.local/lib/python3.6/site-packages/airflow/example_dags/example_xcom.py
[2025-05-31 11:33:48,596] {processor.py:654} INFO - DAG(s) dict_keys(['example_xcom']) retrieved from /home/airflow/.local/lib/python3.6/site-packages/airflow/example_dags/example_xcom.py
[2025-05-31 11:33:48,899] {logging_mixin.py:109} INFO - [2025-05-31 11:33:48,899] {dag.py:2396} INFO - Sync 1 DAGs
[2025-05-31 11:33:48,927] {logging_mixin.py:109} INFO - [2025-05-31 11:33:48,926] {dag.py:2935} INFO - Setting next_dagrun for example_xcom to 2021-01-01T00:00:00+00:00
[2025-05-31 11:33:48,941] {processor.py:171} INFO - Processing /home/airflow/.local/lib/python3.6/site-packages/airflow/example_dags/example_xcom.py took 0.387 seconds
[2025-05-31 11:34:19,578] {processor.py:163} INFO - Started process (PID=17675) to work on /home/airflow/.local/lib/python3.6/site-packages/airflow/example_dags/example_xcom.py
[2025-05-31 11:34:19,580] {processor.py:642} INFO - Processing file /home/airflow/.local/lib/python3.6/site-packages/airflow/example_dags/example_xcom.py for tasks to queue
[2025-05-31 11:34:19,581] {logging_mixin.py:109} INFO - [2025-05-31 11:34:19,581] {dagbag.py:500} INFO - Filling up the DagBag from /home/airflow/.local/lib/python3.6/site-packages/airflow/example_dags/example_xcom.py
[2025-05-31 11:34:19,642] {processor.py:654} INFO - DAG(s) dict_keys(['example_xcom']) retrieved from /home/airflow/.local/lib/python3.6/site-packages/airflow/example_dags/example_xcom.py
[2025-05-31 11:34:20,010] {logging_mixin.py:109} INFO - [2025-05-31 11:34:20,010] {dag.py:2396} INFO - Sync 1 DAGs
[2025-05-31 11:34:20,034] {logging_mixin.py:109} INFO - [2025-05-31 11:34:20,034] {dag.py:2935} INFO - Setting next_dagrun for example_xcom to 2021-01-01T00:00:00+00:00
[2025-05-31 11:34:20,052] {processor.py:171} INFO - Processing /home/airflow/.local/lib/python3.6/site-packages/airflow/example_dags/example_xcom.py took 0.480 seconds
[2025-05-31 11:34:50,203] {processor.py:163} INFO - Started process (PID=17870) to work on /home/airflow/.local/lib/python3.6/site-packages/airflow/example_dags/example_xcom.py
[2025-05-31 11:34:50,208] {processor.py:642} INFO - Processing file /home/airflow/.local/lib/python3.6/site-packages/airflow/example_dags/example_xcom.py for tasks to queue
[2025-05-31 11:34:50,209] {logging_mixin.py:109} INFO - [2025-05-31 11:34:50,209] {dagbag.py:500} INFO - Filling up the DagBag from /home/airflow/.local/lib/python3.6/site-packages/airflow/example_dags/example_xcom.py
[2025-05-31 11:34:50,268] {processor.py:654} INFO - DAG(s) dict_keys(['example_xcom']) retrieved from /home/airflow/.local/lib/python3.6/site-packages/airflow/example_dags/example_xcom.py
[2025-05-31 11:34:50,649] {logging_mixin.py:109} INFO - [2025-05-31 11:34:50,649] {dag.py:2396} INFO - Sync 1 DAGs
[2025-05-31 11:34:50,674] {logging_mixin.py:109} INFO - [2025-05-31 11:34:50,674] {dag.py:2935} INFO - Setting next_dagrun for example_xcom to 2021-01-01T00:00:00+00:00
[2025-05-31 11:34:50,690] {processor.py:171} INFO - Processing /home/airflow/.local/lib/python3.6/site-packages/airflow/example_dags/example_xcom.py took 0.491 seconds
[2025-05-31 11:35:21,004] {processor.py:163} INFO - Started process (PID=18055) to work on /home/airflow/.local/lib/python3.6/site-packages/airflow/example_dags/example_xcom.py
[2025-05-31 11:35:21,005] {processor.py:642} INFO - Processing file /home/airflow/.local/lib/python3.6/site-packages/airflow/example_dags/example_xcom.py for tasks to queue
[2025-05-31 11:35:21,006] {logging_mixin.py:109} INFO - [2025-05-31 11:35:21,006] {dagbag.py:500} INFO - Filling up the DagBag from /home/airflow/.local/lib/python3.6/site-packages/airflow/example_dags/example_xcom.py
[2025-05-31 11:35:21,043] {processor.py:654} INFO - DAG(s) dict_keys(['example_xcom']) retrieved from /home/airflow/.local/lib/python3.6/site-packages/airflow/example_dags/example_xcom.py
[2025-05-31 11:35:21,054] {logging_mixin.py:109} INFO - [2025-05-31 11:35:21,054] {dag.py:2396} INFO - Sync 1 DAGs
[2025-05-31 11:35:21,073] {logging_mixin.py:109} INFO - [2025-05-31 11:35:21,073] {dag.py:2935} INFO - Setting next_dagrun for example_xcom to 2021-01-01T00:00:00+00:00
[2025-05-31 11:35:21,086] {processor.py:171} INFO - Processing /home/airflow/.local/lib/python3.6/site-packages/airflow/example_dags/example_xcom.py took 0.095 seconds
[2025-05-31 11:35:51,614] {processor.py:163} INFO - Started process (PID=18240) to work on /home/airflow/.local/lib/python3.6/site-packages/airflow/example_dags/example_xcom.py
[2025-05-31 11:35:51,616] {processor.py:642} INFO - Processing file /home/airflow/.local/lib/python3.6/site-packages/airflow/example_dags/example_xcom.py for tasks to queue
[2025-05-31 11:35:51,617] {logging_mixin.py:109} INFO - [2025-05-31 11:35:51,617] {dagbag.py:500} INFO - Filling up the DagBag from /home/airflow/.local/lib/python3.6/site-packages/airflow/example_dags/example_xcom.py
[2025-05-31 11:35:51,659] {processor.py:654} INFO - DAG(s) dict_keys(['example_xcom']) retrieved from /home/airflow/.local/lib/python3.6/site-packages/airflow/example_dags/example_xcom.py
[2025-05-31 11:35:51,910] {logging_mixin.py:109} INFO - [2025-05-31 11:35:51,910] {dag.py:2396} INFO - Sync 1 DAGs
[2025-05-31 11:35:51,930] {logging_mixin.py:109} INFO - [2025-05-31 11:35:51,930] {dag.py:2935} INFO - Setting next_dagrun for example_xcom to 2021-01-01T00:00:00+00:00
[2025-05-31 11:35:51,945] {processor.py:171} INFO - Processing /home/airflow/.local/lib/python3.6/site-packages/airflow/example_dags/example_xcom.py took 0.334 seconds
[2025-05-31 11:36:22,031] {processor.py:163} INFO - Started process (PID=18435) to work on /home/airflow/.local/lib/python3.6/site-packages/airflow/example_dags/example_xcom.py
[2025-05-31 11:36:22,033] {processor.py:642} INFO - Processing file /home/airflow/.local/lib/python3.6/site-packages/airflow/example_dags/example_xcom.py for tasks to queue
[2025-05-31 11:36:22,034] {logging_mixin.py:109} INFO - [2025-05-31 11:36:22,034] {dagbag.py:500} INFO - Filling up the DagBag from /home/airflow/.local/lib/python3.6/site-packages/airflow/example_dags/example_xcom.py
[2025-05-31 11:36:22,068] {processor.py:654} INFO - DAG(s) dict_keys(['example_xcom']) retrieved from /home/airflow/.local/lib/python3.6/site-packages/airflow/example_dags/example_xcom.py
[2025-05-31 11:36:22,321] {logging_mixin.py:109} INFO - [2025-05-31 11:36:22,320] {dag.py:2396} INFO - Sync 1 DAGs
[2025-05-31 11:36:22,344] {logging_mixin.py:109} INFO - [2025-05-31 11:36:22,344] {dag.py:2935} INFO - Setting next_dagrun for example_xcom to 2021-01-01T00:00:00+00:00
[2025-05-31 11:36:22,357] {processor.py:171} INFO - Processing /home/airflow/.local/lib/python3.6/site-packages/airflow/example_dags/example_xcom.py took 0.328 seconds
[2025-05-31 11:36:52,416] {processor.py:163} INFO - Started process (PID=18620) to work on /home/airflow/.local/lib/python3.6/site-packages/airflow/example_dags/example_xcom.py
[2025-05-31 11:36:52,418] {processor.py:642} INFO - Processing file /home/airflow/.local/lib/python3.6/site-packages/airflow/example_dags/example_xcom.py for tasks to queue
[2025-05-31 11:36:52,419] {logging_mixin.py:109} INFO - [2025-05-31 11:36:52,418] {dagbag.py:500} INFO - Filling up the DagBag from /home/airflow/.local/lib/python3.6/site-packages/airflow/example_dags/example_xcom.py
[2025-05-31 11:36:52,452] {processor.py:654} INFO - DAG(s) dict_keys(['example_xcom']) retrieved from /home/airflow/.local/lib/python3.6/site-packages/airflow/example_dags/example_xcom.py
[2025-05-31 11:36:52,693] {logging_mixin.py:109} INFO - [2025-05-31 11:36:52,693] {dag.py:2396} INFO - Sync 1 DAGs
[2025-05-31 11:36:52,719] {logging_mixin.py:109} INFO - [2025-05-31 11:36:52,719] {dag.py:2935} INFO - Setting next_dagrun for example_xcom to 2021-01-01T00:00:00+00:00
[2025-05-31 11:36:52,734] {processor.py:171} INFO - Processing /home/airflow/.local/lib/python3.6/site-packages/airflow/example_dags/example_xcom.py took 0.321 seconds
[2025-05-31 11:37:23,406] {processor.py:163} INFO - Started process (PID=18815) to work on /home/airflow/.local/lib/python3.6/site-packages/airflow/example_dags/example_xcom.py
[2025-05-31 11:37:23,408] {processor.py:642} INFO - Processing file /home/airflow/.local/lib/python3.6/site-packages/airflow/example_dags/example_xcom.py for tasks to queue
[2025-05-31 11:37:23,408] {logging_mixin.py:109} INFO - [2025-05-31 11:37:23,408] {dagbag.py:500} INFO - Filling up the DagBag from /home/airflow/.local/lib/python3.6/site-packages/airflow/example_dags/example_xcom.py
[2025-05-31 11:37:23,452] {processor.py:654} INFO - DAG(s) dict_keys(['example_xcom']) retrieved from /home/airflow/.local/lib/python3.6/site-packages/airflow/example_dags/example_xcom.py
[2025-05-31 11:37:23,747] {logging_mixin.py:109} INFO - [2025-05-31 11:37:23,747] {dag.py:2396} INFO - Sync 1 DAGs
[2025-05-31 11:37:23,778] {logging_mixin.py:109} INFO - [2025-05-31 11:37:23,778] {dag.py:2935} INFO - Setting next_dagrun for example_xcom to 2021-01-01T00:00:00+00:00
[2025-05-31 11:37:23,804] {processor.py:171} INFO - Processing /home/airflow/.local/lib/python3.6/site-packages/airflow/example_dags/example_xcom.py took 0.402 seconds
[2025-05-31 11:37:54,138] {processor.py:163} INFO - Started process (PID=19000) to work on /home/airflow/.local/lib/python3.6/site-packages/airflow/example_dags/example_xcom.py
[2025-05-31 11:37:54,139] {processor.py:642} INFO - Processing file /home/airflow/.local/lib/python3.6/site-packages/airflow/example_dags/example_xcom.py for tasks to queue
[2025-05-31 11:37:54,140] {logging_mixin.py:109} INFO - [2025-05-31 11:37:54,140] {dagbag.py:500} INFO - Filling up the DagBag from /home/airflow/.local/lib/python3.6/site-packages/airflow/example_dags/example_xcom.py
[2025-05-31 11:37:54,175] {processor.py:654} INFO - DAG(s) dict_keys(['example_xcom']) retrieved from /home/airflow/.local/lib/python3.6/site-packages/airflow/example_dags/example_xcom.py
[2025-05-31 11:37:54,422] {logging_mixin.py:109} INFO - [2025-05-31 11:37:54,422] {dag.py:2396} INFO - Sync 1 DAGs
[2025-05-31 11:37:54,441] {logging_mixin.py:109} INFO - [2025-05-31 11:37:54,441] {dag.py:2935} INFO - Setting next_dagrun for example_xcom to 2021-01-01T00:00:00+00:00
[2025-05-31 11:37:54,456] {processor.py:171} INFO - Processing /home/airflow/.local/lib/python3.6/site-packages/airflow/example_dags/example_xcom.py took 0.323 seconds
[2025-05-31 11:38:24,799] {processor.py:163} INFO - Started process (PID=19185) to work on /home/airflow/.local/lib/python3.6/site-packages/airflow/example_dags/example_xcom.py
[2025-05-31 11:38:24,801] {processor.py:642} INFO - Processing file /home/airflow/.local/lib/python3.6/site-packages/airflow/example_dags/example_xcom.py for tasks to queue
[2025-05-31 11:38:24,802] {logging_mixin.py:109} INFO - [2025-05-31 11:38:24,802] {dagbag.py:500} INFO - Filling up the DagBag from /home/airflow/.local/lib/python3.6/site-packages/airflow/example_dags/example_xcom.py
[2025-05-31 11:38:24,837] {processor.py:654} INFO - DAG(s) dict_keys(['example_xcom']) retrieved from /home/airflow/.local/lib/python3.6/site-packages/airflow/example_dags/example_xcom.py
[2025-05-31 11:38:25,083] {logging_mixin.py:109} INFO - [2025-05-31 11:38:25,082] {dag.py:2396} INFO - Sync 1 DAGs
[2025-05-31 11:38:25,111] {logging_mixin.py:109} INFO - [2025-05-31 11:38:25,111] {dag.py:2935} INFO - Setting next_dagrun for example_xcom to 2021-01-01T00:00:00+00:00
[2025-05-31 11:38:25,138] {processor.py:171} INFO - Processing /home/airflow/.local/lib/python3.6/site-packages/airflow/example_dags/example_xcom.py took 0.342 seconds
[2025-05-31 11:38:55,789] {processor.py:163} INFO - Started process (PID=19380) to work on /home/airflow/.local/lib/python3.6/site-packages/airflow/example_dags/example_xcom.py
[2025-05-31 11:38:55,793] {processor.py:642} INFO - Processing file /home/airflow/.local/lib/python3.6/site-packages/airflow/example_dags/example_xcom.py for tasks to queue
[2025-05-31 11:38:55,795] {logging_mixin.py:109} INFO - [2025-05-31 11:38:55,795] {dagbag.py:500} INFO - Filling up the DagBag from /home/airflow/.local/lib/python3.6/site-packages/airflow/example_dags/example_xcom.py
[2025-05-31 11:38:55,882] {processor.py:654} INFO - DAG(s) dict_keys(['example_xcom']) retrieved from /home/airflow/.local/lib/python3.6/site-packages/airflow/example_dags/example_xcom.py
[2025-05-31 11:38:55,902] {logging_mixin.py:109} INFO - [2025-05-31 11:38:55,902] {dag.py:2396} INFO - Sync 1 DAGs
[2025-05-31 11:38:55,933] {logging_mixin.py:109} INFO - [2025-05-31 11:38:55,933] {dag.py:2935} INFO - Setting next_dagrun for example_xcom to 2021-01-01T00:00:00+00:00
[2025-05-31 11:38:55,950] {processor.py:171} INFO - Processing /home/airflow/.local/lib/python3.6/site-packages/airflow/example_dags/example_xcom.py took 0.170 seconds
[2025-05-31 11:39:26,045] {processor.py:163} INFO - Started process (PID=19565) to work on /home/airflow/.local/lib/python3.6/site-packages/airflow/example_dags/example_xcom.py
[2025-05-31 11:39:26,047] {processor.py:642} INFO - Processing file /home/airflow/.local/lib/python3.6/site-packages/airflow/example_dags/example_xcom.py for tasks to queue
[2025-05-31 11:39:26,047] {logging_mixin.py:109} INFO - [2025-05-31 11:39:26,047] {dagbag.py:500} INFO - Filling up the DagBag from /home/airflow/.local/lib/python3.6/site-packages/airflow/example_dags/example_xcom.py
[2025-05-31 11:39:26,083] {processor.py:654} INFO - DAG(s) dict_keys(['example_xcom']) retrieved from /home/airflow/.local/lib/python3.6/site-packages/airflow/example_dags/example_xcom.py
[2025-05-31 11:39:26,328] {logging_mixin.py:109} INFO - [2025-05-31 11:39:26,328] {dag.py:2396} INFO - Sync 1 DAGs
[2025-05-31 11:39:26,347] {logging_mixin.py:109} INFO - [2025-05-31 11:39:26,347] {dag.py:2935} INFO - Setting next_dagrun for example_xcom to 2021-01-01T00:00:00+00:00
[2025-05-31 11:39:26,361] {processor.py:171} INFO - Processing /home/airflow/.local/lib/python3.6/site-packages/airflow/example_dags/example_xcom.py took 0.319 seconds
[2025-05-31 11:39:56,541] {processor.py:163} INFO - Started process (PID=19760) to work on /home/airflow/.local/lib/python3.6/site-packages/airflow/example_dags/example_xcom.py
[2025-05-31 11:39:56,542] {processor.py:642} INFO - Processing file /home/airflow/.local/lib/python3.6/site-packages/airflow/example_dags/example_xcom.py for tasks to queue
[2025-05-31 11:39:56,544] {logging_mixin.py:109} INFO - [2025-05-31 11:39:56,544] {dagbag.py:500} INFO - Filling up the DagBag from /home/airflow/.local/lib/python3.6/site-packages/airflow/example_dags/example_xcom.py
[2025-05-31 11:39:56,600] {processor.py:654} INFO - DAG(s) dict_keys(['example_xcom']) retrieved from /home/airflow/.local/lib/python3.6/site-packages/airflow/example_dags/example_xcom.py
[2025-05-31 11:39:57,000] {logging_mixin.py:109} INFO - [2025-05-31 11:39:57,000] {dag.py:2396} INFO - Sync 1 DAGs
[2025-05-31 11:39:57,025] {logging_mixin.py:109} INFO - [2025-05-31 11:39:57,025] {dag.py:2935} INFO - Setting next_dagrun for example_xcom to 2021-01-01T00:00:00+00:00
[2025-05-31 11:39:57,043] {processor.py:171} INFO - Processing /home/airflow/.local/lib/python3.6/site-packages/airflow/example_dags/example_xcom.py took 0.507 seconds
[2025-05-31 11:40:27,742] {processor.py:163} INFO - Started process (PID=19944) to work on /home/airflow/.local/lib/python3.6/site-packages/airflow/example_dags/example_xcom.py
[2025-05-31 11:40:27,744] {processor.py:642} INFO - Processing file /home/airflow/.local/lib/python3.6/site-packages/airflow/example_dags/example_xcom.py for tasks to queue
[2025-05-31 11:40:27,745] {logging_mixin.py:109} INFO - [2025-05-31 11:40:27,745] {dagbag.py:500} INFO - Filling up the DagBag from /home/airflow/.local/lib/python3.6/site-packages/airflow/example_dags/example_xcom.py
[2025-05-31 11:40:27,781] {processor.py:654} INFO - DAG(s) dict_keys(['example_xcom']) retrieved from /home/airflow/.local/lib/python3.6/site-packages/airflow/example_dags/example_xcom.py
[2025-05-31 11:40:28,037] {logging_mixin.py:109} INFO - [2025-05-31 11:40:28,036] {dag.py:2396} INFO - Sync 1 DAGs
[2025-05-31 11:40:28,055] {logging_mixin.py:109} INFO - [2025-05-31 11:40:28,055] {dag.py:2935} INFO - Setting next_dagrun for example_xcom to 2021-01-01T00:00:00+00:00
[2025-05-31 11:40:28,069] {processor.py:171} INFO - Processing /home/airflow/.local/lib/python3.6/site-packages/airflow/example_dags/example_xcom.py took 0.329 seconds
[2025-05-31 11:40:58,946] {processor.py:163} INFO - Started process (PID=20139) to work on /home/airflow/.local/lib/python3.6/site-packages/airflow/example_dags/example_xcom.py
[2025-05-31 11:40:58,948] {processor.py:642} INFO - Processing file /home/airflow/.local/lib/python3.6/site-packages/airflow/example_dags/example_xcom.py for tasks to queue
[2025-05-31 11:40:58,950] {logging_mixin.py:109} INFO - [2025-05-31 11:40:58,950] {dagbag.py:500} INFO - Filling up the DagBag from /home/airflow/.local/lib/python3.6/site-packages/airflow/example_dags/example_xcom.py
[2025-05-31 11:40:59,006] {processor.py:654} INFO - DAG(s) dict_keys(['example_xcom']) retrieved from /home/airflow/.local/lib/python3.6/site-packages/airflow/example_dags/example_xcom.py
[2025-05-31 11:40:59,372] {logging_mixin.py:109} INFO - [2025-05-31 11:40:59,372] {dag.py:2396} INFO - Sync 1 DAGs
[2025-05-31 11:40:59,397] {logging_mixin.py:109} INFO - [2025-05-31 11:40:59,396] {dag.py:2935} INFO - Setting next_dagrun for example_xcom to 2021-01-01T00:00:00+00:00
[2025-05-31 11:40:59,414] {processor.py:171} INFO - Processing /home/airflow/.local/lib/python3.6/site-packages/airflow/example_dags/example_xcom.py took 0.473 seconds
[2025-05-31 11:41:30,058] {processor.py:163} INFO - Started process (PID=20324) to work on /home/airflow/.local/lib/python3.6/site-packages/airflow/example_dags/example_xcom.py
[2025-05-31 11:41:30,060] {processor.py:642} INFO - Processing file /home/airflow/.local/lib/python3.6/site-packages/airflow/example_dags/example_xcom.py for tasks to queue
[2025-05-31 11:41:30,061] {logging_mixin.py:109} INFO - [2025-05-31 11:41:30,061] {dagbag.py:500} INFO - Filling up the DagBag from /home/airflow/.local/lib/python3.6/site-packages/airflow/example_dags/example_xcom.py
[2025-05-31 11:41:30,104] {processor.py:654} INFO - DAG(s) dict_keys(['example_xcom']) retrieved from /home/airflow/.local/lib/python3.6/site-packages/airflow/example_dags/example_xcom.py
[2025-05-31 11:41:30,433] {logging_mixin.py:109} INFO - [2025-05-31 11:41:30,433] {dag.py:2396} INFO - Sync 1 DAGs
[2025-05-31 11:41:30,463] {logging_mixin.py:109} INFO - [2025-05-31 11:41:30,463] {dag.py:2935} INFO - Setting next_dagrun for example_xcom to 2021-01-01T00:00:00+00:00
[2025-05-31 11:41:30,484] {processor.py:171} INFO - Processing /home/airflow/.local/lib/python3.6/site-packages/airflow/example_dags/example_xcom.py took 0.430 seconds
[2025-05-31 11:42:01,262] {processor.py:163} INFO - Started process (PID=20509) to work on /home/airflow/.local/lib/python3.6/site-packages/airflow/example_dags/example_xcom.py
[2025-05-31 11:42:01,264] {processor.py:642} INFO - Processing file /home/airflow/.local/lib/python3.6/site-packages/airflow/example_dags/example_xcom.py for tasks to queue
[2025-05-31 11:42:01,266] {logging_mixin.py:109} INFO - [2025-05-31 11:42:01,265] {dagbag.py:500} INFO - Filling up the DagBag from /home/airflow/.local/lib/python3.6/site-packages/airflow/example_dags/example_xcom.py
[2025-05-31 11:42:01,307] {processor.py:654} INFO - DAG(s) dict_keys(['example_xcom']) retrieved from /home/airflow/.local/lib/python3.6/site-packages/airflow/example_dags/example_xcom.py
[2025-05-31 11:42:01,553] {logging_mixin.py:109} INFO - [2025-05-31 11:42:01,553] {dag.py:2396} INFO - Sync 1 DAGs
[2025-05-31 11:42:01,571] {logging_mixin.py:109} INFO - [2025-05-31 11:42:01,571] {dag.py:2935} INFO - Setting next_dagrun for example_xcom to 2021-01-01T00:00:00+00:00
[2025-05-31 11:42:01,584] {processor.py:171} INFO - Processing /home/airflow/.local/lib/python3.6/site-packages/airflow/example_dags/example_xcom.py took 0.326 seconds
[2025-05-31 11:42:31,809] {processor.py:163} INFO - Started process (PID=20704) to work on /home/airflow/.local/lib/python3.6/site-packages/airflow/example_dags/example_xcom.py
[2025-05-31 11:42:31,811] {processor.py:642} INFO - Processing file /home/airflow/.local/lib/python3.6/site-packages/airflow/example_dags/example_xcom.py for tasks to queue
[2025-05-31 11:42:31,811] {logging_mixin.py:109} INFO - [2025-05-31 11:42:31,811] {dagbag.py:500} INFO - Filling up the DagBag from /home/airflow/.local/lib/python3.6/site-packages/airflow/example_dags/example_xcom.py
[2025-05-31 11:42:31,846] {processor.py:654} INFO - DAG(s) dict_keys(['example_xcom']) retrieved from /home/airflow/.local/lib/python3.6/site-packages/airflow/example_dags/example_xcom.py
[2025-05-31 11:42:32,088] {logging_mixin.py:109} INFO - [2025-05-31 11:42:32,088] {dag.py:2396} INFO - Sync 1 DAGs
[2025-05-31 11:42:32,108] {logging_mixin.py:109} INFO - [2025-05-31 11:42:32,107] {dag.py:2935} INFO - Setting next_dagrun for example_xcom to 2021-01-01T00:00:00+00:00
[2025-05-31 11:42:32,122] {processor.py:171} INFO - Processing /home/airflow/.local/lib/python3.6/site-packages/airflow/example_dags/example_xcom.py took 0.316 seconds
[2025-05-31 11:43:02,922] {processor.py:163} INFO - Started process (PID=20889) to work on /home/airflow/.local/lib/python3.6/site-packages/airflow/example_dags/example_xcom.py
[2025-05-31 11:43:02,924] {processor.py:642} INFO - Processing file /home/airflow/.local/lib/python3.6/site-packages/airflow/example_dags/example_xcom.py for tasks to queue
[2025-05-31 11:43:02,925] {logging_mixin.py:109} INFO - [2025-05-31 11:43:02,925] {dagbag.py:500} INFO - Filling up the DagBag from /home/airflow/.local/lib/python3.6/site-packages/airflow/example_dags/example_xcom.py
[2025-05-31 11:43:02,964] {processor.py:654} INFO - DAG(s) dict_keys(['example_xcom']) retrieved from /home/airflow/.local/lib/python3.6/site-packages/airflow/example_dags/example_xcom.py
[2025-05-31 11:43:03,198] {logging_mixin.py:109} INFO - [2025-05-31 11:43:03,198] {dag.py:2396} INFO - Sync 1 DAGs
[2025-05-31 11:43:03,216] {logging_mixin.py:109} INFO - [2025-05-31 11:43:03,216] {dag.py:2935} INFO - Setting next_dagrun for example_xcom to 2021-01-01T00:00:00+00:00
[2025-05-31 11:43:03,229] {processor.py:171} INFO - Processing /home/airflow/.local/lib/python3.6/site-packages/airflow/example_dags/example_xcom.py took 0.310 seconds
[2025-05-31 11:43:33,370] {processor.py:163} INFO - Started process (PID=21084) to work on /home/airflow/.local/lib/python3.6/site-packages/airflow/example_dags/example_xcom.py
[2025-05-31 11:43:33,372] {processor.py:642} INFO - Processing file /home/airflow/.local/lib/python3.6/site-packages/airflow/example_dags/example_xcom.py for tasks to queue
[2025-05-31 11:43:33,373] {logging_mixin.py:109} INFO - [2025-05-31 11:43:33,373] {dagbag.py:500} INFO - Filling up the DagBag from /home/airflow/.local/lib/python3.6/site-packages/airflow/example_dags/example_xcom.py
[2025-05-31 11:43:33,419] {processor.py:654} INFO - DAG(s) dict_keys(['example_xcom']) retrieved from /home/airflow/.local/lib/python3.6/site-packages/airflow/example_dags/example_xcom.py
[2025-05-31 11:43:33,759] {logging_mixin.py:109} INFO - [2025-05-31 11:43:33,759] {dag.py:2396} INFO - Sync 1 DAGs
[2025-05-31 11:43:33,790] {logging_mixin.py:109} INFO - [2025-05-31 11:43:33,790] {dag.py:2935} INFO - Setting next_dagrun for example_xcom to 2021-01-01T00:00:00+00:00
[2025-05-31 11:43:33,871] {processor.py:171} INFO - Processing /home/airflow/.local/lib/python3.6/site-packages/airflow/example_dags/example_xcom.py took 0.505 seconds
[2025-05-31 11:44:04,071] {processor.py:163} INFO - Started process (PID=21269) to work on /home/airflow/.local/lib/python3.6/site-packages/airflow/example_dags/example_xcom.py
[2025-05-31 11:44:04,073] {processor.py:642} INFO - Processing file /home/airflow/.local/lib/python3.6/site-packages/airflow/example_dags/example_xcom.py for tasks to queue
[2025-05-31 11:44:04,074] {logging_mixin.py:109} INFO - [2025-05-31 11:44:04,074] {dagbag.py:500} INFO - Filling up the DagBag from /home/airflow/.local/lib/python3.6/site-packages/airflow/example_dags/example_xcom.py
[2025-05-31 11:44:04,137] {processor.py:654} INFO - DAG(s) dict_keys(['example_xcom']) retrieved from /home/airflow/.local/lib/python3.6/site-packages/airflow/example_dags/example_xcom.py
[2025-05-31 11:44:04,546] {logging_mixin.py:109} INFO - [2025-05-31 11:44:04,545] {dag.py:2396} INFO - Sync 1 DAGs
[2025-05-31 11:44:04,570] {logging_mixin.py:109} INFO - [2025-05-31 11:44:04,570] {dag.py:2935} INFO - Setting next_dagrun for example_xcom to 2021-01-01T00:00:00+00:00
[2025-05-31 11:44:04,587] {processor.py:171} INFO - Processing /home/airflow/.local/lib/python3.6/site-packages/airflow/example_dags/example_xcom.py took 0.522 seconds
[2025-05-31 11:44:35,056] {processor.py:163} INFO - Started process (PID=21464) to work on /home/airflow/.local/lib/python3.6/site-packages/airflow/example_dags/example_xcom.py
[2025-05-31 11:44:35,059] {processor.py:642} INFO - Processing file /home/airflow/.local/lib/python3.6/site-packages/airflow/example_dags/example_xcom.py for tasks to queue
[2025-05-31 11:44:35,060] {logging_mixin.py:109} INFO - [2025-05-31 11:44:35,060] {dagbag.py:500} INFO - Filling up the DagBag from /home/airflow/.local/lib/python3.6/site-packages/airflow/example_dags/example_xcom.py
[2025-05-31 11:44:35,106] {processor.py:654} INFO - DAG(s) dict_keys(['example_xcom']) retrieved from /home/airflow/.local/lib/python3.6/site-packages/airflow/example_dags/example_xcom.py
[2025-05-31 11:44:35,379] {logging_mixin.py:109} INFO - [2025-05-31 11:44:35,379] {dag.py:2396} INFO - Sync 1 DAGs
[2025-05-31 11:44:35,402] {logging_mixin.py:109} INFO - [2025-05-31 11:44:35,402] {dag.py:2935} INFO - Setting next_dagrun for example_xcom to 2021-01-01T00:00:00+00:00
[2025-05-31 11:44:35,418] {processor.py:171} INFO - Processing /home/airflow/.local/lib/python3.6/site-packages/airflow/example_dags/example_xcom.py took 0.368 seconds
[2025-05-31 11:45:05,807] {processor.py:163} INFO - Started process (PID=21650) to work on /home/airflow/.local/lib/python3.6/site-packages/airflow/example_dags/example_xcom.py
[2025-05-31 11:45:05,809] {processor.py:642} INFO - Processing file /home/airflow/.local/lib/python3.6/site-packages/airflow/example_dags/example_xcom.py for tasks to queue
[2025-05-31 11:45:05,810] {logging_mixin.py:109} INFO - [2025-05-31 11:45:05,810] {dagbag.py:500} INFO - Filling up the DagBag from /home/airflow/.local/lib/python3.6/site-packages/airflow/example_dags/example_xcom.py
[2025-05-31 11:45:05,854] {processor.py:654} INFO - DAG(s) dict_keys(['example_xcom']) retrieved from /home/airflow/.local/lib/python3.6/site-packages/airflow/example_dags/example_xcom.py
[2025-05-31 11:45:06,134] {logging_mixin.py:109} INFO - [2025-05-31 11:45:06,134] {dag.py:2396} INFO - Sync 1 DAGs
[2025-05-31 11:45:06,155] {logging_mixin.py:109} INFO - [2025-05-31 11:45:06,154] {dag.py:2935} INFO - Setting next_dagrun for example_xcom to 2021-01-01T00:00:00+00:00
[2025-05-31 11:45:06,170] {processor.py:171} INFO - Processing /home/airflow/.local/lib/python3.6/site-packages/airflow/example_dags/example_xcom.py took 0.366 seconds
[2025-05-31 11:45:36,399] {processor.py:163} INFO - Started process (PID=21835) to work on /home/airflow/.local/lib/python3.6/site-packages/airflow/example_dags/example_xcom.py
[2025-05-31 11:45:36,400] {processor.py:642} INFO - Processing file /home/airflow/.local/lib/python3.6/site-packages/airflow/example_dags/example_xcom.py for tasks to queue
[2025-05-31 11:45:36,401] {logging_mixin.py:109} INFO - [2025-05-31 11:45:36,401] {dagbag.py:500} INFO - Filling up the DagBag from /home/airflow/.local/lib/python3.6/site-packages/airflow/example_dags/example_xcom.py
[2025-05-31 11:45:36,438] {processor.py:654} INFO - DAG(s) dict_keys(['example_xcom']) retrieved from /home/airflow/.local/lib/python3.6/site-packages/airflow/example_dags/example_xcom.py
[2025-05-31 11:45:36,676] {logging_mixin.py:109} INFO - [2025-05-31 11:45:36,676] {dag.py:2396} INFO - Sync 1 DAGs
[2025-05-31 11:45:36,696] {logging_mixin.py:109} INFO - [2025-05-31 11:45:36,695] {dag.py:2935} INFO - Setting next_dagrun for example_xcom to 2021-01-01T00:00:00+00:00
[2025-05-31 11:45:36,709] {processor.py:171} INFO - Processing /home/airflow/.local/lib/python3.6/site-packages/airflow/example_dags/example_xcom.py took 0.313 seconds
[2025-05-31 11:46:07,173] {processor.py:163} INFO - Started process (PID=22030) to work on /home/airflow/.local/lib/python3.6/site-packages/airflow/example_dags/example_xcom.py
[2025-05-31 11:46:07,175] {processor.py:642} INFO - Processing file /home/airflow/.local/lib/python3.6/site-packages/airflow/example_dags/example_xcom.py for tasks to queue
[2025-05-31 11:46:07,177] {logging_mixin.py:109} INFO - [2025-05-31 11:46:07,177] {dagbag.py:500} INFO - Filling up the DagBag from /home/airflow/.local/lib/python3.6/site-packages/airflow/example_dags/example_xcom.py
[2025-05-31 11:46:07,225] {processor.py:654} INFO - DAG(s) dict_keys(['example_xcom']) retrieved from /home/airflow/.local/lib/python3.6/site-packages/airflow/example_dags/example_xcom.py
[2025-05-31 11:46:07,629] {logging_mixin.py:109} INFO - [2025-05-31 11:46:07,629] {dag.py:2396} INFO - Sync 1 DAGs
[2025-05-31 11:46:07,672] {logging_mixin.py:109} INFO - [2025-05-31 11:46:07,671] {dag.py:2935} INFO - Setting next_dagrun for example_xcom to 2021-01-01T00:00:00+00:00
[2025-05-31 11:46:07,696] {processor.py:171} INFO - Processing /home/airflow/.local/lib/python3.6/site-packages/airflow/example_dags/example_xcom.py took 0.527 seconds
[2025-05-31 11:46:38,324] {processor.py:163} INFO - Started process (PID=22215) to work on /home/airflow/.local/lib/python3.6/site-packages/airflow/example_dags/example_xcom.py
[2025-05-31 11:46:38,325] {processor.py:642} INFO - Processing file /home/airflow/.local/lib/python3.6/site-packages/airflow/example_dags/example_xcom.py for tasks to queue
[2025-05-31 11:46:38,326] {logging_mixin.py:109} INFO - [2025-05-31 11:46:38,326] {dagbag.py:500} INFO - Filling up the DagBag from /home/airflow/.local/lib/python3.6/site-packages/airflow/example_dags/example_xcom.py
[2025-05-31 11:46:38,371] {processor.py:654} INFO - DAG(s) dict_keys(['example_xcom']) retrieved from /home/airflow/.local/lib/python3.6/site-packages/airflow/example_dags/example_xcom.py
[2025-05-31 11:46:38,632] {logging_mixin.py:109} INFO - [2025-05-31 11:46:38,632] {dag.py:2396} INFO - Sync 1 DAGs
[2025-05-31 11:46:38,651] {logging_mixin.py:109} INFO - [2025-05-31 11:46:38,651] {dag.py:2935} INFO - Setting next_dagrun for example_xcom to 2021-01-01T00:00:00+00:00
[2025-05-31 11:46:38,664] {processor.py:171} INFO - Processing /home/airflow/.local/lib/python3.6/site-packages/airflow/example_dags/example_xcom.py took 0.344 seconds
[2025-05-31 11:47:09,443] {processor.py:163} INFO - Started process (PID=22400) to work on /home/airflow/.local/lib/python3.6/site-packages/airflow/example_dags/example_xcom.py
[2025-05-31 11:47:09,445] {processor.py:642} INFO - Processing file /home/airflow/.local/lib/python3.6/site-packages/airflow/example_dags/example_xcom.py for tasks to queue
[2025-05-31 11:47:09,446] {logging_mixin.py:109} INFO - [2025-05-31 11:47:09,446] {dagbag.py:500} INFO - Filling up the DagBag from /home/airflow/.local/lib/python3.6/site-packages/airflow/example_dags/example_xcom.py
[2025-05-31 11:47:09,485] {processor.py:654} INFO - DAG(s) dict_keys(['example_xcom']) retrieved from /home/airflow/.local/lib/python3.6/site-packages/airflow/example_dags/example_xcom.py
[2025-05-31 11:47:09,764] {logging_mixin.py:109} INFO - [2025-05-31 11:47:09,764] {dag.py:2396} INFO - Sync 1 DAGs
[2025-05-31 11:47:09,790] {logging_mixin.py:109} INFO - [2025-05-31 11:47:09,790] {dag.py:2935} INFO - Setting next_dagrun for example_xcom to 2021-01-01T00:00:00+00:00
[2025-05-31 11:47:09,804] {processor.py:171} INFO - Processing /home/airflow/.local/lib/python3.6/site-packages/airflow/example_dags/example_xcom.py took 0.366 seconds
[2025-05-31 11:47:40,628] {processor.py:163} INFO - Started process (PID=22595) to work on /home/airflow/.local/lib/python3.6/site-packages/airflow/example_dags/example_xcom.py
[2025-05-31 11:47:40,629] {processor.py:642} INFO - Processing file /home/airflow/.local/lib/python3.6/site-packages/airflow/example_dags/example_xcom.py for tasks to queue
[2025-05-31 11:47:40,630] {logging_mixin.py:109} INFO - [2025-05-31 11:47:40,630] {dagbag.py:500} INFO - Filling up the DagBag from /home/airflow/.local/lib/python3.6/site-packages/airflow/example_dags/example_xcom.py
[2025-05-31 11:47:40,664] {processor.py:654} INFO - DAG(s) dict_keys(['example_xcom']) retrieved from /home/airflow/.local/lib/python3.6/site-packages/airflow/example_dags/example_xcom.py
[2025-05-31 11:47:40,895] {logging_mixin.py:109} INFO - [2025-05-31 11:47:40,895] {dag.py:2396} INFO - Sync 1 DAGs
[2025-05-31 11:47:40,917] {logging_mixin.py:109} INFO - [2025-05-31 11:47:40,917] {dag.py:2935} INFO - Setting next_dagrun for example_xcom to 2021-01-01T00:00:00+00:00
[2025-05-31 11:47:40,932] {processor.py:171} INFO - Processing /home/airflow/.local/lib/python3.6/site-packages/airflow/example_dags/example_xcom.py took 0.306 seconds
[2025-05-31 11:48:11,757] {processor.py:163} INFO - Started process (PID=22780) to work on /home/airflow/.local/lib/python3.6/site-packages/airflow/example_dags/example_xcom.py
[2025-05-31 11:48:11,758] {processor.py:642} INFO - Processing file /home/airflow/.local/lib/python3.6/site-packages/airflow/example_dags/example_xcom.py for tasks to queue
[2025-05-31 11:48:11,759] {logging_mixin.py:109} INFO - [2025-05-31 11:48:11,759] {dagbag.py:500} INFO - Filling up the DagBag from /home/airflow/.local/lib/python3.6/site-packages/airflow/example_dags/example_xcom.py
[2025-05-31 11:48:11,794] {processor.py:654} INFO - DAG(s) dict_keys(['example_xcom']) retrieved from /home/airflow/.local/lib/python3.6/site-packages/airflow/example_dags/example_xcom.py
[2025-05-31 11:48:12,055] {logging_mixin.py:109} INFO - [2025-05-31 11:48:12,055] {dag.py:2396} INFO - Sync 1 DAGs
[2025-05-31 11:48:12,073] {logging_mixin.py:109} INFO - [2025-05-31 11:48:12,073] {dag.py:2935} INFO - Setting next_dagrun for example_xcom to 2021-01-01T00:00:00+00:00
[2025-05-31 11:48:12,086] {processor.py:171} INFO - Processing /home/airflow/.local/lib/python3.6/site-packages/airflow/example_dags/example_xcom.py took 0.332 seconds
[2025-05-31 11:48:42,952] {processor.py:163} INFO - Started process (PID=22975) to work on /home/airflow/.local/lib/python3.6/site-packages/airflow/example_dags/example_xcom.py
[2025-05-31 11:48:42,954] {processor.py:642} INFO - Processing file /home/airflow/.local/lib/python3.6/site-packages/airflow/example_dags/example_xcom.py for tasks to queue
[2025-05-31 11:48:42,955] {logging_mixin.py:109} INFO - [2025-05-31 11:48:42,954] {dagbag.py:500} INFO - Filling up the DagBag from /home/airflow/.local/lib/python3.6/site-packages/airflow/example_dags/example_xcom.py
[2025-05-31 11:48:42,990] {processor.py:654} INFO - DAG(s) dict_keys(['example_xcom']) retrieved from /home/airflow/.local/lib/python3.6/site-packages/airflow/example_dags/example_xcom.py
[2025-05-31 11:48:43,245] {logging_mixin.py:109} INFO - [2025-05-31 11:48:43,245] {dag.py:2396} INFO - Sync 1 DAGs
[2025-05-31 11:48:43,267] {logging_mixin.py:109} INFO - [2025-05-31 11:48:43,267] {dag.py:2935} INFO - Setting next_dagrun for example_xcom to 2021-01-01T00:00:00+00:00
[2025-05-31 11:48:43,281] {processor.py:171} INFO - Processing /home/airflow/.local/lib/python3.6/site-packages/airflow/example_dags/example_xcom.py took 0.332 seconds
[2025-05-31 11:49:14,020] {processor.py:163} INFO - Started process (PID=23160) to work on /home/airflow/.local/lib/python3.6/site-packages/airflow/example_dags/example_xcom.py
[2025-05-31 11:49:14,022] {processor.py:642} INFO - Processing file /home/airflow/.local/lib/python3.6/site-packages/airflow/example_dags/example_xcom.py for tasks to queue
[2025-05-31 11:49:14,022] {logging_mixin.py:109} INFO - [2025-05-31 11:49:14,022] {dagbag.py:500} INFO - Filling up the DagBag from /home/airflow/.local/lib/python3.6/site-packages/airflow/example_dags/example_xcom.py
[2025-05-31 11:49:14,057] {processor.py:654} INFO - DAG(s) dict_keys(['example_xcom']) retrieved from /home/airflow/.local/lib/python3.6/site-packages/airflow/example_dags/example_xcom.py
[2025-05-31 11:49:14,304] {logging_mixin.py:109} INFO - [2025-05-31 11:49:14,303] {dag.py:2396} INFO - Sync 1 DAGs
[2025-05-31 11:49:14,324] {logging_mixin.py:109} INFO - [2025-05-31 11:49:14,324] {dag.py:2935} INFO - Setting next_dagrun for example_xcom to 2021-01-01T00:00:00+00:00
[2025-05-31 11:49:14,339] {processor.py:171} INFO - Processing /home/airflow/.local/lib/python3.6/site-packages/airflow/example_dags/example_xcom.py took 0.321 seconds
[2025-05-31 11:49:45,227] {processor.py:163} INFO - Started process (PID=23358) to work on /home/airflow/.local/lib/python3.6/site-packages/airflow/example_dags/example_xcom.py
[2025-05-31 11:49:45,229] {processor.py:642} INFO - Processing file /home/airflow/.local/lib/python3.6/site-packages/airflow/example_dags/example_xcom.py for tasks to queue
[2025-05-31 11:49:45,230] {logging_mixin.py:109} INFO - [2025-05-31 11:49:45,230] {dagbag.py:500} INFO - Filling up the DagBag from /home/airflow/.local/lib/python3.6/site-packages/airflow/example_dags/example_xcom.py
[2025-05-31 11:49:45,282] {processor.py:654} INFO - DAG(s) dict_keys(['example_xcom']) retrieved from /home/airflow/.local/lib/python3.6/site-packages/airflow/example_dags/example_xcom.py
[2025-05-31 11:49:45,605] {logging_mixin.py:109} INFO - [2025-05-31 11:49:45,605] {dag.py:2396} INFO - Sync 1 DAGs
[2025-05-31 11:49:45,645] {logging_mixin.py:109} INFO - [2025-05-31 11:49:45,645] {dag.py:2935} INFO - Setting next_dagrun for example_xcom to 2021-01-01T00:00:00+00:00
[2025-05-31 11:49:45,664] {processor.py:171} INFO - Processing /home/airflow/.local/lib/python3.6/site-packages/airflow/example_dags/example_xcom.py took 0.442 seconds
[2025-05-31 11:50:15,920] {processor.py:163} INFO - Started process (PID=23543) to work on /home/airflow/.local/lib/python3.6/site-packages/airflow/example_dags/example_xcom.py
[2025-05-31 11:50:15,927] {processor.py:642} INFO - Processing file /home/airflow/.local/lib/python3.6/site-packages/airflow/example_dags/example_xcom.py for tasks to queue
[2025-05-31 11:50:15,929] {logging_mixin.py:109} INFO - [2025-05-31 11:50:15,929] {dagbag.py:500} INFO - Filling up the DagBag from /home/airflow/.local/lib/python3.6/site-packages/airflow/example_dags/example_xcom.py
[2025-05-31 11:50:16,005] {processor.py:654} INFO - DAG(s) dict_keys(['example_xcom']) retrieved from /home/airflow/.local/lib/python3.6/site-packages/airflow/example_dags/example_xcom.py
[2025-05-31 11:50:16,432] {logging_mixin.py:109} INFO - [2025-05-31 11:50:16,432] {dag.py:2396} INFO - Sync 1 DAGs
[2025-05-31 11:50:16,462] {logging_mixin.py:109} INFO - [2025-05-31 11:50:16,461] {dag.py:2935} INFO - Setting next_dagrun for example_xcom to 2021-01-01T00:00:00+00:00
[2025-05-31 11:50:16,486] {processor.py:171} INFO - Processing /home/airflow/.local/lib/python3.6/site-packages/airflow/example_dags/example_xcom.py took 0.571 seconds
[2025-05-31 11:50:47,181] {processor.py:163} INFO - Started process (PID=23738) to work on /home/airflow/.local/lib/python3.6/site-packages/airflow/example_dags/example_xcom.py
[2025-05-31 11:50:47,185] {processor.py:642} INFO - Processing file /home/airflow/.local/lib/python3.6/site-packages/airflow/example_dags/example_xcom.py for tasks to queue
[2025-05-31 11:50:47,186] {logging_mixin.py:109} INFO - [2025-05-31 11:50:47,186] {dagbag.py:500} INFO - Filling up the DagBag from /home/airflow/.local/lib/python3.6/site-packages/airflow/example_dags/example_xcom.py
[2025-05-31 11:50:47,247] {processor.py:654} INFO - DAG(s) dict_keys(['example_xcom']) retrieved from /home/airflow/.local/lib/python3.6/site-packages/airflow/example_dags/example_xcom.py
[2025-05-31 11:50:47,618] {logging_mixin.py:109} INFO - [2025-05-31 11:50:47,618] {dag.py:2396} INFO - Sync 1 DAGs
[2025-05-31 11:50:47,652] {logging_mixin.py:109} INFO - [2025-05-31 11:50:47,652] {dag.py:2935} INFO - Setting next_dagrun for example_xcom to 2021-01-01T00:00:00+00:00
[2025-05-31 11:50:47,672] {processor.py:171} INFO - Processing /home/airflow/.local/lib/python3.6/site-packages/airflow/example_dags/example_xcom.py took 0.497 seconds
[2025-05-31 11:51:18,450] {processor.py:163} INFO - Started process (PID=23925) to work on /home/airflow/.local/lib/python3.6/site-packages/airflow/example_dags/example_xcom.py
[2025-05-31 11:51:18,452] {processor.py:642} INFO - Processing file /home/airflow/.local/lib/python3.6/site-packages/airflow/example_dags/example_xcom.py for tasks to queue
[2025-05-31 11:51:18,453] {logging_mixin.py:109} INFO - [2025-05-31 11:51:18,453] {dagbag.py:500} INFO - Filling up the DagBag from /home/airflow/.local/lib/python3.6/site-packages/airflow/example_dags/example_xcom.py
[2025-05-31 11:51:18,498] {processor.py:654} INFO - DAG(s) dict_keys(['example_xcom']) retrieved from /home/airflow/.local/lib/python3.6/site-packages/airflow/example_dags/example_xcom.py
[2025-05-31 11:51:18,799] {logging_mixin.py:109} INFO - [2025-05-31 11:51:18,799] {dag.py:2396} INFO - Sync 1 DAGs
[2025-05-31 11:51:18,820] {logging_mixin.py:109} INFO - [2025-05-31 11:51:18,820] {dag.py:2935} INFO - Setting next_dagrun for example_xcom to 2021-01-01T00:00:00+00:00
[2025-05-31 11:51:18,835] {processor.py:171} INFO - Processing /home/airflow/.local/lib/python3.6/site-packages/airflow/example_dags/example_xcom.py took 0.388 seconds
[2025-05-31 11:51:49,286] {processor.py:163} INFO - Started process (PID=24109) to work on /home/airflow/.local/lib/python3.6/site-packages/airflow/example_dags/example_xcom.py
[2025-05-31 11:51:49,287] {processor.py:642} INFO - Processing file /home/airflow/.local/lib/python3.6/site-packages/airflow/example_dags/example_xcom.py for tasks to queue
[2025-05-31 11:51:49,288] {logging_mixin.py:109} INFO - [2025-05-31 11:51:49,288] {dagbag.py:500} INFO - Filling up the DagBag from /home/airflow/.local/lib/python3.6/site-packages/airflow/example_dags/example_xcom.py
[2025-05-31 11:51:49,324] {processor.py:654} INFO - DAG(s) dict_keys(['example_xcom']) retrieved from /home/airflow/.local/lib/python3.6/site-packages/airflow/example_dags/example_xcom.py
[2025-05-31 11:51:49,575] {logging_mixin.py:109} INFO - [2025-05-31 11:51:49,575] {dag.py:2396} INFO - Sync 1 DAGs
[2025-05-31 11:51:49,599] {logging_mixin.py:109} INFO - [2025-05-31 11:51:49,599] {dag.py:2935} INFO - Setting next_dagrun for example_xcom to 2021-01-01T00:00:00+00:00
[2025-05-31 11:51:49,615] {processor.py:171} INFO - Processing /home/airflow/.local/lib/python3.6/site-packages/airflow/example_dags/example_xcom.py took 0.332 seconds
[2025-05-31 11:52:20,153] {processor.py:163} INFO - Started process (PID=24304) to work on /home/airflow/.local/lib/python3.6/site-packages/airflow/example_dags/example_xcom.py
[2025-05-31 11:52:20,155] {processor.py:642} INFO - Processing file /home/airflow/.local/lib/python3.6/site-packages/airflow/example_dags/example_xcom.py for tasks to queue
[2025-05-31 11:52:20,156] {logging_mixin.py:109} INFO - [2025-05-31 11:52:20,156] {dagbag.py:500} INFO - Filling up the DagBag from /home/airflow/.local/lib/python3.6/site-packages/airflow/example_dags/example_xcom.py
[2025-05-31 11:52:20,195] {processor.py:654} INFO - DAG(s) dict_keys(['example_xcom']) retrieved from /home/airflow/.local/lib/python3.6/site-packages/airflow/example_dags/example_xcom.py
[2025-05-31 11:52:20,463] {logging_mixin.py:109} INFO - [2025-05-31 11:52:20,463] {dag.py:2396} INFO - Sync 1 DAGs
[2025-05-31 11:52:20,485] {logging_mixin.py:109} INFO - [2025-05-31 11:52:20,485] {dag.py:2935} INFO - Setting next_dagrun for example_xcom to 2021-01-01T00:00:00+00:00
[2025-05-31 11:52:20,500] {processor.py:171} INFO - Processing /home/airflow/.local/lib/python3.6/site-packages/airflow/example_dags/example_xcom.py took 0.350 seconds
[2025-05-31 11:52:50,784] {processor.py:163} INFO - Started process (PID=24489) to work on /home/airflow/.local/lib/python3.6/site-packages/airflow/example_dags/example_xcom.py
[2025-05-31 11:52:50,785] {processor.py:642} INFO - Processing file /home/airflow/.local/lib/python3.6/site-packages/airflow/example_dags/example_xcom.py for tasks to queue
[2025-05-31 11:52:50,786] {logging_mixin.py:109} INFO - [2025-05-31 11:52:50,786] {dagbag.py:500} INFO - Filling up the DagBag from /home/airflow/.local/lib/python3.6/site-packages/airflow/example_dags/example_xcom.py
[2025-05-31 11:52:50,822] {processor.py:654} INFO - DAG(s) dict_keys(['example_xcom']) retrieved from /home/airflow/.local/lib/python3.6/site-packages/airflow/example_dags/example_xcom.py
[2025-05-31 11:52:51,098] {logging_mixin.py:109} INFO - [2025-05-31 11:52:51,098] {dag.py:2396} INFO - Sync 1 DAGs
[2025-05-31 11:52:51,119] {logging_mixin.py:109} INFO - [2025-05-31 11:52:51,119] {dag.py:2935} INFO - Setting next_dagrun for example_xcom to 2021-01-01T00:00:00+00:00
[2025-05-31 11:52:51,134] {processor.py:171} INFO - Processing /home/airflow/.local/lib/python3.6/site-packages/airflow/example_dags/example_xcom.py took 0.354 seconds
[2025-05-31 11:53:21,626] {processor.py:163} INFO - Started process (PID=24684) to work on /home/airflow/.local/lib/python3.6/site-packages/airflow/example_dags/example_xcom.py
[2025-05-31 11:53:21,628] {processor.py:642} INFO - Processing file /home/airflow/.local/lib/python3.6/site-packages/airflow/example_dags/example_xcom.py for tasks to queue
[2025-05-31 11:53:21,630] {logging_mixin.py:109} INFO - [2025-05-31 11:53:21,630] {dagbag.py:500} INFO - Filling up the DagBag from /home/airflow/.local/lib/python3.6/site-packages/airflow/example_dags/example_xcom.py
[2025-05-31 11:53:21,676] {processor.py:654} INFO - DAG(s) dict_keys(['example_xcom']) retrieved from /home/airflow/.local/lib/python3.6/site-packages/airflow/example_dags/example_xcom.py
[2025-05-31 11:53:22,048] {logging_mixin.py:109} INFO - [2025-05-31 11:53:22,048] {dag.py:2396} INFO - Sync 1 DAGs
[2025-05-31 11:53:22,071] {logging_mixin.py:109} INFO - [2025-05-31 11:53:22,071] {dag.py:2935} INFO - Setting next_dagrun for example_xcom to 2021-01-01T00:00:00+00:00
[2025-05-31 11:53:22,086] {processor.py:171} INFO - Processing /home/airflow/.local/lib/python3.6/site-packages/airflow/example_dags/example_xcom.py took 0.464 seconds
[2025-05-31 11:53:52,950] {processor.py:163} INFO - Started process (PID=24869) to work on /home/airflow/.local/lib/python3.6/site-packages/airflow/example_dags/example_xcom.py
[2025-05-31 11:53:52,951] {processor.py:642} INFO - Processing file /home/airflow/.local/lib/python3.6/site-packages/airflow/example_dags/example_xcom.py for tasks to queue
[2025-05-31 11:53:52,953] {logging_mixin.py:109} INFO - [2025-05-31 11:53:52,953] {dagbag.py:500} INFO - Filling up the DagBag from /home/airflow/.local/lib/python3.6/site-packages/airflow/example_dags/example_xcom.py
[2025-05-31 11:53:52,998] {processor.py:654} INFO - DAG(s) dict_keys(['example_xcom']) retrieved from /home/airflow/.local/lib/python3.6/site-packages/airflow/example_dags/example_xcom.py
[2025-05-31 11:53:53,016] {logging_mixin.py:109} INFO - [2025-05-31 11:53:53,016] {dag.py:2396} INFO - Sync 1 DAGs
[2025-05-31 11:53:53,038] {logging_mixin.py:109} INFO - [2025-05-31 11:53:53,038] {dag.py:2935} INFO - Setting next_dagrun for example_xcom to 2021-01-01T00:00:00+00:00
[2025-05-31 11:53:53,054] {processor.py:171} INFO - Processing /home/airflow/.local/lib/python3.6/site-packages/airflow/example_dags/example_xcom.py took 0.108 seconds
[2025-05-31 11:54:23,219] {processor.py:163} INFO - Started process (PID=25054) to work on /home/airflow/.local/lib/python3.6/site-packages/airflow/example_dags/example_xcom.py
[2025-05-31 11:54:23,224] {processor.py:642} INFO - Processing file /home/airflow/.local/lib/python3.6/site-packages/airflow/example_dags/example_xcom.py for tasks to queue
[2025-05-31 11:54:23,226] {logging_mixin.py:109} INFO - [2025-05-31 11:54:23,225] {dagbag.py:500} INFO - Filling up the DagBag from /home/airflow/.local/lib/python3.6/site-packages/airflow/example_dags/example_xcom.py
[2025-05-31 11:54:23,273] {processor.py:654} INFO - DAG(s) dict_keys(['example_xcom']) retrieved from /home/airflow/.local/lib/python3.6/site-packages/airflow/example_dags/example_xcom.py
[2025-05-31 11:54:23,546] {logging_mixin.py:109} INFO - [2025-05-31 11:54:23,546] {dag.py:2396} INFO - Sync 1 DAGs
[2025-05-31 11:54:23,566] {logging_mixin.py:109} INFO - [2025-05-31 11:54:23,566] {dag.py:2935} INFO - Setting next_dagrun for example_xcom to 2021-01-01T00:00:00+00:00
[2025-05-31 11:54:23,581] {processor.py:171} INFO - Processing /home/airflow/.local/lib/python3.6/site-packages/airflow/example_dags/example_xcom.py took 0.366 seconds
[2025-05-31 11:54:53,705] {processor.py:163} INFO - Started process (PID=25249) to work on /home/airflow/.local/lib/python3.6/site-packages/airflow/example_dags/example_xcom.py
[2025-05-31 11:54:53,707] {processor.py:642} INFO - Processing file /home/airflow/.local/lib/python3.6/site-packages/airflow/example_dags/example_xcom.py for tasks to queue
[2025-05-31 11:54:53,708] {logging_mixin.py:109} INFO - [2025-05-31 11:54:53,708] {dagbag.py:500} INFO - Filling up the DagBag from /home/airflow/.local/lib/python3.6/site-packages/airflow/example_dags/example_xcom.py
[2025-05-31 11:54:53,750] {processor.py:654} INFO - DAG(s) dict_keys(['example_xcom']) retrieved from /home/airflow/.local/lib/python3.6/site-packages/airflow/example_dags/example_xcom.py
[2025-05-31 11:54:54,050] {logging_mixin.py:109} INFO - [2025-05-31 11:54:54,050] {dag.py:2396} INFO - Sync 1 DAGs
[2025-05-31 11:54:54,072] {logging_mixin.py:109} INFO - [2025-05-31 11:54:54,072] {dag.py:2935} INFO - Setting next_dagrun for example_xcom to 2021-01-01T00:00:00+00:00
[2025-05-31 11:54:54,088] {processor.py:171} INFO - Processing /home/airflow/.local/lib/python3.6/site-packages/airflow/example_dags/example_xcom.py took 0.386 seconds
[2025-05-31 11:55:24,769] {processor.py:163} INFO - Started process (PID=25434) to work on /home/airflow/.local/lib/python3.6/site-packages/airflow/example_dags/example_xcom.py
[2025-05-31 11:55:24,771] {processor.py:642} INFO - Processing file /home/airflow/.local/lib/python3.6/site-packages/airflow/example_dags/example_xcom.py for tasks to queue
[2025-05-31 11:55:24,772] {logging_mixin.py:109} INFO - [2025-05-31 11:55:24,772] {dagbag.py:500} INFO - Filling up the DagBag from /home/airflow/.local/lib/python3.6/site-packages/airflow/example_dags/example_xcom.py
[2025-05-31 11:55:24,807] {processor.py:654} INFO - DAG(s) dict_keys(['example_xcom']) retrieved from /home/airflow/.local/lib/python3.6/site-packages/airflow/example_dags/example_xcom.py
[2025-05-31 11:55:24,818] {logging_mixin.py:109} INFO - [2025-05-31 11:55:24,818] {dag.py:2396} INFO - Sync 1 DAGs
[2025-05-31 11:55:24,837] {logging_mixin.py:109} INFO - [2025-05-31 11:55:24,837] {dag.py:2935} INFO - Setting next_dagrun for example_xcom to 2021-01-01T00:00:00+00:00
[2025-05-31 11:55:24,849] {processor.py:171} INFO - Processing /home/airflow/.local/lib/python3.6/site-packages/airflow/example_dags/example_xcom.py took 0.083 seconds
[2025-05-31 11:55:55,183] {processor.py:163} INFO - Started process (PID=25629) to work on /home/airflow/.local/lib/python3.6/site-packages/airflow/example_dags/example_xcom.py
[2025-05-31 11:55:55,185] {processor.py:642} INFO - Processing file /home/airflow/.local/lib/python3.6/site-packages/airflow/example_dags/example_xcom.py for tasks to queue
[2025-05-31 11:55:55,186] {logging_mixin.py:109} INFO - [2025-05-31 11:55:55,186] {dagbag.py:500} INFO - Filling up the DagBag from /home/airflow/.local/lib/python3.6/site-packages/airflow/example_dags/example_xcom.py
[2025-05-31 11:55:55,233] {processor.py:654} INFO - DAG(s) dict_keys(['example_xcom']) retrieved from /home/airflow/.local/lib/python3.6/site-packages/airflow/example_dags/example_xcom.py
[2025-05-31 11:55:55,548] {logging_mixin.py:109} INFO - [2025-05-31 11:55:55,548] {dag.py:2396} INFO - Sync 1 DAGs
[2025-05-31 11:55:55,569] {logging_mixin.py:109} INFO - [2025-05-31 11:55:55,568] {dag.py:2935} INFO - Setting next_dagrun for example_xcom to 2021-01-01T00:00:00+00:00
[2025-05-31 11:55:55,583] {processor.py:171} INFO - Processing /home/airflow/.local/lib/python3.6/site-packages/airflow/example_dags/example_xcom.py took 0.403 seconds
[2025-05-31 11:56:25,736] {processor.py:163} INFO - Started process (PID=25819) to work on /home/airflow/.local/lib/python3.6/site-packages/airflow/example_dags/example_xcom.py
[2025-05-31 11:56:25,738] {processor.py:642} INFO - Processing file /home/airflow/.local/lib/python3.6/site-packages/airflow/example_dags/example_xcom.py for tasks to queue
[2025-05-31 11:56:25,739] {logging_mixin.py:109} INFO - [2025-05-31 11:56:25,739] {dagbag.py:500} INFO - Filling up the DagBag from /home/airflow/.local/lib/python3.6/site-packages/airflow/example_dags/example_xcom.py
[2025-05-31 11:56:25,790] {processor.py:654} INFO - DAG(s) dict_keys(['example_xcom']) retrieved from /home/airflow/.local/lib/python3.6/site-packages/airflow/example_dags/example_xcom.py
[2025-05-31 11:56:26,170] {logging_mixin.py:109} INFO - [2025-05-31 11:56:26,169] {dag.py:2396} INFO - Sync 1 DAGs
[2025-05-31 11:56:26,198] {logging_mixin.py:109} INFO - [2025-05-31 11:56:26,198] {dag.py:2935} INFO - Setting next_dagrun for example_xcom to 2021-01-01T00:00:00+00:00
[2025-05-31 11:56:26,218] {processor.py:171} INFO - Processing /home/airflow/.local/lib/python3.6/site-packages/airflow/example_dags/example_xcom.py took 0.485 seconds
[2025-05-31 11:56:56,351] {processor.py:163} INFO - Started process (PID=26019) to work on /home/airflow/.local/lib/python3.6/site-packages/airflow/example_dags/example_xcom.py
[2025-05-31 11:56:56,353] {processor.py:642} INFO - Processing file /home/airflow/.local/lib/python3.6/site-packages/airflow/example_dags/example_xcom.py for tasks to queue
[2025-05-31 11:56:56,354] {logging_mixin.py:109} INFO - [2025-05-31 11:56:56,354] {dagbag.py:500} INFO - Filling up the DagBag from /home/airflow/.local/lib/python3.6/site-packages/airflow/example_dags/example_xcom.py
[2025-05-31 11:56:56,392] {processor.py:654} INFO - DAG(s) dict_keys(['example_xcom']) retrieved from /home/airflow/.local/lib/python3.6/site-packages/airflow/example_dags/example_xcom.py
[2025-05-31 11:56:56,637] {logging_mixin.py:109} INFO - [2025-05-31 11:56:56,637] {dag.py:2396} INFO - Sync 1 DAGs
[2025-05-31 11:56:56,654] {logging_mixin.py:109} INFO - [2025-05-31 11:56:56,654] {dag.py:2935} INFO - Setting next_dagrun for example_xcom to 2021-01-01T00:00:00+00:00
[2025-05-31 11:56:56,666] {processor.py:171} INFO - Processing /home/airflow/.local/lib/python3.6/site-packages/airflow/example_dags/example_xcom.py took 0.320 seconds
[2025-05-31 11:57:26,712] {processor.py:163} INFO - Started process (PID=26214) to work on /home/airflow/.local/lib/python3.6/site-packages/airflow/example_dags/example_xcom.py
[2025-05-31 11:57:26,714] {processor.py:642} INFO - Processing file /home/airflow/.local/lib/python3.6/site-packages/airflow/example_dags/example_xcom.py for tasks to queue
[2025-05-31 11:57:26,715] {logging_mixin.py:109} INFO - [2025-05-31 11:57:26,715] {dagbag.py:500} INFO - Filling up the DagBag from /home/airflow/.local/lib/python3.6/site-packages/airflow/example_dags/example_xcom.py
[2025-05-31 11:57:26,767] {processor.py:654} INFO - DAG(s) dict_keys(['example_xcom']) retrieved from /home/airflow/.local/lib/python3.6/site-packages/airflow/example_dags/example_xcom.py
[2025-05-31 11:57:27,094] {logging_mixin.py:109} INFO - [2025-05-31 11:57:27,093] {dag.py:2396} INFO - Sync 1 DAGs
[2025-05-31 11:57:27,118] {logging_mixin.py:109} INFO - [2025-05-31 11:57:27,118] {dag.py:2935} INFO - Setting next_dagrun for example_xcom to 2021-01-01T00:00:00+00:00
[2025-05-31 11:57:27,135] {processor.py:171} INFO - Processing /home/airflow/.local/lib/python3.6/site-packages/airflow/example_dags/example_xcom.py took 0.427 seconds
[2025-05-31 11:57:58,063] {processor.py:163} INFO - Started process (PID=26399) to work on /home/airflow/.local/lib/python3.6/site-packages/airflow/example_dags/example_xcom.py
[2025-05-31 11:57:58,064] {processor.py:642} INFO - Processing file /home/airflow/.local/lib/python3.6/site-packages/airflow/example_dags/example_xcom.py for tasks to queue
[2025-05-31 11:57:58,065] {logging_mixin.py:109} INFO - [2025-05-31 11:57:58,065] {dagbag.py:500} INFO - Filling up the DagBag from /home/airflow/.local/lib/python3.6/site-packages/airflow/example_dags/example_xcom.py
[2025-05-31 11:57:58,100] {processor.py:654} INFO - DAG(s) dict_keys(['example_xcom']) retrieved from /home/airflow/.local/lib/python3.6/site-packages/airflow/example_dags/example_xcom.py
[2025-05-31 11:57:58,346] {logging_mixin.py:109} INFO - [2025-05-31 11:57:58,346] {dag.py:2396} INFO - Sync 1 DAGs
[2025-05-31 11:57:58,366] {logging_mixin.py:109} INFO - [2025-05-31 11:57:58,366] {dag.py:2935} INFO - Setting next_dagrun for example_xcom to 2021-01-01T00:00:00+00:00
[2025-05-31 11:57:58,380] {processor.py:171} INFO - Processing /home/airflow/.local/lib/python3.6/site-packages/airflow/example_dags/example_xcom.py took 0.320 seconds
[2025-05-31 11:58:28,715] {processor.py:163} INFO - Started process (PID=26584) to work on /home/airflow/.local/lib/python3.6/site-packages/airflow/example_dags/example_xcom.py
[2025-05-31 11:58:28,716] {processor.py:642} INFO - Processing file /home/airflow/.local/lib/python3.6/site-packages/airflow/example_dags/example_xcom.py for tasks to queue
[2025-05-31 11:58:28,717] {logging_mixin.py:109} INFO - [2025-05-31 11:58:28,717] {dagbag.py:500} INFO - Filling up the DagBag from /home/airflow/.local/lib/python3.6/site-packages/airflow/example_dags/example_xcom.py
[2025-05-31 11:58:28,753] {processor.py:654} INFO - DAG(s) dict_keys(['example_xcom']) retrieved from /home/airflow/.local/lib/python3.6/site-packages/airflow/example_dags/example_xcom.py
[2025-05-31 11:58:29,072] {logging_mixin.py:109} INFO - [2025-05-31 11:58:29,072] {dag.py:2396} INFO - Sync 1 DAGs
[2025-05-31 11:58:29,097] {logging_mixin.py:109} INFO - [2025-05-31 11:58:29,097] {dag.py:2935} INFO - Setting next_dagrun for example_xcom to 2021-01-01T00:00:00+00:00
[2025-05-31 11:58:29,111] {processor.py:171} INFO - Processing /home/airflow/.local/lib/python3.6/site-packages/airflow/example_dags/example_xcom.py took 0.399 seconds
[2025-05-31 11:58:59,195] {processor.py:163} INFO - Started process (PID=26794) to work on /home/airflow/.local/lib/python3.6/site-packages/airflow/example_dags/example_xcom.py
[2025-05-31 11:58:59,197] {processor.py:642} INFO - Processing file /home/airflow/.local/lib/python3.6/site-packages/airflow/example_dags/example_xcom.py for tasks to queue
[2025-05-31 11:58:59,198] {logging_mixin.py:109} INFO - [2025-05-31 11:58:59,197] {dagbag.py:500} INFO - Filling up the DagBag from /home/airflow/.local/lib/python3.6/site-packages/airflow/example_dags/example_xcom.py
[2025-05-31 11:58:59,234] {processor.py:654} INFO - DAG(s) dict_keys(['example_xcom']) retrieved from /home/airflow/.local/lib/python3.6/site-packages/airflow/example_dags/example_xcom.py
[2025-05-31 11:58:59,246] {logging_mixin.py:109} INFO - [2025-05-31 11:58:59,246] {dag.py:2396} INFO - Sync 1 DAGs
[2025-05-31 11:58:59,265] {logging_mixin.py:109} INFO - [2025-05-31 11:58:59,264] {dag.py:2935} INFO - Setting next_dagrun for example_xcom to 2021-01-01T00:00:00+00:00
[2025-05-31 11:58:59,275] {processor.py:171} INFO - Processing /home/airflow/.local/lib/python3.6/site-packages/airflow/example_dags/example_xcom.py took 0.084 seconds
[2025-05-31 11:59:29,365] {processor.py:163} INFO - Started process (PID=26972) to work on /home/airflow/.local/lib/python3.6/site-packages/airflow/example_dags/example_xcom.py
[2025-05-31 11:59:29,367] {processor.py:642} INFO - Processing file /home/airflow/.local/lib/python3.6/site-packages/airflow/example_dags/example_xcom.py for tasks to queue
[2025-05-31 11:59:29,368] {logging_mixin.py:109} INFO - [2025-05-31 11:59:29,368] {dagbag.py:500} INFO - Filling up the DagBag from /home/airflow/.local/lib/python3.6/site-packages/airflow/example_dags/example_xcom.py
[2025-05-31 11:59:29,412] {processor.py:654} INFO - DAG(s) dict_keys(['example_xcom']) retrieved from /home/airflow/.local/lib/python3.6/site-packages/airflow/example_dags/example_xcom.py
[2025-05-31 11:59:29,686] {logging_mixin.py:109} INFO - [2025-05-31 11:59:29,685] {dag.py:2396} INFO - Sync 1 DAGs
[2025-05-31 11:59:29,706] {logging_mixin.py:109} INFO - [2025-05-31 11:59:29,706] {dag.py:2935} INFO - Setting next_dagrun for example_xcom to 2021-01-01T00:00:00+00:00
[2025-05-31 11:59:29,720] {processor.py:171} INFO - Processing /home/airflow/.local/lib/python3.6/site-packages/airflow/example_dags/example_xcom.py took 0.360 seconds
[2025-05-31 12:00:00,197] {processor.py:163} INFO - Started process (PID=27177) to work on /home/airflow/.local/lib/python3.6/site-packages/airflow/example_dags/example_xcom.py
[2025-05-31 12:00:00,199] {processor.py:642} INFO - Processing file /home/airflow/.local/lib/python3.6/site-packages/airflow/example_dags/example_xcom.py for tasks to queue
[2025-05-31 12:00:00,200] {logging_mixin.py:109} INFO - [2025-05-31 12:00:00,200] {dagbag.py:500} INFO - Filling up the DagBag from /home/airflow/.local/lib/python3.6/site-packages/airflow/example_dags/example_xcom.py
[2025-05-31 12:00:00,256] {processor.py:654} INFO - DAG(s) dict_keys(['example_xcom']) retrieved from /home/airflow/.local/lib/python3.6/site-packages/airflow/example_dags/example_xcom.py
[2025-05-31 12:00:00,816] {logging_mixin.py:109} INFO - [2025-05-31 12:00:00,816] {dag.py:2396} INFO - Sync 1 DAGs
[2025-05-31 12:00:00,854] {logging_mixin.py:109} INFO - [2025-05-31 12:00:00,854] {dag.py:2935} INFO - Setting next_dagrun for example_xcom to 2021-01-01T00:00:00+00:00
[2025-05-31 12:00:00,880] {processor.py:171} INFO - Processing /home/airflow/.local/lib/python3.6/site-packages/airflow/example_dags/example_xcom.py took 0.689 seconds
[2025-05-31 12:00:30,976] {processor.py:163} INFO - Started process (PID=27367) to work on /home/airflow/.local/lib/python3.6/site-packages/airflow/example_dags/example_xcom.py
[2025-05-31 12:00:30,978] {processor.py:642} INFO - Processing file /home/airflow/.local/lib/python3.6/site-packages/airflow/example_dags/example_xcom.py for tasks to queue
[2025-05-31 12:00:30,979] {logging_mixin.py:109} INFO - [2025-05-31 12:00:30,979] {dagbag.py:500} INFO - Filling up the DagBag from /home/airflow/.local/lib/python3.6/site-packages/airflow/example_dags/example_xcom.py
[2025-05-31 12:00:31,030] {processor.py:654} INFO - DAG(s) dict_keys(['example_xcom']) retrieved from /home/airflow/.local/lib/python3.6/site-packages/airflow/example_dags/example_xcom.py
[2025-05-31 12:00:31,321] {logging_mixin.py:109} INFO - [2025-05-31 12:00:31,321] {dag.py:2396} INFO - Sync 1 DAGs
[2025-05-31 12:00:31,341] {logging_mixin.py:109} INFO - [2025-05-31 12:00:31,341] {dag.py:2935} INFO - Setting next_dagrun for example_xcom to 2021-01-01T00:00:00+00:00
[2025-05-31 12:00:31,355] {processor.py:171} INFO - Processing /home/airflow/.local/lib/python3.6/site-packages/airflow/example_dags/example_xcom.py took 0.383 seconds
[2025-05-31 12:01:01,564] {processor.py:163} INFO - Started process (PID=27562) to work on /home/airflow/.local/lib/python3.6/site-packages/airflow/example_dags/example_xcom.py
[2025-05-31 12:01:01,565] {processor.py:642} INFO - Processing file /home/airflow/.local/lib/python3.6/site-packages/airflow/example_dags/example_xcom.py for tasks to queue
[2025-05-31 12:01:01,566] {logging_mixin.py:109} INFO - [2025-05-31 12:01:01,566] {dagbag.py:500} INFO - Filling up the DagBag from /home/airflow/.local/lib/python3.6/site-packages/airflow/example_dags/example_xcom.py
[2025-05-31 12:01:01,610] {processor.py:654} INFO - DAG(s) dict_keys(['example_xcom']) retrieved from /home/airflow/.local/lib/python3.6/site-packages/airflow/example_dags/example_xcom.py
[2025-05-31 12:01:01,904] {logging_mixin.py:109} INFO - [2025-05-31 12:01:01,903] {dag.py:2396} INFO - Sync 1 DAGs
[2025-05-31 12:01:01,924] {logging_mixin.py:109} INFO - [2025-05-31 12:01:01,924] {dag.py:2935} INFO - Setting next_dagrun for example_xcom to 2021-01-01T00:00:00+00:00
[2025-05-31 12:01:01,938] {processor.py:171} INFO - Processing /home/airflow/.local/lib/python3.6/site-packages/airflow/example_dags/example_xcom.py took 0.380 seconds
[2025-05-31 12:01:32,134] {processor.py:163} INFO - Started process (PID=27747) to work on /home/airflow/.local/lib/python3.6/site-packages/airflow/example_dags/example_xcom.py
[2025-05-31 12:01:32,136] {processor.py:642} INFO - Processing file /home/airflow/.local/lib/python3.6/site-packages/airflow/example_dags/example_xcom.py for tasks to queue
[2025-05-31 12:01:32,138] {logging_mixin.py:109} INFO - [2025-05-31 12:01:32,138] {dagbag.py:500} INFO - Filling up the DagBag from /home/airflow/.local/lib/python3.6/site-packages/airflow/example_dags/example_xcom.py
[2025-05-31 12:01:32,202] {processor.py:654} INFO - DAG(s) dict_keys(['example_xcom']) retrieved from /home/airflow/.local/lib/python3.6/site-packages/airflow/example_dags/example_xcom.py
[2025-05-31 12:01:32,557] {logging_mixin.py:109} INFO - [2025-05-31 12:01:32,557] {dag.py:2396} INFO - Sync 1 DAGs
[2025-05-31 12:01:32,591] {logging_mixin.py:109} INFO - [2025-05-31 12:01:32,591] {dag.py:2935} INFO - Setting next_dagrun for example_xcom to 2021-01-01T00:00:00+00:00
[2025-05-31 12:01:32,608] {processor.py:171} INFO - Processing /home/airflow/.local/lib/python3.6/site-packages/airflow/example_dags/example_xcom.py took 0.479 seconds
[2025-05-31 12:02:02,847] {processor.py:163} INFO - Started process (PID=27914) to work on /home/airflow/.local/lib/python3.6/site-packages/airflow/example_dags/example_xcom.py
[2025-05-31 12:02:02,849] {processor.py:642} INFO - Processing file /home/airflow/.local/lib/python3.6/site-packages/airflow/example_dags/example_xcom.py for tasks to queue
[2025-05-31 12:02:02,850] {logging_mixin.py:109} INFO - [2025-05-31 12:02:02,849] {dagbag.py:500} INFO - Filling up the DagBag from /home/airflow/.local/lib/python3.6/site-packages/airflow/example_dags/example_xcom.py
[2025-05-31 12:02:02,884] {processor.py:654} INFO - DAG(s) dict_keys(['example_xcom']) retrieved from /home/airflow/.local/lib/python3.6/site-packages/airflow/example_dags/example_xcom.py
[2025-05-31 12:02:03,146] {logging_mixin.py:109} INFO - [2025-05-31 12:02:03,146] {dag.py:2396} INFO - Sync 1 DAGs
[2025-05-31 12:02:03,170] {logging_mixin.py:109} INFO - [2025-05-31 12:02:03,170] {dag.py:2935} INFO - Setting next_dagrun for example_xcom to 2021-01-01T00:00:00+00:00
[2025-05-31 12:02:03,186] {processor.py:171} INFO - Processing /home/airflow/.local/lib/python3.6/site-packages/airflow/example_dags/example_xcom.py took 0.342 seconds
[2025-05-31 12:02:33,362] {processor.py:163} INFO - Started process (PID=28106) to work on /home/airflow/.local/lib/python3.6/site-packages/airflow/example_dags/example_xcom.py
[2025-05-31 12:02:33,364] {processor.py:642} INFO - Processing file /home/airflow/.local/lib/python3.6/site-packages/airflow/example_dags/example_xcom.py for tasks to queue
[2025-05-31 12:02:33,365] {logging_mixin.py:109} INFO - [2025-05-31 12:02:33,365] {dagbag.py:500} INFO - Filling up the DagBag from /home/airflow/.local/lib/python3.6/site-packages/airflow/example_dags/example_xcom.py
[2025-05-31 12:02:33,406] {processor.py:654} INFO - DAG(s) dict_keys(['example_xcom']) retrieved from /home/airflow/.local/lib/python3.6/site-packages/airflow/example_dags/example_xcom.py
[2025-05-31 12:02:33,422] {logging_mixin.py:109} INFO - [2025-05-31 12:02:33,422] {dag.py:2396} INFO - Sync 1 DAGs
[2025-05-31 12:02:33,451] {logging_mixin.py:109} INFO - [2025-05-31 12:02:33,451] {dag.py:2935} INFO - Setting next_dagrun for example_xcom to 2021-01-01T00:00:00+00:00
[2025-05-31 12:02:33,469] {processor.py:171} INFO - Processing /home/airflow/.local/lib/python3.6/site-packages/airflow/example_dags/example_xcom.py took 0.110 seconds
[2025-05-31 12:03:03,724] {processor.py:163} INFO - Started process (PID=28294) to work on /home/airflow/.local/lib/python3.6/site-packages/airflow/example_dags/example_xcom.py
[2025-05-31 12:03:03,725] {processor.py:642} INFO - Processing file /home/airflow/.local/lib/python3.6/site-packages/airflow/example_dags/example_xcom.py for tasks to queue
[2025-05-31 12:03:03,726] {logging_mixin.py:109} INFO - [2025-05-31 12:03:03,726] {dagbag.py:500} INFO - Filling up the DagBag from /home/airflow/.local/lib/python3.6/site-packages/airflow/example_dags/example_xcom.py
[2025-05-31 12:03:03,762] {processor.py:654} INFO - DAG(s) dict_keys(['example_xcom']) retrieved from /home/airflow/.local/lib/python3.6/site-packages/airflow/example_dags/example_xcom.py
[2025-05-31 12:03:04,064] {logging_mixin.py:109} INFO - [2025-05-31 12:03:04,064] {dag.py:2396} INFO - Sync 1 DAGs
[2025-05-31 12:03:04,088] {logging_mixin.py:109} INFO - [2025-05-31 12:03:04,088] {dag.py:2935} INFO - Setting next_dagrun for example_xcom to 2021-01-01T00:00:00+00:00
[2025-05-31 12:03:04,104] {processor.py:171} INFO - Processing /home/airflow/.local/lib/python3.6/site-packages/airflow/example_dags/example_xcom.py took 0.383 seconds
[2025-05-31 12:03:34,923] {processor.py:163} INFO - Started process (PID=28479) to work on /home/airflow/.local/lib/python3.6/site-packages/airflow/example_dags/example_xcom.py
[2025-05-31 12:03:34,924] {processor.py:642} INFO - Processing file /home/airflow/.local/lib/python3.6/site-packages/airflow/example_dags/example_xcom.py for tasks to queue
[2025-05-31 12:03:34,925] {logging_mixin.py:109} INFO - [2025-05-31 12:03:34,925] {dagbag.py:500} INFO - Filling up the DagBag from /home/airflow/.local/lib/python3.6/site-packages/airflow/example_dags/example_xcom.py
[2025-05-31 12:03:34,963] {processor.py:654} INFO - DAG(s) dict_keys(['example_xcom']) retrieved from /home/airflow/.local/lib/python3.6/site-packages/airflow/example_dags/example_xcom.py
[2025-05-31 12:03:35,208] {logging_mixin.py:109} INFO - [2025-05-31 12:03:35,207] {dag.py:2396} INFO - Sync 1 DAGs
[2025-05-31 12:03:35,227] {logging_mixin.py:109} INFO - [2025-05-31 12:03:35,227] {dag.py:2935} INFO - Setting next_dagrun for example_xcom to 2021-01-01T00:00:00+00:00
[2025-05-31 12:03:35,243] {processor.py:171} INFO - Processing /home/airflow/.local/lib/python3.6/site-packages/airflow/example_dags/example_xcom.py took 0.323 seconds
[2025-05-31 12:04:05,415] {processor.py:163} INFO - Started process (PID=28674) to work on /home/airflow/.local/lib/python3.6/site-packages/airflow/example_dags/example_xcom.py
[2025-05-31 12:04:05,418] {processor.py:642} INFO - Processing file /home/airflow/.local/lib/python3.6/site-packages/airflow/example_dags/example_xcom.py for tasks to queue
[2025-05-31 12:04:05,419] {logging_mixin.py:109} INFO - [2025-05-31 12:04:05,419] {dagbag.py:500} INFO - Filling up the DagBag from /home/airflow/.local/lib/python3.6/site-packages/airflow/example_dags/example_xcom.py
[2025-05-31 12:04:05,471] {processor.py:654} INFO - DAG(s) dict_keys(['example_xcom']) retrieved from /home/airflow/.local/lib/python3.6/site-packages/airflow/example_dags/example_xcom.py
[2025-05-31 12:04:05,767] {logging_mixin.py:109} INFO - [2025-05-31 12:04:05,767] {dag.py:2396} INFO - Sync 1 DAGs
[2025-05-31 12:04:05,788] {logging_mixin.py:109} INFO - [2025-05-31 12:04:05,787] {dag.py:2935} INFO - Setting next_dagrun for example_xcom to 2021-01-01T00:00:00+00:00
[2025-05-31 12:04:05,802] {processor.py:171} INFO - Processing /home/airflow/.local/lib/python3.6/site-packages/airflow/example_dags/example_xcom.py took 0.392 seconds
[2025-05-31 12:04:35,874] {processor.py:163} INFO - Started process (PID=28859) to work on /home/airflow/.local/lib/python3.6/site-packages/airflow/example_dags/example_xcom.py
[2025-05-31 12:04:35,875] {processor.py:642} INFO - Processing file /home/airflow/.local/lib/python3.6/site-packages/airflow/example_dags/example_xcom.py for tasks to queue
[2025-05-31 12:04:35,876] {logging_mixin.py:109} INFO - [2025-05-31 12:04:35,876] {dagbag.py:500} INFO - Filling up the DagBag from /home/airflow/.local/lib/python3.6/site-packages/airflow/example_dags/example_xcom.py
[2025-05-31 12:04:35,910] {processor.py:654} INFO - DAG(s) dict_keys(['example_xcom']) retrieved from /home/airflow/.local/lib/python3.6/site-packages/airflow/example_dags/example_xcom.py
[2025-05-31 12:04:36,147] {logging_mixin.py:109} INFO - [2025-05-31 12:04:36,147] {dag.py:2396} INFO - Sync 1 DAGs
[2025-05-31 12:04:36,167] {logging_mixin.py:109} INFO - [2025-05-31 12:04:36,167] {dag.py:2935} INFO - Setting next_dagrun for example_xcom to 2021-01-01T00:00:00+00:00
[2025-05-31 12:04:36,181] {processor.py:171} INFO - Processing /home/airflow/.local/lib/python3.6/site-packages/airflow/example_dags/example_xcom.py took 0.310 seconds
[2025-05-31 12:05:06,472] {processor.py:163} INFO - Started process (PID=29044) to work on /home/airflow/.local/lib/python3.6/site-packages/airflow/example_dags/example_xcom.py
[2025-05-31 12:05:06,473] {processor.py:642} INFO - Processing file /home/airflow/.local/lib/python3.6/site-packages/airflow/example_dags/example_xcom.py for tasks to queue
[2025-05-31 12:05:06,474] {logging_mixin.py:109} INFO - [2025-05-31 12:05:06,474] {dagbag.py:500} INFO - Filling up the DagBag from /home/airflow/.local/lib/python3.6/site-packages/airflow/example_dags/example_xcom.py
[2025-05-31 12:05:06,509] {processor.py:654} INFO - DAG(s) dict_keys(['example_xcom']) retrieved from /home/airflow/.local/lib/python3.6/site-packages/airflow/example_dags/example_xcom.py
[2025-05-31 12:05:06,521] {logging_mixin.py:109} INFO - [2025-05-31 12:05:06,520] {dag.py:2396} INFO - Sync 1 DAGs
[2025-05-31 12:05:06,538] {logging_mixin.py:109} INFO - [2025-05-31 12:05:06,538] {dag.py:2935} INFO - Setting next_dagrun for example_xcom to 2021-01-01T00:00:00+00:00
[2025-05-31 12:05:06,548] {processor.py:171} INFO - Processing /home/airflow/.local/lib/python3.6/site-packages/airflow/example_dags/example_xcom.py took 0.079 seconds
[2025-05-31 12:05:36,815] {processor.py:163} INFO - Started process (PID=29239) to work on /home/airflow/.local/lib/python3.6/site-packages/airflow/example_dags/example_xcom.py
[2025-05-31 12:05:36,816] {processor.py:642} INFO - Processing file /home/airflow/.local/lib/python3.6/site-packages/airflow/example_dags/example_xcom.py for tasks to queue
[2025-05-31 12:05:36,817] {logging_mixin.py:109} INFO - [2025-05-31 12:05:36,817] {dagbag.py:500} INFO - Filling up the DagBag from /home/airflow/.local/lib/python3.6/site-packages/airflow/example_dags/example_xcom.py
[2025-05-31 12:05:36,865] {processor.py:654} INFO - DAG(s) dict_keys(['example_xcom']) retrieved from /home/airflow/.local/lib/python3.6/site-packages/airflow/example_dags/example_xcom.py
[2025-05-31 12:05:37,124] {logging_mixin.py:109} INFO - [2025-05-31 12:05:37,124] {dag.py:2396} INFO - Sync 1 DAGs
[2025-05-31 12:05:37,144] {logging_mixin.py:109} INFO - [2025-05-31 12:05:37,144] {dag.py:2935} INFO - Setting next_dagrun for example_xcom to 2021-01-01T00:00:00+00:00
[2025-05-31 12:05:37,157] {processor.py:171} INFO - Processing /home/airflow/.local/lib/python3.6/site-packages/airflow/example_dags/example_xcom.py took 0.346 seconds
[2025-05-31 12:06:07,200] {processor.py:163} INFO - Started process (PID=29424) to work on /home/airflow/.local/lib/python3.6/site-packages/airflow/example_dags/example_xcom.py
[2025-05-31 12:06:07,201] {processor.py:642} INFO - Processing file /home/airflow/.local/lib/python3.6/site-packages/airflow/example_dags/example_xcom.py for tasks to queue
[2025-05-31 12:06:07,202] {logging_mixin.py:109} INFO - [2025-05-31 12:06:07,202] {dagbag.py:500} INFO - Filling up the DagBag from /home/airflow/.local/lib/python3.6/site-packages/airflow/example_dags/example_xcom.py
[2025-05-31 12:06:07,238] {processor.py:654} INFO - DAG(s) dict_keys(['example_xcom']) retrieved from /home/airflow/.local/lib/python3.6/site-packages/airflow/example_dags/example_xcom.py
[2025-05-31 12:06:07,457] {logging_mixin.py:109} INFO - [2025-05-31 12:06:07,457] {dag.py:2396} INFO - Sync 1 DAGs
[2025-05-31 12:06:07,474] {logging_mixin.py:109} INFO - [2025-05-31 12:06:07,474] {dag.py:2935} INFO - Setting next_dagrun for example_xcom to 2021-01-01T00:00:00+00:00
[2025-05-31 12:06:07,485] {processor.py:171} INFO - Processing /home/airflow/.local/lib/python3.6/site-packages/airflow/example_dags/example_xcom.py took 0.291 seconds
[2025-05-31 12:06:38,049] {processor.py:163} INFO - Started process (PID=29619) to work on /home/airflow/.local/lib/python3.6/site-packages/airflow/example_dags/example_xcom.py
[2025-05-31 12:06:38,050] {processor.py:642} INFO - Processing file /home/airflow/.local/lib/python3.6/site-packages/airflow/example_dags/example_xcom.py for tasks to queue
[2025-05-31 12:06:38,051] {logging_mixin.py:109} INFO - [2025-05-31 12:06:38,051] {dagbag.py:500} INFO - Filling up the DagBag from /home/airflow/.local/lib/python3.6/site-packages/airflow/example_dags/example_xcom.py
[2025-05-31 12:06:38,096] {processor.py:654} INFO - DAG(s) dict_keys(['example_xcom']) retrieved from /home/airflow/.local/lib/python3.6/site-packages/airflow/example_dags/example_xcom.py
[2025-05-31 12:06:38,456] {logging_mixin.py:109} INFO - [2025-05-31 12:06:38,456] {dag.py:2396} INFO - Sync 1 DAGs
[2025-05-31 12:06:38,481] {logging_mixin.py:109} INFO - [2025-05-31 12:06:38,481] {dag.py:2935} INFO - Setting next_dagrun for example_xcom to 2021-01-01T00:00:00+00:00
[2025-05-31 12:06:38,499] {processor.py:171} INFO - Processing /home/airflow/.local/lib/python3.6/site-packages/airflow/example_dags/example_xcom.py took 0.456 seconds
[2025-05-31 12:07:08,642] {processor.py:163} INFO - Started process (PID=29804) to work on /home/airflow/.local/lib/python3.6/site-packages/airflow/example_dags/example_xcom.py
[2025-05-31 12:07:08,644] {processor.py:642} INFO - Processing file /home/airflow/.local/lib/python3.6/site-packages/airflow/example_dags/example_xcom.py for tasks to queue
[2025-05-31 12:07:08,645] {logging_mixin.py:109} INFO - [2025-05-31 12:07:08,645] {dagbag.py:500} INFO - Filling up the DagBag from /home/airflow/.local/lib/python3.6/site-packages/airflow/example_dags/example_xcom.py
[2025-05-31 12:07:08,681] {processor.py:654} INFO - DAG(s) dict_keys(['example_xcom']) retrieved from /home/airflow/.local/lib/python3.6/site-packages/airflow/example_dags/example_xcom.py
[2025-05-31 12:07:08,976] {logging_mixin.py:109} INFO - [2025-05-31 12:07:08,975] {dag.py:2396} INFO - Sync 1 DAGs
[2025-05-31 12:07:09,010] {logging_mixin.py:109} INFO - [2025-05-31 12:07:09,010] {dag.py:2935} INFO - Setting next_dagrun for example_xcom to 2021-01-01T00:00:00+00:00
[2025-05-31 12:07:09,026] {processor.py:171} INFO - Processing /home/airflow/.local/lib/python3.6/site-packages/airflow/example_dags/example_xcom.py took 0.387 seconds
[2025-05-31 12:07:39,890] {processor.py:163} INFO - Started process (PID=29994) to work on /home/airflow/.local/lib/python3.6/site-packages/airflow/example_dags/example_xcom.py
[2025-05-31 12:07:39,891] {processor.py:642} INFO - Processing file /home/airflow/.local/lib/python3.6/site-packages/airflow/example_dags/example_xcom.py for tasks to queue
[2025-05-31 12:07:39,892] {logging_mixin.py:109} INFO - [2025-05-31 12:07:39,892] {dagbag.py:500} INFO - Filling up the DagBag from /home/airflow/.local/lib/python3.6/site-packages/airflow/example_dags/example_xcom.py
[2025-05-31 12:07:39,934] {processor.py:654} INFO - DAG(s) dict_keys(['example_xcom']) retrieved from /home/airflow/.local/lib/python3.6/site-packages/airflow/example_dags/example_xcom.py
[2025-05-31 12:07:40,203] {logging_mixin.py:109} INFO - [2025-05-31 12:07:40,203] {dag.py:2396} INFO - Sync 1 DAGs
[2025-05-31 12:07:40,224] {logging_mixin.py:109} INFO - [2025-05-31 12:07:40,224] {dag.py:2935} INFO - Setting next_dagrun for example_xcom to 2021-01-01T00:00:00+00:00
[2025-05-31 12:07:40,237] {processor.py:171} INFO - Processing /home/airflow/.local/lib/python3.6/site-packages/airflow/example_dags/example_xcom.py took 0.352 seconds
[2025-05-31 12:08:10,391] {processor.py:163} INFO - Started process (PID=30189) to work on /home/airflow/.local/lib/python3.6/site-packages/airflow/example_dags/example_xcom.py
[2025-05-31 12:08:10,394] {processor.py:642} INFO - Processing file /home/airflow/.local/lib/python3.6/site-packages/airflow/example_dags/example_xcom.py for tasks to queue
[2025-05-31 12:08:10,395] {logging_mixin.py:109} INFO - [2025-05-31 12:08:10,395] {dagbag.py:500} INFO - Filling up the DagBag from /home/airflow/.local/lib/python3.6/site-packages/airflow/example_dags/example_xcom.py
[2025-05-31 12:08:10,446] {processor.py:654} INFO - DAG(s) dict_keys(['example_xcom']) retrieved from /home/airflow/.local/lib/python3.6/site-packages/airflow/example_dags/example_xcom.py
[2025-05-31 12:08:10,764] {logging_mixin.py:109} INFO - [2025-05-31 12:08:10,764] {dag.py:2396} INFO - Sync 1 DAGs
[2025-05-31 12:08:10,786] {logging_mixin.py:109} INFO - [2025-05-31 12:08:10,786] {dag.py:2935} INFO - Setting next_dagrun for example_xcom to 2021-01-01T00:00:00+00:00
[2025-05-31 12:08:10,801] {processor.py:171} INFO - Processing /home/airflow/.local/lib/python3.6/site-packages/airflow/example_dags/example_xcom.py took 0.415 seconds
[2025-05-31 12:08:41,132] {processor.py:163} INFO - Started process (PID=30374) to work on /home/airflow/.local/lib/python3.6/site-packages/airflow/example_dags/example_xcom.py
[2025-05-31 12:08:41,134] {processor.py:642} INFO - Processing file /home/airflow/.local/lib/python3.6/site-packages/airflow/example_dags/example_xcom.py for tasks to queue
[2025-05-31 12:08:41,135] {logging_mixin.py:109} INFO - [2025-05-31 12:08:41,135] {dagbag.py:500} INFO - Filling up the DagBag from /home/airflow/.local/lib/python3.6/site-packages/airflow/example_dags/example_xcom.py
[2025-05-31 12:08:41,174] {processor.py:654} INFO - DAG(s) dict_keys(['example_xcom']) retrieved from /home/airflow/.local/lib/python3.6/site-packages/airflow/example_dags/example_xcom.py
[2025-05-31 12:08:41,186] {logging_mixin.py:109} INFO - [2025-05-31 12:08:41,186] {dag.py:2396} INFO - Sync 1 DAGs
[2025-05-31 12:08:41,206] {logging_mixin.py:109} INFO - [2025-05-31 12:08:41,206] {dag.py:2935} INFO - Setting next_dagrun for example_xcom to 2021-01-01T00:00:00+00:00
[2025-05-31 12:08:41,217] {processor.py:171} INFO - Processing /home/airflow/.local/lib/python3.6/site-packages/airflow/example_dags/example_xcom.py took 0.088 seconds
[2025-05-31 12:09:11,658] {processor.py:163} INFO - Started process (PID=30569) to work on /home/airflow/.local/lib/python3.6/site-packages/airflow/example_dags/example_xcom.py
[2025-05-31 12:09:11,659] {processor.py:642} INFO - Processing file /home/airflow/.local/lib/python3.6/site-packages/airflow/example_dags/example_xcom.py for tasks to queue
[2025-05-31 12:09:11,660] {logging_mixin.py:109} INFO - [2025-05-31 12:09:11,660] {dagbag.py:500} INFO - Filling up the DagBag from /home/airflow/.local/lib/python3.6/site-packages/airflow/example_dags/example_xcom.py
[2025-05-31 12:09:11,707] {processor.py:654} INFO - DAG(s) dict_keys(['example_xcom']) retrieved from /home/airflow/.local/lib/python3.6/site-packages/airflow/example_dags/example_xcom.py
[2025-05-31 12:09:12,022] {logging_mixin.py:109} INFO - [2025-05-31 12:09:12,022] {dag.py:2396} INFO - Sync 1 DAGs
[2025-05-31 12:09:12,047] {logging_mixin.py:109} INFO - [2025-05-31 12:09:12,047] {dag.py:2935} INFO - Setting next_dagrun for example_xcom to 2021-01-01T00:00:00+00:00
[2025-05-31 12:09:12,073] {processor.py:171} INFO - Processing /home/airflow/.local/lib/python3.6/site-packages/airflow/example_dags/example_xcom.py took 0.420 seconds
[2025-05-31 12:09:42,511] {processor.py:163} INFO - Started process (PID=30754) to work on /home/airflow/.local/lib/python3.6/site-packages/airflow/example_dags/example_xcom.py
[2025-05-31 12:09:42,513] {processor.py:642} INFO - Processing file /home/airflow/.local/lib/python3.6/site-packages/airflow/example_dags/example_xcom.py for tasks to queue
[2025-05-31 12:09:42,513] {logging_mixin.py:109} INFO - [2025-05-31 12:09:42,513] {dagbag.py:500} INFO - Filling up the DagBag from /home/airflow/.local/lib/python3.6/site-packages/airflow/example_dags/example_xcom.py
[2025-05-31 12:09:42,552] {processor.py:654} INFO - DAG(s) dict_keys(['example_xcom']) retrieved from /home/airflow/.local/lib/python3.6/site-packages/airflow/example_dags/example_xcom.py
[2025-05-31 12:09:42,801] {logging_mixin.py:109} INFO - [2025-05-31 12:09:42,801] {dag.py:2396} INFO - Sync 1 DAGs
[2025-05-31 12:09:42,823] {logging_mixin.py:109} INFO - [2025-05-31 12:09:42,823] {dag.py:2935} INFO - Setting next_dagrun for example_xcom to 2021-01-01T00:00:00+00:00
[2025-05-31 12:09:42,839] {processor.py:171} INFO - Processing /home/airflow/.local/lib/python3.6/site-packages/airflow/example_dags/example_xcom.py took 0.331 seconds
[2025-05-31 12:10:13,037] {processor.py:163} INFO - Started process (PID=30939) to work on /home/airflow/.local/lib/python3.6/site-packages/airflow/example_dags/example_xcom.py
[2025-05-31 12:10:13,038] {processor.py:642} INFO - Processing file /home/airflow/.local/lib/python3.6/site-packages/airflow/example_dags/example_xcom.py for tasks to queue
[2025-05-31 12:10:13,039] {logging_mixin.py:109} INFO - [2025-05-31 12:10:13,039] {dagbag.py:500} INFO - Filling up the DagBag from /home/airflow/.local/lib/python3.6/site-packages/airflow/example_dags/example_xcom.py
[2025-05-31 12:10:13,074] {processor.py:654} INFO - DAG(s) dict_keys(['example_xcom']) retrieved from /home/airflow/.local/lib/python3.6/site-packages/airflow/example_dags/example_xcom.py
[2025-05-31 12:10:13,085] {logging_mixin.py:109} INFO - [2025-05-31 12:10:13,085] {dag.py:2396} INFO - Sync 1 DAGs
[2025-05-31 12:10:13,103] {logging_mixin.py:109} INFO - [2025-05-31 12:10:13,103] {dag.py:2935} INFO - Setting next_dagrun for example_xcom to 2021-01-01T00:00:00+00:00
[2025-05-31 12:10:13,114] {processor.py:171} INFO - Processing /home/airflow/.local/lib/python3.6/site-packages/airflow/example_dags/example_xcom.py took 0.080 seconds
[2025-05-31 12:10:43,705] {processor.py:163} INFO - Started process (PID=31134) to work on /home/airflow/.local/lib/python3.6/site-packages/airflow/example_dags/example_xcom.py
[2025-05-31 12:10:43,707] {processor.py:642} INFO - Processing file /home/airflow/.local/lib/python3.6/site-packages/airflow/example_dags/example_xcom.py for tasks to queue
[2025-05-31 12:10:43,708] {logging_mixin.py:109} INFO - [2025-05-31 12:10:43,708] {dagbag.py:500} INFO - Filling up the DagBag from /home/airflow/.local/lib/python3.6/site-packages/airflow/example_dags/example_xcom.py
[2025-05-31 12:10:43,753] {processor.py:654} INFO - DAG(s) dict_keys(['example_xcom']) retrieved from /home/airflow/.local/lib/python3.6/site-packages/airflow/example_dags/example_xcom.py
[2025-05-31 12:10:44,049] {logging_mixin.py:109} INFO - [2025-05-31 12:10:44,049] {dag.py:2396} INFO - Sync 1 DAGs
[2025-05-31 12:10:44,071] {logging_mixin.py:109} INFO - [2025-05-31 12:10:44,071] {dag.py:2935} INFO - Setting next_dagrun for example_xcom to 2021-01-01T00:00:00+00:00
[2025-05-31 12:10:44,087] {processor.py:171} INFO - Processing /home/airflow/.local/lib/python3.6/site-packages/airflow/example_dags/example_xcom.py took 0.387 seconds
[2025-05-31 17:31:03,924] {processor.py:163} INFO - Started process (PID=179) to work on /home/airflow/.local/lib/python3.6/site-packages/airflow/example_dags/example_xcom.py
[2025-05-31 17:31:03,929] {processor.py:642} INFO - Processing file /home/airflow/.local/lib/python3.6/site-packages/airflow/example_dags/example_xcom.py for tasks to queue
[2025-05-31 17:31:03,931] {logging_mixin.py:109} INFO - [2025-05-31 17:31:03,931] {dagbag.py:500} INFO - Filling up the DagBag from /home/airflow/.local/lib/python3.6/site-packages/airflow/example_dags/example_xcom.py
[2025-05-31 17:31:04,144] {processor.py:654} INFO - DAG(s) dict_keys(['example_xcom']) retrieved from /home/airflow/.local/lib/python3.6/site-packages/airflow/example_dags/example_xcom.py
[2025-05-31 17:31:05,658] {logging_mixin.py:109} INFO - [2025-05-31 17:31:05,658] {dag.py:2396} INFO - Sync 1 DAGs
[2025-05-31 17:31:05,690] {logging_mixin.py:109} INFO - [2025-05-31 17:31:05,690] {dag.py:2935} INFO - Setting next_dagrun for example_xcom to 2021-01-01T00:00:00+00:00
[2025-05-31 17:31:05,714] {processor.py:171} INFO - Processing /home/airflow/.local/lib/python3.6/site-packages/airflow/example_dags/example_xcom.py took 1.802 seconds
[2025-05-31 17:31:36,058] {processor.py:163} INFO - Started process (PID=374) to work on /home/airflow/.local/lib/python3.6/site-packages/airflow/example_dags/example_xcom.py
[2025-05-31 17:31:36,072] {processor.py:642} INFO - Processing file /home/airflow/.local/lib/python3.6/site-packages/airflow/example_dags/example_xcom.py for tasks to queue
[2025-05-31 17:31:36,082] {logging_mixin.py:109} INFO - [2025-05-31 17:31:36,082] {dagbag.py:500} INFO - Filling up the DagBag from /home/airflow/.local/lib/python3.6/site-packages/airflow/example_dags/example_xcom.py
[2025-05-31 17:31:36,336] {processor.py:654} INFO - DAG(s) dict_keys(['example_xcom']) retrieved from /home/airflow/.local/lib/python3.6/site-packages/airflow/example_dags/example_xcom.py
[2025-05-31 17:31:37,452] {logging_mixin.py:109} INFO - [2025-05-31 17:31:37,452] {dag.py:2396} INFO - Sync 1 DAGs
[2025-05-31 17:31:37,496] {logging_mixin.py:109} INFO - [2025-05-31 17:31:37,496] {dag.py:2935} INFO - Setting next_dagrun for example_xcom to 2021-01-01T00:00:00+00:00
[2025-05-31 17:31:37,533] {processor.py:171} INFO - Processing /home/airflow/.local/lib/python3.6/site-packages/airflow/example_dags/example_xcom.py took 1.484 seconds
[2025-05-31 17:32:07,837] {processor.py:163} INFO - Started process (PID=561) to work on /home/airflow/.local/lib/python3.6/site-packages/airflow/example_dags/example_xcom.py
[2025-05-31 17:32:07,839] {processor.py:642} INFO - Processing file /home/airflow/.local/lib/python3.6/site-packages/airflow/example_dags/example_xcom.py for tasks to queue
[2025-05-31 17:32:07,840] {logging_mixin.py:109} INFO - [2025-05-31 17:32:07,840] {dagbag.py:500} INFO - Filling up the DagBag from /home/airflow/.local/lib/python3.6/site-packages/airflow/example_dags/example_xcom.py
[2025-05-31 17:32:07,902] {processor.py:654} INFO - DAG(s) dict_keys(['example_xcom']) retrieved from /home/airflow/.local/lib/python3.6/site-packages/airflow/example_dags/example_xcom.py
[2025-05-31 17:32:08,502] {logging_mixin.py:109} INFO - [2025-05-31 17:32:08,502] {dag.py:2396} INFO - Sync 1 DAGs
[2025-05-31 17:32:08,535] {logging_mixin.py:109} INFO - [2025-05-31 17:32:08,535] {dag.py:2935} INFO - Setting next_dagrun for example_xcom to 2021-01-01T00:00:00+00:00
[2025-05-31 17:32:08,559] {processor.py:171} INFO - Processing /home/airflow/.local/lib/python3.6/site-packages/airflow/example_dags/example_xcom.py took 0.727 seconds
[2025-05-31 17:32:38,842] {processor.py:163} INFO - Started process (PID=759) to work on /home/airflow/.local/lib/python3.6/site-packages/airflow/example_dags/example_xcom.py
[2025-05-31 17:32:38,844] {processor.py:642} INFO - Processing file /home/airflow/.local/lib/python3.6/site-packages/airflow/example_dags/example_xcom.py for tasks to queue
[2025-05-31 17:32:38,846] {logging_mixin.py:109} INFO - [2025-05-31 17:32:38,846] {dagbag.py:500} INFO - Filling up the DagBag from /home/airflow/.local/lib/python3.6/site-packages/airflow/example_dags/example_xcom.py
[2025-05-31 17:32:38,994] {processor.py:654} INFO - DAG(s) dict_keys(['example_xcom']) retrieved from /home/airflow/.local/lib/python3.6/site-packages/airflow/example_dags/example_xcom.py
[2025-05-31 17:32:39,832] {logging_mixin.py:109} INFO - [2025-05-31 17:32:39,832] {dag.py:2396} INFO - Sync 1 DAGs
[2025-05-31 17:32:39,868] {logging_mixin.py:109} INFO - [2025-05-31 17:32:39,867] {dag.py:2935} INFO - Setting next_dagrun for example_xcom to 2021-01-01T00:00:00+00:00
[2025-05-31 17:32:39,894] {processor.py:171} INFO - Processing /home/airflow/.local/lib/python3.6/site-packages/airflow/example_dags/example_xcom.py took 1.061 seconds
[2025-05-31 17:33:10,019] {processor.py:163} INFO - Started process (PID=952) to work on /home/airflow/.local/lib/python3.6/site-packages/airflow/example_dags/example_xcom.py
[2025-05-31 17:33:10,040] {processor.py:642} INFO - Processing file /home/airflow/.local/lib/python3.6/site-packages/airflow/example_dags/example_xcom.py for tasks to queue
[2025-05-31 17:33:10,051] {logging_mixin.py:109} INFO - [2025-05-31 17:33:10,051] {dagbag.py:500} INFO - Filling up the DagBag from /home/airflow/.local/lib/python3.6/site-packages/airflow/example_dags/example_xcom.py
[2025-05-31 17:33:10,131] {processor.py:654} INFO - DAG(s) dict_keys(['example_xcom']) retrieved from /home/airflow/.local/lib/python3.6/site-packages/airflow/example_dags/example_xcom.py
[2025-05-31 17:33:10,807] {logging_mixin.py:109} INFO - [2025-05-31 17:33:10,807] {dag.py:2396} INFO - Sync 1 DAGs
[2025-05-31 17:33:10,849] {logging_mixin.py:109} INFO - [2025-05-31 17:33:10,849] {dag.py:2935} INFO - Setting next_dagrun for example_xcom to 2021-01-01T00:00:00+00:00
[2025-05-31 17:33:10,869] {processor.py:171} INFO - Processing /home/airflow/.local/lib/python3.6/site-packages/airflow/example_dags/example_xcom.py took 0.857 seconds
[2025-05-31 17:33:41,720] {processor.py:163} INFO - Started process (PID=1151) to work on /home/airflow/.local/lib/python3.6/site-packages/airflow/example_dags/example_xcom.py
[2025-05-31 17:33:41,723] {processor.py:642} INFO - Processing file /home/airflow/.local/lib/python3.6/site-packages/airflow/example_dags/example_xcom.py for tasks to queue
[2025-05-31 17:33:41,725] {logging_mixin.py:109} INFO - [2025-05-31 17:33:41,725] {dagbag.py:500} INFO - Filling up the DagBag from /home/airflow/.local/lib/python3.6/site-packages/airflow/example_dags/example_xcom.py
[2025-05-31 17:33:41,785] {processor.py:654} INFO - DAG(s) dict_keys(['example_xcom']) retrieved from /home/airflow/.local/lib/python3.6/site-packages/airflow/example_dags/example_xcom.py
[2025-05-31 17:33:42,286] {logging_mixin.py:109} INFO - [2025-05-31 17:33:42,286] {dag.py:2396} INFO - Sync 1 DAGs
[2025-05-31 17:33:42,314] {logging_mixin.py:109} INFO - [2025-05-31 17:33:42,314] {dag.py:2935} INFO - Setting next_dagrun for example_xcom to 2021-01-01T00:00:00+00:00
[2025-05-31 17:33:42,334] {processor.py:171} INFO - Processing /home/airflow/.local/lib/python3.6/site-packages/airflow/example_dags/example_xcom.py took 0.767 seconds
[2025-05-31 17:34:12,959] {processor.py:163} INFO - Started process (PID=1344) to work on /home/airflow/.local/lib/python3.6/site-packages/airflow/example_dags/example_xcom.py
[2025-05-31 17:34:12,968] {processor.py:642} INFO - Processing file /home/airflow/.local/lib/python3.6/site-packages/airflow/example_dags/example_xcom.py for tasks to queue
[2025-05-31 17:34:12,971] {logging_mixin.py:109} INFO - [2025-05-31 17:34:12,971] {dagbag.py:500} INFO - Filling up the DagBag from /home/airflow/.local/lib/python3.6/site-packages/airflow/example_dags/example_xcom.py
[2025-05-31 17:34:13,078] {processor.py:654} INFO - DAG(s) dict_keys(['example_xcom']) retrieved from /home/airflow/.local/lib/python3.6/site-packages/airflow/example_dags/example_xcom.py
[2025-05-31 17:34:13,853] {logging_mixin.py:109} INFO - [2025-05-31 17:34:13,853] {dag.py:2396} INFO - Sync 1 DAGs
[2025-05-31 17:34:13,896] {logging_mixin.py:109} INFO - [2025-05-31 17:34:13,896] {dag.py:2935} INFO - Setting next_dagrun for example_xcom to 2021-01-01T00:00:00+00:00
[2025-05-31 17:34:13,927] {processor.py:171} INFO - Processing /home/airflow/.local/lib/python3.6/site-packages/airflow/example_dags/example_xcom.py took 0.978 seconds
[2025-05-31 17:34:44,253] {processor.py:163} INFO - Started process (PID=1538) to work on /home/airflow/.local/lib/python3.6/site-packages/airflow/example_dags/example_xcom.py
[2025-05-31 17:34:44,255] {processor.py:642} INFO - Processing file /home/airflow/.local/lib/python3.6/site-packages/airflow/example_dags/example_xcom.py for tasks to queue
[2025-05-31 17:34:44,257] {logging_mixin.py:109} INFO - [2025-05-31 17:34:44,257] {dagbag.py:500} INFO - Filling up the DagBag from /home/airflow/.local/lib/python3.6/site-packages/airflow/example_dags/example_xcom.py
[2025-05-31 17:34:44,356] {processor.py:654} INFO - DAG(s) dict_keys(['example_xcom']) retrieved from /home/airflow/.local/lib/python3.6/site-packages/airflow/example_dags/example_xcom.py
[2025-05-31 17:34:44,391] {logging_mixin.py:109} INFO - [2025-05-31 17:34:44,391] {dag.py:2396} INFO - Sync 1 DAGs
[2025-05-31 17:34:44,474] {logging_mixin.py:109} INFO - [2025-05-31 17:34:44,473] {dag.py:2935} INFO - Setting next_dagrun for example_xcom to 2021-01-01T00:00:00+00:00
[2025-05-31 17:34:44,546] {processor.py:171} INFO - Processing /home/airflow/.local/lib/python3.6/site-packages/airflow/example_dags/example_xcom.py took 0.301 seconds
[2025-05-31 17:35:14,789] {processor.py:163} INFO - Started process (PID=1718) to work on /home/airflow/.local/lib/python3.6/site-packages/airflow/example_dags/example_xcom.py
[2025-05-31 17:35:14,793] {processor.py:642} INFO - Processing file /home/airflow/.local/lib/python3.6/site-packages/airflow/example_dags/example_xcom.py for tasks to queue
[2025-05-31 17:35:14,795] {logging_mixin.py:109} INFO - [2025-05-31 17:35:14,795] {dagbag.py:500} INFO - Filling up the DagBag from /home/airflow/.local/lib/python3.6/site-packages/airflow/example_dags/example_xcom.py
[2025-05-31 17:35:14,911] {processor.py:654} INFO - DAG(s) dict_keys(['example_xcom']) retrieved from /home/airflow/.local/lib/python3.6/site-packages/airflow/example_dags/example_xcom.py
[2025-05-31 17:35:15,798] {logging_mixin.py:109} INFO - [2025-05-31 17:35:15,797] {dag.py:2396} INFO - Sync 1 DAGs
[2025-05-31 17:35:15,846] {logging_mixin.py:109} INFO - [2025-05-31 17:35:15,846] {dag.py:2935} INFO - Setting next_dagrun for example_xcom to 2021-01-01T00:00:00+00:00
[2025-05-31 17:35:15,880] {processor.py:171} INFO - Processing /home/airflow/.local/lib/python3.6/site-packages/airflow/example_dags/example_xcom.py took 1.096 seconds
[2025-05-31 17:35:46,091] {processor.py:163} INFO - Started process (PID=1898) to work on /home/airflow/.local/lib/python3.6/site-packages/airflow/example_dags/example_xcom.py
[2025-05-31 17:35:46,095] {processor.py:642} INFO - Processing file /home/airflow/.local/lib/python3.6/site-packages/airflow/example_dags/example_xcom.py for tasks to queue
[2025-05-31 17:35:46,100] {logging_mixin.py:109} INFO - [2025-05-31 17:35:46,100] {dagbag.py:500} INFO - Filling up the DagBag from /home/airflow/.local/lib/python3.6/site-packages/airflow/example_dags/example_xcom.py
[2025-05-31 17:35:46,206] {processor.py:654} INFO - DAG(s) dict_keys(['example_xcom']) retrieved from /home/airflow/.local/lib/python3.6/site-packages/airflow/example_dags/example_xcom.py
[2025-05-31 17:35:47,038] {logging_mixin.py:109} INFO - [2025-05-31 17:35:47,037] {dag.py:2396} INFO - Sync 1 DAGs
[2025-05-31 17:35:47,082] {logging_mixin.py:109} INFO - [2025-05-31 17:35:47,081] {dag.py:2935} INFO - Setting next_dagrun for example_xcom to 2021-01-01T00:00:00+00:00
[2025-05-31 17:35:47,151] {processor.py:171} INFO - Processing /home/airflow/.local/lib/python3.6/site-packages/airflow/example_dags/example_xcom.py took 1.074 seconds
[2025-05-31 17:36:17,733] {processor.py:163} INFO - Started process (PID=2130) to work on /home/airflow/.local/lib/python3.6/site-packages/airflow/example_dags/example_xcom.py
[2025-05-31 17:36:17,736] {processor.py:642} INFO - Processing file /home/airflow/.local/lib/python3.6/site-packages/airflow/example_dags/example_xcom.py for tasks to queue
[2025-05-31 17:36:17,737] {logging_mixin.py:109} INFO - [2025-05-31 17:36:17,737] {dagbag.py:500} INFO - Filling up the DagBag from /home/airflow/.local/lib/python3.6/site-packages/airflow/example_dags/example_xcom.py
[2025-05-31 17:36:17,796] {processor.py:654} INFO - DAG(s) dict_keys(['example_xcom']) retrieved from /home/airflow/.local/lib/python3.6/site-packages/airflow/example_dags/example_xcom.py
[2025-05-31 17:36:18,326] {logging_mixin.py:109} INFO - [2025-05-31 17:36:18,326] {dag.py:2396} INFO - Sync 1 DAGs
[2025-05-31 17:36:18,352] {logging_mixin.py:109} INFO - [2025-05-31 17:36:18,352] {dag.py:2935} INFO - Setting next_dagrun for example_xcom to 2021-01-01T00:00:00+00:00
[2025-05-31 17:36:18,372] {processor.py:171} INFO - Processing /home/airflow/.local/lib/python3.6/site-packages/airflow/example_dags/example_xcom.py took 0.644 seconds
[2025-05-31 17:36:49,114] {processor.py:163} INFO - Started process (PID=2322) to work on /home/airflow/.local/lib/python3.6/site-packages/airflow/example_dags/example_xcom.py
[2025-05-31 17:36:49,116] {processor.py:642} INFO - Processing file /home/airflow/.local/lib/python3.6/site-packages/airflow/example_dags/example_xcom.py for tasks to queue
[2025-05-31 17:36:49,118] {logging_mixin.py:109} INFO - [2025-05-31 17:36:49,118] {dagbag.py:500} INFO - Filling up the DagBag from /home/airflow/.local/lib/python3.6/site-packages/airflow/example_dags/example_xcom.py
[2025-05-31 17:36:49,197] {processor.py:654} INFO - DAG(s) dict_keys(['example_xcom']) retrieved from /home/airflow/.local/lib/python3.6/site-packages/airflow/example_dags/example_xcom.py
[2025-05-31 17:36:49,836] {logging_mixin.py:109} INFO - [2025-05-31 17:36:49,836] {dag.py:2396} INFO - Sync 1 DAGs
[2025-05-31 17:36:49,872] {logging_mixin.py:109} INFO - [2025-05-31 17:36:49,871] {dag.py:2935} INFO - Setting next_dagrun for example_xcom to 2021-01-01T00:00:00+00:00
[2025-05-31 17:36:49,896] {processor.py:171} INFO - Processing /home/airflow/.local/lib/python3.6/site-packages/airflow/example_dags/example_xcom.py took 0.788 seconds
[2025-05-31 17:37:20,604] {processor.py:163} INFO - Started process (PID=2515) to work on /home/airflow/.local/lib/python3.6/site-packages/airflow/example_dags/example_xcom.py
[2025-05-31 17:37:20,608] {processor.py:642} INFO - Processing file /home/airflow/.local/lib/python3.6/site-packages/airflow/example_dags/example_xcom.py for tasks to queue
[2025-05-31 17:37:20,609] {logging_mixin.py:109} INFO - [2025-05-31 17:37:20,609] {dagbag.py:500} INFO - Filling up the DagBag from /home/airflow/.local/lib/python3.6/site-packages/airflow/example_dags/example_xcom.py
[2025-05-31 17:37:20,711] {processor.py:654} INFO - DAG(s) dict_keys(['example_xcom']) retrieved from /home/airflow/.local/lib/python3.6/site-packages/airflow/example_dags/example_xcom.py
[2025-05-31 17:37:21,670] {logging_mixin.py:109} INFO - [2025-05-31 17:37:21,670] {dag.py:2396} INFO - Sync 1 DAGs
[2025-05-31 17:37:21,704] {logging_mixin.py:109} INFO - [2025-05-31 17:37:21,704] {dag.py:2935} INFO - Setting next_dagrun for example_xcom to 2021-01-01T00:00:00+00:00
[2025-05-31 17:37:21,729] {processor.py:171} INFO - Processing /home/airflow/.local/lib/python3.6/site-packages/airflow/example_dags/example_xcom.py took 1.132 seconds
[2025-05-31 17:37:52,307] {processor.py:163} INFO - Started process (PID=2708) to work on /home/airflow/.local/lib/python3.6/site-packages/airflow/example_dags/example_xcom.py
[2025-05-31 17:37:52,310] {processor.py:642} INFO - Processing file /home/airflow/.local/lib/python3.6/site-packages/airflow/example_dags/example_xcom.py for tasks to queue
[2025-05-31 17:37:52,313] {logging_mixin.py:109} INFO - [2025-05-31 17:37:52,312] {dagbag.py:500} INFO - Filling up the DagBag from /home/airflow/.local/lib/python3.6/site-packages/airflow/example_dags/example_xcom.py
[2025-05-31 17:37:52,399] {processor.py:654} INFO - DAG(s) dict_keys(['example_xcom']) retrieved from /home/airflow/.local/lib/python3.6/site-packages/airflow/example_dags/example_xcom.py
[2025-05-31 17:37:52,426] {logging_mixin.py:109} INFO - [2025-05-31 17:37:52,426] {dag.py:2396} INFO - Sync 1 DAGs
[2025-05-31 17:37:52,470] {logging_mixin.py:109} INFO - [2025-05-31 17:37:52,469] {dag.py:2935} INFO - Setting next_dagrun for example_xcom to 2021-01-01T00:00:00+00:00
[2025-05-31 17:37:52,493] {processor.py:171} INFO - Processing /home/airflow/.local/lib/python3.6/site-packages/airflow/example_dags/example_xcom.py took 0.196 seconds
[2025-05-31 17:38:23,114] {processor.py:163} INFO - Started process (PID=2901) to work on /home/airflow/.local/lib/python3.6/site-packages/airflow/example_dags/example_xcom.py
[2025-05-31 17:38:23,117] {processor.py:642} INFO - Processing file /home/airflow/.local/lib/python3.6/site-packages/airflow/example_dags/example_xcom.py for tasks to queue
[2025-05-31 17:38:23,119] {logging_mixin.py:109} INFO - [2025-05-31 17:38:23,119] {dagbag.py:500} INFO - Filling up the DagBag from /home/airflow/.local/lib/python3.6/site-packages/airflow/example_dags/example_xcom.py
[2025-05-31 17:38:23,203] {processor.py:654} INFO - DAG(s) dict_keys(['example_xcom']) retrieved from /home/airflow/.local/lib/python3.6/site-packages/airflow/example_dags/example_xcom.py
[2025-05-31 17:38:23,914] {logging_mixin.py:109} INFO - [2025-05-31 17:38:23,914] {dag.py:2396} INFO - Sync 1 DAGs
[2025-05-31 17:38:23,948] {logging_mixin.py:109} INFO - [2025-05-31 17:38:23,948] {dag.py:2935} INFO - Setting next_dagrun for example_xcom to 2021-01-01T00:00:00+00:00
[2025-05-31 17:38:23,972] {processor.py:171} INFO - Processing /home/airflow/.local/lib/python3.6/site-packages/airflow/example_dags/example_xcom.py took 0.866 seconds
[2025-05-31 17:38:54,089] {processor.py:163} INFO - Started process (PID=3104) to work on /home/airflow/.local/lib/python3.6/site-packages/airflow/example_dags/example_xcom.py
[2025-05-31 17:38:54,092] {processor.py:642} INFO - Processing file /home/airflow/.local/lib/python3.6/site-packages/airflow/example_dags/example_xcom.py for tasks to queue
[2025-05-31 17:38:54,093] {logging_mixin.py:109} INFO - [2025-05-31 17:38:54,093] {dagbag.py:500} INFO - Filling up the DagBag from /home/airflow/.local/lib/python3.6/site-packages/airflow/example_dags/example_xcom.py
[2025-05-31 17:38:54,163] {processor.py:654} INFO - DAG(s) dict_keys(['example_xcom']) retrieved from /home/airflow/.local/lib/python3.6/site-packages/airflow/example_dags/example_xcom.py
[2025-05-31 17:38:54,884] {logging_mixin.py:109} INFO - [2025-05-31 17:38:54,884] {dag.py:2396} INFO - Sync 1 DAGs
[2025-05-31 17:38:54,917] {logging_mixin.py:109} INFO - [2025-05-31 17:38:54,917] {dag.py:2935} INFO - Setting next_dagrun for example_xcom to 2021-01-01T00:00:00+00:00
[2025-05-31 17:38:54,936] {processor.py:171} INFO - Processing /home/airflow/.local/lib/python3.6/site-packages/airflow/example_dags/example_xcom.py took 0.853 seconds
[2025-05-31 17:39:25,959] {processor.py:163} INFO - Started process (PID=3323) to work on /home/airflow/.local/lib/python3.6/site-packages/airflow/example_dags/example_xcom.py
[2025-05-31 17:39:25,987] {processor.py:642} INFO - Processing file /home/airflow/.local/lib/python3.6/site-packages/airflow/example_dags/example_xcom.py for tasks to queue
[2025-05-31 17:39:26,002] {logging_mixin.py:109} INFO - [2025-05-31 17:39:26,002] {dagbag.py:500} INFO - Filling up the DagBag from /home/airflow/.local/lib/python3.6/site-packages/airflow/example_dags/example_xcom.py
[2025-05-31 17:39:26,214] {processor.py:654} INFO - DAG(s) dict_keys(['example_xcom']) retrieved from /home/airflow/.local/lib/python3.6/site-packages/airflow/example_dags/example_xcom.py
[2025-05-31 17:39:27,175] {logging_mixin.py:109} INFO - [2025-05-31 17:39:27,174] {dag.py:2396} INFO - Sync 1 DAGs
[2025-05-31 17:39:27,207] {logging_mixin.py:109} INFO - [2025-05-31 17:39:27,207] {dag.py:2935} INFO - Setting next_dagrun for example_xcom to 2021-01-01T00:00:00+00:00
[2025-05-31 17:39:27,228] {processor.py:171} INFO - Processing /home/airflow/.local/lib/python3.6/site-packages/airflow/example_dags/example_xcom.py took 1.285 seconds
[2025-05-31 17:39:57,328] {processor.py:163} INFO - Started process (PID=3516) to work on /home/airflow/.local/lib/python3.6/site-packages/airflow/example_dags/example_xcom.py
[2025-05-31 17:39:57,331] {processor.py:642} INFO - Processing file /home/airflow/.local/lib/python3.6/site-packages/airflow/example_dags/example_xcom.py for tasks to queue
[2025-05-31 17:39:57,334] {logging_mixin.py:109} INFO - [2025-05-31 17:39:57,334] {dagbag.py:500} INFO - Filling up the DagBag from /home/airflow/.local/lib/python3.6/site-packages/airflow/example_dags/example_xcom.py
[2025-05-31 17:39:57,509] {processor.py:654} INFO - DAG(s) dict_keys(['example_xcom']) retrieved from /home/airflow/.local/lib/python3.6/site-packages/airflow/example_dags/example_xcom.py
[2025-05-31 17:39:58,234] {logging_mixin.py:109} INFO - [2025-05-31 17:39:58,234] {dag.py:2396} INFO - Sync 1 DAGs
[2025-05-31 17:39:58,262] {logging_mixin.py:109} INFO - [2025-05-31 17:39:58,262] {dag.py:2935} INFO - Setting next_dagrun for example_xcom to 2021-01-01T00:00:00+00:00
[2025-05-31 17:39:58,286] {processor.py:171} INFO - Processing /home/airflow/.local/lib/python3.6/site-packages/airflow/example_dags/example_xcom.py took 0.966 seconds
[2025-05-31 17:40:29,163] {processor.py:163} INFO - Started process (PID=3709) to work on /home/airflow/.local/lib/python3.6/site-packages/airflow/example_dags/example_xcom.py
[2025-05-31 17:40:29,167] {processor.py:642} INFO - Processing file /home/airflow/.local/lib/python3.6/site-packages/airflow/example_dags/example_xcom.py for tasks to queue
[2025-05-31 17:40:29,169] {logging_mixin.py:109} INFO - [2025-05-31 17:40:29,169] {dagbag.py:500} INFO - Filling up the DagBag from /home/airflow/.local/lib/python3.6/site-packages/airflow/example_dags/example_xcom.py
[2025-05-31 17:40:29,257] {processor.py:654} INFO - DAG(s) dict_keys(['example_xcom']) retrieved from /home/airflow/.local/lib/python3.6/site-packages/airflow/example_dags/example_xcom.py
[2025-05-31 17:40:29,793] {logging_mixin.py:109} INFO - [2025-05-31 17:40:29,793] {dag.py:2396} INFO - Sync 1 DAGs
[2025-05-31 17:40:29,826] {logging_mixin.py:109} INFO - [2025-05-31 17:40:29,826] {dag.py:2935} INFO - Setting next_dagrun for example_xcom to 2021-01-01T00:00:00+00:00
[2025-05-31 17:40:29,859] {processor.py:171} INFO - Processing /home/airflow/.local/lib/python3.6/site-packages/airflow/example_dags/example_xcom.py took 0.704 seconds
[2025-05-31 17:41:00,192] {processor.py:163} INFO - Started process (PID=3903) to work on /home/airflow/.local/lib/python3.6/site-packages/airflow/example_dags/example_xcom.py
[2025-05-31 17:41:00,195] {processor.py:642} INFO - Processing file /home/airflow/.local/lib/python3.6/site-packages/airflow/example_dags/example_xcom.py for tasks to queue
[2025-05-31 17:41:00,198] {logging_mixin.py:109} INFO - [2025-05-31 17:41:00,197] {dagbag.py:500} INFO - Filling up the DagBag from /home/airflow/.local/lib/python3.6/site-packages/airflow/example_dags/example_xcom.py
[2025-05-31 17:41:00,339] {processor.py:654} INFO - DAG(s) dict_keys(['example_xcom']) retrieved from /home/airflow/.local/lib/python3.6/site-packages/airflow/example_dags/example_xcom.py
[2025-05-31 17:41:01,250] {logging_mixin.py:109} INFO - [2025-05-31 17:41:01,250] {dag.py:2396} INFO - Sync 1 DAGs
[2025-05-31 17:41:01,294] {logging_mixin.py:109} INFO - [2025-05-31 17:41:01,293] {dag.py:2935} INFO - Setting next_dagrun for example_xcom to 2021-01-01T00:00:00+00:00
[2025-05-31 17:41:01,325] {processor.py:171} INFO - Processing /home/airflow/.local/lib/python3.6/site-packages/airflow/example_dags/example_xcom.py took 1.143 seconds
[2025-05-31 17:41:31,633] {processor.py:163} INFO - Started process (PID=4094) to work on /home/airflow/.local/lib/python3.6/site-packages/airflow/example_dags/example_xcom.py
[2025-05-31 17:41:31,638] {processor.py:642} INFO - Processing file /home/airflow/.local/lib/python3.6/site-packages/airflow/example_dags/example_xcom.py for tasks to queue
[2025-05-31 17:41:31,641] {logging_mixin.py:109} INFO - [2025-05-31 17:41:31,641] {dagbag.py:500} INFO - Filling up the DagBag from /home/airflow/.local/lib/python3.6/site-packages/airflow/example_dags/example_xcom.py
[2025-05-31 17:41:31,765] {processor.py:654} INFO - DAG(s) dict_keys(['example_xcom']) retrieved from /home/airflow/.local/lib/python3.6/site-packages/airflow/example_dags/example_xcom.py
[2025-05-31 17:41:32,518] {logging_mixin.py:109} INFO - [2025-05-31 17:41:32,518] {dag.py:2396} INFO - Sync 1 DAGs
[2025-05-31 17:41:32,572] {logging_mixin.py:109} INFO - [2025-05-31 17:41:32,571] {dag.py:2935} INFO - Setting next_dagrun for example_xcom to 2021-01-01T00:00:00+00:00
[2025-05-31 17:41:32,612] {processor.py:171} INFO - Processing /home/airflow/.local/lib/python3.6/site-packages/airflow/example_dags/example_xcom.py took 0.990 seconds
[2025-05-31 17:42:03,539] {processor.py:163} INFO - Started process (PID=4286) to work on /home/airflow/.local/lib/python3.6/site-packages/airflow/example_dags/example_xcom.py
[2025-05-31 17:42:03,543] {processor.py:642} INFO - Processing file /home/airflow/.local/lib/python3.6/site-packages/airflow/example_dags/example_xcom.py for tasks to queue
[2025-05-31 17:42:03,547] {logging_mixin.py:109} INFO - [2025-05-31 17:42:03,546] {dagbag.py:500} INFO - Filling up the DagBag from /home/airflow/.local/lib/python3.6/site-packages/airflow/example_dags/example_xcom.py
[2025-05-31 17:42:03,688] {processor.py:654} INFO - DAG(s) dict_keys(['example_xcom']) retrieved from /home/airflow/.local/lib/python3.6/site-packages/airflow/example_dags/example_xcom.py
[2025-05-31 17:42:04,791] {logging_mixin.py:109} INFO - [2025-05-31 17:42:04,790] {dag.py:2396} INFO - Sync 1 DAGs
[2025-05-31 17:42:04,839] {logging_mixin.py:109} INFO - [2025-05-31 17:42:04,839] {dag.py:2935} INFO - Setting next_dagrun for example_xcom to 2021-01-01T00:00:00+00:00
[2025-05-31 17:42:04,874] {processor.py:171} INFO - Processing /home/airflow/.local/lib/python3.6/site-packages/airflow/example_dags/example_xcom.py took 1.347 seconds
[2025-05-31 17:42:35,869] {processor.py:163} INFO - Started process (PID=4470) to work on /home/airflow/.local/lib/python3.6/site-packages/airflow/example_dags/example_xcom.py
[2025-05-31 17:42:35,873] {processor.py:642} INFO - Processing file /home/airflow/.local/lib/python3.6/site-packages/airflow/example_dags/example_xcom.py for tasks to queue
[2025-05-31 17:42:35,875] {logging_mixin.py:109} INFO - [2025-05-31 17:42:35,875] {dagbag.py:500} INFO - Filling up the DagBag from /home/airflow/.local/lib/python3.6/site-packages/airflow/example_dags/example_xcom.py
[2025-05-31 17:42:35,952] {processor.py:654} INFO - DAG(s) dict_keys(['example_xcom']) retrieved from /home/airflow/.local/lib/python3.6/site-packages/airflow/example_dags/example_xcom.py
[2025-05-31 17:42:36,715] {logging_mixin.py:109} INFO - [2025-05-31 17:42:36,714] {dag.py:2396} INFO - Sync 1 DAGs
[2025-05-31 17:42:36,756] {logging_mixin.py:109} INFO - [2025-05-31 17:42:36,755] {dag.py:2935} INFO - Setting next_dagrun for example_xcom to 2021-01-01T00:00:00+00:00
[2025-05-31 17:42:36,789] {processor.py:171} INFO - Processing /home/airflow/.local/lib/python3.6/site-packages/airflow/example_dags/example_xcom.py took 0.929 seconds
[2025-05-31 17:43:07,295] {processor.py:163} INFO - Started process (PID=4652) to work on /home/airflow/.local/lib/python3.6/site-packages/airflow/example_dags/example_xcom.py
[2025-05-31 17:43:07,297] {processor.py:642} INFO - Processing file /home/airflow/.local/lib/python3.6/site-packages/airflow/example_dags/example_xcom.py for tasks to queue
[2025-05-31 17:43:07,299] {logging_mixin.py:109} INFO - [2025-05-31 17:43:07,299] {dagbag.py:500} INFO - Filling up the DagBag from /home/airflow/.local/lib/python3.6/site-packages/airflow/example_dags/example_xcom.py
[2025-05-31 17:43:07,372] {processor.py:654} INFO - DAG(s) dict_keys(['example_xcom']) retrieved from /home/airflow/.local/lib/python3.6/site-packages/airflow/example_dags/example_xcom.py
[2025-05-31 17:43:07,936] {logging_mixin.py:109} INFO - [2025-05-31 17:43:07,936] {dag.py:2396} INFO - Sync 1 DAGs
[2025-05-31 17:43:07,967] {logging_mixin.py:109} INFO - [2025-05-31 17:43:07,967] {dag.py:2935} INFO - Setting next_dagrun for example_xcom to 2021-01-01T00:00:00+00:00
[2025-05-31 17:43:07,997] {processor.py:171} INFO - Processing /home/airflow/.local/lib/python3.6/site-packages/airflow/example_dags/example_xcom.py took 0.709 seconds
[2025-05-31 17:43:38,248] {processor.py:163} INFO - Started process (PID=4845) to work on /home/airflow/.local/lib/python3.6/site-packages/airflow/example_dags/example_xcom.py
[2025-05-31 17:43:38,251] {processor.py:642} INFO - Processing file /home/airflow/.local/lib/python3.6/site-packages/airflow/example_dags/example_xcom.py for tasks to queue
[2025-05-31 17:43:38,253] {logging_mixin.py:109} INFO - [2025-05-31 17:43:38,253] {dagbag.py:500} INFO - Filling up the DagBag from /home/airflow/.local/lib/python3.6/site-packages/airflow/example_dags/example_xcom.py
[2025-05-31 17:43:38,325] {processor.py:654} INFO - DAG(s) dict_keys(['example_xcom']) retrieved from /home/airflow/.local/lib/python3.6/site-packages/airflow/example_dags/example_xcom.py
[2025-05-31 17:43:38,826] {logging_mixin.py:109} INFO - [2025-05-31 17:43:38,826] {dag.py:2396} INFO - Sync 1 DAGs
[2025-05-31 17:43:38,861] {logging_mixin.py:109} INFO - [2025-05-31 17:43:38,861] {dag.py:2935} INFO - Setting next_dagrun for example_xcom to 2021-01-01T00:00:00+00:00
[2025-05-31 17:43:38,884] {processor.py:171} INFO - Processing /home/airflow/.local/lib/python3.6/site-packages/airflow/example_dags/example_xcom.py took 0.790 seconds
[2025-05-31 17:44:09,528] {processor.py:163} INFO - Started process (PID=5052) to work on /home/airflow/.local/lib/python3.6/site-packages/airflow/example_dags/example_xcom.py
[2025-05-31 17:44:09,534] {processor.py:642} INFO - Processing file /home/airflow/.local/lib/python3.6/site-packages/airflow/example_dags/example_xcom.py for tasks to queue
[2025-05-31 17:44:09,537] {logging_mixin.py:109} INFO - [2025-05-31 17:44:09,537] {dagbag.py:500} INFO - Filling up the DagBag from /home/airflow/.local/lib/python3.6/site-packages/airflow/example_dags/example_xcom.py
[2025-05-31 17:44:09,656] {processor.py:654} INFO - DAG(s) dict_keys(['example_xcom']) retrieved from /home/airflow/.local/lib/python3.6/site-packages/airflow/example_dags/example_xcom.py
[2025-05-31 17:44:10,667] {logging_mixin.py:109} INFO - [2025-05-31 17:44:10,666] {dag.py:2396} INFO - Sync 1 DAGs
[2025-05-31 17:44:10,719] {logging_mixin.py:109} INFO - [2025-05-31 17:44:10,719] {dag.py:2935} INFO - Setting next_dagrun for example_xcom to 2021-01-01T00:00:00+00:00
[2025-05-31 17:44:10,745] {processor.py:171} INFO - Processing /home/airflow/.local/lib/python3.6/site-packages/airflow/example_dags/example_xcom.py took 1.225 seconds
[2025-05-31 17:44:41,268] {processor.py:163} INFO - Started process (PID=5236) to work on /home/airflow/.local/lib/python3.6/site-packages/airflow/example_dags/example_xcom.py
[2025-05-31 17:44:41,271] {processor.py:642} INFO - Processing file /home/airflow/.local/lib/python3.6/site-packages/airflow/example_dags/example_xcom.py for tasks to queue
[2025-05-31 17:44:41,273] {logging_mixin.py:109} INFO - [2025-05-31 17:44:41,273] {dagbag.py:500} INFO - Filling up the DagBag from /home/airflow/.local/lib/python3.6/site-packages/airflow/example_dags/example_xcom.py
[2025-05-31 17:44:41,358] {processor.py:654} INFO - DAG(s) dict_keys(['example_xcom']) retrieved from /home/airflow/.local/lib/python3.6/site-packages/airflow/example_dags/example_xcom.py
[2025-05-31 17:44:41,875] {logging_mixin.py:109} INFO - [2025-05-31 17:44:41,875] {dag.py:2396} INFO - Sync 1 DAGs
[2025-05-31 17:44:41,903] {logging_mixin.py:109} INFO - [2025-05-31 17:44:41,902] {dag.py:2935} INFO - Setting next_dagrun for example_xcom to 2021-01-01T00:00:00+00:00
[2025-05-31 17:44:41,930] {processor.py:171} INFO - Processing /home/airflow/.local/lib/python3.6/site-packages/airflow/example_dags/example_xcom.py took 0.669 seconds
[2025-05-31 17:45:12,748] {processor.py:163} INFO - Started process (PID=5429) to work on /home/airflow/.local/lib/python3.6/site-packages/airflow/example_dags/example_xcom.py
[2025-05-31 17:45:12,751] {processor.py:642} INFO - Processing file /home/airflow/.local/lib/python3.6/site-packages/airflow/example_dags/example_xcom.py for tasks to queue
[2025-05-31 17:45:12,754] {logging_mixin.py:109} INFO - [2025-05-31 17:45:12,753] {dagbag.py:500} INFO - Filling up the DagBag from /home/airflow/.local/lib/python3.6/site-packages/airflow/example_dags/example_xcom.py
[2025-05-31 17:45:12,830] {processor.py:654} INFO - DAG(s) dict_keys(['example_xcom']) retrieved from /home/airflow/.local/lib/python3.6/site-packages/airflow/example_dags/example_xcom.py
[2025-05-31 17:45:13,946] {logging_mixin.py:109} INFO - [2025-05-31 17:45:13,946] {dag.py:2396} INFO - Sync 1 DAGs
[2025-05-31 17:45:13,989] {logging_mixin.py:109} INFO - [2025-05-31 17:45:13,989] {dag.py:2935} INFO - Setting next_dagrun for example_xcom to 2021-01-01T00:00:00+00:00
[2025-05-31 17:45:14,016] {processor.py:171} INFO - Processing /home/airflow/.local/lib/python3.6/site-packages/airflow/example_dags/example_xcom.py took 1.297 seconds
