[2025-05-31 10:45:50,736] {processor.py:163} INFO - Started process (PID=314) to work on /home/airflow/.local/lib/python3.6/site-packages/airflow/example_dags/example_branch_python_dop_operator_3.py
[2025-05-31 10:45:50,739] {processor.py:642} INFO - Processing file /home/airflow/.local/lib/python3.6/site-packages/airflow/example_dags/example_branch_python_dop_operator_3.py for tasks to queue
[2025-05-31 10:45:50,740] {logging_mixin.py:109} INFO - [2025-05-31 10:45:50,740] {dagbag.py:500} INFO - Filling up the DagBag from /home/airflow/.local/lib/python3.6/site-packages/airflow/example_dags/example_branch_python_dop_operator_3.py
[2025-05-31 10:45:50,802] {processor.py:654} INFO - DAG(s) dict_keys(['example_branch_dop_operator_v3']) retrieved from /home/airflow/.local/lib/python3.6/site-packages/airflow/example_dags/example_branch_python_dop_operator_3.py
[2025-05-31 10:45:50,827] {logging_mixin.py:109} INFO - [2025-05-31 10:45:50,826] {dag.py:2396} INFO - Sync 1 DAGs
[2025-05-31 10:45:50,877] {logging_mixin.py:109} INFO - [2025-05-31 10:45:50,877] {dag.py:2935} INFO - Setting next_dagrun for example_branch_dop_operator_v3 to 2025-05-31T10:44:00+00:00
[2025-05-31 10:45:50,911] {processor.py:171} INFO - Processing /home/airflow/.local/lib/python3.6/site-packages/airflow/example_dags/example_branch_python_dop_operator_3.py took 0.182 seconds
[2025-05-31 10:46:20,975] {processor.py:163} INFO - Started process (PID=489) to work on /home/airflow/.local/lib/python3.6/site-packages/airflow/example_dags/example_branch_python_dop_operator_3.py
[2025-05-31 10:46:20,976] {processor.py:642} INFO - Processing file /home/airflow/.local/lib/python3.6/site-packages/airflow/example_dags/example_branch_python_dop_operator_3.py for tasks to queue
[2025-05-31 10:46:20,977] {logging_mixin.py:109} INFO - [2025-05-31 10:46:20,977] {dagbag.py:500} INFO - Filling up the DagBag from /home/airflow/.local/lib/python3.6/site-packages/airflow/example_dags/example_branch_python_dop_operator_3.py
[2025-05-31 10:46:21,014] {processor.py:654} INFO - DAG(s) dict_keys(['example_branch_dop_operator_v3']) retrieved from /home/airflow/.local/lib/python3.6/site-packages/airflow/example_dags/example_branch_python_dop_operator_3.py
[2025-05-31 10:46:21,028] {logging_mixin.py:109} INFO - [2025-05-31 10:46:21,028] {dag.py:2396} INFO - Sync 1 DAGs
[2025-05-31 10:46:21,057] {logging_mixin.py:109} INFO - [2025-05-31 10:46:21,057] {dag.py:2935} INFO - Setting next_dagrun for example_branch_dop_operator_v3 to 2025-05-31T10:45:00+00:00
[2025-05-31 10:46:21,070] {processor.py:171} INFO - Processing /home/airflow/.local/lib/python3.6/site-packages/airflow/example_dags/example_branch_python_dop_operator_3.py took 0.102 seconds
[2025-05-31 10:46:51,764] {processor.py:163} INFO - Started process (PID=679) to work on /home/airflow/.local/lib/python3.6/site-packages/airflow/example_dags/example_branch_python_dop_operator_3.py
[2025-05-31 10:46:51,766] {processor.py:642} INFO - Processing file /home/airflow/.local/lib/python3.6/site-packages/airflow/example_dags/example_branch_python_dop_operator_3.py for tasks to queue
[2025-05-31 10:46:51,768] {logging_mixin.py:109} INFO - [2025-05-31 10:46:51,768] {dagbag.py:500} INFO - Filling up the DagBag from /home/airflow/.local/lib/python3.6/site-packages/airflow/example_dags/example_branch_python_dop_operator_3.py
[2025-05-31 10:46:51,825] {processor.py:654} INFO - DAG(s) dict_keys(['example_branch_dop_operator_v3']) retrieved from /home/airflow/.local/lib/python3.6/site-packages/airflow/example_dags/example_branch_python_dop_operator_3.py
[2025-05-31 10:46:51,846] {logging_mixin.py:109} INFO - [2025-05-31 10:46:51,846] {dag.py:2396} INFO - Sync 1 DAGs
[2025-05-31 10:46:51,886] {logging_mixin.py:109} INFO - [2025-05-31 10:46:51,886] {dag.py:2935} INFO - Setting next_dagrun for example_branch_dop_operator_v3 to 2025-05-31T10:45:00+00:00
[2025-05-31 10:46:51,901] {processor.py:171} INFO - Processing /home/airflow/.local/lib/python3.6/site-packages/airflow/example_dags/example_branch_python_dop_operator_3.py took 0.144 seconds
[2025-05-31 10:47:22,717] {processor.py:163} INFO - Started process (PID=859) to work on /home/airflow/.local/lib/python3.6/site-packages/airflow/example_dags/example_branch_python_dop_operator_3.py
[2025-05-31 10:47:22,719] {processor.py:642} INFO - Processing file /home/airflow/.local/lib/python3.6/site-packages/airflow/example_dags/example_branch_python_dop_operator_3.py for tasks to queue
[2025-05-31 10:47:22,721] {logging_mixin.py:109} INFO - [2025-05-31 10:47:22,721] {dagbag.py:500} INFO - Filling up the DagBag from /home/airflow/.local/lib/python3.6/site-packages/airflow/example_dags/example_branch_python_dop_operator_3.py
[2025-05-31 10:47:22,778] {processor.py:654} INFO - DAG(s) dict_keys(['example_branch_dop_operator_v3']) retrieved from /home/airflow/.local/lib/python3.6/site-packages/airflow/example_dags/example_branch_python_dop_operator_3.py
[2025-05-31 10:47:22,802] {logging_mixin.py:109} INFO - [2025-05-31 10:47:22,802] {dag.py:2396} INFO - Sync 1 DAGs
[2025-05-31 10:47:22,846] {logging_mixin.py:109} INFO - [2025-05-31 10:47:22,846] {dag.py:2935} INFO - Setting next_dagrun for example_branch_dop_operator_v3 to 2025-05-31T10:46:00+00:00
[2025-05-31 10:47:22,862] {processor.py:171} INFO - Processing /home/airflow/.local/lib/python3.6/site-packages/airflow/example_dags/example_branch_python_dop_operator_3.py took 0.150 seconds
[2025-05-31 10:47:53,278] {processor.py:163} INFO - Started process (PID=1047) to work on /home/airflow/.local/lib/python3.6/site-packages/airflow/example_dags/example_branch_python_dop_operator_3.py
[2025-05-31 10:47:53,280] {processor.py:642} INFO - Processing file /home/airflow/.local/lib/python3.6/site-packages/airflow/example_dags/example_branch_python_dop_operator_3.py for tasks to queue
[2025-05-31 10:47:53,282] {logging_mixin.py:109} INFO - [2025-05-31 10:47:53,281] {dagbag.py:500} INFO - Filling up the DagBag from /home/airflow/.local/lib/python3.6/site-packages/airflow/example_dags/example_branch_python_dop_operator_3.py
[2025-05-31 10:47:53,329] {processor.py:654} INFO - DAG(s) dict_keys(['example_branch_dop_operator_v3']) retrieved from /home/airflow/.local/lib/python3.6/site-packages/airflow/example_dags/example_branch_python_dop_operator_3.py
[2025-05-31 10:47:53,343] {logging_mixin.py:109} INFO - [2025-05-31 10:47:53,343] {dag.py:2396} INFO - Sync 1 DAGs
[2025-05-31 10:47:53,376] {logging_mixin.py:109} INFO - [2025-05-31 10:47:53,376] {dag.py:2935} INFO - Setting next_dagrun for example_branch_dop_operator_v3 to 2025-05-31T10:46:00+00:00
[2025-05-31 10:47:53,389] {processor.py:171} INFO - Processing /home/airflow/.local/lib/python3.6/site-packages/airflow/example_dags/example_branch_python_dop_operator_3.py took 0.116 seconds
[2025-05-31 10:48:25,351] {processor.py:163} INFO - Started process (PID=1230) to work on /home/airflow/.local/lib/python3.6/site-packages/airflow/example_dags/example_branch_python_dop_operator_3.py
[2025-05-31 10:48:25,353] {processor.py:642} INFO - Processing file /home/airflow/.local/lib/python3.6/site-packages/airflow/example_dags/example_branch_python_dop_operator_3.py for tasks to queue
[2025-05-31 10:48:25,354] {logging_mixin.py:109} INFO - [2025-05-31 10:48:25,354] {dagbag.py:500} INFO - Filling up the DagBag from /home/airflow/.local/lib/python3.6/site-packages/airflow/example_dags/example_branch_python_dop_operator_3.py
[2025-05-31 10:48:25,403] {processor.py:654} INFO - DAG(s) dict_keys(['example_branch_dop_operator_v3']) retrieved from /home/airflow/.local/lib/python3.6/site-packages/airflow/example_dags/example_branch_python_dop_operator_3.py
[2025-05-31 10:48:25,425] {logging_mixin.py:109} INFO - [2025-05-31 10:48:25,424] {dag.py:2396} INFO - Sync 1 DAGs
[2025-05-31 10:48:25,466] {logging_mixin.py:109} INFO - [2025-05-31 10:48:25,466] {dag.py:2935} INFO - Setting next_dagrun for example_branch_dop_operator_v3 to 2025-05-31T10:47:00+00:00
[2025-05-31 10:48:25,482] {processor.py:171} INFO - Processing /home/airflow/.local/lib/python3.6/site-packages/airflow/example_dags/example_branch_python_dop_operator_3.py took 0.138 seconds
[2025-05-31 10:48:56,584] {processor.py:163} INFO - Started process (PID=1415) to work on /home/airflow/.local/lib/python3.6/site-packages/airflow/example_dags/example_branch_python_dop_operator_3.py
[2025-05-31 10:48:56,586] {processor.py:642} INFO - Processing file /home/airflow/.local/lib/python3.6/site-packages/airflow/example_dags/example_branch_python_dop_operator_3.py for tasks to queue
[2025-05-31 10:48:56,588] {logging_mixin.py:109} INFO - [2025-05-31 10:48:56,588] {dagbag.py:500} INFO - Filling up the DagBag from /home/airflow/.local/lib/python3.6/site-packages/airflow/example_dags/example_branch_python_dop_operator_3.py
[2025-05-31 10:48:56,647] {processor.py:654} INFO - DAG(s) dict_keys(['example_branch_dop_operator_v3']) retrieved from /home/airflow/.local/lib/python3.6/site-packages/airflow/example_dags/example_branch_python_dop_operator_3.py
[2025-05-31 10:48:56,671] {logging_mixin.py:109} INFO - [2025-05-31 10:48:56,671] {dag.py:2396} INFO - Sync 1 DAGs
[2025-05-31 10:48:56,735] {logging_mixin.py:109} INFO - [2025-05-31 10:48:56,735] {dag.py:2935} INFO - Setting next_dagrun for example_branch_dop_operator_v3 to 2025-05-31T10:47:00+00:00
[2025-05-31 10:48:56,754] {processor.py:171} INFO - Processing /home/airflow/.local/lib/python3.6/site-packages/airflow/example_dags/example_branch_python_dop_operator_3.py took 0.177 seconds
[2025-05-31 10:49:27,729] {processor.py:163} INFO - Started process (PID=1600) to work on /home/airflow/.local/lib/python3.6/site-packages/airflow/example_dags/example_branch_python_dop_operator_3.py
[2025-05-31 10:49:27,733] {processor.py:642} INFO - Processing file /home/airflow/.local/lib/python3.6/site-packages/airflow/example_dags/example_branch_python_dop_operator_3.py for tasks to queue
[2025-05-31 10:49:27,735] {logging_mixin.py:109} INFO - [2025-05-31 10:49:27,735] {dagbag.py:500} INFO - Filling up the DagBag from /home/airflow/.local/lib/python3.6/site-packages/airflow/example_dags/example_branch_python_dop_operator_3.py
[2025-05-31 10:49:27,819] {processor.py:654} INFO - DAG(s) dict_keys(['example_branch_dop_operator_v3']) retrieved from /home/airflow/.local/lib/python3.6/site-packages/airflow/example_dags/example_branch_python_dop_operator_3.py
[2025-05-31 10:49:27,848] {logging_mixin.py:109} INFO - [2025-05-31 10:49:27,848] {dag.py:2396} INFO - Sync 1 DAGs
[2025-05-31 10:49:27,913] {logging_mixin.py:109} INFO - [2025-05-31 10:49:27,913] {dag.py:2935} INFO - Setting next_dagrun for example_branch_dop_operator_v3 to 2025-05-31T10:48:00+00:00
[2025-05-31 10:49:27,940] {processor.py:171} INFO - Processing /home/airflow/.local/lib/python3.6/site-packages/airflow/example_dags/example_branch_python_dop_operator_3.py took 0.223 seconds
[2025-05-31 10:49:58,926] {processor.py:163} INFO - Started process (PID=1782) to work on /home/airflow/.local/lib/python3.6/site-packages/airflow/example_dags/example_branch_python_dop_operator_3.py
[2025-05-31 10:49:58,927] {processor.py:642} INFO - Processing file /home/airflow/.local/lib/python3.6/site-packages/airflow/example_dags/example_branch_python_dop_operator_3.py for tasks to queue
[2025-05-31 10:49:58,929] {logging_mixin.py:109} INFO - [2025-05-31 10:49:58,928] {dagbag.py:500} INFO - Filling up the DagBag from /home/airflow/.local/lib/python3.6/site-packages/airflow/example_dags/example_branch_python_dop_operator_3.py
[2025-05-31 10:49:58,969] {processor.py:654} INFO - DAG(s) dict_keys(['example_branch_dop_operator_v3']) retrieved from /home/airflow/.local/lib/python3.6/site-packages/airflow/example_dags/example_branch_python_dop_operator_3.py
[2025-05-31 10:49:58,984] {logging_mixin.py:109} INFO - [2025-05-31 10:49:58,983] {dag.py:2396} INFO - Sync 1 DAGs
[2025-05-31 10:49:59,017] {logging_mixin.py:109} INFO - [2025-05-31 10:49:59,017] {dag.py:2935} INFO - Setting next_dagrun for example_branch_dop_operator_v3 to 2025-05-31T10:48:00+00:00
[2025-05-31 10:49:59,034] {processor.py:171} INFO - Processing /home/airflow/.local/lib/python3.6/site-packages/airflow/example_dags/example_branch_python_dop_operator_3.py took 0.112 seconds
[2025-05-31 10:50:29,154] {processor.py:163} INFO - Started process (PID=1963) to work on /home/airflow/.local/lib/python3.6/site-packages/airflow/example_dags/example_branch_python_dop_operator_3.py
[2025-05-31 10:50:29,156] {processor.py:642} INFO - Processing file /home/airflow/.local/lib/python3.6/site-packages/airflow/example_dags/example_branch_python_dop_operator_3.py for tasks to queue
[2025-05-31 10:50:29,157] {logging_mixin.py:109} INFO - [2025-05-31 10:50:29,157] {dagbag.py:500} INFO - Filling up the DagBag from /home/airflow/.local/lib/python3.6/site-packages/airflow/example_dags/example_branch_python_dop_operator_3.py
[2025-05-31 10:50:29,192] {processor.py:654} INFO - DAG(s) dict_keys(['example_branch_dop_operator_v3']) retrieved from /home/airflow/.local/lib/python3.6/site-packages/airflow/example_dags/example_branch_python_dop_operator_3.py
[2025-05-31 10:50:29,207] {logging_mixin.py:109} INFO - [2025-05-31 10:50:29,207] {dag.py:2396} INFO - Sync 1 DAGs
[2025-05-31 10:50:29,236] {logging_mixin.py:109} INFO - [2025-05-31 10:50:29,236] {dag.py:2935} INFO - Setting next_dagrun for example_branch_dop_operator_v3 to 2025-05-31T10:49:00+00:00
[2025-05-31 10:50:29,249] {processor.py:171} INFO - Processing /home/airflow/.local/lib/python3.6/site-packages/airflow/example_dags/example_branch_python_dop_operator_3.py took 0.099 seconds
[2025-05-31 10:51:00,966] {processor.py:163} INFO - Started process (PID=2141) to work on /home/airflow/.local/lib/python3.6/site-packages/airflow/example_dags/example_branch_python_dop_operator_3.py
[2025-05-31 10:51:00,969] {processor.py:642} INFO - Processing file /home/airflow/.local/lib/python3.6/site-packages/airflow/example_dags/example_branch_python_dop_operator_3.py for tasks to queue
[2025-05-31 10:51:00,975] {logging_mixin.py:109} INFO - [2025-05-31 10:51:00,975] {dagbag.py:500} INFO - Filling up the DagBag from /home/airflow/.local/lib/python3.6/site-packages/airflow/example_dags/example_branch_python_dop_operator_3.py
[2025-05-31 10:51:01,092] {processor.py:654} INFO - DAG(s) dict_keys(['example_branch_dop_operator_v3']) retrieved from /home/airflow/.local/lib/python3.6/site-packages/airflow/example_dags/example_branch_python_dop_operator_3.py
[2025-05-31 10:51:01,133] {logging_mixin.py:109} INFO - [2025-05-31 10:51:01,132] {dag.py:2396} INFO - Sync 1 DAGs
[2025-05-31 10:51:01,214] {logging_mixin.py:109} INFO - [2025-05-31 10:51:01,214] {dag.py:2935} INFO - Setting next_dagrun for example_branch_dop_operator_v3 to 2025-05-31T10:50:00+00:00
[2025-05-31 10:51:01,240] {processor.py:171} INFO - Processing /home/airflow/.local/lib/python3.6/site-packages/airflow/example_dags/example_branch_python_dop_operator_3.py took 0.286 seconds
[2025-05-31 10:51:31,896] {processor.py:163} INFO - Started process (PID=2333) to work on /home/airflow/.local/lib/python3.6/site-packages/airflow/example_dags/example_branch_python_dop_operator_3.py
[2025-05-31 10:51:31,898] {processor.py:642} INFO - Processing file /home/airflow/.local/lib/python3.6/site-packages/airflow/example_dags/example_branch_python_dop_operator_3.py for tasks to queue
[2025-05-31 10:51:31,899] {logging_mixin.py:109} INFO - [2025-05-31 10:51:31,899] {dagbag.py:500} INFO - Filling up the DagBag from /home/airflow/.local/lib/python3.6/site-packages/airflow/example_dags/example_branch_python_dop_operator_3.py
[2025-05-31 10:51:31,952] {processor.py:654} INFO - DAG(s) dict_keys(['example_branch_dop_operator_v3']) retrieved from /home/airflow/.local/lib/python3.6/site-packages/airflow/example_dags/example_branch_python_dop_operator_3.py
[2025-05-31 10:51:31,971] {logging_mixin.py:109} INFO - [2025-05-31 10:51:31,971] {dag.py:2396} INFO - Sync 1 DAGs
[2025-05-31 10:51:32,011] {logging_mixin.py:109} INFO - [2025-05-31 10:51:32,010] {dag.py:2935} INFO - Setting next_dagrun for example_branch_dop_operator_v3 to 2025-05-31T10:50:00+00:00
[2025-05-31 10:51:32,024] {processor.py:171} INFO - Processing /home/airflow/.local/lib/python3.6/site-packages/airflow/example_dags/example_branch_python_dop_operator_3.py took 0.133 seconds
[2025-05-31 10:52:03,259] {processor.py:163} INFO - Started process (PID=2511) to work on /home/airflow/.local/lib/python3.6/site-packages/airflow/example_dags/example_branch_python_dop_operator_3.py
[2025-05-31 10:52:03,261] {processor.py:642} INFO - Processing file /home/airflow/.local/lib/python3.6/site-packages/airflow/example_dags/example_branch_python_dop_operator_3.py for tasks to queue
[2025-05-31 10:52:03,262] {logging_mixin.py:109} INFO - [2025-05-31 10:52:03,262] {dagbag.py:500} INFO - Filling up the DagBag from /home/airflow/.local/lib/python3.6/site-packages/airflow/example_dags/example_branch_python_dop_operator_3.py
[2025-05-31 10:52:03,303] {processor.py:654} INFO - DAG(s) dict_keys(['example_branch_dop_operator_v3']) retrieved from /home/airflow/.local/lib/python3.6/site-packages/airflow/example_dags/example_branch_python_dop_operator_3.py
[2025-05-31 10:52:03,318] {logging_mixin.py:109} INFO - [2025-05-31 10:52:03,318] {dag.py:2396} INFO - Sync 1 DAGs
[2025-05-31 10:52:03,359] {logging_mixin.py:109} INFO - [2025-05-31 10:52:03,359] {dag.py:2935} INFO - Setting next_dagrun for example_branch_dop_operator_v3 to 2025-05-31T10:51:00+00:00
[2025-05-31 10:52:03,373] {processor.py:171} INFO - Processing /home/airflow/.local/lib/python3.6/site-packages/airflow/example_dags/example_branch_python_dop_operator_3.py took 0.119 seconds
[2025-05-31 10:52:35,945] {processor.py:163} INFO - Started process (PID=2691) to work on /home/airflow/.local/lib/python3.6/site-packages/airflow/example_dags/example_branch_python_dop_operator_3.py
[2025-05-31 10:52:35,948] {processor.py:642} INFO - Processing file /home/airflow/.local/lib/python3.6/site-packages/airflow/example_dags/example_branch_python_dop_operator_3.py for tasks to queue
[2025-05-31 10:52:35,951] {logging_mixin.py:109} INFO - [2025-05-31 10:52:35,951] {dagbag.py:500} INFO - Filling up the DagBag from /home/airflow/.local/lib/python3.6/site-packages/airflow/example_dags/example_branch_python_dop_operator_3.py
[2025-05-31 10:52:36,049] {processor.py:654} INFO - DAG(s) dict_keys(['example_branch_dop_operator_v3']) retrieved from /home/airflow/.local/lib/python3.6/site-packages/airflow/example_dags/example_branch_python_dop_operator_3.py
[2025-05-31 10:52:36,075] {logging_mixin.py:109} INFO - [2025-05-31 10:52:36,075] {dag.py:2396} INFO - Sync 1 DAGs
[2025-05-31 10:52:36,126] {logging_mixin.py:109} INFO - [2025-05-31 10:52:36,126] {dag.py:2935} INFO - Setting next_dagrun for example_branch_dop_operator_v3 to 2025-05-31T10:51:00+00:00
[2025-05-31 10:52:36,173] {processor.py:171} INFO - Processing /home/airflow/.local/lib/python3.6/site-packages/airflow/example_dags/example_branch_python_dop_operator_3.py took 0.235 seconds
[2025-05-31 10:53:08,221] {processor.py:163} INFO - Started process (PID=2881) to work on /home/airflow/.local/lib/python3.6/site-packages/airflow/example_dags/example_branch_python_dop_operator_3.py
[2025-05-31 10:53:08,223] {processor.py:642} INFO - Processing file /home/airflow/.local/lib/python3.6/site-packages/airflow/example_dags/example_branch_python_dop_operator_3.py for tasks to queue
[2025-05-31 10:53:08,226] {logging_mixin.py:109} INFO - [2025-05-31 10:53:08,225] {dagbag.py:500} INFO - Filling up the DagBag from /home/airflow/.local/lib/python3.6/site-packages/airflow/example_dags/example_branch_python_dop_operator_3.py
[2025-05-31 10:53:08,315] {processor.py:654} INFO - DAG(s) dict_keys(['example_branch_dop_operator_v3']) retrieved from /home/airflow/.local/lib/python3.6/site-packages/airflow/example_dags/example_branch_python_dop_operator_3.py
[2025-05-31 10:53:08,915] {logging_mixin.py:109} INFO - [2025-05-31 10:53:08,914] {dag.py:2396} INFO - Sync 1 DAGs
[2025-05-31 10:53:08,934] {logging_mixin.py:109} INFO - [2025-05-31 10:53:08,933] {dag.py:2415} INFO - Creating ORM DAG for example_branch_dop_operator_v3
[2025-05-31 10:53:08,954] {logging_mixin.py:109} INFO - [2025-05-31 10:53:08,954] {dag.py:2935} INFO - Setting next_dagrun for example_branch_dop_operator_v3 to 2025-05-31T10:52:00+00:00
[2025-05-31 10:53:08,976] {processor.py:171} INFO - Processing /home/airflow/.local/lib/python3.6/site-packages/airflow/example_dags/example_branch_python_dop_operator_3.py took 0.766 seconds
[2025-05-31 10:53:39,119] {processor.py:163} INFO - Started process (PID=3066) to work on /home/airflow/.local/lib/python3.6/site-packages/airflow/example_dags/example_branch_python_dop_operator_3.py
[2025-05-31 10:53:39,122] {processor.py:642} INFO - Processing file /home/airflow/.local/lib/python3.6/site-packages/airflow/example_dags/example_branch_python_dop_operator_3.py for tasks to queue
[2025-05-31 10:53:39,125] {logging_mixin.py:109} INFO - [2025-05-31 10:53:39,123] {dagbag.py:500} INFO - Filling up the DagBag from /home/airflow/.local/lib/python3.6/site-packages/airflow/example_dags/example_branch_python_dop_operator_3.py
[2025-05-31 10:53:39,226] {processor.py:654} INFO - DAG(s) dict_keys(['example_branch_dop_operator_v3']) retrieved from /home/airflow/.local/lib/python3.6/site-packages/airflow/example_dags/example_branch_python_dop_operator_3.py
[2025-05-31 10:53:39,287] {logging_mixin.py:109} INFO - [2025-05-31 10:53:39,287] {dag.py:2396} INFO - Sync 1 DAGs
[2025-05-31 10:53:39,384] {logging_mixin.py:109} INFO - [2025-05-31 10:53:39,384] {dag.py:2935} INFO - Setting next_dagrun for example_branch_dop_operator_v3 to 2025-05-31T10:52:00+00:00
[2025-05-31 10:53:39,414] {processor.py:171} INFO - Processing /home/airflow/.local/lib/python3.6/site-packages/airflow/example_dags/example_branch_python_dop_operator_3.py took 0.303 seconds
[2025-05-31 10:54:09,849] {processor.py:163} INFO - Started process (PID=3238) to work on /home/airflow/.local/lib/python3.6/site-packages/airflow/example_dags/example_branch_python_dop_operator_3.py
[2025-05-31 10:54:09,852] {processor.py:642} INFO - Processing file /home/airflow/.local/lib/python3.6/site-packages/airflow/example_dags/example_branch_python_dop_operator_3.py for tasks to queue
[2025-05-31 10:54:09,853] {logging_mixin.py:109} INFO - [2025-05-31 10:54:09,853] {dagbag.py:500} INFO - Filling up the DagBag from /home/airflow/.local/lib/python3.6/site-packages/airflow/example_dags/example_branch_python_dop_operator_3.py
[2025-05-31 10:54:09,898] {processor.py:654} INFO - DAG(s) dict_keys(['example_branch_dop_operator_v3']) retrieved from /home/airflow/.local/lib/python3.6/site-packages/airflow/example_dags/example_branch_python_dop_operator_3.py
[2025-05-31 10:54:09,913] {logging_mixin.py:109} INFO - [2025-05-31 10:54:09,913] {dag.py:2396} INFO - Sync 1 DAGs
[2025-05-31 10:54:09,952] {logging_mixin.py:109} INFO - [2025-05-31 10:54:09,952] {dag.py:2935} INFO - Setting next_dagrun for example_branch_dop_operator_v3 to 2025-05-31T10:53:00+00:00
[2025-05-31 10:54:09,969] {processor.py:171} INFO - Processing /home/airflow/.local/lib/python3.6/site-packages/airflow/example_dags/example_branch_python_dop_operator_3.py took 0.124 seconds
[2025-05-31 10:54:40,134] {processor.py:163} INFO - Started process (PID=3418) to work on /home/airflow/.local/lib/python3.6/site-packages/airflow/example_dags/example_branch_python_dop_operator_3.py
[2025-05-31 10:54:40,138] {processor.py:642} INFO - Processing file /home/airflow/.local/lib/python3.6/site-packages/airflow/example_dags/example_branch_python_dop_operator_3.py for tasks to queue
[2025-05-31 10:54:40,140] {logging_mixin.py:109} INFO - [2025-05-31 10:54:40,140] {dagbag.py:500} INFO - Filling up the DagBag from /home/airflow/.local/lib/python3.6/site-packages/airflow/example_dags/example_branch_python_dop_operator_3.py
[2025-05-31 10:54:40,195] {processor.py:654} INFO - DAG(s) dict_keys(['example_branch_dop_operator_v3']) retrieved from /home/airflow/.local/lib/python3.6/site-packages/airflow/example_dags/example_branch_python_dop_operator_3.py
[2025-05-31 10:54:40,213] {logging_mixin.py:109} INFO - [2025-05-31 10:54:40,212] {dag.py:2396} INFO - Sync 1 DAGs
[2025-05-31 10:54:40,252] {logging_mixin.py:109} INFO - [2025-05-31 10:54:40,251] {dag.py:2935} INFO - Setting next_dagrun for example_branch_dop_operator_v3 to 2025-05-31T10:53:00+00:00
[2025-05-31 10:54:40,266] {processor.py:171} INFO - Processing /home/airflow/.local/lib/python3.6/site-packages/airflow/example_dags/example_branch_python_dop_operator_3.py took 0.138 seconds
[2025-05-31 10:55:10,639] {processor.py:163} INFO - Started process (PID=3598) to work on /home/airflow/.local/lib/python3.6/site-packages/airflow/example_dags/example_branch_python_dop_operator_3.py
[2025-05-31 10:55:10,640] {processor.py:642} INFO - Processing file /home/airflow/.local/lib/python3.6/site-packages/airflow/example_dags/example_branch_python_dop_operator_3.py for tasks to queue
[2025-05-31 10:55:10,642] {logging_mixin.py:109} INFO - [2025-05-31 10:55:10,641] {dagbag.py:500} INFO - Filling up the DagBag from /home/airflow/.local/lib/python3.6/site-packages/airflow/example_dags/example_branch_python_dop_operator_3.py
[2025-05-31 10:55:10,680] {processor.py:654} INFO - DAG(s) dict_keys(['example_branch_dop_operator_v3']) retrieved from /home/airflow/.local/lib/python3.6/site-packages/airflow/example_dags/example_branch_python_dop_operator_3.py
[2025-05-31 10:55:10,694] {logging_mixin.py:109} INFO - [2025-05-31 10:55:10,694] {dag.py:2396} INFO - Sync 1 DAGs
[2025-05-31 10:55:10,724] {logging_mixin.py:109} INFO - [2025-05-31 10:55:10,724] {dag.py:2935} INFO - Setting next_dagrun for example_branch_dop_operator_v3 to 2025-05-31T10:54:00+00:00
[2025-05-31 10:55:10,739] {processor.py:171} INFO - Processing /home/airflow/.local/lib/python3.6/site-packages/airflow/example_dags/example_branch_python_dop_operator_3.py took 0.104 seconds
[2025-05-31 10:55:41,578] {processor.py:163} INFO - Started process (PID=3786) to work on /home/airflow/.local/lib/python3.6/site-packages/airflow/example_dags/example_branch_python_dop_operator_3.py
[2025-05-31 10:55:41,581] {processor.py:642} INFO - Processing file /home/airflow/.local/lib/python3.6/site-packages/airflow/example_dags/example_branch_python_dop_operator_3.py for tasks to queue
[2025-05-31 10:55:41,583] {logging_mixin.py:109} INFO - [2025-05-31 10:55:41,583] {dagbag.py:500} INFO - Filling up the DagBag from /home/airflow/.local/lib/python3.6/site-packages/airflow/example_dags/example_branch_python_dop_operator_3.py
[2025-05-31 10:55:41,629] {processor.py:654} INFO - DAG(s) dict_keys(['example_branch_dop_operator_v3']) retrieved from /home/airflow/.local/lib/python3.6/site-packages/airflow/example_dags/example_branch_python_dop_operator_3.py
[2025-05-31 10:55:41,647] {logging_mixin.py:109} INFO - [2025-05-31 10:55:41,647] {dag.py:2396} INFO - Sync 1 DAGs
[2025-05-31 10:55:41,698] {logging_mixin.py:109} INFO - [2025-05-31 10:55:41,698] {dag.py:2935} INFO - Setting next_dagrun for example_branch_dop_operator_v3 to 2025-05-31T10:54:00+00:00
[2025-05-31 10:55:41,714] {processor.py:171} INFO - Processing /home/airflow/.local/lib/python3.6/site-packages/airflow/example_dags/example_branch_python_dop_operator_3.py took 0.143 seconds
[2025-05-31 10:56:13,093] {processor.py:163} INFO - Started process (PID=3966) to work on /home/airflow/.local/lib/python3.6/site-packages/airflow/example_dags/example_branch_python_dop_operator_3.py
[2025-05-31 10:56:13,095] {processor.py:642} INFO - Processing file /home/airflow/.local/lib/python3.6/site-packages/airflow/example_dags/example_branch_python_dop_operator_3.py for tasks to queue
[2025-05-31 10:56:13,096] {logging_mixin.py:109} INFO - [2025-05-31 10:56:13,096] {dagbag.py:500} INFO - Filling up the DagBag from /home/airflow/.local/lib/python3.6/site-packages/airflow/example_dags/example_branch_python_dop_operator_3.py
[2025-05-31 10:56:13,138] {processor.py:654} INFO - DAG(s) dict_keys(['example_branch_dop_operator_v3']) retrieved from /home/airflow/.local/lib/python3.6/site-packages/airflow/example_dags/example_branch_python_dop_operator_3.py
[2025-05-31 10:56:13,153] {logging_mixin.py:109} INFO - [2025-05-31 10:56:13,153] {dag.py:2396} INFO - Sync 1 DAGs
[2025-05-31 10:56:13,189] {logging_mixin.py:109} INFO - [2025-05-31 10:56:13,189] {dag.py:2935} INFO - Setting next_dagrun for example_branch_dop_operator_v3 to 2025-05-31T10:55:00+00:00
[2025-05-31 10:56:13,206] {processor.py:171} INFO - Processing /home/airflow/.local/lib/python3.6/site-packages/airflow/example_dags/example_branch_python_dop_operator_3.py took 0.117 seconds
[2025-05-31 10:56:43,615] {processor.py:163} INFO - Started process (PID=4146) to work on /home/airflow/.local/lib/python3.6/site-packages/airflow/example_dags/example_branch_python_dop_operator_3.py
[2025-05-31 10:56:43,618] {processor.py:642} INFO - Processing file /home/airflow/.local/lib/python3.6/site-packages/airflow/example_dags/example_branch_python_dop_operator_3.py for tasks to queue
[2025-05-31 10:56:43,619] {logging_mixin.py:109} INFO - [2025-05-31 10:56:43,619] {dagbag.py:500} INFO - Filling up the DagBag from /home/airflow/.local/lib/python3.6/site-packages/airflow/example_dags/example_branch_python_dop_operator_3.py
[2025-05-31 10:56:43,668] {processor.py:654} INFO - DAG(s) dict_keys(['example_branch_dop_operator_v3']) retrieved from /home/airflow/.local/lib/python3.6/site-packages/airflow/example_dags/example_branch_python_dop_operator_3.py
[2025-05-31 10:56:43,685] {logging_mixin.py:109} INFO - [2025-05-31 10:56:43,685] {dag.py:2396} INFO - Sync 1 DAGs
[2025-05-31 10:56:43,722] {logging_mixin.py:109} INFO - [2025-05-31 10:56:43,722] {dag.py:2935} INFO - Setting next_dagrun for example_branch_dop_operator_v3 to 2025-05-31T10:55:00+00:00
[2025-05-31 10:56:43,742] {processor.py:171} INFO - Processing /home/airflow/.local/lib/python3.6/site-packages/airflow/example_dags/example_branch_python_dop_operator_3.py took 0.134 seconds
[2025-05-31 10:57:14,630] {processor.py:163} INFO - Started process (PID=4346) to work on /home/airflow/.local/lib/python3.6/site-packages/airflow/example_dags/example_branch_python_dop_operator_3.py
[2025-05-31 10:57:14,633] {processor.py:642} INFO - Processing file /home/airflow/.local/lib/python3.6/site-packages/airflow/example_dags/example_branch_python_dop_operator_3.py for tasks to queue
[2025-05-31 10:57:14,635] {logging_mixin.py:109} INFO - [2025-05-31 10:57:14,634] {dagbag.py:500} INFO - Filling up the DagBag from /home/airflow/.local/lib/python3.6/site-packages/airflow/example_dags/example_branch_python_dop_operator_3.py
[2025-05-31 10:57:14,699] {processor.py:654} INFO - DAG(s) dict_keys(['example_branch_dop_operator_v3']) retrieved from /home/airflow/.local/lib/python3.6/site-packages/airflow/example_dags/example_branch_python_dop_operator_3.py
[2025-05-31 10:57:14,726] {logging_mixin.py:109} INFO - [2025-05-31 10:57:14,725] {dag.py:2396} INFO - Sync 1 DAGs
[2025-05-31 10:57:14,781] {logging_mixin.py:109} INFO - [2025-05-31 10:57:14,781] {dag.py:2935} INFO - Setting next_dagrun for example_branch_dop_operator_v3 to 2025-05-31T10:56:00+00:00
[2025-05-31 10:57:14,800] {processor.py:171} INFO - Processing /home/airflow/.local/lib/python3.6/site-packages/airflow/example_dags/example_branch_python_dop_operator_3.py took 0.178 seconds
[2025-05-31 10:57:45,583] {processor.py:163} INFO - Started process (PID=4526) to work on /home/airflow/.local/lib/python3.6/site-packages/airflow/example_dags/example_branch_python_dop_operator_3.py
[2025-05-31 10:57:45,586] {processor.py:642} INFO - Processing file /home/airflow/.local/lib/python3.6/site-packages/airflow/example_dags/example_branch_python_dop_operator_3.py for tasks to queue
[2025-05-31 10:57:45,588] {logging_mixin.py:109} INFO - [2025-05-31 10:57:45,588] {dagbag.py:500} INFO - Filling up the DagBag from /home/airflow/.local/lib/python3.6/site-packages/airflow/example_dags/example_branch_python_dop_operator_3.py
[2025-05-31 10:57:45,639] {processor.py:654} INFO - DAG(s) dict_keys(['example_branch_dop_operator_v3']) retrieved from /home/airflow/.local/lib/python3.6/site-packages/airflow/example_dags/example_branch_python_dop_operator_3.py
[2025-05-31 10:57:45,660] {logging_mixin.py:109} INFO - [2025-05-31 10:57:45,660] {dag.py:2396} INFO - Sync 1 DAGs
[2025-05-31 10:57:45,704] {logging_mixin.py:109} INFO - [2025-05-31 10:57:45,703] {dag.py:2935} INFO - Setting next_dagrun for example_branch_dop_operator_v3 to 2025-05-31T10:56:00+00:00
[2025-05-31 10:57:45,723] {processor.py:171} INFO - Processing /home/airflow/.local/lib/python3.6/site-packages/airflow/example_dags/example_branch_python_dop_operator_3.py took 0.145 seconds
[2025-05-31 10:58:15,863] {processor.py:163} INFO - Started process (PID=4706) to work on /home/airflow/.local/lib/python3.6/site-packages/airflow/example_dags/example_branch_python_dop_operator_3.py
[2025-05-31 10:58:15,865] {processor.py:642} INFO - Processing file /home/airflow/.local/lib/python3.6/site-packages/airflow/example_dags/example_branch_python_dop_operator_3.py for tasks to queue
[2025-05-31 10:58:15,867] {logging_mixin.py:109} INFO - [2025-05-31 10:58:15,866] {dagbag.py:500} INFO - Filling up the DagBag from /home/airflow/.local/lib/python3.6/site-packages/airflow/example_dags/example_branch_python_dop_operator_3.py
[2025-05-31 10:58:15,911] {processor.py:654} INFO - DAG(s) dict_keys(['example_branch_dop_operator_v3']) retrieved from /home/airflow/.local/lib/python3.6/site-packages/airflow/example_dags/example_branch_python_dop_operator_3.py
[2025-05-31 10:58:15,927] {logging_mixin.py:109} INFO - [2025-05-31 10:58:15,927] {dag.py:2396} INFO - Sync 1 DAGs
[2025-05-31 10:58:15,980] {logging_mixin.py:109} INFO - [2025-05-31 10:58:15,980] {dag.py:2935} INFO - Setting next_dagrun for example_branch_dop_operator_v3 to 2025-05-31T10:57:00+00:00
[2025-05-31 10:58:15,993] {processor.py:171} INFO - Processing /home/airflow/.local/lib/python3.6/site-packages/airflow/example_dags/example_branch_python_dop_operator_3.py took 0.139 seconds
[2025-05-31 10:58:46,532] {processor.py:163} INFO - Started process (PID=4876) to work on /home/airflow/.local/lib/python3.6/site-packages/airflow/example_dags/example_branch_python_dop_operator_3.py
[2025-05-31 10:58:46,534] {processor.py:642} INFO - Processing file /home/airflow/.local/lib/python3.6/site-packages/airflow/example_dags/example_branch_python_dop_operator_3.py for tasks to queue
[2025-05-31 10:58:46,535] {logging_mixin.py:109} INFO - [2025-05-31 10:58:46,535] {dagbag.py:500} INFO - Filling up the DagBag from /home/airflow/.local/lib/python3.6/site-packages/airflow/example_dags/example_branch_python_dop_operator_3.py
[2025-05-31 10:58:46,576] {processor.py:654} INFO - DAG(s) dict_keys(['example_branch_dop_operator_v3']) retrieved from /home/airflow/.local/lib/python3.6/site-packages/airflow/example_dags/example_branch_python_dop_operator_3.py
[2025-05-31 10:58:46,591] {logging_mixin.py:109} INFO - [2025-05-31 10:58:46,590] {dag.py:2396} INFO - Sync 1 DAGs
[2025-05-31 10:58:46,626] {logging_mixin.py:109} INFO - [2025-05-31 10:58:46,625] {dag.py:2935} INFO - Setting next_dagrun for example_branch_dop_operator_v3 to 2025-05-31T10:57:00+00:00
[2025-05-31 10:58:46,640] {processor.py:171} INFO - Processing /home/airflow/.local/lib/python3.6/site-packages/airflow/example_dags/example_branch_python_dop_operator_3.py took 0.114 seconds
[2025-05-31 10:59:17,543] {processor.py:163} INFO - Started process (PID=5066) to work on /home/airflow/.local/lib/python3.6/site-packages/airflow/example_dags/example_branch_python_dop_operator_3.py
[2025-05-31 10:59:17,545] {processor.py:642} INFO - Processing file /home/airflow/.local/lib/python3.6/site-packages/airflow/example_dags/example_branch_python_dop_operator_3.py for tasks to queue
[2025-05-31 10:59:17,546] {logging_mixin.py:109} INFO - [2025-05-31 10:59:17,546] {dagbag.py:500} INFO - Filling up the DagBag from /home/airflow/.local/lib/python3.6/site-packages/airflow/example_dags/example_branch_python_dop_operator_3.py
[2025-05-31 10:59:17,598] {processor.py:654} INFO - DAG(s) dict_keys(['example_branch_dop_operator_v3']) retrieved from /home/airflow/.local/lib/python3.6/site-packages/airflow/example_dags/example_branch_python_dop_operator_3.py
[2025-05-31 10:59:17,616] {logging_mixin.py:109} INFO - [2025-05-31 10:59:17,616] {dag.py:2396} INFO - Sync 1 DAGs
[2025-05-31 10:59:17,656] {logging_mixin.py:109} INFO - [2025-05-31 10:59:17,656] {dag.py:2935} INFO - Setting next_dagrun for example_branch_dop_operator_v3 to 2025-05-31T10:58:00+00:00
[2025-05-31 10:59:17,672] {processor.py:171} INFO - Processing /home/airflow/.local/lib/python3.6/site-packages/airflow/example_dags/example_branch_python_dop_operator_3.py took 0.134 seconds
[2025-05-31 10:59:48,827] {processor.py:163} INFO - Started process (PID=5246) to work on /home/airflow/.local/lib/python3.6/site-packages/airflow/example_dags/example_branch_python_dop_operator_3.py
[2025-05-31 10:59:48,830] {processor.py:642} INFO - Processing file /home/airflow/.local/lib/python3.6/site-packages/airflow/example_dags/example_branch_python_dop_operator_3.py for tasks to queue
[2025-05-31 10:59:48,831] {logging_mixin.py:109} INFO - [2025-05-31 10:59:48,831] {dagbag.py:500} INFO - Filling up the DagBag from /home/airflow/.local/lib/python3.6/site-packages/airflow/example_dags/example_branch_python_dop_operator_3.py
[2025-05-31 10:59:48,878] {processor.py:654} INFO - DAG(s) dict_keys(['example_branch_dop_operator_v3']) retrieved from /home/airflow/.local/lib/python3.6/site-packages/airflow/example_dags/example_branch_python_dop_operator_3.py
[2025-05-31 10:59:48,899] {logging_mixin.py:109} INFO - [2025-05-31 10:59:48,899] {dag.py:2396} INFO - Sync 1 DAGs
[2025-05-31 10:59:48,939] {logging_mixin.py:109} INFO - [2025-05-31 10:59:48,939] {dag.py:2935} INFO - Setting next_dagrun for example_branch_dop_operator_v3 to 2025-05-31T10:58:00+00:00
[2025-05-31 10:59:48,955] {processor.py:171} INFO - Processing /home/airflow/.local/lib/python3.6/site-packages/airflow/example_dags/example_branch_python_dop_operator_3.py took 0.134 seconds
[2025-05-31 11:00:19,908] {processor.py:163} INFO - Started process (PID=5428) to work on /home/airflow/.local/lib/python3.6/site-packages/airflow/example_dags/example_branch_python_dop_operator_3.py
[2025-05-31 11:00:19,910] {processor.py:642} INFO - Processing file /home/airflow/.local/lib/python3.6/site-packages/airflow/example_dags/example_branch_python_dop_operator_3.py for tasks to queue
[2025-05-31 11:00:19,911] {logging_mixin.py:109} INFO - [2025-05-31 11:00:19,911] {dagbag.py:500} INFO - Filling up the DagBag from /home/airflow/.local/lib/python3.6/site-packages/airflow/example_dags/example_branch_python_dop_operator_3.py
[2025-05-31 11:00:19,946] {processor.py:654} INFO - DAG(s) dict_keys(['example_branch_dop_operator_v3']) retrieved from /home/airflow/.local/lib/python3.6/site-packages/airflow/example_dags/example_branch_python_dop_operator_3.py
[2025-05-31 11:00:19,959] {logging_mixin.py:109} INFO - [2025-05-31 11:00:19,958] {dag.py:2396} INFO - Sync 1 DAGs
[2025-05-31 11:00:19,988] {logging_mixin.py:109} INFO - [2025-05-31 11:00:19,988] {dag.py:2935} INFO - Setting next_dagrun for example_branch_dop_operator_v3 to 2025-05-31T10:59:00+00:00
[2025-05-31 11:00:20,003] {processor.py:171} INFO - Processing /home/airflow/.local/lib/python3.6/site-packages/airflow/example_dags/example_branch_python_dop_operator_3.py took 0.098 seconds
[2025-05-31 11:00:50,871] {processor.py:163} INFO - Started process (PID=5618) to work on /home/airflow/.local/lib/python3.6/site-packages/airflow/example_dags/example_branch_python_dop_operator_3.py
[2025-05-31 11:00:50,872] {processor.py:642} INFO - Processing file /home/airflow/.local/lib/python3.6/site-packages/airflow/example_dags/example_branch_python_dop_operator_3.py for tasks to queue
[2025-05-31 11:00:50,873] {logging_mixin.py:109} INFO - [2025-05-31 11:00:50,873] {dagbag.py:500} INFO - Filling up the DagBag from /home/airflow/.local/lib/python3.6/site-packages/airflow/example_dags/example_branch_python_dop_operator_3.py
[2025-05-31 11:00:50,908] {processor.py:654} INFO - DAG(s) dict_keys(['example_branch_dop_operator_v3']) retrieved from /home/airflow/.local/lib/python3.6/site-packages/airflow/example_dags/example_branch_python_dop_operator_3.py
[2025-05-31 11:00:50,922] {logging_mixin.py:109} INFO - [2025-05-31 11:00:50,922] {dag.py:2396} INFO - Sync 1 DAGs
[2025-05-31 11:00:50,948] {logging_mixin.py:109} INFO - [2025-05-31 11:00:50,948] {dag.py:2935} INFO - Setting next_dagrun for example_branch_dop_operator_v3 to 2025-05-31T10:59:00+00:00
[2025-05-31 11:00:50,960] {processor.py:171} INFO - Processing /home/airflow/.local/lib/python3.6/site-packages/airflow/example_dags/example_branch_python_dop_operator_3.py took 0.093 seconds
[2025-05-31 11:01:21,695] {processor.py:163} INFO - Started process (PID=5798) to work on /home/airflow/.local/lib/python3.6/site-packages/airflow/example_dags/example_branch_python_dop_operator_3.py
[2025-05-31 11:01:21,696] {processor.py:642} INFO - Processing file /home/airflow/.local/lib/python3.6/site-packages/airflow/example_dags/example_branch_python_dop_operator_3.py for tasks to queue
[2025-05-31 11:01:21,697] {logging_mixin.py:109} INFO - [2025-05-31 11:01:21,697] {dagbag.py:500} INFO - Filling up the DagBag from /home/airflow/.local/lib/python3.6/site-packages/airflow/example_dags/example_branch_python_dop_operator_3.py
[2025-05-31 11:01:21,733] {processor.py:654} INFO - DAG(s) dict_keys(['example_branch_dop_operator_v3']) retrieved from /home/airflow/.local/lib/python3.6/site-packages/airflow/example_dags/example_branch_python_dop_operator_3.py
[2025-05-31 11:01:21,747] {logging_mixin.py:109} INFO - [2025-05-31 11:01:21,747] {dag.py:2396} INFO - Sync 1 DAGs
[2025-05-31 11:01:21,777] {logging_mixin.py:109} INFO - [2025-05-31 11:01:21,777] {dag.py:2935} INFO - Setting next_dagrun for example_branch_dop_operator_v3 to 2025-05-31T11:00:00+00:00
[2025-05-31 11:01:21,789] {processor.py:171} INFO - Processing /home/airflow/.local/lib/python3.6/site-packages/airflow/example_dags/example_branch_python_dop_operator_3.py took 0.098 seconds
[2025-05-31 11:01:51,910] {processor.py:163} INFO - Started process (PID=5985) to work on /home/airflow/.local/lib/python3.6/site-packages/airflow/example_dags/example_branch_python_dop_operator_3.py
[2025-05-31 11:01:51,913] {processor.py:642} INFO - Processing file /home/airflow/.local/lib/python3.6/site-packages/airflow/example_dags/example_branch_python_dop_operator_3.py for tasks to queue
[2025-05-31 11:01:51,915] {logging_mixin.py:109} INFO - [2025-05-31 11:01:51,914] {dagbag.py:500} INFO - Filling up the DagBag from /home/airflow/.local/lib/python3.6/site-packages/airflow/example_dags/example_branch_python_dop_operator_3.py
[2025-05-31 11:01:51,964] {processor.py:654} INFO - DAG(s) dict_keys(['example_branch_dop_operator_v3']) retrieved from /home/airflow/.local/lib/python3.6/site-packages/airflow/example_dags/example_branch_python_dop_operator_3.py
[2025-05-31 11:01:51,981] {logging_mixin.py:109} INFO - [2025-05-31 11:01:51,981] {dag.py:2396} INFO - Sync 1 DAGs
[2025-05-31 11:01:52,031] {logging_mixin.py:109} INFO - [2025-05-31 11:01:52,030] {dag.py:2935} INFO - Setting next_dagrun for example_branch_dop_operator_v3 to 2025-05-31T11:00:00+00:00
[2025-05-31 11:01:52,047] {processor.py:171} INFO - Processing /home/airflow/.local/lib/python3.6/site-packages/airflow/example_dags/example_branch_python_dop_operator_3.py took 0.142 seconds
[2025-05-31 11:02:22,946] {processor.py:163} INFO - Started process (PID=6168) to work on /home/airflow/.local/lib/python3.6/site-packages/airflow/example_dags/example_branch_python_dop_operator_3.py
[2025-05-31 11:02:22,948] {processor.py:642} INFO - Processing file /home/airflow/.local/lib/python3.6/site-packages/airflow/example_dags/example_branch_python_dop_operator_3.py for tasks to queue
[2025-05-31 11:02:22,949] {logging_mixin.py:109} INFO - [2025-05-31 11:02:22,949] {dagbag.py:500} INFO - Filling up the DagBag from /home/airflow/.local/lib/python3.6/site-packages/airflow/example_dags/example_branch_python_dop_operator_3.py
[2025-05-31 11:02:22,990] {processor.py:654} INFO - DAG(s) dict_keys(['example_branch_dop_operator_v3']) retrieved from /home/airflow/.local/lib/python3.6/site-packages/airflow/example_dags/example_branch_python_dop_operator_3.py
[2025-05-31 11:02:23,004] {logging_mixin.py:109} INFO - [2025-05-31 11:02:23,004] {dag.py:2396} INFO - Sync 1 DAGs
[2025-05-31 11:02:23,035] {logging_mixin.py:109} INFO - [2025-05-31 11:02:23,035] {dag.py:2935} INFO - Setting next_dagrun for example_branch_dop_operator_v3 to 2025-05-31T11:01:00+00:00
[2025-05-31 11:02:23,053] {processor.py:171} INFO - Processing /home/airflow/.local/lib/python3.6/site-packages/airflow/example_dags/example_branch_python_dop_operator_3.py took 0.112 seconds
[2025-05-31 11:02:54,509] {processor.py:163} INFO - Started process (PID=6346) to work on /home/airflow/.local/lib/python3.6/site-packages/airflow/example_dags/example_branch_python_dop_operator_3.py
[2025-05-31 11:02:54,510] {processor.py:642} INFO - Processing file /home/airflow/.local/lib/python3.6/site-packages/airflow/example_dags/example_branch_python_dop_operator_3.py for tasks to queue
[2025-05-31 11:02:54,512] {logging_mixin.py:109} INFO - [2025-05-31 11:02:54,511] {dagbag.py:500} INFO - Filling up the DagBag from /home/airflow/.local/lib/python3.6/site-packages/airflow/example_dags/example_branch_python_dop_operator_3.py
[2025-05-31 11:02:54,554] {processor.py:654} INFO - DAG(s) dict_keys(['example_branch_dop_operator_v3']) retrieved from /home/airflow/.local/lib/python3.6/site-packages/airflow/example_dags/example_branch_python_dop_operator_3.py
[2025-05-31 11:02:54,568] {logging_mixin.py:109} INFO - [2025-05-31 11:02:54,568] {dag.py:2396} INFO - Sync 1 DAGs
[2025-05-31 11:02:54,600] {logging_mixin.py:109} INFO - [2025-05-31 11:02:54,600] {dag.py:2935} INFO - Setting next_dagrun for example_branch_dop_operator_v3 to 2025-05-31T11:01:00+00:00
[2025-05-31 11:02:54,615] {processor.py:171} INFO - Processing /home/airflow/.local/lib/python3.6/site-packages/airflow/example_dags/example_branch_python_dop_operator_3.py took 0.111 seconds
[2025-05-31 11:03:25,386] {processor.py:163} INFO - Started process (PID=6536) to work on /home/airflow/.local/lib/python3.6/site-packages/airflow/example_dags/example_branch_python_dop_operator_3.py
[2025-05-31 11:03:25,388] {processor.py:642} INFO - Processing file /home/airflow/.local/lib/python3.6/site-packages/airflow/example_dags/example_branch_python_dop_operator_3.py for tasks to queue
[2025-05-31 11:03:25,390] {logging_mixin.py:109} INFO - [2025-05-31 11:03:25,389] {dagbag.py:500} INFO - Filling up the DagBag from /home/airflow/.local/lib/python3.6/site-packages/airflow/example_dags/example_branch_python_dop_operator_3.py
[2025-05-31 11:03:25,442] {processor.py:654} INFO - DAG(s) dict_keys(['example_branch_dop_operator_v3']) retrieved from /home/airflow/.local/lib/python3.6/site-packages/airflow/example_dags/example_branch_python_dop_operator_3.py
[2025-05-31 11:03:25,464] {logging_mixin.py:109} INFO - [2025-05-31 11:03:25,464] {dag.py:2396} INFO - Sync 1 DAGs
[2025-05-31 11:03:25,507] {logging_mixin.py:109} INFO - [2025-05-31 11:03:25,506] {dag.py:2935} INFO - Setting next_dagrun for example_branch_dop_operator_v3 to 2025-05-31T11:02:00+00:00
[2025-05-31 11:03:25,524] {processor.py:171} INFO - Processing /home/airflow/.local/lib/python3.6/site-packages/airflow/example_dags/example_branch_python_dop_operator_3.py took 0.143 seconds
[2025-05-31 11:03:56,720] {processor.py:163} INFO - Started process (PID=6718) to work on /home/airflow/.local/lib/python3.6/site-packages/airflow/example_dags/example_branch_python_dop_operator_3.py
[2025-05-31 11:03:56,722] {processor.py:642} INFO - Processing file /home/airflow/.local/lib/python3.6/site-packages/airflow/example_dags/example_branch_python_dop_operator_3.py for tasks to queue
[2025-05-31 11:03:56,723] {logging_mixin.py:109} INFO - [2025-05-31 11:03:56,723] {dagbag.py:500} INFO - Filling up the DagBag from /home/airflow/.local/lib/python3.6/site-packages/airflow/example_dags/example_branch_python_dop_operator_3.py
[2025-05-31 11:03:56,760] {processor.py:654} INFO - DAG(s) dict_keys(['example_branch_dop_operator_v3']) retrieved from /home/airflow/.local/lib/python3.6/site-packages/airflow/example_dags/example_branch_python_dop_operator_3.py
[2025-05-31 11:03:56,773] {logging_mixin.py:109} INFO - [2025-05-31 11:03:56,773] {dag.py:2396} INFO - Sync 1 DAGs
[2025-05-31 11:03:56,801] {logging_mixin.py:109} INFO - [2025-05-31 11:03:56,801] {dag.py:2935} INFO - Setting next_dagrun for example_branch_dop_operator_v3 to 2025-05-31T11:02:00+00:00
[2025-05-31 11:03:56,819] {processor.py:171} INFO - Processing /home/airflow/.local/lib/python3.6/site-packages/airflow/example_dags/example_branch_python_dop_operator_3.py took 0.103 seconds
[2025-05-31 11:04:27,865] {processor.py:163} INFO - Started process (PID=6907) to work on /home/airflow/.local/lib/python3.6/site-packages/airflow/example_dags/example_branch_python_dop_operator_3.py
[2025-05-31 11:04:27,867] {processor.py:642} INFO - Processing file /home/airflow/.local/lib/python3.6/site-packages/airflow/example_dags/example_branch_python_dop_operator_3.py for tasks to queue
[2025-05-31 11:04:27,868] {logging_mixin.py:109} INFO - [2025-05-31 11:04:27,868] {dagbag.py:500} INFO - Filling up the DagBag from /home/airflow/.local/lib/python3.6/site-packages/airflow/example_dags/example_branch_python_dop_operator_3.py
[2025-05-31 11:04:27,922] {processor.py:654} INFO - DAG(s) dict_keys(['example_branch_dop_operator_v3']) retrieved from /home/airflow/.local/lib/python3.6/site-packages/airflow/example_dags/example_branch_python_dop_operator_3.py
[2025-05-31 11:04:27,941] {logging_mixin.py:109} INFO - [2025-05-31 11:04:27,941] {dag.py:2396} INFO - Sync 1 DAGs
[2025-05-31 11:04:27,981] {logging_mixin.py:109} INFO - [2025-05-31 11:04:27,981] {dag.py:2935} INFO - Setting next_dagrun for example_branch_dop_operator_v3 to 2025-05-31T11:03:00+00:00
[2025-05-31 11:04:27,997] {processor.py:171} INFO - Processing /home/airflow/.local/lib/python3.6/site-packages/airflow/example_dags/example_branch_python_dop_operator_3.py took 0.139 seconds
[2025-05-31 11:04:58,881] {processor.py:163} INFO - Started process (PID=7086) to work on /home/airflow/.local/lib/python3.6/site-packages/airflow/example_dags/example_branch_python_dop_operator_3.py
[2025-05-31 11:04:58,883] {processor.py:642} INFO - Processing file /home/airflow/.local/lib/python3.6/site-packages/airflow/example_dags/example_branch_python_dop_operator_3.py for tasks to queue
[2025-05-31 11:04:58,884] {logging_mixin.py:109} INFO - [2025-05-31 11:04:58,884] {dagbag.py:500} INFO - Filling up the DagBag from /home/airflow/.local/lib/python3.6/site-packages/airflow/example_dags/example_branch_python_dop_operator_3.py
[2025-05-31 11:04:58,934] {processor.py:654} INFO - DAG(s) dict_keys(['example_branch_dop_operator_v3']) retrieved from /home/airflow/.local/lib/python3.6/site-packages/airflow/example_dags/example_branch_python_dop_operator_3.py
[2025-05-31 11:04:58,949] {logging_mixin.py:109} INFO - [2025-05-31 11:04:58,949] {dag.py:2396} INFO - Sync 1 DAGs
[2025-05-31 11:04:58,992] {logging_mixin.py:109} INFO - [2025-05-31 11:04:58,992] {dag.py:2935} INFO - Setting next_dagrun for example_branch_dop_operator_v3 to 2025-05-31T11:03:00+00:00
[2025-05-31 11:04:59,007] {processor.py:171} INFO - Processing /home/airflow/.local/lib/python3.6/site-packages/airflow/example_dags/example_branch_python_dop_operator_3.py took 0.132 seconds
[2025-05-31 11:05:29,574] {processor.py:163} INFO - Started process (PID=7266) to work on /home/airflow/.local/lib/python3.6/site-packages/airflow/example_dags/example_branch_python_dop_operator_3.py
[2025-05-31 11:05:29,576] {processor.py:642} INFO - Processing file /home/airflow/.local/lib/python3.6/site-packages/airflow/example_dags/example_branch_python_dop_operator_3.py for tasks to queue
[2025-05-31 11:05:29,577] {logging_mixin.py:109} INFO - [2025-05-31 11:05:29,577] {dagbag.py:500} INFO - Filling up the DagBag from /home/airflow/.local/lib/python3.6/site-packages/airflow/example_dags/example_branch_python_dop_operator_3.py
[2025-05-31 11:05:29,623] {processor.py:654} INFO - DAG(s) dict_keys(['example_branch_dop_operator_v3']) retrieved from /home/airflow/.local/lib/python3.6/site-packages/airflow/example_dags/example_branch_python_dop_operator_3.py
[2025-05-31 11:05:29,639] {logging_mixin.py:109} INFO - [2025-05-31 11:05:29,638] {dag.py:2396} INFO - Sync 1 DAGs
[2025-05-31 11:05:29,673] {logging_mixin.py:109} INFO - [2025-05-31 11:05:29,673] {dag.py:2935} INFO - Setting next_dagrun for example_branch_dop_operator_v3 to 2025-05-31T11:04:00+00:00
[2025-05-31 11:05:29,687] {processor.py:171} INFO - Processing /home/airflow/.local/lib/python3.6/site-packages/airflow/example_dags/example_branch_python_dop_operator_3.py took 0.119 seconds
[2025-05-31 11:06:04,797] {processor.py:163} INFO - Started process (PID=7461) to work on /home/airflow/.local/lib/python3.6/site-packages/airflow/example_dags/example_branch_python_dop_operator_3.py
[2025-05-31 11:06:04,801] {processor.py:642} INFO - Processing file /home/airflow/.local/lib/python3.6/site-packages/airflow/example_dags/example_branch_python_dop_operator_3.py for tasks to queue
[2025-05-31 11:06:04,803] {logging_mixin.py:109} INFO - [2025-05-31 11:06:04,803] {dagbag.py:500} INFO - Filling up the DagBag from /home/airflow/.local/lib/python3.6/site-packages/airflow/example_dags/example_branch_python_dop_operator_3.py
[2025-05-31 11:06:04,906] {processor.py:654} INFO - DAG(s) dict_keys(['example_branch_dop_operator_v3']) retrieved from /home/airflow/.local/lib/python3.6/site-packages/airflow/example_dags/example_branch_python_dop_operator_3.py
[2025-05-31 11:06:04,936] {logging_mixin.py:109} INFO - [2025-05-31 11:06:04,936] {dag.py:2396} INFO - Sync 1 DAGs
[2025-05-31 11:06:05,009] {logging_mixin.py:109} INFO - [2025-05-31 11:06:05,009] {dag.py:2935} INFO - Setting next_dagrun for example_branch_dop_operator_v3 to 2025-05-31T11:05:00+00:00
[2025-05-31 11:06:05,031] {processor.py:171} INFO - Processing /home/airflow/.local/lib/python3.6/site-packages/airflow/example_dags/example_branch_python_dop_operator_3.py took 0.249 seconds
[2025-05-31 11:06:35,885] {processor.py:163} INFO - Started process (PID=7641) to work on /home/airflow/.local/lib/python3.6/site-packages/airflow/example_dags/example_branch_python_dop_operator_3.py
[2025-05-31 11:06:35,888] {processor.py:642} INFO - Processing file /home/airflow/.local/lib/python3.6/site-packages/airflow/example_dags/example_branch_python_dop_operator_3.py for tasks to queue
[2025-05-31 11:06:35,890] {logging_mixin.py:109} INFO - [2025-05-31 11:06:35,890] {dagbag.py:500} INFO - Filling up the DagBag from /home/airflow/.local/lib/python3.6/site-packages/airflow/example_dags/example_branch_python_dop_operator_3.py
[2025-05-31 11:06:35,947] {processor.py:654} INFO - DAG(s) dict_keys(['example_branch_dop_operator_v3']) retrieved from /home/airflow/.local/lib/python3.6/site-packages/airflow/example_dags/example_branch_python_dop_operator_3.py
[2025-05-31 11:06:35,968] {logging_mixin.py:109} INFO - [2025-05-31 11:06:35,967] {dag.py:2396} INFO - Sync 1 DAGs
[2025-05-31 11:06:36,014] {logging_mixin.py:109} INFO - [2025-05-31 11:06:36,014] {dag.py:2935} INFO - Setting next_dagrun for example_branch_dop_operator_v3 to 2025-05-31T11:05:00+00:00
[2025-05-31 11:06:36,029] {processor.py:171} INFO - Processing /home/airflow/.local/lib/python3.6/site-packages/airflow/example_dags/example_branch_python_dop_operator_3.py took 0.150 seconds
[2025-05-31 11:07:06,444] {processor.py:163} INFO - Started process (PID=7821) to work on /home/airflow/.local/lib/python3.6/site-packages/airflow/example_dags/example_branch_python_dop_operator_3.py
[2025-05-31 11:07:06,446] {processor.py:642} INFO - Processing file /home/airflow/.local/lib/python3.6/site-packages/airflow/example_dags/example_branch_python_dop_operator_3.py for tasks to queue
[2025-05-31 11:07:06,447] {logging_mixin.py:109} INFO - [2025-05-31 11:07:06,447] {dagbag.py:500} INFO - Filling up the DagBag from /home/airflow/.local/lib/python3.6/site-packages/airflow/example_dags/example_branch_python_dop_operator_3.py
[2025-05-31 11:07:06,493] {processor.py:654} INFO - DAG(s) dict_keys(['example_branch_dop_operator_v3']) retrieved from /home/airflow/.local/lib/python3.6/site-packages/airflow/example_dags/example_branch_python_dop_operator_3.py
[2025-05-31 11:07:06,508] {logging_mixin.py:109} INFO - [2025-05-31 11:07:06,508] {dag.py:2396} INFO - Sync 1 DAGs
[2025-05-31 11:07:06,539] {logging_mixin.py:109} INFO - [2025-05-31 11:07:06,539] {dag.py:2935} INFO - Setting next_dagrun for example_branch_dop_operator_v3 to 2025-05-31T11:06:00+00:00
[2025-05-31 11:07:06,551] {processor.py:171} INFO - Processing /home/airflow/.local/lib/python3.6/site-packages/airflow/example_dags/example_branch_python_dop_operator_3.py took 0.112 seconds
[2025-05-31 11:07:37,061] {processor.py:163} INFO - Started process (PID=8010) to work on /home/airflow/.local/lib/python3.6/site-packages/airflow/example_dags/example_branch_python_dop_operator_3.py
[2025-05-31 11:07:37,065] {processor.py:642} INFO - Processing file /home/airflow/.local/lib/python3.6/site-packages/airflow/example_dags/example_branch_python_dop_operator_3.py for tasks to queue
[2025-05-31 11:07:37,067] {logging_mixin.py:109} INFO - [2025-05-31 11:07:37,066] {dagbag.py:500} INFO - Filling up the DagBag from /home/airflow/.local/lib/python3.6/site-packages/airflow/example_dags/example_branch_python_dop_operator_3.py
[2025-05-31 11:07:37,123] {processor.py:654} INFO - DAG(s) dict_keys(['example_branch_dop_operator_v3']) retrieved from /home/airflow/.local/lib/python3.6/site-packages/airflow/example_dags/example_branch_python_dop_operator_3.py
[2025-05-31 11:07:37,145] {logging_mixin.py:109} INFO - [2025-05-31 11:07:37,145] {dag.py:2396} INFO - Sync 1 DAGs
[2025-05-31 11:07:37,197] {logging_mixin.py:109} INFO - [2025-05-31 11:07:37,197] {dag.py:2935} INFO - Setting next_dagrun for example_branch_dop_operator_v3 to 2025-05-31T11:06:00+00:00
[2025-05-31 11:07:37,216] {processor.py:171} INFO - Processing /home/airflow/.local/lib/python3.6/site-packages/airflow/example_dags/example_branch_python_dop_operator_3.py took 0.162 seconds
[2025-05-31 11:08:07,449] {processor.py:163} INFO - Started process (PID=8191) to work on /home/airflow/.local/lib/python3.6/site-packages/airflow/example_dags/example_branch_python_dop_operator_3.py
[2025-05-31 11:08:07,451] {processor.py:642} INFO - Processing file /home/airflow/.local/lib/python3.6/site-packages/airflow/example_dags/example_branch_python_dop_operator_3.py for tasks to queue
[2025-05-31 11:08:07,452] {logging_mixin.py:109} INFO - [2025-05-31 11:08:07,452] {dagbag.py:500} INFO - Filling up the DagBag from /home/airflow/.local/lib/python3.6/site-packages/airflow/example_dags/example_branch_python_dop_operator_3.py
[2025-05-31 11:08:07,490] {processor.py:654} INFO - DAG(s) dict_keys(['example_branch_dop_operator_v3']) retrieved from /home/airflow/.local/lib/python3.6/site-packages/airflow/example_dags/example_branch_python_dop_operator_3.py
[2025-05-31 11:08:07,504] {logging_mixin.py:109} INFO - [2025-05-31 11:08:07,503] {dag.py:2396} INFO - Sync 1 DAGs
[2025-05-31 11:08:07,540] {logging_mixin.py:109} INFO - [2025-05-31 11:08:07,540] {dag.py:2935} INFO - Setting next_dagrun for example_branch_dop_operator_v3 to 2025-05-31T11:07:00+00:00
[2025-05-31 11:08:07,553] {processor.py:171} INFO - Processing /home/airflow/.local/lib/python3.6/site-packages/airflow/example_dags/example_branch_python_dop_operator_3.py took 0.109 seconds
[2025-05-31 11:08:38,300] {processor.py:163} INFO - Started process (PID=8371) to work on /home/airflow/.local/lib/python3.6/site-packages/airflow/example_dags/example_branch_python_dop_operator_3.py
[2025-05-31 11:08:38,302] {processor.py:642} INFO - Processing file /home/airflow/.local/lib/python3.6/site-packages/airflow/example_dags/example_branch_python_dop_operator_3.py for tasks to queue
[2025-05-31 11:08:38,303] {logging_mixin.py:109} INFO - [2025-05-31 11:08:38,303] {dagbag.py:500} INFO - Filling up the DagBag from /home/airflow/.local/lib/python3.6/site-packages/airflow/example_dags/example_branch_python_dop_operator_3.py
[2025-05-31 11:08:38,344] {processor.py:654} INFO - DAG(s) dict_keys(['example_branch_dop_operator_v3']) retrieved from /home/airflow/.local/lib/python3.6/site-packages/airflow/example_dags/example_branch_python_dop_operator_3.py
[2025-05-31 11:08:38,358] {logging_mixin.py:109} INFO - [2025-05-31 11:08:38,358] {dag.py:2396} INFO - Sync 1 DAGs
[2025-05-31 11:08:38,393] {logging_mixin.py:109} INFO - [2025-05-31 11:08:38,393] {dag.py:2935} INFO - Setting next_dagrun for example_branch_dop_operator_v3 to 2025-05-31T11:07:00+00:00
[2025-05-31 11:08:38,405] {processor.py:171} INFO - Processing /home/airflow/.local/lib/python3.6/site-packages/airflow/example_dags/example_branch_python_dop_operator_3.py took 0.111 seconds
[2025-05-31 11:09:09,414] {processor.py:163} INFO - Started process (PID=8561) to work on /home/airflow/.local/lib/python3.6/site-packages/airflow/example_dags/example_branch_python_dop_operator_3.py
[2025-05-31 11:09:09,418] {processor.py:642} INFO - Processing file /home/airflow/.local/lib/python3.6/site-packages/airflow/example_dags/example_branch_python_dop_operator_3.py for tasks to queue
[2025-05-31 11:09:09,419] {logging_mixin.py:109} INFO - [2025-05-31 11:09:09,419] {dagbag.py:500} INFO - Filling up the DagBag from /home/airflow/.local/lib/python3.6/site-packages/airflow/example_dags/example_branch_python_dop_operator_3.py
[2025-05-31 11:09:09,477] {processor.py:654} INFO - DAG(s) dict_keys(['example_branch_dop_operator_v3']) retrieved from /home/airflow/.local/lib/python3.6/site-packages/airflow/example_dags/example_branch_python_dop_operator_3.py
[2025-05-31 11:09:09,496] {logging_mixin.py:109} INFO - [2025-05-31 11:09:09,496] {dag.py:2396} INFO - Sync 1 DAGs
[2025-05-31 11:09:09,538] {logging_mixin.py:109} INFO - [2025-05-31 11:09:09,538] {dag.py:2935} INFO - Setting next_dagrun for example_branch_dop_operator_v3 to 2025-05-31T11:08:00+00:00
[2025-05-31 11:09:09,556] {processor.py:171} INFO - Processing /home/airflow/.local/lib/python3.6/site-packages/airflow/example_dags/example_branch_python_dop_operator_3.py took 0.146 seconds
[2025-05-31 11:09:40,005] {processor.py:163} INFO - Started process (PID=8740) to work on /home/airflow/.local/lib/python3.6/site-packages/airflow/example_dags/example_branch_python_dop_operator_3.py
[2025-05-31 11:09:40,007] {processor.py:642} INFO - Processing file /home/airflow/.local/lib/python3.6/site-packages/airflow/example_dags/example_branch_python_dop_operator_3.py for tasks to queue
[2025-05-31 11:09:40,008] {logging_mixin.py:109} INFO - [2025-05-31 11:09:40,008] {dagbag.py:500} INFO - Filling up the DagBag from /home/airflow/.local/lib/python3.6/site-packages/airflow/example_dags/example_branch_python_dop_operator_3.py
[2025-05-31 11:09:40,048] {processor.py:654} INFO - DAG(s) dict_keys(['example_branch_dop_operator_v3']) retrieved from /home/airflow/.local/lib/python3.6/site-packages/airflow/example_dags/example_branch_python_dop_operator_3.py
[2025-05-31 11:09:40,063] {logging_mixin.py:109} INFO - [2025-05-31 11:09:40,063] {dag.py:2396} INFO - Sync 1 DAGs
[2025-05-31 11:09:40,114] {logging_mixin.py:109} INFO - [2025-05-31 11:09:40,114] {dag.py:2935} INFO - Setting next_dagrun for example_branch_dop_operator_v3 to 2025-05-31T11:08:00+00:00
[2025-05-31 11:09:40,134] {processor.py:171} INFO - Processing /home/airflow/.local/lib/python3.6/site-packages/airflow/example_dags/example_branch_python_dop_operator_3.py took 0.134 seconds
[2025-05-31 11:10:10,848] {processor.py:163} INFO - Started process (PID=8920) to work on /home/airflow/.local/lib/python3.6/site-packages/airflow/example_dags/example_branch_python_dop_operator_3.py
[2025-05-31 11:10:10,850] {processor.py:642} INFO - Processing file /home/airflow/.local/lib/python3.6/site-packages/airflow/example_dags/example_branch_python_dop_operator_3.py for tasks to queue
[2025-05-31 11:10:10,851] {logging_mixin.py:109} INFO - [2025-05-31 11:10:10,851] {dagbag.py:500} INFO - Filling up the DagBag from /home/airflow/.local/lib/python3.6/site-packages/airflow/example_dags/example_branch_python_dop_operator_3.py
[2025-05-31 11:10:10,895] {processor.py:654} INFO - DAG(s) dict_keys(['example_branch_dop_operator_v3']) retrieved from /home/airflow/.local/lib/python3.6/site-packages/airflow/example_dags/example_branch_python_dop_operator_3.py
[2025-05-31 11:10:10,914] {logging_mixin.py:109} INFO - [2025-05-31 11:10:10,914] {dag.py:2396} INFO - Sync 1 DAGs
[2025-05-31 11:10:10,952] {logging_mixin.py:109} INFO - [2025-05-31 11:10:10,952] {dag.py:2935} INFO - Setting next_dagrun for example_branch_dop_operator_v3 to 2025-05-31T11:09:00+00:00
[2025-05-31 11:10:10,966] {processor.py:171} INFO - Processing /home/airflow/.local/lib/python3.6/site-packages/airflow/example_dags/example_branch_python_dop_operator_3.py took 0.123 seconds
[2025-05-31 11:10:42,741] {processor.py:163} INFO - Started process (PID=9110) to work on /home/airflow/.local/lib/python3.6/site-packages/airflow/example_dags/example_branch_python_dop_operator_3.py
[2025-05-31 11:10:42,745] {processor.py:642} INFO - Processing file /home/airflow/.local/lib/python3.6/site-packages/airflow/example_dags/example_branch_python_dop_operator_3.py for tasks to queue
[2025-05-31 11:10:42,754] {logging_mixin.py:109} INFO - [2025-05-31 11:10:42,749] {dagbag.py:500} INFO - Filling up the DagBag from /home/airflow/.local/lib/python3.6/site-packages/airflow/example_dags/example_branch_python_dop_operator_3.py
[2025-05-31 11:10:42,839] {processor.py:654} INFO - DAG(s) dict_keys(['example_branch_dop_operator_v3']) retrieved from /home/airflow/.local/lib/python3.6/site-packages/airflow/example_dags/example_branch_python_dop_operator_3.py
[2025-05-31 11:10:42,884] {logging_mixin.py:109} INFO - [2025-05-31 11:10:42,884] {dag.py:2396} INFO - Sync 1 DAGs
[2025-05-31 11:10:43,025] {logging_mixin.py:109} INFO - [2025-05-31 11:10:43,024] {dag.py:2935} INFO - Setting next_dagrun for example_branch_dop_operator_v3 to 2025-05-31T11:09:00+00:00
[2025-05-31 11:10:43,060] {processor.py:171} INFO - Processing /home/airflow/.local/lib/python3.6/site-packages/airflow/example_dags/example_branch_python_dop_operator_3.py took 0.326 seconds
[2025-05-31 11:11:14,614] {processor.py:163} INFO - Started process (PID=9295) to work on /home/airflow/.local/lib/python3.6/site-packages/airflow/example_dags/example_branch_python_dop_operator_3.py
[2025-05-31 11:11:14,616] {processor.py:642} INFO - Processing file /home/airflow/.local/lib/python3.6/site-packages/airflow/example_dags/example_branch_python_dop_operator_3.py for tasks to queue
[2025-05-31 11:11:14,618] {logging_mixin.py:109} INFO - [2025-05-31 11:11:14,618] {dagbag.py:500} INFO - Filling up the DagBag from /home/airflow/.local/lib/python3.6/site-packages/airflow/example_dags/example_branch_python_dop_operator_3.py
[2025-05-31 11:11:14,669] {processor.py:654} INFO - DAG(s) dict_keys(['example_branch_dop_operator_v3']) retrieved from /home/airflow/.local/lib/python3.6/site-packages/airflow/example_dags/example_branch_python_dop_operator_3.py
[2025-05-31 11:11:14,686] {logging_mixin.py:109} INFO - [2025-05-31 11:11:14,686] {dag.py:2396} INFO - Sync 1 DAGs
[2025-05-31 11:11:14,843] {logging_mixin.py:109} INFO - [2025-05-31 11:11:14,843] {dag.py:2935} INFO - Setting next_dagrun for example_branch_dop_operator_v3 to 2025-05-31T11:10:00+00:00
[2025-05-31 11:11:14,857] {processor.py:171} INFO - Processing /home/airflow/.local/lib/python3.6/site-packages/airflow/example_dags/example_branch_python_dop_operator_3.py took 0.251 seconds
[2025-05-31 11:11:45,225] {processor.py:163} INFO - Started process (PID=9475) to work on /home/airflow/.local/lib/python3.6/site-packages/airflow/example_dags/example_branch_python_dop_operator_3.py
[2025-05-31 11:11:45,228] {processor.py:642} INFO - Processing file /home/airflow/.local/lib/python3.6/site-packages/airflow/example_dags/example_branch_python_dop_operator_3.py for tasks to queue
[2025-05-31 11:11:45,230] {logging_mixin.py:109} INFO - [2025-05-31 11:11:45,230] {dagbag.py:500} INFO - Filling up the DagBag from /home/airflow/.local/lib/python3.6/site-packages/airflow/example_dags/example_branch_python_dop_operator_3.py
[2025-05-31 11:11:45,281] {processor.py:654} INFO - DAG(s) dict_keys(['example_branch_dop_operator_v3']) retrieved from /home/airflow/.local/lib/python3.6/site-packages/airflow/example_dags/example_branch_python_dop_operator_3.py
[2025-05-31 11:11:45,300] {logging_mixin.py:109} INFO - [2025-05-31 11:11:45,299] {dag.py:2396} INFO - Sync 1 DAGs
[2025-05-31 11:11:45,442] {logging_mixin.py:109} INFO - [2025-05-31 11:11:45,442] {dag.py:2935} INFO - Setting next_dagrun for example_branch_dop_operator_v3 to 2025-05-31T11:10:00+00:00
[2025-05-31 11:11:45,457] {processor.py:171} INFO - Processing /home/airflow/.local/lib/python3.6/site-packages/airflow/example_dags/example_branch_python_dop_operator_3.py took 0.241 seconds
[2025-05-31 11:12:16,729] {processor.py:163} INFO - Started process (PID=9670) to work on /home/airflow/.local/lib/python3.6/site-packages/airflow/example_dags/example_branch_python_dop_operator_3.py
[2025-05-31 11:12:16,731] {processor.py:642} INFO - Processing file /home/airflow/.local/lib/python3.6/site-packages/airflow/example_dags/example_branch_python_dop_operator_3.py for tasks to queue
[2025-05-31 11:12:16,732] {logging_mixin.py:109} INFO - [2025-05-31 11:12:16,732] {dagbag.py:500} INFO - Filling up the DagBag from /home/airflow/.local/lib/python3.6/site-packages/airflow/example_dags/example_branch_python_dop_operator_3.py
[2025-05-31 11:12:16,789] {processor.py:654} INFO - DAG(s) dict_keys(['example_branch_dop_operator_v3']) retrieved from /home/airflow/.local/lib/python3.6/site-packages/airflow/example_dags/example_branch_python_dop_operator_3.py
[2025-05-31 11:12:16,809] {logging_mixin.py:109} INFO - [2025-05-31 11:12:16,809] {dag.py:2396} INFO - Sync 1 DAGs
[2025-05-31 11:12:16,965] {logging_mixin.py:109} INFO - [2025-05-31 11:12:16,965] {dag.py:2935} INFO - Setting next_dagrun for example_branch_dop_operator_v3 to 2025-05-31T11:11:00+00:00
[2025-05-31 11:12:16,981] {processor.py:171} INFO - Processing /home/airflow/.local/lib/python3.6/site-packages/airflow/example_dags/example_branch_python_dop_operator_3.py took 0.258 seconds
[2025-05-31 11:12:48,268] {processor.py:163} INFO - Started process (PID=9850) to work on /home/airflow/.local/lib/python3.6/site-packages/airflow/example_dags/example_branch_python_dop_operator_3.py
[2025-05-31 11:12:48,270] {processor.py:642} INFO - Processing file /home/airflow/.local/lib/python3.6/site-packages/airflow/example_dags/example_branch_python_dop_operator_3.py for tasks to queue
[2025-05-31 11:12:48,271] {logging_mixin.py:109} INFO - [2025-05-31 11:12:48,271] {dagbag.py:500} INFO - Filling up the DagBag from /home/airflow/.local/lib/python3.6/site-packages/airflow/example_dags/example_branch_python_dop_operator_3.py
[2025-05-31 11:12:48,318] {processor.py:654} INFO - DAG(s) dict_keys(['example_branch_dop_operator_v3']) retrieved from /home/airflow/.local/lib/python3.6/site-packages/airflow/example_dags/example_branch_python_dop_operator_3.py
[2025-05-31 11:12:48,336] {logging_mixin.py:109} INFO - [2025-05-31 11:12:48,336] {dag.py:2396} INFO - Sync 1 DAGs
[2025-05-31 11:12:47,716] {logging_mixin.py:109} INFO - [2025-05-31 11:12:47,716] {dag.py:2935} INFO - Setting next_dagrun for example_branch_dop_operator_v3 to 2025-05-31T11:11:00+00:00
[2025-05-31 11:12:47,736] {processor.py:171} INFO - Processing /home/airflow/.local/lib/python3.6/site-packages/airflow/example_dags/example_branch_python_dop_operator_3.py took 0.244 seconds
[2025-05-31 11:13:17,883] {processor.py:163} INFO - Started process (PID=10010) to work on /home/airflow/.local/lib/python3.6/site-packages/airflow/example_dags/example_branch_python_dop_operator_3.py
[2025-05-31 11:13:17,884] {processor.py:642} INFO - Processing file /home/airflow/.local/lib/python3.6/site-packages/airflow/example_dags/example_branch_python_dop_operator_3.py for tasks to queue
[2025-05-31 11:13:17,885] {logging_mixin.py:109} INFO - [2025-05-31 11:13:17,885] {dagbag.py:500} INFO - Filling up the DagBag from /home/airflow/.local/lib/python3.6/site-packages/airflow/example_dags/example_branch_python_dop_operator_3.py
[2025-05-31 11:13:18,009] {processor.py:654} INFO - DAG(s) dict_keys(['example_branch_dop_operator_v3']) retrieved from /home/airflow/.local/lib/python3.6/site-packages/airflow/example_dags/example_branch_python_dop_operator_3.py
[2025-05-31 11:13:18,021] {logging_mixin.py:109} INFO - [2025-05-31 11:13:18,021] {dag.py:2396} INFO - Sync 1 DAGs
[2025-05-31 11:13:18,047] {logging_mixin.py:109} INFO - [2025-05-31 11:13:18,047] {dag.py:2935} INFO - Setting next_dagrun for example_branch_dop_operator_v3 to 2025-05-31T11:12:00+00:00
[2025-05-31 11:13:18,061] {processor.py:171} INFO - Processing /home/airflow/.local/lib/python3.6/site-packages/airflow/example_dags/example_branch_python_dop_operator_3.py took 0.183 seconds
[2025-05-31 11:13:49,632] {processor.py:163} INFO - Started process (PID=10205) to work on /home/airflow/.local/lib/python3.6/site-packages/airflow/example_dags/example_branch_python_dop_operator_3.py
[2025-05-31 11:13:49,635] {processor.py:642} INFO - Processing file /home/airflow/.local/lib/python3.6/site-packages/airflow/example_dags/example_branch_python_dop_operator_3.py for tasks to queue
[2025-05-31 11:13:49,636] {logging_mixin.py:109} INFO - [2025-05-31 11:13:49,636] {dagbag.py:500} INFO - Filling up the DagBag from /home/airflow/.local/lib/python3.6/site-packages/airflow/example_dags/example_branch_python_dop_operator_3.py
[2025-05-31 11:13:49,844] {processor.py:654} INFO - DAG(s) dict_keys(['example_branch_dop_operator_v3']) retrieved from /home/airflow/.local/lib/python3.6/site-packages/airflow/example_dags/example_branch_python_dop_operator_3.py
[2025-05-31 11:13:49,871] {logging_mixin.py:109} INFO - [2025-05-31 11:13:49,870] {dag.py:2396} INFO - Sync 1 DAGs
[2025-05-31 11:13:49,930] {logging_mixin.py:109} INFO - [2025-05-31 11:13:49,930] {dag.py:2935} INFO - Setting next_dagrun for example_branch_dop_operator_v3 to 2025-05-31T11:12:00+00:00
[2025-05-31 11:13:49,955] {processor.py:171} INFO - Processing /home/airflow/.local/lib/python3.6/site-packages/airflow/example_dags/example_branch_python_dop_operator_3.py took 0.330 seconds
[2025-05-31 11:14:20,709] {processor.py:163} INFO - Started process (PID=10390) to work on /home/airflow/.local/lib/python3.6/site-packages/airflow/example_dags/example_branch_python_dop_operator_3.py
[2025-05-31 11:14:20,711] {processor.py:642} INFO - Processing file /home/airflow/.local/lib/python3.6/site-packages/airflow/example_dags/example_branch_python_dop_operator_3.py for tasks to queue
[2025-05-31 11:14:20,713] {logging_mixin.py:109} INFO - [2025-05-31 11:14:20,712] {dagbag.py:500} INFO - Filling up the DagBag from /home/airflow/.local/lib/python3.6/site-packages/airflow/example_dags/example_branch_python_dop_operator_3.py
[2025-05-31 11:14:20,853] {processor.py:654} INFO - DAG(s) dict_keys(['example_branch_dop_operator_v3']) retrieved from /home/airflow/.local/lib/python3.6/site-packages/airflow/example_dags/example_branch_python_dop_operator_3.py
[2025-05-31 11:14:20,867] {logging_mixin.py:109} INFO - [2025-05-31 11:14:20,867] {dag.py:2396} INFO - Sync 1 DAGs
[2025-05-31 11:14:20,904] {logging_mixin.py:109} INFO - [2025-05-31 11:14:20,904] {dag.py:2935} INFO - Setting next_dagrun for example_branch_dop_operator_v3 to 2025-05-31T11:13:00+00:00
[2025-05-31 11:14:20,918] {processor.py:171} INFO - Processing /home/airflow/.local/lib/python3.6/site-packages/airflow/example_dags/example_branch_python_dop_operator_3.py took 0.214 seconds
[2025-05-31 11:14:52,032] {processor.py:163} INFO - Started process (PID=10580) to work on /home/airflow/.local/lib/python3.6/site-packages/airflow/example_dags/example_branch_python_dop_operator_3.py
[2025-05-31 11:14:52,034] {processor.py:642} INFO - Processing file /home/airflow/.local/lib/python3.6/site-packages/airflow/example_dags/example_branch_python_dop_operator_3.py for tasks to queue
[2025-05-31 11:14:52,035] {logging_mixin.py:109} INFO - [2025-05-31 11:14:52,035] {dagbag.py:500} INFO - Filling up the DagBag from /home/airflow/.local/lib/python3.6/site-packages/airflow/example_dags/example_branch_python_dop_operator_3.py
[2025-05-31 11:14:52,173] {processor.py:654} INFO - DAG(s) dict_keys(['example_branch_dop_operator_v3']) retrieved from /home/airflow/.local/lib/python3.6/site-packages/airflow/example_dags/example_branch_python_dop_operator_3.py
[2025-05-31 11:14:52,203] {logging_mixin.py:109} INFO - [2025-05-31 11:14:52,203] {dag.py:2396} INFO - Sync 1 DAGs
[2025-05-31 11:14:52,258] {logging_mixin.py:109} INFO - [2025-05-31 11:14:52,258] {dag.py:2935} INFO - Setting next_dagrun for example_branch_dop_operator_v3 to 2025-05-31T11:13:00+00:00
[2025-05-31 11:14:52,290] {processor.py:171} INFO - Processing /home/airflow/.local/lib/python3.6/site-packages/airflow/example_dags/example_branch_python_dop_operator_3.py took 0.263 seconds
[2025-05-31 11:15:24,061] {processor.py:163} INFO - Started process (PID=10771) to work on /home/airflow/.local/lib/python3.6/site-packages/airflow/example_dags/example_branch_python_dop_operator_3.py
[2025-05-31 11:15:24,063] {processor.py:642} INFO - Processing file /home/airflow/.local/lib/python3.6/site-packages/airflow/example_dags/example_branch_python_dop_operator_3.py for tasks to queue
[2025-05-31 11:15:24,064] {logging_mixin.py:109} INFO - [2025-05-31 11:15:24,064] {dagbag.py:500} INFO - Filling up the DagBag from /home/airflow/.local/lib/python3.6/site-packages/airflow/example_dags/example_branch_python_dop_operator_3.py
[2025-05-31 11:15:24,197] {processor.py:654} INFO - DAG(s) dict_keys(['example_branch_dop_operator_v3']) retrieved from /home/airflow/.local/lib/python3.6/site-packages/airflow/example_dags/example_branch_python_dop_operator_3.py
[2025-05-31 11:15:24,214] {logging_mixin.py:109} INFO - [2025-05-31 11:15:24,214] {dag.py:2396} INFO - Sync 1 DAGs
[2025-05-31 11:15:24,251] {logging_mixin.py:109} INFO - [2025-05-31 11:15:24,251] {dag.py:2935} INFO - Setting next_dagrun for example_branch_dop_operator_v3 to 2025-05-31T11:14:00+00:00
[2025-05-31 11:15:24,275] {processor.py:171} INFO - Processing /home/airflow/.local/lib/python3.6/site-packages/airflow/example_dags/example_branch_python_dop_operator_3.py took 0.219 seconds
[2025-05-31 11:15:54,777] {processor.py:163} INFO - Started process (PID=10969) to work on /home/airflow/.local/lib/python3.6/site-packages/airflow/example_dags/example_branch_python_dop_operator_3.py
[2025-05-31 11:15:54,779] {processor.py:642} INFO - Processing file /home/airflow/.local/lib/python3.6/site-packages/airflow/example_dags/example_branch_python_dop_operator_3.py for tasks to queue
[2025-05-31 11:15:54,780] {logging_mixin.py:109} INFO - [2025-05-31 11:15:54,780] {dagbag.py:500} INFO - Filling up the DagBag from /home/airflow/.local/lib/python3.6/site-packages/airflow/example_dags/example_branch_python_dop_operator_3.py
[2025-05-31 11:15:54,817] {processor.py:654} INFO - DAG(s) dict_keys(['example_branch_dop_operator_v3']) retrieved from /home/airflow/.local/lib/python3.6/site-packages/airflow/example_dags/example_branch_python_dop_operator_3.py
[2025-05-31 11:15:54,831] {logging_mixin.py:109} INFO - [2025-05-31 11:15:54,831] {dag.py:2396} INFO - Sync 1 DAGs
[2025-05-31 11:15:54,862] {logging_mixin.py:109} INFO - [2025-05-31 11:15:54,862] {dag.py:2935} INFO - Setting next_dagrun for example_branch_dop_operator_v3 to 2025-05-31T11:14:00+00:00
[2025-05-31 11:15:54,875] {processor.py:171} INFO - Processing /home/airflow/.local/lib/python3.6/site-packages/airflow/example_dags/example_branch_python_dop_operator_3.py took 0.105 seconds
[2025-05-31 11:16:25,936] {processor.py:163} INFO - Started process (PID=11179) to work on /home/airflow/.local/lib/python3.6/site-packages/airflow/example_dags/example_branch_python_dop_operator_3.py
[2025-05-31 11:16:25,938] {processor.py:642} INFO - Processing file /home/airflow/.local/lib/python3.6/site-packages/airflow/example_dags/example_branch_python_dop_operator_3.py for tasks to queue
[2025-05-31 11:16:25,940] {logging_mixin.py:109} INFO - [2025-05-31 11:16:25,939] {dagbag.py:500} INFO - Filling up the DagBag from /home/airflow/.local/lib/python3.6/site-packages/airflow/example_dags/example_branch_python_dop_operator_3.py
[2025-05-31 11:16:25,989] {processor.py:654} INFO - DAG(s) dict_keys(['example_branch_dop_operator_v3']) retrieved from /home/airflow/.local/lib/python3.6/site-packages/airflow/example_dags/example_branch_python_dop_operator_3.py
[2025-05-31 11:16:26,006] {logging_mixin.py:109} INFO - [2025-05-31 11:16:26,006] {dag.py:2396} INFO - Sync 1 DAGs
[2025-05-31 11:16:26,043] {logging_mixin.py:109} INFO - [2025-05-31 11:16:26,042] {dag.py:2935} INFO - Setting next_dagrun for example_branch_dop_operator_v3 to 2025-05-31T11:15:00+00:00
[2025-05-31 11:16:26,059] {processor.py:171} INFO - Processing /home/airflow/.local/lib/python3.6/site-packages/airflow/example_dags/example_branch_python_dop_operator_3.py took 0.128 seconds
[2025-05-31 11:16:56,920] {processor.py:163} INFO - Started process (PID=11374) to work on /home/airflow/.local/lib/python3.6/site-packages/airflow/example_dags/example_branch_python_dop_operator_3.py
[2025-05-31 11:16:56,923] {processor.py:642} INFO - Processing file /home/airflow/.local/lib/python3.6/site-packages/airflow/example_dags/example_branch_python_dop_operator_3.py for tasks to queue
[2025-05-31 11:16:56,925] {logging_mixin.py:109} INFO - [2025-05-31 11:16:56,925] {dagbag.py:500} INFO - Filling up the DagBag from /home/airflow/.local/lib/python3.6/site-packages/airflow/example_dags/example_branch_python_dop_operator_3.py
[2025-05-31 11:16:56,990] {processor.py:654} INFO - DAG(s) dict_keys(['example_branch_dop_operator_v3']) retrieved from /home/airflow/.local/lib/python3.6/site-packages/airflow/example_dags/example_branch_python_dop_operator_3.py
[2025-05-31 11:16:57,007] {logging_mixin.py:109} INFO - [2025-05-31 11:16:57,006] {dag.py:2396} INFO - Sync 1 DAGs
[2025-05-31 11:16:57,041] {logging_mixin.py:109} INFO - [2025-05-31 11:16:57,040] {dag.py:2935} INFO - Setting next_dagrun for example_branch_dop_operator_v3 to 2025-05-31T11:15:00+00:00
[2025-05-31 11:16:57,054] {processor.py:171} INFO - Processing /home/airflow/.local/lib/python3.6/site-packages/airflow/example_dags/example_branch_python_dop_operator_3.py took 0.139 seconds
[2025-05-31 11:17:27,310] {processor.py:163} INFO - Started process (PID=11559) to work on /home/airflow/.local/lib/python3.6/site-packages/airflow/example_dags/example_branch_python_dop_operator_3.py
[2025-05-31 11:17:27,312] {processor.py:642} INFO - Processing file /home/airflow/.local/lib/python3.6/site-packages/airflow/example_dags/example_branch_python_dop_operator_3.py for tasks to queue
[2025-05-31 11:17:27,313] {logging_mixin.py:109} INFO - [2025-05-31 11:17:27,313] {dagbag.py:500} INFO - Filling up the DagBag from /home/airflow/.local/lib/python3.6/site-packages/airflow/example_dags/example_branch_python_dop_operator_3.py
[2025-05-31 11:17:27,374] {processor.py:654} INFO - DAG(s) dict_keys(['example_branch_dop_operator_v3']) retrieved from /home/airflow/.local/lib/python3.6/site-packages/airflow/example_dags/example_branch_python_dop_operator_3.py
[2025-05-31 11:17:27,392] {logging_mixin.py:109} INFO - [2025-05-31 11:17:27,392] {dag.py:2396} INFO - Sync 1 DAGs
[2025-05-31 11:17:27,429] {logging_mixin.py:109} INFO - [2025-05-31 11:17:27,429] {dag.py:2935} INFO - Setting next_dagrun for example_branch_dop_operator_v3 to 2025-05-31T11:16:00+00:00
[2025-05-31 11:17:27,444] {processor.py:171} INFO - Processing /home/airflow/.local/lib/python3.6/site-packages/airflow/example_dags/example_branch_python_dop_operator_3.py took 0.139 seconds
[2025-05-31 11:17:58,377] {processor.py:163} INFO - Started process (PID=11744) to work on /home/airflow/.local/lib/python3.6/site-packages/airflow/example_dags/example_branch_python_dop_operator_3.py
[2025-05-31 11:17:58,380] {processor.py:642} INFO - Processing file /home/airflow/.local/lib/python3.6/site-packages/airflow/example_dags/example_branch_python_dop_operator_3.py for tasks to queue
[2025-05-31 11:17:58,382] {logging_mixin.py:109} INFO - [2025-05-31 11:17:58,381] {dagbag.py:500} INFO - Filling up the DagBag from /home/airflow/.local/lib/python3.6/site-packages/airflow/example_dags/example_branch_python_dop_operator_3.py
[2025-05-31 11:17:58,461] {processor.py:654} INFO - DAG(s) dict_keys(['example_branch_dop_operator_v3']) retrieved from /home/airflow/.local/lib/python3.6/site-packages/airflow/example_dags/example_branch_python_dop_operator_3.py
[2025-05-31 11:17:58,482] {logging_mixin.py:109} INFO - [2025-05-31 11:17:58,481] {dag.py:2396} INFO - Sync 1 DAGs
[2025-05-31 11:17:58,545] {logging_mixin.py:109} INFO - [2025-05-31 11:17:58,545] {dag.py:2935} INFO - Setting next_dagrun for example_branch_dop_operator_v3 to 2025-05-31T11:16:00+00:00
[2025-05-31 11:17:58,566] {processor.py:171} INFO - Processing /home/airflow/.local/lib/python3.6/site-packages/airflow/example_dags/example_branch_python_dop_operator_3.py took 0.199 seconds
[2025-05-31 11:18:28,895] {processor.py:163} INFO - Started process (PID=11941) to work on /home/airflow/.local/lib/python3.6/site-packages/airflow/example_dags/example_branch_python_dop_operator_3.py
[2025-05-31 11:18:28,897] {processor.py:642} INFO - Processing file /home/airflow/.local/lib/python3.6/site-packages/airflow/example_dags/example_branch_python_dop_operator_3.py for tasks to queue
[2025-05-31 11:18:28,899] {logging_mixin.py:109} INFO - [2025-05-31 11:18:28,898] {dagbag.py:500} INFO - Filling up the DagBag from /home/airflow/.local/lib/python3.6/site-packages/airflow/example_dags/example_branch_python_dop_operator_3.py
[2025-05-31 11:18:28,955] {processor.py:654} INFO - DAG(s) dict_keys(['example_branch_dop_operator_v3']) retrieved from /home/airflow/.local/lib/python3.6/site-packages/airflow/example_dags/example_branch_python_dop_operator_3.py
[2025-05-31 11:18:28,976] {logging_mixin.py:109} INFO - [2025-05-31 11:18:28,975] {dag.py:2396} INFO - Sync 1 DAGs
[2025-05-31 11:18:29,015] {logging_mixin.py:109} INFO - [2025-05-31 11:18:29,015] {dag.py:2935} INFO - Setting next_dagrun for example_branch_dop_operator_v3 to 2025-05-31T11:17:00+00:00
[2025-05-31 11:18:29,034] {processor.py:171} INFO - Processing /home/airflow/.local/lib/python3.6/site-packages/airflow/example_dags/example_branch_python_dop_operator_3.py took 0.144 seconds
[2025-05-31 11:19:00,292] {processor.py:163} INFO - Started process (PID=12124) to work on /home/airflow/.local/lib/python3.6/site-packages/airflow/example_dags/example_branch_python_dop_operator_3.py
[2025-05-31 11:19:00,294] {processor.py:642} INFO - Processing file /home/airflow/.local/lib/python3.6/site-packages/airflow/example_dags/example_branch_python_dop_operator_3.py for tasks to queue
[2025-05-31 11:19:00,295] {logging_mixin.py:109} INFO - [2025-05-31 11:19:00,295] {dagbag.py:500} INFO - Filling up the DagBag from /home/airflow/.local/lib/python3.6/site-packages/airflow/example_dags/example_branch_python_dop_operator_3.py
[2025-05-31 11:19:00,353] {processor.py:654} INFO - DAG(s) dict_keys(['example_branch_dop_operator_v3']) retrieved from /home/airflow/.local/lib/python3.6/site-packages/airflow/example_dags/example_branch_python_dop_operator_3.py
[2025-05-31 11:19:00,370] {logging_mixin.py:109} INFO - [2025-05-31 11:19:00,370] {dag.py:2396} INFO - Sync 1 DAGs
[2025-05-31 11:19:00,426] {logging_mixin.py:109} INFO - [2025-05-31 11:19:00,426] {dag.py:2935} INFO - Setting next_dagrun for example_branch_dop_operator_v3 to 2025-05-31T11:18:00+00:00
[2025-05-31 11:19:00,444] {processor.py:171} INFO - Processing /home/airflow/.local/lib/python3.6/site-packages/airflow/example_dags/example_branch_python_dop_operator_3.py took 0.158 seconds
[2025-05-31 11:19:30,961] {processor.py:163} INFO - Started process (PID=12309) to work on /home/airflow/.local/lib/python3.6/site-packages/airflow/example_dags/example_branch_python_dop_operator_3.py
[2025-05-31 11:19:30,964] {processor.py:642} INFO - Processing file /home/airflow/.local/lib/python3.6/site-packages/airflow/example_dags/example_branch_python_dop_operator_3.py for tasks to queue
[2025-05-31 11:19:30,966] {logging_mixin.py:109} INFO - [2025-05-31 11:19:30,965] {dagbag.py:500} INFO - Filling up the DagBag from /home/airflow/.local/lib/python3.6/site-packages/airflow/example_dags/example_branch_python_dop_operator_3.py
[2025-05-31 11:19:31,014] {processor.py:654} INFO - DAG(s) dict_keys(['example_branch_dop_operator_v3']) retrieved from /home/airflow/.local/lib/python3.6/site-packages/airflow/example_dags/example_branch_python_dop_operator_3.py
[2025-05-31 11:19:31,031] {logging_mixin.py:109} INFO - [2025-05-31 11:19:31,031] {dag.py:2396} INFO - Sync 1 DAGs
[2025-05-31 11:19:31,066] {logging_mixin.py:109} INFO - [2025-05-31 11:19:31,066] {dag.py:2935} INFO - Setting next_dagrun for example_branch_dop_operator_v3 to 2025-05-31T11:18:00+00:00
[2025-05-31 11:19:31,080] {processor.py:171} INFO - Processing /home/airflow/.local/lib/python3.6/site-packages/airflow/example_dags/example_branch_python_dop_operator_3.py took 0.125 seconds
[2025-05-31 11:20:01,865] {processor.py:163} INFO - Started process (PID=12506) to work on /home/airflow/.local/lib/python3.6/site-packages/airflow/example_dags/example_branch_python_dop_operator_3.py
[2025-05-31 11:20:01,867] {processor.py:642} INFO - Processing file /home/airflow/.local/lib/python3.6/site-packages/airflow/example_dags/example_branch_python_dop_operator_3.py for tasks to queue
[2025-05-31 11:20:01,868] {logging_mixin.py:109} INFO - [2025-05-31 11:20:01,867] {dagbag.py:500} INFO - Filling up the DagBag from /home/airflow/.local/lib/python3.6/site-packages/airflow/example_dags/example_branch_python_dop_operator_3.py
[2025-05-31 11:20:01,905] {processor.py:654} INFO - DAG(s) dict_keys(['example_branch_dop_operator_v3']) retrieved from /home/airflow/.local/lib/python3.6/site-packages/airflow/example_dags/example_branch_python_dop_operator_3.py
[2025-05-31 11:20:01,919] {logging_mixin.py:109} INFO - [2025-05-31 11:20:01,919] {dag.py:2396} INFO - Sync 1 DAGs
[2025-05-31 11:20:01,949] {logging_mixin.py:109} INFO - [2025-05-31 11:20:01,949] {dag.py:2935} INFO - Setting next_dagrun for example_branch_dop_operator_v3 to 2025-05-31T11:19:00+00:00
[2025-05-31 11:20:01,962] {processor.py:171} INFO - Processing /home/airflow/.local/lib/python3.6/site-packages/airflow/example_dags/example_branch_python_dop_operator_3.py took 0.101 seconds
[2025-05-31 11:20:32,640] {processor.py:163} INFO - Started process (PID=12691) to work on /home/airflow/.local/lib/python3.6/site-packages/airflow/example_dags/example_branch_python_dop_operator_3.py
[2025-05-31 11:20:32,646] {processor.py:642} INFO - Processing file /home/airflow/.local/lib/python3.6/site-packages/airflow/example_dags/example_branch_python_dop_operator_3.py for tasks to queue
[2025-05-31 11:20:32,648] {logging_mixin.py:109} INFO - [2025-05-31 11:20:32,647] {dagbag.py:500} INFO - Filling up the DagBag from /home/airflow/.local/lib/python3.6/site-packages/airflow/example_dags/example_branch_python_dop_operator_3.py
[2025-05-31 11:20:32,704] {processor.py:654} INFO - DAG(s) dict_keys(['example_branch_dop_operator_v3']) retrieved from /home/airflow/.local/lib/python3.6/site-packages/airflow/example_dags/example_branch_python_dop_operator_3.py
[2025-05-31 11:20:32,721] {logging_mixin.py:109} INFO - [2025-05-31 11:20:32,721] {dag.py:2396} INFO - Sync 1 DAGs
[2025-05-31 11:20:32,754] {logging_mixin.py:109} INFO - [2025-05-31 11:20:32,753] {dag.py:2935} INFO - Setting next_dagrun for example_branch_dop_operator_v3 to 2025-05-31T11:19:00+00:00
[2025-05-31 11:20:32,767] {processor.py:171} INFO - Processing /home/airflow/.local/lib/python3.6/site-packages/airflow/example_dags/example_branch_python_dop_operator_3.py took 0.134 seconds
[2025-05-31 11:21:03,152] {processor.py:163} INFO - Started process (PID=12876) to work on /home/airflow/.local/lib/python3.6/site-packages/airflow/example_dags/example_branch_python_dop_operator_3.py
[2025-05-31 11:21:03,153] {processor.py:642} INFO - Processing file /home/airflow/.local/lib/python3.6/site-packages/airflow/example_dags/example_branch_python_dop_operator_3.py for tasks to queue
[2025-05-31 11:21:03,154] {logging_mixin.py:109} INFO - [2025-05-31 11:21:03,154] {dagbag.py:500} INFO - Filling up the DagBag from /home/airflow/.local/lib/python3.6/site-packages/airflow/example_dags/example_branch_python_dop_operator_3.py
[2025-05-31 11:21:03,203] {processor.py:654} INFO - DAG(s) dict_keys(['example_branch_dop_operator_v3']) retrieved from /home/airflow/.local/lib/python3.6/site-packages/airflow/example_dags/example_branch_python_dop_operator_3.py
[2025-05-31 11:21:03,222] {logging_mixin.py:109} INFO - [2025-05-31 11:21:03,222] {dag.py:2396} INFO - Sync 1 DAGs
[2025-05-31 11:21:03,258] {logging_mixin.py:109} INFO - [2025-05-31 11:21:03,258] {dag.py:2935} INFO - Setting next_dagrun for example_branch_dop_operator_v3 to 2025-05-31T11:20:00+00:00
[2025-05-31 11:21:03,274] {processor.py:171} INFO - Processing /home/airflow/.local/lib/python3.6/site-packages/airflow/example_dags/example_branch_python_dop_operator_3.py took 0.127 seconds
[2025-05-31 11:21:33,608] {processor.py:163} INFO - Started process (PID=13069) to work on /home/airflow/.local/lib/python3.6/site-packages/airflow/example_dags/example_branch_python_dop_operator_3.py
[2025-05-31 11:21:33,609] {processor.py:642} INFO - Processing file /home/airflow/.local/lib/python3.6/site-packages/airflow/example_dags/example_branch_python_dop_operator_3.py for tasks to queue
[2025-05-31 11:21:33,611] {logging_mixin.py:109} INFO - [2025-05-31 11:21:33,610] {dagbag.py:500} INFO - Filling up the DagBag from /home/airflow/.local/lib/python3.6/site-packages/airflow/example_dags/example_branch_python_dop_operator_3.py
[2025-05-31 11:21:33,651] {processor.py:654} INFO - DAG(s) dict_keys(['example_branch_dop_operator_v3']) retrieved from /home/airflow/.local/lib/python3.6/site-packages/airflow/example_dags/example_branch_python_dop_operator_3.py
[2025-05-31 11:21:33,665] {logging_mixin.py:109} INFO - [2025-05-31 11:21:33,665] {dag.py:2396} INFO - Sync 1 DAGs
[2025-05-31 11:21:33,696] {logging_mixin.py:109} INFO - [2025-05-31 11:21:33,695] {dag.py:2935} INFO - Setting next_dagrun for example_branch_dop_operator_v3 to 2025-05-31T11:20:00+00:00
[2025-05-31 11:21:33,711] {processor.py:171} INFO - Processing /home/airflow/.local/lib/python3.6/site-packages/airflow/example_dags/example_branch_python_dop_operator_3.py took 0.108 seconds
[2025-05-31 11:22:04,627] {processor.py:163} INFO - Started process (PID=13253) to work on /home/airflow/.local/lib/python3.6/site-packages/airflow/example_dags/example_branch_python_dop_operator_3.py
[2025-05-31 11:22:04,628] {processor.py:642} INFO - Processing file /home/airflow/.local/lib/python3.6/site-packages/airflow/example_dags/example_branch_python_dop_operator_3.py for tasks to queue
[2025-05-31 11:22:04,629] {logging_mixin.py:109} INFO - [2025-05-31 11:22:04,629] {dagbag.py:500} INFO - Filling up the DagBag from /home/airflow/.local/lib/python3.6/site-packages/airflow/example_dags/example_branch_python_dop_operator_3.py
[2025-05-31 11:22:04,663] {processor.py:654} INFO - DAG(s) dict_keys(['example_branch_dop_operator_v3']) retrieved from /home/airflow/.local/lib/python3.6/site-packages/airflow/example_dags/example_branch_python_dop_operator_3.py
[2025-05-31 11:22:04,678] {logging_mixin.py:109} INFO - [2025-05-31 11:22:04,678] {dag.py:2396} INFO - Sync 1 DAGs
[2025-05-31 11:22:04,706] {logging_mixin.py:109} INFO - [2025-05-31 11:22:04,706] {dag.py:2935} INFO - Setting next_dagrun for example_branch_dop_operator_v3 to 2025-05-31T11:21:00+00:00
[2025-05-31 11:22:04,718] {processor.py:171} INFO - Processing /home/airflow/.local/lib/python3.6/site-packages/airflow/example_dags/example_branch_python_dop_operator_3.py took 0.094 seconds
[2025-05-31 11:22:35,137] {processor.py:163} INFO - Started process (PID=13449) to work on /home/airflow/.local/lib/python3.6/site-packages/airflow/example_dags/example_branch_python_dop_operator_3.py
[2025-05-31 11:22:35,138] {processor.py:642} INFO - Processing file /home/airflow/.local/lib/python3.6/site-packages/airflow/example_dags/example_branch_python_dop_operator_3.py for tasks to queue
[2025-05-31 11:22:35,139] {logging_mixin.py:109} INFO - [2025-05-31 11:22:35,139] {dagbag.py:500} INFO - Filling up the DagBag from /home/airflow/.local/lib/python3.6/site-packages/airflow/example_dags/example_branch_python_dop_operator_3.py
[2025-05-31 11:22:35,189] {processor.py:654} INFO - DAG(s) dict_keys(['example_branch_dop_operator_v3']) retrieved from /home/airflow/.local/lib/python3.6/site-packages/airflow/example_dags/example_branch_python_dop_operator_3.py
[2025-05-31 11:22:35,204] {logging_mixin.py:109} INFO - [2025-05-31 11:22:35,204] {dag.py:2396} INFO - Sync 1 DAGs
[2025-05-31 11:22:35,239] {logging_mixin.py:109} INFO - [2025-05-31 11:22:35,239] {dag.py:2935} INFO - Setting next_dagrun for example_branch_dop_operator_v3 to 2025-05-31T11:21:00+00:00
[2025-05-31 11:22:35,253] {processor.py:171} INFO - Processing /home/airflow/.local/lib/python3.6/site-packages/airflow/example_dags/example_branch_python_dop_operator_3.py took 0.121 seconds
[2025-05-31 11:23:05,657] {processor.py:163} INFO - Started process (PID=13634) to work on /home/airflow/.local/lib/python3.6/site-packages/airflow/example_dags/example_branch_python_dop_operator_3.py
[2025-05-31 11:23:05,660] {processor.py:642} INFO - Processing file /home/airflow/.local/lib/python3.6/site-packages/airflow/example_dags/example_branch_python_dop_operator_3.py for tasks to queue
[2025-05-31 11:23:05,661] {logging_mixin.py:109} INFO - [2025-05-31 11:23:05,661] {dagbag.py:500} INFO - Filling up the DagBag from /home/airflow/.local/lib/python3.6/site-packages/airflow/example_dags/example_branch_python_dop_operator_3.py
[2025-05-31 11:23:05,712] {processor.py:654} INFO - DAG(s) dict_keys(['example_branch_dop_operator_v3']) retrieved from /home/airflow/.local/lib/python3.6/site-packages/airflow/example_dags/example_branch_python_dop_operator_3.py
[2025-05-31 11:23:05,734] {logging_mixin.py:109} INFO - [2025-05-31 11:23:05,734] {dag.py:2396} INFO - Sync 1 DAGs
[2025-05-31 11:23:05,781] {logging_mixin.py:109} INFO - [2025-05-31 11:23:05,781] {dag.py:2935} INFO - Setting next_dagrun for example_branch_dop_operator_v3 to 2025-05-31T11:22:00+00:00
[2025-05-31 11:23:05,798] {processor.py:171} INFO - Processing /home/airflow/.local/lib/python3.6/site-packages/airflow/example_dags/example_branch_python_dop_operator_3.py took 0.148 seconds
[2025-05-31 11:23:36,619] {processor.py:163} INFO - Started process (PID=13821) to work on /home/airflow/.local/lib/python3.6/site-packages/airflow/example_dags/example_branch_python_dop_operator_3.py
[2025-05-31 11:23:36,620] {processor.py:642} INFO - Processing file /home/airflow/.local/lib/python3.6/site-packages/airflow/example_dags/example_branch_python_dop_operator_3.py for tasks to queue
[2025-05-31 11:23:36,621] {logging_mixin.py:109} INFO - [2025-05-31 11:23:36,621] {dagbag.py:500} INFO - Filling up the DagBag from /home/airflow/.local/lib/python3.6/site-packages/airflow/example_dags/example_branch_python_dop_operator_3.py
[2025-05-31 11:23:36,658] {processor.py:654} INFO - DAG(s) dict_keys(['example_branch_dop_operator_v3']) retrieved from /home/airflow/.local/lib/python3.6/site-packages/airflow/example_dags/example_branch_python_dop_operator_3.py
[2025-05-31 11:23:36,672] {logging_mixin.py:109} INFO - [2025-05-31 11:23:36,671] {dag.py:2396} INFO - Sync 1 DAGs
[2025-05-31 11:23:36,700] {logging_mixin.py:109} INFO - [2025-05-31 11:23:36,700] {dag.py:2935} INFO - Setting next_dagrun for example_branch_dop_operator_v3 to 2025-05-31T11:22:00+00:00
[2025-05-31 11:23:36,713] {processor.py:171} INFO - Processing /home/airflow/.local/lib/python3.6/site-packages/airflow/example_dags/example_branch_python_dop_operator_3.py took 0.098 seconds
[2025-05-31 11:24:07,208] {processor.py:163} INFO - Started process (PID=14014) to work on /home/airflow/.local/lib/python3.6/site-packages/airflow/example_dags/example_branch_python_dop_operator_3.py
[2025-05-31 11:24:07,210] {processor.py:642} INFO - Processing file /home/airflow/.local/lib/python3.6/site-packages/airflow/example_dags/example_branch_python_dop_operator_3.py for tasks to queue
[2025-05-31 11:24:07,211] {logging_mixin.py:109} INFO - [2025-05-31 11:24:07,211] {dagbag.py:500} INFO - Filling up the DagBag from /home/airflow/.local/lib/python3.6/site-packages/airflow/example_dags/example_branch_python_dop_operator_3.py
[2025-05-31 11:24:07,254] {processor.py:654} INFO - DAG(s) dict_keys(['example_branch_dop_operator_v3']) retrieved from /home/airflow/.local/lib/python3.6/site-packages/airflow/example_dags/example_branch_python_dop_operator_3.py
[2025-05-31 11:24:07,271] {logging_mixin.py:109} INFO - [2025-05-31 11:24:07,271] {dag.py:2396} INFO - Sync 1 DAGs
[2025-05-31 11:24:07,302] {logging_mixin.py:109} INFO - [2025-05-31 11:24:07,302] {dag.py:2935} INFO - Setting next_dagrun for example_branch_dop_operator_v3 to 2025-05-31T11:23:00+00:00
[2025-05-31 11:24:07,317] {processor.py:171} INFO - Processing /home/airflow/.local/lib/python3.6/site-packages/airflow/example_dags/example_branch_python_dop_operator_3.py took 0.112 seconds
[2025-05-31 11:24:37,999] {processor.py:163} INFO - Started process (PID=14201) to work on /home/airflow/.local/lib/python3.6/site-packages/airflow/example_dags/example_branch_python_dop_operator_3.py
[2025-05-31 11:24:38,001] {processor.py:642} INFO - Processing file /home/airflow/.local/lib/python3.6/site-packages/airflow/example_dags/example_branch_python_dop_operator_3.py for tasks to queue
[2025-05-31 11:24:38,002] {logging_mixin.py:109} INFO - [2025-05-31 11:24:38,002] {dagbag.py:500} INFO - Filling up the DagBag from /home/airflow/.local/lib/python3.6/site-packages/airflow/example_dags/example_branch_python_dop_operator_3.py
[2025-05-31 11:24:38,045] {processor.py:654} INFO - DAG(s) dict_keys(['example_branch_dop_operator_v3']) retrieved from /home/airflow/.local/lib/python3.6/site-packages/airflow/example_dags/example_branch_python_dop_operator_3.py
[2025-05-31 11:24:38,058] {logging_mixin.py:109} INFO - [2025-05-31 11:24:38,058] {dag.py:2396} INFO - Sync 1 DAGs
[2025-05-31 11:24:38,089] {logging_mixin.py:109} INFO - [2025-05-31 11:24:38,089] {dag.py:2935} INFO - Setting next_dagrun for example_branch_dop_operator_v3 to 2025-05-31T11:23:00+00:00
[2025-05-31 11:24:38,104] {processor.py:171} INFO - Processing /home/airflow/.local/lib/python3.6/site-packages/airflow/example_dags/example_branch_python_dop_operator_3.py took 0.111 seconds
[2025-05-31 11:25:08,915] {processor.py:163} INFO - Started process (PID=14386) to work on /home/airflow/.local/lib/python3.6/site-packages/airflow/example_dags/example_branch_python_dop_operator_3.py
[2025-05-31 11:25:08,916] {processor.py:642} INFO - Processing file /home/airflow/.local/lib/python3.6/site-packages/airflow/example_dags/example_branch_python_dop_operator_3.py for tasks to queue
[2025-05-31 11:25:08,917] {logging_mixin.py:109} INFO - [2025-05-31 11:25:08,917] {dagbag.py:500} INFO - Filling up the DagBag from /home/airflow/.local/lib/python3.6/site-packages/airflow/example_dags/example_branch_python_dop_operator_3.py
[2025-05-31 11:25:08,954] {processor.py:654} INFO - DAG(s) dict_keys(['example_branch_dop_operator_v3']) retrieved from /home/airflow/.local/lib/python3.6/site-packages/airflow/example_dags/example_branch_python_dop_operator_3.py
[2025-05-31 11:25:08,967] {logging_mixin.py:109} INFO - [2025-05-31 11:25:08,967] {dag.py:2396} INFO - Sync 1 DAGs
[2025-05-31 11:25:08,996] {logging_mixin.py:109} INFO - [2025-05-31 11:25:08,996] {dag.py:2935} INFO - Setting next_dagrun for example_branch_dop_operator_v3 to 2025-05-31T11:24:00+00:00
[2025-05-31 11:25:09,009] {processor.py:171} INFO - Processing /home/airflow/.local/lib/python3.6/site-packages/airflow/example_dags/example_branch_python_dop_operator_3.py took 0.098 seconds
[2025-05-31 11:25:39,998] {processor.py:163} INFO - Started process (PID=14579) to work on /home/airflow/.local/lib/python3.6/site-packages/airflow/example_dags/example_branch_python_dop_operator_3.py
[2025-05-31 11:25:40,000] {processor.py:642} INFO - Processing file /home/airflow/.local/lib/python3.6/site-packages/airflow/example_dags/example_branch_python_dop_operator_3.py for tasks to queue
[2025-05-31 11:25:40,002] {logging_mixin.py:109} INFO - [2025-05-31 11:25:40,001] {dagbag.py:500} INFO - Filling up the DagBag from /home/airflow/.local/lib/python3.6/site-packages/airflow/example_dags/example_branch_python_dop_operator_3.py
[2025-05-31 11:25:40,051] {processor.py:654} INFO - DAG(s) dict_keys(['example_branch_dop_operator_v3']) retrieved from /home/airflow/.local/lib/python3.6/site-packages/airflow/example_dags/example_branch_python_dop_operator_3.py
[2025-05-31 11:25:40,069] {logging_mixin.py:109} INFO - [2025-05-31 11:25:40,069] {dag.py:2396} INFO - Sync 1 DAGs
[2025-05-31 11:25:40,107] {logging_mixin.py:109} INFO - [2025-05-31 11:25:40,107] {dag.py:2935} INFO - Setting next_dagrun for example_branch_dop_operator_v3 to 2025-05-31T11:24:00+00:00
[2025-05-31 11:25:40,122] {processor.py:171} INFO - Processing /home/airflow/.local/lib/python3.6/site-packages/airflow/example_dags/example_branch_python_dop_operator_3.py took 0.130 seconds
[2025-05-31 11:26:11,157] {processor.py:163} INFO - Started process (PID=14774) to work on /home/airflow/.local/lib/python3.6/site-packages/airflow/example_dags/example_branch_python_dop_operator_3.py
[2025-05-31 11:26:11,160] {processor.py:642} INFO - Processing file /home/airflow/.local/lib/python3.6/site-packages/airflow/example_dags/example_branch_python_dop_operator_3.py for tasks to queue
[2025-05-31 11:26:11,162] {logging_mixin.py:109} INFO - [2025-05-31 11:26:11,161] {dagbag.py:500} INFO - Filling up the DagBag from /home/airflow/.local/lib/python3.6/site-packages/airflow/example_dags/example_branch_python_dop_operator_3.py
[2025-05-31 11:26:11,221] {processor.py:654} INFO - DAG(s) dict_keys(['example_branch_dop_operator_v3']) retrieved from /home/airflow/.local/lib/python3.6/site-packages/airflow/example_dags/example_branch_python_dop_operator_3.py
[2025-05-31 11:26:11,239] {logging_mixin.py:109} INFO - [2025-05-31 11:26:11,239] {dag.py:2396} INFO - Sync 1 DAGs
[2025-05-31 11:26:11,278] {logging_mixin.py:109} INFO - [2025-05-31 11:26:11,278] {dag.py:2935} INFO - Setting next_dagrun for example_branch_dop_operator_v3 to 2025-05-31T11:25:00+00:00
[2025-05-31 11:26:11,295] {processor.py:171} INFO - Processing /home/airflow/.local/lib/python3.6/site-packages/airflow/example_dags/example_branch_python_dop_operator_3.py took 0.146 seconds
[2025-05-31 11:26:41,800] {processor.py:163} INFO - Started process (PID=14961) to work on /home/airflow/.local/lib/python3.6/site-packages/airflow/example_dags/example_branch_python_dop_operator_3.py
[2025-05-31 11:26:41,802] {processor.py:642} INFO - Processing file /home/airflow/.local/lib/python3.6/site-packages/airflow/example_dags/example_branch_python_dop_operator_3.py for tasks to queue
[2025-05-31 11:26:41,803] {logging_mixin.py:109} INFO - [2025-05-31 11:26:41,803] {dagbag.py:500} INFO - Filling up the DagBag from /home/airflow/.local/lib/python3.6/site-packages/airflow/example_dags/example_branch_python_dop_operator_3.py
[2025-05-31 11:26:41,849] {processor.py:654} INFO - DAG(s) dict_keys(['example_branch_dop_operator_v3']) retrieved from /home/airflow/.local/lib/python3.6/site-packages/airflow/example_dags/example_branch_python_dop_operator_3.py
[2025-05-31 11:26:41,865] {logging_mixin.py:109} INFO - [2025-05-31 11:26:41,865] {dag.py:2396} INFO - Sync 1 DAGs
[2025-05-31 11:26:41,898] {logging_mixin.py:109} INFO - [2025-05-31 11:26:41,898] {dag.py:2935} INFO - Setting next_dagrun for example_branch_dop_operator_v3 to 2025-05-31T11:25:00+00:00
[2025-05-31 11:26:41,915] {processor.py:171} INFO - Processing /home/airflow/.local/lib/python3.6/site-packages/airflow/example_dags/example_branch_python_dop_operator_3.py took 0.119 seconds
[2025-05-31 11:27:12,698] {processor.py:163} INFO - Started process (PID=15156) to work on /home/airflow/.local/lib/python3.6/site-packages/airflow/example_dags/example_branch_python_dop_operator_3.py
[2025-05-31 11:27:12,700] {processor.py:642} INFO - Processing file /home/airflow/.local/lib/python3.6/site-packages/airflow/example_dags/example_branch_python_dop_operator_3.py for tasks to queue
[2025-05-31 11:27:12,701] {logging_mixin.py:109} INFO - [2025-05-31 11:27:12,701] {dagbag.py:500} INFO - Filling up the DagBag from /home/airflow/.local/lib/python3.6/site-packages/airflow/example_dags/example_branch_python_dop_operator_3.py
[2025-05-31 11:27:12,744] {processor.py:654} INFO - DAG(s) dict_keys(['example_branch_dop_operator_v3']) retrieved from /home/airflow/.local/lib/python3.6/site-packages/airflow/example_dags/example_branch_python_dop_operator_3.py
[2025-05-31 11:27:12,760] {logging_mixin.py:109} INFO - [2025-05-31 11:27:12,759] {dag.py:2396} INFO - Sync 1 DAGs
[2025-05-31 11:27:12,797] {logging_mixin.py:109} INFO - [2025-05-31 11:27:12,797] {dag.py:2935} INFO - Setting next_dagrun for example_branch_dop_operator_v3 to 2025-05-31T11:26:00+00:00
[2025-05-31 11:27:12,815] {processor.py:171} INFO - Processing /home/airflow/.local/lib/python3.6/site-packages/airflow/example_dags/example_branch_python_dop_operator_3.py took 0.121 seconds
[2025-05-31 11:27:43,326] {processor.py:163} INFO - Started process (PID=15341) to work on /home/airflow/.local/lib/python3.6/site-packages/airflow/example_dags/example_branch_python_dop_operator_3.py
[2025-05-31 11:27:43,328] {processor.py:642} INFO - Processing file /home/airflow/.local/lib/python3.6/site-packages/airflow/example_dags/example_branch_python_dop_operator_3.py for tasks to queue
[2025-05-31 11:27:43,329] {logging_mixin.py:109} INFO - [2025-05-31 11:27:43,329] {dagbag.py:500} INFO - Filling up the DagBag from /home/airflow/.local/lib/python3.6/site-packages/airflow/example_dags/example_branch_python_dop_operator_3.py
[2025-05-31 11:27:43,373] {processor.py:654} INFO - DAG(s) dict_keys(['example_branch_dop_operator_v3']) retrieved from /home/airflow/.local/lib/python3.6/site-packages/airflow/example_dags/example_branch_python_dop_operator_3.py
[2025-05-31 11:27:43,390] {logging_mixin.py:109} INFO - [2025-05-31 11:27:43,390] {dag.py:2396} INFO - Sync 1 DAGs
[2025-05-31 11:27:43,427] {logging_mixin.py:109} INFO - [2025-05-31 11:27:43,427] {dag.py:2935} INFO - Setting next_dagrun for example_branch_dop_operator_v3 to 2025-05-31T11:26:00+00:00
[2025-05-31 11:27:43,442] {processor.py:171} INFO - Processing /home/airflow/.local/lib/python3.6/site-packages/airflow/example_dags/example_branch_python_dop_operator_3.py took 0.120 seconds
[2025-05-31 11:28:14,209] {processor.py:163} INFO - Started process (PID=15524) to work on /home/airflow/.local/lib/python3.6/site-packages/airflow/example_dags/example_branch_python_dop_operator_3.py
[2025-05-31 11:28:14,210] {processor.py:642} INFO - Processing file /home/airflow/.local/lib/python3.6/site-packages/airflow/example_dags/example_branch_python_dop_operator_3.py for tasks to queue
[2025-05-31 11:28:14,212] {logging_mixin.py:109} INFO - [2025-05-31 11:28:14,212] {dagbag.py:500} INFO - Filling up the DagBag from /home/airflow/.local/lib/python3.6/site-packages/airflow/example_dags/example_branch_python_dop_operator_3.py
[2025-05-31 11:28:14,277] {processor.py:654} INFO - DAG(s) dict_keys(['example_branch_dop_operator_v3']) retrieved from /home/airflow/.local/lib/python3.6/site-packages/airflow/example_dags/example_branch_python_dop_operator_3.py
[2025-05-31 11:28:14,313] {logging_mixin.py:109} INFO - [2025-05-31 11:28:14,313] {dag.py:2396} INFO - Sync 1 DAGs
[2025-05-31 11:28:14,381] {logging_mixin.py:109} INFO - [2025-05-31 11:28:14,381] {dag.py:2935} INFO - Setting next_dagrun for example_branch_dop_operator_v3 to 2025-05-31T11:27:00+00:00
[2025-05-31 11:28:14,410] {processor.py:171} INFO - Processing /home/airflow/.local/lib/python3.6/site-packages/airflow/example_dags/example_branch_python_dop_operator_3.py took 0.210 seconds
[2025-05-31 11:28:45,478] {processor.py:163} INFO - Started process (PID=15719) to work on /home/airflow/.local/lib/python3.6/site-packages/airflow/example_dags/example_branch_python_dop_operator_3.py
[2025-05-31 11:28:45,480] {processor.py:642} INFO - Processing file /home/airflow/.local/lib/python3.6/site-packages/airflow/example_dags/example_branch_python_dop_operator_3.py for tasks to queue
[2025-05-31 11:28:45,481] {logging_mixin.py:109} INFO - [2025-05-31 11:28:45,481] {dagbag.py:500} INFO - Filling up the DagBag from /home/airflow/.local/lib/python3.6/site-packages/airflow/example_dags/example_branch_python_dop_operator_3.py
[2025-05-31 11:28:45,530] {processor.py:654} INFO - DAG(s) dict_keys(['example_branch_dop_operator_v3']) retrieved from /home/airflow/.local/lib/python3.6/site-packages/airflow/example_dags/example_branch_python_dop_operator_3.py
[2025-05-31 11:28:45,550] {logging_mixin.py:109} INFO - [2025-05-31 11:28:45,549] {dag.py:2396} INFO - Sync 1 DAGs
[2025-05-31 11:28:45,594] {logging_mixin.py:109} INFO - [2025-05-31 11:28:45,594] {dag.py:2935} INFO - Setting next_dagrun for example_branch_dop_operator_v3 to 2025-05-31T11:27:00+00:00
[2025-05-31 11:28:45,612] {processor.py:171} INFO - Processing /home/airflow/.local/lib/python3.6/site-packages/airflow/example_dags/example_branch_python_dop_operator_3.py took 0.139 seconds
[2025-05-31 11:29:16,001] {processor.py:163} INFO - Started process (PID=15904) to work on /home/airflow/.local/lib/python3.6/site-packages/airflow/example_dags/example_branch_python_dop_operator_3.py
[2025-05-31 11:29:16,003] {processor.py:642} INFO - Processing file /home/airflow/.local/lib/python3.6/site-packages/airflow/example_dags/example_branch_python_dop_operator_3.py for tasks to queue
[2025-05-31 11:29:16,004] {logging_mixin.py:109} INFO - [2025-05-31 11:29:16,004] {dagbag.py:500} INFO - Filling up the DagBag from /home/airflow/.local/lib/python3.6/site-packages/airflow/example_dags/example_branch_python_dop_operator_3.py
[2025-05-31 11:29:16,062] {processor.py:654} INFO - DAG(s) dict_keys(['example_branch_dop_operator_v3']) retrieved from /home/airflow/.local/lib/python3.6/site-packages/airflow/example_dags/example_branch_python_dop_operator_3.py
[2025-05-31 11:29:16,083] {logging_mixin.py:109} INFO - [2025-05-31 11:29:16,082] {dag.py:2396} INFO - Sync 1 DAGs
[2025-05-31 11:29:16,130] {logging_mixin.py:109} INFO - [2025-05-31 11:29:16,130] {dag.py:2935} INFO - Setting next_dagrun for example_branch_dop_operator_v3 to 2025-05-31T11:28:00+00:00
[2025-05-31 11:29:16,150] {processor.py:171} INFO - Processing /home/airflow/.local/lib/python3.6/site-packages/airflow/example_dags/example_branch_python_dop_operator_3.py took 0.154 seconds
[2025-05-31 11:29:47,275] {processor.py:163} INFO - Started process (PID=16089) to work on /home/airflow/.local/lib/python3.6/site-packages/airflow/example_dags/example_branch_python_dop_operator_3.py
[2025-05-31 11:29:47,277] {processor.py:642} INFO - Processing file /home/airflow/.local/lib/python3.6/site-packages/airflow/example_dags/example_branch_python_dop_operator_3.py for tasks to queue
[2025-05-31 11:29:47,278] {logging_mixin.py:109} INFO - [2025-05-31 11:29:47,278] {dagbag.py:500} INFO - Filling up the DagBag from /home/airflow/.local/lib/python3.6/site-packages/airflow/example_dags/example_branch_python_dop_operator_3.py
[2025-05-31 11:29:47,318] {processor.py:654} INFO - DAG(s) dict_keys(['example_branch_dop_operator_v3']) retrieved from /home/airflow/.local/lib/python3.6/site-packages/airflow/example_dags/example_branch_python_dop_operator_3.py
[2025-05-31 11:29:47,336] {logging_mixin.py:109} INFO - [2025-05-31 11:29:47,336] {dag.py:2396} INFO - Sync 1 DAGs
[2025-05-31 11:29:47,369] {logging_mixin.py:109} INFO - [2025-05-31 11:29:47,369] {dag.py:2935} INFO - Setting next_dagrun for example_branch_dop_operator_v3 to 2025-05-31T11:28:00+00:00
[2025-05-31 11:29:47,384] {processor.py:171} INFO - Processing /home/airflow/.local/lib/python3.6/site-packages/airflow/example_dags/example_branch_python_dop_operator_3.py took 0.115 seconds
[2025-05-31 11:30:18,025] {processor.py:163} INFO - Started process (PID=16281) to work on /home/airflow/.local/lib/python3.6/site-packages/airflow/example_dags/example_branch_python_dop_operator_3.py
[2025-05-31 11:30:18,027] {processor.py:642} INFO - Processing file /home/airflow/.local/lib/python3.6/site-packages/airflow/example_dags/example_branch_python_dop_operator_3.py for tasks to queue
[2025-05-31 11:30:18,029] {logging_mixin.py:109} INFO - [2025-05-31 11:30:18,029] {dagbag.py:500} INFO - Filling up the DagBag from /home/airflow/.local/lib/python3.6/site-packages/airflow/example_dags/example_branch_python_dop_operator_3.py
[2025-05-31 11:30:18,075] {processor.py:654} INFO - DAG(s) dict_keys(['example_branch_dop_operator_v3']) retrieved from /home/airflow/.local/lib/python3.6/site-packages/airflow/example_dags/example_branch_python_dop_operator_3.py
[2025-05-31 11:30:18,096] {logging_mixin.py:109} INFO - [2025-05-31 11:30:18,096] {dag.py:2396} INFO - Sync 1 DAGs
[2025-05-31 11:30:18,129] {logging_mixin.py:109} INFO - [2025-05-31 11:30:18,129] {dag.py:2935} INFO - Setting next_dagrun for example_branch_dop_operator_v3 to 2025-05-31T11:29:00+00:00
[2025-05-31 11:30:18,144] {processor.py:171} INFO - Processing /home/airflow/.local/lib/python3.6/site-packages/airflow/example_dags/example_branch_python_dop_operator_3.py took 0.124 seconds
[2025-05-31 11:30:48,549] {processor.py:163} INFO - Started process (PID=16469) to work on /home/airflow/.local/lib/python3.6/site-packages/airflow/example_dags/example_branch_python_dop_operator_3.py
[2025-05-31 11:30:48,550] {processor.py:642} INFO - Processing file /home/airflow/.local/lib/python3.6/site-packages/airflow/example_dags/example_branch_python_dop_operator_3.py for tasks to queue
[2025-05-31 11:30:48,552] {logging_mixin.py:109} INFO - [2025-05-31 11:30:48,551] {dagbag.py:500} INFO - Filling up the DagBag from /home/airflow/.local/lib/python3.6/site-packages/airflow/example_dags/example_branch_python_dop_operator_3.py
[2025-05-31 11:30:48,587] {processor.py:654} INFO - DAG(s) dict_keys(['example_branch_dop_operator_v3']) retrieved from /home/airflow/.local/lib/python3.6/site-packages/airflow/example_dags/example_branch_python_dop_operator_3.py
[2025-05-31 11:30:48,600] {logging_mixin.py:109} INFO - [2025-05-31 11:30:48,600] {dag.py:2396} INFO - Sync 1 DAGs
[2025-05-31 11:30:48,633] {logging_mixin.py:109} INFO - [2025-05-31 11:30:48,633] {dag.py:2935} INFO - Setting next_dagrun for example_branch_dop_operator_v3 to 2025-05-31T11:29:00+00:00
[2025-05-31 11:30:48,645] {processor.py:171} INFO - Processing /home/airflow/.local/lib/python3.6/site-packages/airflow/example_dags/example_branch_python_dop_operator_3.py took 0.101 seconds
[2025-05-31 11:31:19,526] {processor.py:163} INFO - Started process (PID=16654) to work on /home/airflow/.local/lib/python3.6/site-packages/airflow/example_dags/example_branch_python_dop_operator_3.py
[2025-05-31 11:31:19,528] {processor.py:642} INFO - Processing file /home/airflow/.local/lib/python3.6/site-packages/airflow/example_dags/example_branch_python_dop_operator_3.py for tasks to queue
[2025-05-31 11:31:19,529] {logging_mixin.py:109} INFO - [2025-05-31 11:31:19,529] {dagbag.py:500} INFO - Filling up the DagBag from /home/airflow/.local/lib/python3.6/site-packages/airflow/example_dags/example_branch_python_dop_operator_3.py
[2025-05-31 11:31:19,564] {processor.py:654} INFO - DAG(s) dict_keys(['example_branch_dop_operator_v3']) retrieved from /home/airflow/.local/lib/python3.6/site-packages/airflow/example_dags/example_branch_python_dop_operator_3.py
[2025-05-31 11:31:19,577] {logging_mixin.py:109} INFO - [2025-05-31 11:31:19,576] {dag.py:2396} INFO - Sync 1 DAGs
[2025-05-31 11:31:19,611] {logging_mixin.py:109} INFO - [2025-05-31 11:31:19,611] {dag.py:2935} INFO - Setting next_dagrun for example_branch_dop_operator_v3 to 2025-05-31T11:30:00+00:00
[2025-05-31 11:31:19,625] {processor.py:171} INFO - Processing /home/airflow/.local/lib/python3.6/site-packages/airflow/example_dags/example_branch_python_dop_operator_3.py took 0.103 seconds
[2025-05-31 11:31:50,344] {processor.py:163} INFO - Started process (PID=16849) to work on /home/airflow/.local/lib/python3.6/site-packages/airflow/example_dags/example_branch_python_dop_operator_3.py
[2025-05-31 11:31:50,346] {processor.py:642} INFO - Processing file /home/airflow/.local/lib/python3.6/site-packages/airflow/example_dags/example_branch_python_dop_operator_3.py for tasks to queue
[2025-05-31 11:31:50,347] {logging_mixin.py:109} INFO - [2025-05-31 11:31:50,347] {dagbag.py:500} INFO - Filling up the DagBag from /home/airflow/.local/lib/python3.6/site-packages/airflow/example_dags/example_branch_python_dop_operator_3.py
[2025-05-31 11:31:50,386] {processor.py:654} INFO - DAG(s) dict_keys(['example_branch_dop_operator_v3']) retrieved from /home/airflow/.local/lib/python3.6/site-packages/airflow/example_dags/example_branch_python_dop_operator_3.py
[2025-05-31 11:31:50,400] {logging_mixin.py:109} INFO - [2025-05-31 11:31:50,400] {dag.py:2396} INFO - Sync 1 DAGs
[2025-05-31 11:31:50,432] {logging_mixin.py:109} INFO - [2025-05-31 11:31:50,432] {dag.py:2935} INFO - Setting next_dagrun for example_branch_dop_operator_v3 to 2025-05-31T11:30:00+00:00
[2025-05-31 11:31:50,448] {processor.py:171} INFO - Processing /home/airflow/.local/lib/python3.6/site-packages/airflow/example_dags/example_branch_python_dop_operator_3.py took 0.109 seconds
[2025-05-31 11:32:20,712] {processor.py:163} INFO - Started process (PID=17034) to work on /home/airflow/.local/lib/python3.6/site-packages/airflow/example_dags/example_branch_python_dop_operator_3.py
[2025-05-31 11:32:20,714] {processor.py:642} INFO - Processing file /home/airflow/.local/lib/python3.6/site-packages/airflow/example_dags/example_branch_python_dop_operator_3.py for tasks to queue
[2025-05-31 11:32:20,715] {logging_mixin.py:109} INFO - [2025-05-31 11:32:20,715] {dagbag.py:500} INFO - Filling up the DagBag from /home/airflow/.local/lib/python3.6/site-packages/airflow/example_dags/example_branch_python_dop_operator_3.py
[2025-05-31 11:32:20,753] {processor.py:654} INFO - DAG(s) dict_keys(['example_branch_dop_operator_v3']) retrieved from /home/airflow/.local/lib/python3.6/site-packages/airflow/example_dags/example_branch_python_dop_operator_3.py
[2025-05-31 11:32:20,767] {logging_mixin.py:109} INFO - [2025-05-31 11:32:20,767] {dag.py:2396} INFO - Sync 1 DAGs
[2025-05-31 11:32:20,801] {logging_mixin.py:109} INFO - [2025-05-31 11:32:20,800] {dag.py:2935} INFO - Setting next_dagrun for example_branch_dop_operator_v3 to 2025-05-31T11:31:00+00:00
[2025-05-31 11:32:20,815] {processor.py:171} INFO - Processing /home/airflow/.local/lib/python3.6/site-packages/airflow/example_dags/example_branch_python_dop_operator_3.py took 0.107 seconds
[2025-05-31 11:32:51,796] {processor.py:163} INFO - Started process (PID=17228) to work on /home/airflow/.local/lib/python3.6/site-packages/airflow/example_dags/example_branch_python_dop_operator_3.py
[2025-05-31 11:32:51,798] {processor.py:642} INFO - Processing file /home/airflow/.local/lib/python3.6/site-packages/airflow/example_dags/example_branch_python_dop_operator_3.py for tasks to queue
[2025-05-31 11:32:51,799] {logging_mixin.py:109} INFO - [2025-05-31 11:32:51,799] {dagbag.py:500} INFO - Filling up the DagBag from /home/airflow/.local/lib/python3.6/site-packages/airflow/example_dags/example_branch_python_dop_operator_3.py
[2025-05-31 11:32:51,849] {processor.py:654} INFO - DAG(s) dict_keys(['example_branch_dop_operator_v3']) retrieved from /home/airflow/.local/lib/python3.6/site-packages/airflow/example_dags/example_branch_python_dop_operator_3.py
[2025-05-31 11:32:51,868] {logging_mixin.py:109} INFO - [2025-05-31 11:32:51,868] {dag.py:2396} INFO - Sync 1 DAGs
[2025-05-31 11:32:51,907] {logging_mixin.py:109} INFO - [2025-05-31 11:32:51,907] {dag.py:2935} INFO - Setting next_dagrun for example_branch_dop_operator_v3 to 2025-05-31T11:31:00+00:00
[2025-05-31 11:32:51,921] {processor.py:171} INFO - Processing /home/airflow/.local/lib/python3.6/site-packages/airflow/example_dags/example_branch_python_dop_operator_3.py took 0.130 seconds
[2025-05-31 11:33:22,106] {processor.py:163} INFO - Started process (PID=17413) to work on /home/airflow/.local/lib/python3.6/site-packages/airflow/example_dags/example_branch_python_dop_operator_3.py
[2025-05-31 11:33:22,107] {processor.py:642} INFO - Processing file /home/airflow/.local/lib/python3.6/site-packages/airflow/example_dags/example_branch_python_dop_operator_3.py for tasks to queue
[2025-05-31 11:33:22,108] {logging_mixin.py:109} INFO - [2025-05-31 11:33:22,108] {dagbag.py:500} INFO - Filling up the DagBag from /home/airflow/.local/lib/python3.6/site-packages/airflow/example_dags/example_branch_python_dop_operator_3.py
[2025-05-31 11:33:22,147] {processor.py:654} INFO - DAG(s) dict_keys(['example_branch_dop_operator_v3']) retrieved from /home/airflow/.local/lib/python3.6/site-packages/airflow/example_dags/example_branch_python_dop_operator_3.py
[2025-05-31 11:33:22,162] {logging_mixin.py:109} INFO - [2025-05-31 11:33:22,162] {dag.py:2396} INFO - Sync 1 DAGs
[2025-05-31 11:33:22,193] {logging_mixin.py:109} INFO - [2025-05-31 11:33:22,193] {dag.py:2935} INFO - Setting next_dagrun for example_branch_dop_operator_v3 to 2025-05-31T11:32:00+00:00
[2025-05-31 11:33:22,207] {processor.py:171} INFO - Processing /home/airflow/.local/lib/python3.6/site-packages/airflow/example_dags/example_branch_python_dop_operator_3.py took 0.107 seconds
[2025-05-31 11:33:52,478] {processor.py:163} INFO - Started process (PID=17598) to work on /home/airflow/.local/lib/python3.6/site-packages/airflow/example_dags/example_branch_python_dop_operator_3.py
[2025-05-31 11:33:52,479] {processor.py:642} INFO - Processing file /home/airflow/.local/lib/python3.6/site-packages/airflow/example_dags/example_branch_python_dop_operator_3.py for tasks to queue
[2025-05-31 11:33:52,481] {logging_mixin.py:109} INFO - [2025-05-31 11:33:52,480] {dagbag.py:500} INFO - Filling up the DagBag from /home/airflow/.local/lib/python3.6/site-packages/airflow/example_dags/example_branch_python_dop_operator_3.py
[2025-05-31 11:33:52,517] {processor.py:654} INFO - DAG(s) dict_keys(['example_branch_dop_operator_v3']) retrieved from /home/airflow/.local/lib/python3.6/site-packages/airflow/example_dags/example_branch_python_dop_operator_3.py
[2025-05-31 11:33:52,533] {logging_mixin.py:109} INFO - [2025-05-31 11:33:52,533] {dag.py:2396} INFO - Sync 1 DAGs
[2025-05-31 11:33:52,567] {logging_mixin.py:109} INFO - [2025-05-31 11:33:52,567] {dag.py:2935} INFO - Setting next_dagrun for example_branch_dop_operator_v3 to 2025-05-31T11:32:00+00:00
[2025-05-31 11:33:52,580] {processor.py:171} INFO - Processing /home/airflow/.local/lib/python3.6/site-packages/airflow/example_dags/example_branch_python_dop_operator_3.py took 0.106 seconds
[2025-05-31 11:34:24,224] {processor.py:163} INFO - Started process (PID=17793) to work on /home/airflow/.local/lib/python3.6/site-packages/airflow/example_dags/example_branch_python_dop_operator_3.py
[2025-05-31 11:34:24,227] {processor.py:642} INFO - Processing file /home/airflow/.local/lib/python3.6/site-packages/airflow/example_dags/example_branch_python_dop_operator_3.py for tasks to queue
[2025-05-31 11:34:24,229] {logging_mixin.py:109} INFO - [2025-05-31 11:34:24,229] {dagbag.py:500} INFO - Filling up the DagBag from /home/airflow/.local/lib/python3.6/site-packages/airflow/example_dags/example_branch_python_dop_operator_3.py
[2025-05-31 11:34:24,294] {processor.py:654} INFO - DAG(s) dict_keys(['example_branch_dop_operator_v3']) retrieved from /home/airflow/.local/lib/python3.6/site-packages/airflow/example_dags/example_branch_python_dop_operator_3.py
[2025-05-31 11:34:24,315] {logging_mixin.py:109} INFO - [2025-05-31 11:34:24,315] {dag.py:2396} INFO - Sync 1 DAGs
[2025-05-31 11:34:24,354] {logging_mixin.py:109} INFO - [2025-05-31 11:34:24,354] {dag.py:2935} INFO - Setting next_dagrun for example_branch_dop_operator_v3 to 2025-05-31T11:33:00+00:00
[2025-05-31 11:34:24,373] {processor.py:171} INFO - Processing /home/airflow/.local/lib/python3.6/site-packages/airflow/example_dags/example_branch_python_dop_operator_3.py took 0.157 seconds
[2025-05-31 11:34:54,507] {processor.py:163} INFO - Started process (PID=17978) to work on /home/airflow/.local/lib/python3.6/site-packages/airflow/example_dags/example_branch_python_dop_operator_3.py
[2025-05-31 11:34:54,509] {processor.py:642} INFO - Processing file /home/airflow/.local/lib/python3.6/site-packages/airflow/example_dags/example_branch_python_dop_operator_3.py for tasks to queue
[2025-05-31 11:34:54,510] {logging_mixin.py:109} INFO - [2025-05-31 11:34:54,510] {dagbag.py:500} INFO - Filling up the DagBag from /home/airflow/.local/lib/python3.6/site-packages/airflow/example_dags/example_branch_python_dop_operator_3.py
[2025-05-31 11:34:54,566] {processor.py:654} INFO - DAG(s) dict_keys(['example_branch_dop_operator_v3']) retrieved from /home/airflow/.local/lib/python3.6/site-packages/airflow/example_dags/example_branch_python_dop_operator_3.py
[2025-05-31 11:34:54,582] {logging_mixin.py:109} INFO - [2025-05-31 11:34:54,582] {dag.py:2396} INFO - Sync 1 DAGs
[2025-05-31 11:34:54,621] {logging_mixin.py:109} INFO - [2025-05-31 11:34:54,621] {dag.py:2935} INFO - Setting next_dagrun for example_branch_dop_operator_v3 to 2025-05-31T11:33:00+00:00
[2025-05-31 11:34:54,637] {processor.py:171} INFO - Processing /home/airflow/.local/lib/python3.6/site-packages/airflow/example_dags/example_branch_python_dop_operator_3.py took 0.135 seconds
[2025-05-31 11:35:25,002] {processor.py:163} INFO - Started process (PID=18163) to work on /home/airflow/.local/lib/python3.6/site-packages/airflow/example_dags/example_branch_python_dop_operator_3.py
[2025-05-31 11:35:25,003] {processor.py:642} INFO - Processing file /home/airflow/.local/lib/python3.6/site-packages/airflow/example_dags/example_branch_python_dop_operator_3.py for tasks to queue
[2025-05-31 11:35:25,004] {logging_mixin.py:109} INFO - [2025-05-31 11:35:25,004] {dagbag.py:500} INFO - Filling up the DagBag from /home/airflow/.local/lib/python3.6/site-packages/airflow/example_dags/example_branch_python_dop_operator_3.py
[2025-05-31 11:35:25,043] {processor.py:654} INFO - DAG(s) dict_keys(['example_branch_dop_operator_v3']) retrieved from /home/airflow/.local/lib/python3.6/site-packages/airflow/example_dags/example_branch_python_dop_operator_3.py
[2025-05-31 11:35:25,057] {logging_mixin.py:109} INFO - [2025-05-31 11:35:25,057] {dag.py:2396} INFO - Sync 1 DAGs
[2025-05-31 11:35:25,089] {logging_mixin.py:109} INFO - [2025-05-31 11:35:25,089] {dag.py:2935} INFO - Setting next_dagrun for example_branch_dop_operator_v3 to 2025-05-31T11:34:00+00:00
[2025-05-31 11:35:25,105] {processor.py:171} INFO - Processing /home/airflow/.local/lib/python3.6/site-packages/airflow/example_dags/example_branch_python_dop_operator_3.py took 0.108 seconds
[2025-05-31 11:35:56,018] {processor.py:163} INFO - Started process (PID=18358) to work on /home/airflow/.local/lib/python3.6/site-packages/airflow/example_dags/example_branch_python_dop_operator_3.py
[2025-05-31 11:35:56,024] {processor.py:642} INFO - Processing file /home/airflow/.local/lib/python3.6/site-packages/airflow/example_dags/example_branch_python_dop_operator_3.py for tasks to queue
[2025-05-31 11:35:56,025] {logging_mixin.py:109} INFO - [2025-05-31 11:35:56,025] {dagbag.py:500} INFO - Filling up the DagBag from /home/airflow/.local/lib/python3.6/site-packages/airflow/example_dags/example_branch_python_dop_operator_3.py
[2025-05-31 11:35:56,068] {processor.py:654} INFO - DAG(s) dict_keys(['example_branch_dop_operator_v3']) retrieved from /home/airflow/.local/lib/python3.6/site-packages/airflow/example_dags/example_branch_python_dop_operator_3.py
[2025-05-31 11:35:56,083] {logging_mixin.py:109} INFO - [2025-05-31 11:35:56,082] {dag.py:2396} INFO - Sync 1 DAGs
[2025-05-31 11:35:56,114] {logging_mixin.py:109} INFO - [2025-05-31 11:35:56,114] {dag.py:2935} INFO - Setting next_dagrun for example_branch_dop_operator_v3 to 2025-05-31T11:34:00+00:00
[2025-05-31 11:35:56,126] {processor.py:171} INFO - Processing /home/airflow/.local/lib/python3.6/site-packages/airflow/example_dags/example_branch_python_dop_operator_3.py took 0.115 seconds
[2025-05-31 11:36:27,383] {processor.py:163} INFO - Started process (PID=18543) to work on /home/airflow/.local/lib/python3.6/site-packages/airflow/example_dags/example_branch_python_dop_operator_3.py
[2025-05-31 11:36:27,385] {processor.py:642} INFO - Processing file /home/airflow/.local/lib/python3.6/site-packages/airflow/example_dags/example_branch_python_dop_operator_3.py for tasks to queue
[2025-05-31 11:36:27,386] {logging_mixin.py:109} INFO - [2025-05-31 11:36:27,386] {dagbag.py:500} INFO - Filling up the DagBag from /home/airflow/.local/lib/python3.6/site-packages/airflow/example_dags/example_branch_python_dop_operator_3.py
[2025-05-31 11:36:27,422] {processor.py:654} INFO - DAG(s) dict_keys(['example_branch_dop_operator_v3']) retrieved from /home/airflow/.local/lib/python3.6/site-packages/airflow/example_dags/example_branch_python_dop_operator_3.py
[2025-05-31 11:36:27,435] {logging_mixin.py:109} INFO - [2025-05-31 11:36:27,435] {dag.py:2396} INFO - Sync 1 DAGs
[2025-05-31 11:36:27,467] {logging_mixin.py:109} INFO - [2025-05-31 11:36:27,467] {dag.py:2935} INFO - Setting next_dagrun for example_branch_dop_operator_v3 to 2025-05-31T11:35:00+00:00
[2025-05-31 11:36:27,479] {processor.py:171} INFO - Processing /home/airflow/.local/lib/python3.6/site-packages/airflow/example_dags/example_branch_python_dop_operator_3.py took 0.101 seconds
[2025-05-31 11:36:58,958] {processor.py:163} INFO - Started process (PID=18740) to work on /home/airflow/.local/lib/python3.6/site-packages/airflow/example_dags/example_branch_python_dop_operator_3.py
[2025-05-31 11:36:58,959] {processor.py:642} INFO - Processing file /home/airflow/.local/lib/python3.6/site-packages/airflow/example_dags/example_branch_python_dop_operator_3.py for tasks to queue
[2025-05-31 11:36:58,961] {logging_mixin.py:109} INFO - [2025-05-31 11:36:58,961] {dagbag.py:500} INFO - Filling up the DagBag from /home/airflow/.local/lib/python3.6/site-packages/airflow/example_dags/example_branch_python_dop_operator_3.py
[2025-05-31 11:36:59,004] {processor.py:654} INFO - DAG(s) dict_keys(['example_branch_dop_operator_v3']) retrieved from /home/airflow/.local/lib/python3.6/site-packages/airflow/example_dags/example_branch_python_dop_operator_3.py
[2025-05-31 11:36:59,024] {logging_mixin.py:109} INFO - [2025-05-31 11:36:59,023] {dag.py:2396} INFO - Sync 1 DAGs
[2025-05-31 11:36:59,070] {logging_mixin.py:109} INFO - [2025-05-31 11:36:59,070] {dag.py:2935} INFO - Setting next_dagrun for example_branch_dop_operator_v3 to 2025-05-31T11:35:00+00:00
[2025-05-31 11:36:59,083] {processor.py:171} INFO - Processing /home/airflow/.local/lib/python3.6/site-packages/airflow/example_dags/example_branch_python_dop_operator_3.py took 0.130 seconds
[2025-05-31 11:37:29,735] {processor.py:163} INFO - Started process (PID=18925) to work on /home/airflow/.local/lib/python3.6/site-packages/airflow/example_dags/example_branch_python_dop_operator_3.py
[2025-05-31 11:37:29,737] {processor.py:642} INFO - Processing file /home/airflow/.local/lib/python3.6/site-packages/airflow/example_dags/example_branch_python_dop_operator_3.py for tasks to queue
[2025-05-31 11:37:29,738] {logging_mixin.py:109} INFO - [2025-05-31 11:37:29,738] {dagbag.py:500} INFO - Filling up the DagBag from /home/airflow/.local/lib/python3.6/site-packages/airflow/example_dags/example_branch_python_dop_operator_3.py
[2025-05-31 11:37:29,782] {processor.py:654} INFO - DAG(s) dict_keys(['example_branch_dop_operator_v3']) retrieved from /home/airflow/.local/lib/python3.6/site-packages/airflow/example_dags/example_branch_python_dop_operator_3.py
[2025-05-31 11:37:29,795] {logging_mixin.py:109} INFO - [2025-05-31 11:37:29,795] {dag.py:2396} INFO - Sync 1 DAGs
[2025-05-31 11:37:29,825] {logging_mixin.py:109} INFO - [2025-05-31 11:37:29,824] {dag.py:2935} INFO - Setting next_dagrun for example_branch_dop_operator_v3 to 2025-05-31T11:36:00+00:00
[2025-05-31 11:37:29,838] {processor.py:171} INFO - Processing /home/airflow/.local/lib/python3.6/site-packages/airflow/example_dags/example_branch_python_dop_operator_3.py took 0.107 seconds
[2025-05-31 11:38:00,893] {processor.py:163} INFO - Started process (PID=19118) to work on /home/airflow/.local/lib/python3.6/site-packages/airflow/example_dags/example_branch_python_dop_operator_3.py
[2025-05-31 11:38:00,896] {processor.py:642} INFO - Processing file /home/airflow/.local/lib/python3.6/site-packages/airflow/example_dags/example_branch_python_dop_operator_3.py for tasks to queue
[2025-05-31 11:38:00,897] {logging_mixin.py:109} INFO - [2025-05-31 11:38:00,897] {dagbag.py:500} INFO - Filling up the DagBag from /home/airflow/.local/lib/python3.6/site-packages/airflow/example_dags/example_branch_python_dop_operator_3.py
[2025-05-31 11:38:00,954] {processor.py:654} INFO - DAG(s) dict_keys(['example_branch_dop_operator_v3']) retrieved from /home/airflow/.local/lib/python3.6/site-packages/airflow/example_dags/example_branch_python_dop_operator_3.py
[2025-05-31 11:38:00,976] {logging_mixin.py:109} INFO - [2025-05-31 11:38:00,976] {dag.py:2396} INFO - Sync 1 DAGs
[2025-05-31 11:38:01,021] {logging_mixin.py:109} INFO - [2025-05-31 11:38:01,019] {dag.py:2935} INFO - Setting next_dagrun for example_branch_dop_operator_v3 to 2025-05-31T11:37:00+00:00
[2025-05-31 11:38:01,039] {processor.py:171} INFO - Processing /home/airflow/.local/lib/python3.6/site-packages/airflow/example_dags/example_branch_python_dop_operator_3.py took 0.152 seconds
[2025-05-31 11:38:31,754] {processor.py:163} INFO - Started process (PID=19305) to work on /home/airflow/.local/lib/python3.6/site-packages/airflow/example_dags/example_branch_python_dop_operator_3.py
[2025-05-31 11:38:31,756] {processor.py:642} INFO - Processing file /home/airflow/.local/lib/python3.6/site-packages/airflow/example_dags/example_branch_python_dop_operator_3.py for tasks to queue
[2025-05-31 11:38:31,757] {logging_mixin.py:109} INFO - [2025-05-31 11:38:31,757] {dagbag.py:500} INFO - Filling up the DagBag from /home/airflow/.local/lib/python3.6/site-packages/airflow/example_dags/example_branch_python_dop_operator_3.py
[2025-05-31 11:38:31,798] {processor.py:654} INFO - DAG(s) dict_keys(['example_branch_dop_operator_v3']) retrieved from /home/airflow/.local/lib/python3.6/site-packages/airflow/example_dags/example_branch_python_dop_operator_3.py
[2025-05-31 11:38:31,815] {logging_mixin.py:109} INFO - [2025-05-31 11:38:31,815] {dag.py:2396} INFO - Sync 1 DAGs
[2025-05-31 11:38:31,853] {logging_mixin.py:109} INFO - [2025-05-31 11:38:31,853] {dag.py:2935} INFO - Setting next_dagrun for example_branch_dop_operator_v3 to 2025-05-31T11:37:00+00:00
[2025-05-31 11:38:31,870] {processor.py:171} INFO - Processing /home/airflow/.local/lib/python3.6/site-packages/airflow/example_dags/example_branch_python_dop_operator_3.py took 0.120 seconds
[2025-05-31 11:39:01,929] {processor.py:163} INFO - Started process (PID=19488) to work on /home/airflow/.local/lib/python3.6/site-packages/airflow/example_dags/example_branch_python_dop_operator_3.py
[2025-05-31 11:39:01,931] {processor.py:642} INFO - Processing file /home/airflow/.local/lib/python3.6/site-packages/airflow/example_dags/example_branch_python_dop_operator_3.py for tasks to queue
[2025-05-31 11:39:01,932] {logging_mixin.py:109} INFO - [2025-05-31 11:39:01,932] {dagbag.py:500} INFO - Filling up the DagBag from /home/airflow/.local/lib/python3.6/site-packages/airflow/example_dags/example_branch_python_dop_operator_3.py
[2025-05-31 11:39:01,970] {processor.py:654} INFO - DAG(s) dict_keys(['example_branch_dop_operator_v3']) retrieved from /home/airflow/.local/lib/python3.6/site-packages/airflow/example_dags/example_branch_python_dop_operator_3.py
[2025-05-31 11:39:01,986] {logging_mixin.py:109} INFO - [2025-05-31 11:39:01,986] {dag.py:2396} INFO - Sync 1 DAGs
[2025-05-31 11:39:02,029] {logging_mixin.py:109} INFO - [2025-05-31 11:39:02,029] {dag.py:2935} INFO - Setting next_dagrun for example_branch_dop_operator_v3 to 2025-05-31T11:38:00+00:00
[2025-05-31 11:39:02,044] {processor.py:171} INFO - Processing /home/airflow/.local/lib/python3.6/site-packages/airflow/example_dags/example_branch_python_dop_operator_3.py took 0.120 seconds
[2025-05-31 11:39:32,463] {processor.py:163} INFO - Started process (PID=19683) to work on /home/airflow/.local/lib/python3.6/site-packages/airflow/example_dags/example_branch_python_dop_operator_3.py
[2025-05-31 11:39:32,465] {processor.py:642} INFO - Processing file /home/airflow/.local/lib/python3.6/site-packages/airflow/example_dags/example_branch_python_dop_operator_3.py for tasks to queue
[2025-05-31 11:39:32,467] {logging_mixin.py:109} INFO - [2025-05-31 11:39:32,466] {dagbag.py:500} INFO - Filling up the DagBag from /home/airflow/.local/lib/python3.6/site-packages/airflow/example_dags/example_branch_python_dop_operator_3.py
[2025-05-31 11:39:32,515] {processor.py:654} INFO - DAG(s) dict_keys(['example_branch_dop_operator_v3']) retrieved from /home/airflow/.local/lib/python3.6/site-packages/airflow/example_dags/example_branch_python_dop_operator_3.py
[2025-05-31 11:39:32,530] {logging_mixin.py:109} INFO - [2025-05-31 11:39:32,530] {dag.py:2396} INFO - Sync 1 DAGs
[2025-05-31 11:39:32,568] {logging_mixin.py:109} INFO - [2025-05-31 11:39:32,568] {dag.py:2935} INFO - Setting next_dagrun for example_branch_dop_operator_v3 to 2025-05-31T11:38:00+00:00
[2025-05-31 11:39:32,583] {processor.py:171} INFO - Processing /home/airflow/.local/lib/python3.6/site-packages/airflow/example_dags/example_branch_python_dop_operator_3.py took 0.126 seconds
[2025-05-31 11:40:02,977] {processor.py:163} INFO - Started process (PID=19870) to work on /home/airflow/.local/lib/python3.6/site-packages/airflow/example_dags/example_branch_python_dop_operator_3.py
[2025-05-31 11:40:02,980] {processor.py:642} INFO - Processing file /home/airflow/.local/lib/python3.6/site-packages/airflow/example_dags/example_branch_python_dop_operator_3.py for tasks to queue
[2025-05-31 11:40:02,981] {logging_mixin.py:109} INFO - [2025-05-31 11:40:02,981] {dagbag.py:500} INFO - Filling up the DagBag from /home/airflow/.local/lib/python3.6/site-packages/airflow/example_dags/example_branch_python_dop_operator_3.py
[2025-05-31 11:40:03,025] {processor.py:654} INFO - DAG(s) dict_keys(['example_branch_dop_operator_v3']) retrieved from /home/airflow/.local/lib/python3.6/site-packages/airflow/example_dags/example_branch_python_dop_operator_3.py
[2025-05-31 11:40:03,044] {logging_mixin.py:109} INFO - [2025-05-31 11:40:03,043] {dag.py:2396} INFO - Sync 1 DAGs
[2025-05-31 11:40:03,077] {logging_mixin.py:109} INFO - [2025-05-31 11:40:03,077] {dag.py:2935} INFO - Setting next_dagrun for example_branch_dop_operator_v3 to 2025-05-31T11:39:00+00:00
[2025-05-31 11:40:03,090] {processor.py:171} INFO - Processing /home/airflow/.local/lib/python3.6/site-packages/airflow/example_dags/example_branch_python_dop_operator_3.py took 0.120 seconds
[2025-05-31 11:40:34,157] {processor.py:163} INFO - Started process (PID=20062) to work on /home/airflow/.local/lib/python3.6/site-packages/airflow/example_dags/example_branch_python_dop_operator_3.py
[2025-05-31 11:40:34,159] {processor.py:642} INFO - Processing file /home/airflow/.local/lib/python3.6/site-packages/airflow/example_dags/example_branch_python_dop_operator_3.py for tasks to queue
[2025-05-31 11:40:34,161] {logging_mixin.py:109} INFO - [2025-05-31 11:40:34,161] {dagbag.py:500} INFO - Filling up the DagBag from /home/airflow/.local/lib/python3.6/site-packages/airflow/example_dags/example_branch_python_dop_operator_3.py
[2025-05-31 11:40:34,207] {processor.py:654} INFO - DAG(s) dict_keys(['example_branch_dop_operator_v3']) retrieved from /home/airflow/.local/lib/python3.6/site-packages/airflow/example_dags/example_branch_python_dop_operator_3.py
[2025-05-31 11:40:34,228] {logging_mixin.py:109} INFO - [2025-05-31 11:40:34,227] {dag.py:2396} INFO - Sync 1 DAGs
[2025-05-31 11:40:34,268] {logging_mixin.py:109} INFO - [2025-05-31 11:40:34,268] {dag.py:2935} INFO - Setting next_dagrun for example_branch_dop_operator_v3 to 2025-05-31T11:39:00+00:00
[2025-05-31 11:40:34,283] {processor.py:171} INFO - Processing /home/airflow/.local/lib/python3.6/site-packages/airflow/example_dags/example_branch_python_dop_operator_3.py took 0.131 seconds
[2025-05-31 11:41:05,411] {processor.py:163} INFO - Started process (PID=20247) to work on /home/airflow/.local/lib/python3.6/site-packages/airflow/example_dags/example_branch_python_dop_operator_3.py
[2025-05-31 11:41:05,413] {processor.py:642} INFO - Processing file /home/airflow/.local/lib/python3.6/site-packages/airflow/example_dags/example_branch_python_dop_operator_3.py for tasks to queue
[2025-05-31 11:41:05,414] {logging_mixin.py:109} INFO - [2025-05-31 11:41:05,414] {dagbag.py:500} INFO - Filling up the DagBag from /home/airflow/.local/lib/python3.6/site-packages/airflow/example_dags/example_branch_python_dop_operator_3.py
[2025-05-31 11:41:05,450] {processor.py:654} INFO - DAG(s) dict_keys(['example_branch_dop_operator_v3']) retrieved from /home/airflow/.local/lib/python3.6/site-packages/airflow/example_dags/example_branch_python_dop_operator_3.py
[2025-05-31 11:41:05,463] {logging_mixin.py:109} INFO - [2025-05-31 11:41:05,463] {dag.py:2396} INFO - Sync 1 DAGs
[2025-05-31 11:41:05,493] {logging_mixin.py:109} INFO - [2025-05-31 11:41:05,493] {dag.py:2935} INFO - Setting next_dagrun for example_branch_dop_operator_v3 to 2025-05-31T11:40:00+00:00
[2025-05-31 11:41:05,506] {processor.py:171} INFO - Processing /home/airflow/.local/lib/python3.6/site-packages/airflow/example_dags/example_branch_python_dop_operator_3.py took 0.100 seconds
[2025-05-31 11:41:36,784] {processor.py:163} INFO - Started process (PID=20437) to work on /home/airflow/.local/lib/python3.6/site-packages/airflow/example_dags/example_branch_python_dop_operator_3.py
[2025-05-31 11:41:36,787] {processor.py:642} INFO - Processing file /home/airflow/.local/lib/python3.6/site-packages/airflow/example_dags/example_branch_python_dop_operator_3.py for tasks to queue
[2025-05-31 11:41:36,794] {logging_mixin.py:109} INFO - [2025-05-31 11:41:36,794] {dagbag.py:500} INFO - Filling up the DagBag from /home/airflow/.local/lib/python3.6/site-packages/airflow/example_dags/example_branch_python_dop_operator_3.py
[2025-05-31 11:41:36,865] {processor.py:654} INFO - DAG(s) dict_keys(['example_branch_dop_operator_v3']) retrieved from /home/airflow/.local/lib/python3.6/site-packages/airflow/example_dags/example_branch_python_dop_operator_3.py
[2025-05-31 11:41:36,895] {logging_mixin.py:109} INFO - [2025-05-31 11:41:36,895] {dag.py:2396} INFO - Sync 1 DAGs
[2025-05-31 11:41:36,932] {logging_mixin.py:109} INFO - [2025-05-31 11:41:36,932] {dag.py:2935} INFO - Setting next_dagrun for example_branch_dop_operator_v3 to 2025-05-31T11:40:00+00:00
[2025-05-31 11:41:36,632] {processor.py:171} INFO - Processing /home/airflow/.local/lib/python3.6/site-packages/airflow/example_dags/example_branch_python_dop_operator_3.py took 0.174 seconds
[2025-05-31 11:42:06,913] {processor.py:163} INFO - Started process (PID=20622) to work on /home/airflow/.local/lib/python3.6/site-packages/airflow/example_dags/example_branch_python_dop_operator_3.py
[2025-05-31 11:42:06,915] {processor.py:642} INFO - Processing file /home/airflow/.local/lib/python3.6/site-packages/airflow/example_dags/example_branch_python_dop_operator_3.py for tasks to queue
[2025-05-31 11:42:06,916] {logging_mixin.py:109} INFO - [2025-05-31 11:42:06,916] {dagbag.py:500} INFO - Filling up the DagBag from /home/airflow/.local/lib/python3.6/site-packages/airflow/example_dags/example_branch_python_dop_operator_3.py
[2025-05-31 11:42:06,961] {processor.py:654} INFO - DAG(s) dict_keys(['example_branch_dop_operator_v3']) retrieved from /home/airflow/.local/lib/python3.6/site-packages/airflow/example_dags/example_branch_python_dop_operator_3.py
[2025-05-31 11:42:06,976] {logging_mixin.py:109} INFO - [2025-05-31 11:42:06,975] {dag.py:2396} INFO - Sync 1 DAGs
[2025-05-31 11:42:07,009] {logging_mixin.py:109} INFO - [2025-05-31 11:42:07,009] {dag.py:2935} INFO - Setting next_dagrun for example_branch_dop_operator_v3 to 2025-05-31T11:41:00+00:00
[2025-05-31 11:42:07,021] {processor.py:171} INFO - Processing /home/airflow/.local/lib/python3.6/site-packages/airflow/example_dags/example_branch_python_dop_operator_3.py took 0.113 seconds
[2025-05-31 11:42:37,867] {processor.py:163} INFO - Started process (PID=20807) to work on /home/airflow/.local/lib/python3.6/site-packages/airflow/example_dags/example_branch_python_dop_operator_3.py
[2025-05-31 11:42:37,869] {processor.py:642} INFO - Processing file /home/airflow/.local/lib/python3.6/site-packages/airflow/example_dags/example_branch_python_dop_operator_3.py for tasks to queue
[2025-05-31 11:42:37,870] {logging_mixin.py:109} INFO - [2025-05-31 11:42:37,870] {dagbag.py:500} INFO - Filling up the DagBag from /home/airflow/.local/lib/python3.6/site-packages/airflow/example_dags/example_branch_python_dop_operator_3.py
[2025-05-31 11:42:37,911] {processor.py:654} INFO - DAG(s) dict_keys(['example_branch_dop_operator_v3']) retrieved from /home/airflow/.local/lib/python3.6/site-packages/airflow/example_dags/example_branch_python_dop_operator_3.py
[2025-05-31 11:42:37,925] {logging_mixin.py:109} INFO - [2025-05-31 11:42:37,925] {dag.py:2396} INFO - Sync 1 DAGs
[2025-05-31 11:42:37,962] {logging_mixin.py:109} INFO - [2025-05-31 11:42:37,962] {dag.py:2935} INFO - Setting next_dagrun for example_branch_dop_operator_v3 to 2025-05-31T11:41:00+00:00
[2025-05-31 11:42:37,976] {processor.py:171} INFO - Processing /home/airflow/.local/lib/python3.6/site-packages/airflow/example_dags/example_branch_python_dop_operator_3.py took 0.114 seconds
[2025-05-31 11:43:08,649] {processor.py:163} INFO - Started process (PID=21007) to work on /home/airflow/.local/lib/python3.6/site-packages/airflow/example_dags/example_branch_python_dop_operator_3.py
[2025-05-31 11:43:08,652] {processor.py:642} INFO - Processing file /home/airflow/.local/lib/python3.6/site-packages/airflow/example_dags/example_branch_python_dop_operator_3.py for tasks to queue
[2025-05-31 11:43:08,653] {logging_mixin.py:109} INFO - [2025-05-31 11:43:08,653] {dagbag.py:500} INFO - Filling up the DagBag from /home/airflow/.local/lib/python3.6/site-packages/airflow/example_dags/example_branch_python_dop_operator_3.py
[2025-05-31 11:43:08,698] {processor.py:654} INFO - DAG(s) dict_keys(['example_branch_dop_operator_v3']) retrieved from /home/airflow/.local/lib/python3.6/site-packages/airflow/example_dags/example_branch_python_dop_operator_3.py
[2025-05-31 11:43:08,714] {logging_mixin.py:109} INFO - [2025-05-31 11:43:08,714] {dag.py:2396} INFO - Sync 1 DAGs
[2025-05-31 11:43:08,747] {logging_mixin.py:109} INFO - [2025-05-31 11:43:08,747] {dag.py:2935} INFO - Setting next_dagrun for example_branch_dop_operator_v3 to 2025-05-31T11:42:00+00:00
[2025-05-31 11:43:08,761] {processor.py:171} INFO - Processing /home/airflow/.local/lib/python3.6/site-packages/airflow/example_dags/example_branch_python_dop_operator_3.py took 0.118 seconds
[2025-05-31 11:43:38,977] {processor.py:163} INFO - Started process (PID=21197) to work on /home/airflow/.local/lib/python3.6/site-packages/airflow/example_dags/example_branch_python_dop_operator_3.py
[2025-05-31 11:43:38,979] {processor.py:642} INFO - Processing file /home/airflow/.local/lib/python3.6/site-packages/airflow/example_dags/example_branch_python_dop_operator_3.py for tasks to queue
[2025-05-31 11:43:38,980] {logging_mixin.py:109} INFO - [2025-05-31 11:43:38,980] {dagbag.py:500} INFO - Filling up the DagBag from /home/airflow/.local/lib/python3.6/site-packages/airflow/example_dags/example_branch_python_dop_operator_3.py
[2025-05-31 11:43:39,016] {processor.py:654} INFO - DAG(s) dict_keys(['example_branch_dop_operator_v3']) retrieved from /home/airflow/.local/lib/python3.6/site-packages/airflow/example_dags/example_branch_python_dop_operator_3.py
[2025-05-31 11:43:39,030] {logging_mixin.py:109} INFO - [2025-05-31 11:43:39,030] {dag.py:2396} INFO - Sync 1 DAGs
[2025-05-31 11:43:39,059] {logging_mixin.py:109} INFO - [2025-05-31 11:43:39,058] {dag.py:2935} INFO - Setting next_dagrun for example_branch_dop_operator_v3 to 2025-05-31T11:42:00+00:00
[2025-05-31 11:43:39,070] {processor.py:171} INFO - Processing /home/airflow/.local/lib/python3.6/site-packages/airflow/example_dags/example_branch_python_dop_operator_3.py took 0.098 seconds
[2025-05-31 11:44:09,663] {processor.py:163} INFO - Started process (PID=21392) to work on /home/airflow/.local/lib/python3.6/site-packages/airflow/example_dags/example_branch_python_dop_operator_3.py
[2025-05-31 11:44:09,665] {processor.py:642} INFO - Processing file /home/airflow/.local/lib/python3.6/site-packages/airflow/example_dags/example_branch_python_dop_operator_3.py for tasks to queue
[2025-05-31 11:44:09,667] {logging_mixin.py:109} INFO - [2025-05-31 11:44:09,666] {dagbag.py:500} INFO - Filling up the DagBag from /home/airflow/.local/lib/python3.6/site-packages/airflow/example_dags/example_branch_python_dop_operator_3.py
[2025-05-31 11:44:09,707] {processor.py:654} INFO - DAG(s) dict_keys(['example_branch_dop_operator_v3']) retrieved from /home/airflow/.local/lib/python3.6/site-packages/airflow/example_dags/example_branch_python_dop_operator_3.py
[2025-05-31 11:44:09,723] {logging_mixin.py:109} INFO - [2025-05-31 11:44:09,723] {dag.py:2396} INFO - Sync 1 DAGs
[2025-05-31 11:44:09,770] {logging_mixin.py:109} INFO - [2025-05-31 11:44:09,769] {dag.py:2935} INFO - Setting next_dagrun for example_branch_dop_operator_v3 to 2025-05-31T11:43:00+00:00
[2025-05-31 11:44:09,786] {processor.py:171} INFO - Processing /home/airflow/.local/lib/python3.6/site-packages/airflow/example_dags/example_branch_python_dop_operator_3.py took 0.129 seconds
[2025-05-31 11:44:40,294] {processor.py:163} INFO - Started process (PID=21578) to work on /home/airflow/.local/lib/python3.6/site-packages/airflow/example_dags/example_branch_python_dop_operator_3.py
[2025-05-31 11:44:40,295] {processor.py:642} INFO - Processing file /home/airflow/.local/lib/python3.6/site-packages/airflow/example_dags/example_branch_python_dop_operator_3.py for tasks to queue
[2025-05-31 11:44:40,296] {logging_mixin.py:109} INFO - [2025-05-31 11:44:40,296] {dagbag.py:500} INFO - Filling up the DagBag from /home/airflow/.local/lib/python3.6/site-packages/airflow/example_dags/example_branch_python_dop_operator_3.py
[2025-05-31 11:44:40,338] {processor.py:654} INFO - DAG(s) dict_keys(['example_branch_dop_operator_v3']) retrieved from /home/airflow/.local/lib/python3.6/site-packages/airflow/example_dags/example_branch_python_dop_operator_3.py
[2025-05-31 11:44:40,351] {logging_mixin.py:109} INFO - [2025-05-31 11:44:40,351] {dag.py:2396} INFO - Sync 1 DAGs
[2025-05-31 11:44:40,379] {logging_mixin.py:109} INFO - [2025-05-31 11:44:40,378] {dag.py:2935} INFO - Setting next_dagrun for example_branch_dop_operator_v3 to 2025-05-31T11:43:00+00:00
[2025-05-31 11:44:40,392] {processor.py:171} INFO - Processing /home/airflow/.local/lib/python3.6/site-packages/airflow/example_dags/example_branch_python_dop_operator_3.py took 0.103 seconds
[2025-05-31 11:45:10,997] {processor.py:163} INFO - Started process (PID=21760) to work on /home/airflow/.local/lib/python3.6/site-packages/airflow/example_dags/example_branch_python_dop_operator_3.py
[2025-05-31 11:45:10,999] {processor.py:642} INFO - Processing file /home/airflow/.local/lib/python3.6/site-packages/airflow/example_dags/example_branch_python_dop_operator_3.py for tasks to queue
[2025-05-31 11:45:11,000] {logging_mixin.py:109} INFO - [2025-05-31 11:45:11,000] {dagbag.py:500} INFO - Filling up the DagBag from /home/airflow/.local/lib/python3.6/site-packages/airflow/example_dags/example_branch_python_dop_operator_3.py
[2025-05-31 11:45:11,039] {processor.py:654} INFO - DAG(s) dict_keys(['example_branch_dop_operator_v3']) retrieved from /home/airflow/.local/lib/python3.6/site-packages/airflow/example_dags/example_branch_python_dop_operator_3.py
[2025-05-31 11:45:11,054] {logging_mixin.py:109} INFO - [2025-05-31 11:45:11,053] {dag.py:2396} INFO - Sync 1 DAGs
[2025-05-31 11:45:11,089] {logging_mixin.py:109} INFO - [2025-05-31 11:45:11,089] {dag.py:2935} INFO - Setting next_dagrun for example_branch_dop_operator_v3 to 2025-05-31T11:44:00+00:00
[2025-05-31 11:45:11,102] {processor.py:171} INFO - Processing /home/airflow/.local/lib/python3.6/site-packages/airflow/example_dags/example_branch_python_dop_operator_3.py took 0.111 seconds
[2025-05-31 11:45:41,934] {processor.py:163} INFO - Started process (PID=21960) to work on /home/airflow/.local/lib/python3.6/site-packages/airflow/example_dags/example_branch_python_dop_operator_3.py
[2025-05-31 11:45:41,936] {processor.py:642} INFO - Processing file /home/airflow/.local/lib/python3.6/site-packages/airflow/example_dags/example_branch_python_dop_operator_3.py for tasks to queue
[2025-05-31 11:45:41,937] {logging_mixin.py:109} INFO - [2025-05-31 11:45:41,937] {dagbag.py:500} INFO - Filling up the DagBag from /home/airflow/.local/lib/python3.6/site-packages/airflow/example_dags/example_branch_python_dop_operator_3.py
[2025-05-31 11:45:41,977] {processor.py:654} INFO - DAG(s) dict_keys(['example_branch_dop_operator_v3']) retrieved from /home/airflow/.local/lib/python3.6/site-packages/airflow/example_dags/example_branch_python_dop_operator_3.py
[2025-05-31 11:45:41,997] {logging_mixin.py:109} INFO - [2025-05-31 11:45:41,996] {dag.py:2396} INFO - Sync 1 DAGs
[2025-05-31 11:45:42,034] {logging_mixin.py:109} INFO - [2025-05-31 11:45:42,034] {dag.py:2935} INFO - Setting next_dagrun for example_branch_dop_operator_v3 to 2025-05-31T11:44:00+00:00
[2025-05-31 11:45:42,048] {processor.py:171} INFO - Processing /home/airflow/.local/lib/python3.6/site-packages/airflow/example_dags/example_branch_python_dop_operator_3.py took 0.119 seconds
[2025-05-31 11:46:12,760] {processor.py:163} INFO - Started process (PID=22143) to work on /home/airflow/.local/lib/python3.6/site-packages/airflow/example_dags/example_branch_python_dop_operator_3.py
[2025-05-31 11:46:12,762] {processor.py:642} INFO - Processing file /home/airflow/.local/lib/python3.6/site-packages/airflow/example_dags/example_branch_python_dop_operator_3.py for tasks to queue
[2025-05-31 11:46:12,764] {logging_mixin.py:109} INFO - [2025-05-31 11:46:12,763] {dagbag.py:500} INFO - Filling up the DagBag from /home/airflow/.local/lib/python3.6/site-packages/airflow/example_dags/example_branch_python_dop_operator_3.py
[2025-05-31 11:46:12,806] {processor.py:654} INFO - DAG(s) dict_keys(['example_branch_dop_operator_v3']) retrieved from /home/airflow/.local/lib/python3.6/site-packages/airflow/example_dags/example_branch_python_dop_operator_3.py
[2025-05-31 11:46:12,824] {logging_mixin.py:109} INFO - [2025-05-31 11:46:12,824] {dag.py:2396} INFO - Sync 1 DAGs
[2025-05-31 11:46:12,857] {logging_mixin.py:109} INFO - [2025-05-31 11:46:12,856] {dag.py:2935} INFO - Setting next_dagrun for example_branch_dop_operator_v3 to 2025-05-31T11:45:00+00:00
[2025-05-31 11:46:12,870] {processor.py:171} INFO - Processing /home/airflow/.local/lib/python3.6/site-packages/airflow/example_dags/example_branch_python_dop_operator_3.py took 0.115 seconds
[2025-05-31 11:46:43,700] {processor.py:163} INFO - Started process (PID=22328) to work on /home/airflow/.local/lib/python3.6/site-packages/airflow/example_dags/example_branch_python_dop_operator_3.py
[2025-05-31 11:46:43,702] {processor.py:642} INFO - Processing file /home/airflow/.local/lib/python3.6/site-packages/airflow/example_dags/example_branch_python_dop_operator_3.py for tasks to queue
[2025-05-31 11:46:43,704] {logging_mixin.py:109} INFO - [2025-05-31 11:46:43,704] {dagbag.py:500} INFO - Filling up the DagBag from /home/airflow/.local/lib/python3.6/site-packages/airflow/example_dags/example_branch_python_dop_operator_3.py
[2025-05-31 11:46:43,741] {processor.py:654} INFO - DAG(s) dict_keys(['example_branch_dop_operator_v3']) retrieved from /home/airflow/.local/lib/python3.6/site-packages/airflow/example_dags/example_branch_python_dop_operator_3.py
[2025-05-31 11:46:43,759] {logging_mixin.py:109} INFO - [2025-05-31 11:46:43,758] {dag.py:2396} INFO - Sync 1 DAGs
[2025-05-31 11:46:43,817] {logging_mixin.py:109} INFO - [2025-05-31 11:46:43,816] {dag.py:2935} INFO - Setting next_dagrun for example_branch_dop_operator_v3 to 2025-05-31T11:45:00+00:00
[2025-05-31 11:46:43,833] {processor.py:171} INFO - Processing /home/airflow/.local/lib/python3.6/site-packages/airflow/example_dags/example_branch_python_dop_operator_3.py took 0.137 seconds
[2025-05-31 11:47:14,290] {processor.py:163} INFO - Started process (PID=22523) to work on /home/airflow/.local/lib/python3.6/site-packages/airflow/example_dags/example_branch_python_dop_operator_3.py
[2025-05-31 11:47:14,292] {processor.py:642} INFO - Processing file /home/airflow/.local/lib/python3.6/site-packages/airflow/example_dags/example_branch_python_dop_operator_3.py for tasks to queue
[2025-05-31 11:47:14,293] {logging_mixin.py:109} INFO - [2025-05-31 11:47:14,293] {dagbag.py:500} INFO - Filling up the DagBag from /home/airflow/.local/lib/python3.6/site-packages/airflow/example_dags/example_branch_python_dop_operator_3.py
[2025-05-31 11:47:14,331] {processor.py:654} INFO - DAG(s) dict_keys(['example_branch_dop_operator_v3']) retrieved from /home/airflow/.local/lib/python3.6/site-packages/airflow/example_dags/example_branch_python_dop_operator_3.py
[2025-05-31 11:47:14,344] {logging_mixin.py:109} INFO - [2025-05-31 11:47:14,344] {dag.py:2396} INFO - Sync 1 DAGs
[2025-05-31 11:47:14,373] {logging_mixin.py:109} INFO - [2025-05-31 11:47:14,373] {dag.py:2935} INFO - Setting next_dagrun for example_branch_dop_operator_v3 to 2025-05-31T11:46:00+00:00
[2025-05-31 11:47:14,386] {processor.py:171} INFO - Processing /home/airflow/.local/lib/python3.6/site-packages/airflow/example_dags/example_branch_python_dop_operator_3.py took 0.101 seconds
[2025-05-31 11:47:44,835] {processor.py:163} INFO - Started process (PID=22708) to work on /home/airflow/.local/lib/python3.6/site-packages/airflow/example_dags/example_branch_python_dop_operator_3.py
[2025-05-31 11:47:44,836] {processor.py:642} INFO - Processing file /home/airflow/.local/lib/python3.6/site-packages/airflow/example_dags/example_branch_python_dop_operator_3.py for tasks to queue
[2025-05-31 11:47:44,837] {logging_mixin.py:109} INFO - [2025-05-31 11:47:44,837] {dagbag.py:500} INFO - Filling up the DagBag from /home/airflow/.local/lib/python3.6/site-packages/airflow/example_dags/example_branch_python_dop_operator_3.py
[2025-05-31 11:47:44,874] {processor.py:654} INFO - DAG(s) dict_keys(['example_branch_dop_operator_v3']) retrieved from /home/airflow/.local/lib/python3.6/site-packages/airflow/example_dags/example_branch_python_dop_operator_3.py
[2025-05-31 11:47:44,891] {logging_mixin.py:109} INFO - [2025-05-31 11:47:44,891] {dag.py:2396} INFO - Sync 1 DAGs
[2025-05-31 11:47:44,922] {logging_mixin.py:109} INFO - [2025-05-31 11:47:44,921] {dag.py:2935} INFO - Setting next_dagrun for example_branch_dop_operator_v3 to 2025-05-31T11:46:00+00:00
[2025-05-31 11:47:44,934] {processor.py:171} INFO - Processing /home/airflow/.local/lib/python3.6/site-packages/airflow/example_dags/example_branch_python_dop_operator_3.py took 0.103 seconds
[2025-05-31 11:48:15,448] {processor.py:163} INFO - Started process (PID=22903) to work on /home/airflow/.local/lib/python3.6/site-packages/airflow/example_dags/example_branch_python_dop_operator_3.py
[2025-05-31 11:48:15,450] {processor.py:642} INFO - Processing file /home/airflow/.local/lib/python3.6/site-packages/airflow/example_dags/example_branch_python_dop_operator_3.py for tasks to queue
[2025-05-31 11:48:15,452] {logging_mixin.py:109} INFO - [2025-05-31 11:48:15,451] {dagbag.py:500} INFO - Filling up the DagBag from /home/airflow/.local/lib/python3.6/site-packages/airflow/example_dags/example_branch_python_dop_operator_3.py
[2025-05-31 11:48:15,498] {processor.py:654} INFO - DAG(s) dict_keys(['example_branch_dop_operator_v3']) retrieved from /home/airflow/.local/lib/python3.6/site-packages/airflow/example_dags/example_branch_python_dop_operator_3.py
[2025-05-31 11:48:15,514] {logging_mixin.py:109} INFO - [2025-05-31 11:48:15,513] {dag.py:2396} INFO - Sync 1 DAGs
[2025-05-31 11:48:15,549] {logging_mixin.py:109} INFO - [2025-05-31 11:48:15,549] {dag.py:2935} INFO - Setting next_dagrun for example_branch_dop_operator_v3 to 2025-05-31T11:47:00+00:00
[2025-05-31 11:48:15,563] {processor.py:171} INFO - Processing /home/airflow/.local/lib/python3.6/site-packages/airflow/example_dags/example_branch_python_dop_operator_3.py took 0.121 seconds
[2025-05-31 11:48:46,636] {processor.py:163} INFO - Started process (PID=23090) to work on /home/airflow/.local/lib/python3.6/site-packages/airflow/example_dags/example_branch_python_dop_operator_3.py
[2025-05-31 11:48:46,638] {processor.py:642} INFO - Processing file /home/airflow/.local/lib/python3.6/site-packages/airflow/example_dags/example_branch_python_dop_operator_3.py for tasks to queue
[2025-05-31 11:48:46,639] {logging_mixin.py:109} INFO - [2025-05-31 11:48:46,639] {dagbag.py:500} INFO - Filling up the DagBag from /home/airflow/.local/lib/python3.6/site-packages/airflow/example_dags/example_branch_python_dop_operator_3.py
[2025-05-31 11:48:46,676] {processor.py:654} INFO - DAG(s) dict_keys(['example_branch_dop_operator_v3']) retrieved from /home/airflow/.local/lib/python3.6/site-packages/airflow/example_dags/example_branch_python_dop_operator_3.py
[2025-05-31 11:48:46,692] {logging_mixin.py:109} INFO - [2025-05-31 11:48:46,692] {dag.py:2396} INFO - Sync 1 DAGs
[2025-05-31 11:48:46,726] {logging_mixin.py:109} INFO - [2025-05-31 11:48:46,725] {dag.py:2935} INFO - Setting next_dagrun for example_branch_dop_operator_v3 to 2025-05-31T11:47:00+00:00
[2025-05-31 11:48:46,739] {processor.py:171} INFO - Processing /home/airflow/.local/lib/python3.6/site-packages/airflow/example_dags/example_branch_python_dop_operator_3.py took 0.107 seconds
[2025-05-31 11:49:17,381] {processor.py:163} INFO - Started process (PID=23282) to work on /home/airflow/.local/lib/python3.6/site-packages/airflow/example_dags/example_branch_python_dop_operator_3.py
[2025-05-31 11:49:17,383] {processor.py:642} INFO - Processing file /home/airflow/.local/lib/python3.6/site-packages/airflow/example_dags/example_branch_python_dop_operator_3.py for tasks to queue
[2025-05-31 11:49:17,385] {logging_mixin.py:109} INFO - [2025-05-31 11:49:17,384] {dagbag.py:500} INFO - Filling up the DagBag from /home/airflow/.local/lib/python3.6/site-packages/airflow/example_dags/example_branch_python_dop_operator_3.py
[2025-05-31 11:49:17,424] {processor.py:654} INFO - DAG(s) dict_keys(['example_branch_dop_operator_v3']) retrieved from /home/airflow/.local/lib/python3.6/site-packages/airflow/example_dags/example_branch_python_dop_operator_3.py
[2025-05-31 11:49:17,441] {logging_mixin.py:109} INFO - [2025-05-31 11:49:17,441] {dag.py:2396} INFO - Sync 1 DAGs
[2025-05-31 11:49:17,472] {logging_mixin.py:109} INFO - [2025-05-31 11:49:17,471] {dag.py:2935} INFO - Setting next_dagrun for example_branch_dop_operator_v3 to 2025-05-31T11:48:00+00:00
[2025-05-31 11:49:17,486] {processor.py:171} INFO - Processing /home/airflow/.local/lib/python3.6/site-packages/airflow/example_dags/example_branch_python_dop_operator_3.py took 0.110 seconds
[2025-05-31 11:49:48,538] {processor.py:163} INFO - Started process (PID=23470) to work on /home/airflow/.local/lib/python3.6/site-packages/airflow/example_dags/example_branch_python_dop_operator_3.py
[2025-05-31 11:49:48,540] {processor.py:642} INFO - Processing file /home/airflow/.local/lib/python3.6/site-packages/airflow/example_dags/example_branch_python_dop_operator_3.py for tasks to queue
[2025-05-31 11:49:48,541] {logging_mixin.py:109} INFO - [2025-05-31 11:49:48,541] {dagbag.py:500} INFO - Filling up the DagBag from /home/airflow/.local/lib/python3.6/site-packages/airflow/example_dags/example_branch_python_dop_operator_3.py
[2025-05-31 11:49:48,574] {processor.py:654} INFO - DAG(s) dict_keys(['example_branch_dop_operator_v3']) retrieved from /home/airflow/.local/lib/python3.6/site-packages/airflow/example_dags/example_branch_python_dop_operator_3.py
[2025-05-31 11:49:48,586] {logging_mixin.py:109} INFO - [2025-05-31 11:49:48,586] {dag.py:2396} INFO - Sync 1 DAGs
[2025-05-31 11:49:48,615] {logging_mixin.py:109} INFO - [2025-05-31 11:49:48,615] {dag.py:2935} INFO - Setting next_dagrun for example_branch_dop_operator_v3 to 2025-05-31T11:48:00+00:00
[2025-05-31 11:49:48,628] {processor.py:171} INFO - Processing /home/airflow/.local/lib/python3.6/site-packages/airflow/example_dags/example_branch_python_dop_operator_3.py took 0.093 seconds
[2025-05-31 11:50:19,226] {processor.py:163} INFO - Started process (PID=23655) to work on /home/airflow/.local/lib/python3.6/site-packages/airflow/example_dags/example_branch_python_dop_operator_3.py
[2025-05-31 11:50:19,228] {processor.py:642} INFO - Processing file /home/airflow/.local/lib/python3.6/site-packages/airflow/example_dags/example_branch_python_dop_operator_3.py for tasks to queue
[2025-05-31 11:50:19,229] {logging_mixin.py:109} INFO - [2025-05-31 11:50:19,229] {dagbag.py:500} INFO - Filling up the DagBag from /home/airflow/.local/lib/python3.6/site-packages/airflow/example_dags/example_branch_python_dop_operator_3.py
[2025-05-31 11:50:19,262] {processor.py:654} INFO - DAG(s) dict_keys(['example_branch_dop_operator_v3']) retrieved from /home/airflow/.local/lib/python3.6/site-packages/airflow/example_dags/example_branch_python_dop_operator_3.py
[2025-05-31 11:50:19,274] {logging_mixin.py:109} INFO - [2025-05-31 11:50:19,274] {dag.py:2396} INFO - Sync 1 DAGs
[2025-05-31 11:50:19,301] {logging_mixin.py:109} INFO - [2025-05-31 11:50:19,301] {dag.py:2935} INFO - Setting next_dagrun for example_branch_dop_operator_v3 to 2025-05-31T11:49:00+00:00
[2025-05-31 11:50:19,312] {processor.py:171} INFO - Processing /home/airflow/.local/lib/python3.6/site-packages/airflow/example_dags/example_branch_python_dop_operator_3.py took 0.090 seconds
[2025-05-31 11:50:50,363] {processor.py:163} INFO - Started process (PID=23848) to work on /home/airflow/.local/lib/python3.6/site-packages/airflow/example_dags/example_branch_python_dop_operator_3.py
[2025-05-31 11:50:50,367] {processor.py:642} INFO - Processing file /home/airflow/.local/lib/python3.6/site-packages/airflow/example_dags/example_branch_python_dop_operator_3.py for tasks to queue
[2025-05-31 11:50:50,369] {logging_mixin.py:109} INFO - [2025-05-31 11:50:50,369] {dagbag.py:500} INFO - Filling up the DagBag from /home/airflow/.local/lib/python3.6/site-packages/airflow/example_dags/example_branch_python_dop_operator_3.py
[2025-05-31 11:50:50,429] {processor.py:654} INFO - DAG(s) dict_keys(['example_branch_dop_operator_v3']) retrieved from /home/airflow/.local/lib/python3.6/site-packages/airflow/example_dags/example_branch_python_dop_operator_3.py
[2025-05-31 11:50:50,454] {logging_mixin.py:109} INFO - [2025-05-31 11:50:50,453] {dag.py:2396} INFO - Sync 1 DAGs
[2025-05-31 11:50:50,507] {logging_mixin.py:109} INFO - [2025-05-31 11:50:50,506] {dag.py:2935} INFO - Setting next_dagrun for example_branch_dop_operator_v3 to 2025-05-31T11:49:00+00:00
[2025-05-31 11:50:50,531] {processor.py:171} INFO - Processing /home/airflow/.local/lib/python3.6/site-packages/airflow/example_dags/example_branch_python_dop_operator_3.py took 0.174 seconds
[2025-05-31 11:51:20,772] {processor.py:163} INFO - Started process (PID=24033) to work on /home/airflow/.local/lib/python3.6/site-packages/airflow/example_dags/example_branch_python_dop_operator_3.py
[2025-05-31 11:51:20,774] {processor.py:642} INFO - Processing file /home/airflow/.local/lib/python3.6/site-packages/airflow/example_dags/example_branch_python_dop_operator_3.py for tasks to queue
[2025-05-31 11:51:20,776] {logging_mixin.py:109} INFO - [2025-05-31 11:51:20,775] {dagbag.py:500} INFO - Filling up the DagBag from /home/airflow/.local/lib/python3.6/site-packages/airflow/example_dags/example_branch_python_dop_operator_3.py
[2025-05-31 11:51:20,817] {processor.py:654} INFO - DAG(s) dict_keys(['example_branch_dop_operator_v3']) retrieved from /home/airflow/.local/lib/python3.6/site-packages/airflow/example_dags/example_branch_python_dop_operator_3.py
[2025-05-31 11:51:20,834] {logging_mixin.py:109} INFO - [2025-05-31 11:51:20,834] {dag.py:2396} INFO - Sync 1 DAGs
[2025-05-31 11:51:20,867] {logging_mixin.py:109} INFO - [2025-05-31 11:51:20,867] {dag.py:2935} INFO - Setting next_dagrun for example_branch_dop_operator_v3 to 2025-05-31T11:50:00+00:00
[2025-05-31 11:51:20,881] {processor.py:171} INFO - Processing /home/airflow/.local/lib/python3.6/site-packages/airflow/example_dags/example_branch_python_dop_operator_3.py took 0.116 seconds
[2025-05-31 11:51:50,935] {processor.py:163} INFO - Started process (PID=24212) to work on /home/airflow/.local/lib/python3.6/site-packages/airflow/example_dags/example_branch_python_dop_operator_3.py
[2025-05-31 11:51:50,936] {processor.py:642} INFO - Processing file /home/airflow/.local/lib/python3.6/site-packages/airflow/example_dags/example_branch_python_dop_operator_3.py for tasks to queue
[2025-05-31 11:51:50,937] {logging_mixin.py:109} INFO - [2025-05-31 11:51:50,937] {dagbag.py:500} INFO - Filling up the DagBag from /home/airflow/.local/lib/python3.6/site-packages/airflow/example_dags/example_branch_python_dop_operator_3.py
[2025-05-31 11:51:50,975] {processor.py:654} INFO - DAG(s) dict_keys(['example_branch_dop_operator_v3']) retrieved from /home/airflow/.local/lib/python3.6/site-packages/airflow/example_dags/example_branch_python_dop_operator_3.py
[2025-05-31 11:51:50,990] {logging_mixin.py:109} INFO - [2025-05-31 11:51:50,990] {dag.py:2396} INFO - Sync 1 DAGs
[2025-05-31 11:51:51,028] {logging_mixin.py:109} INFO - [2025-05-31 11:51:51,028] {dag.py:2935} INFO - Setting next_dagrun for example_branch_dop_operator_v3 to 2025-05-31T11:50:00+00:00
[2025-05-31 11:51:51,042] {processor.py:171} INFO - Processing /home/airflow/.local/lib/python3.6/site-packages/airflow/example_dags/example_branch_python_dop_operator_3.py took 0.111 seconds
[2025-05-31 11:52:22,383] {processor.py:163} INFO - Started process (PID=24412) to work on /home/airflow/.local/lib/python3.6/site-packages/airflow/example_dags/example_branch_python_dop_operator_3.py
[2025-05-31 11:52:22,385] {processor.py:642} INFO - Processing file /home/airflow/.local/lib/python3.6/site-packages/airflow/example_dags/example_branch_python_dop_operator_3.py for tasks to queue
[2025-05-31 11:52:22,386] {logging_mixin.py:109} INFO - [2025-05-31 11:52:22,386] {dagbag.py:500} INFO - Filling up the DagBag from /home/airflow/.local/lib/python3.6/site-packages/airflow/example_dags/example_branch_python_dop_operator_3.py
[2025-05-31 11:52:22,425] {processor.py:654} INFO - DAG(s) dict_keys(['example_branch_dop_operator_v3']) retrieved from /home/airflow/.local/lib/python3.6/site-packages/airflow/example_dags/example_branch_python_dop_operator_3.py
[2025-05-31 11:52:22,440] {logging_mixin.py:109} INFO - [2025-05-31 11:52:22,440] {dag.py:2396} INFO - Sync 1 DAGs
[2025-05-31 11:52:22,471] {logging_mixin.py:109} INFO - [2025-05-31 11:52:22,471] {dag.py:2935} INFO - Setting next_dagrun for example_branch_dop_operator_v3 to 2025-05-31T11:51:00+00:00
[2025-05-31 11:52:22,484] {processor.py:171} INFO - Processing /home/airflow/.local/lib/python3.6/site-packages/airflow/example_dags/example_branch_python_dop_operator_3.py took 0.107 seconds
[2025-05-31 11:52:53,166] {processor.py:163} INFO - Started process (PID=24597) to work on /home/airflow/.local/lib/python3.6/site-packages/airflow/example_dags/example_branch_python_dop_operator_3.py
[2025-05-31 11:52:53,168] {processor.py:642} INFO - Processing file /home/airflow/.local/lib/python3.6/site-packages/airflow/example_dags/example_branch_python_dop_operator_3.py for tasks to queue
[2025-05-31 11:52:53,169] {logging_mixin.py:109} INFO - [2025-05-31 11:52:53,169] {dagbag.py:500} INFO - Filling up the DagBag from /home/airflow/.local/lib/python3.6/site-packages/airflow/example_dags/example_branch_python_dop_operator_3.py
[2025-05-31 11:52:53,222] {processor.py:654} INFO - DAG(s) dict_keys(['example_branch_dop_operator_v3']) retrieved from /home/airflow/.local/lib/python3.6/site-packages/airflow/example_dags/example_branch_python_dop_operator_3.py
[2025-05-31 11:52:53,238] {logging_mixin.py:109} INFO - [2025-05-31 11:52:53,238] {dag.py:2396} INFO - Sync 1 DAGs
[2025-05-31 11:52:53,274] {logging_mixin.py:109} INFO - [2025-05-31 11:52:53,274] {dag.py:2935} INFO - Setting next_dagrun for example_branch_dop_operator_v3 to 2025-05-31T11:51:00+00:00
[2025-05-31 11:52:53,287] {processor.py:171} INFO - Processing /home/airflow/.local/lib/python3.6/site-packages/airflow/example_dags/example_branch_python_dop_operator_3.py took 0.128 seconds
[2025-05-31 11:53:24,471] {processor.py:163} INFO - Started process (PID=24792) to work on /home/airflow/.local/lib/python3.6/site-packages/airflow/example_dags/example_branch_python_dop_operator_3.py
[2025-05-31 11:53:24,474] {processor.py:642} INFO - Processing file /home/airflow/.local/lib/python3.6/site-packages/airflow/example_dags/example_branch_python_dop_operator_3.py for tasks to queue
[2025-05-31 11:53:24,475] {logging_mixin.py:109} INFO - [2025-05-31 11:53:24,475] {dagbag.py:500} INFO - Filling up the DagBag from /home/airflow/.local/lib/python3.6/site-packages/airflow/example_dags/example_branch_python_dop_operator_3.py
[2025-05-31 11:53:24,524] {processor.py:654} INFO - DAG(s) dict_keys(['example_branch_dop_operator_v3']) retrieved from /home/airflow/.local/lib/python3.6/site-packages/airflow/example_dags/example_branch_python_dop_operator_3.py
[2025-05-31 11:53:24,541] {logging_mixin.py:109} INFO - [2025-05-31 11:53:24,541] {dag.py:2396} INFO - Sync 1 DAGs
[2025-05-31 11:53:24,584] {logging_mixin.py:109} INFO - [2025-05-31 11:53:24,584] {dag.py:2935} INFO - Setting next_dagrun for example_branch_dop_operator_v3 to 2025-05-31T11:52:00+00:00
[2025-05-31 11:53:24,600] {processor.py:171} INFO - Processing /home/airflow/.local/lib/python3.6/site-packages/airflow/example_dags/example_branch_python_dop_operator_3.py took 0.134 seconds
[2025-05-31 11:53:54,707] {processor.py:163} INFO - Started process (PID=24977) to work on /home/airflow/.local/lib/python3.6/site-packages/airflow/example_dags/example_branch_python_dop_operator_3.py
[2025-05-31 11:53:54,709] {processor.py:642} INFO - Processing file /home/airflow/.local/lib/python3.6/site-packages/airflow/example_dags/example_branch_python_dop_operator_3.py for tasks to queue
[2025-05-31 11:53:54,710] {logging_mixin.py:109} INFO - [2025-05-31 11:53:54,710] {dagbag.py:500} INFO - Filling up the DagBag from /home/airflow/.local/lib/python3.6/site-packages/airflow/example_dags/example_branch_python_dop_operator_3.py
[2025-05-31 11:53:54,755] {processor.py:654} INFO - DAG(s) dict_keys(['example_branch_dop_operator_v3']) retrieved from /home/airflow/.local/lib/python3.6/site-packages/airflow/example_dags/example_branch_python_dop_operator_3.py
[2025-05-31 11:53:54,770] {logging_mixin.py:109} INFO - [2025-05-31 11:53:54,770] {dag.py:2396} INFO - Sync 1 DAGs
[2025-05-31 11:53:54,805] {logging_mixin.py:109} INFO - [2025-05-31 11:53:54,805] {dag.py:2935} INFO - Setting next_dagrun for example_branch_dop_operator_v3 to 2025-05-31T11:52:00+00:00
[2025-05-31 11:53:54,827] {processor.py:171} INFO - Processing /home/airflow/.local/lib/python3.6/site-packages/airflow/example_dags/example_branch_python_dop_operator_3.py took 0.126 seconds
[2025-05-31 11:54:25,660] {processor.py:163} INFO - Started process (PID=25174) to work on /home/airflow/.local/lib/python3.6/site-packages/airflow/example_dags/example_branch_python_dop_operator_3.py
[2025-05-31 11:54:25,661] {processor.py:642} INFO - Processing file /home/airflow/.local/lib/python3.6/site-packages/airflow/example_dags/example_branch_python_dop_operator_3.py for tasks to queue
[2025-05-31 11:54:25,663] {logging_mixin.py:109} INFO - [2025-05-31 11:54:25,663] {dagbag.py:500} INFO - Filling up the DagBag from /home/airflow/.local/lib/python3.6/site-packages/airflow/example_dags/example_branch_python_dop_operator_3.py
[2025-05-31 11:54:25,710] {processor.py:654} INFO - DAG(s) dict_keys(['example_branch_dop_operator_v3']) retrieved from /home/airflow/.local/lib/python3.6/site-packages/airflow/example_dags/example_branch_python_dop_operator_3.py
[2025-05-31 11:54:25,728] {logging_mixin.py:109} INFO - [2025-05-31 11:54:25,728] {dag.py:2396} INFO - Sync 1 DAGs
[2025-05-31 11:54:25,763] {logging_mixin.py:109} INFO - [2025-05-31 11:54:25,763] {dag.py:2935} INFO - Setting next_dagrun for example_branch_dop_operator_v3 to 2025-05-31T11:53:00+00:00
[2025-05-31 11:54:25,779] {processor.py:171} INFO - Processing /home/airflow/.local/lib/python3.6/site-packages/airflow/example_dags/example_branch_python_dop_operator_3.py took 0.124 seconds
[2025-05-31 11:54:56,055] {processor.py:163} INFO - Started process (PID=25357) to work on /home/airflow/.local/lib/python3.6/site-packages/airflow/example_dags/example_branch_python_dop_operator_3.py
[2025-05-31 11:54:56,057] {processor.py:642} INFO - Processing file /home/airflow/.local/lib/python3.6/site-packages/airflow/example_dags/example_branch_python_dop_operator_3.py for tasks to queue
[2025-05-31 11:54:56,059] {logging_mixin.py:109} INFO - [2025-05-31 11:54:56,058] {dagbag.py:500} INFO - Filling up the DagBag from /home/airflow/.local/lib/python3.6/site-packages/airflow/example_dags/example_branch_python_dop_operator_3.py
[2025-05-31 11:54:56,103] {processor.py:654} INFO - DAG(s) dict_keys(['example_branch_dop_operator_v3']) retrieved from /home/airflow/.local/lib/python3.6/site-packages/airflow/example_dags/example_branch_python_dop_operator_3.py
[2025-05-31 11:54:56,118] {logging_mixin.py:109} INFO - [2025-05-31 11:54:56,117] {dag.py:2396} INFO - Sync 1 DAGs
[2025-05-31 11:54:56,149] {logging_mixin.py:109} INFO - [2025-05-31 11:54:56,149] {dag.py:2935} INFO - Setting next_dagrun for example_branch_dop_operator_v3 to 2025-05-31T11:53:00+00:00
[2025-05-31 11:54:56,161] {processor.py:171} INFO - Processing /home/airflow/.local/lib/python3.6/site-packages/airflow/example_dags/example_branch_python_dop_operator_3.py took 0.111 seconds
[2025-05-31 11:55:26,575] {processor.py:163} INFO - Started process (PID=25552) to work on /home/airflow/.local/lib/python3.6/site-packages/airflow/example_dags/example_branch_python_dop_operator_3.py
[2025-05-31 11:55:26,577] {processor.py:642} INFO - Processing file /home/airflow/.local/lib/python3.6/site-packages/airflow/example_dags/example_branch_python_dop_operator_3.py for tasks to queue
[2025-05-31 11:55:26,578] {logging_mixin.py:109} INFO - [2025-05-31 11:55:26,578] {dagbag.py:500} INFO - Filling up the DagBag from /home/airflow/.local/lib/python3.6/site-packages/airflow/example_dags/example_branch_python_dop_operator_3.py
[2025-05-31 11:55:26,617] {processor.py:654} INFO - DAG(s) dict_keys(['example_branch_dop_operator_v3']) retrieved from /home/airflow/.local/lib/python3.6/site-packages/airflow/example_dags/example_branch_python_dop_operator_3.py
[2025-05-31 11:55:26,630] {logging_mixin.py:109} INFO - [2025-05-31 11:55:26,630] {dag.py:2396} INFO - Sync 1 DAGs
[2025-05-31 11:55:26,661] {logging_mixin.py:109} INFO - [2025-05-31 11:55:26,661] {dag.py:2935} INFO - Setting next_dagrun for example_branch_dop_operator_v3 to 2025-05-31T11:54:00+00:00
[2025-05-31 11:55:26,673] {processor.py:171} INFO - Processing /home/airflow/.local/lib/python3.6/site-packages/airflow/example_dags/example_branch_python_dop_operator_3.py took 0.102 seconds
[2025-05-31 11:55:57,464] {processor.py:163} INFO - Started process (PID=25742) to work on /home/airflow/.local/lib/python3.6/site-packages/airflow/example_dags/example_branch_python_dop_operator_3.py
[2025-05-31 11:55:57,466] {processor.py:642} INFO - Processing file /home/airflow/.local/lib/python3.6/site-packages/airflow/example_dags/example_branch_python_dop_operator_3.py for tasks to queue
[2025-05-31 11:55:57,467] {logging_mixin.py:109} INFO - [2025-05-31 11:55:57,467] {dagbag.py:500} INFO - Filling up the DagBag from /home/airflow/.local/lib/python3.6/site-packages/airflow/example_dags/example_branch_python_dop_operator_3.py
[2025-05-31 11:55:57,505] {processor.py:654} INFO - DAG(s) dict_keys(['example_branch_dop_operator_v3']) retrieved from /home/airflow/.local/lib/python3.6/site-packages/airflow/example_dags/example_branch_python_dop_operator_3.py
[2025-05-31 11:55:57,518] {logging_mixin.py:109} INFO - [2025-05-31 11:55:57,518] {dag.py:2396} INFO - Sync 1 DAGs
[2025-05-31 11:55:57,553] {logging_mixin.py:109} INFO - [2025-05-31 11:55:57,553] {dag.py:2935} INFO - Setting next_dagrun for example_branch_dop_operator_v3 to 2025-05-31T11:54:00+00:00
[2025-05-31 11:55:57,567] {processor.py:171} INFO - Processing /home/airflow/.local/lib/python3.6/site-packages/airflow/example_dags/example_branch_python_dop_operator_3.py took 0.110 seconds
[2025-05-31 11:56:28,241] {processor.py:163} INFO - Started process (PID=25927) to work on /home/airflow/.local/lib/python3.6/site-packages/airflow/example_dags/example_branch_python_dop_operator_3.py
[2025-05-31 11:56:28,243] {processor.py:642} INFO - Processing file /home/airflow/.local/lib/python3.6/site-packages/airflow/example_dags/example_branch_python_dop_operator_3.py for tasks to queue
[2025-05-31 11:56:28,244] {logging_mixin.py:109} INFO - [2025-05-31 11:56:28,244] {dagbag.py:500} INFO - Filling up the DagBag from /home/airflow/.local/lib/python3.6/site-packages/airflow/example_dags/example_branch_python_dop_operator_3.py
[2025-05-31 11:56:28,282] {processor.py:654} INFO - DAG(s) dict_keys(['example_branch_dop_operator_v3']) retrieved from /home/airflow/.local/lib/python3.6/site-packages/airflow/example_dags/example_branch_python_dop_operator_3.py
[2025-05-31 11:56:28,295] {logging_mixin.py:109} INFO - [2025-05-31 11:56:28,295] {dag.py:2396} INFO - Sync 1 DAGs
[2025-05-31 11:56:28,331] {logging_mixin.py:109} INFO - [2025-05-31 11:56:28,331] {dag.py:2935} INFO - Setting next_dagrun for example_branch_dop_operator_v3 to 2025-05-31T11:55:00+00:00
[2025-05-31 11:56:28,344] {processor.py:171} INFO - Processing /home/airflow/.local/lib/python3.6/site-packages/airflow/example_dags/example_branch_python_dop_operator_3.py took 0.107 seconds
[2025-05-31 11:56:58,573] {processor.py:163} INFO - Started process (PID=26112) to work on /home/airflow/.local/lib/python3.6/site-packages/airflow/example_dags/example_branch_python_dop_operator_3.py
[2025-05-31 11:56:58,575] {processor.py:642} INFO - Processing file /home/airflow/.local/lib/python3.6/site-packages/airflow/example_dags/example_branch_python_dop_operator_3.py for tasks to queue
[2025-05-31 11:56:58,576] {logging_mixin.py:109} INFO - [2025-05-31 11:56:58,576] {dagbag.py:500} INFO - Filling up the DagBag from /home/airflow/.local/lib/python3.6/site-packages/airflow/example_dags/example_branch_python_dop_operator_3.py
[2025-05-31 11:56:58,611] {processor.py:654} INFO - DAG(s) dict_keys(['example_branch_dop_operator_v3']) retrieved from /home/airflow/.local/lib/python3.6/site-packages/airflow/example_dags/example_branch_python_dop_operator_3.py
[2025-05-31 11:56:58,627] {logging_mixin.py:109} INFO - [2025-05-31 11:56:58,627] {dag.py:2396} INFO - Sync 1 DAGs
[2025-05-31 11:56:58,657] {logging_mixin.py:109} INFO - [2025-05-31 11:56:58,657] {dag.py:2935} INFO - Setting next_dagrun for example_branch_dop_operator_v3 to 2025-05-31T11:55:00+00:00
[2025-05-31 11:56:58,670] {processor.py:171} INFO - Processing /home/airflow/.local/lib/python3.6/site-packages/airflow/example_dags/example_branch_python_dop_operator_3.py took 0.101 seconds
[2025-05-31 11:57:28,990] {processor.py:163} INFO - Started process (PID=26302) to work on /home/airflow/.local/lib/python3.6/site-packages/airflow/example_dags/example_branch_python_dop_operator_3.py
[2025-05-31 11:57:28,992] {processor.py:642} INFO - Processing file /home/airflow/.local/lib/python3.6/site-packages/airflow/example_dags/example_branch_python_dop_operator_3.py for tasks to queue
[2025-05-31 11:57:28,993] {logging_mixin.py:109} INFO - [2025-05-31 11:57:28,993] {dagbag.py:500} INFO - Filling up the DagBag from /home/airflow/.local/lib/python3.6/site-packages/airflow/example_dags/example_branch_python_dop_operator_3.py
[2025-05-31 11:57:29,028] {processor.py:654} INFO - DAG(s) dict_keys(['example_branch_dop_operator_v3']) retrieved from /home/airflow/.local/lib/python3.6/site-packages/airflow/example_dags/example_branch_python_dop_operator_3.py
[2025-05-31 11:57:29,043] {logging_mixin.py:109} INFO - [2025-05-31 11:57:29,042] {dag.py:2396} INFO - Sync 1 DAGs
[2025-05-31 11:57:29,076] {logging_mixin.py:109} INFO - [2025-05-31 11:57:29,076] {dag.py:2935} INFO - Setting next_dagrun for example_branch_dop_operator_v3 to 2025-05-31T11:56:00+00:00
[2025-05-31 11:57:29,089] {processor.py:171} INFO - Processing /home/airflow/.local/lib/python3.6/site-packages/airflow/example_dags/example_branch_python_dop_operator_3.py took 0.104 seconds
[2025-05-31 11:57:59,547] {processor.py:163} INFO - Started process (PID=26487) to work on /home/airflow/.local/lib/python3.6/site-packages/airflow/example_dags/example_branch_python_dop_operator_3.py
[2025-05-31 11:57:59,549] {processor.py:642} INFO - Processing file /home/airflow/.local/lib/python3.6/site-packages/airflow/example_dags/example_branch_python_dop_operator_3.py for tasks to queue
[2025-05-31 11:57:59,550] {logging_mixin.py:109} INFO - [2025-05-31 11:57:59,550] {dagbag.py:500} INFO - Filling up the DagBag from /home/airflow/.local/lib/python3.6/site-packages/airflow/example_dags/example_branch_python_dop_operator_3.py
[2025-05-31 11:57:59,587] {processor.py:654} INFO - DAG(s) dict_keys(['example_branch_dop_operator_v3']) retrieved from /home/airflow/.local/lib/python3.6/site-packages/airflow/example_dags/example_branch_python_dop_operator_3.py
[2025-05-31 11:57:59,605] {logging_mixin.py:109} INFO - [2025-05-31 11:57:59,605] {dag.py:2396} INFO - Sync 1 DAGs
[2025-05-31 11:57:59,637] {logging_mixin.py:109} INFO - [2025-05-31 11:57:59,637] {dag.py:2935} INFO - Setting next_dagrun for example_branch_dop_operator_v3 to 2025-05-31T11:56:00+00:00
[2025-05-31 11:57:59,649] {processor.py:171} INFO - Processing /home/airflow/.local/lib/python3.6/site-packages/airflow/example_dags/example_branch_python_dop_operator_3.py took 0.106 seconds
[2025-05-31 11:58:30,516] {processor.py:163} INFO - Started process (PID=26682) to work on /home/airflow/.local/lib/python3.6/site-packages/airflow/example_dags/example_branch_python_dop_operator_3.py
[2025-05-31 11:58:30,519] {processor.py:642} INFO - Processing file /home/airflow/.local/lib/python3.6/site-packages/airflow/example_dags/example_branch_python_dop_operator_3.py for tasks to queue
[2025-05-31 11:58:30,520] {logging_mixin.py:109} INFO - [2025-05-31 11:58:30,520] {dagbag.py:500} INFO - Filling up the DagBag from /home/airflow/.local/lib/python3.6/site-packages/airflow/example_dags/example_branch_python_dop_operator_3.py
[2025-05-31 11:58:30,578] {processor.py:654} INFO - DAG(s) dict_keys(['example_branch_dop_operator_v3']) retrieved from /home/airflow/.local/lib/python3.6/site-packages/airflow/example_dags/example_branch_python_dop_operator_3.py
[2025-05-31 11:58:30,597] {logging_mixin.py:109} INFO - [2025-05-31 11:58:30,597] {dag.py:2396} INFO - Sync 1 DAGs
[2025-05-31 11:58:30,639] {logging_mixin.py:109} INFO - [2025-05-31 11:58:30,639] {dag.py:2935} INFO - Setting next_dagrun for example_branch_dop_operator_v3 to 2025-05-31T11:57:00+00:00
[2025-05-31 11:58:30,656] {processor.py:171} INFO - Processing /home/airflow/.local/lib/python3.6/site-packages/airflow/example_dags/example_branch_python_dop_operator_3.py took 0.146 seconds
[2025-05-31 11:59:01,045] {processor.py:163} INFO - Started process (PID=26869) to work on /home/airflow/.local/lib/python3.6/site-packages/airflow/example_dags/example_branch_python_dop_operator_3.py
[2025-05-31 11:59:01,047] {processor.py:642} INFO - Processing file /home/airflow/.local/lib/python3.6/site-packages/airflow/example_dags/example_branch_python_dop_operator_3.py for tasks to queue
[2025-05-31 11:59:01,048] {logging_mixin.py:109} INFO - [2025-05-31 11:59:01,048] {dagbag.py:500} INFO - Filling up the DagBag from /home/airflow/.local/lib/python3.6/site-packages/airflow/example_dags/example_branch_python_dop_operator_3.py
[2025-05-31 11:59:01,088] {processor.py:654} INFO - DAG(s) dict_keys(['example_branch_dop_operator_v3']) retrieved from /home/airflow/.local/lib/python3.6/site-packages/airflow/example_dags/example_branch_python_dop_operator_3.py
[2025-05-31 11:59:01,102] {logging_mixin.py:109} INFO - [2025-05-31 11:59:01,102] {dag.py:2396} INFO - Sync 1 DAGs
[2025-05-31 11:59:01,132] {logging_mixin.py:109} INFO - [2025-05-31 11:59:01,132] {dag.py:2935} INFO - Setting next_dagrun for example_branch_dop_operator_v3 to 2025-05-31T11:58:00+00:00
[2025-05-31 11:59:01,145] {processor.py:171} INFO - Processing /home/airflow/.local/lib/python3.6/site-packages/airflow/example_dags/example_branch_python_dop_operator_3.py took 0.107 seconds
[2025-05-31 11:59:32,241] {processor.py:163} INFO - Started process (PID=27067) to work on /home/airflow/.local/lib/python3.6/site-packages/airflow/example_dags/example_branch_python_dop_operator_3.py
[2025-05-31 11:59:32,243] {processor.py:642} INFO - Processing file /home/airflow/.local/lib/python3.6/site-packages/airflow/example_dags/example_branch_python_dop_operator_3.py for tasks to queue
[2025-05-31 11:59:32,244] {logging_mixin.py:109} INFO - [2025-05-31 11:59:32,243] {dagbag.py:500} INFO - Filling up the DagBag from /home/airflow/.local/lib/python3.6/site-packages/airflow/example_dags/example_branch_python_dop_operator_3.py
[2025-05-31 11:59:32,280] {processor.py:654} INFO - DAG(s) dict_keys(['example_branch_dop_operator_v3']) retrieved from /home/airflow/.local/lib/python3.6/site-packages/airflow/example_dags/example_branch_python_dop_operator_3.py
[2025-05-31 11:59:32,294] {logging_mixin.py:109} INFO - [2025-05-31 11:59:32,294] {dag.py:2396} INFO - Sync 1 DAGs
[2025-05-31 11:59:32,324] {logging_mixin.py:109} INFO - [2025-05-31 11:59:32,324] {dag.py:2935} INFO - Setting next_dagrun for example_branch_dop_operator_v3 to 2025-05-31T11:58:00+00:00
[2025-05-31 11:59:32,336] {processor.py:171} INFO - Processing /home/airflow/.local/lib/python3.6/site-packages/airflow/example_dags/example_branch_python_dop_operator_3.py took 0.100 seconds
[2025-05-31 12:00:04,069] {processor.py:163} INFO - Started process (PID=27262) to work on /home/airflow/.local/lib/python3.6/site-packages/airflow/example_dags/example_branch_python_dop_operator_3.py
[2025-05-31 12:00:04,071] {processor.py:642} INFO - Processing file /home/airflow/.local/lib/python3.6/site-packages/airflow/example_dags/example_branch_python_dop_operator_3.py for tasks to queue
[2025-05-31 12:00:04,072] {logging_mixin.py:109} INFO - [2025-05-31 12:00:04,072] {dagbag.py:500} INFO - Filling up the DagBag from /home/airflow/.local/lib/python3.6/site-packages/airflow/example_dags/example_branch_python_dop_operator_3.py
[2025-05-31 12:00:04,113] {processor.py:654} INFO - DAG(s) dict_keys(['example_branch_dop_operator_v3']) retrieved from /home/airflow/.local/lib/python3.6/site-packages/airflow/example_dags/example_branch_python_dop_operator_3.py
[2025-05-31 12:00:04,128] {logging_mixin.py:109} INFO - [2025-05-31 12:00:04,128] {dag.py:2396} INFO - Sync 1 DAGs
[2025-05-31 12:00:04,159] {logging_mixin.py:109} INFO - [2025-05-31 12:00:04,159] {dag.py:2935} INFO - Setting next_dagrun for example_branch_dop_operator_v3 to 2025-05-31T11:59:00+00:00
[2025-05-31 12:00:04,172] {processor.py:171} INFO - Processing /home/airflow/.local/lib/python3.6/site-packages/airflow/example_dags/example_branch_python_dop_operator_3.py took 0.107 seconds
[2025-05-31 12:00:34,549] {processor.py:163} INFO - Started process (PID=27447) to work on /home/airflow/.local/lib/python3.6/site-packages/airflow/example_dags/example_branch_python_dop_operator_3.py
[2025-05-31 12:00:34,551] {processor.py:642} INFO - Processing file /home/airflow/.local/lib/python3.6/site-packages/airflow/example_dags/example_branch_python_dop_operator_3.py for tasks to queue
[2025-05-31 12:00:34,553] {logging_mixin.py:109} INFO - [2025-05-31 12:00:34,552] {dagbag.py:500} INFO - Filling up the DagBag from /home/airflow/.local/lib/python3.6/site-packages/airflow/example_dags/example_branch_python_dop_operator_3.py
[2025-05-31 12:00:34,588] {processor.py:654} INFO - DAG(s) dict_keys(['example_branch_dop_operator_v3']) retrieved from /home/airflow/.local/lib/python3.6/site-packages/airflow/example_dags/example_branch_python_dop_operator_3.py
[2025-05-31 12:00:34,603] {logging_mixin.py:109} INFO - [2025-05-31 12:00:34,602] {dag.py:2396} INFO - Sync 1 DAGs
[2025-05-31 12:00:34,639] {logging_mixin.py:109} INFO - [2025-05-31 12:00:34,639] {dag.py:2935} INFO - Setting next_dagrun for example_branch_dop_operator_v3 to 2025-05-31T11:59:00+00:00
[2025-05-31 12:00:34,655] {processor.py:171} INFO - Processing /home/airflow/.local/lib/python3.6/site-packages/airflow/example_dags/example_branch_python_dop_operator_3.py took 0.111 seconds
[2025-05-31 12:01:06,045] {processor.py:163} INFO - Started process (PID=27641) to work on /home/airflow/.local/lib/python3.6/site-packages/airflow/example_dags/example_branch_python_dop_operator_3.py
[2025-05-31 12:01:06,046] {processor.py:642} INFO - Processing file /home/airflow/.local/lib/python3.6/site-packages/airflow/example_dags/example_branch_python_dop_operator_3.py for tasks to queue
[2025-05-31 12:01:06,047] {logging_mixin.py:109} INFO - [2025-05-31 12:01:06,047] {dagbag.py:500} INFO - Filling up the DagBag from /home/airflow/.local/lib/python3.6/site-packages/airflow/example_dags/example_branch_python_dop_operator_3.py
[2025-05-31 12:01:06,088] {processor.py:654} INFO - DAG(s) dict_keys(['example_branch_dop_operator_v3']) retrieved from /home/airflow/.local/lib/python3.6/site-packages/airflow/example_dags/example_branch_python_dop_operator_3.py
[2025-05-31 12:01:06,105] {logging_mixin.py:109} INFO - [2025-05-31 12:01:06,104] {dag.py:2396} INFO - Sync 1 DAGs
[2025-05-31 12:01:06,144] {logging_mixin.py:109} INFO - [2025-05-31 12:01:06,144] {dag.py:2935} INFO - Setting next_dagrun for example_branch_dop_operator_v3 to 2025-05-31T12:00:00+00:00
[2025-05-31 12:01:06,161] {processor.py:171} INFO - Processing /home/airflow/.local/lib/python3.6/site-packages/airflow/example_dags/example_branch_python_dop_operator_3.py took 0.120 seconds
[2025-05-31 12:01:36,791] {processor.py:163} INFO - Started process (PID=27827) to work on /home/airflow/.local/lib/python3.6/site-packages/airflow/example_dags/example_branch_python_dop_operator_3.py
[2025-05-31 12:01:36,793] {processor.py:642} INFO - Processing file /home/airflow/.local/lib/python3.6/site-packages/airflow/example_dags/example_branch_python_dop_operator_3.py for tasks to queue
[2025-05-31 12:01:36,795] {logging_mixin.py:109} INFO - [2025-05-31 12:01:36,795] {dagbag.py:500} INFO - Filling up the DagBag from /home/airflow/.local/lib/python3.6/site-packages/airflow/example_dags/example_branch_python_dop_operator_3.py
[2025-05-31 12:01:36,837] {processor.py:654} INFO - DAG(s) dict_keys(['example_branch_dop_operator_v3']) retrieved from /home/airflow/.local/lib/python3.6/site-packages/airflow/example_dags/example_branch_python_dop_operator_3.py
[2025-05-31 12:01:36,853] {logging_mixin.py:109} INFO - [2025-05-31 12:01:36,853] {dag.py:2396} INFO - Sync 1 DAGs
[2025-05-31 12:01:36,885] {logging_mixin.py:109} INFO - [2025-05-31 12:01:36,885] {dag.py:2935} INFO - Setting next_dagrun for example_branch_dop_operator_v3 to 2025-05-31T12:00:00+00:00
[2025-05-31 12:01:36,898] {processor.py:171} INFO - Processing /home/airflow/.local/lib/python3.6/site-packages/airflow/example_dags/example_branch_python_dop_operator_3.py took 0.111 seconds
[2025-05-31 12:02:07,845] {processor.py:163} INFO - Started process (PID=28019) to work on /home/airflow/.local/lib/python3.6/site-packages/airflow/example_dags/example_branch_python_dop_operator_3.py
[2025-05-31 12:02:07,847] {processor.py:642} INFO - Processing file /home/airflow/.local/lib/python3.6/site-packages/airflow/example_dags/example_branch_python_dop_operator_3.py for tasks to queue
[2025-05-31 12:02:07,849] {logging_mixin.py:109} INFO - [2025-05-31 12:02:07,849] {dagbag.py:500} INFO - Filling up the DagBag from /home/airflow/.local/lib/python3.6/site-packages/airflow/example_dags/example_branch_python_dop_operator_3.py
[2025-05-31 12:02:07,900] {processor.py:654} INFO - DAG(s) dict_keys(['example_branch_dop_operator_v3']) retrieved from /home/airflow/.local/lib/python3.6/site-packages/airflow/example_dags/example_branch_python_dop_operator_3.py
[2025-05-31 12:02:07,916] {logging_mixin.py:109} INFO - [2025-05-31 12:02:07,916] {dag.py:2396} INFO - Sync 1 DAGs
[2025-05-31 12:02:07,953] {logging_mixin.py:109} INFO - [2025-05-31 12:02:07,953] {dag.py:2935} INFO - Setting next_dagrun for example_branch_dop_operator_v3 to 2025-05-31T12:01:00+00:00
[2025-05-31 12:02:07,968] {processor.py:171} INFO - Processing /home/airflow/.local/lib/python3.6/site-packages/airflow/example_dags/example_branch_python_dop_operator_3.py took 0.130 seconds
[2025-05-31 12:02:39,238] {processor.py:163} INFO - Started process (PID=28207) to work on /home/airflow/.local/lib/python3.6/site-packages/airflow/example_dags/example_branch_python_dop_operator_3.py
[2025-05-31 12:02:39,240] {processor.py:642} INFO - Processing file /home/airflow/.local/lib/python3.6/site-packages/airflow/example_dags/example_branch_python_dop_operator_3.py for tasks to queue
[2025-05-31 12:02:39,242] {logging_mixin.py:109} INFO - [2025-05-31 12:02:39,241] {dagbag.py:500} INFO - Filling up the DagBag from /home/airflow/.local/lib/python3.6/site-packages/airflow/example_dags/example_branch_python_dop_operator_3.py
[2025-05-31 12:02:39,279] {processor.py:654} INFO - DAG(s) dict_keys(['example_branch_dop_operator_v3']) retrieved from /home/airflow/.local/lib/python3.6/site-packages/airflow/example_dags/example_branch_python_dop_operator_3.py
[2025-05-31 12:02:39,293] {logging_mixin.py:109} INFO - [2025-05-31 12:02:39,292] {dag.py:2396} INFO - Sync 1 DAGs
[2025-05-31 12:02:39,330] {logging_mixin.py:109} INFO - [2025-05-31 12:02:39,330] {dag.py:2935} INFO - Setting next_dagrun for example_branch_dop_operator_v3 to 2025-05-31T12:01:00+00:00
[2025-05-31 12:02:39,345] {processor.py:171} INFO - Processing /home/airflow/.local/lib/python3.6/site-packages/airflow/example_dags/example_branch_python_dop_operator_3.py took 0.113 seconds
[2025-05-31 12:03:10,328] {processor.py:163} INFO - Started process (PID=28392) to work on /home/airflow/.local/lib/python3.6/site-packages/airflow/example_dags/example_branch_python_dop_operator_3.py
[2025-05-31 12:03:10,329] {processor.py:642} INFO - Processing file /home/airflow/.local/lib/python3.6/site-packages/airflow/example_dags/example_branch_python_dop_operator_3.py for tasks to queue
[2025-05-31 12:03:10,330] {logging_mixin.py:109} INFO - [2025-05-31 12:03:10,330] {dagbag.py:500} INFO - Filling up the DagBag from /home/airflow/.local/lib/python3.6/site-packages/airflow/example_dags/example_branch_python_dop_operator_3.py
[2025-05-31 12:03:10,369] {processor.py:654} INFO - DAG(s) dict_keys(['example_branch_dop_operator_v3']) retrieved from /home/airflow/.local/lib/python3.6/site-packages/airflow/example_dags/example_branch_python_dop_operator_3.py
[2025-05-31 12:03:10,382] {logging_mixin.py:109} INFO - [2025-05-31 12:03:10,382] {dag.py:2396} INFO - Sync 1 DAGs
[2025-05-31 12:03:10,412] {logging_mixin.py:109} INFO - [2025-05-31 12:03:10,411] {dag.py:2935} INFO - Setting next_dagrun for example_branch_dop_operator_v3 to 2025-05-31T12:02:00+00:00
[2025-05-31 12:03:10,426] {processor.py:171} INFO - Processing /home/airflow/.local/lib/python3.6/site-packages/airflow/example_dags/example_branch_python_dop_operator_3.py took 0.103 seconds
[2025-05-31 12:03:40,711] {processor.py:163} INFO - Started process (PID=28589) to work on /home/airflow/.local/lib/python3.6/site-packages/airflow/example_dags/example_branch_python_dop_operator_3.py
[2025-05-31 12:03:40,713] {processor.py:642} INFO - Processing file /home/airflow/.local/lib/python3.6/site-packages/airflow/example_dags/example_branch_python_dop_operator_3.py for tasks to queue
[2025-05-31 12:03:40,713] {logging_mixin.py:109} INFO - [2025-05-31 12:03:40,713] {dagbag.py:500} INFO - Filling up the DagBag from /home/airflow/.local/lib/python3.6/site-packages/airflow/example_dags/example_branch_python_dop_operator_3.py
[2025-05-31 12:03:40,749] {processor.py:654} INFO - DAG(s) dict_keys(['example_branch_dop_operator_v3']) retrieved from /home/airflow/.local/lib/python3.6/site-packages/airflow/example_dags/example_branch_python_dop_operator_3.py
[2025-05-31 12:03:40,761] {logging_mixin.py:109} INFO - [2025-05-31 12:03:40,761] {dag.py:2396} INFO - Sync 1 DAGs
[2025-05-31 12:03:40,789] {logging_mixin.py:109} INFO - [2025-05-31 12:03:40,789] {dag.py:2935} INFO - Setting next_dagrun for example_branch_dop_operator_v3 to 2025-05-31T12:02:00+00:00
[2025-05-31 12:03:40,800] {processor.py:171} INFO - Processing /home/airflow/.local/lib/python3.6/site-packages/airflow/example_dags/example_branch_python_dop_operator_3.py took 0.094 seconds
[2025-05-31 12:04:11,386] {processor.py:163} INFO - Started process (PID=28774) to work on /home/airflow/.local/lib/python3.6/site-packages/airflow/example_dags/example_branch_python_dop_operator_3.py
[2025-05-31 12:04:11,387] {processor.py:642} INFO - Processing file /home/airflow/.local/lib/python3.6/site-packages/airflow/example_dags/example_branch_python_dop_operator_3.py for tasks to queue
[2025-05-31 12:04:11,389] {logging_mixin.py:109} INFO - [2025-05-31 12:04:11,388] {dagbag.py:500} INFO - Filling up the DagBag from /home/airflow/.local/lib/python3.6/site-packages/airflow/example_dags/example_branch_python_dop_operator_3.py
[2025-05-31 12:04:11,427] {processor.py:654} INFO - DAG(s) dict_keys(['example_branch_dop_operator_v3']) retrieved from /home/airflow/.local/lib/python3.6/site-packages/airflow/example_dags/example_branch_python_dop_operator_3.py
[2025-05-31 12:04:11,441] {logging_mixin.py:109} INFO - [2025-05-31 12:04:11,441] {dag.py:2396} INFO - Sync 1 DAGs
[2025-05-31 12:04:11,471] {logging_mixin.py:109} INFO - [2025-05-31 12:04:11,471] {dag.py:2935} INFO - Setting next_dagrun for example_branch_dop_operator_v3 to 2025-05-31T12:03:00+00:00
[2025-05-31 12:04:11,484] {processor.py:171} INFO - Processing /home/airflow/.local/lib/python3.6/site-packages/airflow/example_dags/example_branch_python_dop_operator_3.py took 0.103 seconds
[2025-05-31 12:04:41,868] {processor.py:163} INFO - Started process (PID=28967) to work on /home/airflow/.local/lib/python3.6/site-packages/airflow/example_dags/example_branch_python_dop_operator_3.py
[2025-05-31 12:04:41,869] {processor.py:642} INFO - Processing file /home/airflow/.local/lib/python3.6/site-packages/airflow/example_dags/example_branch_python_dop_operator_3.py for tasks to queue
[2025-05-31 12:04:41,871] {logging_mixin.py:109} INFO - [2025-05-31 12:04:41,870] {dagbag.py:500} INFO - Filling up the DagBag from /home/airflow/.local/lib/python3.6/site-packages/airflow/example_dags/example_branch_python_dop_operator_3.py
[2025-05-31 12:04:41,914] {processor.py:654} INFO - DAG(s) dict_keys(['example_branch_dop_operator_v3']) retrieved from /home/airflow/.local/lib/python3.6/site-packages/airflow/example_dags/example_branch_python_dop_operator_3.py
[2025-05-31 12:04:41,932] {logging_mixin.py:109} INFO - [2025-05-31 12:04:41,932] {dag.py:2396} INFO - Sync 1 DAGs
[2025-05-31 12:04:41,972] {logging_mixin.py:109} INFO - [2025-05-31 12:04:41,972] {dag.py:2935} INFO - Setting next_dagrun for example_branch_dop_operator_v3 to 2025-05-31T12:03:00+00:00
[2025-05-31 12:04:41,987] {processor.py:171} INFO - Processing /home/airflow/.local/lib/python3.6/site-packages/airflow/example_dags/example_branch_python_dop_operator_3.py took 0.124 seconds
[2025-05-31 12:05:12,140] {processor.py:163} INFO - Started process (PID=29152) to work on /home/airflow/.local/lib/python3.6/site-packages/airflow/example_dags/example_branch_python_dop_operator_3.py
[2025-05-31 12:05:12,142] {processor.py:642} INFO - Processing file /home/airflow/.local/lib/python3.6/site-packages/airflow/example_dags/example_branch_python_dop_operator_3.py for tasks to queue
[2025-05-31 12:05:12,143] {logging_mixin.py:109} INFO - [2025-05-31 12:05:12,143] {dagbag.py:500} INFO - Filling up the DagBag from /home/airflow/.local/lib/python3.6/site-packages/airflow/example_dags/example_branch_python_dop_operator_3.py
[2025-05-31 12:05:12,180] {processor.py:654} INFO - DAG(s) dict_keys(['example_branch_dop_operator_v3']) retrieved from /home/airflow/.local/lib/python3.6/site-packages/airflow/example_dags/example_branch_python_dop_operator_3.py
[2025-05-31 12:05:12,198] {logging_mixin.py:109} INFO - [2025-05-31 12:05:12,198] {dag.py:2396} INFO - Sync 1 DAGs
[2025-05-31 12:05:12,234] {logging_mixin.py:109} INFO - [2025-05-31 12:05:12,234] {dag.py:2935} INFO - Setting next_dagrun for example_branch_dop_operator_v3 to 2025-05-31T12:04:00+00:00
[2025-05-31 12:05:12,246] {processor.py:171} INFO - Processing /home/airflow/.local/lib/python3.6/site-packages/airflow/example_dags/example_branch_python_dop_operator_3.py took 0.110 seconds
[2025-05-31 12:05:42,630] {processor.py:163} INFO - Started process (PID=29337) to work on /home/airflow/.local/lib/python3.6/site-packages/airflow/example_dags/example_branch_python_dop_operator_3.py
[2025-05-31 12:05:42,632] {processor.py:642} INFO - Processing file /home/airflow/.local/lib/python3.6/site-packages/airflow/example_dags/example_branch_python_dop_operator_3.py for tasks to queue
[2025-05-31 12:05:42,633] {logging_mixin.py:109} INFO - [2025-05-31 12:05:42,633] {dagbag.py:500} INFO - Filling up the DagBag from /home/airflow/.local/lib/python3.6/site-packages/airflow/example_dags/example_branch_python_dop_operator_3.py
[2025-05-31 12:05:42,671] {processor.py:654} INFO - DAG(s) dict_keys(['example_branch_dop_operator_v3']) retrieved from /home/airflow/.local/lib/python3.6/site-packages/airflow/example_dags/example_branch_python_dop_operator_3.py
[2025-05-31 12:05:42,686] {logging_mixin.py:109} INFO - [2025-05-31 12:05:42,686] {dag.py:2396} INFO - Sync 1 DAGs
[2025-05-31 12:05:42,714] {logging_mixin.py:109} INFO - [2025-05-31 12:05:42,714] {dag.py:2935} INFO - Setting next_dagrun for example_branch_dop_operator_v3 to 2025-05-31T12:04:00+00:00
[2025-05-31 12:05:42,725] {processor.py:171} INFO - Processing /home/airflow/.local/lib/python3.6/site-packages/airflow/example_dags/example_branch_python_dop_operator_3.py took 0.099 seconds
[2025-05-31 12:06:13,356] {processor.py:163} INFO - Started process (PID=29532) to work on /home/airflow/.local/lib/python3.6/site-packages/airflow/example_dags/example_branch_python_dop_operator_3.py
[2025-05-31 12:06:13,358] {processor.py:642} INFO - Processing file /home/airflow/.local/lib/python3.6/site-packages/airflow/example_dags/example_branch_python_dop_operator_3.py for tasks to queue
[2025-05-31 12:06:13,359] {logging_mixin.py:109} INFO - [2025-05-31 12:06:13,359] {dagbag.py:500} INFO - Filling up the DagBag from /home/airflow/.local/lib/python3.6/site-packages/airflow/example_dags/example_branch_python_dop_operator_3.py
[2025-05-31 12:06:13,398] {processor.py:654} INFO - DAG(s) dict_keys(['example_branch_dop_operator_v3']) retrieved from /home/airflow/.local/lib/python3.6/site-packages/airflow/example_dags/example_branch_python_dop_operator_3.py
[2025-05-31 12:06:13,412] {logging_mixin.py:109} INFO - [2025-05-31 12:06:13,412] {dag.py:2396} INFO - Sync 1 DAGs
[2025-05-31 12:06:13,445] {logging_mixin.py:109} INFO - [2025-05-31 12:06:13,444] {dag.py:2935} INFO - Setting next_dagrun for example_branch_dop_operator_v3 to 2025-05-31T12:05:00+00:00
[2025-05-31 12:06:13,459] {processor.py:171} INFO - Processing /home/airflow/.local/lib/python3.6/site-packages/airflow/example_dags/example_branch_python_dop_operator_3.py took 0.109 seconds
[2025-05-31 12:06:43,594] {processor.py:163} INFO - Started process (PID=29712) to work on /home/airflow/.local/lib/python3.6/site-packages/airflow/example_dags/example_branch_python_dop_operator_3.py
[2025-05-31 12:06:43,596] {processor.py:642} INFO - Processing file /home/airflow/.local/lib/python3.6/site-packages/airflow/example_dags/example_branch_python_dop_operator_3.py for tasks to queue
[2025-05-31 12:06:43,597] {logging_mixin.py:109} INFO - [2025-05-31 12:06:43,597] {dagbag.py:500} INFO - Filling up the DagBag from /home/airflow/.local/lib/python3.6/site-packages/airflow/example_dags/example_branch_python_dop_operator_3.py
[2025-05-31 12:06:43,631] {processor.py:654} INFO - DAG(s) dict_keys(['example_branch_dop_operator_v3']) retrieved from /home/airflow/.local/lib/python3.6/site-packages/airflow/example_dags/example_branch_python_dop_operator_3.py
[2025-05-31 12:06:43,645] {logging_mixin.py:109} INFO - [2025-05-31 12:06:43,645] {dag.py:2396} INFO - Sync 1 DAGs
[2025-05-31 12:06:43,674] {logging_mixin.py:109} INFO - [2025-05-31 12:06:43,674] {dag.py:2935} INFO - Setting next_dagrun for example_branch_dop_operator_v3 to 2025-05-31T12:05:00+00:00
[2025-05-31 12:06:43,686] {processor.py:171} INFO - Processing /home/airflow/.local/lib/python3.6/site-packages/airflow/example_dags/example_branch_python_dop_operator_3.py took 0.097 seconds
[2025-05-31 12:07:14,526] {processor.py:163} INFO - Started process (PID=29899) to work on /home/airflow/.local/lib/python3.6/site-packages/airflow/example_dags/example_branch_python_dop_operator_3.py
[2025-05-31 12:07:14,528] {processor.py:642} INFO - Processing file /home/airflow/.local/lib/python3.6/site-packages/airflow/example_dags/example_branch_python_dop_operator_3.py for tasks to queue
[2025-05-31 12:07:14,529] {logging_mixin.py:109} INFO - [2025-05-31 12:07:14,529] {dagbag.py:500} INFO - Filling up the DagBag from /home/airflow/.local/lib/python3.6/site-packages/airflow/example_dags/example_branch_python_dop_operator_3.py
[2025-05-31 12:07:14,566] {processor.py:654} INFO - DAG(s) dict_keys(['example_branch_dop_operator_v3']) retrieved from /home/airflow/.local/lib/python3.6/site-packages/airflow/example_dags/example_branch_python_dop_operator_3.py
[2025-05-31 12:07:14,579] {logging_mixin.py:109} INFO - [2025-05-31 12:07:14,579] {dag.py:2396} INFO - Sync 1 DAGs
[2025-05-31 12:07:14,607] {logging_mixin.py:109} INFO - [2025-05-31 12:07:14,607] {dag.py:2935} INFO - Setting next_dagrun for example_branch_dop_operator_v3 to 2025-05-31T12:06:00+00:00
[2025-05-31 12:07:14,619] {processor.py:171} INFO - Processing /home/airflow/.local/lib/python3.6/site-packages/airflow/example_dags/example_branch_python_dop_operator_3.py took 0.098 seconds
[2025-05-31 12:07:44,782] {processor.py:163} INFO - Started process (PID=30092) to work on /home/airflow/.local/lib/python3.6/site-packages/airflow/example_dags/example_branch_python_dop_operator_3.py
[2025-05-31 12:07:44,783] {processor.py:642} INFO - Processing file /home/airflow/.local/lib/python3.6/site-packages/airflow/example_dags/example_branch_python_dop_operator_3.py for tasks to queue
[2025-05-31 12:07:44,784] {logging_mixin.py:109} INFO - [2025-05-31 12:07:44,784] {dagbag.py:500} INFO - Filling up the DagBag from /home/airflow/.local/lib/python3.6/site-packages/airflow/example_dags/example_branch_python_dop_operator_3.py
[2025-05-31 12:07:44,822] {processor.py:654} INFO - DAG(s) dict_keys(['example_branch_dop_operator_v3']) retrieved from /home/airflow/.local/lib/python3.6/site-packages/airflow/example_dags/example_branch_python_dop_operator_3.py
[2025-05-31 12:07:44,835] {logging_mixin.py:109} INFO - [2025-05-31 12:07:44,835] {dag.py:2396} INFO - Sync 1 DAGs
[2025-05-31 12:07:44,864] {logging_mixin.py:109} INFO - [2025-05-31 12:07:44,864] {dag.py:2935} INFO - Setting next_dagrun for example_branch_dop_operator_v3 to 2025-05-31T12:06:00+00:00
[2025-05-31 12:07:44,877] {processor.py:171} INFO - Processing /home/airflow/.local/lib/python3.6/site-packages/airflow/example_dags/example_branch_python_dop_operator_3.py took 0.099 seconds
[2025-05-31 12:08:15,352] {processor.py:163} INFO - Started process (PID=30277) to work on /home/airflow/.local/lib/python3.6/site-packages/airflow/example_dags/example_branch_python_dop_operator_3.py
[2025-05-31 12:08:15,354] {processor.py:642} INFO - Processing file /home/airflow/.local/lib/python3.6/site-packages/airflow/example_dags/example_branch_python_dop_operator_3.py for tasks to queue
[2025-05-31 12:08:15,355] {logging_mixin.py:109} INFO - [2025-05-31 12:08:15,355] {dagbag.py:500} INFO - Filling up the DagBag from /home/airflow/.local/lib/python3.6/site-packages/airflow/example_dags/example_branch_python_dop_operator_3.py
[2025-05-31 12:08:15,395] {processor.py:654} INFO - DAG(s) dict_keys(['example_branch_dop_operator_v3']) retrieved from /home/airflow/.local/lib/python3.6/site-packages/airflow/example_dags/example_branch_python_dop_operator_3.py
[2025-05-31 12:08:15,409] {logging_mixin.py:109} INFO - [2025-05-31 12:08:15,409] {dag.py:2396} INFO - Sync 1 DAGs
[2025-05-31 12:08:15,441] {logging_mixin.py:109} INFO - [2025-05-31 12:08:15,441] {dag.py:2935} INFO - Setting next_dagrun for example_branch_dop_operator_v3 to 2025-05-31T12:07:00+00:00
[2025-05-31 12:08:15,456] {processor.py:171} INFO - Processing /home/airflow/.local/lib/python3.6/site-packages/airflow/example_dags/example_branch_python_dop_operator_3.py took 0.109 seconds
[2025-05-31 12:08:45,575] {processor.py:163} INFO - Started process (PID=30469) to work on /home/airflow/.local/lib/python3.6/site-packages/airflow/example_dags/example_branch_python_dop_operator_3.py
[2025-05-31 12:08:45,577] {processor.py:642} INFO - Processing file /home/airflow/.local/lib/python3.6/site-packages/airflow/example_dags/example_branch_python_dop_operator_3.py for tasks to queue
[2025-05-31 12:08:45,578] {logging_mixin.py:109} INFO - [2025-05-31 12:08:45,578] {dagbag.py:500} INFO - Filling up the DagBag from /home/airflow/.local/lib/python3.6/site-packages/airflow/example_dags/example_branch_python_dop_operator_3.py
[2025-05-31 12:08:45,624] {processor.py:654} INFO - DAG(s) dict_keys(['example_branch_dop_operator_v3']) retrieved from /home/airflow/.local/lib/python3.6/site-packages/airflow/example_dags/example_branch_python_dop_operator_3.py
[2025-05-31 12:08:45,642] {logging_mixin.py:109} INFO - [2025-05-31 12:08:45,641] {dag.py:2396} INFO - Sync 1 DAGs
[2025-05-31 12:08:45,678] {logging_mixin.py:109} INFO - [2025-05-31 12:08:45,678] {dag.py:2935} INFO - Setting next_dagrun for example_branch_dop_operator_v3 to 2025-05-31T12:07:00+00:00
[2025-05-31 12:08:45,694] {processor.py:171} INFO - Processing /home/airflow/.local/lib/python3.6/site-packages/airflow/example_dags/example_branch_python_dop_operator_3.py took 0.123 seconds
[2025-05-31 12:09:16,596] {processor.py:163} INFO - Started process (PID=30657) to work on /home/airflow/.local/lib/python3.6/site-packages/airflow/example_dags/example_branch_python_dop_operator_3.py
[2025-05-31 12:09:16,598] {processor.py:642} INFO - Processing file /home/airflow/.local/lib/python3.6/site-packages/airflow/example_dags/example_branch_python_dop_operator_3.py for tasks to queue
[2025-05-31 12:09:16,599] {logging_mixin.py:109} INFO - [2025-05-31 12:09:16,599] {dagbag.py:500} INFO - Filling up the DagBag from /home/airflow/.local/lib/python3.6/site-packages/airflow/example_dags/example_branch_python_dop_operator_3.py
[2025-05-31 12:09:16,640] {processor.py:654} INFO - DAG(s) dict_keys(['example_branch_dop_operator_v3']) retrieved from /home/airflow/.local/lib/python3.6/site-packages/airflow/example_dags/example_branch_python_dop_operator_3.py
[2025-05-31 12:09:16,655] {logging_mixin.py:109} INFO - [2025-05-31 12:09:16,654] {dag.py:2396} INFO - Sync 1 DAGs
[2025-05-31 12:09:16,684] {logging_mixin.py:109} INFO - [2025-05-31 12:09:16,684] {dag.py:2935} INFO - Setting next_dagrun for example_branch_dop_operator_v3 to 2025-05-31T12:08:00+00:00
[2025-05-31 12:09:16,697] {processor.py:171} INFO - Processing /home/airflow/.local/lib/python3.6/site-packages/airflow/example_dags/example_branch_python_dop_operator_3.py took 0.108 seconds
[2025-05-31 12:09:47,116] {processor.py:163} INFO - Started process (PID=30843) to work on /home/airflow/.local/lib/python3.6/site-packages/airflow/example_dags/example_branch_python_dop_operator_3.py
[2025-05-31 12:09:47,117] {processor.py:642} INFO - Processing file /home/airflow/.local/lib/python3.6/site-packages/airflow/example_dags/example_branch_python_dop_operator_3.py for tasks to queue
[2025-05-31 12:09:47,118] {logging_mixin.py:109} INFO - [2025-05-31 12:09:47,118] {dagbag.py:500} INFO - Filling up the DagBag from /home/airflow/.local/lib/python3.6/site-packages/airflow/example_dags/example_branch_python_dop_operator_3.py
[2025-05-31 12:09:47,159] {processor.py:654} INFO - DAG(s) dict_keys(['example_branch_dop_operator_v3']) retrieved from /home/airflow/.local/lib/python3.6/site-packages/airflow/example_dags/example_branch_python_dop_operator_3.py
[2025-05-31 12:09:47,176] {logging_mixin.py:109} INFO - [2025-05-31 12:09:47,176] {dag.py:2396} INFO - Sync 1 DAGs
[2025-05-31 12:09:47,206] {logging_mixin.py:109} INFO - [2025-05-31 12:09:47,206] {dag.py:2935} INFO - Setting next_dagrun for example_branch_dop_operator_v3 to 2025-05-31T12:08:00+00:00
[2025-05-31 12:09:47,218] {processor.py:171} INFO - Processing /home/airflow/.local/lib/python3.6/site-packages/airflow/example_dags/example_branch_python_dop_operator_3.py took 0.106 seconds
[2025-05-31 12:10:18,245] {processor.py:163} INFO - Started process (PID=31037) to work on /home/airflow/.local/lib/python3.6/site-packages/airflow/example_dags/example_branch_python_dop_operator_3.py
[2025-05-31 12:10:18,247] {processor.py:642} INFO - Processing file /home/airflow/.local/lib/python3.6/site-packages/airflow/example_dags/example_branch_python_dop_operator_3.py for tasks to queue
[2025-05-31 12:10:18,248] {logging_mixin.py:109} INFO - [2025-05-31 12:10:18,248] {dagbag.py:500} INFO - Filling up the DagBag from /home/airflow/.local/lib/python3.6/site-packages/airflow/example_dags/example_branch_python_dop_operator_3.py
[2025-05-31 12:10:18,307] {processor.py:654} INFO - DAG(s) dict_keys(['example_branch_dop_operator_v3']) retrieved from /home/airflow/.local/lib/python3.6/site-packages/airflow/example_dags/example_branch_python_dop_operator_3.py
[2025-05-31 12:10:18,334] {logging_mixin.py:109} INFO - [2025-05-31 12:10:18,334] {dag.py:2396} INFO - Sync 1 DAGs
[2025-05-31 12:10:18,381] {logging_mixin.py:109} INFO - [2025-05-31 12:10:18,380] {dag.py:2935} INFO - Setting next_dagrun for example_branch_dop_operator_v3 to 2025-05-31T12:09:00+00:00
[2025-05-31 12:10:18,396] {processor.py:171} INFO - Processing /home/airflow/.local/lib/python3.6/site-packages/airflow/example_dags/example_branch_python_dop_operator_3.py took 0.160 seconds
[2025-05-31 12:10:49,179] {processor.py:163} INFO - Started process (PID=31222) to work on /home/airflow/.local/lib/python3.6/site-packages/airflow/example_dags/example_branch_python_dop_operator_3.py
[2025-05-31 12:10:49,182] {processor.py:642} INFO - Processing file /home/airflow/.local/lib/python3.6/site-packages/airflow/example_dags/example_branch_python_dop_operator_3.py for tasks to queue
[2025-05-31 12:10:49,183] {logging_mixin.py:109} INFO - [2025-05-31 12:10:49,183] {dagbag.py:500} INFO - Filling up the DagBag from /home/airflow/.local/lib/python3.6/site-packages/airflow/example_dags/example_branch_python_dop_operator_3.py
[2025-05-31 12:10:49,222] {processor.py:654} INFO - DAG(s) dict_keys(['example_branch_dop_operator_v3']) retrieved from /home/airflow/.local/lib/python3.6/site-packages/airflow/example_dags/example_branch_python_dop_operator_3.py
[2025-05-31 12:10:49,237] {logging_mixin.py:109} INFO - [2025-05-31 12:10:49,236] {dag.py:2396} INFO - Sync 1 DAGs
[2025-05-31 12:10:49,265] {logging_mixin.py:109} INFO - [2025-05-31 12:10:49,265] {dag.py:2935} INFO - Setting next_dagrun for example_branch_dop_operator_v3 to 2025-05-31T12:09:00+00:00
[2025-05-31 12:10:49,276] {processor.py:171} INFO - Processing /home/airflow/.local/lib/python3.6/site-packages/airflow/example_dags/example_branch_python_dop_operator_3.py took 0.101 seconds
[2025-05-31 17:31:09,191] {processor.py:163} INFO - Started process (PID=316) to work on /home/airflow/.local/lib/python3.6/site-packages/airflow/example_dags/example_branch_python_dop_operator_3.py
[2025-05-31 17:31:09,194] {processor.py:642} INFO - Processing file /home/airflow/.local/lib/python3.6/site-packages/airflow/example_dags/example_branch_python_dop_operator_3.py for tasks to queue
[2025-05-31 17:31:09,196] {logging_mixin.py:109} INFO - [2025-05-31 17:31:09,195] {dagbag.py:500} INFO - Filling up the DagBag from /home/airflow/.local/lib/python3.6/site-packages/airflow/example_dags/example_branch_python_dop_operator_3.py
[2025-05-31 17:31:09,249] {processor.py:654} INFO - DAG(s) dict_keys(['example_branch_dop_operator_v3']) retrieved from /home/airflow/.local/lib/python3.6/site-packages/airflow/example_dags/example_branch_python_dop_operator_3.py
[2025-05-31 17:31:09,269] {logging_mixin.py:109} INFO - [2025-05-31 17:31:09,269] {dag.py:2396} INFO - Sync 1 DAGs
[2025-05-31 17:31:09,318] {logging_mixin.py:109} INFO - [2025-05-31 17:31:09,318] {dag.py:2935} INFO - Setting next_dagrun for example_branch_dop_operator_v3 to 2025-05-31T17:30:00+00:00
[2025-05-31 17:31:09,337] {processor.py:171} INFO - Processing /home/airflow/.local/lib/python3.6/site-packages/airflow/example_dags/example_branch_python_dop_operator_3.py took 0.154 seconds
[2025-05-31 17:31:42,323] {processor.py:163} INFO - Started process (PID=508) to work on /home/airflow/.local/lib/python3.6/site-packages/airflow/example_dags/example_branch_python_dop_operator_3.py
[2025-05-31 17:31:42,327] {processor.py:642} INFO - Processing file /home/airflow/.local/lib/python3.6/site-packages/airflow/example_dags/example_branch_python_dop_operator_3.py for tasks to queue
[2025-05-31 17:31:42,330] {logging_mixin.py:109} INFO - [2025-05-31 17:31:42,329] {dagbag.py:500} INFO - Filling up the DagBag from /home/airflow/.local/lib/python3.6/site-packages/airflow/example_dags/example_branch_python_dop_operator_3.py
[2025-05-31 17:31:42,413] {processor.py:654} INFO - DAG(s) dict_keys(['example_branch_dop_operator_v3']) retrieved from /home/airflow/.local/lib/python3.6/site-packages/airflow/example_dags/example_branch_python_dop_operator_3.py
[2025-05-31 17:31:42,448] {logging_mixin.py:109} INFO - [2025-05-31 17:31:42,448] {dag.py:2396} INFO - Sync 1 DAGs
[2025-05-31 17:31:42,508] {logging_mixin.py:109} INFO - [2025-05-31 17:31:42,508] {dag.py:2935} INFO - Setting next_dagrun for example_branch_dop_operator_v3 to 2025-05-31T17:30:00+00:00
[2025-05-31 17:31:42,527] {processor.py:171} INFO - Processing /home/airflow/.local/lib/python3.6/site-packages/airflow/example_dags/example_branch_python_dop_operator_3.py took 0.212 seconds
[2025-05-31 17:32:14,023] {processor.py:163} INFO - Started process (PID=684) to work on /home/airflow/.local/lib/python3.6/site-packages/airflow/example_dags/example_branch_python_dop_operator_3.py
[2025-05-31 17:32:14,028] {processor.py:642} INFO - Processing file /home/airflow/.local/lib/python3.6/site-packages/airflow/example_dags/example_branch_python_dop_operator_3.py for tasks to queue
[2025-05-31 17:32:14,031] {logging_mixin.py:109} INFO - [2025-05-31 17:32:14,031] {dagbag.py:500} INFO - Filling up the DagBag from /home/airflow/.local/lib/python3.6/site-packages/airflow/example_dags/example_branch_python_dop_operator_3.py
[2025-05-31 17:32:14,094] {processor.py:654} INFO - DAG(s) dict_keys(['example_branch_dop_operator_v3']) retrieved from /home/airflow/.local/lib/python3.6/site-packages/airflow/example_dags/example_branch_python_dop_operator_3.py
[2025-05-31 17:32:14,113] {logging_mixin.py:109} INFO - [2025-05-31 17:32:14,113] {dag.py:2396} INFO - Sync 1 DAGs
[2025-05-31 17:32:14,187] {logging_mixin.py:109} INFO - [2025-05-31 17:32:14,187] {dag.py:2935} INFO - Setting next_dagrun for example_branch_dop_operator_v3 to 2025-05-31T17:31:00+00:00
[2025-05-31 17:32:14,211] {processor.py:171} INFO - Processing /home/airflow/.local/lib/python3.6/site-packages/airflow/example_dags/example_branch_python_dop_operator_3.py took 0.195 seconds
[2025-05-31 17:32:45,155] {processor.py:163} INFO - Started process (PID=876) to work on /home/airflow/.local/lib/python3.6/site-packages/airflow/example_dags/example_branch_python_dop_operator_3.py
[2025-05-31 17:32:45,158] {processor.py:642} INFO - Processing file /home/airflow/.local/lib/python3.6/site-packages/airflow/example_dags/example_branch_python_dop_operator_3.py for tasks to queue
[2025-05-31 17:32:45,160] {logging_mixin.py:109} INFO - [2025-05-31 17:32:45,160] {dagbag.py:500} INFO - Filling up the DagBag from /home/airflow/.local/lib/python3.6/site-packages/airflow/example_dags/example_branch_python_dop_operator_3.py
[2025-05-31 17:32:45,218] {processor.py:654} INFO - DAG(s) dict_keys(['example_branch_dop_operator_v3']) retrieved from /home/airflow/.local/lib/python3.6/site-packages/airflow/example_dags/example_branch_python_dop_operator_3.py
[2025-05-31 17:32:45,237] {logging_mixin.py:109} INFO - [2025-05-31 17:32:45,236] {dag.py:2396} INFO - Sync 1 DAGs
[2025-05-31 17:32:45,278] {logging_mixin.py:109} INFO - [2025-05-31 17:32:45,278] {dag.py:2935} INFO - Setting next_dagrun for example_branch_dop_operator_v3 to 2025-05-31T17:31:00+00:00
[2025-05-31 17:32:45,294] {processor.py:171} INFO - Processing /home/airflow/.local/lib/python3.6/site-packages/airflow/example_dags/example_branch_python_dop_operator_3.py took 0.144 seconds
[2025-05-31 17:33:16,295] {processor.py:163} INFO - Started process (PID=1070) to work on /home/airflow/.local/lib/python3.6/site-packages/airflow/example_dags/example_branch_python_dop_operator_3.py
[2025-05-31 17:33:16,298] {processor.py:642} INFO - Processing file /home/airflow/.local/lib/python3.6/site-packages/airflow/example_dags/example_branch_python_dop_operator_3.py for tasks to queue
[2025-05-31 17:33:16,299] {logging_mixin.py:109} INFO - [2025-05-31 17:33:16,299] {dagbag.py:500} INFO - Filling up the DagBag from /home/airflow/.local/lib/python3.6/site-packages/airflow/example_dags/example_branch_python_dop_operator_3.py
[2025-05-31 17:33:16,367] {processor.py:654} INFO - DAG(s) dict_keys(['example_branch_dop_operator_v3']) retrieved from /home/airflow/.local/lib/python3.6/site-packages/airflow/example_dags/example_branch_python_dop_operator_3.py
[2025-05-31 17:33:16,395] {logging_mixin.py:109} INFO - [2025-05-31 17:33:16,394] {dag.py:2396} INFO - Sync 1 DAGs
[2025-05-31 17:33:16,438] {logging_mixin.py:109} INFO - [2025-05-31 17:33:16,438] {dag.py:2935} INFO - Setting next_dagrun for example_branch_dop_operator_v3 to 2025-05-31T17:32:00+00:00
[2025-05-31 17:33:16,456] {processor.py:171} INFO - Processing /home/airflow/.local/lib/python3.6/site-packages/airflow/example_dags/example_branch_python_dop_operator_3.py took 0.174 seconds
[2025-05-31 17:33:47,039] {processor.py:163} INFO - Started process (PID=1261) to work on /home/airflow/.local/lib/python3.6/site-packages/airflow/example_dags/example_branch_python_dop_operator_3.py
[2025-05-31 17:33:47,041] {processor.py:642} INFO - Processing file /home/airflow/.local/lib/python3.6/site-packages/airflow/example_dags/example_branch_python_dop_operator_3.py for tasks to queue
[2025-05-31 17:33:47,043] {logging_mixin.py:109} INFO - [2025-05-31 17:33:47,043] {dagbag.py:500} INFO - Filling up the DagBag from /home/airflow/.local/lib/python3.6/site-packages/airflow/example_dags/example_branch_python_dop_operator_3.py
[2025-05-31 17:33:47,113] {processor.py:654} INFO - DAG(s) dict_keys(['example_branch_dop_operator_v3']) retrieved from /home/airflow/.local/lib/python3.6/site-packages/airflow/example_dags/example_branch_python_dop_operator_3.py
[2025-05-31 17:33:47,160] {logging_mixin.py:109} INFO - [2025-05-31 17:33:47,159] {dag.py:2396} INFO - Sync 1 DAGs
[2025-05-31 17:33:47,213] {logging_mixin.py:109} INFO - [2025-05-31 17:33:47,213] {dag.py:2935} INFO - Setting next_dagrun for example_branch_dop_operator_v3 to 2025-05-31T17:32:00+00:00
[2025-05-31 17:33:47,230] {processor.py:171} INFO - Processing /home/airflow/.local/lib/python3.6/site-packages/airflow/example_dags/example_branch_python_dop_operator_3.py took 0.198 seconds
[2025-05-31 17:34:18,013] {processor.py:163} INFO - Started process (PID=1452) to work on /home/airflow/.local/lib/python3.6/site-packages/airflow/example_dags/example_branch_python_dop_operator_3.py
[2025-05-31 17:34:18,015] {processor.py:642} INFO - Processing file /home/airflow/.local/lib/python3.6/site-packages/airflow/example_dags/example_branch_python_dop_operator_3.py for tasks to queue
[2025-05-31 17:34:18,018] {logging_mixin.py:109} INFO - [2025-05-31 17:34:18,018] {dagbag.py:500} INFO - Filling up the DagBag from /home/airflow/.local/lib/python3.6/site-packages/airflow/example_dags/example_branch_python_dop_operator_3.py
[2025-05-31 17:34:18,097] {processor.py:654} INFO - DAG(s) dict_keys(['example_branch_dop_operator_v3']) retrieved from /home/airflow/.local/lib/python3.6/site-packages/airflow/example_dags/example_branch_python_dop_operator_3.py
[2025-05-31 17:34:18,130] {logging_mixin.py:109} INFO - [2025-05-31 17:34:18,130] {dag.py:2396} INFO - Sync 1 DAGs
[2025-05-31 17:34:18,204] {logging_mixin.py:109} INFO - [2025-05-31 17:34:18,204] {dag.py:2935} INFO - Setting next_dagrun for example_branch_dop_operator_v3 to 2025-05-31T17:33:00+00:00
[2025-05-31 17:34:18,228] {processor.py:171} INFO - Processing /home/airflow/.local/lib/python3.6/site-packages/airflow/example_dags/example_branch_python_dop_operator_3.py took 0.223 seconds
[2025-05-31 17:34:49,205] {processor.py:163} INFO - Started process (PID=1648) to work on /home/airflow/.local/lib/python3.6/site-packages/airflow/example_dags/example_branch_python_dop_operator_3.py
[2025-05-31 17:34:49,207] {processor.py:642} INFO - Processing file /home/airflow/.local/lib/python3.6/site-packages/airflow/example_dags/example_branch_python_dop_operator_3.py for tasks to queue
[2025-05-31 17:34:49,208] {logging_mixin.py:109} INFO - [2025-05-31 17:34:49,208] {dagbag.py:500} INFO - Filling up the DagBag from /home/airflow/.local/lib/python3.6/site-packages/airflow/example_dags/example_branch_python_dop_operator_3.py
[2025-05-31 17:34:49,275] {processor.py:654} INFO - DAG(s) dict_keys(['example_branch_dop_operator_v3']) retrieved from /home/airflow/.local/lib/python3.6/site-packages/airflow/example_dags/example_branch_python_dop_operator_3.py
[2025-05-31 17:34:49,318] {logging_mixin.py:109} INFO - [2025-05-31 17:34:49,317] {dag.py:2396} INFO - Sync 1 DAGs
[2025-05-31 17:34:49,411] {logging_mixin.py:109} INFO - [2025-05-31 17:34:49,410] {dag.py:2935} INFO - Setting next_dagrun for example_branch_dop_operator_v3 to 2025-05-31T17:33:00+00:00
[2025-05-31 17:34:49,437] {processor.py:171} INFO - Processing /home/airflow/.local/lib/python3.6/site-packages/airflow/example_dags/example_branch_python_dop_operator_3.py took 0.237 seconds
[2025-05-31 17:35:20,585] {processor.py:163} INFO - Started process (PID=1831) to work on /home/airflow/.local/lib/python3.6/site-packages/airflow/example_dags/example_branch_python_dop_operator_3.py
[2025-05-31 17:35:20,588] {processor.py:642} INFO - Processing file /home/airflow/.local/lib/python3.6/site-packages/airflow/example_dags/example_branch_python_dop_operator_3.py for tasks to queue
[2025-05-31 17:35:20,590] {logging_mixin.py:109} INFO - [2025-05-31 17:35:20,590] {dagbag.py:500} INFO - Filling up the DagBag from /home/airflow/.local/lib/python3.6/site-packages/airflow/example_dags/example_branch_python_dop_operator_3.py
[2025-05-31 17:35:20,646] {processor.py:654} INFO - DAG(s) dict_keys(['example_branch_dop_operator_v3']) retrieved from /home/airflow/.local/lib/python3.6/site-packages/airflow/example_dags/example_branch_python_dop_operator_3.py
[2025-05-31 17:35:20,670] {logging_mixin.py:109} INFO - [2025-05-31 17:35:20,670] {dag.py:2396} INFO - Sync 1 DAGs
[2025-05-31 17:35:20,714] {logging_mixin.py:109} INFO - [2025-05-31 17:35:20,714] {dag.py:2935} INFO - Setting next_dagrun for example_branch_dop_operator_v3 to 2025-05-31T17:34:00+00:00
[2025-05-31 17:35:20,732] {processor.py:171} INFO - Processing /home/airflow/.local/lib/python3.6/site-packages/airflow/example_dags/example_branch_python_dop_operator_3.py took 0.153 seconds
[2025-05-31 17:35:52,039] {processor.py:163} INFO - Started process (PID=2006) to work on /home/airflow/.local/lib/python3.6/site-packages/airflow/example_dags/example_branch_python_dop_operator_3.py
[2025-05-31 17:35:52,042] {processor.py:642} INFO - Processing file /home/airflow/.local/lib/python3.6/site-packages/airflow/example_dags/example_branch_python_dop_operator_3.py for tasks to queue
[2025-05-31 17:35:52,043] {logging_mixin.py:109} INFO - [2025-05-31 17:35:52,043] {dagbag.py:500} INFO - Filling up the DagBag from /home/airflow/.local/lib/python3.6/site-packages/airflow/example_dags/example_branch_python_dop_operator_3.py
[2025-05-31 17:35:52,098] {processor.py:654} INFO - DAG(s) dict_keys(['example_branch_dop_operator_v3']) retrieved from /home/airflow/.local/lib/python3.6/site-packages/airflow/example_dags/example_branch_python_dop_operator_3.py
[2025-05-31 17:35:52,116] {logging_mixin.py:109} INFO - [2025-05-31 17:35:52,116] {dag.py:2396} INFO - Sync 1 DAGs
[2025-05-31 17:35:52,157] {logging_mixin.py:109} INFO - [2025-05-31 17:35:52,156] {dag.py:2935} INFO - Setting next_dagrun for example_branch_dop_operator_v3 to 2025-05-31T17:34:00+00:00
[2025-05-31 17:35:52,173] {processor.py:171} INFO - Processing /home/airflow/.local/lib/python3.6/site-packages/airflow/example_dags/example_branch_python_dop_operator_3.py took 0.140 seconds
[2025-05-31 17:36:23,273] {processor.py:163} INFO - Started process (PID=2243) to work on /home/airflow/.local/lib/python3.6/site-packages/airflow/example_dags/example_branch_python_dop_operator_3.py
[2025-05-31 17:36:23,276] {processor.py:642} INFO - Processing file /home/airflow/.local/lib/python3.6/site-packages/airflow/example_dags/example_branch_python_dop_operator_3.py for tasks to queue
[2025-05-31 17:36:23,278] {logging_mixin.py:109} INFO - [2025-05-31 17:36:23,277] {dagbag.py:500} INFO - Filling up the DagBag from /home/airflow/.local/lib/python3.6/site-packages/airflow/example_dags/example_branch_python_dop_operator_3.py
[2025-05-31 17:36:23,339] {processor.py:654} INFO - DAG(s) dict_keys(['example_branch_dop_operator_v3']) retrieved from /home/airflow/.local/lib/python3.6/site-packages/airflow/example_dags/example_branch_python_dop_operator_3.py
[2025-05-31 17:36:23,362] {logging_mixin.py:109} INFO - [2025-05-31 17:36:23,362] {dag.py:2396} INFO - Sync 1 DAGs
[2025-05-31 17:36:23,420] {logging_mixin.py:109} INFO - [2025-05-31 17:36:23,419] {dag.py:2935} INFO - Setting next_dagrun for example_branch_dop_operator_v3 to 2025-05-31T17:35:00+00:00
[2025-05-31 17:36:23,439] {processor.py:171} INFO - Processing /home/airflow/.local/lib/python3.6/site-packages/airflow/example_dags/example_branch_python_dop_operator_3.py took 0.174 seconds
[2025-05-31 17:36:54,482] {processor.py:163} INFO - Started process (PID=2430) to work on /home/airflow/.local/lib/python3.6/site-packages/airflow/example_dags/example_branch_python_dop_operator_3.py
[2025-05-31 17:36:54,484] {processor.py:642} INFO - Processing file /home/airflow/.local/lib/python3.6/site-packages/airflow/example_dags/example_branch_python_dop_operator_3.py for tasks to queue
[2025-05-31 17:36:54,486] {logging_mixin.py:109} INFO - [2025-05-31 17:36:54,486] {dagbag.py:500} INFO - Filling up the DagBag from /home/airflow/.local/lib/python3.6/site-packages/airflow/example_dags/example_branch_python_dop_operator_3.py
[2025-05-31 17:36:54,540] {processor.py:654} INFO - DAG(s) dict_keys(['example_branch_dop_operator_v3']) retrieved from /home/airflow/.local/lib/python3.6/site-packages/airflow/example_dags/example_branch_python_dop_operator_3.py
[2025-05-31 17:36:54,565] {logging_mixin.py:109} INFO - [2025-05-31 17:36:54,565] {dag.py:2396} INFO - Sync 1 DAGs
[2025-05-31 17:36:54,614] {logging_mixin.py:109} INFO - [2025-05-31 17:36:54,614] {dag.py:2935} INFO - Setting next_dagrun for example_branch_dop_operator_v3 to 2025-05-31T17:35:00+00:00
[2025-05-31 17:36:54,633] {processor.py:171} INFO - Processing /home/airflow/.local/lib/python3.6/site-packages/airflow/example_dags/example_branch_python_dop_operator_3.py took 0.158 seconds
[2025-05-31 17:37:25,138] {processor.py:163} INFO - Started process (PID=2623) to work on /home/airflow/.local/lib/python3.6/site-packages/airflow/example_dags/example_branch_python_dop_operator_3.py
[2025-05-31 17:37:25,141] {processor.py:642} INFO - Processing file /home/airflow/.local/lib/python3.6/site-packages/airflow/example_dags/example_branch_python_dop_operator_3.py for tasks to queue
[2025-05-31 17:37:25,143] {logging_mixin.py:109} INFO - [2025-05-31 17:37:25,142] {dagbag.py:500} INFO - Filling up the DagBag from /home/airflow/.local/lib/python3.6/site-packages/airflow/example_dags/example_branch_python_dop_operator_3.py
[2025-05-31 17:37:25,211] {processor.py:654} INFO - DAG(s) dict_keys(['example_branch_dop_operator_v3']) retrieved from /home/airflow/.local/lib/python3.6/site-packages/airflow/example_dags/example_branch_python_dop_operator_3.py
[2025-05-31 17:37:25,235] {logging_mixin.py:109} INFO - [2025-05-31 17:37:25,235] {dag.py:2396} INFO - Sync 1 DAGs
[2025-05-31 17:37:25,300] {logging_mixin.py:109} INFO - [2025-05-31 17:37:25,299] {dag.py:2935} INFO - Setting next_dagrun for example_branch_dop_operator_v3 to 2025-05-31T17:36:00+00:00
[2025-05-31 17:37:25,326] {processor.py:171} INFO - Processing /home/airflow/.local/lib/python3.6/site-packages/airflow/example_dags/example_branch_python_dop_operator_3.py took 0.195 seconds
[2025-05-31 17:37:56,321] {processor.py:163} INFO - Started process (PID=2811) to work on /home/airflow/.local/lib/python3.6/site-packages/airflow/example_dags/example_branch_python_dop_operator_3.py
[2025-05-31 17:37:56,324] {processor.py:642} INFO - Processing file /home/airflow/.local/lib/python3.6/site-packages/airflow/example_dags/example_branch_python_dop_operator_3.py for tasks to queue
[2025-05-31 17:37:56,326] {logging_mixin.py:109} INFO - [2025-05-31 17:37:56,325] {dagbag.py:500} INFO - Filling up the DagBag from /home/airflow/.local/lib/python3.6/site-packages/airflow/example_dags/example_branch_python_dop_operator_3.py
[2025-05-31 17:37:56,403] {processor.py:654} INFO - DAG(s) dict_keys(['example_branch_dop_operator_v3']) retrieved from /home/airflow/.local/lib/python3.6/site-packages/airflow/example_dags/example_branch_python_dop_operator_3.py
[2025-05-31 17:37:56,433] {logging_mixin.py:109} INFO - [2025-05-31 17:37:56,433] {dag.py:2396} INFO - Sync 1 DAGs
[2025-05-31 17:37:56,489] {logging_mixin.py:109} INFO - [2025-05-31 17:37:56,488] {dag.py:2935} INFO - Setting next_dagrun for example_branch_dop_operator_v3 to 2025-05-31T17:36:00+00:00
[2025-05-31 17:37:56,517] {processor.py:171} INFO - Processing /home/airflow/.local/lib/python3.6/site-packages/airflow/example_dags/example_branch_python_dop_operator_3.py took 0.203 seconds
[2025-05-31 17:38:26,928] {processor.py:163} INFO - Started process (PID=3004) to work on /home/airflow/.local/lib/python3.6/site-packages/airflow/example_dags/example_branch_python_dop_operator_3.py
[2025-05-31 17:38:26,932] {processor.py:642} INFO - Processing file /home/airflow/.local/lib/python3.6/site-packages/airflow/example_dags/example_branch_python_dop_operator_3.py for tasks to queue
[2025-05-31 17:38:26,933] {logging_mixin.py:109} INFO - [2025-05-31 17:38:26,933] {dagbag.py:500} INFO - Filling up the DagBag from /home/airflow/.local/lib/python3.6/site-packages/airflow/example_dags/example_branch_python_dop_operator_3.py
[2025-05-31 17:38:27,001] {processor.py:654} INFO - DAG(s) dict_keys(['example_branch_dop_operator_v3']) retrieved from /home/airflow/.local/lib/python3.6/site-packages/airflow/example_dags/example_branch_python_dop_operator_3.py
[2025-05-31 17:38:27,027] {logging_mixin.py:109} INFO - [2025-05-31 17:38:27,026] {dag.py:2396} INFO - Sync 1 DAGs
[2025-05-31 17:38:27,091] {logging_mixin.py:109} INFO - [2025-05-31 17:38:27,091] {dag.py:2935} INFO - Setting next_dagrun for example_branch_dop_operator_v3 to 2025-05-31T17:37:00+00:00
[2025-05-31 17:38:27,113] {processor.py:171} INFO - Processing /home/airflow/.local/lib/python3.6/site-packages/airflow/example_dags/example_branch_python_dop_operator_3.py took 0.191 seconds
[2025-05-31 17:38:57,540] {processor.py:163} INFO - Started process (PID=3197) to work on /home/airflow/.local/lib/python3.6/site-packages/airflow/example_dags/example_branch_python_dop_operator_3.py
[2025-05-31 17:38:57,542] {processor.py:642} INFO - Processing file /home/airflow/.local/lib/python3.6/site-packages/airflow/example_dags/example_branch_python_dop_operator_3.py for tasks to queue
[2025-05-31 17:38:57,544] {logging_mixin.py:109} INFO - [2025-05-31 17:38:57,544] {dagbag.py:500} INFO - Filling up the DagBag from /home/airflow/.local/lib/python3.6/site-packages/airflow/example_dags/example_branch_python_dop_operator_3.py
[2025-05-31 17:38:57,600] {processor.py:654} INFO - DAG(s) dict_keys(['example_branch_dop_operator_v3']) retrieved from /home/airflow/.local/lib/python3.6/site-packages/airflow/example_dags/example_branch_python_dop_operator_3.py
[2025-05-31 17:38:57,624] {logging_mixin.py:109} INFO - [2025-05-31 17:38:57,624] {dag.py:2396} INFO - Sync 1 DAGs
[2025-05-31 17:38:57,682] {logging_mixin.py:109} INFO - [2025-05-31 17:38:57,682] {dag.py:2935} INFO - Setting next_dagrun for example_branch_dop_operator_v3 to 2025-05-31T17:37:00+00:00
[2025-05-31 17:38:57,698] {processor.py:171} INFO - Processing /home/airflow/.local/lib/python3.6/site-packages/airflow/example_dags/example_branch_python_dop_operator_3.py took 0.164 seconds
[2025-05-31 17:39:30,697] {processor.py:163} INFO - Started process (PID=3416) to work on /home/airflow/.local/lib/python3.6/site-packages/airflow/example_dags/example_branch_python_dop_operator_3.py
[2025-05-31 17:39:30,700] {processor.py:642} INFO - Processing file /home/airflow/.local/lib/python3.6/site-packages/airflow/example_dags/example_branch_python_dop_operator_3.py for tasks to queue
[2025-05-31 17:39:30,702] {logging_mixin.py:109} INFO - [2025-05-31 17:39:30,702] {dagbag.py:500} INFO - Filling up the DagBag from /home/airflow/.local/lib/python3.6/site-packages/airflow/example_dags/example_branch_python_dop_operator_3.py
[2025-05-31 17:39:30,758] {processor.py:654} INFO - DAG(s) dict_keys(['example_branch_dop_operator_v3']) retrieved from /home/airflow/.local/lib/python3.6/site-packages/airflow/example_dags/example_branch_python_dop_operator_3.py
[2025-05-31 17:39:30,780] {logging_mixin.py:109} INFO - [2025-05-31 17:39:30,780] {dag.py:2396} INFO - Sync 1 DAGs
[2025-05-31 17:39:30,822] {logging_mixin.py:109} INFO - [2025-05-31 17:39:30,822] {dag.py:2935} INFO - Setting next_dagrun for example_branch_dop_operator_v3 to 2025-05-31T17:38:00+00:00
[2025-05-31 17:39:30,839] {processor.py:171} INFO - Processing /home/airflow/.local/lib/python3.6/site-packages/airflow/example_dags/example_branch_python_dop_operator_3.py took 0.147 seconds
[2025-05-31 17:40:01,597] {processor.py:163} INFO - Started process (PID=3609) to work on /home/airflow/.local/lib/python3.6/site-packages/airflow/example_dags/example_branch_python_dop_operator_3.py
[2025-05-31 17:40:01,599] {processor.py:642} INFO - Processing file /home/airflow/.local/lib/python3.6/site-packages/airflow/example_dags/example_branch_python_dop_operator_3.py for tasks to queue
[2025-05-31 17:40:01,601] {logging_mixin.py:109} INFO - [2025-05-31 17:40:01,601] {dagbag.py:500} INFO - Filling up the DagBag from /home/airflow/.local/lib/python3.6/site-packages/airflow/example_dags/example_branch_python_dop_operator_3.py
[2025-05-31 17:40:01,659] {processor.py:654} INFO - DAG(s) dict_keys(['example_branch_dop_operator_v3']) retrieved from /home/airflow/.local/lib/python3.6/site-packages/airflow/example_dags/example_branch_python_dop_operator_3.py
[2025-05-31 17:40:01,681] {logging_mixin.py:109} INFO - [2025-05-31 17:40:01,681] {dag.py:2396} INFO - Sync 1 DAGs
[2025-05-31 17:40:01,740] {logging_mixin.py:109} INFO - [2025-05-31 17:40:01,740] {dag.py:2935} INFO - Setting next_dagrun for example_branch_dop_operator_v3 to 2025-05-31T17:39:00+00:00
[2025-05-31 17:40:01,763] {processor.py:171} INFO - Processing /home/airflow/.local/lib/python3.6/site-packages/airflow/example_dags/example_branch_python_dop_operator_3.py took 0.172 seconds
[2025-05-31 17:40:32,192] {processor.py:163} INFO - Started process (PID=3802) to work on /home/airflow/.local/lib/python3.6/site-packages/airflow/example_dags/example_branch_python_dop_operator_3.py
[2025-05-31 17:40:32,195] {processor.py:642} INFO - Processing file /home/airflow/.local/lib/python3.6/site-packages/airflow/example_dags/example_branch_python_dop_operator_3.py for tasks to queue
[2025-05-31 17:40:32,198] {logging_mixin.py:109} INFO - [2025-05-31 17:40:32,197] {dagbag.py:500} INFO - Filling up the DagBag from /home/airflow/.local/lib/python3.6/site-packages/airflow/example_dags/example_branch_python_dop_operator_3.py
[2025-05-31 17:40:32,256] {processor.py:654} INFO - DAG(s) dict_keys(['example_branch_dop_operator_v3']) retrieved from /home/airflow/.local/lib/python3.6/site-packages/airflow/example_dags/example_branch_python_dop_operator_3.py
[2025-05-31 17:40:32,281] {logging_mixin.py:109} INFO - [2025-05-31 17:40:32,281] {dag.py:2396} INFO - Sync 1 DAGs
[2025-05-31 17:40:32,335] {logging_mixin.py:109} INFO - [2025-05-31 17:40:32,335] {dag.py:2935} INFO - Setting next_dagrun for example_branch_dop_operator_v3 to 2025-05-31T17:39:00+00:00
[2025-05-31 17:40:32,357] {processor.py:171} INFO - Processing /home/airflow/.local/lib/python3.6/site-packages/airflow/example_dags/example_branch_python_dop_operator_3.py took 0.171 seconds
[2025-05-31 17:41:04,997] {processor.py:163} INFO - Started process (PID=3995) to work on /home/airflow/.local/lib/python3.6/site-packages/airflow/example_dags/example_branch_python_dop_operator_3.py
[2025-05-31 17:41:05,000] {processor.py:642} INFO - Processing file /home/airflow/.local/lib/python3.6/site-packages/airflow/example_dags/example_branch_python_dop_operator_3.py for tasks to queue
[2025-05-31 17:41:05,003] {logging_mixin.py:109} INFO - [2025-05-31 17:41:05,002] {dagbag.py:500} INFO - Filling up the DagBag from /home/airflow/.local/lib/python3.6/site-packages/airflow/example_dags/example_branch_python_dop_operator_3.py
[2025-05-31 17:41:05,079] {processor.py:654} INFO - DAG(s) dict_keys(['example_branch_dop_operator_v3']) retrieved from /home/airflow/.local/lib/python3.6/site-packages/airflow/example_dags/example_branch_python_dop_operator_3.py
[2025-05-31 17:41:05,105] {logging_mixin.py:109} INFO - [2025-05-31 17:41:05,105] {dag.py:2396} INFO - Sync 1 DAGs
[2025-05-31 17:41:05,158] {logging_mixin.py:109} INFO - [2025-05-31 17:41:05,158] {dag.py:2935} INFO - Setting next_dagrun for example_branch_dop_operator_v3 to 2025-05-31T17:40:00+00:00
[2025-05-31 17:41:05,178] {processor.py:171} INFO - Processing /home/airflow/.local/lib/python3.6/site-packages/airflow/example_dags/example_branch_python_dop_operator_3.py took 0.189 seconds
[2025-05-31 17:41:35,993] {processor.py:163} INFO - Started process (PID=4189) to work on /home/airflow/.local/lib/python3.6/site-packages/airflow/example_dags/example_branch_python_dop_operator_3.py
[2025-05-31 17:41:35,999] {processor.py:642} INFO - Processing file /home/airflow/.local/lib/python3.6/site-packages/airflow/example_dags/example_branch_python_dop_operator_3.py for tasks to queue
[2025-05-31 17:41:36,001] {logging_mixin.py:109} INFO - [2025-05-31 17:41:36,001] {dagbag.py:500} INFO - Filling up the DagBag from /home/airflow/.local/lib/python3.6/site-packages/airflow/example_dags/example_branch_python_dop_operator_3.py
[2025-05-31 17:41:36,097] {processor.py:654} INFO - DAG(s) dict_keys(['example_branch_dop_operator_v3']) retrieved from /home/airflow/.local/lib/python3.6/site-packages/airflow/example_dags/example_branch_python_dop_operator_3.py
[2025-05-31 17:41:36,124] {logging_mixin.py:109} INFO - [2025-05-31 17:41:36,124] {dag.py:2396} INFO - Sync 1 DAGs
[2025-05-31 17:41:36,209] {logging_mixin.py:109} INFO - [2025-05-31 17:41:36,209] {dag.py:2935} INFO - Setting next_dagrun for example_branch_dop_operator_v3 to 2025-05-31T17:40:00+00:00
[2025-05-31 17:41:36,230] {processor.py:171} INFO - Processing /home/airflow/.local/lib/python3.6/site-packages/airflow/example_dags/example_branch_python_dop_operator_3.py took 0.245 seconds
[2025-05-31 17:42:09,089] {processor.py:163} INFO - Started process (PID=4382) to work on /home/airflow/.local/lib/python3.6/site-packages/airflow/example_dags/example_branch_python_dop_operator_3.py
[2025-05-31 17:42:09,092] {processor.py:642} INFO - Processing file /home/airflow/.local/lib/python3.6/site-packages/airflow/example_dags/example_branch_python_dop_operator_3.py for tasks to queue
[2025-05-31 17:42:09,095] {logging_mixin.py:109} INFO - [2025-05-31 17:42:09,095] {dagbag.py:500} INFO - Filling up the DagBag from /home/airflow/.local/lib/python3.6/site-packages/airflow/example_dags/example_branch_python_dop_operator_3.py
[2025-05-31 17:42:09,168] {processor.py:654} INFO - DAG(s) dict_keys(['example_branch_dop_operator_v3']) retrieved from /home/airflow/.local/lib/python3.6/site-packages/airflow/example_dags/example_branch_python_dop_operator_3.py
[2025-05-31 17:42:09,195] {logging_mixin.py:109} INFO - [2025-05-31 17:42:09,195] {dag.py:2396} INFO - Sync 1 DAGs
[2025-05-31 17:42:09,259] {logging_mixin.py:109} INFO - [2025-05-31 17:42:09,259] {dag.py:2935} INFO - Setting next_dagrun for example_branch_dop_operator_v3 to 2025-05-31T17:41:00+00:00
[2025-05-31 17:42:09,286] {processor.py:171} INFO - Processing /home/airflow/.local/lib/python3.6/site-packages/airflow/example_dags/example_branch_python_dop_operator_3.py took 0.207 seconds
[2025-05-31 17:42:40,274] {processor.py:163} INFO - Started process (PID=4580) to work on /home/airflow/.local/lib/python3.6/site-packages/airflow/example_dags/example_branch_python_dop_operator_3.py
[2025-05-31 17:42:40,277] {processor.py:642} INFO - Processing file /home/airflow/.local/lib/python3.6/site-packages/airflow/example_dags/example_branch_python_dop_operator_3.py for tasks to queue
[2025-05-31 17:42:40,279] {logging_mixin.py:109} INFO - [2025-05-31 17:42:40,279] {dagbag.py:500} INFO - Filling up the DagBag from /home/airflow/.local/lib/python3.6/site-packages/airflow/example_dags/example_branch_python_dop_operator_3.py
[2025-05-31 17:42:40,350] {processor.py:654} INFO - DAG(s) dict_keys(['example_branch_dop_operator_v3']) retrieved from /home/airflow/.local/lib/python3.6/site-packages/airflow/example_dags/example_branch_python_dop_operator_3.py
[2025-05-31 17:42:40,373] {logging_mixin.py:109} INFO - [2025-05-31 17:42:40,373] {dag.py:2396} INFO - Sync 1 DAGs
[2025-05-31 17:42:40,423] {logging_mixin.py:109} INFO - [2025-05-31 17:42:40,423] {dag.py:2935} INFO - Setting next_dagrun for example_branch_dop_operator_v3 to 2025-05-31T17:41:00+00:00
[2025-05-31 17:42:40,448] {processor.py:171} INFO - Processing /home/airflow/.local/lib/python3.6/site-packages/airflow/example_dags/example_branch_python_dop_operator_3.py took 0.180 seconds
[2025-05-31 17:43:11,852] {processor.py:163} INFO - Started process (PID=4768) to work on /home/airflow/.local/lib/python3.6/site-packages/airflow/example_dags/example_branch_python_dop_operator_3.py
[2025-05-31 17:43:11,854] {processor.py:642} INFO - Processing file /home/airflow/.local/lib/python3.6/site-packages/airflow/example_dags/example_branch_python_dop_operator_3.py for tasks to queue
[2025-05-31 17:43:11,856] {logging_mixin.py:109} INFO - [2025-05-31 17:43:11,856] {dagbag.py:500} INFO - Filling up the DagBag from /home/airflow/.local/lib/python3.6/site-packages/airflow/example_dags/example_branch_python_dop_operator_3.py
[2025-05-31 17:43:11,923] {processor.py:654} INFO - DAG(s) dict_keys(['example_branch_dop_operator_v3']) retrieved from /home/airflow/.local/lib/python3.6/site-packages/airflow/example_dags/example_branch_python_dop_operator_3.py
[2025-05-31 17:43:11,944] {logging_mixin.py:109} INFO - [2025-05-31 17:43:11,944] {dag.py:2396} INFO - Sync 1 DAGs
[2025-05-31 17:43:12,010] {logging_mixin.py:109} INFO - [2025-05-31 17:43:12,009] {dag.py:2935} INFO - Setting next_dagrun for example_branch_dop_operator_v3 to 2025-05-31T17:42:00+00:00
[2025-05-31 17:43:12,031] {processor.py:171} INFO - Processing /home/airflow/.local/lib/python3.6/site-packages/airflow/example_dags/example_branch_python_dop_operator_3.py took 0.187 seconds
[2025-05-31 17:43:43,737] {processor.py:163} INFO - Started process (PID=4961) to work on /home/airflow/.local/lib/python3.6/site-packages/airflow/example_dags/example_branch_python_dop_operator_3.py
[2025-05-31 17:43:43,740] {processor.py:642} INFO - Processing file /home/airflow/.local/lib/python3.6/site-packages/airflow/example_dags/example_branch_python_dop_operator_3.py for tasks to queue
[2025-05-31 17:43:43,741] {logging_mixin.py:109} INFO - [2025-05-31 17:43:43,741] {dagbag.py:500} INFO - Filling up the DagBag from /home/airflow/.local/lib/python3.6/site-packages/airflow/example_dags/example_branch_python_dop_operator_3.py
[2025-05-31 17:43:43,805] {processor.py:654} INFO - DAG(s) dict_keys(['example_branch_dop_operator_v3']) retrieved from /home/airflow/.local/lib/python3.6/site-packages/airflow/example_dags/example_branch_python_dop_operator_3.py
[2025-05-31 17:43:43,831] {logging_mixin.py:109} INFO - [2025-05-31 17:43:43,830] {dag.py:2396} INFO - Sync 1 DAGs
[2025-05-31 17:43:43,874] {logging_mixin.py:109} INFO - [2025-05-31 17:43:43,873] {dag.py:2935} INFO - Setting next_dagrun for example_branch_dop_operator_v3 to 2025-05-31T17:42:00+00:00
[2025-05-31 17:43:43,891] {processor.py:171} INFO - Processing /home/airflow/.local/lib/python3.6/site-packages/airflow/example_dags/example_branch_python_dop_operator_3.py took 0.160 seconds
[2025-05-31 17:44:16,294] {processor.py:163} INFO - Started process (PID=5154) to work on /home/airflow/.local/lib/python3.6/site-packages/airflow/example_dags/example_branch_python_dop_operator_3.py
[2025-05-31 17:44:16,297] {processor.py:642} INFO - Processing file /home/airflow/.local/lib/python3.6/site-packages/airflow/example_dags/example_branch_python_dop_operator_3.py for tasks to queue
[2025-05-31 17:44:16,298] {logging_mixin.py:109} INFO - [2025-05-31 17:44:16,298] {dagbag.py:500} INFO - Filling up the DagBag from /home/airflow/.local/lib/python3.6/site-packages/airflow/example_dags/example_branch_python_dop_operator_3.py
[2025-05-31 17:44:16,352] {processor.py:654} INFO - DAG(s) dict_keys(['example_branch_dop_operator_v3']) retrieved from /home/airflow/.local/lib/python3.6/site-packages/airflow/example_dags/example_branch_python_dop_operator_3.py
[2025-05-31 17:44:16,371] {logging_mixin.py:109} INFO - [2025-05-31 17:44:16,371] {dag.py:2396} INFO - Sync 1 DAGs
[2025-05-31 17:44:16,421] {logging_mixin.py:109} INFO - [2025-05-31 17:44:16,421] {dag.py:2935} INFO - Setting next_dagrun for example_branch_dop_operator_v3 to 2025-05-31T17:43:00+00:00
[2025-05-31 17:44:16,438] {processor.py:171} INFO - Processing /home/airflow/.local/lib/python3.6/site-packages/airflow/example_dags/example_branch_python_dop_operator_3.py took 0.154 seconds
[2025-05-31 17:44:47,297] {processor.py:163} INFO - Started process (PID=5349) to work on /home/airflow/.local/lib/python3.6/site-packages/airflow/example_dags/example_branch_python_dop_operator_3.py
[2025-05-31 17:44:47,299] {processor.py:642} INFO - Processing file /home/airflow/.local/lib/python3.6/site-packages/airflow/example_dags/example_branch_python_dop_operator_3.py for tasks to queue
[2025-05-31 17:44:47,301] {logging_mixin.py:109} INFO - [2025-05-31 17:44:47,300] {dagbag.py:500} INFO - Filling up the DagBag from /home/airflow/.local/lib/python3.6/site-packages/airflow/example_dags/example_branch_python_dop_operator_3.py
[2025-05-31 17:44:47,359] {processor.py:654} INFO - DAG(s) dict_keys(['example_branch_dop_operator_v3']) retrieved from /home/airflow/.local/lib/python3.6/site-packages/airflow/example_dags/example_branch_python_dop_operator_3.py
[2025-05-31 17:44:47,378] {logging_mixin.py:109} INFO - [2025-05-31 17:44:47,377] {dag.py:2396} INFO - Sync 1 DAGs
[2025-05-31 17:44:47,418] {logging_mixin.py:109} INFO - [2025-05-31 17:44:47,418] {dag.py:2935} INFO - Setting next_dagrun for example_branch_dop_operator_v3 to 2025-05-31T17:43:00+00:00
[2025-05-31 17:44:47,435] {processor.py:171} INFO - Processing /home/airflow/.local/lib/python3.6/site-packages/airflow/example_dags/example_branch_python_dop_operator_3.py took 0.143 seconds
