[2025-05-31 10:45:44,705] {processor.py:163} INFO - Started process (PID=189) to work on /home/airflow/.local/lib/python3.6/site-packages/airflow/example_dags/example_kubernetes_executor.py
[2025-05-31 10:45:44,709] {processor.py:642} INFO - Processing file /home/airflow/.local/lib/python3.6/site-packages/airflow/example_dags/example_kubernetes_executor.py for tasks to queue
[2025-05-31 10:45:44,711] {logging_mixin.py:109} INFO - [2025-05-31 10:45:44,710] {dagbag.py:500} INFO - Filling up the DagBag from /home/airflow/.local/lib/python3.6/site-packages/airflow/example_dags/example_kubernetes_executor.py
[2025-05-31 10:45:44,858] {processor.py:654} INFO - DAG(s) dict_keys(['example_kubernetes_executor']) retrieved from /home/airflow/.local/lib/python3.6/site-packages/airflow/example_dags/example_kubernetes_executor.py
[2025-05-31 10:45:44,886] {logging_mixin.py:109} INFO - [2025-05-31 10:45:44,885] {dag.py:2396} INFO - Sync 1 DAGs
[2025-05-31 10:45:44,930] {logging_mixin.py:109} INFO - [2025-05-31 10:45:44,930] {dag.py:2935} INFO - Setting next_dagrun for example_kubernetes_executor to None
[2025-05-31 10:45:44,966] {processor.py:171} INFO - Processing /home/airflow/.local/lib/python3.6/site-packages/airflow/example_dags/example_kubernetes_executor.py took 0.266 seconds
[2025-05-31 10:46:15,137] {processor.py:163} INFO - Started process (PID=366) to work on /home/airflow/.local/lib/python3.6/site-packages/airflow/example_dags/example_kubernetes_executor.py
[2025-05-31 10:46:15,139] {processor.py:642} INFO - Processing file /home/airflow/.local/lib/python3.6/site-packages/airflow/example_dags/example_kubernetes_executor.py for tasks to queue
[2025-05-31 10:46:15,141] {logging_mixin.py:109} INFO - [2025-05-31 10:46:15,141] {dagbag.py:500} INFO - Filling up the DagBag from /home/airflow/.local/lib/python3.6/site-packages/airflow/example_dags/example_kubernetes_executor.py
[2025-05-31 10:46:15,207] {processor.py:654} INFO - DAG(s) dict_keys(['example_kubernetes_executor']) retrieved from /home/airflow/.local/lib/python3.6/site-packages/airflow/example_dags/example_kubernetes_executor.py
[2025-05-31 10:46:15,233] {logging_mixin.py:109} INFO - [2025-05-31 10:46:15,233] {dag.py:2396} INFO - Sync 1 DAGs
[2025-05-31 10:46:15,271] {logging_mixin.py:109} INFO - [2025-05-31 10:46:15,271] {dag.py:2935} INFO - Setting next_dagrun for example_kubernetes_executor to None
[2025-05-31 10:46:15,289] {processor.py:171} INFO - Processing /home/airflow/.local/lib/python3.6/site-packages/airflow/example_dags/example_kubernetes_executor.py took 0.158 seconds
[2025-05-31 10:46:45,827] {processor.py:163} INFO - Started process (PID=546) to work on /home/airflow/.local/lib/python3.6/site-packages/airflow/example_dags/example_kubernetes_executor.py
[2025-05-31 10:46:45,828] {processor.py:642} INFO - Processing file /home/airflow/.local/lib/python3.6/site-packages/airflow/example_dags/example_kubernetes_executor.py for tasks to queue
[2025-05-31 10:46:45,829] {logging_mixin.py:109} INFO - [2025-05-31 10:46:45,829] {dagbag.py:500} INFO - Filling up the DagBag from /home/airflow/.local/lib/python3.6/site-packages/airflow/example_dags/example_kubernetes_executor.py
[2025-05-31 10:46:45,865] {processor.py:654} INFO - DAG(s) dict_keys(['example_kubernetes_executor']) retrieved from /home/airflow/.local/lib/python3.6/site-packages/airflow/example_dags/example_kubernetes_executor.py
[2025-05-31 10:46:45,879] {logging_mixin.py:109} INFO - [2025-05-31 10:46:45,879] {dag.py:2396} INFO - Sync 1 DAGs
[2025-05-31 10:46:45,897] {logging_mixin.py:109} INFO - [2025-05-31 10:46:45,897] {dag.py:2935} INFO - Setting next_dagrun for example_kubernetes_executor to None
[2025-05-31 10:46:45,909] {processor.py:171} INFO - Processing /home/airflow/.local/lib/python3.6/site-packages/airflow/example_dags/example_kubernetes_executor.py took 0.085 seconds
[2025-05-31 10:47:16,759] {processor.py:163} INFO - Started process (PID=736) to work on /home/airflow/.local/lib/python3.6/site-packages/airflow/example_dags/example_kubernetes_executor.py
[2025-05-31 10:47:16,761] {processor.py:642} INFO - Processing file /home/airflow/.local/lib/python3.6/site-packages/airflow/example_dags/example_kubernetes_executor.py for tasks to queue
[2025-05-31 10:47:16,762] {logging_mixin.py:109} INFO - [2025-05-31 10:47:16,761] {dagbag.py:500} INFO - Filling up the DagBag from /home/airflow/.local/lib/python3.6/site-packages/airflow/example_dags/example_kubernetes_executor.py
[2025-05-31 10:47:16,810] {processor.py:654} INFO - DAG(s) dict_keys(['example_kubernetes_executor']) retrieved from /home/airflow/.local/lib/python3.6/site-packages/airflow/example_dags/example_kubernetes_executor.py
[2025-05-31 10:47:16,826] {logging_mixin.py:109} INFO - [2025-05-31 10:47:16,826] {dag.py:2396} INFO - Sync 1 DAGs
[2025-05-31 10:47:16,852] {logging_mixin.py:109} INFO - [2025-05-31 10:47:16,852] {dag.py:2935} INFO - Setting next_dagrun for example_kubernetes_executor to None
[2025-05-31 10:47:16,866] {processor.py:171} INFO - Processing /home/airflow/.local/lib/python3.6/site-packages/airflow/example_dags/example_kubernetes_executor.py took 0.111 seconds
[2025-05-31 10:47:47,686] {processor.py:163} INFO - Started process (PID=917) to work on /home/airflow/.local/lib/python3.6/site-packages/airflow/example_dags/example_kubernetes_executor.py
[2025-05-31 10:47:47,687] {processor.py:642} INFO - Processing file /home/airflow/.local/lib/python3.6/site-packages/airflow/example_dags/example_kubernetes_executor.py for tasks to queue
[2025-05-31 10:47:47,688] {logging_mixin.py:109} INFO - [2025-05-31 10:47:47,688] {dagbag.py:500} INFO - Filling up the DagBag from /home/airflow/.local/lib/python3.6/site-packages/airflow/example_dags/example_kubernetes_executor.py
[2025-05-31 10:47:47,727] {processor.py:654} INFO - DAG(s) dict_keys(['example_kubernetes_executor']) retrieved from /home/airflow/.local/lib/python3.6/site-packages/airflow/example_dags/example_kubernetes_executor.py
[2025-05-31 10:47:47,741] {logging_mixin.py:109} INFO - [2025-05-31 10:47:47,741] {dag.py:2396} INFO - Sync 1 DAGs
[2025-05-31 10:47:47,759] {logging_mixin.py:109} INFO - [2025-05-31 10:47:47,759] {dag.py:2935} INFO - Setting next_dagrun for example_kubernetes_executor to None
[2025-05-31 10:47:47,770] {processor.py:171} INFO - Processing /home/airflow/.local/lib/python3.6/site-packages/airflow/example_dags/example_kubernetes_executor.py took 0.087 seconds
[2025-05-31 10:48:18,033] {processor.py:163} INFO - Started process (PID=1097) to work on /home/airflow/.local/lib/python3.6/site-packages/airflow/example_dags/example_kubernetes_executor.py
[2025-05-31 10:48:18,035] {processor.py:642} INFO - Processing file /home/airflow/.local/lib/python3.6/site-packages/airflow/example_dags/example_kubernetes_executor.py for tasks to queue
[2025-05-31 10:48:18,036] {logging_mixin.py:109} INFO - [2025-05-31 10:48:18,036] {dagbag.py:500} INFO - Filling up the DagBag from /home/airflow/.local/lib/python3.6/site-packages/airflow/example_dags/example_kubernetes_executor.py
[2025-05-31 10:48:18,076] {processor.py:654} INFO - DAG(s) dict_keys(['example_kubernetes_executor']) retrieved from /home/airflow/.local/lib/python3.6/site-packages/airflow/example_dags/example_kubernetes_executor.py
[2025-05-31 10:48:18,091] {logging_mixin.py:109} INFO - [2025-05-31 10:48:18,091] {dag.py:2396} INFO - Sync 1 DAGs
[2025-05-31 10:48:18,112] {logging_mixin.py:109} INFO - [2025-05-31 10:48:18,112] {dag.py:2935} INFO - Setting next_dagrun for example_kubernetes_executor to None
[2025-05-31 10:48:18,124] {processor.py:171} INFO - Processing /home/airflow/.local/lib/python3.6/site-packages/airflow/example_dags/example_kubernetes_executor.py took 0.096 seconds
[2025-05-31 10:48:48,870] {processor.py:163} INFO - Started process (PID=1287) to work on /home/airflow/.local/lib/python3.6/site-packages/airflow/example_dags/example_kubernetes_executor.py
[2025-05-31 10:48:48,873] {processor.py:642} INFO - Processing file /home/airflow/.local/lib/python3.6/site-packages/airflow/example_dags/example_kubernetes_executor.py for tasks to queue
[2025-05-31 10:48:48,874] {logging_mixin.py:109} INFO - [2025-05-31 10:48:48,874] {dagbag.py:500} INFO - Filling up the DagBag from /home/airflow/.local/lib/python3.6/site-packages/airflow/example_dags/example_kubernetes_executor.py
[2025-05-31 10:48:48,950] {processor.py:654} INFO - DAG(s) dict_keys(['example_kubernetes_executor']) retrieved from /home/airflow/.local/lib/python3.6/site-packages/airflow/example_dags/example_kubernetes_executor.py
[2025-05-31 10:48:48,976] {logging_mixin.py:109} INFO - [2025-05-31 10:48:48,976] {dag.py:2396} INFO - Sync 1 DAGs
[2025-05-31 10:48:49,010] {logging_mixin.py:109} INFO - [2025-05-31 10:48:49,009] {dag.py:2935} INFO - Setting next_dagrun for example_kubernetes_executor to None
[2025-05-31 10:48:49,026] {processor.py:171} INFO - Processing /home/airflow/.local/lib/python3.6/site-packages/airflow/example_dags/example_kubernetes_executor.py took 0.163 seconds
[2025-05-31 10:49:19,648] {processor.py:163} INFO - Started process (PID=1467) to work on /home/airflow/.local/lib/python3.6/site-packages/airflow/example_dags/example_kubernetes_executor.py
[2025-05-31 10:49:19,650] {processor.py:642} INFO - Processing file /home/airflow/.local/lib/python3.6/site-packages/airflow/example_dags/example_kubernetes_executor.py for tasks to queue
[2025-05-31 10:49:19,652] {logging_mixin.py:109} INFO - [2025-05-31 10:49:19,651] {dagbag.py:500} INFO - Filling up the DagBag from /home/airflow/.local/lib/python3.6/site-packages/airflow/example_dags/example_kubernetes_executor.py
[2025-05-31 10:49:19,705] {processor.py:654} INFO - DAG(s) dict_keys(['example_kubernetes_executor']) retrieved from /home/airflow/.local/lib/python3.6/site-packages/airflow/example_dags/example_kubernetes_executor.py
[2025-05-31 10:49:19,739] {logging_mixin.py:109} INFO - [2025-05-31 10:49:19,739] {dag.py:2396} INFO - Sync 1 DAGs
[2025-05-31 10:49:19,783] {logging_mixin.py:109} INFO - [2025-05-31 10:49:19,783] {dag.py:2935} INFO - Setting next_dagrun for example_kubernetes_executor to None
[2025-05-31 10:49:19,812] {processor.py:171} INFO - Processing /home/airflow/.local/lib/python3.6/site-packages/airflow/example_dags/example_kubernetes_executor.py took 0.168 seconds
[2025-05-31 10:49:49,986] {processor.py:163} INFO - Started process (PID=1647) to work on /home/airflow/.local/lib/python3.6/site-packages/airflow/example_dags/example_kubernetes_executor.py
[2025-05-31 10:49:49,987] {processor.py:642} INFO - Processing file /home/airflow/.local/lib/python3.6/site-packages/airflow/example_dags/example_kubernetes_executor.py for tasks to queue
[2025-05-31 10:49:49,988] {logging_mixin.py:109} INFO - [2025-05-31 10:49:49,988] {dagbag.py:500} INFO - Filling up the DagBag from /home/airflow/.local/lib/python3.6/site-packages/airflow/example_dags/example_kubernetes_executor.py
[2025-05-31 10:49:50,024] {processor.py:654} INFO - DAG(s) dict_keys(['example_kubernetes_executor']) retrieved from /home/airflow/.local/lib/python3.6/site-packages/airflow/example_dags/example_kubernetes_executor.py
[2025-05-31 10:49:50,038] {logging_mixin.py:109} INFO - [2025-05-31 10:49:50,038] {dag.py:2396} INFO - Sync 1 DAGs
[2025-05-31 10:49:50,057] {logging_mixin.py:109} INFO - [2025-05-31 10:49:50,057] {dag.py:2935} INFO - Setting next_dagrun for example_kubernetes_executor to None
[2025-05-31 10:49:50,068] {processor.py:171} INFO - Processing /home/airflow/.local/lib/python3.6/site-packages/airflow/example_dags/example_kubernetes_executor.py took 0.085 seconds
[2025-05-31 10:50:20,378] {processor.py:163} INFO - Started process (PID=1827) to work on /home/airflow/.local/lib/python3.6/site-packages/airflow/example_dags/example_kubernetes_executor.py
[2025-05-31 10:50:20,380] {processor.py:642} INFO - Processing file /home/airflow/.local/lib/python3.6/site-packages/airflow/example_dags/example_kubernetes_executor.py for tasks to queue
[2025-05-31 10:50:20,381] {logging_mixin.py:109} INFO - [2025-05-31 10:50:20,381] {dagbag.py:500} INFO - Filling up the DagBag from /home/airflow/.local/lib/python3.6/site-packages/airflow/example_dags/example_kubernetes_executor.py
[2025-05-31 10:50:20,430] {processor.py:654} INFO - DAG(s) dict_keys(['example_kubernetes_executor']) retrieved from /home/airflow/.local/lib/python3.6/site-packages/airflow/example_dags/example_kubernetes_executor.py
[2025-05-31 10:50:20,448] {logging_mixin.py:109} INFO - [2025-05-31 10:50:20,448] {dag.py:2396} INFO - Sync 1 DAGs
[2025-05-31 10:50:20,475] {logging_mixin.py:109} INFO - [2025-05-31 10:50:20,475] {dag.py:2935} INFO - Setting next_dagrun for example_kubernetes_executor to None
[2025-05-31 10:50:20,489] {processor.py:171} INFO - Processing /home/airflow/.local/lib/python3.6/site-packages/airflow/example_dags/example_kubernetes_executor.py took 0.116 seconds
[2025-05-31 10:50:50,952] {processor.py:163} INFO - Started process (PID=2008) to work on /home/airflow/.local/lib/python3.6/site-packages/airflow/example_dags/example_kubernetes_executor.py
[2025-05-31 10:50:50,954] {processor.py:642} INFO - Processing file /home/airflow/.local/lib/python3.6/site-packages/airflow/example_dags/example_kubernetes_executor.py for tasks to queue
[2025-05-31 10:50:50,956] {logging_mixin.py:109} INFO - [2025-05-31 10:50:50,955] {dagbag.py:500} INFO - Filling up the DagBag from /home/airflow/.local/lib/python3.6/site-packages/airflow/example_dags/example_kubernetes_executor.py
[2025-05-31 10:50:51,036] {processor.py:654} INFO - DAG(s) dict_keys(['example_kubernetes_executor']) retrieved from /home/airflow/.local/lib/python3.6/site-packages/airflow/example_dags/example_kubernetes_executor.py
[2025-05-31 10:50:51,059] {logging_mixin.py:109} INFO - [2025-05-31 10:50:51,059] {dag.py:2396} INFO - Sync 1 DAGs
[2025-05-31 10:50:51,087] {logging_mixin.py:109} INFO - [2025-05-31 10:50:51,087] {dag.py:2935} INFO - Setting next_dagrun for example_kubernetes_executor to None
[2025-05-31 10:50:51,103] {processor.py:171} INFO - Processing /home/airflow/.local/lib/python3.6/site-packages/airflow/example_dags/example_kubernetes_executor.py took 0.156 seconds
[2025-05-31 10:51:21,576] {processor.py:163} INFO - Started process (PID=2198) to work on /home/airflow/.local/lib/python3.6/site-packages/airflow/example_dags/example_kubernetes_executor.py
[2025-05-31 10:51:21,578] {processor.py:642} INFO - Processing file /home/airflow/.local/lib/python3.6/site-packages/airflow/example_dags/example_kubernetes_executor.py for tasks to queue
[2025-05-31 10:51:21,580] {logging_mixin.py:109} INFO - [2025-05-31 10:51:21,579] {dagbag.py:500} INFO - Filling up the DagBag from /home/airflow/.local/lib/python3.6/site-packages/airflow/example_dags/example_kubernetes_executor.py
[2025-05-31 10:51:21,633] {processor.py:654} INFO - DAG(s) dict_keys(['example_kubernetes_executor']) retrieved from /home/airflow/.local/lib/python3.6/site-packages/airflow/example_dags/example_kubernetes_executor.py
[2025-05-31 10:51:21,653] {logging_mixin.py:109} INFO - [2025-05-31 10:51:21,653] {dag.py:2396} INFO - Sync 1 DAGs
[2025-05-31 10:51:21,676] {logging_mixin.py:109} INFO - [2025-05-31 10:51:21,675] {dag.py:2935} INFO - Setting next_dagrun for example_kubernetes_executor to None
[2025-05-31 10:51:21,689] {processor.py:171} INFO - Processing /home/airflow/.local/lib/python3.6/site-packages/airflow/example_dags/example_kubernetes_executor.py took 0.117 seconds
[2025-05-31 10:51:52,365] {processor.py:163} INFO - Started process (PID=2378) to work on /home/airflow/.local/lib/python3.6/site-packages/airflow/example_dags/example_kubernetes_executor.py
[2025-05-31 10:51:52,366] {processor.py:642} INFO - Processing file /home/airflow/.local/lib/python3.6/site-packages/airflow/example_dags/example_kubernetes_executor.py for tasks to queue
[2025-05-31 10:51:52,367] {logging_mixin.py:109} INFO - [2025-05-31 10:51:52,367] {dagbag.py:500} INFO - Filling up the DagBag from /home/airflow/.local/lib/python3.6/site-packages/airflow/example_dags/example_kubernetes_executor.py
[2025-05-31 10:51:52,403] {processor.py:654} INFO - DAG(s) dict_keys(['example_kubernetes_executor']) retrieved from /home/airflow/.local/lib/python3.6/site-packages/airflow/example_dags/example_kubernetes_executor.py
[2025-05-31 10:51:52,417] {logging_mixin.py:109} INFO - [2025-05-31 10:51:52,417] {dag.py:2396} INFO - Sync 1 DAGs
[2025-05-31 10:51:52,436] {logging_mixin.py:109} INFO - [2025-05-31 10:51:52,436] {dag.py:2935} INFO - Setting next_dagrun for example_kubernetes_executor to None
[2025-05-31 10:51:52,449] {processor.py:171} INFO - Processing /home/airflow/.local/lib/python3.6/site-packages/airflow/example_dags/example_kubernetes_executor.py took 0.088 seconds
[2025-05-31 10:52:22,983] {processor.py:163} INFO - Started process (PID=2558) to work on /home/airflow/.local/lib/python3.6/site-packages/airflow/example_dags/example_kubernetes_executor.py
[2025-05-31 10:52:22,985] {processor.py:642} INFO - Processing file /home/airflow/.local/lib/python3.6/site-packages/airflow/example_dags/example_kubernetes_executor.py for tasks to queue
[2025-05-31 10:52:22,987] {logging_mixin.py:109} INFO - [2025-05-31 10:52:22,986] {dagbag.py:500} INFO - Filling up the DagBag from /home/airflow/.local/lib/python3.6/site-packages/airflow/example_dags/example_kubernetes_executor.py
[2025-05-31 10:52:23,057] {processor.py:654} INFO - DAG(s) dict_keys(['example_kubernetes_executor']) retrieved from /home/airflow/.local/lib/python3.6/site-packages/airflow/example_dags/example_kubernetes_executor.py
[2025-05-31 10:52:23,082] {logging_mixin.py:109} INFO - [2025-05-31 10:52:23,082] {dag.py:2396} INFO - Sync 1 DAGs
[2025-05-31 10:52:23,115] {logging_mixin.py:109} INFO - [2025-05-31 10:52:23,115] {dag.py:2935} INFO - Setting next_dagrun for example_kubernetes_executor to None
[2025-05-31 10:52:23,133] {processor.py:171} INFO - Processing /home/airflow/.local/lib/python3.6/site-packages/airflow/example_dags/example_kubernetes_executor.py took 0.155 seconds
[2025-05-31 10:52:53,945] {processor.py:163} INFO - Started process (PID=2748) to work on /home/airflow/.local/lib/python3.6/site-packages/airflow/example_dags/example_kubernetes_executor.py
[2025-05-31 10:52:53,947] {processor.py:642} INFO - Processing file /home/airflow/.local/lib/python3.6/site-packages/airflow/example_dags/example_kubernetes_executor.py for tasks to queue
[2025-05-31 10:52:53,948] {logging_mixin.py:109} INFO - [2025-05-31 10:52:53,948] {dagbag.py:500} INFO - Filling up the DagBag from /home/airflow/.local/lib/python3.6/site-packages/airflow/example_dags/example_kubernetes_executor.py
[2025-05-31 10:52:54,021] {processor.py:654} INFO - DAG(s) dict_keys(['example_kubernetes_executor']) retrieved from /home/airflow/.local/lib/python3.6/site-packages/airflow/example_dags/example_kubernetes_executor.py
[2025-05-31 10:52:54,049] {logging_mixin.py:109} INFO - [2025-05-31 10:52:54,049] {dag.py:2396} INFO - Sync 1 DAGs
[2025-05-31 10:52:54,086] {logging_mixin.py:109} INFO - [2025-05-31 10:52:54,085] {dag.py:2935} INFO - Setting next_dagrun for example_kubernetes_executor to None
[2025-05-31 10:52:54,103] {processor.py:171} INFO - Processing /home/airflow/.local/lib/python3.6/site-packages/airflow/example_dags/example_kubernetes_executor.py took 0.164 seconds
[2025-05-31 10:53:24,175] {processor.py:163} INFO - Started process (PID=2928) to work on /home/airflow/.local/lib/python3.6/site-packages/airflow/example_dags/example_kubernetes_executor.py
[2025-05-31 10:53:24,177] {processor.py:642} INFO - Processing file /home/airflow/.local/lib/python3.6/site-packages/airflow/example_dags/example_kubernetes_executor.py for tasks to queue
[2025-05-31 10:53:24,179] {logging_mixin.py:109} INFO - [2025-05-31 10:53:24,179] {dagbag.py:500} INFO - Filling up the DagBag from /home/airflow/.local/lib/python3.6/site-packages/airflow/example_dags/example_kubernetes_executor.py
[2025-05-31 10:53:24,232] {processor.py:654} INFO - DAG(s) dict_keys(['example_kubernetes_executor']) retrieved from /home/airflow/.local/lib/python3.6/site-packages/airflow/example_dags/example_kubernetes_executor.py
[2025-05-31 10:53:24,251] {logging_mixin.py:109} INFO - [2025-05-31 10:53:24,251] {dag.py:2396} INFO - Sync 1 DAGs
[2025-05-31 10:53:24,282] {logging_mixin.py:109} INFO - [2025-05-31 10:53:24,281] {dag.py:2935} INFO - Setting next_dagrun for example_kubernetes_executor to None
[2025-05-31 10:53:24,297] {processor.py:171} INFO - Processing /home/airflow/.local/lib/python3.6/site-packages/airflow/example_dags/example_kubernetes_executor.py took 0.126 seconds
[2025-05-31 10:53:54,482] {processor.py:163} INFO - Started process (PID=3108) to work on /home/airflow/.local/lib/python3.6/site-packages/airflow/example_dags/example_kubernetes_executor.py
[2025-05-31 10:53:54,484] {processor.py:642} INFO - Processing file /home/airflow/.local/lib/python3.6/site-packages/airflow/example_dags/example_kubernetes_executor.py for tasks to queue
[2025-05-31 10:53:54,486] {logging_mixin.py:109} INFO - [2025-05-31 10:53:54,486] {dagbag.py:500} INFO - Filling up the DagBag from /home/airflow/.local/lib/python3.6/site-packages/airflow/example_dags/example_kubernetes_executor.py
[2025-05-31 10:53:54,546] {processor.py:654} INFO - DAG(s) dict_keys(['example_kubernetes_executor']) retrieved from /home/airflow/.local/lib/python3.6/site-packages/airflow/example_dags/example_kubernetes_executor.py
[2025-05-31 10:53:54,587] {logging_mixin.py:109} INFO - [2025-05-31 10:53:54,587] {dag.py:2396} INFO - Sync 1 DAGs
[2025-05-31 10:53:54,639] {logging_mixin.py:109} INFO - [2025-05-31 10:53:54,639] {dag.py:2935} INFO - Setting next_dagrun for example_kubernetes_executor to None
[2025-05-31 10:53:54,669] {processor.py:171} INFO - Processing /home/airflow/.local/lib/python3.6/site-packages/airflow/example_dags/example_kubernetes_executor.py took 0.192 seconds
[2025-05-31 10:54:25,156] {processor.py:163} INFO - Started process (PID=3288) to work on /home/airflow/.local/lib/python3.6/site-packages/airflow/example_dags/example_kubernetes_executor.py
[2025-05-31 10:54:25,158] {processor.py:642} INFO - Processing file /home/airflow/.local/lib/python3.6/site-packages/airflow/example_dags/example_kubernetes_executor.py for tasks to queue
[2025-05-31 10:54:25,159] {logging_mixin.py:109} INFO - [2025-05-31 10:54:25,159] {dagbag.py:500} INFO - Filling up the DagBag from /home/airflow/.local/lib/python3.6/site-packages/airflow/example_dags/example_kubernetes_executor.py
[2025-05-31 10:54:25,280] {processor.py:654} INFO - DAG(s) dict_keys(['example_kubernetes_executor']) retrieved from /home/airflow/.local/lib/python3.6/site-packages/airflow/example_dags/example_kubernetes_executor.py
[2025-05-31 10:54:25,311] {logging_mixin.py:109} INFO - [2025-05-31 10:54:25,311] {dag.py:2396} INFO - Sync 1 DAGs
[2025-05-31 10:54:25,352] {logging_mixin.py:109} INFO - [2025-05-31 10:54:25,352] {dag.py:2935} INFO - Setting next_dagrun for example_kubernetes_executor to None
[2025-05-31 10:54:25,372] {processor.py:171} INFO - Processing /home/airflow/.local/lib/python3.6/site-packages/airflow/example_dags/example_kubernetes_executor.py took 0.222 seconds
[2025-05-31 10:54:55,864] {processor.py:163} INFO - Started process (PID=3468) to work on /home/airflow/.local/lib/python3.6/site-packages/airflow/example_dags/example_kubernetes_executor.py
[2025-05-31 10:54:55,865] {processor.py:642} INFO - Processing file /home/airflow/.local/lib/python3.6/site-packages/airflow/example_dags/example_kubernetes_executor.py for tasks to queue
[2025-05-31 10:54:55,866] {logging_mixin.py:109} INFO - [2025-05-31 10:54:55,866] {dagbag.py:500} INFO - Filling up the DagBag from /home/airflow/.local/lib/python3.6/site-packages/airflow/example_dags/example_kubernetes_executor.py
[2025-05-31 10:54:55,903] {processor.py:654} INFO - DAG(s) dict_keys(['example_kubernetes_executor']) retrieved from /home/airflow/.local/lib/python3.6/site-packages/airflow/example_dags/example_kubernetes_executor.py
[2025-05-31 10:54:55,919] {logging_mixin.py:109} INFO - [2025-05-31 10:54:55,919] {dag.py:2396} INFO - Sync 1 DAGs
[2025-05-31 10:54:55,942] {logging_mixin.py:109} INFO - [2025-05-31 10:54:55,942] {dag.py:2935} INFO - Setting next_dagrun for example_kubernetes_executor to None
[2025-05-31 10:54:55,956] {processor.py:171} INFO - Processing /home/airflow/.local/lib/python3.6/site-packages/airflow/example_dags/example_kubernetes_executor.py took 0.101 seconds
[2025-05-31 10:55:26,309] {processor.py:163} INFO - Started process (PID=3657) to work on /home/airflow/.local/lib/python3.6/site-packages/airflow/example_dags/example_kubernetes_executor.py
[2025-05-31 10:55:26,312] {processor.py:642} INFO - Processing file /home/airflow/.local/lib/python3.6/site-packages/airflow/example_dags/example_kubernetes_executor.py for tasks to queue
[2025-05-31 10:55:26,313] {logging_mixin.py:109} INFO - [2025-05-31 10:55:26,313] {dagbag.py:500} INFO - Filling up the DagBag from /home/airflow/.local/lib/python3.6/site-packages/airflow/example_dags/example_kubernetes_executor.py
[2025-05-31 10:55:26,391] {processor.py:654} INFO - DAG(s) dict_keys(['example_kubernetes_executor']) retrieved from /home/airflow/.local/lib/python3.6/site-packages/airflow/example_dags/example_kubernetes_executor.py
[2025-05-31 10:55:26,422] {logging_mixin.py:109} INFO - [2025-05-31 10:55:26,422] {dag.py:2396} INFO - Sync 1 DAGs
[2025-05-31 10:55:26,482] {logging_mixin.py:109} INFO - [2025-05-31 10:55:26,481] {dag.py:2935} INFO - Setting next_dagrun for example_kubernetes_executor to None
[2025-05-31 10:55:26,503] {processor.py:171} INFO - Processing /home/airflow/.local/lib/python3.6/site-packages/airflow/example_dags/example_kubernetes_executor.py took 0.202 seconds
[2025-05-31 10:55:56,916] {processor.py:163} INFO - Started process (PID=3838) to work on /home/airflow/.local/lib/python3.6/site-packages/airflow/example_dags/example_kubernetes_executor.py
[2025-05-31 10:55:56,918] {processor.py:642} INFO - Processing file /home/airflow/.local/lib/python3.6/site-packages/airflow/example_dags/example_kubernetes_executor.py for tasks to queue
[2025-05-31 10:55:56,919] {logging_mixin.py:109} INFO - [2025-05-31 10:55:56,919] {dagbag.py:500} INFO - Filling up the DagBag from /home/airflow/.local/lib/python3.6/site-packages/airflow/example_dags/example_kubernetes_executor.py
[2025-05-31 10:55:56,959] {processor.py:654} INFO - DAG(s) dict_keys(['example_kubernetes_executor']) retrieved from /home/airflow/.local/lib/python3.6/site-packages/airflow/example_dags/example_kubernetes_executor.py
[2025-05-31 10:55:56,974] {logging_mixin.py:109} INFO - [2025-05-31 10:55:56,974] {dag.py:2396} INFO - Sync 1 DAGs
[2025-05-31 10:55:56,994] {logging_mixin.py:109} INFO - [2025-05-31 10:55:56,994] {dag.py:2935} INFO - Setting next_dagrun for example_kubernetes_executor to None
[2025-05-31 10:55:57,006] {processor.py:171} INFO - Processing /home/airflow/.local/lib/python3.6/site-packages/airflow/example_dags/example_kubernetes_executor.py took 0.094 seconds
[2025-05-31 10:56:27,296] {processor.py:163} INFO - Started process (PID=4018) to work on /home/airflow/.local/lib/python3.6/site-packages/airflow/example_dags/example_kubernetes_executor.py
[2025-05-31 10:56:27,299] {processor.py:642} INFO - Processing file /home/airflow/.local/lib/python3.6/site-packages/airflow/example_dags/example_kubernetes_executor.py for tasks to queue
[2025-05-31 10:56:27,301] {logging_mixin.py:109} INFO - [2025-05-31 10:56:27,300] {dagbag.py:500} INFO - Filling up the DagBag from /home/airflow/.local/lib/python3.6/site-packages/airflow/example_dags/example_kubernetes_executor.py
[2025-05-31 10:56:27,361] {processor.py:654} INFO - DAG(s) dict_keys(['example_kubernetes_executor']) retrieved from /home/airflow/.local/lib/python3.6/site-packages/airflow/example_dags/example_kubernetes_executor.py
[2025-05-31 10:56:27,388] {logging_mixin.py:109} INFO - [2025-05-31 10:56:27,388] {dag.py:2396} INFO - Sync 1 DAGs
[2025-05-31 10:56:27,423] {logging_mixin.py:109} INFO - [2025-05-31 10:56:27,423] {dag.py:2935} INFO - Setting next_dagrun for example_kubernetes_executor to None
[2025-05-31 10:56:27,444] {processor.py:171} INFO - Processing /home/airflow/.local/lib/python3.6/site-packages/airflow/example_dags/example_kubernetes_executor.py took 0.154 seconds
[2025-05-31 10:56:57,889] {processor.py:163} INFO - Started process (PID=4198) to work on /home/airflow/.local/lib/python3.6/site-packages/airflow/example_dags/example_kubernetes_executor.py
[2025-05-31 10:56:57,891] {processor.py:642} INFO - Processing file /home/airflow/.local/lib/python3.6/site-packages/airflow/example_dags/example_kubernetes_executor.py for tasks to queue
[2025-05-31 10:56:57,892] {logging_mixin.py:109} INFO - [2025-05-31 10:56:57,891] {dagbag.py:500} INFO - Filling up the DagBag from /home/airflow/.local/lib/python3.6/site-packages/airflow/example_dags/example_kubernetes_executor.py
[2025-05-31 10:56:57,938] {processor.py:654} INFO - DAG(s) dict_keys(['example_kubernetes_executor']) retrieved from /home/airflow/.local/lib/python3.6/site-packages/airflow/example_dags/example_kubernetes_executor.py
[2025-05-31 10:56:57,954] {logging_mixin.py:109} INFO - [2025-05-31 10:56:57,954] {dag.py:2396} INFO - Sync 1 DAGs
[2025-05-31 10:56:57,977] {logging_mixin.py:109} INFO - [2025-05-31 10:56:57,977] {dag.py:2935} INFO - Setting next_dagrun for example_kubernetes_executor to None
[2025-05-31 10:56:57,990] {processor.py:171} INFO - Processing /home/airflow/.local/lib/python3.6/site-packages/airflow/example_dags/example_kubernetes_executor.py took 0.104 seconds
[2025-05-31 10:57:28,459] {processor.py:163} INFO - Started process (PID=4388) to work on /home/airflow/.local/lib/python3.6/site-packages/airflow/example_dags/example_kubernetes_executor.py
[2025-05-31 10:57:28,462] {processor.py:642} INFO - Processing file /home/airflow/.local/lib/python3.6/site-packages/airflow/example_dags/example_kubernetes_executor.py for tasks to queue
[2025-05-31 10:57:28,463] {logging_mixin.py:109} INFO - [2025-05-31 10:57:28,463] {dagbag.py:500} INFO - Filling up the DagBag from /home/airflow/.local/lib/python3.6/site-packages/airflow/example_dags/example_kubernetes_executor.py
[2025-05-31 10:57:28,529] {processor.py:654} INFO - DAG(s) dict_keys(['example_kubernetes_executor']) retrieved from /home/airflow/.local/lib/python3.6/site-packages/airflow/example_dags/example_kubernetes_executor.py
[2025-05-31 10:57:28,559] {logging_mixin.py:109} INFO - [2025-05-31 10:57:28,559] {dag.py:2396} INFO - Sync 1 DAGs
[2025-05-31 10:57:28,602] {logging_mixin.py:109} INFO - [2025-05-31 10:57:28,602] {dag.py:2935} INFO - Setting next_dagrun for example_kubernetes_executor to None
[2025-05-31 10:57:28,624] {processor.py:171} INFO - Processing /home/airflow/.local/lib/python3.6/site-packages/airflow/example_dags/example_kubernetes_executor.py took 0.170 seconds
[2025-05-31 10:57:59,529] {processor.py:163} INFO - Started process (PID=4568) to work on /home/airflow/.local/lib/python3.6/site-packages/airflow/example_dags/example_kubernetes_executor.py
[2025-05-31 10:57:59,531] {processor.py:642} INFO - Processing file /home/airflow/.local/lib/python3.6/site-packages/airflow/example_dags/example_kubernetes_executor.py for tasks to queue
[2025-05-31 10:57:59,532] {logging_mixin.py:109} INFO - [2025-05-31 10:57:59,532] {dagbag.py:500} INFO - Filling up the DagBag from /home/airflow/.local/lib/python3.6/site-packages/airflow/example_dags/example_kubernetes_executor.py
[2025-05-31 10:57:59,587] {processor.py:654} INFO - DAG(s) dict_keys(['example_kubernetes_executor']) retrieved from /home/airflow/.local/lib/python3.6/site-packages/airflow/example_dags/example_kubernetes_executor.py
[2025-05-31 10:57:59,607] {logging_mixin.py:109} INFO - [2025-05-31 10:57:59,607] {dag.py:2396} INFO - Sync 1 DAGs
[2025-05-31 10:57:59,636] {logging_mixin.py:109} INFO - [2025-05-31 10:57:59,636] {dag.py:2935} INFO - Setting next_dagrun for example_kubernetes_executor to None
[2025-05-31 10:57:59,653] {processor.py:171} INFO - Processing /home/airflow/.local/lib/python3.6/site-packages/airflow/example_dags/example_kubernetes_executor.py took 0.128 seconds
[2025-05-31 10:58:29,769] {processor.py:163} INFO - Started process (PID=4748) to work on /home/airflow/.local/lib/python3.6/site-packages/airflow/example_dags/example_kubernetes_executor.py
[2025-05-31 10:58:29,771] {processor.py:642} INFO - Processing file /home/airflow/.local/lib/python3.6/site-packages/airflow/example_dags/example_kubernetes_executor.py for tasks to queue
[2025-05-31 10:58:29,772] {logging_mixin.py:109} INFO - [2025-05-31 10:58:29,771] {dagbag.py:500} INFO - Filling up the DagBag from /home/airflow/.local/lib/python3.6/site-packages/airflow/example_dags/example_kubernetes_executor.py
[2025-05-31 10:58:29,810] {processor.py:654} INFO - DAG(s) dict_keys(['example_kubernetes_executor']) retrieved from /home/airflow/.local/lib/python3.6/site-packages/airflow/example_dags/example_kubernetes_executor.py
[2025-05-31 10:58:29,825] {logging_mixin.py:109} INFO - [2025-05-31 10:58:29,825] {dag.py:2396} INFO - Sync 1 DAGs
[2025-05-31 10:58:29,847] {logging_mixin.py:109} INFO - [2025-05-31 10:58:29,847] {dag.py:2935} INFO - Setting next_dagrun for example_kubernetes_executor to None
[2025-05-31 10:58:29,860] {processor.py:171} INFO - Processing /home/airflow/.local/lib/python3.6/site-packages/airflow/example_dags/example_kubernetes_executor.py took 0.094 seconds
[2025-05-31 10:59:00,457] {processor.py:163} INFO - Started process (PID=4928) to work on /home/airflow/.local/lib/python3.6/site-packages/airflow/example_dags/example_kubernetes_executor.py
[2025-05-31 10:59:00,459] {processor.py:642} INFO - Processing file /home/airflow/.local/lib/python3.6/site-packages/airflow/example_dags/example_kubernetes_executor.py for tasks to queue
[2025-05-31 10:59:00,460] {logging_mixin.py:109} INFO - [2025-05-31 10:59:00,460] {dagbag.py:500} INFO - Filling up the DagBag from /home/airflow/.local/lib/python3.6/site-packages/airflow/example_dags/example_kubernetes_executor.py
[2025-05-31 10:59:00,504] {processor.py:654} INFO - DAG(s) dict_keys(['example_kubernetes_executor']) retrieved from /home/airflow/.local/lib/python3.6/site-packages/airflow/example_dags/example_kubernetes_executor.py
[2025-05-31 10:59:00,523] {logging_mixin.py:109} INFO - [2025-05-31 10:59:00,523] {dag.py:2396} INFO - Sync 1 DAGs
[2025-05-31 10:59:00,543] {logging_mixin.py:109} INFO - [2025-05-31 10:59:00,542] {dag.py:2935} INFO - Setting next_dagrun for example_kubernetes_executor to None
[2025-05-31 10:59:00,556] {processor.py:171} INFO - Processing /home/airflow/.local/lib/python3.6/site-packages/airflow/example_dags/example_kubernetes_executor.py took 0.103 seconds
[2025-05-31 10:59:30,698] {processor.py:163} INFO - Started process (PID=5118) to work on /home/airflow/.local/lib/python3.6/site-packages/airflow/example_dags/example_kubernetes_executor.py
[2025-05-31 10:59:30,701] {processor.py:642} INFO - Processing file /home/airflow/.local/lib/python3.6/site-packages/airflow/example_dags/example_kubernetes_executor.py for tasks to queue
[2025-05-31 10:59:30,702] {logging_mixin.py:109} INFO - [2025-05-31 10:59:30,702] {dagbag.py:500} INFO - Filling up the DagBag from /home/airflow/.local/lib/python3.6/site-packages/airflow/example_dags/example_kubernetes_executor.py
[2025-05-31 10:59:30,761] {processor.py:654} INFO - DAG(s) dict_keys(['example_kubernetes_executor']) retrieved from /home/airflow/.local/lib/python3.6/site-packages/airflow/example_dags/example_kubernetes_executor.py
[2025-05-31 10:59:30,796] {logging_mixin.py:109} INFO - [2025-05-31 10:59:30,796] {dag.py:2396} INFO - Sync 1 DAGs
[2025-05-31 10:59:30,851] {logging_mixin.py:109} INFO - [2025-05-31 10:59:30,851] {dag.py:2935} INFO - Setting next_dagrun for example_kubernetes_executor to None
[2025-05-31 10:59:30,872] {processor.py:171} INFO - Processing /home/airflow/.local/lib/python3.6/site-packages/airflow/example_dags/example_kubernetes_executor.py took 0.180 seconds
[2025-05-31 11:00:01,796] {processor.py:163} INFO - Started process (PID=5298) to work on /home/airflow/.local/lib/python3.6/site-packages/airflow/example_dags/example_kubernetes_executor.py
[2025-05-31 11:00:01,798] {processor.py:642} INFO - Processing file /home/airflow/.local/lib/python3.6/site-packages/airflow/example_dags/example_kubernetes_executor.py for tasks to queue
[2025-05-31 11:00:01,800] {logging_mixin.py:109} INFO - [2025-05-31 11:00:01,800] {dagbag.py:500} INFO - Filling up the DagBag from /home/airflow/.local/lib/python3.6/site-packages/airflow/example_dags/example_kubernetes_executor.py
[2025-05-31 11:00:01,850] {processor.py:654} INFO - DAG(s) dict_keys(['example_kubernetes_executor']) retrieved from /home/airflow/.local/lib/python3.6/site-packages/airflow/example_dags/example_kubernetes_executor.py
[2025-05-31 11:00:01,867] {logging_mixin.py:109} INFO - [2025-05-31 11:00:01,867] {dag.py:2396} INFO - Sync 1 DAGs
[2025-05-31 11:00:01,892] {logging_mixin.py:109} INFO - [2025-05-31 11:00:01,892] {dag.py:2935} INFO - Setting next_dagrun for example_kubernetes_executor to None
[2025-05-31 11:00:01,909] {processor.py:171} INFO - Processing /home/airflow/.local/lib/python3.6/site-packages/airflow/example_dags/example_kubernetes_executor.py took 0.116 seconds
[2025-05-31 11:00:32,516] {processor.py:163} INFO - Started process (PID=5478) to work on /home/airflow/.local/lib/python3.6/site-packages/airflow/example_dags/example_kubernetes_executor.py
[2025-05-31 11:00:32,518] {processor.py:642} INFO - Processing file /home/airflow/.local/lib/python3.6/site-packages/airflow/example_dags/example_kubernetes_executor.py for tasks to queue
[2025-05-31 11:00:32,519] {logging_mixin.py:109} INFO - [2025-05-31 11:00:32,519] {dagbag.py:500} INFO - Filling up the DagBag from /home/airflow/.local/lib/python3.6/site-packages/airflow/example_dags/example_kubernetes_executor.py
[2025-05-31 11:00:32,560] {processor.py:654} INFO - DAG(s) dict_keys(['example_kubernetes_executor']) retrieved from /home/airflow/.local/lib/python3.6/site-packages/airflow/example_dags/example_kubernetes_executor.py
[2025-05-31 11:00:32,576] {logging_mixin.py:109} INFO - [2025-05-31 11:00:32,576] {dag.py:2396} INFO - Sync 1 DAGs
[2025-05-31 11:00:32,597] {logging_mixin.py:109} INFO - [2025-05-31 11:00:32,597] {dag.py:2935} INFO - Setting next_dagrun for example_kubernetes_executor to None
[2025-05-31 11:00:32,609] {processor.py:171} INFO - Processing /home/airflow/.local/lib/python3.6/site-packages/airflow/example_dags/example_kubernetes_executor.py took 0.097 seconds
[2025-05-31 11:01:02,756] {processor.py:163} INFO - Started process (PID=5668) to work on /home/airflow/.local/lib/python3.6/site-packages/airflow/example_dags/example_kubernetes_executor.py
[2025-05-31 11:01:02,758] {processor.py:642} INFO - Processing file /home/airflow/.local/lib/python3.6/site-packages/airflow/example_dags/example_kubernetes_executor.py for tasks to queue
[2025-05-31 11:01:02,759] {logging_mixin.py:109} INFO - [2025-05-31 11:01:02,759] {dagbag.py:500} INFO - Filling up the DagBag from /home/airflow/.local/lib/python3.6/site-packages/airflow/example_dags/example_kubernetes_executor.py
[2025-05-31 11:01:02,824] {processor.py:654} INFO - DAG(s) dict_keys(['example_kubernetes_executor']) retrieved from /home/airflow/.local/lib/python3.6/site-packages/airflow/example_dags/example_kubernetes_executor.py
[2025-05-31 11:01:02,850] {logging_mixin.py:109} INFO - [2025-05-31 11:01:02,850] {dag.py:2396} INFO - Sync 1 DAGs
[2025-05-31 11:01:02,883] {logging_mixin.py:109} INFO - [2025-05-31 11:01:02,883] {dag.py:2935} INFO - Setting next_dagrun for example_kubernetes_executor to None
[2025-05-31 11:01:02,899] {processor.py:171} INFO - Processing /home/airflow/.local/lib/python3.6/site-packages/airflow/example_dags/example_kubernetes_executor.py took 0.147 seconds
[2025-05-31 11:01:33,239] {processor.py:163} INFO - Started process (PID=5848) to work on /home/airflow/.local/lib/python3.6/site-packages/airflow/example_dags/example_kubernetes_executor.py
[2025-05-31 11:01:33,241] {processor.py:642} INFO - Processing file /home/airflow/.local/lib/python3.6/site-packages/airflow/example_dags/example_kubernetes_executor.py for tasks to queue
[2025-05-31 11:01:33,242] {logging_mixin.py:109} INFO - [2025-05-31 11:01:33,242] {dagbag.py:500} INFO - Filling up the DagBag from /home/airflow/.local/lib/python3.6/site-packages/airflow/example_dags/example_kubernetes_executor.py
[2025-05-31 11:01:33,283] {processor.py:654} INFO - DAG(s) dict_keys(['example_kubernetes_executor']) retrieved from /home/airflow/.local/lib/python3.6/site-packages/airflow/example_dags/example_kubernetes_executor.py
[2025-05-31 11:01:33,299] {logging_mixin.py:109} INFO - [2025-05-31 11:01:33,299] {dag.py:2396} INFO - Sync 1 DAGs
[2025-05-31 11:01:33,321] {logging_mixin.py:109} INFO - [2025-05-31 11:01:33,321] {dag.py:2935} INFO - Setting next_dagrun for example_kubernetes_executor to None
[2025-05-31 11:01:33,333] {processor.py:171} INFO - Processing /home/airflow/.local/lib/python3.6/site-packages/airflow/example_dags/example_kubernetes_executor.py took 0.098 seconds
[2025-05-31 11:02:03,451] {processor.py:163} INFO - Started process (PID=6028) to work on /home/airflow/.local/lib/python3.6/site-packages/airflow/example_dags/example_kubernetes_executor.py
[2025-05-31 11:02:03,452] {processor.py:642} INFO - Processing file /home/airflow/.local/lib/python3.6/site-packages/airflow/example_dags/example_kubernetes_executor.py for tasks to queue
[2025-05-31 11:02:03,453] {logging_mixin.py:109} INFO - [2025-05-31 11:02:03,453] {dagbag.py:500} INFO - Filling up the DagBag from /home/airflow/.local/lib/python3.6/site-packages/airflow/example_dags/example_kubernetes_executor.py
[2025-05-31 11:02:03,490] {processor.py:654} INFO - DAG(s) dict_keys(['example_kubernetes_executor']) retrieved from /home/airflow/.local/lib/python3.6/site-packages/airflow/example_dags/example_kubernetes_executor.py
[2025-05-31 11:02:03,505] {logging_mixin.py:109} INFO - [2025-05-31 11:02:03,505] {dag.py:2396} INFO - Sync 1 DAGs
[2025-05-31 11:02:03,527] {logging_mixin.py:109} INFO - [2025-05-31 11:02:03,526] {dag.py:2935} INFO - Setting next_dagrun for example_kubernetes_executor to None
[2025-05-31 11:02:03,538] {processor.py:171} INFO - Processing /home/airflow/.local/lib/python3.6/site-packages/airflow/example_dags/example_kubernetes_executor.py took 0.091 seconds
[2025-05-31 11:02:33,913] {processor.py:163} INFO - Started process (PID=6218) to work on /home/airflow/.local/lib/python3.6/site-packages/airflow/example_dags/example_kubernetes_executor.py
[2025-05-31 11:02:33,915] {processor.py:642} INFO - Processing file /home/airflow/.local/lib/python3.6/site-packages/airflow/example_dags/example_kubernetes_executor.py for tasks to queue
[2025-05-31 11:02:33,916] {logging_mixin.py:109} INFO - [2025-05-31 11:02:33,916] {dagbag.py:500} INFO - Filling up the DagBag from /home/airflow/.local/lib/python3.6/site-packages/airflow/example_dags/example_kubernetes_executor.py
[2025-05-31 11:02:33,955] {processor.py:654} INFO - DAG(s) dict_keys(['example_kubernetes_executor']) retrieved from /home/airflow/.local/lib/python3.6/site-packages/airflow/example_dags/example_kubernetes_executor.py
[2025-05-31 11:02:33,971] {logging_mixin.py:109} INFO - [2025-05-31 11:02:33,971] {dag.py:2396} INFO - Sync 1 DAGs
[2025-05-31 11:02:33,991] {logging_mixin.py:109} INFO - [2025-05-31 11:02:33,991] {dag.py:2935} INFO - Setting next_dagrun for example_kubernetes_executor to None
[2025-05-31 11:02:34,003] {processor.py:171} INFO - Processing /home/airflow/.local/lib/python3.6/site-packages/airflow/example_dags/example_kubernetes_executor.py took 0.093 seconds
[2025-05-31 11:03:04,237] {processor.py:163} INFO - Started process (PID=6398) to work on /home/airflow/.local/lib/python3.6/site-packages/airflow/example_dags/example_kubernetes_executor.py
[2025-05-31 11:03:04,241] {processor.py:642} INFO - Processing file /home/airflow/.local/lib/python3.6/site-packages/airflow/example_dags/example_kubernetes_executor.py for tasks to queue
[2025-05-31 11:03:04,242] {logging_mixin.py:109} INFO - [2025-05-31 11:03:04,242] {dagbag.py:500} INFO - Filling up the DagBag from /home/airflow/.local/lib/python3.6/site-packages/airflow/example_dags/example_kubernetes_executor.py
[2025-05-31 11:03:04,288] {processor.py:654} INFO - DAG(s) dict_keys(['example_kubernetes_executor']) retrieved from /home/airflow/.local/lib/python3.6/site-packages/airflow/example_dags/example_kubernetes_executor.py
[2025-05-31 11:03:04,305] {logging_mixin.py:109} INFO - [2025-05-31 11:03:04,304] {dag.py:2396} INFO - Sync 1 DAGs
[2025-05-31 11:03:04,327] {logging_mixin.py:109} INFO - [2025-05-31 11:03:04,326] {dag.py:2935} INFO - Setting next_dagrun for example_kubernetes_executor to None
[2025-05-31 11:03:04,338] {processor.py:171} INFO - Processing /home/airflow/.local/lib/python3.6/site-packages/airflow/example_dags/example_kubernetes_executor.py took 0.108 seconds
[2025-05-31 11:03:34,624] {processor.py:163} INFO - Started process (PID=6578) to work on /home/airflow/.local/lib/python3.6/site-packages/airflow/example_dags/example_kubernetes_executor.py
[2025-05-31 11:03:34,627] {processor.py:642} INFO - Processing file /home/airflow/.local/lib/python3.6/site-packages/airflow/example_dags/example_kubernetes_executor.py for tasks to queue
[2025-05-31 11:03:34,628] {logging_mixin.py:109} INFO - [2025-05-31 11:03:34,628] {dagbag.py:500} INFO - Filling up the DagBag from /home/airflow/.local/lib/python3.6/site-packages/airflow/example_dags/example_kubernetes_executor.py
[2025-05-31 11:03:34,673] {processor.py:654} INFO - DAG(s) dict_keys(['example_kubernetes_executor']) retrieved from /home/airflow/.local/lib/python3.6/site-packages/airflow/example_dags/example_kubernetes_executor.py
[2025-05-31 11:03:34,689] {logging_mixin.py:109} INFO - [2025-05-31 11:03:34,689] {dag.py:2396} INFO - Sync 1 DAGs
[2025-05-31 11:03:34,712] {logging_mixin.py:109} INFO - [2025-05-31 11:03:34,712] {dag.py:2935} INFO - Setting next_dagrun for example_kubernetes_executor to None
[2025-05-31 11:03:34,725] {processor.py:171} INFO - Processing /home/airflow/.local/lib/python3.6/site-packages/airflow/example_dags/example_kubernetes_executor.py took 0.105 seconds
[2025-05-31 11:04:04,800] {processor.py:163} INFO - Started process (PID=6768) to work on /home/airflow/.local/lib/python3.6/site-packages/airflow/example_dags/example_kubernetes_executor.py
[2025-05-31 11:04:04,802] {processor.py:642} INFO - Processing file /home/airflow/.local/lib/python3.6/site-packages/airflow/example_dags/example_kubernetes_executor.py for tasks to queue
[2025-05-31 11:04:04,802] {logging_mixin.py:109} INFO - [2025-05-31 11:04:04,802] {dagbag.py:500} INFO - Filling up the DagBag from /home/airflow/.local/lib/python3.6/site-packages/airflow/example_dags/example_kubernetes_executor.py
[2025-05-31 11:04:04,841] {processor.py:654} INFO - DAG(s) dict_keys(['example_kubernetes_executor']) retrieved from /home/airflow/.local/lib/python3.6/site-packages/airflow/example_dags/example_kubernetes_executor.py
[2025-05-31 11:04:04,857] {logging_mixin.py:109} INFO - [2025-05-31 11:04:04,856] {dag.py:2396} INFO - Sync 1 DAGs
[2025-05-31 11:04:04,880] {logging_mixin.py:109} INFO - [2025-05-31 11:04:04,880] {dag.py:2935} INFO - Setting next_dagrun for example_kubernetes_executor to None
[2025-05-31 11:04:04,894] {processor.py:171} INFO - Processing /home/airflow/.local/lib/python3.6/site-packages/airflow/example_dags/example_kubernetes_executor.py took 0.097 seconds
[2025-05-31 11:04:35,622] {processor.py:163} INFO - Started process (PID=6948) to work on /home/airflow/.local/lib/python3.6/site-packages/airflow/example_dags/example_kubernetes_executor.py
[2025-05-31 11:04:35,623] {processor.py:642} INFO - Processing file /home/airflow/.local/lib/python3.6/site-packages/airflow/example_dags/example_kubernetes_executor.py for tasks to queue
[2025-05-31 11:04:35,624] {logging_mixin.py:109} INFO - [2025-05-31 11:04:35,624] {dagbag.py:500} INFO - Filling up the DagBag from /home/airflow/.local/lib/python3.6/site-packages/airflow/example_dags/example_kubernetes_executor.py
[2025-05-31 11:04:35,665] {processor.py:654} INFO - DAG(s) dict_keys(['example_kubernetes_executor']) retrieved from /home/airflow/.local/lib/python3.6/site-packages/airflow/example_dags/example_kubernetes_executor.py
[2025-05-31 11:04:35,682] {logging_mixin.py:109} INFO - [2025-05-31 11:04:35,682] {dag.py:2396} INFO - Sync 1 DAGs
[2025-05-31 11:04:35,705] {logging_mixin.py:109} INFO - [2025-05-31 11:04:35,705] {dag.py:2935} INFO - Setting next_dagrun for example_kubernetes_executor to None
[2025-05-31 11:04:35,718] {processor.py:171} INFO - Processing /home/airflow/.local/lib/python3.6/site-packages/airflow/example_dags/example_kubernetes_executor.py took 0.100 seconds
[2025-05-31 11:05:05,877] {processor.py:163} INFO - Started process (PID=7133) to work on /home/airflow/.local/lib/python3.6/site-packages/airflow/example_dags/example_kubernetes_executor.py
[2025-05-31 11:05:05,879] {processor.py:642} INFO - Processing file /home/airflow/.local/lib/python3.6/site-packages/airflow/example_dags/example_kubernetes_executor.py for tasks to queue
[2025-05-31 11:05:05,880] {logging_mixin.py:109} INFO - [2025-05-31 11:05:05,880] {dagbag.py:500} INFO - Filling up the DagBag from /home/airflow/.local/lib/python3.6/site-packages/airflow/example_dags/example_kubernetes_executor.py
[2025-05-31 11:05:05,925] {processor.py:654} INFO - DAG(s) dict_keys(['example_kubernetes_executor']) retrieved from /home/airflow/.local/lib/python3.6/site-packages/airflow/example_dags/example_kubernetes_executor.py
[2025-05-31 11:05:05,942] {logging_mixin.py:109} INFO - [2025-05-31 11:05:05,941] {dag.py:2396} INFO - Sync 1 DAGs
[2025-05-31 11:05:05,964] {logging_mixin.py:109} INFO - [2025-05-31 11:05:05,964] {dag.py:2935} INFO - Setting next_dagrun for example_kubernetes_executor to None
[2025-05-31 11:05:05,978] {processor.py:171} INFO - Processing /home/airflow/.local/lib/python3.6/site-packages/airflow/example_dags/example_kubernetes_executor.py took 0.104 seconds
[2025-05-31 11:05:36,402] {processor.py:163} INFO - Started process (PID=7318) to work on /home/airflow/.local/lib/python3.6/site-packages/airflow/example_dags/example_kubernetes_executor.py
[2025-05-31 11:05:36,403] {processor.py:642} INFO - Processing file /home/airflow/.local/lib/python3.6/site-packages/airflow/example_dags/example_kubernetes_executor.py for tasks to queue
[2025-05-31 11:05:36,404] {logging_mixin.py:109} INFO - [2025-05-31 11:05:36,404] {dagbag.py:500} INFO - Filling up the DagBag from /home/airflow/.local/lib/python3.6/site-packages/airflow/example_dags/example_kubernetes_executor.py
[2025-05-31 11:05:36,452] {processor.py:654} INFO - DAG(s) dict_keys(['example_kubernetes_executor']) retrieved from /home/airflow/.local/lib/python3.6/site-packages/airflow/example_dags/example_kubernetes_executor.py
[2025-05-31 11:05:36,472] {logging_mixin.py:109} INFO - [2025-05-31 11:05:36,472] {dag.py:2396} INFO - Sync 1 DAGs
[2025-05-31 11:05:36,497] {logging_mixin.py:109} INFO - [2025-05-31 11:05:36,497] {dag.py:2935} INFO - Setting next_dagrun for example_kubernetes_executor to None
[2025-05-31 11:05:36,512] {processor.py:171} INFO - Processing /home/airflow/.local/lib/python3.6/site-packages/airflow/example_dags/example_kubernetes_executor.py took 0.114 seconds
[2025-05-31 11:06:06,625] {processor.py:163} INFO - Started process (PID=7496) to work on /home/airflow/.local/lib/python3.6/site-packages/airflow/example_dags/example_kubernetes_executor.py
[2025-05-31 11:06:06,628] {processor.py:642} INFO - Processing file /home/airflow/.local/lib/python3.6/site-packages/airflow/example_dags/example_kubernetes_executor.py for tasks to queue
[2025-05-31 11:06:06,630] {logging_mixin.py:109} INFO - [2025-05-31 11:06:06,629] {dagbag.py:500} INFO - Filling up the DagBag from /home/airflow/.local/lib/python3.6/site-packages/airflow/example_dags/example_kubernetes_executor.py
[2025-05-31 11:06:06,815] {processor.py:654} INFO - DAG(s) dict_keys(['example_kubernetes_executor']) retrieved from /home/airflow/.local/lib/python3.6/site-packages/airflow/example_dags/example_kubernetes_executor.py
[2025-05-31 11:06:06,883] {logging_mixin.py:109} INFO - [2025-05-31 11:06:06,883] {dag.py:2396} INFO - Sync 1 DAGs
[2025-05-31 11:06:07,002] {logging_mixin.py:109} INFO - [2025-05-31 11:06:07,002] {dag.py:2935} INFO - Setting next_dagrun for example_kubernetes_executor to None
[2025-05-31 11:06:07,050] {processor.py:171} INFO - Processing /home/airflow/.local/lib/python3.6/site-packages/airflow/example_dags/example_kubernetes_executor.py took 0.439 seconds
[2025-05-31 11:06:37,354] {processor.py:163} INFO - Started process (PID=7673) to work on /home/airflow/.local/lib/python3.6/site-packages/airflow/example_dags/example_kubernetes_executor.py
[2025-05-31 11:06:37,355] {processor.py:642} INFO - Processing file /home/airflow/.local/lib/python3.6/site-packages/airflow/example_dags/example_kubernetes_executor.py for tasks to queue
[2025-05-31 11:06:37,357] {logging_mixin.py:109} INFO - [2025-05-31 11:06:37,357] {dagbag.py:500} INFO - Filling up the DagBag from /home/airflow/.local/lib/python3.6/site-packages/airflow/example_dags/example_kubernetes_executor.py
[2025-05-31 11:06:37,420] {processor.py:654} INFO - DAG(s) dict_keys(['example_kubernetes_executor']) retrieved from /home/airflow/.local/lib/python3.6/site-packages/airflow/example_dags/example_kubernetes_executor.py
[2025-05-31 11:06:37,444] {logging_mixin.py:109} INFO - [2025-05-31 11:06:37,444] {dag.py:2396} INFO - Sync 1 DAGs
[2025-05-31 11:06:37,479] {logging_mixin.py:109} INFO - [2025-05-31 11:06:37,479] {dag.py:2935} INFO - Setting next_dagrun for example_kubernetes_executor to None
[2025-05-31 11:06:37,495] {processor.py:171} INFO - Processing /home/airflow/.local/lib/python3.6/site-packages/airflow/example_dags/example_kubernetes_executor.py took 0.148 seconds
[2025-05-31 11:07:07,794] {processor.py:163} INFO - Started process (PID=7853) to work on /home/airflow/.local/lib/python3.6/site-packages/airflow/example_dags/example_kubernetes_executor.py
[2025-05-31 11:07:07,795] {processor.py:642} INFO - Processing file /home/airflow/.local/lib/python3.6/site-packages/airflow/example_dags/example_kubernetes_executor.py for tasks to queue
[2025-05-31 11:07:07,796] {logging_mixin.py:109} INFO - [2025-05-31 11:07:07,796] {dagbag.py:500} INFO - Filling up the DagBag from /home/airflow/.local/lib/python3.6/site-packages/airflow/example_dags/example_kubernetes_executor.py
[2025-05-31 11:07:07,831] {processor.py:654} INFO - DAG(s) dict_keys(['example_kubernetes_executor']) retrieved from /home/airflow/.local/lib/python3.6/site-packages/airflow/example_dags/example_kubernetes_executor.py
[2025-05-31 11:07:07,845] {logging_mixin.py:109} INFO - [2025-05-31 11:07:07,845] {dag.py:2396} INFO - Sync 1 DAGs
[2025-05-31 11:07:07,864] {logging_mixin.py:109} INFO - [2025-05-31 11:07:07,864] {dag.py:2935} INFO - Setting next_dagrun for example_kubernetes_executor to None
[2025-05-31 11:07:07,875] {processor.py:171} INFO - Processing /home/airflow/.local/lib/python3.6/site-packages/airflow/example_dags/example_kubernetes_executor.py took 0.085 seconds
[2025-05-31 11:07:38,585] {processor.py:163} INFO - Started process (PID=8043) to work on /home/airflow/.local/lib/python3.6/site-packages/airflow/example_dags/example_kubernetes_executor.py
[2025-05-31 11:07:38,587] {processor.py:642} INFO - Processing file /home/airflow/.local/lib/python3.6/site-packages/airflow/example_dags/example_kubernetes_executor.py for tasks to queue
[2025-05-31 11:07:38,588] {logging_mixin.py:109} INFO - [2025-05-31 11:07:38,588] {dagbag.py:500} INFO - Filling up the DagBag from /home/airflow/.local/lib/python3.6/site-packages/airflow/example_dags/example_kubernetes_executor.py
[2025-05-31 11:07:38,636] {processor.py:654} INFO - DAG(s) dict_keys(['example_kubernetes_executor']) retrieved from /home/airflow/.local/lib/python3.6/site-packages/airflow/example_dags/example_kubernetes_executor.py
[2025-05-31 11:07:38,654] {logging_mixin.py:109} INFO - [2025-05-31 11:07:38,653] {dag.py:2396} INFO - Sync 1 DAGs
[2025-05-31 11:07:38,677] {logging_mixin.py:109} INFO - [2025-05-31 11:07:38,677] {dag.py:2935} INFO - Setting next_dagrun for example_kubernetes_executor to None
[2025-05-31 11:07:38,690] {processor.py:171} INFO - Processing /home/airflow/.local/lib/python3.6/site-packages/airflow/example_dags/example_kubernetes_executor.py took 0.109 seconds
[2025-05-31 11:08:08,860] {processor.py:163} INFO - Started process (PID=8223) to work on /home/airflow/.local/lib/python3.6/site-packages/airflow/example_dags/example_kubernetes_executor.py
[2025-05-31 11:08:08,861] {processor.py:642} INFO - Processing file /home/airflow/.local/lib/python3.6/site-packages/airflow/example_dags/example_kubernetes_executor.py for tasks to queue
[2025-05-31 11:08:08,863] {logging_mixin.py:109} INFO - [2025-05-31 11:08:08,862] {dagbag.py:500} INFO - Filling up the DagBag from /home/airflow/.local/lib/python3.6/site-packages/airflow/example_dags/example_kubernetes_executor.py
[2025-05-31 11:08:08,910] {processor.py:654} INFO - DAG(s) dict_keys(['example_kubernetes_executor']) retrieved from /home/airflow/.local/lib/python3.6/site-packages/airflow/example_dags/example_kubernetes_executor.py
[2025-05-31 11:08:08,928] {logging_mixin.py:109} INFO - [2025-05-31 11:08:08,928] {dag.py:2396} INFO - Sync 1 DAGs
[2025-05-31 11:08:08,949] {logging_mixin.py:109} INFO - [2025-05-31 11:08:08,949] {dag.py:2935} INFO - Setting next_dagrun for example_kubernetes_executor to None
[2025-05-31 11:08:08,963] {processor.py:171} INFO - Processing /home/airflow/.local/lib/python3.6/site-packages/airflow/example_dags/example_kubernetes_executor.py took 0.108 seconds
[2025-05-31 11:08:39,606] {processor.py:163} INFO - Started process (PID=8403) to work on /home/airflow/.local/lib/python3.6/site-packages/airflow/example_dags/example_kubernetes_executor.py
[2025-05-31 11:08:39,608] {processor.py:642} INFO - Processing file /home/airflow/.local/lib/python3.6/site-packages/airflow/example_dags/example_kubernetes_executor.py for tasks to queue
[2025-05-31 11:08:39,608] {logging_mixin.py:109} INFO - [2025-05-31 11:08:39,608] {dagbag.py:500} INFO - Filling up the DagBag from /home/airflow/.local/lib/python3.6/site-packages/airflow/example_dags/example_kubernetes_executor.py
[2025-05-31 11:08:39,644] {processor.py:654} INFO - DAG(s) dict_keys(['example_kubernetes_executor']) retrieved from /home/airflow/.local/lib/python3.6/site-packages/airflow/example_dags/example_kubernetes_executor.py
[2025-05-31 11:08:39,658] {logging_mixin.py:109} INFO - [2025-05-31 11:08:39,658] {dag.py:2396} INFO - Sync 1 DAGs
[2025-05-31 11:08:39,677] {logging_mixin.py:109} INFO - [2025-05-31 11:08:39,677] {dag.py:2935} INFO - Setting next_dagrun for example_kubernetes_executor to None
[2025-05-31 11:08:39,688] {processor.py:171} INFO - Processing /home/airflow/.local/lib/python3.6/site-packages/airflow/example_dags/example_kubernetes_executor.py took 0.086 seconds
[2025-05-31 11:09:09,839] {processor.py:163} INFO - Started process (PID=8591) to work on /home/airflow/.local/lib/python3.6/site-packages/airflow/example_dags/example_kubernetes_executor.py
[2025-05-31 11:09:09,841] {processor.py:642} INFO - Processing file /home/airflow/.local/lib/python3.6/site-packages/airflow/example_dags/example_kubernetes_executor.py for tasks to queue
[2025-05-31 11:09:09,842] {logging_mixin.py:109} INFO - [2025-05-31 11:09:09,842] {dagbag.py:500} INFO - Filling up the DagBag from /home/airflow/.local/lib/python3.6/site-packages/airflow/example_dags/example_kubernetes_executor.py
[2025-05-31 11:09:09,892] {processor.py:654} INFO - DAG(s) dict_keys(['example_kubernetes_executor']) retrieved from /home/airflow/.local/lib/python3.6/site-packages/airflow/example_dags/example_kubernetes_executor.py
[2025-05-31 11:09:09,911] {logging_mixin.py:109} INFO - [2025-05-31 11:09:09,911] {dag.py:2396} INFO - Sync 1 DAGs
[2025-05-31 11:09:09,934] {logging_mixin.py:109} INFO - [2025-05-31 11:09:09,934] {dag.py:2935} INFO - Setting next_dagrun for example_kubernetes_executor to None
[2025-05-31 11:09:09,947] {processor.py:171} INFO - Processing /home/airflow/.local/lib/python3.6/site-packages/airflow/example_dags/example_kubernetes_executor.py took 0.112 seconds
[2025-05-31 11:09:40,453] {processor.py:163} INFO - Started process (PID=8765) to work on /home/airflow/.local/lib/python3.6/site-packages/airflow/example_dags/example_kubernetes_executor.py
[2025-05-31 11:09:40,455] {processor.py:642} INFO - Processing file /home/airflow/.local/lib/python3.6/site-packages/airflow/example_dags/example_kubernetes_executor.py for tasks to queue
[2025-05-31 11:09:40,456] {logging_mixin.py:109} INFO - [2025-05-31 11:09:40,456] {dagbag.py:500} INFO - Filling up the DagBag from /home/airflow/.local/lib/python3.6/site-packages/airflow/example_dags/example_kubernetes_executor.py
[2025-05-31 11:09:40,529] {processor.py:654} INFO - DAG(s) dict_keys(['example_kubernetes_executor']) retrieved from /home/airflow/.local/lib/python3.6/site-packages/airflow/example_dags/example_kubernetes_executor.py
[2025-05-31 11:09:40,557] {logging_mixin.py:109} INFO - [2025-05-31 11:09:40,557] {dag.py:2396} INFO - Sync 1 DAGs
[2025-05-31 11:09:40,683] {logging_mixin.py:109} INFO - [2025-05-31 11:09:40,683] {dag.py:2935} INFO - Setting next_dagrun for example_kubernetes_executor to None
[2025-05-31 11:09:40,696] {processor.py:171} INFO - Processing /home/airflow/.local/lib/python3.6/site-packages/airflow/example_dags/example_kubernetes_executor.py took 0.250 seconds
[2025-05-31 11:10:11,281] {processor.py:163} INFO - Started process (PID=8950) to work on /home/airflow/.local/lib/python3.6/site-packages/airflow/example_dags/example_kubernetes_executor.py
[2025-05-31 11:10:11,283] {processor.py:642} INFO - Processing file /home/airflow/.local/lib/python3.6/site-packages/airflow/example_dags/example_kubernetes_executor.py for tasks to queue
[2025-05-31 11:10:11,285] {logging_mixin.py:109} INFO - [2025-05-31 11:10:11,284] {dagbag.py:500} INFO - Filling up the DagBag from /home/airflow/.local/lib/python3.6/site-packages/airflow/example_dags/example_kubernetes_executor.py
[2025-05-31 11:10:11,331] {processor.py:654} INFO - DAG(s) dict_keys(['example_kubernetes_executor']) retrieved from /home/airflow/.local/lib/python3.6/site-packages/airflow/example_dags/example_kubernetes_executor.py
[2025-05-31 11:10:11,349] {logging_mixin.py:109} INFO - [2025-05-31 11:10:11,349] {dag.py:2396} INFO - Sync 1 DAGs
[2025-05-31 11:10:11,451] {logging_mixin.py:109} INFO - [2025-05-31 11:10:11,450] {dag.py:2935} INFO - Setting next_dagrun for example_kubernetes_executor to None
[2025-05-31 11:10:11,462] {processor.py:171} INFO - Processing /home/airflow/.local/lib/python3.6/site-packages/airflow/example_dags/example_kubernetes_executor.py took 0.186 seconds
[2025-05-31 11:10:43,918] {processor.py:163} INFO - Started process (PID=9142) to work on /home/airflow/.local/lib/python3.6/site-packages/airflow/example_dags/example_kubernetes_executor.py
[2025-05-31 11:10:43,923] {processor.py:642} INFO - Processing file /home/airflow/.local/lib/python3.6/site-packages/airflow/example_dags/example_kubernetes_executor.py for tasks to queue
[2025-05-31 11:10:43,926] {logging_mixin.py:109} INFO - [2025-05-31 11:10:43,926] {dagbag.py:500} INFO - Filling up the DagBag from /home/airflow/.local/lib/python3.6/site-packages/airflow/example_dags/example_kubernetes_executor.py
[2025-05-31 11:10:44,024] {processor.py:654} INFO - DAG(s) dict_keys(['example_kubernetes_executor']) retrieved from /home/airflow/.local/lib/python3.6/site-packages/airflow/example_dags/example_kubernetes_executor.py
[2025-05-31 11:10:44,070] {logging_mixin.py:109} INFO - [2025-05-31 11:10:44,070] {dag.py:2396} INFO - Sync 1 DAGs
[2025-05-31 11:10:44,267] {logging_mixin.py:109} INFO - [2025-05-31 11:10:44,267] {dag.py:2935} INFO - Setting next_dagrun for example_kubernetes_executor to None
[2025-05-31 11:10:44,297] {processor.py:171} INFO - Processing /home/airflow/.local/lib/python3.6/site-packages/airflow/example_dags/example_kubernetes_executor.py took 0.396 seconds
[2025-05-31 11:11:14,518] {processor.py:163} INFO - Started process (PID=9290) to work on /home/airflow/.local/lib/python3.6/site-packages/airflow/example_dags/example_kubernetes_executor.py
[2025-05-31 11:11:14,521] {processor.py:642} INFO - Processing file /home/airflow/.local/lib/python3.6/site-packages/airflow/example_dags/example_kubernetes_executor.py for tasks to queue
[2025-05-31 11:11:14,523] {logging_mixin.py:109} INFO - [2025-05-31 11:11:14,523] {dagbag.py:500} INFO - Filling up the DagBag from /home/airflow/.local/lib/python3.6/site-packages/airflow/example_dags/example_kubernetes_executor.py
[2025-05-31 11:11:14,588] {processor.py:654} INFO - DAG(s) dict_keys(['example_kubernetes_executor']) retrieved from /home/airflow/.local/lib/python3.6/site-packages/airflow/example_dags/example_kubernetes_executor.py
[2025-05-31 11:11:14,729] {logging_mixin.py:109} INFO - [2025-05-31 11:11:14,729] {dag.py:2396} INFO - Sync 1 DAGs
[2025-05-31 11:11:14,771] {logging_mixin.py:109} INFO - [2025-05-31 11:11:14,771] {dag.py:2935} INFO - Setting next_dagrun for example_kubernetes_executor to None
[2025-05-31 11:11:14,787] {processor.py:171} INFO - Processing /home/airflow/.local/lib/python3.6/site-packages/airflow/example_dags/example_kubernetes_executor.py took 0.276 seconds
[2025-05-31 11:11:45,145] {processor.py:163} INFO - Started process (PID=9470) to work on /home/airflow/.local/lib/python3.6/site-packages/airflow/example_dags/example_kubernetes_executor.py
[2025-05-31 11:11:45,147] {processor.py:642} INFO - Processing file /home/airflow/.local/lib/python3.6/site-packages/airflow/example_dags/example_kubernetes_executor.py for tasks to queue
[2025-05-31 11:11:45,148] {logging_mixin.py:109} INFO - [2025-05-31 11:11:45,148] {dagbag.py:500} INFO - Filling up the DagBag from /home/airflow/.local/lib/python3.6/site-packages/airflow/example_dags/example_kubernetes_executor.py
[2025-05-31 11:11:45,195] {processor.py:654} INFO - DAG(s) dict_keys(['example_kubernetes_executor']) retrieved from /home/airflow/.local/lib/python3.6/site-packages/airflow/example_dags/example_kubernetes_executor.py
[2025-05-31 11:11:45,337] {logging_mixin.py:109} INFO - [2025-05-31 11:11:45,336] {dag.py:2396} INFO - Sync 1 DAGs
[2025-05-31 11:11:45,361] {logging_mixin.py:109} INFO - [2025-05-31 11:11:45,361] {dag.py:2935} INFO - Setting next_dagrun for example_kubernetes_executor to None
[2025-05-31 11:11:45,376] {processor.py:171} INFO - Processing /home/airflow/.local/lib/python3.6/site-packages/airflow/example_dags/example_kubernetes_executor.py took 0.236 seconds
[2025-05-31 11:12:16,104] {processor.py:163} INFO - Started process (PID=9649) to work on /home/airflow/.local/lib/python3.6/site-packages/airflow/example_dags/example_kubernetes_executor.py
[2025-05-31 11:12:16,106] {processor.py:642} INFO - Processing file /home/airflow/.local/lib/python3.6/site-packages/airflow/example_dags/example_kubernetes_executor.py for tasks to queue
[2025-05-31 11:12:16,107] {logging_mixin.py:109} INFO - [2025-05-31 11:12:16,107] {dagbag.py:500} INFO - Filling up the DagBag from /home/airflow/.local/lib/python3.6/site-packages/airflow/example_dags/example_kubernetes_executor.py
[2025-05-31 11:12:16,286] {processor.py:654} INFO - DAG(s) dict_keys(['example_kubernetes_executor']) retrieved from /home/airflow/.local/lib/python3.6/site-packages/airflow/example_dags/example_kubernetes_executor.py
[2025-05-31 11:12:16,314] {logging_mixin.py:109} INFO - [2025-05-31 11:12:16,314] {dag.py:2396} INFO - Sync 1 DAGs
[2025-05-31 11:12:16,344] {logging_mixin.py:109} INFO - [2025-05-31 11:12:16,344] {dag.py:2935} INFO - Setting next_dagrun for example_kubernetes_executor to None
[2025-05-31 11:12:16,364] {processor.py:171} INFO - Processing /home/airflow/.local/lib/python3.6/site-packages/airflow/example_dags/example_kubernetes_executor.py took 0.266 seconds
[2025-05-31 11:12:46,605] {processor.py:163} INFO - Started process (PID=9800) to work on /home/airflow/.local/lib/python3.6/site-packages/airflow/example_dags/example_kubernetes_executor.py
[2025-05-31 11:12:46,607] {processor.py:642} INFO - Processing file /home/airflow/.local/lib/python3.6/site-packages/airflow/example_dags/example_kubernetes_executor.py for tasks to queue
[2025-05-31 11:12:46,609] {logging_mixin.py:109} INFO - [2025-05-31 11:12:46,609] {dagbag.py:500} INFO - Filling up the DagBag from /home/airflow/.local/lib/python3.6/site-packages/airflow/example_dags/example_kubernetes_executor.py
[2025-05-31 11:12:46,773] {processor.py:654} INFO - DAG(s) dict_keys(['example_kubernetes_executor']) retrieved from /home/airflow/.local/lib/python3.6/site-packages/airflow/example_dags/example_kubernetes_executor.py
[2025-05-31 11:12:46,806] {logging_mixin.py:109} INFO - [2025-05-31 11:12:46,806] {dag.py:2396} INFO - Sync 1 DAGs
[2025-05-31 11:12:46,832] {logging_mixin.py:109} INFO - [2025-05-31 11:12:46,832] {dag.py:2935} INFO - Setting next_dagrun for example_kubernetes_executor to None
[2025-05-31 11:12:46,846] {processor.py:171} INFO - Processing /home/airflow/.local/lib/python3.6/site-packages/airflow/example_dags/example_kubernetes_executor.py took 0.248 seconds
[2025-05-31 11:13:16,951] {processor.py:163} INFO - Started process (PID=9982) to work on /home/airflow/.local/lib/python3.6/site-packages/airflow/example_dags/example_kubernetes_executor.py
[2025-05-31 11:13:16,953] {processor.py:642} INFO - Processing file /home/airflow/.local/lib/python3.6/site-packages/airflow/example_dags/example_kubernetes_executor.py for tasks to queue
[2025-05-31 11:13:16,954] {logging_mixin.py:109} INFO - [2025-05-31 11:13:16,954] {dagbag.py:500} INFO - Filling up the DagBag from /home/airflow/.local/lib/python3.6/site-packages/airflow/example_dags/example_kubernetes_executor.py
[2025-05-31 11:13:17,105] {processor.py:654} INFO - DAG(s) dict_keys(['example_kubernetes_executor']) retrieved from /home/airflow/.local/lib/python3.6/site-packages/airflow/example_dags/example_kubernetes_executor.py
[2025-05-31 11:13:17,121] {logging_mixin.py:109} INFO - [2025-05-31 11:13:17,121] {dag.py:2396} INFO - Sync 1 DAGs
[2025-05-31 11:13:17,143] {logging_mixin.py:109} INFO - [2025-05-31 11:13:17,143] {dag.py:2935} INFO - Setting next_dagrun for example_kubernetes_executor to None
[2025-05-31 11:13:17,154] {processor.py:171} INFO - Processing /home/airflow/.local/lib/python3.6/site-packages/airflow/example_dags/example_kubernetes_executor.py took 0.209 seconds
[2025-05-31 11:13:47,424] {processor.py:163} INFO - Started process (PID=10136) to work on /home/airflow/.local/lib/python3.6/site-packages/airflow/example_dags/example_kubernetes_executor.py
[2025-05-31 11:13:47,426] {processor.py:642} INFO - Processing file /home/airflow/.local/lib/python3.6/site-packages/airflow/example_dags/example_kubernetes_executor.py for tasks to queue
[2025-05-31 11:13:47,427] {logging_mixin.py:109} INFO - [2025-05-31 11:13:47,427] {dagbag.py:500} INFO - Filling up the DagBag from /home/airflow/.local/lib/python3.6/site-packages/airflow/example_dags/example_kubernetes_executor.py
[2025-05-31 11:13:47,583] {processor.py:654} INFO - DAG(s) dict_keys(['example_kubernetes_executor']) retrieved from /home/airflow/.local/lib/python3.6/site-packages/airflow/example_dags/example_kubernetes_executor.py
[2025-05-31 11:13:47,603] {logging_mixin.py:109} INFO - [2025-05-31 11:13:47,603] {dag.py:2396} INFO - Sync 1 DAGs
[2025-05-31 11:13:47,632] {logging_mixin.py:109} INFO - [2025-05-31 11:13:47,632] {dag.py:2935} INFO - Setting next_dagrun for example_kubernetes_executor to None
[2025-05-31 11:13:47,649] {processor.py:171} INFO - Processing /home/airflow/.local/lib/python3.6/site-packages/airflow/example_dags/example_kubernetes_executor.py took 0.231 seconds
[2025-05-31 11:14:18,014] {processor.py:163} INFO - Started process (PID=10310) to work on /home/airflow/.local/lib/python3.6/site-packages/airflow/example_dags/example_kubernetes_executor.py
[2025-05-31 11:14:18,016] {processor.py:642} INFO - Processing file /home/airflow/.local/lib/python3.6/site-packages/airflow/example_dags/example_kubernetes_executor.py for tasks to queue
[2025-05-31 11:14:18,019] {logging_mixin.py:109} INFO - [2025-05-31 11:14:18,018] {dagbag.py:500} INFO - Filling up the DagBag from /home/airflow/.local/lib/python3.6/site-packages/airflow/example_dags/example_kubernetes_executor.py
[2025-05-31 11:14:18,232] {processor.py:654} INFO - DAG(s) dict_keys(['example_kubernetes_executor']) retrieved from /home/airflow/.local/lib/python3.6/site-packages/airflow/example_dags/example_kubernetes_executor.py
[2025-05-31 11:14:18,261] {logging_mixin.py:109} INFO - [2025-05-31 11:14:18,260] {dag.py:2396} INFO - Sync 1 DAGs
[2025-05-31 11:14:18,322] {logging_mixin.py:109} INFO - [2025-05-31 11:14:18,322] {dag.py:2935} INFO - Setting next_dagrun for example_kubernetes_executor to None
[2025-05-31 11:14:18,347] {processor.py:171} INFO - Processing /home/airflow/.local/lib/python3.6/site-packages/airflow/example_dags/example_kubernetes_executor.py took 0.342 seconds
[2025-05-31 11:14:48,619] {processor.py:163} INFO - Started process (PID=10476) to work on /home/airflow/.local/lib/python3.6/site-packages/airflow/example_dags/example_kubernetes_executor.py
[2025-05-31 11:14:48,624] {processor.py:642} INFO - Processing file /home/airflow/.local/lib/python3.6/site-packages/airflow/example_dags/example_kubernetes_executor.py for tasks to queue
[2025-05-31 11:14:48,626] {logging_mixin.py:109} INFO - [2025-05-31 11:14:48,626] {dagbag.py:500} INFO - Filling up the DagBag from /home/airflow/.local/lib/python3.6/site-packages/airflow/example_dags/example_kubernetes_executor.py
[2025-05-31 11:14:48,839] {processor.py:654} INFO - DAG(s) dict_keys(['example_kubernetes_executor']) retrieved from /home/airflow/.local/lib/python3.6/site-packages/airflow/example_dags/example_kubernetes_executor.py
[2025-05-31 11:14:48,860] {logging_mixin.py:109} INFO - [2025-05-31 11:14:48,860] {dag.py:2396} INFO - Sync 1 DAGs
[2025-05-31 11:14:48,888] {logging_mixin.py:109} INFO - [2025-05-31 11:14:48,888] {dag.py:2935} INFO - Setting next_dagrun for example_kubernetes_executor to None
[2025-05-31 11:14:48,904] {processor.py:171} INFO - Processing /home/airflow/.local/lib/python3.6/site-packages/airflow/example_dags/example_kubernetes_executor.py took 0.295 seconds
[2025-05-31 11:15:19,429] {processor.py:163} INFO - Started process (PID=10650) to work on /home/airflow/.local/lib/python3.6/site-packages/airflow/example_dags/example_kubernetes_executor.py
[2025-05-31 11:15:19,431] {processor.py:642} INFO - Processing file /home/airflow/.local/lib/python3.6/site-packages/airflow/example_dags/example_kubernetes_executor.py for tasks to queue
[2025-05-31 11:15:19,432] {logging_mixin.py:109} INFO - [2025-05-31 11:15:19,432] {dagbag.py:500} INFO - Filling up the DagBag from /home/airflow/.local/lib/python3.6/site-packages/airflow/example_dags/example_kubernetes_executor.py
[2025-05-31 11:15:19,583] {processor.py:654} INFO - DAG(s) dict_keys(['example_kubernetes_executor']) retrieved from /home/airflow/.local/lib/python3.6/site-packages/airflow/example_dags/example_kubernetes_executor.py
[2025-05-31 11:15:19,596] {logging_mixin.py:109} INFO - [2025-05-31 11:15:19,596] {dag.py:2396} INFO - Sync 1 DAGs
[2025-05-31 11:15:19,615] {logging_mixin.py:109} INFO - [2025-05-31 11:15:19,615] {dag.py:2935} INFO - Setting next_dagrun for example_kubernetes_executor to None
[2025-05-31 11:15:19,626] {processor.py:171} INFO - Processing /home/airflow/.local/lib/python3.6/site-packages/airflow/example_dags/example_kubernetes_executor.py took 0.201 seconds
[2025-05-31 11:15:50,345] {processor.py:163} INFO - Started process (PID=10847) to work on /home/airflow/.local/lib/python3.6/site-packages/airflow/example_dags/example_kubernetes_executor.py
[2025-05-31 11:15:50,347] {processor.py:642} INFO - Processing file /home/airflow/.local/lib/python3.6/site-packages/airflow/example_dags/example_kubernetes_executor.py for tasks to queue
[2025-05-31 11:15:50,348] {logging_mixin.py:109} INFO - [2025-05-31 11:15:50,348] {dagbag.py:500} INFO - Filling up the DagBag from /home/airflow/.local/lib/python3.6/site-packages/airflow/example_dags/example_kubernetes_executor.py
[2025-05-31 11:15:50,403] {processor.py:654} INFO - DAG(s) dict_keys(['example_kubernetes_executor']) retrieved from /home/airflow/.local/lib/python3.6/site-packages/airflow/example_dags/example_kubernetes_executor.py
[2025-05-31 11:15:50,420] {logging_mixin.py:109} INFO - [2025-05-31 11:15:50,420] {dag.py:2396} INFO - Sync 1 DAGs
[2025-05-31 11:15:50,454] {logging_mixin.py:109} INFO - [2025-05-31 11:15:50,454] {dag.py:2935} INFO - Setting next_dagrun for example_kubernetes_executor to None
[2025-05-31 11:15:50,472] {processor.py:171} INFO - Processing /home/airflow/.local/lib/python3.6/site-packages/airflow/example_dags/example_kubernetes_executor.py took 0.133 seconds
[2025-05-31 11:16:20,953] {processor.py:163} INFO - Started process (PID=11069) to work on /home/airflow/.local/lib/python3.6/site-packages/airflow/example_dags/example_kubernetes_executor.py
[2025-05-31 11:16:20,954] {processor.py:642} INFO - Processing file /home/airflow/.local/lib/python3.6/site-packages/airflow/example_dags/example_kubernetes_executor.py for tasks to queue
[2025-05-31 11:16:20,955] {logging_mixin.py:109} INFO - [2025-05-31 11:16:20,955] {dagbag.py:500} INFO - Filling up the DagBag from /home/airflow/.local/lib/python3.6/site-packages/airflow/example_dags/example_kubernetes_executor.py
[2025-05-31 11:16:20,989] {processor.py:654} INFO - DAG(s) dict_keys(['example_kubernetes_executor']) retrieved from /home/airflow/.local/lib/python3.6/site-packages/airflow/example_dags/example_kubernetes_executor.py
[2025-05-31 11:16:21,003] {logging_mixin.py:109} INFO - [2025-05-31 11:16:21,003] {dag.py:2396} INFO - Sync 1 DAGs
[2025-05-31 11:16:21,023] {logging_mixin.py:109} INFO - [2025-05-31 11:16:21,023] {dag.py:2935} INFO - Setting next_dagrun for example_kubernetes_executor to None
[2025-05-31 11:16:21,045] {processor.py:171} INFO - Processing /home/airflow/.local/lib/python3.6/site-packages/airflow/example_dags/example_kubernetes_executor.py took 0.097 seconds
[2025-05-31 11:16:51,139] {processor.py:163} INFO - Started process (PID=11251) to work on /home/airflow/.local/lib/python3.6/site-packages/airflow/example_dags/example_kubernetes_executor.py
[2025-05-31 11:16:51,140] {processor.py:642} INFO - Processing file /home/airflow/.local/lib/python3.6/site-packages/airflow/example_dags/example_kubernetes_executor.py for tasks to queue
[2025-05-31 11:16:51,142] {logging_mixin.py:109} INFO - [2025-05-31 11:16:51,141] {dagbag.py:500} INFO - Filling up the DagBag from /home/airflow/.local/lib/python3.6/site-packages/airflow/example_dags/example_kubernetes_executor.py
[2025-05-31 11:16:51,181] {processor.py:654} INFO - DAG(s) dict_keys(['example_kubernetes_executor']) retrieved from /home/airflow/.local/lib/python3.6/site-packages/airflow/example_dags/example_kubernetes_executor.py
[2025-05-31 11:16:51,197] {logging_mixin.py:109} INFO - [2025-05-31 11:16:51,196] {dag.py:2396} INFO - Sync 1 DAGs
[2025-05-31 11:16:51,220] {logging_mixin.py:109} INFO - [2025-05-31 11:16:51,220] {dag.py:2935} INFO - Setting next_dagrun for example_kubernetes_executor to None
[2025-05-31 11:16:51,233] {processor.py:171} INFO - Processing /home/airflow/.local/lib/python3.6/site-packages/airflow/example_dags/example_kubernetes_executor.py took 0.097 seconds
[2025-05-31 11:17:21,356] {processor.py:163} INFO - Started process (PID=11446) to work on /home/airflow/.local/lib/python3.6/site-packages/airflow/example_dags/example_kubernetes_executor.py
[2025-05-31 11:17:21,358] {processor.py:642} INFO - Processing file /home/airflow/.local/lib/python3.6/site-packages/airflow/example_dags/example_kubernetes_executor.py for tasks to queue
[2025-05-31 11:17:21,359] {logging_mixin.py:109} INFO - [2025-05-31 11:17:21,358] {dagbag.py:500} INFO - Filling up the DagBag from /home/airflow/.local/lib/python3.6/site-packages/airflow/example_dags/example_kubernetes_executor.py
[2025-05-31 11:17:21,403] {processor.py:654} INFO - DAG(s) dict_keys(['example_kubernetes_executor']) retrieved from /home/airflow/.local/lib/python3.6/site-packages/airflow/example_dags/example_kubernetes_executor.py
[2025-05-31 11:17:21,420] {logging_mixin.py:109} INFO - [2025-05-31 11:17:21,419] {dag.py:2396} INFO - Sync 1 DAGs
[2025-05-31 11:17:21,443] {logging_mixin.py:109} INFO - [2025-05-31 11:17:21,442] {dag.py:2935} INFO - Setting next_dagrun for example_kubernetes_executor to None
[2025-05-31 11:17:21,457] {processor.py:171} INFO - Processing /home/airflow/.local/lib/python3.6/site-packages/airflow/example_dags/example_kubernetes_executor.py took 0.105 seconds
[2025-05-31 11:17:51,811] {processor.py:163} INFO - Started process (PID=11631) to work on /home/airflow/.local/lib/python3.6/site-packages/airflow/example_dags/example_kubernetes_executor.py
[2025-05-31 11:17:51,813] {processor.py:642} INFO - Processing file /home/airflow/.local/lib/python3.6/site-packages/airflow/example_dags/example_kubernetes_executor.py for tasks to queue
[2025-05-31 11:17:51,814] {logging_mixin.py:109} INFO - [2025-05-31 11:17:51,814] {dagbag.py:500} INFO - Filling up the DagBag from /home/airflow/.local/lib/python3.6/site-packages/airflow/example_dags/example_kubernetes_executor.py
[2025-05-31 11:17:51,849] {processor.py:654} INFO - DAG(s) dict_keys(['example_kubernetes_executor']) retrieved from /home/airflow/.local/lib/python3.6/site-packages/airflow/example_dags/example_kubernetes_executor.py
[2025-05-31 11:17:51,863] {logging_mixin.py:109} INFO - [2025-05-31 11:17:51,863] {dag.py:2396} INFO - Sync 1 DAGs
[2025-05-31 11:17:51,881] {logging_mixin.py:109} INFO - [2025-05-31 11:17:51,881] {dag.py:2935} INFO - Setting next_dagrun for example_kubernetes_executor to None
[2025-05-31 11:17:51,892] {processor.py:171} INFO - Processing /home/airflow/.local/lib/python3.6/site-packages/airflow/example_dags/example_kubernetes_executor.py took 0.084 seconds
[2025-05-31 11:18:22,707] {processor.py:163} INFO - Started process (PID=11816) to work on /home/airflow/.local/lib/python3.6/site-packages/airflow/example_dags/example_kubernetes_executor.py
[2025-05-31 11:18:22,712] {processor.py:642} INFO - Processing file /home/airflow/.local/lib/python3.6/site-packages/airflow/example_dags/example_kubernetes_executor.py for tasks to queue
[2025-05-31 11:18:22,714] {logging_mixin.py:109} INFO - [2025-05-31 11:18:22,714] {dagbag.py:500} INFO - Filling up the DagBag from /home/airflow/.local/lib/python3.6/site-packages/airflow/example_dags/example_kubernetes_executor.py
[2025-05-31 11:18:22,778] {processor.py:654} INFO - DAG(s) dict_keys(['example_kubernetes_executor']) retrieved from /home/airflow/.local/lib/python3.6/site-packages/airflow/example_dags/example_kubernetes_executor.py
[2025-05-31 11:18:22,799] {logging_mixin.py:109} INFO - [2025-05-31 11:18:22,799] {dag.py:2396} INFO - Sync 1 DAGs
[2025-05-31 11:18:22,823] {logging_mixin.py:109} INFO - [2025-05-31 11:18:22,823] {dag.py:2935} INFO - Setting next_dagrun for example_kubernetes_executor to None
[2025-05-31 11:18:22,837] {processor.py:171} INFO - Processing /home/airflow/.local/lib/python3.6/site-packages/airflow/example_dags/example_kubernetes_executor.py took 0.138 seconds
[2025-05-31 11:18:53,124] {processor.py:163} INFO - Started process (PID=12011) to work on /home/airflow/.local/lib/python3.6/site-packages/airflow/example_dags/example_kubernetes_executor.py
[2025-05-31 11:18:53,127] {processor.py:642} INFO - Processing file /home/airflow/.local/lib/python3.6/site-packages/airflow/example_dags/example_kubernetes_executor.py for tasks to queue
[2025-05-31 11:18:53,128] {logging_mixin.py:109} INFO - [2025-05-31 11:18:53,128] {dagbag.py:500} INFO - Filling up the DagBag from /home/airflow/.local/lib/python3.6/site-packages/airflow/example_dags/example_kubernetes_executor.py
[2025-05-31 11:18:53,212] {processor.py:654} INFO - DAG(s) dict_keys(['example_kubernetes_executor']) retrieved from /home/airflow/.local/lib/python3.6/site-packages/airflow/example_dags/example_kubernetes_executor.py
[2025-05-31 11:18:53,243] {logging_mixin.py:109} INFO - [2025-05-31 11:18:53,243] {dag.py:2396} INFO - Sync 1 DAGs
[2025-05-31 11:18:53,285] {logging_mixin.py:109} INFO - [2025-05-31 11:18:53,285] {dag.py:2935} INFO - Setting next_dagrun for example_kubernetes_executor to None
[2025-05-31 11:18:53,311] {processor.py:171} INFO - Processing /home/airflow/.local/lib/python3.6/site-packages/airflow/example_dags/example_kubernetes_executor.py took 0.195 seconds
[2025-05-31 11:19:23,362] {processor.py:163} INFO - Started process (PID=12196) to work on /home/airflow/.local/lib/python3.6/site-packages/airflow/example_dags/example_kubernetes_executor.py
[2025-05-31 11:19:23,364] {processor.py:642} INFO - Processing file /home/airflow/.local/lib/python3.6/site-packages/airflow/example_dags/example_kubernetes_executor.py for tasks to queue
[2025-05-31 11:19:23,365] {logging_mixin.py:109} INFO - [2025-05-31 11:19:23,365] {dagbag.py:500} INFO - Filling up the DagBag from /home/airflow/.local/lib/python3.6/site-packages/airflow/example_dags/example_kubernetes_executor.py
[2025-05-31 11:19:23,411] {processor.py:654} INFO - DAG(s) dict_keys(['example_kubernetes_executor']) retrieved from /home/airflow/.local/lib/python3.6/site-packages/airflow/example_dags/example_kubernetes_executor.py
[2025-05-31 11:19:23,428] {logging_mixin.py:109} INFO - [2025-05-31 11:19:23,427] {dag.py:2396} INFO - Sync 1 DAGs
[2025-05-31 11:19:23,450] {logging_mixin.py:109} INFO - [2025-05-31 11:19:23,450] {dag.py:2935} INFO - Setting next_dagrun for example_kubernetes_executor to None
[2025-05-31 11:19:23,462] {processor.py:171} INFO - Processing /home/airflow/.local/lib/python3.6/site-packages/airflow/example_dags/example_kubernetes_executor.py took 0.104 seconds
[2025-05-31 11:19:54,098] {processor.py:163} INFO - Started process (PID=12381) to work on /home/airflow/.local/lib/python3.6/site-packages/airflow/example_dags/example_kubernetes_executor.py
[2025-05-31 11:19:54,099] {processor.py:642} INFO - Processing file /home/airflow/.local/lib/python3.6/site-packages/airflow/example_dags/example_kubernetes_executor.py for tasks to queue
[2025-05-31 11:19:54,100] {logging_mixin.py:109} INFO - [2025-05-31 11:19:54,100] {dagbag.py:500} INFO - Filling up the DagBag from /home/airflow/.local/lib/python3.6/site-packages/airflow/example_dags/example_kubernetes_executor.py
[2025-05-31 11:19:54,136] {processor.py:654} INFO - DAG(s) dict_keys(['example_kubernetes_executor']) retrieved from /home/airflow/.local/lib/python3.6/site-packages/airflow/example_dags/example_kubernetes_executor.py
[2025-05-31 11:19:54,150] {logging_mixin.py:109} INFO - [2025-05-31 11:19:54,150] {dag.py:2396} INFO - Sync 1 DAGs
[2025-05-31 11:19:54,169] {logging_mixin.py:109} INFO - [2025-05-31 11:19:54,169] {dag.py:2935} INFO - Setting next_dagrun for example_kubernetes_executor to None
[2025-05-31 11:19:54,181] {processor.py:171} INFO - Processing /home/airflow/.local/lib/python3.6/site-packages/airflow/example_dags/example_kubernetes_executor.py took 0.087 seconds
[2025-05-31 11:20:24,537] {processor.py:163} INFO - Started process (PID=12576) to work on /home/airflow/.local/lib/python3.6/site-packages/airflow/example_dags/example_kubernetes_executor.py
[2025-05-31 11:20:24,539] {processor.py:642} INFO - Processing file /home/airflow/.local/lib/python3.6/site-packages/airflow/example_dags/example_kubernetes_executor.py for tasks to queue
[2025-05-31 11:20:24,541] {logging_mixin.py:109} INFO - [2025-05-31 11:20:24,541] {dagbag.py:500} INFO - Filling up the DagBag from /home/airflow/.local/lib/python3.6/site-packages/airflow/example_dags/example_kubernetes_executor.py
[2025-05-31 11:20:24,603] {processor.py:654} INFO - DAG(s) dict_keys(['example_kubernetes_executor']) retrieved from /home/airflow/.local/lib/python3.6/site-packages/airflow/example_dags/example_kubernetes_executor.py
[2025-05-31 11:20:24,629] {logging_mixin.py:109} INFO - [2025-05-31 11:20:24,628] {dag.py:2396} INFO - Sync 1 DAGs
[2025-05-31 11:20:24,664] {logging_mixin.py:109} INFO - [2025-05-31 11:20:24,664] {dag.py:2935} INFO - Setting next_dagrun for example_kubernetes_executor to None
[2025-05-31 11:20:24,681] {processor.py:171} INFO - Processing /home/airflow/.local/lib/python3.6/site-packages/airflow/example_dags/example_kubernetes_executor.py took 0.148 seconds
[2025-05-31 11:20:54,838] {processor.py:163} INFO - Started process (PID=12761) to work on /home/airflow/.local/lib/python3.6/site-packages/airflow/example_dags/example_kubernetes_executor.py
[2025-05-31 11:20:54,840] {processor.py:642} INFO - Processing file /home/airflow/.local/lib/python3.6/site-packages/airflow/example_dags/example_kubernetes_executor.py for tasks to queue
[2025-05-31 11:20:54,841] {logging_mixin.py:109} INFO - [2025-05-31 11:20:54,841] {dagbag.py:500} INFO - Filling up the DagBag from /home/airflow/.local/lib/python3.6/site-packages/airflow/example_dags/example_kubernetes_executor.py
[2025-05-31 11:20:54,882] {processor.py:654} INFO - DAG(s) dict_keys(['example_kubernetes_executor']) retrieved from /home/airflow/.local/lib/python3.6/site-packages/airflow/example_dags/example_kubernetes_executor.py
[2025-05-31 11:20:54,897] {logging_mixin.py:109} INFO - [2025-05-31 11:20:54,897] {dag.py:2396} INFO - Sync 1 DAGs
[2025-05-31 11:20:54,923] {logging_mixin.py:109} INFO - [2025-05-31 11:20:54,922] {dag.py:2935} INFO - Setting next_dagrun for example_kubernetes_executor to None
[2025-05-31 11:20:54,938] {processor.py:171} INFO - Processing /home/airflow/.local/lib/python3.6/site-packages/airflow/example_dags/example_kubernetes_executor.py took 0.103 seconds
[2025-05-31 11:21:25,163] {processor.py:163} INFO - Started process (PID=12946) to work on /home/airflow/.local/lib/python3.6/site-packages/airflow/example_dags/example_kubernetes_executor.py
[2025-05-31 11:21:25,165] {processor.py:642} INFO - Processing file /home/airflow/.local/lib/python3.6/site-packages/airflow/example_dags/example_kubernetes_executor.py for tasks to queue
[2025-05-31 11:21:25,166] {logging_mixin.py:109} INFO - [2025-05-31 11:21:25,166] {dagbag.py:500} INFO - Filling up the DagBag from /home/airflow/.local/lib/python3.6/site-packages/airflow/example_dags/example_kubernetes_executor.py
[2025-05-31 11:21:25,204] {processor.py:654} INFO - DAG(s) dict_keys(['example_kubernetes_executor']) retrieved from /home/airflow/.local/lib/python3.6/site-packages/airflow/example_dags/example_kubernetes_executor.py
[2025-05-31 11:21:25,219] {logging_mixin.py:109} INFO - [2025-05-31 11:21:25,219] {dag.py:2396} INFO - Sync 1 DAGs
[2025-05-31 11:21:25,238] {logging_mixin.py:109} INFO - [2025-05-31 11:21:25,238] {dag.py:2935} INFO - Setting next_dagrun for example_kubernetes_executor to None
[2025-05-31 11:21:25,249] {processor.py:171} INFO - Processing /home/airflow/.local/lib/python3.6/site-packages/airflow/example_dags/example_kubernetes_executor.py took 0.089 seconds
[2025-05-31 11:21:55,566] {processor.py:163} INFO - Started process (PID=13140) to work on /home/airflow/.local/lib/python3.6/site-packages/airflow/example_dags/example_kubernetes_executor.py
[2025-05-31 11:21:55,568] {processor.py:642} INFO - Processing file /home/airflow/.local/lib/python3.6/site-packages/airflow/example_dags/example_kubernetes_executor.py for tasks to queue
[2025-05-31 11:21:55,570] {logging_mixin.py:109} INFO - [2025-05-31 11:21:55,569] {dagbag.py:500} INFO - Filling up the DagBag from /home/airflow/.local/lib/python3.6/site-packages/airflow/example_dags/example_kubernetes_executor.py
[2025-05-31 11:21:55,615] {processor.py:654} INFO - DAG(s) dict_keys(['example_kubernetes_executor']) retrieved from /home/airflow/.local/lib/python3.6/site-packages/airflow/example_dags/example_kubernetes_executor.py
[2025-05-31 11:21:55,637] {logging_mixin.py:109} INFO - [2025-05-31 11:21:55,637] {dag.py:2396} INFO - Sync 1 DAGs
[2025-05-31 11:21:55,664] {logging_mixin.py:109} INFO - [2025-05-31 11:21:55,664] {dag.py:2935} INFO - Setting next_dagrun for example_kubernetes_executor to None
[2025-05-31 11:21:55,679] {processor.py:171} INFO - Processing /home/airflow/.local/lib/python3.6/site-packages/airflow/example_dags/example_kubernetes_executor.py took 0.117 seconds
[2025-05-31 11:22:26,325] {processor.py:163} INFO - Started process (PID=13326) to work on /home/airflow/.local/lib/python3.6/site-packages/airflow/example_dags/example_kubernetes_executor.py
[2025-05-31 11:22:26,329] {processor.py:642} INFO - Processing file /home/airflow/.local/lib/python3.6/site-packages/airflow/example_dags/example_kubernetes_executor.py for tasks to queue
[2025-05-31 11:22:26,331] {logging_mixin.py:109} INFO - [2025-05-31 11:22:26,331] {dagbag.py:500} INFO - Filling up the DagBag from /home/airflow/.local/lib/python3.6/site-packages/airflow/example_dags/example_kubernetes_executor.py
[2025-05-31 11:22:26,387] {processor.py:654} INFO - DAG(s) dict_keys(['example_kubernetes_executor']) retrieved from /home/airflow/.local/lib/python3.6/site-packages/airflow/example_dags/example_kubernetes_executor.py
[2025-05-31 11:22:26,402] {logging_mixin.py:109} INFO - [2025-05-31 11:22:26,402] {dag.py:2396} INFO - Sync 1 DAGs
[2025-05-31 11:22:26,425] {logging_mixin.py:109} INFO - [2025-05-31 11:22:26,424] {dag.py:2935} INFO - Setting next_dagrun for example_kubernetes_executor to None
[2025-05-31 11:22:26,437] {processor.py:171} INFO - Processing /home/airflow/.local/lib/python3.6/site-packages/airflow/example_dags/example_kubernetes_executor.py took 0.126 seconds
[2025-05-31 11:22:56,840] {processor.py:163} INFO - Started process (PID=13511) to work on /home/airflow/.local/lib/python3.6/site-packages/airflow/example_dags/example_kubernetes_executor.py
[2025-05-31 11:22:56,841] {processor.py:642} INFO - Processing file /home/airflow/.local/lib/python3.6/site-packages/airflow/example_dags/example_kubernetes_executor.py for tasks to queue
[2025-05-31 11:22:56,843] {logging_mixin.py:109} INFO - [2025-05-31 11:22:56,842] {dagbag.py:500} INFO - Filling up the DagBag from /home/airflow/.local/lib/python3.6/site-packages/airflow/example_dags/example_kubernetes_executor.py
[2025-05-31 11:22:56,880] {processor.py:654} INFO - DAG(s) dict_keys(['example_kubernetes_executor']) retrieved from /home/airflow/.local/lib/python3.6/site-packages/airflow/example_dags/example_kubernetes_executor.py
[2025-05-31 11:22:56,910] {logging_mixin.py:109} INFO - [2025-05-31 11:22:56,909] {dag.py:2396} INFO - Sync 1 DAGs
[2025-05-31 11:22:56,948] {logging_mixin.py:109} INFO - [2025-05-31 11:22:56,947] {dag.py:2935} INFO - Setting next_dagrun for example_kubernetes_executor to None
[2025-05-31 11:22:56,959] {processor.py:171} INFO - Processing /home/airflow/.local/lib/python3.6/site-packages/airflow/example_dags/example_kubernetes_executor.py took 0.123 seconds
[2025-05-31 11:23:27,482] {processor.py:163} INFO - Started process (PID=13706) to work on /home/airflow/.local/lib/python3.6/site-packages/airflow/example_dags/example_kubernetes_executor.py
[2025-05-31 11:23:27,484] {processor.py:642} INFO - Processing file /home/airflow/.local/lib/python3.6/site-packages/airflow/example_dags/example_kubernetes_executor.py for tasks to queue
[2025-05-31 11:23:27,485] {logging_mixin.py:109} INFO - [2025-05-31 11:23:27,485] {dagbag.py:500} INFO - Filling up the DagBag from /home/airflow/.local/lib/python3.6/site-packages/airflow/example_dags/example_kubernetes_executor.py
[2025-05-31 11:23:27,529] {processor.py:654} INFO - DAG(s) dict_keys(['example_kubernetes_executor']) retrieved from /home/airflow/.local/lib/python3.6/site-packages/airflow/example_dags/example_kubernetes_executor.py
[2025-05-31 11:23:27,545] {logging_mixin.py:109} INFO - [2025-05-31 11:23:27,545] {dag.py:2396} INFO - Sync 1 DAGs
[2025-05-31 11:23:27,567] {logging_mixin.py:109} INFO - [2025-05-31 11:23:27,567] {dag.py:2935} INFO - Setting next_dagrun for example_kubernetes_executor to None
[2025-05-31 11:23:27,588] {processor.py:171} INFO - Processing /home/airflow/.local/lib/python3.6/site-packages/airflow/example_dags/example_kubernetes_executor.py took 0.111 seconds
[2025-05-31 11:23:58,259] {processor.py:163} INFO - Started process (PID=13891) to work on /home/airflow/.local/lib/python3.6/site-packages/airflow/example_dags/example_kubernetes_executor.py
[2025-05-31 11:23:58,261] {processor.py:642} INFO - Processing file /home/airflow/.local/lib/python3.6/site-packages/airflow/example_dags/example_kubernetes_executor.py for tasks to queue
[2025-05-31 11:23:58,263] {logging_mixin.py:109} INFO - [2025-05-31 11:23:58,262] {dagbag.py:500} INFO - Filling up the DagBag from /home/airflow/.local/lib/python3.6/site-packages/airflow/example_dags/example_kubernetes_executor.py
[2025-05-31 11:23:58,312] {processor.py:654} INFO - DAG(s) dict_keys(['example_kubernetes_executor']) retrieved from /home/airflow/.local/lib/python3.6/site-packages/airflow/example_dags/example_kubernetes_executor.py
[2025-05-31 11:23:58,329] {logging_mixin.py:109} INFO - [2025-05-31 11:23:58,329] {dag.py:2396} INFO - Sync 1 DAGs
[2025-05-31 11:23:58,360] {logging_mixin.py:109} INFO - [2025-05-31 11:23:58,360] {dag.py:2935} INFO - Setting next_dagrun for example_kubernetes_executor to None
[2025-05-31 11:23:58,376] {processor.py:171} INFO - Processing /home/airflow/.local/lib/python3.6/site-packages/airflow/example_dags/example_kubernetes_executor.py took 0.121 seconds
[2025-05-31 11:24:28,843] {processor.py:163} INFO - Started process (PID=14076) to work on /home/airflow/.local/lib/python3.6/site-packages/airflow/example_dags/example_kubernetes_executor.py
[2025-05-31 11:24:28,845] {processor.py:642} INFO - Processing file /home/airflow/.local/lib/python3.6/site-packages/airflow/example_dags/example_kubernetes_executor.py for tasks to queue
[2025-05-31 11:24:28,846] {logging_mixin.py:109} INFO - [2025-05-31 11:24:28,846] {dagbag.py:500} INFO - Filling up the DagBag from /home/airflow/.local/lib/python3.6/site-packages/airflow/example_dags/example_kubernetes_executor.py
[2025-05-31 11:24:28,881] {processor.py:654} INFO - DAG(s) dict_keys(['example_kubernetes_executor']) retrieved from /home/airflow/.local/lib/python3.6/site-packages/airflow/example_dags/example_kubernetes_executor.py
[2025-05-31 11:24:28,896] {logging_mixin.py:109} INFO - [2025-05-31 11:24:28,896] {dag.py:2396} INFO - Sync 1 DAGs
[2025-05-31 11:24:28,914] {logging_mixin.py:109} INFO - [2025-05-31 11:24:28,913] {dag.py:2935} INFO - Setting next_dagrun for example_kubernetes_executor to None
[2025-05-31 11:24:28,924] {processor.py:171} INFO - Processing /home/airflow/.local/lib/python3.6/site-packages/airflow/example_dags/example_kubernetes_executor.py took 0.085 seconds
[2025-05-31 11:24:59,210] {processor.py:163} INFO - Started process (PID=14271) to work on /home/airflow/.local/lib/python3.6/site-packages/airflow/example_dags/example_kubernetes_executor.py
[2025-05-31 11:24:59,212] {processor.py:642} INFO - Processing file /home/airflow/.local/lib/python3.6/site-packages/airflow/example_dags/example_kubernetes_executor.py for tasks to queue
[2025-05-31 11:24:59,214] {logging_mixin.py:109} INFO - [2025-05-31 11:24:59,214] {dagbag.py:500} INFO - Filling up the DagBag from /home/airflow/.local/lib/python3.6/site-packages/airflow/example_dags/example_kubernetes_executor.py
[2025-05-31 11:24:59,307] {processor.py:654} INFO - DAG(s) dict_keys(['example_kubernetes_executor']) retrieved from /home/airflow/.local/lib/python3.6/site-packages/airflow/example_dags/example_kubernetes_executor.py
[2025-05-31 11:24:59,342] {logging_mixin.py:109} INFO - [2025-05-31 11:24:59,342] {dag.py:2396} INFO - Sync 1 DAGs
[2025-05-31 11:24:59,394] {logging_mixin.py:109} INFO - [2025-05-31 11:24:59,394] {dag.py:2935} INFO - Setting next_dagrun for example_kubernetes_executor to None
[2025-05-31 11:24:59,416] {processor.py:171} INFO - Processing /home/airflow/.local/lib/python3.6/site-packages/airflow/example_dags/example_kubernetes_executor.py took 0.213 seconds
[2025-05-31 11:25:29,744] {processor.py:163} INFO - Started process (PID=14456) to work on /home/airflow/.local/lib/python3.6/site-packages/airflow/example_dags/example_kubernetes_executor.py
[2025-05-31 11:25:29,746] {processor.py:642} INFO - Processing file /home/airflow/.local/lib/python3.6/site-packages/airflow/example_dags/example_kubernetes_executor.py for tasks to queue
[2025-05-31 11:25:29,747] {logging_mixin.py:109} INFO - [2025-05-31 11:25:29,747] {dagbag.py:500} INFO - Filling up the DagBag from /home/airflow/.local/lib/python3.6/site-packages/airflow/example_dags/example_kubernetes_executor.py
[2025-05-31 11:25:29,795] {processor.py:654} INFO - DAG(s) dict_keys(['example_kubernetes_executor']) retrieved from /home/airflow/.local/lib/python3.6/site-packages/airflow/example_dags/example_kubernetes_executor.py
[2025-05-31 11:25:29,814] {logging_mixin.py:109} INFO - [2025-05-31 11:25:29,814] {dag.py:2396} INFO - Sync 1 DAGs
[2025-05-31 11:25:29,842] {logging_mixin.py:109} INFO - [2025-05-31 11:25:29,842] {dag.py:2935} INFO - Setting next_dagrun for example_kubernetes_executor to None
[2025-05-31 11:25:29,856] {processor.py:171} INFO - Processing /home/airflow/.local/lib/python3.6/site-packages/airflow/example_dags/example_kubernetes_executor.py took 0.116 seconds
[2025-05-31 11:26:00,614] {processor.py:163} INFO - Started process (PID=14641) to work on /home/airflow/.local/lib/python3.6/site-packages/airflow/example_dags/example_kubernetes_executor.py
[2025-05-31 11:26:00,616] {processor.py:642} INFO - Processing file /home/airflow/.local/lib/python3.6/site-packages/airflow/example_dags/example_kubernetes_executor.py for tasks to queue
[2025-05-31 11:26:00,620] {logging_mixin.py:109} INFO - [2025-05-31 11:26:00,619] {dagbag.py:500} INFO - Filling up the DagBag from /home/airflow/.local/lib/python3.6/site-packages/airflow/example_dags/example_kubernetes_executor.py
[2025-05-31 11:26:00,665] {processor.py:654} INFO - DAG(s) dict_keys(['example_kubernetes_executor']) retrieved from /home/airflow/.local/lib/python3.6/site-packages/airflow/example_dags/example_kubernetes_executor.py
[2025-05-31 11:26:00,686] {logging_mixin.py:109} INFO - [2025-05-31 11:26:00,686] {dag.py:2396} INFO - Sync 1 DAGs
[2025-05-31 11:26:00,710] {logging_mixin.py:109} INFO - [2025-05-31 11:26:00,710] {dag.py:2935} INFO - Setting next_dagrun for example_kubernetes_executor to None
[2025-05-31 11:26:00,722] {processor.py:171} INFO - Processing /home/airflow/.local/lib/python3.6/site-packages/airflow/example_dags/example_kubernetes_executor.py took 0.117 seconds
[2025-05-31 11:26:30,956] {processor.py:163} INFO - Started process (PID=14836) to work on /home/airflow/.local/lib/python3.6/site-packages/airflow/example_dags/example_kubernetes_executor.py
[2025-05-31 11:26:30,958] {processor.py:642} INFO - Processing file /home/airflow/.local/lib/python3.6/site-packages/airflow/example_dags/example_kubernetes_executor.py for tasks to queue
[2025-05-31 11:26:30,959] {logging_mixin.py:109} INFO - [2025-05-31 11:26:30,959] {dagbag.py:500} INFO - Filling up the DagBag from /home/airflow/.local/lib/python3.6/site-packages/airflow/example_dags/example_kubernetes_executor.py
[2025-05-31 11:26:31,012] {processor.py:654} INFO - DAG(s) dict_keys(['example_kubernetes_executor']) retrieved from /home/airflow/.local/lib/python3.6/site-packages/airflow/example_dags/example_kubernetes_executor.py
[2025-05-31 11:26:31,036] {logging_mixin.py:109} INFO - [2025-05-31 11:26:31,035] {dag.py:2396} INFO - Sync 1 DAGs
[2025-05-31 11:26:31,074] {logging_mixin.py:109} INFO - [2025-05-31 11:26:31,074] {dag.py:2935} INFO - Setting next_dagrun for example_kubernetes_executor to None
[2025-05-31 11:26:31,096] {processor.py:171} INFO - Processing /home/airflow/.local/lib/python3.6/site-packages/airflow/example_dags/example_kubernetes_executor.py took 0.145 seconds
[2025-05-31 11:27:01,608] {processor.py:163} INFO - Started process (PID=15021) to work on /home/airflow/.local/lib/python3.6/site-packages/airflow/example_dags/example_kubernetes_executor.py
[2025-05-31 11:27:01,610] {processor.py:642} INFO - Processing file /home/airflow/.local/lib/python3.6/site-packages/airflow/example_dags/example_kubernetes_executor.py for tasks to queue
[2025-05-31 11:27:01,611] {logging_mixin.py:109} INFO - [2025-05-31 11:27:01,611] {dagbag.py:500} INFO - Filling up the DagBag from /home/airflow/.local/lib/python3.6/site-packages/airflow/example_dags/example_kubernetes_executor.py
[2025-05-31 11:27:01,645] {processor.py:654} INFO - DAG(s) dict_keys(['example_kubernetes_executor']) retrieved from /home/airflow/.local/lib/python3.6/site-packages/airflow/example_dags/example_kubernetes_executor.py
[2025-05-31 11:27:01,659] {logging_mixin.py:109} INFO - [2025-05-31 11:27:01,659] {dag.py:2396} INFO - Sync 1 DAGs
[2025-05-31 11:27:01,680] {logging_mixin.py:109} INFO - [2025-05-31 11:27:01,680] {dag.py:2935} INFO - Setting next_dagrun for example_kubernetes_executor to None
[2025-05-31 11:27:01,692] {processor.py:171} INFO - Processing /home/airflow/.local/lib/python3.6/site-packages/airflow/example_dags/example_kubernetes_executor.py took 0.087 seconds
[2025-05-31 11:27:31,863] {processor.py:163} INFO - Started process (PID=15206) to work on /home/airflow/.local/lib/python3.6/site-packages/airflow/example_dags/example_kubernetes_executor.py
[2025-05-31 11:27:31,864] {processor.py:642} INFO - Processing file /home/airflow/.local/lib/python3.6/site-packages/airflow/example_dags/example_kubernetes_executor.py for tasks to queue
[2025-05-31 11:27:31,865] {logging_mixin.py:109} INFO - [2025-05-31 11:27:31,865] {dagbag.py:500} INFO - Filling up the DagBag from /home/airflow/.local/lib/python3.6/site-packages/airflow/example_dags/example_kubernetes_executor.py
[2025-05-31 11:27:31,899] {processor.py:654} INFO - DAG(s) dict_keys(['example_kubernetes_executor']) retrieved from /home/airflow/.local/lib/python3.6/site-packages/airflow/example_dags/example_kubernetes_executor.py
[2025-05-31 11:27:31,913] {logging_mixin.py:109} INFO - [2025-05-31 11:27:31,913] {dag.py:2396} INFO - Sync 1 DAGs
[2025-05-31 11:27:31,931] {logging_mixin.py:109} INFO - [2025-05-31 11:27:31,931] {dag.py:2935} INFO - Setting next_dagrun for example_kubernetes_executor to None
[2025-05-31 11:27:31,944] {processor.py:171} INFO - Processing /home/airflow/.local/lib/python3.6/site-packages/airflow/example_dags/example_kubernetes_executor.py took 0.084 seconds
[2025-05-31 11:28:02,140] {processor.py:163} INFO - Started process (PID=15400) to work on /home/airflow/.local/lib/python3.6/site-packages/airflow/example_dags/example_kubernetes_executor.py
[2025-05-31 11:28:02,143] {processor.py:642} INFO - Processing file /home/airflow/.local/lib/python3.6/site-packages/airflow/example_dags/example_kubernetes_executor.py for tasks to queue
[2025-05-31 11:28:02,149] {logging_mixin.py:109} INFO - [2025-05-31 11:28:02,149] {dagbag.py:500} INFO - Filling up the DagBag from /home/airflow/.local/lib/python3.6/site-packages/airflow/example_dags/example_kubernetes_executor.py
[2025-05-31 11:28:02,258] {processor.py:654} INFO - DAG(s) dict_keys(['example_kubernetes_executor']) retrieved from /home/airflow/.local/lib/python3.6/site-packages/airflow/example_dags/example_kubernetes_executor.py
[2025-05-31 11:28:02,337] {logging_mixin.py:109} INFO - [2025-05-31 11:28:02,337] {dag.py:2396} INFO - Sync 1 DAGs
[2025-05-31 11:28:02,420] {logging_mixin.py:109} INFO - [2025-05-31 11:28:02,420] {dag.py:2935} INFO - Setting next_dagrun for example_kubernetes_executor to None
[2025-05-31 11:28:02,459] {processor.py:171} INFO - Processing /home/airflow/.local/lib/python3.6/site-packages/airflow/example_dags/example_kubernetes_executor.py took 0.328 seconds
[2025-05-31 11:28:32,673] {processor.py:163} INFO - Started process (PID=15591) to work on /home/airflow/.local/lib/python3.6/site-packages/airflow/example_dags/example_kubernetes_executor.py
[2025-05-31 11:28:32,675] {processor.py:642} INFO - Processing file /home/airflow/.local/lib/python3.6/site-packages/airflow/example_dags/example_kubernetes_executor.py for tasks to queue
[2025-05-31 11:28:32,677] {logging_mixin.py:109} INFO - [2025-05-31 11:28:32,677] {dagbag.py:500} INFO - Filling up the DagBag from /home/airflow/.local/lib/python3.6/site-packages/airflow/example_dags/example_kubernetes_executor.py
[2025-05-31 11:28:32,734] {processor.py:654} INFO - DAG(s) dict_keys(['example_kubernetes_executor']) retrieved from /home/airflow/.local/lib/python3.6/site-packages/airflow/example_dags/example_kubernetes_executor.py
[2025-05-31 11:28:32,759] {logging_mixin.py:109} INFO - [2025-05-31 11:28:32,759] {dag.py:2396} INFO - Sync 1 DAGs
[2025-05-31 11:28:32,791] {logging_mixin.py:109} INFO - [2025-05-31 11:28:32,791] {dag.py:2935} INFO - Setting next_dagrun for example_kubernetes_executor to None
[2025-05-31 11:28:32,813] {processor.py:171} INFO - Processing /home/airflow/.local/lib/python3.6/site-packages/airflow/example_dags/example_kubernetes_executor.py took 0.145 seconds
[2025-05-31 11:29:02,874] {processor.py:163} INFO - Started process (PID=15776) to work on /home/airflow/.local/lib/python3.6/site-packages/airflow/example_dags/example_kubernetes_executor.py
[2025-05-31 11:29:02,876] {processor.py:642} INFO - Processing file /home/airflow/.local/lib/python3.6/site-packages/airflow/example_dags/example_kubernetes_executor.py for tasks to queue
[2025-05-31 11:29:02,878] {logging_mixin.py:109} INFO - [2025-05-31 11:29:02,878] {dagbag.py:500} INFO - Filling up the DagBag from /home/airflow/.local/lib/python3.6/site-packages/airflow/example_dags/example_kubernetes_executor.py
[2025-05-31 11:29:02,933] {processor.py:654} INFO - DAG(s) dict_keys(['example_kubernetes_executor']) retrieved from /home/airflow/.local/lib/python3.6/site-packages/airflow/example_dags/example_kubernetes_executor.py
[2025-05-31 11:29:02,955] {logging_mixin.py:109} INFO - [2025-05-31 11:29:02,955] {dag.py:2396} INFO - Sync 1 DAGs
[2025-05-31 11:29:02,980] {logging_mixin.py:109} INFO - [2025-05-31 11:29:02,980] {dag.py:2935} INFO - Setting next_dagrun for example_kubernetes_executor to None
[2025-05-31 11:29:02,994] {processor.py:171} INFO - Processing /home/airflow/.local/lib/python3.6/site-packages/airflow/example_dags/example_kubernetes_executor.py took 0.126 seconds
[2025-05-31 11:29:33,228] {processor.py:163} INFO - Started process (PID=15956) to work on /home/airflow/.local/lib/python3.6/site-packages/airflow/example_dags/example_kubernetes_executor.py
[2025-05-31 11:29:33,230] {processor.py:642} INFO - Processing file /home/airflow/.local/lib/python3.6/site-packages/airflow/example_dags/example_kubernetes_executor.py for tasks to queue
[2025-05-31 11:29:33,231] {logging_mixin.py:109} INFO - [2025-05-31 11:29:33,231] {dagbag.py:500} INFO - Filling up the DagBag from /home/airflow/.local/lib/python3.6/site-packages/airflow/example_dags/example_kubernetes_executor.py
[2025-05-31 11:29:33,279] {processor.py:654} INFO - DAG(s) dict_keys(['example_kubernetes_executor']) retrieved from /home/airflow/.local/lib/python3.6/site-packages/airflow/example_dags/example_kubernetes_executor.py
[2025-05-31 11:29:33,295] {logging_mixin.py:109} INFO - [2025-05-31 11:29:33,295] {dag.py:2396} INFO - Sync 1 DAGs
[2025-05-31 11:29:33,317] {logging_mixin.py:109} INFO - [2025-05-31 11:29:33,317] {dag.py:2935} INFO - Setting next_dagrun for example_kubernetes_executor to None
[2025-05-31 11:29:33,334] {processor.py:171} INFO - Processing /home/airflow/.local/lib/python3.6/site-packages/airflow/example_dags/example_kubernetes_executor.py took 0.109 seconds
[2025-05-31 11:30:03,738] {processor.py:163} INFO - Started process (PID=16141) to work on /home/airflow/.local/lib/python3.6/site-packages/airflow/example_dags/example_kubernetes_executor.py
[2025-05-31 11:30:03,740] {processor.py:642} INFO - Processing file /home/airflow/.local/lib/python3.6/site-packages/airflow/example_dags/example_kubernetes_executor.py for tasks to queue
[2025-05-31 11:30:03,740] {logging_mixin.py:109} INFO - [2025-05-31 11:30:03,740] {dagbag.py:500} INFO - Filling up the DagBag from /home/airflow/.local/lib/python3.6/site-packages/airflow/example_dags/example_kubernetes_executor.py
[2025-05-31 11:30:03,775] {processor.py:654} INFO - DAG(s) dict_keys(['example_kubernetes_executor']) retrieved from /home/airflow/.local/lib/python3.6/site-packages/airflow/example_dags/example_kubernetes_executor.py
[2025-05-31 11:30:03,789] {logging_mixin.py:109} INFO - [2025-05-31 11:30:03,788] {dag.py:2396} INFO - Sync 1 DAGs
[2025-05-31 11:30:03,807] {logging_mixin.py:109} INFO - [2025-05-31 11:30:03,806] {dag.py:2935} INFO - Setting next_dagrun for example_kubernetes_executor to None
[2025-05-31 11:30:03,818] {processor.py:171} INFO - Processing /home/airflow/.local/lib/python3.6/site-packages/airflow/example_dags/example_kubernetes_executor.py took 0.083 seconds
[2025-05-31 11:30:34,166] {processor.py:163} INFO - Started process (PID=16336) to work on /home/airflow/.local/lib/python3.6/site-packages/airflow/example_dags/example_kubernetes_executor.py
[2025-05-31 11:30:34,167] {processor.py:642} INFO - Processing file /home/airflow/.local/lib/python3.6/site-packages/airflow/example_dags/example_kubernetes_executor.py for tasks to queue
[2025-05-31 11:30:34,168] {logging_mixin.py:109} INFO - [2025-05-31 11:30:34,168] {dagbag.py:500} INFO - Filling up the DagBag from /home/airflow/.local/lib/python3.6/site-packages/airflow/example_dags/example_kubernetes_executor.py
[2025-05-31 11:30:34,205] {processor.py:654} INFO - DAG(s) dict_keys(['example_kubernetes_executor']) retrieved from /home/airflow/.local/lib/python3.6/site-packages/airflow/example_dags/example_kubernetes_executor.py
[2025-05-31 11:30:34,218] {logging_mixin.py:109} INFO - [2025-05-31 11:30:34,218] {dag.py:2396} INFO - Sync 1 DAGs
[2025-05-31 11:30:34,237] {logging_mixin.py:109} INFO - [2025-05-31 11:30:34,237] {dag.py:2935} INFO - Setting next_dagrun for example_kubernetes_executor to None
[2025-05-31 11:30:34,251] {processor.py:171} INFO - Processing /home/airflow/.local/lib/python3.6/site-packages/airflow/example_dags/example_kubernetes_executor.py took 0.089 seconds
[2025-05-31 11:31:04,527] {processor.py:163} INFO - Started process (PID=16521) to work on /home/airflow/.local/lib/python3.6/site-packages/airflow/example_dags/example_kubernetes_executor.py
[2025-05-31 11:31:04,529] {processor.py:642} INFO - Processing file /home/airflow/.local/lib/python3.6/site-packages/airflow/example_dags/example_kubernetes_executor.py for tasks to queue
[2025-05-31 11:31:04,530] {logging_mixin.py:109} INFO - [2025-05-31 11:31:04,530] {dagbag.py:500} INFO - Filling up the DagBag from /home/airflow/.local/lib/python3.6/site-packages/airflow/example_dags/example_kubernetes_executor.py
[2025-05-31 11:31:04,565] {processor.py:654} INFO - DAG(s) dict_keys(['example_kubernetes_executor']) retrieved from /home/airflow/.local/lib/python3.6/site-packages/airflow/example_dags/example_kubernetes_executor.py
[2025-05-31 11:31:04,579] {logging_mixin.py:109} INFO - [2025-05-31 11:31:04,578] {dag.py:2396} INFO - Sync 1 DAGs
[2025-05-31 11:31:04,597] {logging_mixin.py:109} INFO - [2025-05-31 11:31:04,597] {dag.py:2935} INFO - Setting next_dagrun for example_kubernetes_executor to None
[2025-05-31 11:31:04,608] {processor.py:171} INFO - Processing /home/airflow/.local/lib/python3.6/site-packages/airflow/example_dags/example_kubernetes_executor.py took 0.084 seconds
[2025-05-31 11:31:35,257] {processor.py:163} INFO - Started process (PID=16716) to work on /home/airflow/.local/lib/python3.6/site-packages/airflow/example_dags/example_kubernetes_executor.py
[2025-05-31 11:31:35,259] {processor.py:642} INFO - Processing file /home/airflow/.local/lib/python3.6/site-packages/airflow/example_dags/example_kubernetes_executor.py for tasks to queue
[2025-05-31 11:31:35,260] {logging_mixin.py:109} INFO - [2025-05-31 11:31:35,260] {dagbag.py:500} INFO - Filling up the DagBag from /home/airflow/.local/lib/python3.6/site-packages/airflow/example_dags/example_kubernetes_executor.py
[2025-05-31 11:31:35,309] {processor.py:654} INFO - DAG(s) dict_keys(['example_kubernetes_executor']) retrieved from /home/airflow/.local/lib/python3.6/site-packages/airflow/example_dags/example_kubernetes_executor.py
[2025-05-31 11:31:35,330] {logging_mixin.py:109} INFO - [2025-05-31 11:31:35,330] {dag.py:2396} INFO - Sync 1 DAGs
[2025-05-31 11:31:35,360] {logging_mixin.py:109} INFO - [2025-05-31 11:31:35,360] {dag.py:2935} INFO - Setting next_dagrun for example_kubernetes_executor to None
[2025-05-31 11:31:35,376] {processor.py:171} INFO - Processing /home/airflow/.local/lib/python3.6/site-packages/airflow/example_dags/example_kubernetes_executor.py took 0.124 seconds
[2025-05-31 11:32:05,850] {processor.py:163} INFO - Started process (PID=16901) to work on /home/airflow/.local/lib/python3.6/site-packages/airflow/example_dags/example_kubernetes_executor.py
[2025-05-31 11:32:05,852] {processor.py:642} INFO - Processing file /home/airflow/.local/lib/python3.6/site-packages/airflow/example_dags/example_kubernetes_executor.py for tasks to queue
[2025-05-31 11:32:05,853] {logging_mixin.py:109} INFO - [2025-05-31 11:32:05,853] {dagbag.py:500} INFO - Filling up the DagBag from /home/airflow/.local/lib/python3.6/site-packages/airflow/example_dags/example_kubernetes_executor.py
[2025-05-31 11:32:05,893] {processor.py:654} INFO - DAG(s) dict_keys(['example_kubernetes_executor']) retrieved from /home/airflow/.local/lib/python3.6/site-packages/airflow/example_dags/example_kubernetes_executor.py
[2025-05-31 11:32:05,906] {logging_mixin.py:109} INFO - [2025-05-31 11:32:05,906] {dag.py:2396} INFO - Sync 1 DAGs
[2025-05-31 11:32:05,926] {logging_mixin.py:109} INFO - [2025-05-31 11:32:05,926] {dag.py:2935} INFO - Setting next_dagrun for example_kubernetes_executor to None
[2025-05-31 11:32:05,937] {processor.py:171} INFO - Processing /home/airflow/.local/lib/python3.6/site-packages/airflow/example_dags/example_kubernetes_executor.py took 0.091 seconds
[2025-05-31 11:32:36,204] {processor.py:163} INFO - Started process (PID=17086) to work on /home/airflow/.local/lib/python3.6/site-packages/airflow/example_dags/example_kubernetes_executor.py
[2025-05-31 11:32:36,206] {processor.py:642} INFO - Processing file /home/airflow/.local/lib/python3.6/site-packages/airflow/example_dags/example_kubernetes_executor.py for tasks to queue
[2025-05-31 11:32:36,207] {logging_mixin.py:109} INFO - [2025-05-31 11:32:36,207] {dagbag.py:500} INFO - Filling up the DagBag from /home/airflow/.local/lib/python3.6/site-packages/airflow/example_dags/example_kubernetes_executor.py
[2025-05-31 11:32:36,247] {processor.py:654} INFO - DAG(s) dict_keys(['example_kubernetes_executor']) retrieved from /home/airflow/.local/lib/python3.6/site-packages/airflow/example_dags/example_kubernetes_executor.py
[2025-05-31 11:32:36,264] {logging_mixin.py:109} INFO - [2025-05-31 11:32:36,264] {dag.py:2396} INFO - Sync 1 DAGs
[2025-05-31 11:32:36,285] {logging_mixin.py:109} INFO - [2025-05-31 11:32:36,285] {dag.py:2935} INFO - Setting next_dagrun for example_kubernetes_executor to None
[2025-05-31 11:32:36,297] {processor.py:171} INFO - Processing /home/airflow/.local/lib/python3.6/site-packages/airflow/example_dags/example_kubernetes_executor.py took 0.096 seconds
[2025-05-31 11:33:06,701] {processor.py:163} INFO - Started process (PID=17280) to work on /home/airflow/.local/lib/python3.6/site-packages/airflow/example_dags/example_kubernetes_executor.py
[2025-05-31 11:33:06,703] {processor.py:642} INFO - Processing file /home/airflow/.local/lib/python3.6/site-packages/airflow/example_dags/example_kubernetes_executor.py for tasks to queue
[2025-05-31 11:33:06,705] {logging_mixin.py:109} INFO - [2025-05-31 11:33:06,705] {dagbag.py:500} INFO - Filling up the DagBag from /home/airflow/.local/lib/python3.6/site-packages/airflow/example_dags/example_kubernetes_executor.py
[2025-05-31 11:33:06,756] {processor.py:654} INFO - DAG(s) dict_keys(['example_kubernetes_executor']) retrieved from /home/airflow/.local/lib/python3.6/site-packages/airflow/example_dags/example_kubernetes_executor.py
[2025-05-31 11:33:06,771] {logging_mixin.py:109} INFO - [2025-05-31 11:33:06,771] {dag.py:2396} INFO - Sync 1 DAGs
[2025-05-31 11:33:06,791] {logging_mixin.py:109} INFO - [2025-05-31 11:33:06,791] {dag.py:2935} INFO - Setting next_dagrun for example_kubernetes_executor to None
[2025-05-31 11:33:06,803] {processor.py:171} INFO - Processing /home/airflow/.local/lib/python3.6/site-packages/airflow/example_dags/example_kubernetes_executor.py took 0.108 seconds
[2025-05-31 11:33:37,125] {processor.py:163} INFO - Started process (PID=17465) to work on /home/airflow/.local/lib/python3.6/site-packages/airflow/example_dags/example_kubernetes_executor.py
[2025-05-31 11:33:37,126] {processor.py:642} INFO - Processing file /home/airflow/.local/lib/python3.6/site-packages/airflow/example_dags/example_kubernetes_executor.py for tasks to queue
[2025-05-31 11:33:37,127] {logging_mixin.py:109} INFO - [2025-05-31 11:33:37,127] {dagbag.py:500} INFO - Filling up the DagBag from /home/airflow/.local/lib/python3.6/site-packages/airflow/example_dags/example_kubernetes_executor.py
[2025-05-31 11:33:37,171] {processor.py:654} INFO - DAG(s) dict_keys(['example_kubernetes_executor']) retrieved from /home/airflow/.local/lib/python3.6/site-packages/airflow/example_dags/example_kubernetes_executor.py
[2025-05-31 11:33:37,188] {logging_mixin.py:109} INFO - [2025-05-31 11:33:37,188] {dag.py:2396} INFO - Sync 1 DAGs
[2025-05-31 11:33:37,215] {logging_mixin.py:109} INFO - [2025-05-31 11:33:37,215] {dag.py:2935} INFO - Setting next_dagrun for example_kubernetes_executor to None
[2025-05-31 11:33:37,227] {processor.py:171} INFO - Processing /home/airflow/.local/lib/python3.6/site-packages/airflow/example_dags/example_kubernetes_executor.py took 0.112 seconds
[2025-05-31 11:34:07,545] {processor.py:163} INFO - Started process (PID=17660) to work on /home/airflow/.local/lib/python3.6/site-packages/airflow/example_dags/example_kubernetes_executor.py
[2025-05-31 11:34:07,548] {processor.py:642} INFO - Processing file /home/airflow/.local/lib/python3.6/site-packages/airflow/example_dags/example_kubernetes_executor.py for tasks to queue
[2025-05-31 11:34:07,550] {logging_mixin.py:109} INFO - [2025-05-31 11:34:07,550] {dagbag.py:500} INFO - Filling up the DagBag from /home/airflow/.local/lib/python3.6/site-packages/airflow/example_dags/example_kubernetes_executor.py
[2025-05-31 11:34:07,704] {processor.py:654} INFO - DAG(s) dict_keys(['example_kubernetes_executor']) retrieved from /home/airflow/.local/lib/python3.6/site-packages/airflow/example_dags/example_kubernetes_executor.py
[2025-05-31 11:34:07,736] {logging_mixin.py:109} INFO - [2025-05-31 11:34:07,736] {dag.py:2396} INFO - Sync 1 DAGs
[2025-05-31 11:34:07,794] {logging_mixin.py:109} INFO - [2025-05-31 11:34:07,794] {dag.py:2935} INFO - Setting next_dagrun for example_kubernetes_executor to None
[2025-05-31 11:34:07,816] {processor.py:171} INFO - Processing /home/airflow/.local/lib/python3.6/site-packages/airflow/example_dags/example_kubernetes_executor.py took 0.282 seconds
[2025-05-31 11:34:38,272] {processor.py:163} INFO - Started process (PID=17845) to work on /home/airflow/.local/lib/python3.6/site-packages/airflow/example_dags/example_kubernetes_executor.py
[2025-05-31 11:34:38,275] {processor.py:642} INFO - Processing file /home/airflow/.local/lib/python3.6/site-packages/airflow/example_dags/example_kubernetes_executor.py for tasks to queue
[2025-05-31 11:34:38,276] {logging_mixin.py:109} INFO - [2025-05-31 11:34:38,276] {dagbag.py:500} INFO - Filling up the DagBag from /home/airflow/.local/lib/python3.6/site-packages/airflow/example_dags/example_kubernetes_executor.py
[2025-05-31 11:34:38,361] {processor.py:654} INFO - DAG(s) dict_keys(['example_kubernetes_executor']) retrieved from /home/airflow/.local/lib/python3.6/site-packages/airflow/example_dags/example_kubernetes_executor.py
[2025-05-31 11:34:38,391] {logging_mixin.py:109} INFO - [2025-05-31 11:34:38,391] {dag.py:2396} INFO - Sync 1 DAGs
[2025-05-31 11:34:38,431] {logging_mixin.py:109} INFO - [2025-05-31 11:34:38,430] {dag.py:2935} INFO - Setting next_dagrun for example_kubernetes_executor to None
[2025-05-31 11:34:38,450] {processor.py:171} INFO - Processing /home/airflow/.local/lib/python3.6/site-packages/airflow/example_dags/example_kubernetes_executor.py took 0.185 seconds
[2025-05-31 11:35:08,585] {processor.py:163} INFO - Started process (PID=18030) to work on /home/airflow/.local/lib/python3.6/site-packages/airflow/example_dags/example_kubernetes_executor.py
[2025-05-31 11:35:08,587] {processor.py:642} INFO - Processing file /home/airflow/.local/lib/python3.6/site-packages/airflow/example_dags/example_kubernetes_executor.py for tasks to queue
[2025-05-31 11:35:08,588] {logging_mixin.py:109} INFO - [2025-05-31 11:35:08,588] {dagbag.py:500} INFO - Filling up the DagBag from /home/airflow/.local/lib/python3.6/site-packages/airflow/example_dags/example_kubernetes_executor.py
[2025-05-31 11:35:08,623] {processor.py:654} INFO - DAG(s) dict_keys(['example_kubernetes_executor']) retrieved from /home/airflow/.local/lib/python3.6/site-packages/airflow/example_dags/example_kubernetes_executor.py
[2025-05-31 11:35:08,637] {logging_mixin.py:109} INFO - [2025-05-31 11:35:08,637] {dag.py:2396} INFO - Sync 1 DAGs
[2025-05-31 11:35:08,658] {logging_mixin.py:109} INFO - [2025-05-31 11:35:08,658] {dag.py:2935} INFO - Setting next_dagrun for example_kubernetes_executor to None
[2025-05-31 11:35:08,670] {processor.py:171} INFO - Processing /home/airflow/.local/lib/python3.6/site-packages/airflow/example_dags/example_kubernetes_executor.py took 0.088 seconds
[2025-05-31 11:35:39,111] {processor.py:163} INFO - Started process (PID=18215) to work on /home/airflow/.local/lib/python3.6/site-packages/airflow/example_dags/example_kubernetes_executor.py
[2025-05-31 11:35:39,112] {processor.py:642} INFO - Processing file /home/airflow/.local/lib/python3.6/site-packages/airflow/example_dags/example_kubernetes_executor.py for tasks to queue
[2025-05-31 11:35:39,113] {logging_mixin.py:109} INFO - [2025-05-31 11:35:39,113] {dagbag.py:500} INFO - Filling up the DagBag from /home/airflow/.local/lib/python3.6/site-packages/airflow/example_dags/example_kubernetes_executor.py
[2025-05-31 11:35:39,152] {processor.py:654} INFO - DAG(s) dict_keys(['example_kubernetes_executor']) retrieved from /home/airflow/.local/lib/python3.6/site-packages/airflow/example_dags/example_kubernetes_executor.py
[2025-05-31 11:35:39,167] {logging_mixin.py:109} INFO - [2025-05-31 11:35:39,166] {dag.py:2396} INFO - Sync 1 DAGs
[2025-05-31 11:35:39,185] {logging_mixin.py:109} INFO - [2025-05-31 11:35:39,185] {dag.py:2935} INFO - Setting next_dagrun for example_kubernetes_executor to None
[2025-05-31 11:35:39,198] {processor.py:171} INFO - Processing /home/airflow/.local/lib/python3.6/site-packages/airflow/example_dags/example_kubernetes_executor.py took 0.090 seconds
[2025-05-31 11:36:09,608] {processor.py:163} INFO - Started process (PID=18410) to work on /home/airflow/.local/lib/python3.6/site-packages/airflow/example_dags/example_kubernetes_executor.py
[2025-05-31 11:36:09,609] {processor.py:642} INFO - Processing file /home/airflow/.local/lib/python3.6/site-packages/airflow/example_dags/example_kubernetes_executor.py for tasks to queue
[2025-05-31 11:36:09,610] {logging_mixin.py:109} INFO - [2025-05-31 11:36:09,610] {dagbag.py:500} INFO - Filling up the DagBag from /home/airflow/.local/lib/python3.6/site-packages/airflow/example_dags/example_kubernetes_executor.py
[2025-05-31 11:36:09,645] {processor.py:654} INFO - DAG(s) dict_keys(['example_kubernetes_executor']) retrieved from /home/airflow/.local/lib/python3.6/site-packages/airflow/example_dags/example_kubernetes_executor.py
[2025-05-31 11:36:09,659] {logging_mixin.py:109} INFO - [2025-05-31 11:36:09,659] {dag.py:2396} INFO - Sync 1 DAGs
[2025-05-31 11:36:09,679] {logging_mixin.py:109} INFO - [2025-05-31 11:36:09,679] {dag.py:2935} INFO - Setting next_dagrun for example_kubernetes_executor to None
[2025-05-31 11:36:09,692] {processor.py:171} INFO - Processing /home/airflow/.local/lib/python3.6/site-packages/airflow/example_dags/example_kubernetes_executor.py took 0.087 seconds
[2025-05-31 11:36:39,987] {processor.py:163} INFO - Started process (PID=18595) to work on /home/airflow/.local/lib/python3.6/site-packages/airflow/example_dags/example_kubernetes_executor.py
[2025-05-31 11:36:39,989] {processor.py:642} INFO - Processing file /home/airflow/.local/lib/python3.6/site-packages/airflow/example_dags/example_kubernetes_executor.py for tasks to queue
[2025-05-31 11:36:39,990] {logging_mixin.py:109} INFO - [2025-05-31 11:36:39,990] {dagbag.py:500} INFO - Filling up the DagBag from /home/airflow/.local/lib/python3.6/site-packages/airflow/example_dags/example_kubernetes_executor.py
[2025-05-31 11:36:40,023] {processor.py:654} INFO - DAG(s) dict_keys(['example_kubernetes_executor']) retrieved from /home/airflow/.local/lib/python3.6/site-packages/airflow/example_dags/example_kubernetes_executor.py
[2025-05-31 11:36:40,037] {logging_mixin.py:109} INFO - [2025-05-31 11:36:40,037] {dag.py:2396} INFO - Sync 1 DAGs
[2025-05-31 11:36:40,055] {logging_mixin.py:109} INFO - [2025-05-31 11:36:40,055] {dag.py:2935} INFO - Setting next_dagrun for example_kubernetes_executor to None
[2025-05-31 11:36:40,067] {processor.py:171} INFO - Processing /home/airflow/.local/lib/python3.6/site-packages/airflow/example_dags/example_kubernetes_executor.py took 0.082 seconds
[2025-05-31 11:37:10,569] {processor.py:163} INFO - Started process (PID=18790) to work on /home/airflow/.local/lib/python3.6/site-packages/airflow/example_dags/example_kubernetes_executor.py
[2025-05-31 11:37:10,571] {processor.py:642} INFO - Processing file /home/airflow/.local/lib/python3.6/site-packages/airflow/example_dags/example_kubernetes_executor.py for tasks to queue
[2025-05-31 11:37:10,573] {logging_mixin.py:109} INFO - [2025-05-31 11:37:10,572] {dagbag.py:500} INFO - Filling up the DagBag from /home/airflow/.local/lib/python3.6/site-packages/airflow/example_dags/example_kubernetes_executor.py
[2025-05-31 11:37:10,615] {processor.py:654} INFO - DAG(s) dict_keys(['example_kubernetes_executor']) retrieved from /home/airflow/.local/lib/python3.6/site-packages/airflow/example_dags/example_kubernetes_executor.py
[2025-05-31 11:37:10,631] {logging_mixin.py:109} INFO - [2025-05-31 11:37:10,631] {dag.py:2396} INFO - Sync 1 DAGs
[2025-05-31 11:37:10,655] {logging_mixin.py:109} INFO - [2025-05-31 11:37:10,654] {dag.py:2935} INFO - Setting next_dagrun for example_kubernetes_executor to None
[2025-05-31 11:37:10,668] {processor.py:171} INFO - Processing /home/airflow/.local/lib/python3.6/site-packages/airflow/example_dags/example_kubernetes_executor.py took 0.102 seconds
[2025-05-31 11:37:40,935] {processor.py:163} INFO - Started process (PID=18975) to work on /home/airflow/.local/lib/python3.6/site-packages/airflow/example_dags/example_kubernetes_executor.py
[2025-05-31 11:37:40,936] {processor.py:642} INFO - Processing file /home/airflow/.local/lib/python3.6/site-packages/airflow/example_dags/example_kubernetes_executor.py for tasks to queue
[2025-05-31 11:37:40,937] {logging_mixin.py:109} INFO - [2025-05-31 11:37:40,937] {dagbag.py:500} INFO - Filling up the DagBag from /home/airflow/.local/lib/python3.6/site-packages/airflow/example_dags/example_kubernetes_executor.py
[2025-05-31 11:37:40,976] {processor.py:654} INFO - DAG(s) dict_keys(['example_kubernetes_executor']) retrieved from /home/airflow/.local/lib/python3.6/site-packages/airflow/example_dags/example_kubernetes_executor.py
[2025-05-31 11:37:40,994] {logging_mixin.py:109} INFO - [2025-05-31 11:37:40,994] {dag.py:2396} INFO - Sync 1 DAGs
[2025-05-31 11:37:41,017] {logging_mixin.py:109} INFO - [2025-05-31 11:37:41,017] {dag.py:2935} INFO - Setting next_dagrun for example_kubernetes_executor to None
[2025-05-31 11:37:41,028] {processor.py:171} INFO - Processing /home/airflow/.local/lib/python3.6/site-packages/airflow/example_dags/example_kubernetes_executor.py took 0.097 seconds
[2025-05-31 11:38:11,620] {processor.py:163} INFO - Started process (PID=19160) to work on /home/airflow/.local/lib/python3.6/site-packages/airflow/example_dags/example_kubernetes_executor.py
[2025-05-31 11:38:11,621] {processor.py:642} INFO - Processing file /home/airflow/.local/lib/python3.6/site-packages/airflow/example_dags/example_kubernetes_executor.py for tasks to queue
[2025-05-31 11:38:11,622] {logging_mixin.py:109} INFO - [2025-05-31 11:38:11,622] {dagbag.py:500} INFO - Filling up the DagBag from /home/airflow/.local/lib/python3.6/site-packages/airflow/example_dags/example_kubernetes_executor.py
[2025-05-31 11:38:11,659] {processor.py:654} INFO - DAG(s) dict_keys(['example_kubernetes_executor']) retrieved from /home/airflow/.local/lib/python3.6/site-packages/airflow/example_dags/example_kubernetes_executor.py
[2025-05-31 11:38:11,672] {logging_mixin.py:109} INFO - [2025-05-31 11:38:11,672] {dag.py:2396} INFO - Sync 1 DAGs
[2025-05-31 11:38:11,690] {logging_mixin.py:109} INFO - [2025-05-31 11:38:11,690] {dag.py:2935} INFO - Setting next_dagrun for example_kubernetes_executor to None
[2025-05-31 11:38:11,701] {processor.py:171} INFO - Processing /home/airflow/.local/lib/python3.6/site-packages/airflow/example_dags/example_kubernetes_executor.py took 0.085 seconds
[2025-05-31 11:38:42,559] {processor.py:163} INFO - Started process (PID=19355) to work on /home/airflow/.local/lib/python3.6/site-packages/airflow/example_dags/example_kubernetes_executor.py
[2025-05-31 11:38:42,560] {processor.py:642} INFO - Processing file /home/airflow/.local/lib/python3.6/site-packages/airflow/example_dags/example_kubernetes_executor.py for tasks to queue
[2025-05-31 11:38:42,562] {logging_mixin.py:109} INFO - [2025-05-31 11:38:42,561] {dagbag.py:500} INFO - Filling up the DagBag from /home/airflow/.local/lib/python3.6/site-packages/airflow/example_dags/example_kubernetes_executor.py
[2025-05-31 11:38:42,596] {processor.py:654} INFO - DAG(s) dict_keys(['example_kubernetes_executor']) retrieved from /home/airflow/.local/lib/python3.6/site-packages/airflow/example_dags/example_kubernetes_executor.py
[2025-05-31 11:38:42,610] {logging_mixin.py:109} INFO - [2025-05-31 11:38:42,610] {dag.py:2396} INFO - Sync 1 DAGs
[2025-05-31 11:38:42,630] {logging_mixin.py:109} INFO - [2025-05-31 11:38:42,630] {dag.py:2935} INFO - Setting next_dagrun for example_kubernetes_executor to None
[2025-05-31 11:38:42,649] {processor.py:171} INFO - Processing /home/airflow/.local/lib/python3.6/site-packages/airflow/example_dags/example_kubernetes_executor.py took 0.093 seconds
[2025-05-31 11:39:12,858] {processor.py:163} INFO - Started process (PID=19540) to work on /home/airflow/.local/lib/python3.6/site-packages/airflow/example_dags/example_kubernetes_executor.py
[2025-05-31 11:39:12,859] {processor.py:642} INFO - Processing file /home/airflow/.local/lib/python3.6/site-packages/airflow/example_dags/example_kubernetes_executor.py for tasks to queue
[2025-05-31 11:39:12,860] {logging_mixin.py:109} INFO - [2025-05-31 11:39:12,860] {dagbag.py:500} INFO - Filling up the DagBag from /home/airflow/.local/lib/python3.6/site-packages/airflow/example_dags/example_kubernetes_executor.py
[2025-05-31 11:39:12,896] {processor.py:654} INFO - DAG(s) dict_keys(['example_kubernetes_executor']) retrieved from /home/airflow/.local/lib/python3.6/site-packages/airflow/example_dags/example_kubernetes_executor.py
[2025-05-31 11:39:12,910] {logging_mixin.py:109} INFO - [2025-05-31 11:39:12,910] {dag.py:2396} INFO - Sync 1 DAGs
[2025-05-31 11:39:12,929] {logging_mixin.py:109} INFO - [2025-05-31 11:39:12,929] {dag.py:2935} INFO - Setting next_dagrun for example_kubernetes_executor to None
[2025-05-31 11:39:12,940] {processor.py:171} INFO - Processing /home/airflow/.local/lib/python3.6/site-packages/airflow/example_dags/example_kubernetes_executor.py took 0.086 seconds
[2025-05-31 11:39:43,305] {processor.py:163} INFO - Started process (PID=19735) to work on /home/airflow/.local/lib/python3.6/site-packages/airflow/example_dags/example_kubernetes_executor.py
[2025-05-31 11:39:43,307] {processor.py:642} INFO - Processing file /home/airflow/.local/lib/python3.6/site-packages/airflow/example_dags/example_kubernetes_executor.py for tasks to queue
[2025-05-31 11:39:43,308] {logging_mixin.py:109} INFO - [2025-05-31 11:39:43,308] {dagbag.py:500} INFO - Filling up the DagBag from /home/airflow/.local/lib/python3.6/site-packages/airflow/example_dags/example_kubernetes_executor.py
[2025-05-31 11:39:43,358] {processor.py:654} INFO - DAG(s) dict_keys(['example_kubernetes_executor']) retrieved from /home/airflow/.local/lib/python3.6/site-packages/airflow/example_dags/example_kubernetes_executor.py
[2025-05-31 11:39:43,377] {logging_mixin.py:109} INFO - [2025-05-31 11:39:43,377] {dag.py:2396} INFO - Sync 1 DAGs
[2025-05-31 11:39:43,405] {logging_mixin.py:109} INFO - [2025-05-31 11:39:43,405] {dag.py:2935} INFO - Setting next_dagrun for example_kubernetes_executor to None
[2025-05-31 11:39:43,419] {processor.py:171} INFO - Processing /home/airflow/.local/lib/python3.6/site-packages/airflow/example_dags/example_kubernetes_executor.py took 0.117 seconds
[2025-05-31 11:40:13,535] {processor.py:163} INFO - Started process (PID=19919) to work on /home/airflow/.local/lib/python3.6/site-packages/airflow/example_dags/example_kubernetes_executor.py
[2025-05-31 11:40:13,538] {processor.py:642} INFO - Processing file /home/airflow/.local/lib/python3.6/site-packages/airflow/example_dags/example_kubernetes_executor.py for tasks to queue
[2025-05-31 11:40:13,539] {logging_mixin.py:109} INFO - [2025-05-31 11:40:13,539] {dagbag.py:500} INFO - Filling up the DagBag from /home/airflow/.local/lib/python3.6/site-packages/airflow/example_dags/example_kubernetes_executor.py
[2025-05-31 11:40:13,579] {processor.py:654} INFO - DAG(s) dict_keys(['example_kubernetes_executor']) retrieved from /home/airflow/.local/lib/python3.6/site-packages/airflow/example_dags/example_kubernetes_executor.py
[2025-05-31 11:40:13,602] {logging_mixin.py:109} INFO - [2025-05-31 11:40:13,602] {dag.py:2396} INFO - Sync 1 DAGs
[2025-05-31 11:40:13,627] {logging_mixin.py:109} INFO - [2025-05-31 11:40:13,626] {dag.py:2935} INFO - Setting next_dagrun for example_kubernetes_executor to None
[2025-05-31 11:40:13,639] {processor.py:171} INFO - Processing /home/airflow/.local/lib/python3.6/site-packages/airflow/example_dags/example_kubernetes_executor.py took 0.109 seconds
[2025-05-31 11:40:43,703] {processor.py:163} INFO - Started process (PID=20104) to work on /home/airflow/.local/lib/python3.6/site-packages/airflow/example_dags/example_kubernetes_executor.py
[2025-05-31 11:40:43,704] {processor.py:642} INFO - Processing file /home/airflow/.local/lib/python3.6/site-packages/airflow/example_dags/example_kubernetes_executor.py for tasks to queue
[2025-05-31 11:40:43,705] {logging_mixin.py:109} INFO - [2025-05-31 11:40:43,705] {dagbag.py:500} INFO - Filling up the DagBag from /home/airflow/.local/lib/python3.6/site-packages/airflow/example_dags/example_kubernetes_executor.py
[2025-05-31 11:40:43,739] {processor.py:654} INFO - DAG(s) dict_keys(['example_kubernetes_executor']) retrieved from /home/airflow/.local/lib/python3.6/site-packages/airflow/example_dags/example_kubernetes_executor.py
[2025-05-31 11:40:43,752] {logging_mixin.py:109} INFO - [2025-05-31 11:40:43,752] {dag.py:2396} INFO - Sync 1 DAGs
[2025-05-31 11:40:43,771] {logging_mixin.py:109} INFO - [2025-05-31 11:40:43,771] {dag.py:2935} INFO - Setting next_dagrun for example_kubernetes_executor to None
[2025-05-31 11:40:43,783] {processor.py:171} INFO - Processing /home/airflow/.local/lib/python3.6/site-packages/airflow/example_dags/example_kubernetes_executor.py took 0.083 seconds
[2025-05-31 11:41:13,844] {processor.py:163} INFO - Started process (PID=20299) to work on /home/airflow/.local/lib/python3.6/site-packages/airflow/example_dags/example_kubernetes_executor.py
[2025-05-31 11:41:13,846] {processor.py:642} INFO - Processing file /home/airflow/.local/lib/python3.6/site-packages/airflow/example_dags/example_kubernetes_executor.py for tasks to queue
[2025-05-31 11:41:13,847] {logging_mixin.py:109} INFO - [2025-05-31 11:41:13,846] {dagbag.py:500} INFO - Filling up the DagBag from /home/airflow/.local/lib/python3.6/site-packages/airflow/example_dags/example_kubernetes_executor.py
[2025-05-31 11:41:13,883] {processor.py:654} INFO - DAG(s) dict_keys(['example_kubernetes_executor']) retrieved from /home/airflow/.local/lib/python3.6/site-packages/airflow/example_dags/example_kubernetes_executor.py
[2025-05-31 11:41:13,896] {logging_mixin.py:109} INFO - [2025-05-31 11:41:13,896] {dag.py:2396} INFO - Sync 1 DAGs
[2025-05-31 11:41:13,916] {logging_mixin.py:109} INFO - [2025-05-31 11:41:13,916] {dag.py:2935} INFO - Setting next_dagrun for example_kubernetes_executor to None
[2025-05-31 11:41:13,928] {processor.py:171} INFO - Processing /home/airflow/.local/lib/python3.6/site-packages/airflow/example_dags/example_kubernetes_executor.py took 0.087 seconds
[2025-05-31 11:41:44,007] {processor.py:163} INFO - Started process (PID=20484) to work on /home/airflow/.local/lib/python3.6/site-packages/airflow/example_dags/example_kubernetes_executor.py
[2025-05-31 11:41:44,009] {processor.py:642} INFO - Processing file /home/airflow/.local/lib/python3.6/site-packages/airflow/example_dags/example_kubernetes_executor.py for tasks to queue
[2025-05-31 11:41:44,010] {logging_mixin.py:109} INFO - [2025-05-31 11:41:44,010] {dagbag.py:500} INFO - Filling up the DagBag from /home/airflow/.local/lib/python3.6/site-packages/airflow/example_dags/example_kubernetes_executor.py
[2025-05-31 11:41:44,054] {processor.py:654} INFO - DAG(s) dict_keys(['example_kubernetes_executor']) retrieved from /home/airflow/.local/lib/python3.6/site-packages/airflow/example_dags/example_kubernetes_executor.py
[2025-05-31 11:41:44,075] {logging_mixin.py:109} INFO - [2025-05-31 11:41:44,074] {dag.py:2396} INFO - Sync 1 DAGs
[2025-05-31 11:41:44,109] {logging_mixin.py:109} INFO - [2025-05-31 11:41:44,109] {dag.py:2935} INFO - Setting next_dagrun for example_kubernetes_executor to None
[2025-05-31 11:41:44,122] {processor.py:171} INFO - Processing /home/airflow/.local/lib/python3.6/site-packages/airflow/example_dags/example_kubernetes_executor.py took 0.120 seconds
[2025-05-31 11:42:14,605] {processor.py:163} INFO - Started process (PID=20669) to work on /home/airflow/.local/lib/python3.6/site-packages/airflow/example_dags/example_kubernetes_executor.py
[2025-05-31 11:42:14,607] {processor.py:642} INFO - Processing file /home/airflow/.local/lib/python3.6/site-packages/airflow/example_dags/example_kubernetes_executor.py for tasks to queue
[2025-05-31 11:42:14,608] {logging_mixin.py:109} INFO - [2025-05-31 11:42:14,607] {dagbag.py:500} INFO - Filling up the DagBag from /home/airflow/.local/lib/python3.6/site-packages/airflow/example_dags/example_kubernetes_executor.py
[2025-05-31 11:42:14,641] {processor.py:654} INFO - DAG(s) dict_keys(['example_kubernetes_executor']) retrieved from /home/airflow/.local/lib/python3.6/site-packages/airflow/example_dags/example_kubernetes_executor.py
[2025-05-31 11:42:14,656] {logging_mixin.py:109} INFO - [2025-05-31 11:42:14,656] {dag.py:2396} INFO - Sync 1 DAGs
[2025-05-31 11:42:14,674] {logging_mixin.py:109} INFO - [2025-05-31 11:42:14,673] {dag.py:2935} INFO - Setting next_dagrun for example_kubernetes_executor to None
[2025-05-31 11:42:14,684] {processor.py:171} INFO - Processing /home/airflow/.local/lib/python3.6/site-packages/airflow/example_dags/example_kubernetes_executor.py took 0.083 seconds
[2025-05-31 11:42:44,825] {processor.py:163} INFO - Started process (PID=20864) to work on /home/airflow/.local/lib/python3.6/site-packages/airflow/example_dags/example_kubernetes_executor.py
[2025-05-31 11:42:44,826] {processor.py:642} INFO - Processing file /home/airflow/.local/lib/python3.6/site-packages/airflow/example_dags/example_kubernetes_executor.py for tasks to queue
[2025-05-31 11:42:44,827] {logging_mixin.py:109} INFO - [2025-05-31 11:42:44,827] {dagbag.py:500} INFO - Filling up the DagBag from /home/airflow/.local/lib/python3.6/site-packages/airflow/example_dags/example_kubernetes_executor.py
[2025-05-31 11:42:44,866] {processor.py:654} INFO - DAG(s) dict_keys(['example_kubernetes_executor']) retrieved from /home/airflow/.local/lib/python3.6/site-packages/airflow/example_dags/example_kubernetes_executor.py
[2025-05-31 11:42:44,882] {logging_mixin.py:109} INFO - [2025-05-31 11:42:44,882] {dag.py:2396} INFO - Sync 1 DAGs
[2025-05-31 11:42:44,903] {logging_mixin.py:109} INFO - [2025-05-31 11:42:44,903] {dag.py:2935} INFO - Setting next_dagrun for example_kubernetes_executor to None
[2025-05-31 11:42:44,914] {processor.py:171} INFO - Processing /home/airflow/.local/lib/python3.6/site-packages/airflow/example_dags/example_kubernetes_executor.py took 0.093 seconds
[2025-05-31 11:43:15,137] {processor.py:163} INFO - Started process (PID=21049) to work on /home/airflow/.local/lib/python3.6/site-packages/airflow/example_dags/example_kubernetes_executor.py
[2025-05-31 11:43:15,139] {processor.py:642} INFO - Processing file /home/airflow/.local/lib/python3.6/site-packages/airflow/example_dags/example_kubernetes_executor.py for tasks to queue
[2025-05-31 11:43:15,140] {logging_mixin.py:109} INFO - [2025-05-31 11:43:15,140] {dagbag.py:500} INFO - Filling up the DagBag from /home/airflow/.local/lib/python3.6/site-packages/airflow/example_dags/example_kubernetes_executor.py
[2025-05-31 11:43:15,175] {processor.py:654} INFO - DAG(s) dict_keys(['example_kubernetes_executor']) retrieved from /home/airflow/.local/lib/python3.6/site-packages/airflow/example_dags/example_kubernetes_executor.py
[2025-05-31 11:43:15,188] {logging_mixin.py:109} INFO - [2025-05-31 11:43:15,188] {dag.py:2396} INFO - Sync 1 DAGs
[2025-05-31 11:43:15,207] {logging_mixin.py:109} INFO - [2025-05-31 11:43:15,207] {dag.py:2935} INFO - Setting next_dagrun for example_kubernetes_executor to None
[2025-05-31 11:43:15,219] {processor.py:171} INFO - Processing /home/airflow/.local/lib/python3.6/site-packages/airflow/example_dags/example_kubernetes_executor.py took 0.086 seconds
[2025-05-31 11:43:45,488] {processor.py:163} INFO - Started process (PID=21244) to work on /home/airflow/.local/lib/python3.6/site-packages/airflow/example_dags/example_kubernetes_executor.py
[2025-05-31 11:43:45,491] {processor.py:642} INFO - Processing file /home/airflow/.local/lib/python3.6/site-packages/airflow/example_dags/example_kubernetes_executor.py for tasks to queue
[2025-05-31 11:43:45,492] {logging_mixin.py:109} INFO - [2025-05-31 11:43:45,492] {dagbag.py:500} INFO - Filling up the DagBag from /home/airflow/.local/lib/python3.6/site-packages/airflow/example_dags/example_kubernetes_executor.py
[2025-05-31 11:43:45,558] {processor.py:654} INFO - DAG(s) dict_keys(['example_kubernetes_executor']) retrieved from /home/airflow/.local/lib/python3.6/site-packages/airflow/example_dags/example_kubernetes_executor.py
[2025-05-31 11:43:45,576] {logging_mixin.py:109} INFO - [2025-05-31 11:43:45,575] {dag.py:2396} INFO - Sync 1 DAGs
[2025-05-31 11:43:45,607] {logging_mixin.py:109} INFO - [2025-05-31 11:43:45,607] {dag.py:2935} INFO - Setting next_dagrun for example_kubernetes_executor to None
[2025-05-31 11:43:45,621] {processor.py:171} INFO - Processing /home/airflow/.local/lib/python3.6/site-packages/airflow/example_dags/example_kubernetes_executor.py took 0.138 seconds
[2025-05-31 11:44:16,150] {processor.py:163} INFO - Started process (PID=21430) to work on /home/airflow/.local/lib/python3.6/site-packages/airflow/example_dags/example_kubernetes_executor.py
[2025-05-31 11:44:16,152] {processor.py:642} INFO - Processing file /home/airflow/.local/lib/python3.6/site-packages/airflow/example_dags/example_kubernetes_executor.py for tasks to queue
[2025-05-31 11:44:16,152] {logging_mixin.py:109} INFO - [2025-05-31 11:44:16,152] {dagbag.py:500} INFO - Filling up the DagBag from /home/airflow/.local/lib/python3.6/site-packages/airflow/example_dags/example_kubernetes_executor.py
[2025-05-31 11:44:16,186] {processor.py:654} INFO - DAG(s) dict_keys(['example_kubernetes_executor']) retrieved from /home/airflow/.local/lib/python3.6/site-packages/airflow/example_dags/example_kubernetes_executor.py
[2025-05-31 11:44:16,199] {logging_mixin.py:109} INFO - [2025-05-31 11:44:16,199] {dag.py:2396} INFO - Sync 1 DAGs
[2025-05-31 11:44:16,217] {logging_mixin.py:109} INFO - [2025-05-31 11:44:16,217] {dag.py:2935} INFO - Setting next_dagrun for example_kubernetes_executor to None
[2025-05-31 11:44:16,228] {processor.py:171} INFO - Processing /home/airflow/.local/lib/python3.6/site-packages/airflow/example_dags/example_kubernetes_executor.py took 0.083 seconds
[2025-05-31 11:44:46,874] {processor.py:163} INFO - Started process (PID=21615) to work on /home/airflow/.local/lib/python3.6/site-packages/airflow/example_dags/example_kubernetes_executor.py
[2025-05-31 11:44:46,876] {processor.py:642} INFO - Processing file /home/airflow/.local/lib/python3.6/site-packages/airflow/example_dags/example_kubernetes_executor.py for tasks to queue
[2025-05-31 11:44:46,877] {logging_mixin.py:109} INFO - [2025-05-31 11:44:46,877] {dagbag.py:500} INFO - Filling up the DagBag from /home/airflow/.local/lib/python3.6/site-packages/airflow/example_dags/example_kubernetes_executor.py
[2025-05-31 11:44:46,910] {processor.py:654} INFO - DAG(s) dict_keys(['example_kubernetes_executor']) retrieved from /home/airflow/.local/lib/python3.6/site-packages/airflow/example_dags/example_kubernetes_executor.py
[2025-05-31 11:44:46,923] {logging_mixin.py:109} INFO - [2025-05-31 11:44:46,923] {dag.py:2396} INFO - Sync 1 DAGs
[2025-05-31 11:44:46,941] {logging_mixin.py:109} INFO - [2025-05-31 11:44:46,940] {dag.py:2935} INFO - Setting next_dagrun for example_kubernetes_executor to None
[2025-05-31 11:44:46,951] {processor.py:171} INFO - Processing /home/airflow/.local/lib/python3.6/site-packages/airflow/example_dags/example_kubernetes_executor.py took 0.079 seconds
[2025-05-31 11:45:17,506] {processor.py:163} INFO - Started process (PID=21810) to work on /home/airflow/.local/lib/python3.6/site-packages/airflow/example_dags/example_kubernetes_executor.py
[2025-05-31 11:45:17,507] {processor.py:642} INFO - Processing file /home/airflow/.local/lib/python3.6/site-packages/airflow/example_dags/example_kubernetes_executor.py for tasks to queue
[2025-05-31 11:45:17,508] {logging_mixin.py:109} INFO - [2025-05-31 11:45:17,508] {dagbag.py:500} INFO - Filling up the DagBag from /home/airflow/.local/lib/python3.6/site-packages/airflow/example_dags/example_kubernetes_executor.py
[2025-05-31 11:45:17,542] {processor.py:654} INFO - DAG(s) dict_keys(['example_kubernetes_executor']) retrieved from /home/airflow/.local/lib/python3.6/site-packages/airflow/example_dags/example_kubernetes_executor.py
[2025-05-31 11:45:17,556] {logging_mixin.py:109} INFO - [2025-05-31 11:45:17,556] {dag.py:2396} INFO - Sync 1 DAGs
[2025-05-31 11:45:17,574] {logging_mixin.py:109} INFO - [2025-05-31 11:45:17,574] {dag.py:2935} INFO - Setting next_dagrun for example_kubernetes_executor to None
[2025-05-31 11:45:17,585] {processor.py:171} INFO - Processing /home/airflow/.local/lib/python3.6/site-packages/airflow/example_dags/example_kubernetes_executor.py took 0.082 seconds
[2025-05-31 11:45:47,672] {processor.py:163} INFO - Started process (PID=21995) to work on /home/airflow/.local/lib/python3.6/site-packages/airflow/example_dags/example_kubernetes_executor.py
[2025-05-31 11:45:47,673] {processor.py:642} INFO - Processing file /home/airflow/.local/lib/python3.6/site-packages/airflow/example_dags/example_kubernetes_executor.py for tasks to queue
[2025-05-31 11:45:47,674] {logging_mixin.py:109} INFO - [2025-05-31 11:45:47,674] {dagbag.py:500} INFO - Filling up the DagBag from /home/airflow/.local/lib/python3.6/site-packages/airflow/example_dags/example_kubernetes_executor.py
[2025-05-31 11:45:47,709] {processor.py:654} INFO - DAG(s) dict_keys(['example_kubernetes_executor']) retrieved from /home/airflow/.local/lib/python3.6/site-packages/airflow/example_dags/example_kubernetes_executor.py
[2025-05-31 11:45:47,722] {logging_mixin.py:109} INFO - [2025-05-31 11:45:47,722] {dag.py:2396} INFO - Sync 1 DAGs
[2025-05-31 11:45:47,740] {logging_mixin.py:109} INFO - [2025-05-31 11:45:47,740] {dag.py:2935} INFO - Setting next_dagrun for example_kubernetes_executor to None
[2025-05-31 11:45:47,750] {processor.py:171} INFO - Processing /home/airflow/.local/lib/python3.6/site-packages/airflow/example_dags/example_kubernetes_executor.py took 0.082 seconds
[2025-05-31 11:46:18,414] {processor.py:163} INFO - Started process (PID=22180) to work on /home/airflow/.local/lib/python3.6/site-packages/airflow/example_dags/example_kubernetes_executor.py
[2025-05-31 11:46:18,416] {processor.py:642} INFO - Processing file /home/airflow/.local/lib/python3.6/site-packages/airflow/example_dags/example_kubernetes_executor.py for tasks to queue
[2025-05-31 11:46:18,417] {logging_mixin.py:109} INFO - [2025-05-31 11:46:18,417] {dagbag.py:500} INFO - Filling up the DagBag from /home/airflow/.local/lib/python3.6/site-packages/airflow/example_dags/example_kubernetes_executor.py
[2025-05-31 11:46:18,456] {processor.py:654} INFO - DAG(s) dict_keys(['example_kubernetes_executor']) retrieved from /home/airflow/.local/lib/python3.6/site-packages/airflow/example_dags/example_kubernetes_executor.py
[2025-05-31 11:46:18,471] {logging_mixin.py:109} INFO - [2025-05-31 11:46:18,471] {dag.py:2396} INFO - Sync 1 DAGs
[2025-05-31 11:46:18,489] {logging_mixin.py:109} INFO - [2025-05-31 11:46:18,489] {dag.py:2935} INFO - Setting next_dagrun for example_kubernetes_executor to None
[2025-05-31 11:46:18,500] {processor.py:171} INFO - Processing /home/airflow/.local/lib/python3.6/site-packages/airflow/example_dags/example_kubernetes_executor.py took 0.090 seconds
[2025-05-31 11:46:48,534] {processor.py:163} INFO - Started process (PID=22375) to work on /home/airflow/.local/lib/python3.6/site-packages/airflow/example_dags/example_kubernetes_executor.py
[2025-05-31 11:46:48,536] {processor.py:642} INFO - Processing file /home/airflow/.local/lib/python3.6/site-packages/airflow/example_dags/example_kubernetes_executor.py for tasks to queue
[2025-05-31 11:46:48,537] {logging_mixin.py:109} INFO - [2025-05-31 11:46:48,537] {dagbag.py:500} INFO - Filling up the DagBag from /home/airflow/.local/lib/python3.6/site-packages/airflow/example_dags/example_kubernetes_executor.py
[2025-05-31 11:46:48,576] {processor.py:654} INFO - DAG(s) dict_keys(['example_kubernetes_executor']) retrieved from /home/airflow/.local/lib/python3.6/site-packages/airflow/example_dags/example_kubernetes_executor.py
[2025-05-31 11:46:48,589] {logging_mixin.py:109} INFO - [2025-05-31 11:46:48,589] {dag.py:2396} INFO - Sync 1 DAGs
[2025-05-31 11:46:48,608] {logging_mixin.py:109} INFO - [2025-05-31 11:46:48,608] {dag.py:2935} INFO - Setting next_dagrun for example_kubernetes_executor to None
[2025-05-31 11:46:48,619] {processor.py:171} INFO - Processing /home/airflow/.local/lib/python3.6/site-packages/airflow/example_dags/example_kubernetes_executor.py took 0.087 seconds
[2025-05-31 11:47:18,733] {processor.py:163} INFO - Started process (PID=22560) to work on /home/airflow/.local/lib/python3.6/site-packages/airflow/example_dags/example_kubernetes_executor.py
[2025-05-31 11:47:18,735] {processor.py:642} INFO - Processing file /home/airflow/.local/lib/python3.6/site-packages/airflow/example_dags/example_kubernetes_executor.py for tasks to queue
[2025-05-31 11:47:18,736] {logging_mixin.py:109} INFO - [2025-05-31 11:47:18,735] {dagbag.py:500} INFO - Filling up the DagBag from /home/airflow/.local/lib/python3.6/site-packages/airflow/example_dags/example_kubernetes_executor.py
[2025-05-31 11:47:18,770] {processor.py:654} INFO - DAG(s) dict_keys(['example_kubernetes_executor']) retrieved from /home/airflow/.local/lib/python3.6/site-packages/airflow/example_dags/example_kubernetes_executor.py
[2025-05-31 11:47:18,784] {logging_mixin.py:109} INFO - [2025-05-31 11:47:18,784] {dag.py:2396} INFO - Sync 1 DAGs
[2025-05-31 11:47:18,801] {logging_mixin.py:109} INFO - [2025-05-31 11:47:18,801] {dag.py:2935} INFO - Setting next_dagrun for example_kubernetes_executor to None
[2025-05-31 11:47:18,812] {processor.py:171} INFO - Processing /home/airflow/.local/lib/python3.6/site-packages/airflow/example_dags/example_kubernetes_executor.py took 0.082 seconds
[2025-05-31 11:47:49,210] {processor.py:163} INFO - Started process (PID=22755) to work on /home/airflow/.local/lib/python3.6/site-packages/airflow/example_dags/example_kubernetes_executor.py
[2025-05-31 11:47:49,212] {processor.py:642} INFO - Processing file /home/airflow/.local/lib/python3.6/site-packages/airflow/example_dags/example_kubernetes_executor.py for tasks to queue
[2025-05-31 11:47:49,213] {logging_mixin.py:109} INFO - [2025-05-31 11:47:49,213] {dagbag.py:500} INFO - Filling up the DagBag from /home/airflow/.local/lib/python3.6/site-packages/airflow/example_dags/example_kubernetes_executor.py
[2025-05-31 11:47:49,255] {processor.py:654} INFO - DAG(s) dict_keys(['example_kubernetes_executor']) retrieved from /home/airflow/.local/lib/python3.6/site-packages/airflow/example_dags/example_kubernetes_executor.py
[2025-05-31 11:47:49,271] {logging_mixin.py:109} INFO - [2025-05-31 11:47:49,271] {dag.py:2396} INFO - Sync 1 DAGs
[2025-05-31 11:47:49,295] {logging_mixin.py:109} INFO - [2025-05-31 11:47:49,295] {dag.py:2935} INFO - Setting next_dagrun for example_kubernetes_executor to None
[2025-05-31 11:47:49,308] {processor.py:171} INFO - Processing /home/airflow/.local/lib/python3.6/site-packages/airflow/example_dags/example_kubernetes_executor.py took 0.101 seconds
[2025-05-31 11:48:19,371] {processor.py:163} INFO - Started process (PID=22940) to work on /home/airflow/.local/lib/python3.6/site-packages/airflow/example_dags/example_kubernetes_executor.py
[2025-05-31 11:48:19,373] {processor.py:642} INFO - Processing file /home/airflow/.local/lib/python3.6/site-packages/airflow/example_dags/example_kubernetes_executor.py for tasks to queue
[2025-05-31 11:48:19,374] {logging_mixin.py:109} INFO - [2025-05-31 11:48:19,374] {dagbag.py:500} INFO - Filling up the DagBag from /home/airflow/.local/lib/python3.6/site-packages/airflow/example_dags/example_kubernetes_executor.py
[2025-05-31 11:48:19,422] {processor.py:654} INFO - DAG(s) dict_keys(['example_kubernetes_executor']) retrieved from /home/airflow/.local/lib/python3.6/site-packages/airflow/example_dags/example_kubernetes_executor.py
[2025-05-31 11:48:19,437] {logging_mixin.py:109} INFO - [2025-05-31 11:48:19,437] {dag.py:2396} INFO - Sync 1 DAGs
[2025-05-31 11:48:19,458] {logging_mixin.py:109} INFO - [2025-05-31 11:48:19,457] {dag.py:2935} INFO - Setting next_dagrun for example_kubernetes_executor to None
[2025-05-31 11:48:19,471] {processor.py:171} INFO - Processing /home/airflow/.local/lib/python3.6/site-packages/airflow/example_dags/example_kubernetes_executor.py took 0.103 seconds
[2025-05-31 11:48:50,079] {processor.py:163} INFO - Started process (PID=23125) to work on /home/airflow/.local/lib/python3.6/site-packages/airflow/example_dags/example_kubernetes_executor.py
[2025-05-31 11:48:50,080] {processor.py:642} INFO - Processing file /home/airflow/.local/lib/python3.6/site-packages/airflow/example_dags/example_kubernetes_executor.py for tasks to queue
[2025-05-31 11:48:50,082] {logging_mixin.py:109} INFO - [2025-05-31 11:48:50,081] {dagbag.py:500} INFO - Filling up the DagBag from /home/airflow/.local/lib/python3.6/site-packages/airflow/example_dags/example_kubernetes_executor.py
[2025-05-31 11:48:50,117] {processor.py:654} INFO - DAG(s) dict_keys(['example_kubernetes_executor']) retrieved from /home/airflow/.local/lib/python3.6/site-packages/airflow/example_dags/example_kubernetes_executor.py
[2025-05-31 11:48:50,130] {logging_mixin.py:109} INFO - [2025-05-31 11:48:50,130] {dag.py:2396} INFO - Sync 1 DAGs
[2025-05-31 11:48:50,148] {logging_mixin.py:109} INFO - [2025-05-31 11:48:50,148] {dag.py:2935} INFO - Setting next_dagrun for example_kubernetes_executor to None
[2025-05-31 11:48:50,158] {processor.py:171} INFO - Processing /home/airflow/.local/lib/python3.6/site-packages/airflow/example_dags/example_kubernetes_executor.py took 0.083 seconds
[2025-05-31 11:49:20,304] {processor.py:163} INFO - Started process (PID=23320) to work on /home/airflow/.local/lib/python3.6/site-packages/airflow/example_dags/example_kubernetes_executor.py
[2025-05-31 11:49:20,305] {processor.py:642} INFO - Processing file /home/airflow/.local/lib/python3.6/site-packages/airflow/example_dags/example_kubernetes_executor.py for tasks to queue
[2025-05-31 11:49:20,307] {logging_mixin.py:109} INFO - [2025-05-31 11:49:20,306] {dagbag.py:500} INFO - Filling up the DagBag from /home/airflow/.local/lib/python3.6/site-packages/airflow/example_dags/example_kubernetes_executor.py
[2025-05-31 11:49:20,344] {processor.py:654} INFO - DAG(s) dict_keys(['example_kubernetes_executor']) retrieved from /home/airflow/.local/lib/python3.6/site-packages/airflow/example_dags/example_kubernetes_executor.py
[2025-05-31 11:49:20,359] {logging_mixin.py:109} INFO - [2025-05-31 11:49:20,359] {dag.py:2396} INFO - Sync 1 DAGs
[2025-05-31 11:49:20,379] {logging_mixin.py:109} INFO - [2025-05-31 11:49:20,379] {dag.py:2935} INFO - Setting next_dagrun for example_kubernetes_executor to None
[2025-05-31 11:49:20,392] {processor.py:171} INFO - Processing /home/airflow/.local/lib/python3.6/site-packages/airflow/example_dags/example_kubernetes_executor.py took 0.092 seconds
[2025-05-31 11:49:50,947] {processor.py:163} INFO - Started process (PID=23505) to work on /home/airflow/.local/lib/python3.6/site-packages/airflow/example_dags/example_kubernetes_executor.py
[2025-05-31 11:49:50,949] {processor.py:642} INFO - Processing file /home/airflow/.local/lib/python3.6/site-packages/airflow/example_dags/example_kubernetes_executor.py for tasks to queue
[2025-05-31 11:49:50,950] {logging_mixin.py:109} INFO - [2025-05-31 11:49:50,950] {dagbag.py:500} INFO - Filling up the DagBag from /home/airflow/.local/lib/python3.6/site-packages/airflow/example_dags/example_kubernetes_executor.py
[2025-05-31 11:49:50,987] {processor.py:654} INFO - DAG(s) dict_keys(['example_kubernetes_executor']) retrieved from /home/airflow/.local/lib/python3.6/site-packages/airflow/example_dags/example_kubernetes_executor.py
[2025-05-31 11:49:51,001] {logging_mixin.py:109} INFO - [2025-05-31 11:49:51,001] {dag.py:2396} INFO - Sync 1 DAGs
[2025-05-31 11:49:51,019] {logging_mixin.py:109} INFO - [2025-05-31 11:49:51,019] {dag.py:2935} INFO - Setting next_dagrun for example_kubernetes_executor to None
[2025-05-31 11:49:51,030] {processor.py:171} INFO - Processing /home/airflow/.local/lib/python3.6/site-packages/airflow/example_dags/example_kubernetes_executor.py took 0.086 seconds
[2025-05-31 11:50:21,211] {processor.py:163} INFO - Started process (PID=23704) to work on /home/airflow/.local/lib/python3.6/site-packages/airflow/example_dags/example_kubernetes_executor.py
[2025-05-31 11:50:21,213] {processor.py:642} INFO - Processing file /home/airflow/.local/lib/python3.6/site-packages/airflow/example_dags/example_kubernetes_executor.py for tasks to queue
[2025-05-31 11:50:21,214] {logging_mixin.py:109} INFO - [2025-05-31 11:50:21,214] {dagbag.py:500} INFO - Filling up the DagBag from /home/airflow/.local/lib/python3.6/site-packages/airflow/example_dags/example_kubernetes_executor.py
[2025-05-31 11:50:21,259] {processor.py:654} INFO - DAG(s) dict_keys(['example_kubernetes_executor']) retrieved from /home/airflow/.local/lib/python3.6/site-packages/airflow/example_dags/example_kubernetes_executor.py
[2025-05-31 11:50:21,277] {logging_mixin.py:109} INFO - [2025-05-31 11:50:21,277] {dag.py:2396} INFO - Sync 1 DAGs
[2025-05-31 11:50:21,299] {logging_mixin.py:109} INFO - [2025-05-31 11:50:21,299] {dag.py:2935} INFO - Setting next_dagrun for example_kubernetes_executor to None
[2025-05-31 11:50:21,312] {processor.py:171} INFO - Processing /home/airflow/.local/lib/python3.6/site-packages/airflow/example_dags/example_kubernetes_executor.py took 0.105 seconds
[2025-05-31 11:50:51,819] {processor.py:163} INFO - Started process (PID=23880) to work on /home/airflow/.local/lib/python3.6/site-packages/airflow/example_dags/example_kubernetes_executor.py
[2025-05-31 11:50:51,821] {processor.py:642} INFO - Processing file /home/airflow/.local/lib/python3.6/site-packages/airflow/example_dags/example_kubernetes_executor.py for tasks to queue
[2025-05-31 11:50:51,822] {logging_mixin.py:109} INFO - [2025-05-31 11:50:51,822] {dagbag.py:500} INFO - Filling up the DagBag from /home/airflow/.local/lib/python3.6/site-packages/airflow/example_dags/example_kubernetes_executor.py
[2025-05-31 11:50:51,880] {processor.py:654} INFO - DAG(s) dict_keys(['example_kubernetes_executor']) retrieved from /home/airflow/.local/lib/python3.6/site-packages/airflow/example_dags/example_kubernetes_executor.py
[2025-05-31 11:50:51,901] {logging_mixin.py:109} INFO - [2025-05-31 11:50:51,900] {dag.py:2396} INFO - Sync 1 DAGs
[2025-05-31 11:50:51,929] {logging_mixin.py:109} INFO - [2025-05-31 11:50:51,929] {dag.py:2935} INFO - Setting next_dagrun for example_kubernetes_executor to None
[2025-05-31 11:50:51,946] {processor.py:171} INFO - Processing /home/airflow/.local/lib/python3.6/site-packages/airflow/example_dags/example_kubernetes_executor.py took 0.131 seconds
[2025-05-31 11:51:22,253] {processor.py:163} INFO - Started process (PID=24065) to work on /home/airflow/.local/lib/python3.6/site-packages/airflow/example_dags/example_kubernetes_executor.py
[2025-05-31 11:51:22,255] {processor.py:642} INFO - Processing file /home/airflow/.local/lib/python3.6/site-packages/airflow/example_dags/example_kubernetes_executor.py for tasks to queue
[2025-05-31 11:51:22,256] {logging_mixin.py:109} INFO - [2025-05-31 11:51:22,256] {dagbag.py:500} INFO - Filling up the DagBag from /home/airflow/.local/lib/python3.6/site-packages/airflow/example_dags/example_kubernetes_executor.py
[2025-05-31 11:51:22,293] {processor.py:654} INFO - DAG(s) dict_keys(['example_kubernetes_executor']) retrieved from /home/airflow/.local/lib/python3.6/site-packages/airflow/example_dags/example_kubernetes_executor.py
[2025-05-31 11:51:22,307] {logging_mixin.py:109} INFO - [2025-05-31 11:51:22,307] {dag.py:2396} INFO - Sync 1 DAGs
[2025-05-31 11:51:22,327] {logging_mixin.py:109} INFO - [2025-05-31 11:51:22,327] {dag.py:2935} INFO - Setting next_dagrun for example_kubernetes_executor to None
[2025-05-31 11:51:22,339] {processor.py:171} INFO - Processing /home/airflow/.local/lib/python3.6/site-packages/airflow/example_dags/example_kubernetes_executor.py took 0.089 seconds
[2025-05-31 11:51:53,053] {processor.py:163} INFO - Started process (PID=24259) to work on /home/airflow/.local/lib/python3.6/site-packages/airflow/example_dags/example_kubernetes_executor.py
[2025-05-31 11:51:53,055] {processor.py:642} INFO - Processing file /home/airflow/.local/lib/python3.6/site-packages/airflow/example_dags/example_kubernetes_executor.py for tasks to queue
[2025-05-31 11:51:53,056] {logging_mixin.py:109} INFO - [2025-05-31 11:51:53,056] {dagbag.py:500} INFO - Filling up the DagBag from /home/airflow/.local/lib/python3.6/site-packages/airflow/example_dags/example_kubernetes_executor.py
[2025-05-31 11:51:53,097] {processor.py:654} INFO - DAG(s) dict_keys(['example_kubernetes_executor']) retrieved from /home/airflow/.local/lib/python3.6/site-packages/airflow/example_dags/example_kubernetes_executor.py
[2025-05-31 11:51:53,115] {logging_mixin.py:109} INFO - [2025-05-31 11:51:53,115] {dag.py:2396} INFO - Sync 1 DAGs
[2025-05-31 11:51:53,143] {logging_mixin.py:109} INFO - [2025-05-31 11:51:53,143] {dag.py:2935} INFO - Setting next_dagrun for example_kubernetes_executor to None
[2025-05-31 11:51:53,157] {processor.py:171} INFO - Processing /home/airflow/.local/lib/python3.6/site-packages/airflow/example_dags/example_kubernetes_executor.py took 0.107 seconds
[2025-05-31 11:52:23,737] {processor.py:163} INFO - Started process (PID=24444) to work on /home/airflow/.local/lib/python3.6/site-packages/airflow/example_dags/example_kubernetes_executor.py
[2025-05-31 11:52:23,738] {processor.py:642} INFO - Processing file /home/airflow/.local/lib/python3.6/site-packages/airflow/example_dags/example_kubernetes_executor.py for tasks to queue
[2025-05-31 11:52:23,739] {logging_mixin.py:109} INFO - [2025-05-31 11:52:23,739] {dagbag.py:500} INFO - Filling up the DagBag from /home/airflow/.local/lib/python3.6/site-packages/airflow/example_dags/example_kubernetes_executor.py
[2025-05-31 11:52:23,778] {processor.py:654} INFO - DAG(s) dict_keys(['example_kubernetes_executor']) retrieved from /home/airflow/.local/lib/python3.6/site-packages/airflow/example_dags/example_kubernetes_executor.py
[2025-05-31 11:52:23,797] {logging_mixin.py:109} INFO - [2025-05-31 11:52:23,797] {dag.py:2396} INFO - Sync 1 DAGs
[2025-05-31 11:52:23,819] {logging_mixin.py:109} INFO - [2025-05-31 11:52:23,819] {dag.py:2935} INFO - Setting next_dagrun for example_kubernetes_executor to None
[2025-05-31 11:52:23,832] {processor.py:171} INFO - Processing /home/airflow/.local/lib/python3.6/site-packages/airflow/example_dags/example_kubernetes_executor.py took 0.098 seconds
[2025-05-31 11:52:54,563] {processor.py:163} INFO - Started process (PID=24629) to work on /home/airflow/.local/lib/python3.6/site-packages/airflow/example_dags/example_kubernetes_executor.py
[2025-05-31 11:52:54,565] {processor.py:642} INFO - Processing file /home/airflow/.local/lib/python3.6/site-packages/airflow/example_dags/example_kubernetes_executor.py for tasks to queue
[2025-05-31 11:52:54,566] {logging_mixin.py:109} INFO - [2025-05-31 11:52:54,566] {dagbag.py:500} INFO - Filling up the DagBag from /home/airflow/.local/lib/python3.6/site-packages/airflow/example_dags/example_kubernetes_executor.py
[2025-05-31 11:52:54,602] {processor.py:654} INFO - DAG(s) dict_keys(['example_kubernetes_executor']) retrieved from /home/airflow/.local/lib/python3.6/site-packages/airflow/example_dags/example_kubernetes_executor.py
[2025-05-31 11:52:54,618] {logging_mixin.py:109} INFO - [2025-05-31 11:52:54,618] {dag.py:2396} INFO - Sync 1 DAGs
[2025-05-31 11:52:54,637] {logging_mixin.py:109} INFO - [2025-05-31 11:52:54,637] {dag.py:2935} INFO - Setting next_dagrun for example_kubernetes_executor to None
[2025-05-31 11:52:54,652] {processor.py:171} INFO - Processing /home/airflow/.local/lib/python3.6/site-packages/airflow/example_dags/example_kubernetes_executor.py took 0.093 seconds
[2025-05-31 11:53:24,871] {processor.py:163} INFO - Started process (PID=24822) to work on /home/airflow/.local/lib/python3.6/site-packages/airflow/example_dags/example_kubernetes_executor.py
[2025-05-31 11:53:24,873] {processor.py:642} INFO - Processing file /home/airflow/.local/lib/python3.6/site-packages/airflow/example_dags/example_kubernetes_executor.py for tasks to queue
[2025-05-31 11:53:24,874] {logging_mixin.py:109} INFO - [2025-05-31 11:53:24,874] {dagbag.py:500} INFO - Filling up the DagBag from /home/airflow/.local/lib/python3.6/site-packages/airflow/example_dags/example_kubernetes_executor.py
[2025-05-31 11:53:24,919] {processor.py:654} INFO - DAG(s) dict_keys(['example_kubernetes_executor']) retrieved from /home/airflow/.local/lib/python3.6/site-packages/airflow/example_dags/example_kubernetes_executor.py
[2025-05-31 11:53:24,937] {logging_mixin.py:109} INFO - [2025-05-31 11:53:24,936] {dag.py:2396} INFO - Sync 1 DAGs
[2025-05-31 11:53:24,961] {logging_mixin.py:109} INFO - [2025-05-31 11:53:24,960] {dag.py:2935} INFO - Setting next_dagrun for example_kubernetes_executor to None
[2025-05-31 11:53:24,973] {processor.py:171} INFO - Processing /home/airflow/.local/lib/python3.6/site-packages/airflow/example_dags/example_kubernetes_executor.py took 0.106 seconds
[2025-05-31 11:53:55,078] {processor.py:163} INFO - Started process (PID=25002) to work on /home/airflow/.local/lib/python3.6/site-packages/airflow/example_dags/example_kubernetes_executor.py
[2025-05-31 11:53:55,080] {processor.py:642} INFO - Processing file /home/airflow/.local/lib/python3.6/site-packages/airflow/example_dags/example_kubernetes_executor.py for tasks to queue
[2025-05-31 11:53:55,081] {logging_mixin.py:109} INFO - [2025-05-31 11:53:55,081] {dagbag.py:500} INFO - Filling up the DagBag from /home/airflow/.local/lib/python3.6/site-packages/airflow/example_dags/example_kubernetes_executor.py
[2025-05-31 11:53:55,132] {processor.py:654} INFO - DAG(s) dict_keys(['example_kubernetes_executor']) retrieved from /home/airflow/.local/lib/python3.6/site-packages/airflow/example_dags/example_kubernetes_executor.py
[2025-05-31 11:53:55,150] {logging_mixin.py:109} INFO - [2025-05-31 11:53:55,149] {dag.py:2396} INFO - Sync 1 DAGs
[2025-05-31 11:53:55,171] {logging_mixin.py:109} INFO - [2025-05-31 11:53:55,171] {dag.py:2935} INFO - Setting next_dagrun for example_kubernetes_executor to None
[2025-05-31 11:53:55,184] {processor.py:171} INFO - Processing /home/airflow/.local/lib/python3.6/site-packages/airflow/example_dags/example_kubernetes_executor.py took 0.112 seconds
[2025-05-31 11:54:26,037] {processor.py:163} INFO - Started process (PID=25197) to work on /home/airflow/.local/lib/python3.6/site-packages/airflow/example_dags/example_kubernetes_executor.py
[2025-05-31 11:54:26,039] {processor.py:642} INFO - Processing file /home/airflow/.local/lib/python3.6/site-packages/airflow/example_dags/example_kubernetes_executor.py for tasks to queue
[2025-05-31 11:54:26,041] {logging_mixin.py:109} INFO - [2025-05-31 11:54:26,041] {dagbag.py:500} INFO - Filling up the DagBag from /home/airflow/.local/lib/python3.6/site-packages/airflow/example_dags/example_kubernetes_executor.py
[2025-05-31 11:54:26,095] {processor.py:654} INFO - DAG(s) dict_keys(['example_kubernetes_executor']) retrieved from /home/airflow/.local/lib/python3.6/site-packages/airflow/example_dags/example_kubernetes_executor.py
[2025-05-31 11:54:26,120] {logging_mixin.py:109} INFO - [2025-05-31 11:54:26,119] {dag.py:2396} INFO - Sync 1 DAGs
[2025-05-31 11:54:26,145] {logging_mixin.py:109} INFO - [2025-05-31 11:54:26,144] {dag.py:2935} INFO - Setting next_dagrun for example_kubernetes_executor to None
[2025-05-31 11:54:26,158] {processor.py:171} INFO - Processing /home/airflow/.local/lib/python3.6/site-packages/airflow/example_dags/example_kubernetes_executor.py took 0.127 seconds
[2025-05-31 11:54:56,198] {processor.py:163} INFO - Started process (PID=25367) to work on /home/airflow/.local/lib/python3.6/site-packages/airflow/example_dags/example_kubernetes_executor.py
[2025-05-31 11:54:56,200] {processor.py:642} INFO - Processing file /home/airflow/.local/lib/python3.6/site-packages/airflow/example_dags/example_kubernetes_executor.py for tasks to queue
[2025-05-31 11:54:56,201] {logging_mixin.py:109} INFO - [2025-05-31 11:54:56,201] {dagbag.py:500} INFO - Filling up the DagBag from /home/airflow/.local/lib/python3.6/site-packages/airflow/example_dags/example_kubernetes_executor.py
[2025-05-31 11:54:55,984] {processor.py:654} INFO - DAG(s) dict_keys(['example_kubernetes_executor']) retrieved from /home/airflow/.local/lib/python3.6/site-packages/airflow/example_dags/example_kubernetes_executor.py
[2025-05-31 11:54:56,003] {logging_mixin.py:109} INFO - [2025-05-31 11:54:56,003] {dag.py:2396} INFO - Sync 1 DAGs
[2025-05-31 11:54:56,034] {logging_mixin.py:109} INFO - [2025-05-31 11:54:56,034] {dag.py:2935} INFO - Setting next_dagrun for example_kubernetes_executor to None
[2025-05-31 11:54:56,050] {processor.py:171} INFO - Processing /home/airflow/.local/lib/python3.6/site-packages/airflow/example_dags/example_kubernetes_executor.py took 0.128 seconds
[2025-05-31 11:55:26,190] {processor.py:163} INFO - Started process (PID=25532) to work on /home/airflow/.local/lib/python3.6/site-packages/airflow/example_dags/example_kubernetes_executor.py
[2025-05-31 11:55:26,191] {processor.py:642} INFO - Processing file /home/airflow/.local/lib/python3.6/site-packages/airflow/example_dags/example_kubernetes_executor.py for tasks to queue
[2025-05-31 11:55:26,193] {logging_mixin.py:109} INFO - [2025-05-31 11:55:26,192] {dagbag.py:500} INFO - Filling up the DagBag from /home/airflow/.local/lib/python3.6/site-packages/airflow/example_dags/example_kubernetes_executor.py
[2025-05-31 11:55:26,234] {processor.py:654} INFO - DAG(s) dict_keys(['example_kubernetes_executor']) retrieved from /home/airflow/.local/lib/python3.6/site-packages/airflow/example_dags/example_kubernetes_executor.py
[2025-05-31 11:55:26,252] {logging_mixin.py:109} INFO - [2025-05-31 11:55:26,251] {dag.py:2396} INFO - Sync 1 DAGs
[2025-05-31 11:55:26,273] {logging_mixin.py:109} INFO - [2025-05-31 11:55:26,273] {dag.py:2935} INFO - Setting next_dagrun for example_kubernetes_executor to None
[2025-05-31 11:55:26,287] {processor.py:171} INFO - Processing /home/airflow/.local/lib/python3.6/site-packages/airflow/example_dags/example_kubernetes_executor.py took 0.102 seconds
[2025-05-31 11:55:56,390] {processor.py:163} INFO - Started process (PID=25697) to work on /home/airflow/.local/lib/python3.6/site-packages/airflow/example_dags/example_kubernetes_executor.py
[2025-05-31 11:55:56,395] {processor.py:642} INFO - Processing file /home/airflow/.local/lib/python3.6/site-packages/airflow/example_dags/example_kubernetes_executor.py for tasks to queue
[2025-05-31 11:55:56,398] {logging_mixin.py:109} INFO - [2025-05-31 11:55:56,397] {dagbag.py:500} INFO - Filling up the DagBag from /home/airflow/.local/lib/python3.6/site-packages/airflow/example_dags/example_kubernetes_executor.py
[2025-05-31 11:55:56,503] {processor.py:654} INFO - DAG(s) dict_keys(['example_kubernetes_executor']) retrieved from /home/airflow/.local/lib/python3.6/site-packages/airflow/example_dags/example_kubernetes_executor.py
[2025-05-31 11:55:56,532] {logging_mixin.py:109} INFO - [2025-05-31 11:55:56,532] {dag.py:2396} INFO - Sync 1 DAGs
[2025-05-31 11:55:56,574] {logging_mixin.py:109} INFO - [2025-05-31 11:55:56,574] {dag.py:2935} INFO - Setting next_dagrun for example_kubernetes_executor to None
[2025-05-31 11:55:56,590] {processor.py:171} INFO - Processing /home/airflow/.local/lib/python3.6/site-packages/airflow/example_dags/example_kubernetes_executor.py took 0.206 seconds
[2025-05-31 11:56:27,224] {processor.py:163} INFO - Started process (PID=25879) to work on /home/airflow/.local/lib/python3.6/site-packages/airflow/example_dags/example_kubernetes_executor.py
[2025-05-31 11:56:27,226] {processor.py:642} INFO - Processing file /home/airflow/.local/lib/python3.6/site-packages/airflow/example_dags/example_kubernetes_executor.py for tasks to queue
[2025-05-31 11:56:27,227] {logging_mixin.py:109} INFO - [2025-05-31 11:56:27,227] {dagbag.py:500} INFO - Filling up the DagBag from /home/airflow/.local/lib/python3.6/site-packages/airflow/example_dags/example_kubernetes_executor.py
[2025-05-31 11:56:27,270] {processor.py:654} INFO - DAG(s) dict_keys(['example_kubernetes_executor']) retrieved from /home/airflow/.local/lib/python3.6/site-packages/airflow/example_dags/example_kubernetes_executor.py
[2025-05-31 11:56:27,288] {logging_mixin.py:109} INFO - [2025-05-31 11:56:27,287] {dag.py:2396} INFO - Sync 1 DAGs
[2025-05-31 11:56:27,311] {logging_mixin.py:109} INFO - [2025-05-31 11:56:27,311] {dag.py:2935} INFO - Setting next_dagrun for example_kubernetes_executor to None
[2025-05-31 11:56:27,323] {processor.py:171} INFO - Processing /home/airflow/.local/lib/python3.6/site-packages/airflow/example_dags/example_kubernetes_executor.py took 0.103 seconds
[2025-05-31 11:56:57,482] {processor.py:163} INFO - Started process (PID=26062) to work on /home/airflow/.local/lib/python3.6/site-packages/airflow/example_dags/example_kubernetes_executor.py
[2025-05-31 11:56:57,485] {processor.py:642} INFO - Processing file /home/airflow/.local/lib/python3.6/site-packages/airflow/example_dags/example_kubernetes_executor.py for tasks to queue
[2025-05-31 11:56:57,486] {logging_mixin.py:109} INFO - [2025-05-31 11:56:57,486] {dagbag.py:500} INFO - Filling up the DagBag from /home/airflow/.local/lib/python3.6/site-packages/airflow/example_dags/example_kubernetes_executor.py
[2025-05-31 11:56:57,531] {processor.py:654} INFO - DAG(s) dict_keys(['example_kubernetes_executor']) retrieved from /home/airflow/.local/lib/python3.6/site-packages/airflow/example_dags/example_kubernetes_executor.py
[2025-05-31 11:56:57,550] {logging_mixin.py:109} INFO - [2025-05-31 11:56:57,550] {dag.py:2396} INFO - Sync 1 DAGs
[2025-05-31 11:56:57,573] {logging_mixin.py:109} INFO - [2025-05-31 11:56:57,573] {dag.py:2935} INFO - Setting next_dagrun for example_kubernetes_executor to None
[2025-05-31 11:56:57,585] {processor.py:171} INFO - Processing /home/airflow/.local/lib/python3.6/site-packages/airflow/example_dags/example_kubernetes_executor.py took 0.107 seconds
[2025-05-31 11:57:27,672] {processor.py:163} INFO - Started process (PID=26239) to work on /home/airflow/.local/lib/python3.6/site-packages/airflow/example_dags/example_kubernetes_executor.py
[2025-05-31 11:57:27,674] {processor.py:642} INFO - Processing file /home/airflow/.local/lib/python3.6/site-packages/airflow/example_dags/example_kubernetes_executor.py for tasks to queue
[2025-05-31 11:57:27,675] {logging_mixin.py:109} INFO - [2025-05-31 11:57:27,675] {dagbag.py:500} INFO - Filling up the DagBag from /home/airflow/.local/lib/python3.6/site-packages/airflow/example_dags/example_kubernetes_executor.py
[2025-05-31 11:57:27,722] {processor.py:654} INFO - DAG(s) dict_keys(['example_kubernetes_executor']) retrieved from /home/airflow/.local/lib/python3.6/site-packages/airflow/example_dags/example_kubernetes_executor.py
[2025-05-31 11:57:27,741] {logging_mixin.py:109} INFO - [2025-05-31 11:57:27,741] {dag.py:2396} INFO - Sync 1 DAGs
[2025-05-31 11:57:27,788] {logging_mixin.py:109} INFO - [2025-05-31 11:57:27,788] {dag.py:2935} INFO - Setting next_dagrun for example_kubernetes_executor to None
[2025-05-31 11:57:27,805] {processor.py:171} INFO - Processing /home/airflow/.local/lib/python3.6/site-packages/airflow/example_dags/example_kubernetes_executor.py took 0.139 seconds
[2025-05-31 11:57:58,063] {processor.py:163} INFO - Started process (PID=26402) to work on /home/airflow/.local/lib/python3.6/site-packages/airflow/example_dags/example_kubernetes_executor.py
[2025-05-31 11:57:58,065] {processor.py:642} INFO - Processing file /home/airflow/.local/lib/python3.6/site-packages/airflow/example_dags/example_kubernetes_executor.py for tasks to queue
[2025-05-31 11:57:58,065] {logging_mixin.py:109} INFO - [2025-05-31 11:57:58,065] {dagbag.py:500} INFO - Filling up the DagBag from /home/airflow/.local/lib/python3.6/site-packages/airflow/example_dags/example_kubernetes_executor.py
[2025-05-31 11:57:58,100] {processor.py:654} INFO - DAG(s) dict_keys(['example_kubernetes_executor']) retrieved from /home/airflow/.local/lib/python3.6/site-packages/airflow/example_dags/example_kubernetes_executor.py
[2025-05-31 11:57:58,116] {logging_mixin.py:109} INFO - [2025-05-31 11:57:58,116] {dag.py:2396} INFO - Sync 1 DAGs
[2025-05-31 11:57:58,134] {logging_mixin.py:109} INFO - [2025-05-31 11:57:58,134] {dag.py:2935} INFO - Setting next_dagrun for example_kubernetes_executor to None
[2025-05-31 11:57:58,145] {processor.py:171} INFO - Processing /home/airflow/.local/lib/python3.6/site-packages/airflow/example_dags/example_kubernetes_executor.py took 0.085 seconds
[2025-05-31 11:58:28,717] {processor.py:163} INFO - Started process (PID=26587) to work on /home/airflow/.local/lib/python3.6/site-packages/airflow/example_dags/example_kubernetes_executor.py
[2025-05-31 11:58:28,719] {processor.py:642} INFO - Processing file /home/airflow/.local/lib/python3.6/site-packages/airflow/example_dags/example_kubernetes_executor.py for tasks to queue
[2025-05-31 11:58:28,720] {logging_mixin.py:109} INFO - [2025-05-31 11:58:28,720] {dagbag.py:500} INFO - Filling up the DagBag from /home/airflow/.local/lib/python3.6/site-packages/airflow/example_dags/example_kubernetes_executor.py
[2025-05-31 11:58:28,758] {processor.py:654} INFO - DAG(s) dict_keys(['example_kubernetes_executor']) retrieved from /home/airflow/.local/lib/python3.6/site-packages/airflow/example_dags/example_kubernetes_executor.py
[2025-05-31 11:58:28,774] {logging_mixin.py:109} INFO - [2025-05-31 11:58:28,774] {dag.py:2396} INFO - Sync 1 DAGs
[2025-05-31 11:58:28,808] {logging_mixin.py:109} INFO - [2025-05-31 11:58:28,808] {dag.py:2935} INFO - Setting next_dagrun for example_kubernetes_executor to None
[2025-05-31 11:58:28,821] {processor.py:171} INFO - Processing /home/airflow/.local/lib/python3.6/site-packages/airflow/example_dags/example_kubernetes_executor.py took 0.108 seconds
[2025-05-31 11:58:58,980] {processor.py:163} INFO - Started process (PID=26779) to work on /home/airflow/.local/lib/python3.6/site-packages/airflow/example_dags/example_kubernetes_executor.py
[2025-05-31 11:58:58,981] {processor.py:642} INFO - Processing file /home/airflow/.local/lib/python3.6/site-packages/airflow/example_dags/example_kubernetes_executor.py for tasks to queue
[2025-05-31 11:58:58,982] {logging_mixin.py:109} INFO - [2025-05-31 11:58:58,982] {dagbag.py:500} INFO - Filling up the DagBag from /home/airflow/.local/lib/python3.6/site-packages/airflow/example_dags/example_kubernetes_executor.py
[2025-05-31 11:58:59,016] {processor.py:654} INFO - DAG(s) dict_keys(['example_kubernetes_executor']) retrieved from /home/airflow/.local/lib/python3.6/site-packages/airflow/example_dags/example_kubernetes_executor.py
[2025-05-31 11:58:59,030] {logging_mixin.py:109} INFO - [2025-05-31 11:58:59,030] {dag.py:2396} INFO - Sync 1 DAGs
[2025-05-31 11:58:59,048] {logging_mixin.py:109} INFO - [2025-05-31 11:58:59,048] {dag.py:2935} INFO - Setting next_dagrun for example_kubernetes_executor to None
[2025-05-31 11:58:59,059] {processor.py:171} INFO - Processing /home/airflow/.local/lib/python3.6/site-packages/airflow/example_dags/example_kubernetes_executor.py took 0.082 seconds
[2025-05-31 11:59:29,150] {processor.py:163} INFO - Started process (PID=26962) to work on /home/airflow/.local/lib/python3.6/site-packages/airflow/example_dags/example_kubernetes_executor.py
[2025-05-31 11:59:29,151] {processor.py:642} INFO - Processing file /home/airflow/.local/lib/python3.6/site-packages/airflow/example_dags/example_kubernetes_executor.py for tasks to queue
[2025-05-31 11:59:29,152] {logging_mixin.py:109} INFO - [2025-05-31 11:59:29,152] {dagbag.py:500} INFO - Filling up the DagBag from /home/airflow/.local/lib/python3.6/site-packages/airflow/example_dags/example_kubernetes_executor.py
[2025-05-31 11:59:29,186] {processor.py:654} INFO - DAG(s) dict_keys(['example_kubernetes_executor']) retrieved from /home/airflow/.local/lib/python3.6/site-packages/airflow/example_dags/example_kubernetes_executor.py
[2025-05-31 11:59:29,200] {logging_mixin.py:109} INFO - [2025-05-31 11:59:29,200] {dag.py:2396} INFO - Sync 1 DAGs
[2025-05-31 11:59:29,218] {logging_mixin.py:109} INFO - [2025-05-31 11:59:29,218] {dag.py:2935} INFO - Setting next_dagrun for example_kubernetes_executor to None
[2025-05-31 11:59:29,229] {processor.py:171} INFO - Processing /home/airflow/.local/lib/python3.6/site-packages/airflow/example_dags/example_kubernetes_executor.py took 0.083 seconds
[2025-05-31 11:59:59,677] {processor.py:163} INFO - Started process (PID=27154) to work on /home/airflow/.local/lib/python3.6/site-packages/airflow/example_dags/example_kubernetes_executor.py
[2025-05-31 11:59:59,679] {processor.py:642} INFO - Processing file /home/airflow/.local/lib/python3.6/site-packages/airflow/example_dags/example_kubernetes_executor.py for tasks to queue
[2025-05-31 11:59:59,679] {logging_mixin.py:109} INFO - [2025-05-31 11:59:59,679] {dagbag.py:500} INFO - Filling up the DagBag from /home/airflow/.local/lib/python3.6/site-packages/airflow/example_dags/example_kubernetes_executor.py
[2025-05-31 11:59:59,726] {processor.py:654} INFO - DAG(s) dict_keys(['example_kubernetes_executor']) retrieved from /home/airflow/.local/lib/python3.6/site-packages/airflow/example_dags/example_kubernetes_executor.py
[2025-05-31 11:59:59,749] {logging_mixin.py:109} INFO - [2025-05-31 11:59:59,749] {dag.py:2396} INFO - Sync 1 DAGs
[2025-05-31 11:59:59,775] {logging_mixin.py:109} INFO - [2025-05-31 11:59:59,775] {dag.py:2935} INFO - Setting next_dagrun for example_kubernetes_executor to None
[2025-05-31 11:59:59,787] {processor.py:171} INFO - Processing /home/airflow/.local/lib/python3.6/site-packages/airflow/example_dags/example_kubernetes_executor.py took 0.116 seconds
[2025-05-31 12:00:30,492] {processor.py:163} INFO - Started process (PID=27339) to work on /home/airflow/.local/lib/python3.6/site-packages/airflow/example_dags/example_kubernetes_executor.py
[2025-05-31 12:00:30,494] {processor.py:642} INFO - Processing file /home/airflow/.local/lib/python3.6/site-packages/airflow/example_dags/example_kubernetes_executor.py for tasks to queue
[2025-05-31 12:00:30,495] {logging_mixin.py:109} INFO - [2025-05-31 12:00:30,495] {dagbag.py:500} INFO - Filling up the DagBag from /home/airflow/.local/lib/python3.6/site-packages/airflow/example_dags/example_kubernetes_executor.py
[2025-05-31 12:00:30,535] {processor.py:654} INFO - DAG(s) dict_keys(['example_kubernetes_executor']) retrieved from /home/airflow/.local/lib/python3.6/site-packages/airflow/example_dags/example_kubernetes_executor.py
[2025-05-31 12:00:30,549] {logging_mixin.py:109} INFO - [2025-05-31 12:00:30,548] {dag.py:2396} INFO - Sync 1 DAGs
[2025-05-31 12:00:30,566] {logging_mixin.py:109} INFO - [2025-05-31 12:00:30,566] {dag.py:2935} INFO - Setting next_dagrun for example_kubernetes_executor to None
[2025-05-31 12:00:30,576] {processor.py:171} INFO - Processing /home/airflow/.local/lib/python3.6/site-packages/airflow/example_dags/example_kubernetes_executor.py took 0.087 seconds
[2025-05-31 12:01:00,961] {processor.py:163} INFO - Started process (PID=27524) to work on /home/airflow/.local/lib/python3.6/site-packages/airflow/example_dags/example_kubernetes_executor.py
[2025-05-31 12:01:00,962] {processor.py:642} INFO - Processing file /home/airflow/.local/lib/python3.6/site-packages/airflow/example_dags/example_kubernetes_executor.py for tasks to queue
[2025-05-31 12:01:00,963] {logging_mixin.py:109} INFO - [2025-05-31 12:01:00,963] {dagbag.py:500} INFO - Filling up the DagBag from /home/airflow/.local/lib/python3.6/site-packages/airflow/example_dags/example_kubernetes_executor.py
[2025-05-31 12:01:01,000] {processor.py:654} INFO - DAG(s) dict_keys(['example_kubernetes_executor']) retrieved from /home/airflow/.local/lib/python3.6/site-packages/airflow/example_dags/example_kubernetes_executor.py
[2025-05-31 12:01:01,014] {logging_mixin.py:109} INFO - [2025-05-31 12:01:01,014] {dag.py:2396} INFO - Sync 1 DAGs
[2025-05-31 12:01:01,033] {logging_mixin.py:109} INFO - [2025-05-31 12:01:01,033] {dag.py:2935} INFO - Setting next_dagrun for example_kubernetes_executor to None
[2025-05-31 12:01:01,046] {processor.py:171} INFO - Processing /home/airflow/.local/lib/python3.6/site-packages/airflow/example_dags/example_kubernetes_executor.py took 0.091 seconds
[2025-05-31 12:01:31,561] {processor.py:163} INFO - Started process (PID=27719) to work on /home/airflow/.local/lib/python3.6/site-packages/airflow/example_dags/example_kubernetes_executor.py
[2025-05-31 12:01:31,563] {processor.py:642} INFO - Processing file /home/airflow/.local/lib/python3.6/site-packages/airflow/example_dags/example_kubernetes_executor.py for tasks to queue
[2025-05-31 12:01:31,565] {logging_mixin.py:109} INFO - [2025-05-31 12:01:31,565] {dagbag.py:500} INFO - Filling up the DagBag from /home/airflow/.local/lib/python3.6/site-packages/airflow/example_dags/example_kubernetes_executor.py
[2025-05-31 12:01:31,606] {processor.py:654} INFO - DAG(s) dict_keys(['example_kubernetes_executor']) retrieved from /home/airflow/.local/lib/python3.6/site-packages/airflow/example_dags/example_kubernetes_executor.py
[2025-05-31 12:01:31,626] {logging_mixin.py:109} INFO - [2025-05-31 12:01:31,626] {dag.py:2396} INFO - Sync 1 DAGs
[2025-05-31 12:01:31,655] {logging_mixin.py:109} INFO - [2025-05-31 12:01:31,655] {dag.py:2935} INFO - Setting next_dagrun for example_kubernetes_executor to None
[2025-05-31 12:01:31,666] {processor.py:171} INFO - Processing /home/airflow/.local/lib/python3.6/site-packages/airflow/example_dags/example_kubernetes_executor.py took 0.109 seconds
[2025-05-31 12:02:01,730] {processor.py:163} INFO - Started process (PID=27904) to work on /home/airflow/.local/lib/python3.6/site-packages/airflow/example_dags/example_kubernetes_executor.py
[2025-05-31 12:02:01,732] {processor.py:642} INFO - Processing file /home/airflow/.local/lib/python3.6/site-packages/airflow/example_dags/example_kubernetes_executor.py for tasks to queue
[2025-05-31 12:02:01,733] {logging_mixin.py:109} INFO - [2025-05-31 12:02:01,732] {dagbag.py:500} INFO - Filling up the DagBag from /home/airflow/.local/lib/python3.6/site-packages/airflow/example_dags/example_kubernetes_executor.py
[2025-05-31 12:02:01,769] {processor.py:654} INFO - DAG(s) dict_keys(['example_kubernetes_executor']) retrieved from /home/airflow/.local/lib/python3.6/site-packages/airflow/example_dags/example_kubernetes_executor.py
[2025-05-31 12:02:01,782] {logging_mixin.py:109} INFO - [2025-05-31 12:02:01,782] {dag.py:2396} INFO - Sync 1 DAGs
[2025-05-31 12:02:01,800] {logging_mixin.py:109} INFO - [2025-05-31 12:02:01,800] {dag.py:2935} INFO - Setting next_dagrun for example_kubernetes_executor to None
[2025-05-31 12:02:01,811] {processor.py:171} INFO - Processing /home/airflow/.local/lib/python3.6/site-packages/airflow/example_dags/example_kubernetes_executor.py took 0.084 seconds
[2025-05-31 12:02:32,224] {processor.py:163} INFO - Started process (PID=28089) to work on /home/airflow/.local/lib/python3.6/site-packages/airflow/example_dags/example_kubernetes_executor.py
[2025-05-31 12:02:32,226] {processor.py:642} INFO - Processing file /home/airflow/.local/lib/python3.6/site-packages/airflow/example_dags/example_kubernetes_executor.py for tasks to queue
[2025-05-31 12:02:32,227] {logging_mixin.py:109} INFO - [2025-05-31 12:02:32,226] {dagbag.py:500} INFO - Filling up the DagBag from /home/airflow/.local/lib/python3.6/site-packages/airflow/example_dags/example_kubernetes_executor.py
[2025-05-31 12:02:32,284] {processor.py:654} INFO - DAG(s) dict_keys(['example_kubernetes_executor']) retrieved from /home/airflow/.local/lib/python3.6/site-packages/airflow/example_dags/example_kubernetes_executor.py
[2025-05-31 12:02:32,300] {logging_mixin.py:109} INFO - [2025-05-31 12:02:32,300] {dag.py:2396} INFO - Sync 1 DAGs
[2025-05-31 12:02:32,324] {logging_mixin.py:109} INFO - [2025-05-31 12:02:32,323] {dag.py:2935} INFO - Setting next_dagrun for example_kubernetes_executor to None
[2025-05-31 12:02:32,343] {processor.py:171} INFO - Processing /home/airflow/.local/lib/python3.6/site-packages/airflow/example_dags/example_kubernetes_executor.py took 0.123 seconds
[2025-05-31 12:03:02,604] {processor.py:163} INFO - Started process (PID=28284) to work on /home/airflow/.local/lib/python3.6/site-packages/airflow/example_dags/example_kubernetes_executor.py
[2025-05-31 12:03:02,605] {processor.py:642} INFO - Processing file /home/airflow/.local/lib/python3.6/site-packages/airflow/example_dags/example_kubernetes_executor.py for tasks to queue
[2025-05-31 12:03:02,606] {logging_mixin.py:109} INFO - [2025-05-31 12:03:02,606] {dagbag.py:500} INFO - Filling up the DagBag from /home/airflow/.local/lib/python3.6/site-packages/airflow/example_dags/example_kubernetes_executor.py
[2025-05-31 12:03:02,645] {processor.py:654} INFO - DAG(s) dict_keys(['example_kubernetes_executor']) retrieved from /home/airflow/.local/lib/python3.6/site-packages/airflow/example_dags/example_kubernetes_executor.py
[2025-05-31 12:03:02,659] {logging_mixin.py:109} INFO - [2025-05-31 12:03:02,659] {dag.py:2396} INFO - Sync 1 DAGs
[2025-05-31 12:03:02,681] {logging_mixin.py:109} INFO - [2025-05-31 12:03:02,681] {dag.py:2935} INFO - Setting next_dagrun for example_kubernetes_executor to None
[2025-05-31 12:03:02,694] {processor.py:171} INFO - Processing /home/airflow/.local/lib/python3.6/site-packages/airflow/example_dags/example_kubernetes_executor.py took 0.094 seconds
[2025-05-31 12:03:32,803] {processor.py:163} INFO - Started process (PID=28469) to work on /home/airflow/.local/lib/python3.6/site-packages/airflow/example_dags/example_kubernetes_executor.py
[2025-05-31 12:03:32,805] {processor.py:642} INFO - Processing file /home/airflow/.local/lib/python3.6/site-packages/airflow/example_dags/example_kubernetes_executor.py for tasks to queue
[2025-05-31 12:03:32,806] {logging_mixin.py:109} INFO - [2025-05-31 12:03:32,806] {dagbag.py:500} INFO - Filling up the DagBag from /home/airflow/.local/lib/python3.6/site-packages/airflow/example_dags/example_kubernetes_executor.py
[2025-05-31 12:03:32,841] {processor.py:654} INFO - DAG(s) dict_keys(['example_kubernetes_executor']) retrieved from /home/airflow/.local/lib/python3.6/site-packages/airflow/example_dags/example_kubernetes_executor.py
[2025-05-31 12:03:32,856] {logging_mixin.py:109} INFO - [2025-05-31 12:03:32,856] {dag.py:2396} INFO - Sync 1 DAGs
[2025-05-31 12:03:32,877] {logging_mixin.py:109} INFO - [2025-05-31 12:03:32,877] {dag.py:2935} INFO - Setting next_dagrun for example_kubernetes_executor to None
[2025-05-31 12:03:32,890] {processor.py:171} INFO - Processing /home/airflow/.local/lib/python3.6/site-packages/airflow/example_dags/example_kubernetes_executor.py took 0.089 seconds
[2025-05-31 12:04:03,272] {processor.py:163} INFO - Started process (PID=28664) to work on /home/airflow/.local/lib/python3.6/site-packages/airflow/example_dags/example_kubernetes_executor.py
[2025-05-31 12:04:03,274] {processor.py:642} INFO - Processing file /home/airflow/.local/lib/python3.6/site-packages/airflow/example_dags/example_kubernetes_executor.py for tasks to queue
[2025-05-31 12:04:03,275] {logging_mixin.py:109} INFO - [2025-05-31 12:04:03,275] {dagbag.py:500} INFO - Filling up the DagBag from /home/airflow/.local/lib/python3.6/site-packages/airflow/example_dags/example_kubernetes_executor.py
[2025-05-31 12:04:03,326] {processor.py:654} INFO - DAG(s) dict_keys(['example_kubernetes_executor']) retrieved from /home/airflow/.local/lib/python3.6/site-packages/airflow/example_dags/example_kubernetes_executor.py
[2025-05-31 12:04:03,345] {logging_mixin.py:109} INFO - [2025-05-31 12:04:03,345] {dag.py:2396} INFO - Sync 1 DAGs
[2025-05-31 12:04:03,370] {logging_mixin.py:109} INFO - [2025-05-31 12:04:03,370] {dag.py:2935} INFO - Setting next_dagrun for example_kubernetes_executor to None
[2025-05-31 12:04:03,383] {processor.py:171} INFO - Processing /home/airflow/.local/lib/python3.6/site-packages/airflow/example_dags/example_kubernetes_executor.py took 0.115 seconds
[2025-05-31 12:04:33,766] {processor.py:163} INFO - Started process (PID=28849) to work on /home/airflow/.local/lib/python3.6/site-packages/airflow/example_dags/example_kubernetes_executor.py
[2025-05-31 12:04:33,767] {processor.py:642} INFO - Processing file /home/airflow/.local/lib/python3.6/site-packages/airflow/example_dags/example_kubernetes_executor.py for tasks to queue
[2025-05-31 12:04:33,768] {logging_mixin.py:109} INFO - [2025-05-31 12:04:33,768] {dagbag.py:500} INFO - Filling up the DagBag from /home/airflow/.local/lib/python3.6/site-packages/airflow/example_dags/example_kubernetes_executor.py
[2025-05-31 12:04:33,803] {processor.py:654} INFO - DAG(s) dict_keys(['example_kubernetes_executor']) retrieved from /home/airflow/.local/lib/python3.6/site-packages/airflow/example_dags/example_kubernetes_executor.py
[2025-05-31 12:04:33,816] {logging_mixin.py:109} INFO - [2025-05-31 12:04:33,816] {dag.py:2396} INFO - Sync 1 DAGs
[2025-05-31 12:04:33,834] {logging_mixin.py:109} INFO - [2025-05-31 12:04:33,834] {dag.py:2935} INFO - Setting next_dagrun for example_kubernetes_executor to None
[2025-05-31 12:04:33,846] {processor.py:171} INFO - Processing /home/airflow/.local/lib/python3.6/site-packages/airflow/example_dags/example_kubernetes_executor.py took 0.084 seconds
[2025-05-31 12:05:04,350] {processor.py:163} INFO - Started process (PID=29034) to work on /home/airflow/.local/lib/python3.6/site-packages/airflow/example_dags/example_kubernetes_executor.py
[2025-05-31 12:05:04,351] {processor.py:642} INFO - Processing file /home/airflow/.local/lib/python3.6/site-packages/airflow/example_dags/example_kubernetes_executor.py for tasks to queue
[2025-05-31 12:05:04,352] {logging_mixin.py:109} INFO - [2025-05-31 12:05:04,352] {dagbag.py:500} INFO - Filling up the DagBag from /home/airflow/.local/lib/python3.6/site-packages/airflow/example_dags/example_kubernetes_executor.py
[2025-05-31 12:05:04,390] {processor.py:654} INFO - DAG(s) dict_keys(['example_kubernetes_executor']) retrieved from /home/airflow/.local/lib/python3.6/site-packages/airflow/example_dags/example_kubernetes_executor.py
[2025-05-31 12:05:04,407] {logging_mixin.py:109} INFO - [2025-05-31 12:05:04,406] {dag.py:2396} INFO - Sync 1 DAGs
[2025-05-31 12:05:04,426] {logging_mixin.py:109} INFO - [2025-05-31 12:05:04,426] {dag.py:2935} INFO - Setting next_dagrun for example_kubernetes_executor to None
[2025-05-31 12:05:04,437] {processor.py:171} INFO - Processing /home/airflow/.local/lib/python3.6/site-packages/airflow/example_dags/example_kubernetes_executor.py took 0.091 seconds
[2025-05-31 12:05:34,670] {processor.py:163} INFO - Started process (PID=29229) to work on /home/airflow/.local/lib/python3.6/site-packages/airflow/example_dags/example_kubernetes_executor.py
[2025-05-31 12:05:34,672] {processor.py:642} INFO - Processing file /home/airflow/.local/lib/python3.6/site-packages/airflow/example_dags/example_kubernetes_executor.py for tasks to queue
[2025-05-31 12:05:34,674] {logging_mixin.py:109} INFO - [2025-05-31 12:05:34,674] {dagbag.py:500} INFO - Filling up the DagBag from /home/airflow/.local/lib/python3.6/site-packages/airflow/example_dags/example_kubernetes_executor.py
[2025-05-31 12:05:34,723] {processor.py:654} INFO - DAG(s) dict_keys(['example_kubernetes_executor']) retrieved from /home/airflow/.local/lib/python3.6/site-packages/airflow/example_dags/example_kubernetes_executor.py
[2025-05-31 12:05:34,743] {logging_mixin.py:109} INFO - [2025-05-31 12:05:34,743] {dag.py:2396} INFO - Sync 1 DAGs
[2025-05-31 12:05:34,769] {logging_mixin.py:109} INFO - [2025-05-31 12:05:34,769] {dag.py:2935} INFO - Setting next_dagrun for example_kubernetes_executor to None
[2025-05-31 12:05:34,782] {processor.py:171} INFO - Processing /home/airflow/.local/lib/python3.6/site-packages/airflow/example_dags/example_kubernetes_executor.py took 0.118 seconds
[2025-05-31 12:06:05,062] {processor.py:163} INFO - Started process (PID=29414) to work on /home/airflow/.local/lib/python3.6/site-packages/airflow/example_dags/example_kubernetes_executor.py
[2025-05-31 12:06:05,063] {processor.py:642} INFO - Processing file /home/airflow/.local/lib/python3.6/site-packages/airflow/example_dags/example_kubernetes_executor.py for tasks to queue
[2025-05-31 12:06:05,064] {logging_mixin.py:109} INFO - [2025-05-31 12:06:05,064] {dagbag.py:500} INFO - Filling up the DagBag from /home/airflow/.local/lib/python3.6/site-packages/airflow/example_dags/example_kubernetes_executor.py
[2025-05-31 12:06:05,097] {processor.py:654} INFO - DAG(s) dict_keys(['example_kubernetes_executor']) retrieved from /home/airflow/.local/lib/python3.6/site-packages/airflow/example_dags/example_kubernetes_executor.py
[2025-05-31 12:06:05,112] {logging_mixin.py:109} INFO - [2025-05-31 12:06:05,112] {dag.py:2396} INFO - Sync 1 DAGs
[2025-05-31 12:06:05,130] {logging_mixin.py:109} INFO - [2025-05-31 12:06:05,130] {dag.py:2935} INFO - Setting next_dagrun for example_kubernetes_executor to None
[2025-05-31 12:06:05,142] {processor.py:171} INFO - Processing /home/airflow/.local/lib/python3.6/site-packages/airflow/example_dags/example_kubernetes_executor.py took 0.083 seconds
[2025-05-31 12:06:35,929] {processor.py:163} INFO - Started process (PID=29599) to work on /home/airflow/.local/lib/python3.6/site-packages/airflow/example_dags/example_kubernetes_executor.py
[2025-05-31 12:06:35,930] {processor.py:642} INFO - Processing file /home/airflow/.local/lib/python3.6/site-packages/airflow/example_dags/example_kubernetes_executor.py for tasks to queue
[2025-05-31 12:06:35,931] {logging_mixin.py:109} INFO - [2025-05-31 12:06:35,931] {dagbag.py:500} INFO - Filling up the DagBag from /home/airflow/.local/lib/python3.6/site-packages/airflow/example_dags/example_kubernetes_executor.py
[2025-05-31 12:06:35,964] {processor.py:654} INFO - DAG(s) dict_keys(['example_kubernetes_executor']) retrieved from /home/airflow/.local/lib/python3.6/site-packages/airflow/example_dags/example_kubernetes_executor.py
[2025-05-31 12:06:35,979] {logging_mixin.py:109} INFO - [2025-05-31 12:06:35,979] {dag.py:2396} INFO - Sync 1 DAGs
[2025-05-31 12:06:35,997] {logging_mixin.py:109} INFO - [2025-05-31 12:06:35,997] {dag.py:2935} INFO - Setting next_dagrun for example_kubernetes_executor to None
[2025-05-31 12:06:36,011] {processor.py:171} INFO - Processing /home/airflow/.local/lib/python3.6/site-packages/airflow/example_dags/example_kubernetes_executor.py took 0.085 seconds
[2025-05-31 12:07:06,559] {processor.py:163} INFO - Started process (PID=29794) to work on /home/airflow/.local/lib/python3.6/site-packages/airflow/example_dags/example_kubernetes_executor.py
[2025-05-31 12:07:06,560] {processor.py:642} INFO - Processing file /home/airflow/.local/lib/python3.6/site-packages/airflow/example_dags/example_kubernetes_executor.py for tasks to queue
[2025-05-31 12:07:06,561] {logging_mixin.py:109} INFO - [2025-05-31 12:07:06,561] {dagbag.py:500} INFO - Filling up the DagBag from /home/airflow/.local/lib/python3.6/site-packages/airflow/example_dags/example_kubernetes_executor.py
[2025-05-31 12:07:06,596] {processor.py:654} INFO - DAG(s) dict_keys(['example_kubernetes_executor']) retrieved from /home/airflow/.local/lib/python3.6/site-packages/airflow/example_dags/example_kubernetes_executor.py
[2025-05-31 12:07:06,609] {logging_mixin.py:109} INFO - [2025-05-31 12:07:06,609] {dag.py:2396} INFO - Sync 1 DAGs
[2025-05-31 12:07:06,628] {logging_mixin.py:109} INFO - [2025-05-31 12:07:06,628] {dag.py:2935} INFO - Setting next_dagrun for example_kubernetes_executor to None
[2025-05-31 12:07:06,646] {processor.py:171} INFO - Processing /home/airflow/.local/lib/python3.6/site-packages/airflow/example_dags/example_kubernetes_executor.py took 0.090 seconds
[2025-05-31 12:07:36,753] {processor.py:163} INFO - Started process (PID=29979) to work on /home/airflow/.local/lib/python3.6/site-packages/airflow/example_dags/example_kubernetes_executor.py
[2025-05-31 12:07:36,754] {processor.py:642} INFO - Processing file /home/airflow/.local/lib/python3.6/site-packages/airflow/example_dags/example_kubernetes_executor.py for tasks to queue
[2025-05-31 12:07:36,755] {logging_mixin.py:109} INFO - [2025-05-31 12:07:36,755] {dagbag.py:500} INFO - Filling up the DagBag from /home/airflow/.local/lib/python3.6/site-packages/airflow/example_dags/example_kubernetes_executor.py
[2025-05-31 12:07:36,790] {processor.py:654} INFO - DAG(s) dict_keys(['example_kubernetes_executor']) retrieved from /home/airflow/.local/lib/python3.6/site-packages/airflow/example_dags/example_kubernetes_executor.py
[2025-05-31 12:07:36,803] {logging_mixin.py:109} INFO - [2025-05-31 12:07:36,803] {dag.py:2396} INFO - Sync 1 DAGs
[2025-05-31 12:07:36,823] {logging_mixin.py:109} INFO - [2025-05-31 12:07:36,823] {dag.py:2935} INFO - Setting next_dagrun for example_kubernetes_executor to None
[2025-05-31 12:07:36,837] {processor.py:171} INFO - Processing /home/airflow/.local/lib/python3.6/site-packages/airflow/example_dags/example_kubernetes_executor.py took 0.087 seconds
[2025-05-31 12:08:07,193] {processor.py:163} INFO - Started process (PID=30174) to work on /home/airflow/.local/lib/python3.6/site-packages/airflow/example_dags/example_kubernetes_executor.py
[2025-05-31 12:08:07,195] {processor.py:642} INFO - Processing file /home/airflow/.local/lib/python3.6/site-packages/airflow/example_dags/example_kubernetes_executor.py for tasks to queue
[2025-05-31 12:08:07,196] {logging_mixin.py:109} INFO - [2025-05-31 12:08:07,196] {dagbag.py:500} INFO - Filling up the DagBag from /home/airflow/.local/lib/python3.6/site-packages/airflow/example_dags/example_kubernetes_executor.py
[2025-05-31 12:08:07,255] {processor.py:654} INFO - DAG(s) dict_keys(['example_kubernetes_executor']) retrieved from /home/airflow/.local/lib/python3.6/site-packages/airflow/example_dags/example_kubernetes_executor.py
[2025-05-31 12:08:07,280] {logging_mixin.py:109} INFO - [2025-05-31 12:08:07,280] {dag.py:2396} INFO - Sync 1 DAGs
[2025-05-31 12:08:07,315] {logging_mixin.py:109} INFO - [2025-05-31 12:08:07,315] {dag.py:2935} INFO - Setting next_dagrun for example_kubernetes_executor to None
[2025-05-31 12:08:07,329] {processor.py:171} INFO - Processing /home/airflow/.local/lib/python3.6/site-packages/airflow/example_dags/example_kubernetes_executor.py took 0.141 seconds
[2025-05-31 12:08:37,994] {processor.py:163} INFO - Started process (PID=30359) to work on /home/airflow/.local/lib/python3.6/site-packages/airflow/example_dags/example_kubernetes_executor.py
[2025-05-31 12:08:37,995] {processor.py:642} INFO - Processing file /home/airflow/.local/lib/python3.6/site-packages/airflow/example_dags/example_kubernetes_executor.py for tasks to queue
[2025-05-31 12:08:37,996] {logging_mixin.py:109} INFO - [2025-05-31 12:08:37,996] {dagbag.py:500} INFO - Filling up the DagBag from /home/airflow/.local/lib/python3.6/site-packages/airflow/example_dags/example_kubernetes_executor.py
[2025-05-31 12:08:38,030] {processor.py:654} INFO - DAG(s) dict_keys(['example_kubernetes_executor']) retrieved from /home/airflow/.local/lib/python3.6/site-packages/airflow/example_dags/example_kubernetes_executor.py
[2025-05-31 12:08:38,046] {logging_mixin.py:109} INFO - [2025-05-31 12:08:38,046] {dag.py:2396} INFO - Sync 1 DAGs
[2025-05-31 12:08:38,067] {logging_mixin.py:109} INFO - [2025-05-31 12:08:38,067] {dag.py:2935} INFO - Setting next_dagrun for example_kubernetes_executor to None
[2025-05-31 12:08:38,080] {processor.py:171} INFO - Processing /home/airflow/.local/lib/python3.6/site-packages/airflow/example_dags/example_kubernetes_executor.py took 0.089 seconds
[2025-05-31 12:09:08,526] {processor.py:163} INFO - Started process (PID=30544) to work on /home/airflow/.local/lib/python3.6/site-packages/airflow/example_dags/example_kubernetes_executor.py
[2025-05-31 12:09:08,527] {processor.py:642} INFO - Processing file /home/airflow/.local/lib/python3.6/site-packages/airflow/example_dags/example_kubernetes_executor.py for tasks to queue
[2025-05-31 12:09:08,528] {logging_mixin.py:109} INFO - [2025-05-31 12:09:08,528] {dagbag.py:500} INFO - Filling up the DagBag from /home/airflow/.local/lib/python3.6/site-packages/airflow/example_dags/example_kubernetes_executor.py
[2025-05-31 12:09:08,563] {processor.py:654} INFO - DAG(s) dict_keys(['example_kubernetes_executor']) retrieved from /home/airflow/.local/lib/python3.6/site-packages/airflow/example_dags/example_kubernetes_executor.py
[2025-05-31 12:09:08,578] {logging_mixin.py:109} INFO - [2025-05-31 12:09:08,578] {dag.py:2396} INFO - Sync 1 DAGs
[2025-05-31 12:09:08,599] {logging_mixin.py:109} INFO - [2025-05-31 12:09:08,599] {dag.py:2935} INFO - Setting next_dagrun for example_kubernetes_executor to None
[2025-05-31 12:09:08,610] {processor.py:171} INFO - Processing /home/airflow/.local/lib/python3.6/site-packages/airflow/example_dags/example_kubernetes_executor.py took 0.087 seconds
[2025-05-31 12:09:39,347] {processor.py:163} INFO - Started process (PID=30739) to work on /home/airflow/.local/lib/python3.6/site-packages/airflow/example_dags/example_kubernetes_executor.py
[2025-05-31 12:09:39,349] {processor.py:642} INFO - Processing file /home/airflow/.local/lib/python3.6/site-packages/airflow/example_dags/example_kubernetes_executor.py for tasks to queue
[2025-05-31 12:09:39,350] {logging_mixin.py:109} INFO - [2025-05-31 12:09:39,350] {dagbag.py:500} INFO - Filling up the DagBag from /home/airflow/.local/lib/python3.6/site-packages/airflow/example_dags/example_kubernetes_executor.py
[2025-05-31 12:09:39,399] {processor.py:654} INFO - DAG(s) dict_keys(['example_kubernetes_executor']) retrieved from /home/airflow/.local/lib/python3.6/site-packages/airflow/example_dags/example_kubernetes_executor.py
[2025-05-31 12:09:39,419] {logging_mixin.py:109} INFO - [2025-05-31 12:09:39,419] {dag.py:2396} INFO - Sync 1 DAGs
[2025-05-31 12:09:39,447] {logging_mixin.py:109} INFO - [2025-05-31 12:09:39,447] {dag.py:2935} INFO - Setting next_dagrun for example_kubernetes_executor to None
[2025-05-31 12:09:39,461] {processor.py:171} INFO - Processing /home/airflow/.local/lib/python3.6/site-packages/airflow/example_dags/example_kubernetes_executor.py took 0.118 seconds
[2025-05-31 12:10:09,907] {processor.py:163} INFO - Started process (PID=30924) to work on /home/airflow/.local/lib/python3.6/site-packages/airflow/example_dags/example_kubernetes_executor.py
[2025-05-31 12:10:09,909] {processor.py:642} INFO - Processing file /home/airflow/.local/lib/python3.6/site-packages/airflow/example_dags/example_kubernetes_executor.py for tasks to queue
[2025-05-31 12:10:09,910] {logging_mixin.py:109} INFO - [2025-05-31 12:10:09,910] {dagbag.py:500} INFO - Filling up the DagBag from /home/airflow/.local/lib/python3.6/site-packages/airflow/example_dags/example_kubernetes_executor.py
[2025-05-31 12:10:09,949] {processor.py:654} INFO - DAG(s) dict_keys(['example_kubernetes_executor']) retrieved from /home/airflow/.local/lib/python3.6/site-packages/airflow/example_dags/example_kubernetes_executor.py
[2025-05-31 12:10:09,963] {logging_mixin.py:109} INFO - [2025-05-31 12:10:09,963] {dag.py:2396} INFO - Sync 1 DAGs
[2025-05-31 12:10:09,981] {logging_mixin.py:109} INFO - [2025-05-31 12:10:09,981] {dag.py:2935} INFO - Setting next_dagrun for example_kubernetes_executor to None
[2025-05-31 12:10:09,992] {processor.py:171} INFO - Processing /home/airflow/.local/lib/python3.6/site-packages/airflow/example_dags/example_kubernetes_executor.py took 0.088 seconds
[2025-05-31 12:10:40,555] {processor.py:163} INFO - Started process (PID=31109) to work on /home/airflow/.local/lib/python3.6/site-packages/airflow/example_dags/example_kubernetes_executor.py
[2025-05-31 12:10:40,557] {processor.py:642} INFO - Processing file /home/airflow/.local/lib/python3.6/site-packages/airflow/example_dags/example_kubernetes_executor.py for tasks to queue
[2025-05-31 12:10:40,558] {logging_mixin.py:109} INFO - [2025-05-31 12:10:40,557] {dagbag.py:500} INFO - Filling up the DagBag from /home/airflow/.local/lib/python3.6/site-packages/airflow/example_dags/example_kubernetes_executor.py
[2025-05-31 12:10:40,599] {processor.py:654} INFO - DAG(s) dict_keys(['example_kubernetes_executor']) retrieved from /home/airflow/.local/lib/python3.6/site-packages/airflow/example_dags/example_kubernetes_executor.py
[2025-05-31 12:10:40,616] {logging_mixin.py:109} INFO - [2025-05-31 12:10:40,616] {dag.py:2396} INFO - Sync 1 DAGs
[2025-05-31 12:10:40,637] {logging_mixin.py:109} INFO - [2025-05-31 12:10:40,637] {dag.py:2935} INFO - Setting next_dagrun for example_kubernetes_executor to None
[2025-05-31 12:10:40,652] {processor.py:171} INFO - Processing /home/airflow/.local/lib/python3.6/site-packages/airflow/example_dags/example_kubernetes_executor.py took 0.101 seconds
[2025-05-31 17:31:04,642] {processor.py:163} INFO - Started process (PID=184) to work on /home/airflow/.local/lib/python3.6/site-packages/airflow/example_dags/example_kubernetes_executor.py
[2025-05-31 17:31:04,645] {processor.py:642} INFO - Processing file /home/airflow/.local/lib/python3.6/site-packages/airflow/example_dags/example_kubernetes_executor.py for tasks to queue
[2025-05-31 17:31:04,647] {logging_mixin.py:109} INFO - [2025-05-31 17:31:04,647] {dagbag.py:500} INFO - Filling up the DagBag from /home/airflow/.local/lib/python3.6/site-packages/airflow/example_dags/example_kubernetes_executor.py
[2025-05-31 17:31:04,713] {processor.py:654} INFO - DAG(s) dict_keys(['example_kubernetes_executor']) retrieved from /home/airflow/.local/lib/python3.6/site-packages/airflow/example_dags/example_kubernetes_executor.py
[2025-05-31 17:31:04,746] {logging_mixin.py:109} INFO - [2025-05-31 17:31:04,746] {dag.py:2396} INFO - Sync 1 DAGs
[2025-05-31 17:31:04,831] {logging_mixin.py:109} INFO - [2025-05-31 17:31:04,831] {dag.py:2935} INFO - Setting next_dagrun for example_kubernetes_executor to None
[2025-05-31 17:31:04,865] {processor.py:171} INFO - Processing /home/airflow/.local/lib/python3.6/site-packages/airflow/example_dags/example_kubernetes_executor.py took 0.228 seconds
[2025-05-31 17:31:35,282] {processor.py:163} INFO - Started process (PID=364) to work on /home/airflow/.local/lib/python3.6/site-packages/airflow/example_dags/example_kubernetes_executor.py
[2025-05-31 17:31:35,290] {processor.py:642} INFO - Processing file /home/airflow/.local/lib/python3.6/site-packages/airflow/example_dags/example_kubernetes_executor.py for tasks to queue
[2025-05-31 17:31:35,296] {logging_mixin.py:109} INFO - [2025-05-31 17:31:35,295] {dagbag.py:500} INFO - Filling up the DagBag from /home/airflow/.local/lib/python3.6/site-packages/airflow/example_dags/example_kubernetes_executor.py
[2025-05-31 17:31:35,466] {processor.py:654} INFO - DAG(s) dict_keys(['example_kubernetes_executor']) retrieved from /home/airflow/.local/lib/python3.6/site-packages/airflow/example_dags/example_kubernetes_executor.py
[2025-05-31 17:31:35,528] {logging_mixin.py:109} INFO - [2025-05-31 17:31:35,528] {dag.py:2396} INFO - Sync 1 DAGs
[2025-05-31 17:31:35,590] {logging_mixin.py:109} INFO - [2025-05-31 17:31:35,590] {dag.py:2935} INFO - Setting next_dagrun for example_kubernetes_executor to None
[2025-05-31 17:31:35,617] {processor.py:171} INFO - Processing /home/airflow/.local/lib/python3.6/site-packages/airflow/example_dags/example_kubernetes_executor.py took 0.363 seconds
[2025-05-31 17:32:05,810] {processor.py:163} INFO - Started process (PID=551) to work on /home/airflow/.local/lib/python3.6/site-packages/airflow/example_dags/example_kubernetes_executor.py
[2025-05-31 17:32:05,813] {processor.py:642} INFO - Processing file /home/airflow/.local/lib/python3.6/site-packages/airflow/example_dags/example_kubernetes_executor.py for tasks to queue
[2025-05-31 17:32:05,816] {logging_mixin.py:109} INFO - [2025-05-31 17:32:05,816] {dagbag.py:500} INFO - Filling up the DagBag from /home/airflow/.local/lib/python3.6/site-packages/airflow/example_dags/example_kubernetes_executor.py
[2025-05-31 17:32:05,925] {processor.py:654} INFO - DAG(s) dict_keys(['example_kubernetes_executor']) retrieved from /home/airflow/.local/lib/python3.6/site-packages/airflow/example_dags/example_kubernetes_executor.py
[2025-05-31 17:32:05,977] {logging_mixin.py:109} INFO - [2025-05-31 17:32:05,977] {dag.py:2396} INFO - Sync 1 DAGs
[2025-05-31 17:32:06,045] {logging_mixin.py:109} INFO - [2025-05-31 17:32:06,044] {dag.py:2935} INFO - Setting next_dagrun for example_kubernetes_executor to None
[2025-05-31 17:32:06,073] {processor.py:171} INFO - Processing /home/airflow/.local/lib/python3.6/site-packages/airflow/example_dags/example_kubernetes_executor.py took 0.273 seconds
[2025-05-31 17:32:36,601] {processor.py:163} INFO - Started process (PID=749) to work on /home/airflow/.local/lib/python3.6/site-packages/airflow/example_dags/example_kubernetes_executor.py
[2025-05-31 17:32:36,604] {processor.py:642} INFO - Processing file /home/airflow/.local/lib/python3.6/site-packages/airflow/example_dags/example_kubernetes_executor.py for tasks to queue
[2025-05-31 17:32:36,606] {logging_mixin.py:109} INFO - [2025-05-31 17:32:36,606] {dagbag.py:500} INFO - Filling up the DagBag from /home/airflow/.local/lib/python3.6/site-packages/airflow/example_dags/example_kubernetes_executor.py
[2025-05-31 17:32:36,685] {processor.py:654} INFO - DAG(s) dict_keys(['example_kubernetes_executor']) retrieved from /home/airflow/.local/lib/python3.6/site-packages/airflow/example_dags/example_kubernetes_executor.py
[2025-05-31 17:32:36,717] {logging_mixin.py:109} INFO - [2025-05-31 17:32:36,717] {dag.py:2396} INFO - Sync 1 DAGs
[2025-05-31 17:32:36,753] {logging_mixin.py:109} INFO - [2025-05-31 17:32:36,753] {dag.py:2935} INFO - Setting next_dagrun for example_kubernetes_executor to None
[2025-05-31 17:32:36,774] {processor.py:171} INFO - Processing /home/airflow/.local/lib/python3.6/site-packages/airflow/example_dags/example_kubernetes_executor.py took 0.180 seconds
[2025-05-31 17:33:06,928] {processor.py:163} INFO - Started process (PID=942) to work on /home/airflow/.local/lib/python3.6/site-packages/airflow/example_dags/example_kubernetes_executor.py
[2025-05-31 17:33:06,934] {processor.py:642} INFO - Processing file /home/airflow/.local/lib/python3.6/site-packages/airflow/example_dags/example_kubernetes_executor.py for tasks to queue
[2025-05-31 17:33:06,936] {logging_mixin.py:109} INFO - [2025-05-31 17:33:06,935] {dagbag.py:500} INFO - Filling up the DagBag from /home/airflow/.local/lib/python3.6/site-packages/airflow/example_dags/example_kubernetes_executor.py
[2025-05-31 17:33:07,002] {processor.py:654} INFO - DAG(s) dict_keys(['example_kubernetes_executor']) retrieved from /home/airflow/.local/lib/python3.6/site-packages/airflow/example_dags/example_kubernetes_executor.py
[2025-05-31 17:33:07,023] {logging_mixin.py:109} INFO - [2025-05-31 17:33:07,023] {dag.py:2396} INFO - Sync 1 DAGs
[2025-05-31 17:33:07,064] {logging_mixin.py:109} INFO - [2025-05-31 17:33:07,064] {dag.py:2935} INFO - Setting next_dagrun for example_kubernetes_executor to None
[2025-05-31 17:33:07,082] {processor.py:171} INFO - Processing /home/airflow/.local/lib/python3.6/site-packages/airflow/example_dags/example_kubernetes_executor.py took 0.165 seconds
[2025-05-31 17:33:37,700] {processor.py:163} INFO - Started process (PID=1136) to work on /home/airflow/.local/lib/python3.6/site-packages/airflow/example_dags/example_kubernetes_executor.py
[2025-05-31 17:33:37,703] {processor.py:642} INFO - Processing file /home/airflow/.local/lib/python3.6/site-packages/airflow/example_dags/example_kubernetes_executor.py for tasks to queue
[2025-05-31 17:33:37,705] {logging_mixin.py:109} INFO - [2025-05-31 17:33:37,705] {dagbag.py:500} INFO - Filling up the DagBag from /home/airflow/.local/lib/python3.6/site-packages/airflow/example_dags/example_kubernetes_executor.py
[2025-05-31 17:33:37,777] {processor.py:654} INFO - DAG(s) dict_keys(['example_kubernetes_executor']) retrieved from /home/airflow/.local/lib/python3.6/site-packages/airflow/example_dags/example_kubernetes_executor.py
[2025-05-31 17:33:37,799] {logging_mixin.py:109} INFO - [2025-05-31 17:33:37,799] {dag.py:2396} INFO - Sync 1 DAGs
[2025-05-31 17:33:37,827] {logging_mixin.py:109} INFO - [2025-05-31 17:33:37,827] {dag.py:2935} INFO - Setting next_dagrun for example_kubernetes_executor to None
[2025-05-31 17:33:37,843] {processor.py:171} INFO - Processing /home/airflow/.local/lib/python3.6/site-packages/airflow/example_dags/example_kubernetes_executor.py took 0.151 seconds
[2025-05-31 17:34:08,469] {processor.py:163} INFO - Started process (PID=1329) to work on /home/airflow/.local/lib/python3.6/site-packages/airflow/example_dags/example_kubernetes_executor.py
[2025-05-31 17:34:08,473] {processor.py:642} INFO - Processing file /home/airflow/.local/lib/python3.6/site-packages/airflow/example_dags/example_kubernetes_executor.py for tasks to queue
[2025-05-31 17:34:08,483] {logging_mixin.py:109} INFO - [2025-05-31 17:34:08,483] {dagbag.py:500} INFO - Filling up the DagBag from /home/airflow/.local/lib/python3.6/site-packages/airflow/example_dags/example_kubernetes_executor.py
[2025-05-31 17:34:08,613] {processor.py:654} INFO - DAG(s) dict_keys(['example_kubernetes_executor']) retrieved from /home/airflow/.local/lib/python3.6/site-packages/airflow/example_dags/example_kubernetes_executor.py
[2025-05-31 17:34:08,661] {logging_mixin.py:109} INFO - [2025-05-31 17:34:08,660] {dag.py:2396} INFO - Sync 1 DAGs
[2025-05-31 17:34:08,744] {logging_mixin.py:109} INFO - [2025-05-31 17:34:08,744] {dag.py:2935} INFO - Setting next_dagrun for example_kubernetes_executor to None
[2025-05-31 17:34:08,779] {processor.py:171} INFO - Processing /home/airflow/.local/lib/python3.6/site-packages/airflow/example_dags/example_kubernetes_executor.py took 0.321 seconds
[2025-05-31 17:34:39,117] {processor.py:163} INFO - Started process (PID=1523) to work on /home/airflow/.local/lib/python3.6/site-packages/airflow/example_dags/example_kubernetes_executor.py
[2025-05-31 17:34:39,122] {processor.py:642} INFO - Processing file /home/airflow/.local/lib/python3.6/site-packages/airflow/example_dags/example_kubernetes_executor.py for tasks to queue
[2025-05-31 17:34:39,126] {logging_mixin.py:109} INFO - [2025-05-31 17:34:39,125] {dagbag.py:500} INFO - Filling up the DagBag from /home/airflow/.local/lib/python3.6/site-packages/airflow/example_dags/example_kubernetes_executor.py
[2025-05-31 17:34:39,215] {processor.py:654} INFO - DAG(s) dict_keys(['example_kubernetes_executor']) retrieved from /home/airflow/.local/lib/python3.6/site-packages/airflow/example_dags/example_kubernetes_executor.py
[2025-05-31 17:34:39,241] {logging_mixin.py:109} INFO - [2025-05-31 17:34:39,241] {dag.py:2396} INFO - Sync 1 DAGs
[2025-05-31 17:34:39,275] {logging_mixin.py:109} INFO - [2025-05-31 17:34:39,275] {dag.py:2935} INFO - Setting next_dagrun for example_kubernetes_executor to None
[2025-05-31 17:34:39,293] {processor.py:171} INFO - Processing /home/airflow/.local/lib/python3.6/site-packages/airflow/example_dags/example_kubernetes_executor.py took 0.195 seconds
[2025-05-31 17:35:09,670] {processor.py:163} INFO - Started process (PID=1703) to work on /home/airflow/.local/lib/python3.6/site-packages/airflow/example_dags/example_kubernetes_executor.py
[2025-05-31 17:35:09,674] {processor.py:642} INFO - Processing file /home/airflow/.local/lib/python3.6/site-packages/airflow/example_dags/example_kubernetes_executor.py for tasks to queue
[2025-05-31 17:35:09,675] {logging_mixin.py:109} INFO - [2025-05-31 17:35:09,675] {dagbag.py:500} INFO - Filling up the DagBag from /home/airflow/.local/lib/python3.6/site-packages/airflow/example_dags/example_kubernetes_executor.py
[2025-05-31 17:35:09,734] {processor.py:654} INFO - DAG(s) dict_keys(['example_kubernetes_executor']) retrieved from /home/airflow/.local/lib/python3.6/site-packages/airflow/example_dags/example_kubernetes_executor.py
[2025-05-31 17:35:09,757] {logging_mixin.py:109} INFO - [2025-05-31 17:35:09,757] {dag.py:2396} INFO - Sync 1 DAGs
[2025-05-31 17:35:09,794] {logging_mixin.py:109} INFO - [2025-05-31 17:35:09,793] {dag.py:2935} INFO - Setting next_dagrun for example_kubernetes_executor to None
[2025-05-31 17:35:09,815] {processor.py:171} INFO - Processing /home/airflow/.local/lib/python3.6/site-packages/airflow/example_dags/example_kubernetes_executor.py took 0.151 seconds
[2025-05-31 17:35:39,943] {processor.py:163} INFO - Started process (PID=1883) to work on /home/airflow/.local/lib/python3.6/site-packages/airflow/example_dags/example_kubernetes_executor.py
[2025-05-31 17:35:39,945] {processor.py:642} INFO - Processing file /home/airflow/.local/lib/python3.6/site-packages/airflow/example_dags/example_kubernetes_executor.py for tasks to queue
[2025-05-31 17:35:39,947] {logging_mixin.py:109} INFO - [2025-05-31 17:35:39,947] {dagbag.py:500} INFO - Filling up the DagBag from /home/airflow/.local/lib/python3.6/site-packages/airflow/example_dags/example_kubernetes_executor.py
[2025-05-31 17:35:40,012] {processor.py:654} INFO - DAG(s) dict_keys(['example_kubernetes_executor']) retrieved from /home/airflow/.local/lib/python3.6/site-packages/airflow/example_dags/example_kubernetes_executor.py
[2025-05-31 17:35:40,039] {logging_mixin.py:109} INFO - [2025-05-31 17:35:40,039] {dag.py:2396} INFO - Sync 1 DAGs
[2025-05-31 17:35:40,076] {logging_mixin.py:109} INFO - [2025-05-31 17:35:40,076] {dag.py:2935} INFO - Setting next_dagrun for example_kubernetes_executor to None
[2025-05-31 17:35:40,095] {processor.py:171} INFO - Processing /home/airflow/.local/lib/python3.6/site-packages/airflow/example_dags/example_kubernetes_executor.py took 0.159 seconds
[2025-05-31 17:36:10,199] {processor.py:163} INFO - Started process (PID=2092) to work on /home/airflow/.local/lib/python3.6/site-packages/airflow/example_dags/example_kubernetes_executor.py
[2025-05-31 17:36:10,202] {processor.py:642} INFO - Processing file /home/airflow/.local/lib/python3.6/site-packages/airflow/example_dags/example_kubernetes_executor.py for tasks to queue
[2025-05-31 17:36:10,204] {logging_mixin.py:109} INFO - [2025-05-31 17:36:10,203] {dagbag.py:500} INFO - Filling up the DagBag from /home/airflow/.local/lib/python3.6/site-packages/airflow/example_dags/example_kubernetes_executor.py
[2025-05-31 17:36:10,276] {processor.py:654} INFO - DAG(s) dict_keys(['example_kubernetes_executor']) retrieved from /home/airflow/.local/lib/python3.6/site-packages/airflow/example_dags/example_kubernetes_executor.py
[2025-05-31 17:36:10,304] {logging_mixin.py:109} INFO - [2025-05-31 17:36:10,304] {dag.py:2396} INFO - Sync 1 DAGs
[2025-05-31 17:36:10,352] {logging_mixin.py:109} INFO - [2025-05-31 17:36:10,352] {dag.py:2935} INFO - Setting next_dagrun for example_kubernetes_executor to None
[2025-05-31 17:36:10,372] {processor.py:171} INFO - Processing /home/airflow/.local/lib/python3.6/site-packages/airflow/example_dags/example_kubernetes_executor.py took 0.182 seconds
[2025-05-31 17:36:40,598] {processor.py:163} INFO - Started process (PID=2298) to work on /home/airflow/.local/lib/python3.6/site-packages/airflow/example_dags/example_kubernetes_executor.py
[2025-05-31 17:36:40,603] {processor.py:642} INFO - Processing file /home/airflow/.local/lib/python3.6/site-packages/airflow/example_dags/example_kubernetes_executor.py for tasks to queue
[2025-05-31 17:36:40,618] {logging_mixin.py:109} INFO - [2025-05-31 17:36:40,617] {dagbag.py:500} INFO - Filling up the DagBag from /home/airflow/.local/lib/python3.6/site-packages/airflow/example_dags/example_kubernetes_executor.py
[2025-05-31 17:36:40,870] {processor.py:654} INFO - DAG(s) dict_keys(['example_kubernetes_executor']) retrieved from /home/airflow/.local/lib/python3.6/site-packages/airflow/example_dags/example_kubernetes_executor.py
[2025-05-31 17:36:40,946] {logging_mixin.py:109} INFO - [2025-05-31 17:36:40,946] {dag.py:2396} INFO - Sync 1 DAGs
[2025-05-31 17:36:40,903] {logging_mixin.py:109} INFO - [2025-05-31 17:36:40,903] {dag.py:2935} INFO - Setting next_dagrun for example_kubernetes_executor to None
[2025-05-31 17:36:40,942] {processor.py:171} INFO - Processing /home/airflow/.local/lib/python3.6/site-packages/airflow/example_dags/example_kubernetes_executor.py took 0.521 seconds
[2025-05-31 17:37:11,314] {processor.py:163} INFO - Started process (PID=2490) to work on /home/airflow/.local/lib/python3.6/site-packages/airflow/example_dags/example_kubernetes_executor.py
[2025-05-31 17:37:11,317] {processor.py:642} INFO - Processing file /home/airflow/.local/lib/python3.6/site-packages/airflow/example_dags/example_kubernetes_executor.py for tasks to queue
[2025-05-31 17:37:11,319] {logging_mixin.py:109} INFO - [2025-05-31 17:37:11,318] {dagbag.py:500} INFO - Filling up the DagBag from /home/airflow/.local/lib/python3.6/site-packages/airflow/example_dags/example_kubernetes_executor.py
[2025-05-31 17:37:11,381] {processor.py:654} INFO - DAG(s) dict_keys(['example_kubernetes_executor']) retrieved from /home/airflow/.local/lib/python3.6/site-packages/airflow/example_dags/example_kubernetes_executor.py
[2025-05-31 17:37:11,406] {logging_mixin.py:109} INFO - [2025-05-31 17:37:11,406] {dag.py:2396} INFO - Sync 1 DAGs
[2025-05-31 17:37:11,439] {logging_mixin.py:109} INFO - [2025-05-31 17:37:11,439] {dag.py:2935} INFO - Setting next_dagrun for example_kubernetes_executor to None
[2025-05-31 17:37:11,462] {processor.py:171} INFO - Processing /home/airflow/.local/lib/python3.6/site-packages/airflow/example_dags/example_kubernetes_executor.py took 0.154 seconds
[2025-05-31 17:37:41,784] {processor.py:163} INFO - Started process (PID=2683) to work on /home/airflow/.local/lib/python3.6/site-packages/airflow/example_dags/example_kubernetes_executor.py
[2025-05-31 17:37:41,788] {processor.py:642} INFO - Processing file /home/airflow/.local/lib/python3.6/site-packages/airflow/example_dags/example_kubernetes_executor.py for tasks to queue
[2025-05-31 17:37:41,791] {logging_mixin.py:109} INFO - [2025-05-31 17:37:41,790] {dagbag.py:500} INFO - Filling up the DagBag from /home/airflow/.local/lib/python3.6/site-packages/airflow/example_dags/example_kubernetes_executor.py
[2025-05-31 17:37:41,876] {processor.py:654} INFO - DAG(s) dict_keys(['example_kubernetes_executor']) retrieved from /home/airflow/.local/lib/python3.6/site-packages/airflow/example_dags/example_kubernetes_executor.py
[2025-05-31 17:37:41,934] {logging_mixin.py:109} INFO - [2025-05-31 17:37:41,934] {dag.py:2396} INFO - Sync 1 DAGs
[2025-05-31 17:37:41,975] {logging_mixin.py:109} INFO - [2025-05-31 17:37:41,974] {dag.py:2935} INFO - Setting next_dagrun for example_kubernetes_executor to None
[2025-05-31 17:37:41,998] {processor.py:171} INFO - Processing /home/airflow/.local/lib/python3.6/site-packages/airflow/example_dags/example_kubernetes_executor.py took 0.222 seconds
[2025-05-31 17:38:12,719] {processor.py:163} INFO - Started process (PID=2876) to work on /home/airflow/.local/lib/python3.6/site-packages/airflow/example_dags/example_kubernetes_executor.py
[2025-05-31 17:38:12,721] {processor.py:642} INFO - Processing file /home/airflow/.local/lib/python3.6/site-packages/airflow/example_dags/example_kubernetes_executor.py for tasks to queue
[2025-05-31 17:38:12,723] {logging_mixin.py:109} INFO - [2025-05-31 17:38:12,723] {dagbag.py:500} INFO - Filling up the DagBag from /home/airflow/.local/lib/python3.6/site-packages/airflow/example_dags/example_kubernetes_executor.py
[2025-05-31 17:38:12,799] {processor.py:654} INFO - DAG(s) dict_keys(['example_kubernetes_executor']) retrieved from /home/airflow/.local/lib/python3.6/site-packages/airflow/example_dags/example_kubernetes_executor.py
[2025-05-31 17:38:12,826] {logging_mixin.py:109} INFO - [2025-05-31 17:38:12,826] {dag.py:2396} INFO - Sync 1 DAGs
[2025-05-31 17:38:12,861] {logging_mixin.py:109} INFO - [2025-05-31 17:38:12,860] {dag.py:2935} INFO - Setting next_dagrun for example_kubernetes_executor to None
[2025-05-31 17:38:12,879] {processor.py:171} INFO - Processing /home/airflow/.local/lib/python3.6/site-packages/airflow/example_dags/example_kubernetes_executor.py took 0.169 seconds
[2025-05-31 17:38:43,232] {processor.py:163} INFO - Started process (PID=3069) to work on /home/airflow/.local/lib/python3.6/site-packages/airflow/example_dags/example_kubernetes_executor.py
[2025-05-31 17:38:43,240] {processor.py:642} INFO - Processing file /home/airflow/.local/lib/python3.6/site-packages/airflow/example_dags/example_kubernetes_executor.py for tasks to queue
[2025-05-31 17:38:43,243] {logging_mixin.py:109} INFO - [2025-05-31 17:38:43,243] {dagbag.py:500} INFO - Filling up the DagBag from /home/airflow/.local/lib/python3.6/site-packages/airflow/example_dags/example_kubernetes_executor.py
[2025-05-31 17:38:43,310] {processor.py:654} INFO - DAG(s) dict_keys(['example_kubernetes_executor']) retrieved from /home/airflow/.local/lib/python3.6/site-packages/airflow/example_dags/example_kubernetes_executor.py
[2025-05-31 17:38:43,330] {logging_mixin.py:109} INFO - [2025-05-31 17:38:43,330] {dag.py:2396} INFO - Sync 1 DAGs
[2025-05-31 17:38:43,361] {logging_mixin.py:109} INFO - [2025-05-31 17:38:43,361] {dag.py:2935} INFO - Setting next_dagrun for example_kubernetes_executor to None
[2025-05-31 17:38:43,377] {processor.py:171} INFO - Processing /home/airflow/.local/lib/python3.6/site-packages/airflow/example_dags/example_kubernetes_executor.py took 0.159 seconds
[2025-05-31 17:39:13,474] {processor.py:163} INFO - Started process (PID=3259) to work on /home/airflow/.local/lib/python3.6/site-packages/airflow/example_dags/example_kubernetes_executor.py
[2025-05-31 17:39:13,476] {processor.py:642} INFO - Processing file /home/airflow/.local/lib/python3.6/site-packages/airflow/example_dags/example_kubernetes_executor.py for tasks to queue
[2025-05-31 17:39:13,479] {logging_mixin.py:109} INFO - [2025-05-31 17:39:13,479] {dagbag.py:500} INFO - Filling up the DagBag from /home/airflow/.local/lib/python3.6/site-packages/airflow/example_dags/example_kubernetes_executor.py
[2025-05-31 17:39:13,546] {processor.py:654} INFO - DAG(s) dict_keys(['example_kubernetes_executor']) retrieved from /home/airflow/.local/lib/python3.6/site-packages/airflow/example_dags/example_kubernetes_executor.py
[2025-05-31 17:39:13,568] {logging_mixin.py:109} INFO - [2025-05-31 17:39:13,568] {dag.py:2396} INFO - Sync 1 DAGs
[2025-05-31 17:39:13,599] {logging_mixin.py:109} INFO - [2025-05-31 17:39:13,599] {dag.py:2935} INFO - Setting next_dagrun for example_kubernetes_executor to None
[2025-05-31 17:39:13,615] {processor.py:171} INFO - Processing /home/airflow/.local/lib/python3.6/site-packages/airflow/example_dags/example_kubernetes_executor.py took 0.153 seconds
[2025-05-31 17:39:43,912] {processor.py:163} INFO - Started process (PID=3468) to work on /home/airflow/.local/lib/python3.6/site-packages/airflow/example_dags/example_kubernetes_executor.py
[2025-05-31 17:39:43,916] {processor.py:642} INFO - Processing file /home/airflow/.local/lib/python3.6/site-packages/airflow/example_dags/example_kubernetes_executor.py for tasks to queue
[2025-05-31 17:39:43,918] {logging_mixin.py:109} INFO - [2025-05-31 17:39:43,918] {dagbag.py:500} INFO - Filling up the DagBag from /home/airflow/.local/lib/python3.6/site-packages/airflow/example_dags/example_kubernetes_executor.py
[2025-05-31 17:39:43,995] {processor.py:654} INFO - DAG(s) dict_keys(['example_kubernetes_executor']) retrieved from /home/airflow/.local/lib/python3.6/site-packages/airflow/example_dags/example_kubernetes_executor.py
[2025-05-31 17:39:44,020] {logging_mixin.py:109} INFO - [2025-05-31 17:39:44,020] {dag.py:2396} INFO - Sync 1 DAGs
[2025-05-31 17:39:44,060] {logging_mixin.py:109} INFO - [2025-05-31 17:39:44,060] {dag.py:2935} INFO - Setting next_dagrun for example_kubernetes_executor to None
[2025-05-31 17:39:44,083] {processor.py:171} INFO - Processing /home/airflow/.local/lib/python3.6/site-packages/airflow/example_dags/example_kubernetes_executor.py took 0.179 seconds
[2025-05-31 17:40:14,230] {processor.py:163} INFO - Started process (PID=3661) to work on /home/airflow/.local/lib/python3.6/site-packages/airflow/example_dags/example_kubernetes_executor.py
[2025-05-31 17:40:14,234] {processor.py:642} INFO - Processing file /home/airflow/.local/lib/python3.6/site-packages/airflow/example_dags/example_kubernetes_executor.py for tasks to queue
[2025-05-31 17:40:14,237] {logging_mixin.py:109} INFO - [2025-05-31 17:40:14,236] {dagbag.py:500} INFO - Filling up the DagBag from /home/airflow/.local/lib/python3.6/site-packages/airflow/example_dags/example_kubernetes_executor.py
[2025-05-31 17:40:14,387] {processor.py:654} INFO - DAG(s) dict_keys(['example_kubernetes_executor']) retrieved from /home/airflow/.local/lib/python3.6/site-packages/airflow/example_dags/example_kubernetes_executor.py
[2025-05-31 17:40:14,465] {logging_mixin.py:109} INFO - [2025-05-31 17:40:14,464] {dag.py:2396} INFO - Sync 1 DAGs
[2025-05-31 17:40:14,535] {logging_mixin.py:109} INFO - [2025-05-31 17:40:14,535] {dag.py:2935} INFO - Setting next_dagrun for example_kubernetes_executor to None
[2025-05-31 17:40:14,559] {processor.py:171} INFO - Processing /home/airflow/.local/lib/python3.6/site-packages/airflow/example_dags/example_kubernetes_executor.py took 0.338 seconds
[2025-05-31 17:40:44,648] {processor.py:163} INFO - Started process (PID=3855) to work on /home/airflow/.local/lib/python3.6/site-packages/airflow/example_dags/example_kubernetes_executor.py
[2025-05-31 17:40:44,650] {processor.py:642} INFO - Processing file /home/airflow/.local/lib/python3.6/site-packages/airflow/example_dags/example_kubernetes_executor.py for tasks to queue
[2025-05-31 17:40:44,653] {logging_mixin.py:109} INFO - [2025-05-31 17:40:44,652] {dagbag.py:500} INFO - Filling up the DagBag from /home/airflow/.local/lib/python3.6/site-packages/airflow/example_dags/example_kubernetes_executor.py
[2025-05-31 17:40:44,758] {processor.py:654} INFO - DAG(s) dict_keys(['example_kubernetes_executor']) retrieved from /home/airflow/.local/lib/python3.6/site-packages/airflow/example_dags/example_kubernetes_executor.py
[2025-05-31 17:40:44,814] {logging_mixin.py:109} INFO - [2025-05-31 17:40:44,814] {dag.py:2396} INFO - Sync 1 DAGs
[2025-05-31 17:40:44,922] {logging_mixin.py:109} INFO - [2025-05-31 17:40:44,922] {dag.py:2935} INFO - Setting next_dagrun for example_kubernetes_executor to None
[2025-05-31 17:40:44,954] {processor.py:171} INFO - Processing /home/airflow/.local/lib/python3.6/site-packages/airflow/example_dags/example_kubernetes_executor.py took 0.316 seconds
[2025-05-31 17:41:15,726] {processor.py:163} INFO - Started process (PID=4048) to work on /home/airflow/.local/lib/python3.6/site-packages/airflow/example_dags/example_kubernetes_executor.py
[2025-05-31 17:41:15,728] {processor.py:642} INFO - Processing file /home/airflow/.local/lib/python3.6/site-packages/airflow/example_dags/example_kubernetes_executor.py for tasks to queue
[2025-05-31 17:41:15,730] {logging_mixin.py:109} INFO - [2025-05-31 17:41:15,730] {dagbag.py:500} INFO - Filling up the DagBag from /home/airflow/.local/lib/python3.6/site-packages/airflow/example_dags/example_kubernetes_executor.py
[2025-05-31 17:41:15,808] {processor.py:654} INFO - DAG(s) dict_keys(['example_kubernetes_executor']) retrieved from /home/airflow/.local/lib/python3.6/site-packages/airflow/example_dags/example_kubernetes_executor.py
[2025-05-31 17:41:15,829] {logging_mixin.py:109} INFO - [2025-05-31 17:41:15,828] {dag.py:2396} INFO - Sync 1 DAGs
[2025-05-31 17:41:15,862] {logging_mixin.py:109} INFO - [2025-05-31 17:41:15,862] {dag.py:2935} INFO - Setting next_dagrun for example_kubernetes_executor to None
[2025-05-31 17:41:15,880] {processor.py:171} INFO - Processing /home/airflow/.local/lib/python3.6/site-packages/airflow/example_dags/example_kubernetes_executor.py took 0.161 seconds
[2025-05-31 17:41:46,732] {processor.py:163} INFO - Started process (PID=4240) to work on /home/airflow/.local/lib/python3.6/site-packages/airflow/example_dags/example_kubernetes_executor.py
[2025-05-31 17:41:46,735] {processor.py:642} INFO - Processing file /home/airflow/.local/lib/python3.6/site-packages/airflow/example_dags/example_kubernetes_executor.py for tasks to queue
[2025-05-31 17:41:46,737] {logging_mixin.py:109} INFO - [2025-05-31 17:41:46,737] {dagbag.py:500} INFO - Filling up the DagBag from /home/airflow/.local/lib/python3.6/site-packages/airflow/example_dags/example_kubernetes_executor.py
[2025-05-31 17:41:46,831] {processor.py:654} INFO - DAG(s) dict_keys(['example_kubernetes_executor']) retrieved from /home/airflow/.local/lib/python3.6/site-packages/airflow/example_dags/example_kubernetes_executor.py
[2025-05-31 17:41:46,860] {logging_mixin.py:109} INFO - [2025-05-31 17:41:46,860] {dag.py:2396} INFO - Sync 1 DAGs
[2025-05-31 17:41:46,897] {logging_mixin.py:109} INFO - [2025-05-31 17:41:46,897] {dag.py:2935} INFO - Setting next_dagrun for example_kubernetes_executor to None
[2025-05-31 17:41:46,915] {processor.py:171} INFO - Processing /home/airflow/.local/lib/python3.6/site-packages/airflow/example_dags/example_kubernetes_executor.py took 0.190 seconds
[2025-05-31 17:42:17,838] {processor.py:163} INFO - Started process (PID=4424) to work on /home/airflow/.local/lib/python3.6/site-packages/airflow/example_dags/example_kubernetes_executor.py
[2025-05-31 17:42:17,842] {processor.py:642} INFO - Processing file /home/airflow/.local/lib/python3.6/site-packages/airflow/example_dags/example_kubernetes_executor.py for tasks to queue
[2025-05-31 17:42:17,845] {logging_mixin.py:109} INFO - [2025-05-31 17:42:17,844] {dagbag.py:500} INFO - Filling up the DagBag from /home/airflow/.local/lib/python3.6/site-packages/airflow/example_dags/example_kubernetes_executor.py
[2025-05-31 17:42:17,929] {processor.py:654} INFO - DAG(s) dict_keys(['example_kubernetes_executor']) retrieved from /home/airflow/.local/lib/python3.6/site-packages/airflow/example_dags/example_kubernetes_executor.py
[2025-05-31 17:42:17,955] {logging_mixin.py:109} INFO - [2025-05-31 17:42:17,954] {dag.py:2396} INFO - Sync 1 DAGs
[2025-05-31 17:42:18,005] {logging_mixin.py:109} INFO - [2025-05-31 17:42:18,004] {dag.py:2935} INFO - Setting next_dagrun for example_kubernetes_executor to None
[2025-05-31 17:42:18,022] {processor.py:171} INFO - Processing /home/airflow/.local/lib/python3.6/site-packages/airflow/example_dags/example_kubernetes_executor.py took 0.195 seconds
[2025-05-31 17:42:48,613] {processor.py:163} INFO - Started process (PID=4617) to work on /home/airflow/.local/lib/python3.6/site-packages/airflow/example_dags/example_kubernetes_executor.py
[2025-05-31 17:42:48,615] {processor.py:642} INFO - Processing file /home/airflow/.local/lib/python3.6/site-packages/airflow/example_dags/example_kubernetes_executor.py for tasks to queue
[2025-05-31 17:42:48,616] {logging_mixin.py:109} INFO - [2025-05-31 17:42:48,616] {dagbag.py:500} INFO - Filling up the DagBag from /home/airflow/.local/lib/python3.6/site-packages/airflow/example_dags/example_kubernetes_executor.py
[2025-05-31 17:42:48,688] {processor.py:654} INFO - DAG(s) dict_keys(['example_kubernetes_executor']) retrieved from /home/airflow/.local/lib/python3.6/site-packages/airflow/example_dags/example_kubernetes_executor.py
[2025-05-31 17:42:48,715] {logging_mixin.py:109} INFO - [2025-05-31 17:42:48,715] {dag.py:2396} INFO - Sync 1 DAGs
[2025-05-31 17:42:48,774] {logging_mixin.py:109} INFO - [2025-05-31 17:42:48,774] {dag.py:2935} INFO - Setting next_dagrun for example_kubernetes_executor to None
[2025-05-31 17:42:48,794] {processor.py:171} INFO - Processing /home/airflow/.local/lib/python3.6/site-packages/airflow/example_dags/example_kubernetes_executor.py took 0.188 seconds
[2025-05-31 17:43:19,460] {processor.py:163} INFO - Started process (PID=4810) to work on /home/airflow/.local/lib/python3.6/site-packages/airflow/example_dags/example_kubernetes_executor.py
[2025-05-31 17:43:19,464] {processor.py:642} INFO - Processing file /home/airflow/.local/lib/python3.6/site-packages/airflow/example_dags/example_kubernetes_executor.py for tasks to queue
[2025-05-31 17:43:19,467] {logging_mixin.py:109} INFO - [2025-05-31 17:43:19,466] {dagbag.py:500} INFO - Filling up the DagBag from /home/airflow/.local/lib/python3.6/site-packages/airflow/example_dags/example_kubernetes_executor.py
[2025-05-31 17:43:19,571] {processor.py:654} INFO - DAG(s) dict_keys(['example_kubernetes_executor']) retrieved from /home/airflow/.local/lib/python3.6/site-packages/airflow/example_dags/example_kubernetes_executor.py
[2025-05-31 17:43:19,614] {logging_mixin.py:109} INFO - [2025-05-31 17:43:19,614] {dag.py:2396} INFO - Sync 1 DAGs
[2025-05-31 17:43:19,692] {logging_mixin.py:109} INFO - [2025-05-31 17:43:19,686] {dag.py:2935} INFO - Setting next_dagrun for example_kubernetes_executor to None
[2025-05-31 17:43:19,767] {processor.py:171} INFO - Processing /home/airflow/.local/lib/python3.6/site-packages/airflow/example_dags/example_kubernetes_executor.py took 0.316 seconds
[2025-05-31 17:43:50,049] {processor.py:163} INFO - Started process (PID=5003) to work on /home/airflow/.local/lib/python3.6/site-packages/airflow/example_dags/example_kubernetes_executor.py
[2025-05-31 17:43:50,052] {processor.py:642} INFO - Processing file /home/airflow/.local/lib/python3.6/site-packages/airflow/example_dags/example_kubernetes_executor.py for tasks to queue
[2025-05-31 17:43:50,054] {logging_mixin.py:109} INFO - [2025-05-31 17:43:50,054] {dagbag.py:500} INFO - Filling up the DagBag from /home/airflow/.local/lib/python3.6/site-packages/airflow/example_dags/example_kubernetes_executor.py
[2025-05-31 17:43:50,116] {processor.py:654} INFO - DAG(s) dict_keys(['example_kubernetes_executor']) retrieved from /home/airflow/.local/lib/python3.6/site-packages/airflow/example_dags/example_kubernetes_executor.py
[2025-05-31 17:43:50,139] {logging_mixin.py:109} INFO - [2025-05-31 17:43:50,139] {dag.py:2396} INFO - Sync 1 DAGs
[2025-05-31 17:43:50,170] {logging_mixin.py:109} INFO - [2025-05-31 17:43:50,170] {dag.py:2935} INFO - Setting next_dagrun for example_kubernetes_executor to None
[2025-05-31 17:43:50,190] {processor.py:171} INFO - Processing /home/airflow/.local/lib/python3.6/site-packages/airflow/example_dags/example_kubernetes_executor.py took 0.147 seconds
[2025-05-31 17:44:20,757] {processor.py:163} INFO - Started process (PID=5196) to work on /home/airflow/.local/lib/python3.6/site-packages/airflow/example_dags/example_kubernetes_executor.py
[2025-05-31 17:44:20,760] {processor.py:642} INFO - Processing file /home/airflow/.local/lib/python3.6/site-packages/airflow/example_dags/example_kubernetes_executor.py for tasks to queue
[2025-05-31 17:44:20,762] {logging_mixin.py:109} INFO - [2025-05-31 17:44:20,762] {dagbag.py:500} INFO - Filling up the DagBag from /home/airflow/.local/lib/python3.6/site-packages/airflow/example_dags/example_kubernetes_executor.py
[2025-05-31 17:44:20,830] {processor.py:654} INFO - DAG(s) dict_keys(['example_kubernetes_executor']) retrieved from /home/airflow/.local/lib/python3.6/site-packages/airflow/example_dags/example_kubernetes_executor.py
[2025-05-31 17:44:20,857] {logging_mixin.py:109} INFO - [2025-05-31 17:44:20,857] {dag.py:2396} INFO - Sync 1 DAGs
[2025-05-31 17:44:20,896] {logging_mixin.py:109} INFO - [2025-05-31 17:44:20,895] {dag.py:2935} INFO - Setting next_dagrun for example_kubernetes_executor to None
[2025-05-31 17:44:20,915] {processor.py:171} INFO - Processing /home/airflow/.local/lib/python3.6/site-packages/airflow/example_dags/example_kubernetes_executor.py took 0.163 seconds
[2025-05-31 17:44:51,100] {processor.py:163} INFO - Started process (PID=5389) to work on /home/airflow/.local/lib/python3.6/site-packages/airflow/example_dags/example_kubernetes_executor.py
[2025-05-31 17:44:51,104] {processor.py:642} INFO - Processing file /home/airflow/.local/lib/python3.6/site-packages/airflow/example_dags/example_kubernetes_executor.py for tasks to queue
[2025-05-31 17:44:51,105] {logging_mixin.py:109} INFO - [2025-05-31 17:44:51,105] {dagbag.py:500} INFO - Filling up the DagBag from /home/airflow/.local/lib/python3.6/site-packages/airflow/example_dags/example_kubernetes_executor.py
[2025-05-31 17:44:51,175] {processor.py:654} INFO - DAG(s) dict_keys(['example_kubernetes_executor']) retrieved from /home/airflow/.local/lib/python3.6/site-packages/airflow/example_dags/example_kubernetes_executor.py
[2025-05-31 17:44:51,204] {logging_mixin.py:109} INFO - [2025-05-31 17:44:51,204] {dag.py:2396} INFO - Sync 1 DAGs
[2025-05-31 17:44:51,235] {logging_mixin.py:109} INFO - [2025-05-31 17:44:51,234] {dag.py:2935} INFO - Setting next_dagrun for example_kubernetes_executor to None
[2025-05-31 17:44:51,252] {processor.py:171} INFO - Processing /home/airflow/.local/lib/python3.6/site-packages/airflow/example_dags/example_kubernetes_executor.py took 0.157 seconds
