[2025-05-31 10:45:48,010] {processor.py:163} INFO - Started process (PID=229) to work on /home/airflow/.local/lib/python3.6/site-packages/airflow/example_dags/example_branch_day_of_week_operator.py
[2025-05-31 10:45:48,012] {processor.py:642} INFO - Processing file /home/airflow/.local/lib/python3.6/site-packages/airflow/example_dags/example_branch_day_of_week_operator.py for tasks to queue
[2025-05-31 10:45:48,014] {logging_mixin.py:109} INFO - [2025-05-31 10:45:48,014] {dagbag.py:500} INFO - Filling up the DagBag from /home/airflow/.local/lib/python3.6/site-packages/airflow/example_dags/example_branch_day_of_week_operator.py
[2025-05-31 10:45:48,079] {processor.py:654} INFO - DAG(s) dict_keys(['example_weekday_branch_operator']) retrieved from /home/airflow/.local/lib/python3.6/site-packages/airflow/example_dags/example_branch_day_of_week_operator.py
[2025-05-31 10:45:48,097] {logging_mixin.py:109} INFO - [2025-05-31 10:45:48,097] {dag.py:2396} INFO - Sync 1 DAGs
[2025-05-31 10:45:48,131] {logging_mixin.py:109} INFO - [2025-05-31 10:45:48,130] {dag.py:2935} INFO - Setting next_dagrun for example_weekday_branch_operator to 2025-05-30 00:00:00+00:00
[2025-05-31 10:45:48,158] {processor.py:171} INFO - Processing /home/airflow/.local/lib/python3.6/site-packages/airflow/example_dags/example_branch_day_of_week_operator.py took 0.154 seconds
[2025-05-31 10:46:18,950] {processor.py:163} INFO - Started process (PID=404) to work on /home/airflow/.local/lib/python3.6/site-packages/airflow/example_dags/example_branch_day_of_week_operator.py
[2025-05-31 10:46:18,952] {processor.py:642} INFO - Processing file /home/airflow/.local/lib/python3.6/site-packages/airflow/example_dags/example_branch_day_of_week_operator.py for tasks to queue
[2025-05-31 10:46:18,953] {logging_mixin.py:109} INFO - [2025-05-31 10:46:18,953] {dagbag.py:500} INFO - Filling up the DagBag from /home/airflow/.local/lib/python3.6/site-packages/airflow/example_dags/example_branch_day_of_week_operator.py
[2025-05-31 10:46:19,002] {processor.py:654} INFO - DAG(s) dict_keys(['example_weekday_branch_operator']) retrieved from /home/airflow/.local/lib/python3.6/site-packages/airflow/example_dags/example_branch_day_of_week_operator.py
[2025-05-31 10:46:19,019] {logging_mixin.py:109} INFO - [2025-05-31 10:46:19,019] {dag.py:2396} INFO - Sync 1 DAGs
[2025-05-31 10:46:19,050] {logging_mixin.py:109} INFO - [2025-05-31 10:46:19,050] {dag.py:2935} INFO - Setting next_dagrun for example_weekday_branch_operator to 2025-05-30 00:00:00+00:00
[2025-05-31 10:46:19,065] {processor.py:171} INFO - Processing /home/airflow/.local/lib/python3.6/site-packages/airflow/example_dags/example_branch_day_of_week_operator.py took 0.120 seconds
[2025-05-31 10:46:49,726] {processor.py:163} INFO - Started process (PID=594) to work on /home/airflow/.local/lib/python3.6/site-packages/airflow/example_dags/example_branch_day_of_week_operator.py
[2025-05-31 10:46:49,728] {processor.py:642} INFO - Processing file /home/airflow/.local/lib/python3.6/site-packages/airflow/example_dags/example_branch_day_of_week_operator.py for tasks to queue
[2025-05-31 10:46:49,729] {logging_mixin.py:109} INFO - [2025-05-31 10:46:49,729] {dagbag.py:500} INFO - Filling up the DagBag from /home/airflow/.local/lib/python3.6/site-packages/airflow/example_dags/example_branch_day_of_week_operator.py
[2025-05-31 10:46:49,767] {processor.py:654} INFO - DAG(s) dict_keys(['example_weekday_branch_operator']) retrieved from /home/airflow/.local/lib/python3.6/site-packages/airflow/example_dags/example_branch_day_of_week_operator.py
[2025-05-31 10:46:49,783] {logging_mixin.py:109} INFO - [2025-05-31 10:46:49,783] {dag.py:2396} INFO - Sync 1 DAGs
[2025-05-31 10:46:49,819] {logging_mixin.py:109} INFO - [2025-05-31 10:46:49,818] {dag.py:2935} INFO - Setting next_dagrun for example_weekday_branch_operator to 2025-05-30 00:00:00+00:00
[2025-05-31 10:46:49,837] {processor.py:171} INFO - Processing /home/airflow/.local/lib/python3.6/site-packages/airflow/example_dags/example_branch_day_of_week_operator.py took 0.116 seconds
[2025-05-31 10:47:20,683] {processor.py:163} INFO - Started process (PID=769) to work on /home/airflow/.local/lib/python3.6/site-packages/airflow/example_dags/example_branch_day_of_week_operator.py
[2025-05-31 10:47:20,685] {processor.py:642} INFO - Processing file /home/airflow/.local/lib/python3.6/site-packages/airflow/example_dags/example_branch_day_of_week_operator.py for tasks to queue
[2025-05-31 10:47:20,687] {logging_mixin.py:109} INFO - [2025-05-31 10:47:20,686] {dagbag.py:500} INFO - Filling up the DagBag from /home/airflow/.local/lib/python3.6/site-packages/airflow/example_dags/example_branch_day_of_week_operator.py
[2025-05-31 10:47:20,728] {processor.py:654} INFO - DAG(s) dict_keys(['example_weekday_branch_operator']) retrieved from /home/airflow/.local/lib/python3.6/site-packages/airflow/example_dags/example_branch_day_of_week_operator.py
[2025-05-31 10:47:20,745] {logging_mixin.py:109} INFO - [2025-05-31 10:47:20,745] {dag.py:2396} INFO - Sync 1 DAGs
[2025-05-31 10:47:20,771] {logging_mixin.py:109} INFO - [2025-05-31 10:47:20,771] {dag.py:2935} INFO - Setting next_dagrun for example_weekday_branch_operator to 2025-05-30 00:00:00+00:00
[2025-05-31 10:47:20,785] {processor.py:171} INFO - Processing /home/airflow/.local/lib/python3.6/site-packages/airflow/example_dags/example_branch_day_of_week_operator.py took 0.107 seconds
[2025-05-31 10:47:51,695] {processor.py:163} INFO - Started process (PID=955) to work on /home/airflow/.local/lib/python3.6/site-packages/airflow/example_dags/example_branch_day_of_week_operator.py
[2025-05-31 10:47:51,696] {processor.py:642} INFO - Processing file /home/airflow/.local/lib/python3.6/site-packages/airflow/example_dags/example_branch_day_of_week_operator.py for tasks to queue
[2025-05-31 10:47:51,697] {logging_mixin.py:109} INFO - [2025-05-31 10:47:51,697] {dagbag.py:500} INFO - Filling up the DagBag from /home/airflow/.local/lib/python3.6/site-packages/airflow/example_dags/example_branch_day_of_week_operator.py
[2025-05-31 10:47:51,732] {processor.py:654} INFO - DAG(s) dict_keys(['example_weekday_branch_operator']) retrieved from /home/airflow/.local/lib/python3.6/site-packages/airflow/example_dags/example_branch_day_of_week_operator.py
[2025-05-31 10:47:51,745] {logging_mixin.py:109} INFO - [2025-05-31 10:47:51,745] {dag.py:2396} INFO - Sync 1 DAGs
[2025-05-31 10:47:51,770] {logging_mixin.py:109} INFO - [2025-05-31 10:47:51,770] {dag.py:2935} INFO - Setting next_dagrun for example_weekday_branch_operator to 2025-05-30 00:00:00+00:00
[2025-05-31 10:47:51,781] {processor.py:171} INFO - Processing /home/airflow/.local/lib/python3.6/site-packages/airflow/example_dags/example_branch_day_of_week_operator.py took 0.091 seconds
[2025-05-31 10:48:23,056] {processor.py:163} INFO - Started process (PID=1145) to work on /home/airflow/.local/lib/python3.6/site-packages/airflow/example_dags/example_branch_day_of_week_operator.py
[2025-05-31 10:48:23,059] {processor.py:642} INFO - Processing file /home/airflow/.local/lib/python3.6/site-packages/airflow/example_dags/example_branch_day_of_week_operator.py for tasks to queue
[2025-05-31 10:48:23,061] {logging_mixin.py:109} INFO - [2025-05-31 10:48:23,060] {dagbag.py:500} INFO - Filling up the DagBag from /home/airflow/.local/lib/python3.6/site-packages/airflow/example_dags/example_branch_day_of_week_operator.py
[2025-05-31 10:48:23,097] {processor.py:654} INFO - DAG(s) dict_keys(['example_weekday_branch_operator']) retrieved from /home/airflow/.local/lib/python3.6/site-packages/airflow/example_dags/example_branch_day_of_week_operator.py
[2025-05-31 10:48:23,112] {logging_mixin.py:109} INFO - [2025-05-31 10:48:23,111] {dag.py:2396} INFO - Sync 1 DAGs
[2025-05-31 10:48:23,140] {logging_mixin.py:109} INFO - [2025-05-31 10:48:23,140] {dag.py:2935} INFO - Setting next_dagrun for example_weekday_branch_operator to 2025-05-30 00:00:00+00:00
[2025-05-31 10:48:23,153] {processor.py:171} INFO - Processing /home/airflow/.local/lib/python3.6/site-packages/airflow/example_dags/example_branch_day_of_week_operator.py took 0.101 seconds
[2025-05-31 10:48:54,150] {processor.py:163} INFO - Started process (PID=1325) to work on /home/airflow/.local/lib/python3.6/site-packages/airflow/example_dags/example_branch_day_of_week_operator.py
[2025-05-31 10:48:54,152] {processor.py:642} INFO - Processing file /home/airflow/.local/lib/python3.6/site-packages/airflow/example_dags/example_branch_day_of_week_operator.py for tasks to queue
[2025-05-31 10:48:54,153] {logging_mixin.py:109} INFO - [2025-05-31 10:48:54,153] {dagbag.py:500} INFO - Filling up the DagBag from /home/airflow/.local/lib/python3.6/site-packages/airflow/example_dags/example_branch_day_of_week_operator.py
[2025-05-31 10:48:54,207] {processor.py:654} INFO - DAG(s) dict_keys(['example_weekday_branch_operator']) retrieved from /home/airflow/.local/lib/python3.6/site-packages/airflow/example_dags/example_branch_day_of_week_operator.py
[2025-05-31 10:48:54,225] {logging_mixin.py:109} INFO - [2025-05-31 10:48:54,225] {dag.py:2396} INFO - Sync 1 DAGs
[2025-05-31 10:48:54,263] {logging_mixin.py:109} INFO - [2025-05-31 10:48:54,263] {dag.py:2935} INFO - Setting next_dagrun for example_weekday_branch_operator to 2025-05-30 00:00:00+00:00
[2025-05-31 10:48:54,278] {processor.py:171} INFO - Processing /home/airflow/.local/lib/python3.6/site-packages/airflow/example_dags/example_branch_day_of_week_operator.py took 0.135 seconds
[2025-05-31 10:49:24,581] {processor.py:163} INFO - Started process (PID=1500) to work on /home/airflow/.local/lib/python3.6/site-packages/airflow/example_dags/example_branch_day_of_week_operator.py
[2025-05-31 10:49:24,583] {processor.py:642} INFO - Processing file /home/airflow/.local/lib/python3.6/site-packages/airflow/example_dags/example_branch_day_of_week_operator.py for tasks to queue
[2025-05-31 10:49:24,585] {logging_mixin.py:109} INFO - [2025-05-31 10:49:24,585] {dagbag.py:500} INFO - Filling up the DagBag from /home/airflow/.local/lib/python3.6/site-packages/airflow/example_dags/example_branch_day_of_week_operator.py
[2025-05-31 10:49:24,658] {processor.py:654} INFO - DAG(s) dict_keys(['example_weekday_branch_operator']) retrieved from /home/airflow/.local/lib/python3.6/site-packages/airflow/example_dags/example_branch_day_of_week_operator.py
[2025-05-31 10:49:24,707] {logging_mixin.py:109} INFO - [2025-05-31 10:49:24,707] {dag.py:2396} INFO - Sync 1 DAGs
[2025-05-31 10:49:24,788] {logging_mixin.py:109} INFO - [2025-05-31 10:49:24,788] {dag.py:2935} INFO - Setting next_dagrun for example_weekday_branch_operator to 2025-05-30 00:00:00+00:00
[2025-05-31 10:49:24,814] {processor.py:171} INFO - Processing /home/airflow/.local/lib/python3.6/site-packages/airflow/example_dags/example_branch_day_of_week_operator.py took 0.241 seconds
[2025-05-31 10:49:54,926] {processor.py:163} INFO - Started process (PID=1680) to work on /home/airflow/.local/lib/python3.6/site-packages/airflow/example_dags/example_branch_day_of_week_operator.py
[2025-05-31 10:49:54,927] {processor.py:642} INFO - Processing file /home/airflow/.local/lib/python3.6/site-packages/airflow/example_dags/example_branch_day_of_week_operator.py for tasks to queue
[2025-05-31 10:49:54,928] {logging_mixin.py:109} INFO - [2025-05-31 10:49:54,928] {dagbag.py:500} INFO - Filling up the DagBag from /home/airflow/.local/lib/python3.6/site-packages/airflow/example_dags/example_branch_day_of_week_operator.py
[2025-05-31 10:49:54,960] {processor.py:654} INFO - DAG(s) dict_keys(['example_weekday_branch_operator']) retrieved from /home/airflow/.local/lib/python3.6/site-packages/airflow/example_dags/example_branch_day_of_week_operator.py
[2025-05-31 10:49:54,973] {logging_mixin.py:109} INFO - [2025-05-31 10:49:54,973] {dag.py:2396} INFO - Sync 1 DAGs
[2025-05-31 10:49:54,996] {logging_mixin.py:109} INFO - [2025-05-31 10:49:54,996] {dag.py:2935} INFO - Setting next_dagrun for example_weekday_branch_operator to 2025-05-30 00:00:00+00:00
[2025-05-31 10:49:55,009] {processor.py:171} INFO - Processing /home/airflow/.local/lib/python3.6/site-packages/airflow/example_dags/example_branch_day_of_week_operator.py took 0.086 seconds
[2025-05-31 10:50:25,648] {processor.py:163} INFO - Started process (PID=1871) to work on /home/airflow/.local/lib/python3.6/site-packages/airflow/example_dags/example_branch_day_of_week_operator.py
[2025-05-31 10:50:25,650] {processor.py:642} INFO - Processing file /home/airflow/.local/lib/python3.6/site-packages/airflow/example_dags/example_branch_day_of_week_operator.py for tasks to queue
[2025-05-31 10:50:25,651] {logging_mixin.py:109} INFO - [2025-05-31 10:50:25,651] {dagbag.py:500} INFO - Filling up the DagBag from /home/airflow/.local/lib/python3.6/site-packages/airflow/example_dags/example_branch_day_of_week_operator.py
[2025-05-31 10:50:25,699] {processor.py:654} INFO - DAG(s) dict_keys(['example_weekday_branch_operator']) retrieved from /home/airflow/.local/lib/python3.6/site-packages/airflow/example_dags/example_branch_day_of_week_operator.py
[2025-05-31 10:50:25,716] {logging_mixin.py:109} INFO - [2025-05-31 10:50:25,716] {dag.py:2396} INFO - Sync 1 DAGs
[2025-05-31 10:50:25,750] {logging_mixin.py:109} INFO - [2025-05-31 10:50:25,749] {dag.py:2935} INFO - Setting next_dagrun for example_weekday_branch_operator to 2025-05-30 00:00:00+00:00
[2025-05-31 10:50:25,764] {processor.py:171} INFO - Processing /home/airflow/.local/lib/python3.6/site-packages/airflow/example_dags/example_branch_day_of_week_operator.py took 0.122 seconds
[2025-05-31 10:50:56,088] {processor.py:163} INFO - Started process (PID=2051) to work on /home/airflow/.local/lib/python3.6/site-packages/airflow/example_dags/example_branch_day_of_week_operator.py
[2025-05-31 10:50:56,089] {processor.py:642} INFO - Processing file /home/airflow/.local/lib/python3.6/site-packages/airflow/example_dags/example_branch_day_of_week_operator.py for tasks to queue
[2025-05-31 10:50:56,091] {logging_mixin.py:109} INFO - [2025-05-31 10:50:56,090] {dagbag.py:500} INFO - Filling up the DagBag from /home/airflow/.local/lib/python3.6/site-packages/airflow/example_dags/example_branch_day_of_week_operator.py
[2025-05-31 10:50:56,130] {processor.py:654} INFO - DAG(s) dict_keys(['example_weekday_branch_operator']) retrieved from /home/airflow/.local/lib/python3.6/site-packages/airflow/example_dags/example_branch_day_of_week_operator.py
[2025-05-31 10:50:56,144] {logging_mixin.py:109} INFO - [2025-05-31 10:50:56,144] {dag.py:2396} INFO - Sync 1 DAGs
[2025-05-31 10:50:56,178] {logging_mixin.py:109} INFO - [2025-05-31 10:50:56,178] {dag.py:2935} INFO - Setting next_dagrun for example_weekday_branch_operator to 2025-05-30 00:00:00+00:00
[2025-05-31 10:50:56,192] {processor.py:171} INFO - Processing /home/airflow/.local/lib/python3.6/site-packages/airflow/example_dags/example_branch_day_of_week_operator.py took 0.109 seconds
[2025-05-31 10:51:26,733] {processor.py:163} INFO - Started process (PID=2231) to work on /home/airflow/.local/lib/python3.6/site-packages/airflow/example_dags/example_branch_day_of_week_operator.py
[2025-05-31 10:51:26,736] {processor.py:642} INFO - Processing file /home/airflow/.local/lib/python3.6/site-packages/airflow/example_dags/example_branch_day_of_week_operator.py for tasks to queue
[2025-05-31 10:51:26,737] {logging_mixin.py:109} INFO - [2025-05-31 10:51:26,737] {dagbag.py:500} INFO - Filling up the DagBag from /home/airflow/.local/lib/python3.6/site-packages/airflow/example_dags/example_branch_day_of_week_operator.py
[2025-05-31 10:51:26,777] {processor.py:654} INFO - DAG(s) dict_keys(['example_weekday_branch_operator']) retrieved from /home/airflow/.local/lib/python3.6/site-packages/airflow/example_dags/example_branch_day_of_week_operator.py
[2025-05-31 10:51:26,794] {logging_mixin.py:109} INFO - [2025-05-31 10:51:26,794] {dag.py:2396} INFO - Sync 1 DAGs
[2025-05-31 10:51:26,821] {logging_mixin.py:109} INFO - [2025-05-31 10:51:26,821] {dag.py:2935} INFO - Setting next_dagrun for example_weekday_branch_operator to 2025-05-30 00:00:00+00:00
[2025-05-31 10:51:26,836] {processor.py:171} INFO - Processing /home/airflow/.local/lib/python3.6/site-packages/airflow/example_dags/example_branch_day_of_week_operator.py took 0.108 seconds
[2025-05-31 10:51:58,217] {processor.py:163} INFO - Started process (PID=2421) to work on /home/airflow/.local/lib/python3.6/site-packages/airflow/example_dags/example_branch_day_of_week_operator.py
[2025-05-31 10:51:58,219] {processor.py:642} INFO - Processing file /home/airflow/.local/lib/python3.6/site-packages/airflow/example_dags/example_branch_day_of_week_operator.py for tasks to queue
[2025-05-31 10:51:58,220] {logging_mixin.py:109} INFO - [2025-05-31 10:51:58,220] {dagbag.py:500} INFO - Filling up the DagBag from /home/airflow/.local/lib/python3.6/site-packages/airflow/example_dags/example_branch_day_of_week_operator.py
[2025-05-31 10:51:58,257] {processor.py:654} INFO - DAG(s) dict_keys(['example_weekday_branch_operator']) retrieved from /home/airflow/.local/lib/python3.6/site-packages/airflow/example_dags/example_branch_day_of_week_operator.py
[2025-05-31 10:51:58,271] {logging_mixin.py:109} INFO - [2025-05-31 10:51:58,271] {dag.py:2396} INFO - Sync 1 DAGs
[2025-05-31 10:51:58,298] {logging_mixin.py:109} INFO - [2025-05-31 10:51:58,298] {dag.py:2935} INFO - Setting next_dagrun for example_weekday_branch_operator to 2025-05-30 00:00:00+00:00
[2025-05-31 10:51:58,314] {processor.py:171} INFO - Processing /home/airflow/.local/lib/python3.6/site-packages/airflow/example_dags/example_branch_day_of_week_operator.py took 0.101 seconds
[2025-05-31 10:52:29,433] {processor.py:163} INFO - Started process (PID=2601) to work on /home/airflow/.local/lib/python3.6/site-packages/airflow/example_dags/example_branch_day_of_week_operator.py
[2025-05-31 10:52:29,436] {processor.py:642} INFO - Processing file /home/airflow/.local/lib/python3.6/site-packages/airflow/example_dags/example_branch_day_of_week_operator.py for tasks to queue
[2025-05-31 10:52:29,445] {logging_mixin.py:109} INFO - [2025-05-31 10:52:29,445] {dagbag.py:500} INFO - Filling up the DagBag from /home/airflow/.local/lib/python3.6/site-packages/airflow/example_dags/example_branch_day_of_week_operator.py
[2025-05-31 10:52:29,530] {processor.py:654} INFO - DAG(s) dict_keys(['example_weekday_branch_operator']) retrieved from /home/airflow/.local/lib/python3.6/site-packages/airflow/example_dags/example_branch_day_of_week_operator.py
[2025-05-31 10:52:29,569] {logging_mixin.py:109} INFO - [2025-05-31 10:52:29,567] {dag.py:2396} INFO - Sync 1 DAGs
[2025-05-31 10:52:29,618] {logging_mixin.py:109} INFO - [2025-05-31 10:52:29,618] {dag.py:2935} INFO - Setting next_dagrun for example_weekday_branch_operator to 2025-05-30 00:00:00+00:00
[2025-05-31 10:52:29,638] {processor.py:171} INFO - Processing /home/airflow/.local/lib/python3.6/site-packages/airflow/example_dags/example_branch_day_of_week_operator.py took 0.212 seconds
[2025-05-31 10:53:01,423] {processor.py:163} INFO - Started process (PID=2781) to work on /home/airflow/.local/lib/python3.6/site-packages/airflow/example_dags/example_branch_day_of_week_operator.py
[2025-05-31 10:53:01,425] {processor.py:642} INFO - Processing file /home/airflow/.local/lib/python3.6/site-packages/airflow/example_dags/example_branch_day_of_week_operator.py for tasks to queue
[2025-05-31 10:53:01,428] {logging_mixin.py:109} INFO - [2025-05-31 10:53:01,427] {dagbag.py:500} INFO - Filling up the DagBag from /home/airflow/.local/lib/python3.6/site-packages/airflow/example_dags/example_branch_day_of_week_operator.py
[2025-05-31 10:53:01,502] {processor.py:654} INFO - DAG(s) dict_keys(['example_weekday_branch_operator']) retrieved from /home/airflow/.local/lib/python3.6/site-packages/airflow/example_dags/example_branch_day_of_week_operator.py
[2025-05-31 10:53:01,530] {logging_mixin.py:109} INFO - [2025-05-31 10:53:01,530] {dag.py:2396} INFO - Sync 1 DAGs
[2025-05-31 10:53:01,594] {logging_mixin.py:109} INFO - [2025-05-31 10:53:01,594] {dag.py:2935} INFO - Setting next_dagrun for example_weekday_branch_operator to 2025-05-30 00:00:00+00:00
[2025-05-31 10:53:01,616] {processor.py:171} INFO - Processing /home/airflow/.local/lib/python3.6/site-packages/airflow/example_dags/example_branch_day_of_week_operator.py took 0.201 seconds
[2025-05-31 10:53:32,949] {processor.py:163} INFO - Started process (PID=2961) to work on /home/airflow/.local/lib/python3.6/site-packages/airflow/example_dags/example_branch_day_of_week_operator.py
[2025-05-31 10:53:32,952] {processor.py:642} INFO - Processing file /home/airflow/.local/lib/python3.6/site-packages/airflow/example_dags/example_branch_day_of_week_operator.py for tasks to queue
[2025-05-31 10:53:32,954] {logging_mixin.py:109} INFO - [2025-05-31 10:53:32,954] {dagbag.py:500} INFO - Filling up the DagBag from /home/airflow/.local/lib/python3.6/site-packages/airflow/example_dags/example_branch_day_of_week_operator.py
[2025-05-31 10:53:33,053] {processor.py:654} INFO - DAG(s) dict_keys(['example_weekday_branch_operator']) retrieved from /home/airflow/.local/lib/python3.6/site-packages/airflow/example_dags/example_branch_day_of_week_operator.py
[2025-05-31 10:53:33,094] {logging_mixin.py:109} INFO - [2025-05-31 10:53:33,093] {dag.py:2396} INFO - Sync 1 DAGs
[2025-05-31 10:53:33,164] {logging_mixin.py:109} INFO - [2025-05-31 10:53:33,163] {dag.py:2935} INFO - Setting next_dagrun for example_weekday_branch_operator to 2025-05-30 00:00:00+00:00
[2025-05-31 10:53:33,194] {processor.py:171} INFO - Processing /home/airflow/.local/lib/python3.6/site-packages/airflow/example_dags/example_branch_day_of_week_operator.py took 0.254 seconds
[2025-05-31 10:54:03,602] {processor.py:163} INFO - Started process (PID=3141) to work on /home/airflow/.local/lib/python3.6/site-packages/airflow/example_dags/example_branch_day_of_week_operator.py
[2025-05-31 10:54:03,604] {processor.py:642} INFO - Processing file /home/airflow/.local/lib/python3.6/site-packages/airflow/example_dags/example_branch_day_of_week_operator.py for tasks to queue
[2025-05-31 10:54:03,611] {logging_mixin.py:109} INFO - [2025-05-31 10:54:03,611] {dagbag.py:500} INFO - Filling up the DagBag from /home/airflow/.local/lib/python3.6/site-packages/airflow/example_dags/example_branch_day_of_week_operator.py
[2025-05-31 10:54:03,732] {processor.py:654} INFO - DAG(s) dict_keys(['example_weekday_branch_operator']) retrieved from /home/airflow/.local/lib/python3.6/site-packages/airflow/example_dags/example_branch_day_of_week_operator.py
[2025-05-31 10:54:03,769] {logging_mixin.py:109} INFO - [2025-05-31 10:54:03,768] {dag.py:2396} INFO - Sync 1 DAGs
[2025-05-31 10:54:03,859] {logging_mixin.py:109} INFO - [2025-05-31 10:54:03,859] {dag.py:2935} INFO - Setting next_dagrun for example_weekday_branch_operator to 2025-05-30 00:00:00+00:00
[2025-05-31 10:54:03,905] {processor.py:171} INFO - Processing /home/airflow/.local/lib/python3.6/site-packages/airflow/example_dags/example_branch_day_of_week_operator.py took 0.309 seconds
[2025-05-31 10:54:34,595] {processor.py:163} INFO - Started process (PID=3330) to work on /home/airflow/.local/lib/python3.6/site-packages/airflow/example_dags/example_branch_day_of_week_operator.py
[2025-05-31 10:54:34,597] {processor.py:642} INFO - Processing file /home/airflow/.local/lib/python3.6/site-packages/airflow/example_dags/example_branch_day_of_week_operator.py for tasks to queue
[2025-05-31 10:54:34,598] {logging_mixin.py:109} INFO - [2025-05-31 10:54:34,598] {dagbag.py:500} INFO - Filling up the DagBag from /home/airflow/.local/lib/python3.6/site-packages/airflow/example_dags/example_branch_day_of_week_operator.py
[2025-05-31 10:54:34,687] {processor.py:654} INFO - DAG(s) dict_keys(['example_weekday_branch_operator']) retrieved from /home/airflow/.local/lib/python3.6/site-packages/airflow/example_dags/example_branch_day_of_week_operator.py
[2025-05-31 10:54:34,719] {logging_mixin.py:109} INFO - [2025-05-31 10:54:34,719] {dag.py:2396} INFO - Sync 1 DAGs
[2025-05-31 10:54:34,794] {logging_mixin.py:109} INFO - [2025-05-31 10:54:34,794] {dag.py:2935} INFO - Setting next_dagrun for example_weekday_branch_operator to 2025-05-30 00:00:00+00:00
[2025-05-31 10:54:34,812] {processor.py:171} INFO - Processing /home/airflow/.local/lib/python3.6/site-packages/airflow/example_dags/example_branch_day_of_week_operator.py took 0.224 seconds
[2025-05-31 10:55:05,693] {processor.py:163} INFO - Started process (PID=3511) to work on /home/airflow/.local/lib/python3.6/site-packages/airflow/example_dags/example_branch_day_of_week_operator.py
[2025-05-31 10:55:05,695] {processor.py:642} INFO - Processing file /home/airflow/.local/lib/python3.6/site-packages/airflow/example_dags/example_branch_day_of_week_operator.py for tasks to queue
[2025-05-31 10:55:05,697] {logging_mixin.py:109} INFO - [2025-05-31 10:55:05,696] {dagbag.py:500} INFO - Filling up the DagBag from /home/airflow/.local/lib/python3.6/site-packages/airflow/example_dags/example_branch_day_of_week_operator.py
[2025-05-31 10:55:05,738] {processor.py:654} INFO - DAG(s) dict_keys(['example_weekday_branch_operator']) retrieved from /home/airflow/.local/lib/python3.6/site-packages/airflow/example_dags/example_branch_day_of_week_operator.py
[2025-05-31 10:55:05,754] {logging_mixin.py:109} INFO - [2025-05-31 10:55:05,754] {dag.py:2396} INFO - Sync 1 DAGs
[2025-05-31 10:55:05,784] {logging_mixin.py:109} INFO - [2025-05-31 10:55:05,784] {dag.py:2935} INFO - Setting next_dagrun for example_weekday_branch_operator to 2025-05-30 00:00:00+00:00
[2025-05-31 10:55:05,799] {processor.py:171} INFO - Processing /home/airflow/.local/lib/python3.6/site-packages/airflow/example_dags/example_branch_day_of_week_operator.py took 0.110 seconds
[2025-05-31 10:55:36,400] {processor.py:163} INFO - Started process (PID=3691) to work on /home/airflow/.local/lib/python3.6/site-packages/airflow/example_dags/example_branch_day_of_week_operator.py
[2025-05-31 10:55:36,402] {processor.py:642} INFO - Processing file /home/airflow/.local/lib/python3.6/site-packages/airflow/example_dags/example_branch_day_of_week_operator.py for tasks to queue
[2025-05-31 10:55:36,403] {logging_mixin.py:109} INFO - [2025-05-31 10:55:36,403] {dagbag.py:500} INFO - Filling up the DagBag from /home/airflow/.local/lib/python3.6/site-packages/airflow/example_dags/example_branch_day_of_week_operator.py
[2025-05-31 10:55:36,470] {processor.py:654} INFO - DAG(s) dict_keys(['example_weekday_branch_operator']) retrieved from /home/airflow/.local/lib/python3.6/site-packages/airflow/example_dags/example_branch_day_of_week_operator.py
[2025-05-31 10:55:36,498] {logging_mixin.py:109} INFO - [2025-05-31 10:55:36,498] {dag.py:2396} INFO - Sync 1 DAGs
[2025-05-31 10:55:36,557] {logging_mixin.py:109} INFO - [2025-05-31 10:55:36,556] {dag.py:2935} INFO - Setting next_dagrun for example_weekday_branch_operator to 2025-05-30 00:00:00+00:00
[2025-05-31 10:55:36,576] {processor.py:171} INFO - Processing /home/airflow/.local/lib/python3.6/site-packages/airflow/example_dags/example_branch_day_of_week_operator.py took 0.184 seconds
[2025-05-31 10:56:07,710] {processor.py:163} INFO - Started process (PID=3881) to work on /home/airflow/.local/lib/python3.6/site-packages/airflow/example_dags/example_branch_day_of_week_operator.py
[2025-05-31 10:56:07,712] {processor.py:642} INFO - Processing file /home/airflow/.local/lib/python3.6/site-packages/airflow/example_dags/example_branch_day_of_week_operator.py for tasks to queue
[2025-05-31 10:56:07,714] {logging_mixin.py:109} INFO - [2025-05-31 10:56:07,714] {dagbag.py:500} INFO - Filling up the DagBag from /home/airflow/.local/lib/python3.6/site-packages/airflow/example_dags/example_branch_day_of_week_operator.py
[2025-05-31 10:56:07,770] {processor.py:654} INFO - DAG(s) dict_keys(['example_weekday_branch_operator']) retrieved from /home/airflow/.local/lib/python3.6/site-packages/airflow/example_dags/example_branch_day_of_week_operator.py
[2025-05-31 10:56:07,794] {logging_mixin.py:109} INFO - [2025-05-31 10:56:07,794] {dag.py:2396} INFO - Sync 1 DAGs
[2025-05-31 10:56:07,842] {logging_mixin.py:109} INFO - [2025-05-31 10:56:07,842] {dag.py:2935} INFO - Setting next_dagrun for example_weekday_branch_operator to 2025-05-30 00:00:00+00:00
[2025-05-31 10:56:07,857] {processor.py:171} INFO - Processing /home/airflow/.local/lib/python3.6/site-packages/airflow/example_dags/example_branch_day_of_week_operator.py took 0.153 seconds
[2025-05-31 10:56:38,613] {processor.py:163} INFO - Started process (PID=4061) to work on /home/airflow/.local/lib/python3.6/site-packages/airflow/example_dags/example_branch_day_of_week_operator.py
[2025-05-31 10:56:38,616] {processor.py:642} INFO - Processing file /home/airflow/.local/lib/python3.6/site-packages/airflow/example_dags/example_branch_day_of_week_operator.py for tasks to queue
[2025-05-31 10:56:38,618] {logging_mixin.py:109} INFO - [2025-05-31 10:56:38,618] {dagbag.py:500} INFO - Filling up the DagBag from /home/airflow/.local/lib/python3.6/site-packages/airflow/example_dags/example_branch_day_of_week_operator.py
[2025-05-31 10:56:38,680] {processor.py:654} INFO - DAG(s) dict_keys(['example_weekday_branch_operator']) retrieved from /home/airflow/.local/lib/python3.6/site-packages/airflow/example_dags/example_branch_day_of_week_operator.py
[2025-05-31 10:56:38,701] {logging_mixin.py:109} INFO - [2025-05-31 10:56:38,701] {dag.py:2396} INFO - Sync 1 DAGs
[2025-05-31 10:56:38,735] {logging_mixin.py:109} INFO - [2025-05-31 10:56:38,735] {dag.py:2935} INFO - Setting next_dagrun for example_weekday_branch_operator to 2025-05-30 00:00:00+00:00
[2025-05-31 10:56:38,750] {processor.py:171} INFO - Processing /home/airflow/.local/lib/python3.6/site-packages/airflow/example_dags/example_branch_day_of_week_operator.py took 0.148 seconds
[2025-05-31 10:57:10,070] {processor.py:163} INFO - Started process (PID=4241) to work on /home/airflow/.local/lib/python3.6/site-packages/airflow/example_dags/example_branch_day_of_week_operator.py
[2025-05-31 10:57:10,072] {processor.py:642} INFO - Processing file /home/airflow/.local/lib/python3.6/site-packages/airflow/example_dags/example_branch_day_of_week_operator.py for tasks to queue
[2025-05-31 10:57:10,074] {logging_mixin.py:109} INFO - [2025-05-31 10:57:10,074] {dagbag.py:500} INFO - Filling up the DagBag from /home/airflow/.local/lib/python3.6/site-packages/airflow/example_dags/example_branch_day_of_week_operator.py
[2025-05-31 10:57:10,125] {processor.py:654} INFO - DAG(s) dict_keys(['example_weekday_branch_operator']) retrieved from /home/airflow/.local/lib/python3.6/site-packages/airflow/example_dags/example_branch_day_of_week_operator.py
[2025-05-31 10:57:10,142] {logging_mixin.py:109} INFO - [2025-05-31 10:57:10,142] {dag.py:2396} INFO - Sync 1 DAGs
[2025-05-31 10:57:10,175] {logging_mixin.py:109} INFO - [2025-05-31 10:57:10,174] {dag.py:2935} INFO - Setting next_dagrun for example_weekday_branch_operator to 2025-05-30 00:00:00+00:00
[2025-05-31 10:57:10,188] {processor.py:171} INFO - Processing /home/airflow/.local/lib/python3.6/site-packages/airflow/example_dags/example_branch_day_of_week_operator.py took 0.127 seconds
[2025-05-31 10:57:41,744] {processor.py:163} INFO - Started process (PID=4428) to work on /home/airflow/.local/lib/python3.6/site-packages/airflow/example_dags/example_branch_day_of_week_operator.py
[2025-05-31 10:57:41,749] {processor.py:642} INFO - Processing file /home/airflow/.local/lib/python3.6/site-packages/airflow/example_dags/example_branch_day_of_week_operator.py for tasks to queue
[2025-05-31 10:57:41,751] {logging_mixin.py:109} INFO - [2025-05-31 10:57:41,751] {dagbag.py:500} INFO - Filling up the DagBag from /home/airflow/.local/lib/python3.6/site-packages/airflow/example_dags/example_branch_day_of_week_operator.py
[2025-05-31 10:57:41,884] {processor.py:654} INFO - DAG(s) dict_keys(['example_weekday_branch_operator']) retrieved from /home/airflow/.local/lib/python3.6/site-packages/airflow/example_dags/example_branch_day_of_week_operator.py
[2025-05-31 10:57:41,918] {logging_mixin.py:109} INFO - [2025-05-31 10:57:41,918] {dag.py:2396} INFO - Sync 1 DAGs
[2025-05-31 10:57:41,971] {logging_mixin.py:109} INFO - [2025-05-31 10:57:41,971] {dag.py:2935} INFO - Setting next_dagrun for example_weekday_branch_operator to 2025-05-30 00:00:00+00:00
[2025-05-31 10:57:42,001] {processor.py:171} INFO - Processing /home/airflow/.local/lib/python3.6/site-packages/airflow/example_dags/example_branch_day_of_week_operator.py took 0.274 seconds
[2025-05-31 10:58:12,946] {processor.py:163} INFO - Started process (PID=4606) to work on /home/airflow/.local/lib/python3.6/site-packages/airflow/example_dags/example_branch_day_of_week_operator.py
[2025-05-31 10:58:12,949] {processor.py:642} INFO - Processing file /home/airflow/.local/lib/python3.6/site-packages/airflow/example_dags/example_branch_day_of_week_operator.py for tasks to queue
[2025-05-31 10:58:12,950] {logging_mixin.py:109} INFO - [2025-05-31 10:58:12,950] {dagbag.py:500} INFO - Filling up the DagBag from /home/airflow/.local/lib/python3.6/site-packages/airflow/example_dags/example_branch_day_of_week_operator.py
[2025-05-31 10:58:13,005] {processor.py:654} INFO - DAG(s) dict_keys(['example_weekday_branch_operator']) retrieved from /home/airflow/.local/lib/python3.6/site-packages/airflow/example_dags/example_branch_day_of_week_operator.py
[2025-05-31 10:58:13,029] {logging_mixin.py:109} INFO - [2025-05-31 10:58:13,029] {dag.py:2396} INFO - Sync 1 DAGs
[2025-05-31 10:58:13,072] {logging_mixin.py:109} INFO - [2025-05-31 10:58:13,072] {dag.py:2935} INFO - Setting next_dagrun for example_weekday_branch_operator to 2025-05-30 00:00:00+00:00
[2025-05-31 10:58:13,089] {processor.py:171} INFO - Processing /home/airflow/.local/lib/python3.6/site-packages/airflow/example_dags/example_branch_day_of_week_operator.py took 0.150 seconds
[2025-05-31 10:58:43,800] {processor.py:163} INFO - Started process (PID=4791) to work on /home/airflow/.local/lib/python3.6/site-packages/airflow/example_dags/example_branch_day_of_week_operator.py
[2025-05-31 10:58:43,801] {processor.py:642} INFO - Processing file /home/airflow/.local/lib/python3.6/site-packages/airflow/example_dags/example_branch_day_of_week_operator.py for tasks to queue
[2025-05-31 10:58:43,802] {logging_mixin.py:109} INFO - [2025-05-31 10:58:43,802] {dagbag.py:500} INFO - Filling up the DagBag from /home/airflow/.local/lib/python3.6/site-packages/airflow/example_dags/example_branch_day_of_week_operator.py
[2025-05-31 10:58:43,838] {processor.py:654} INFO - DAG(s) dict_keys(['example_weekday_branch_operator']) retrieved from /home/airflow/.local/lib/python3.6/site-packages/airflow/example_dags/example_branch_day_of_week_operator.py
[2025-05-31 10:58:43,853] {logging_mixin.py:109} INFO - [2025-05-31 10:58:43,853] {dag.py:2396} INFO - Sync 1 DAGs
[2025-05-31 10:58:43,881] {logging_mixin.py:109} INFO - [2025-05-31 10:58:43,881] {dag.py:2935} INFO - Setting next_dagrun for example_weekday_branch_operator to 2025-05-30 00:00:00+00:00
[2025-05-31 10:58:43,895] {processor.py:171} INFO - Processing /home/airflow/.local/lib/python3.6/site-packages/airflow/example_dags/example_branch_day_of_week_operator.py took 0.099 seconds
[2025-05-31 10:59:14,516] {processor.py:163} INFO - Started process (PID=4971) to work on /home/airflow/.local/lib/python3.6/site-packages/airflow/example_dags/example_branch_day_of_week_operator.py
[2025-05-31 10:59:14,518] {processor.py:642} INFO - Processing file /home/airflow/.local/lib/python3.6/site-packages/airflow/example_dags/example_branch_day_of_week_operator.py for tasks to queue
[2025-05-31 10:59:14,519] {logging_mixin.py:109} INFO - [2025-05-31 10:59:14,519] {dagbag.py:500} INFO - Filling up the DagBag from /home/airflow/.local/lib/python3.6/site-packages/airflow/example_dags/example_branch_day_of_week_operator.py
[2025-05-31 10:59:14,557] {processor.py:654} INFO - DAG(s) dict_keys(['example_weekday_branch_operator']) retrieved from /home/airflow/.local/lib/python3.6/site-packages/airflow/example_dags/example_branch_day_of_week_operator.py
[2025-05-31 10:59:14,571] {logging_mixin.py:109} INFO - [2025-05-31 10:59:14,571] {dag.py:2396} INFO - Sync 1 DAGs
[2025-05-31 10:59:14,601] {logging_mixin.py:109} INFO - [2025-05-31 10:59:14,600] {dag.py:2935} INFO - Setting next_dagrun for example_weekday_branch_operator to 2025-05-30 00:00:00+00:00
[2025-05-31 10:59:14,622] {processor.py:171} INFO - Processing /home/airflow/.local/lib/python3.6/site-packages/airflow/example_dags/example_branch_day_of_week_operator.py took 0.110 seconds
[2025-05-31 10:59:45,941] {processor.py:163} INFO - Started process (PID=5161) to work on /home/airflow/.local/lib/python3.6/site-packages/airflow/example_dags/example_branch_day_of_week_operator.py
[2025-05-31 10:59:45,943] {processor.py:642} INFO - Processing file /home/airflow/.local/lib/python3.6/site-packages/airflow/example_dags/example_branch_day_of_week_operator.py for tasks to queue
[2025-05-31 10:59:45,944] {logging_mixin.py:109} INFO - [2025-05-31 10:59:45,944] {dagbag.py:500} INFO - Filling up the DagBag from /home/airflow/.local/lib/python3.6/site-packages/airflow/example_dags/example_branch_day_of_week_operator.py
[2025-05-31 10:59:45,988] {processor.py:654} INFO - DAG(s) dict_keys(['example_weekday_branch_operator']) retrieved from /home/airflow/.local/lib/python3.6/site-packages/airflow/example_dags/example_branch_day_of_week_operator.py
[2025-05-31 10:59:46,003] {logging_mixin.py:109} INFO - [2025-05-31 10:59:46,003] {dag.py:2396} INFO - Sync 1 DAGs
[2025-05-31 10:59:46,031] {logging_mixin.py:109} INFO - [2025-05-31 10:59:46,031] {dag.py:2935} INFO - Setting next_dagrun for example_weekday_branch_operator to 2025-05-30 00:00:00+00:00
[2025-05-31 10:59:46,046] {processor.py:171} INFO - Processing /home/airflow/.local/lib/python3.6/site-packages/airflow/example_dags/example_branch_day_of_week_operator.py took 0.111 seconds
[2025-05-31 11:00:16,466] {processor.py:163} INFO - Started process (PID=5341) to work on /home/airflow/.local/lib/python3.6/site-packages/airflow/example_dags/example_branch_day_of_week_operator.py
[2025-05-31 11:00:16,468] {processor.py:642} INFO - Processing file /home/airflow/.local/lib/python3.6/site-packages/airflow/example_dags/example_branch_day_of_week_operator.py for tasks to queue
[2025-05-31 11:00:16,469] {logging_mixin.py:109} INFO - [2025-05-31 11:00:16,469] {dagbag.py:500} INFO - Filling up the DagBag from /home/airflow/.local/lib/python3.6/site-packages/airflow/example_dags/example_branch_day_of_week_operator.py
[2025-05-31 11:00:16,501] {processor.py:654} INFO - DAG(s) dict_keys(['example_weekday_branch_operator']) retrieved from /home/airflow/.local/lib/python3.6/site-packages/airflow/example_dags/example_branch_day_of_week_operator.py
[2025-05-31 11:00:16,522] {logging_mixin.py:109} INFO - [2025-05-31 11:00:16,522] {dag.py:2396} INFO - Sync 1 DAGs
[2025-05-31 11:00:16,559] {logging_mixin.py:109} INFO - [2025-05-31 11:00:16,559] {dag.py:2935} INFO - Setting next_dagrun for example_weekday_branch_operator to 2025-05-30 00:00:00+00:00
[2025-05-31 11:00:16,577] {processor.py:171} INFO - Processing /home/airflow/.local/lib/python3.6/site-packages/airflow/example_dags/example_branch_day_of_week_operator.py took 0.115 seconds
[2025-05-31 11:00:47,821] {processor.py:163} INFO - Started process (PID=5531) to work on /home/airflow/.local/lib/python3.6/site-packages/airflow/example_dags/example_branch_day_of_week_operator.py
[2025-05-31 11:00:47,823] {processor.py:642} INFO - Processing file /home/airflow/.local/lib/python3.6/site-packages/airflow/example_dags/example_branch_day_of_week_operator.py for tasks to queue
[2025-05-31 11:00:47,825] {logging_mixin.py:109} INFO - [2025-05-31 11:00:47,825] {dagbag.py:500} INFO - Filling up the DagBag from /home/airflow/.local/lib/python3.6/site-packages/airflow/example_dags/example_branch_day_of_week_operator.py
[2025-05-31 11:00:47,867] {processor.py:654} INFO - DAG(s) dict_keys(['example_weekday_branch_operator']) retrieved from /home/airflow/.local/lib/python3.6/site-packages/airflow/example_dags/example_branch_day_of_week_operator.py
[2025-05-31 11:00:47,884] {logging_mixin.py:109} INFO - [2025-05-31 11:00:47,884] {dag.py:2396} INFO - Sync 1 DAGs
[2025-05-31 11:00:47,914] {logging_mixin.py:109} INFO - [2025-05-31 11:00:47,914] {dag.py:2935} INFO - Setting next_dagrun for example_weekday_branch_operator to 2025-05-30 00:00:00+00:00
[2025-05-31 11:00:47,930] {processor.py:171} INFO - Processing /home/airflow/.local/lib/python3.6/site-packages/airflow/example_dags/example_branch_day_of_week_operator.py took 0.114 seconds
[2025-05-31 11:01:18,993] {processor.py:163} INFO - Started process (PID=5713) to work on /home/airflow/.local/lib/python3.6/site-packages/airflow/example_dags/example_branch_day_of_week_operator.py
[2025-05-31 11:01:18,994] {processor.py:642} INFO - Processing file /home/airflow/.local/lib/python3.6/site-packages/airflow/example_dags/example_branch_day_of_week_operator.py for tasks to queue
[2025-05-31 11:01:18,995] {logging_mixin.py:109} INFO - [2025-05-31 11:01:18,995] {dagbag.py:500} INFO - Filling up the DagBag from /home/airflow/.local/lib/python3.6/site-packages/airflow/example_dags/example_branch_day_of_week_operator.py
[2025-05-31 11:01:19,028] {processor.py:654} INFO - DAG(s) dict_keys(['example_weekday_branch_operator']) retrieved from /home/airflow/.local/lib/python3.6/site-packages/airflow/example_dags/example_branch_day_of_week_operator.py
[2025-05-31 11:01:19,042] {logging_mixin.py:109} INFO - [2025-05-31 11:01:19,042] {dag.py:2396} INFO - Sync 1 DAGs
[2025-05-31 11:01:19,067] {logging_mixin.py:109} INFO - [2025-05-31 11:01:19,067] {dag.py:2935} INFO - Setting next_dagrun for example_weekday_branch_operator to 2025-05-30 00:00:00+00:00
[2025-05-31 11:01:19,079] {processor.py:171} INFO - Processing /home/airflow/.local/lib/python3.6/site-packages/airflow/example_dags/example_branch_day_of_week_operator.py took 0.090 seconds
[2025-05-31 11:01:50,686] {processor.py:163} INFO - Started process (PID=5901) to work on /home/airflow/.local/lib/python3.6/site-packages/airflow/example_dags/example_branch_day_of_week_operator.py
[2025-05-31 11:01:50,688] {processor.py:642} INFO - Processing file /home/airflow/.local/lib/python3.6/site-packages/airflow/example_dags/example_branch_day_of_week_operator.py for tasks to queue
[2025-05-31 11:01:50,689] {logging_mixin.py:109} INFO - [2025-05-31 11:01:50,689] {dagbag.py:500} INFO - Filling up the DagBag from /home/airflow/.local/lib/python3.6/site-packages/airflow/example_dags/example_branch_day_of_week_operator.py
[2025-05-31 11:01:50,727] {processor.py:654} INFO - DAG(s) dict_keys(['example_weekday_branch_operator']) retrieved from /home/airflow/.local/lib/python3.6/site-packages/airflow/example_dags/example_branch_day_of_week_operator.py
[2025-05-31 11:01:50,742] {logging_mixin.py:109} INFO - [2025-05-31 11:01:50,742] {dag.py:2396} INFO - Sync 1 DAGs
[2025-05-31 11:01:50,769] {logging_mixin.py:109} INFO - [2025-05-31 11:01:50,769] {dag.py:2935} INFO - Setting next_dagrun for example_weekday_branch_operator to 2025-05-30 00:00:00+00:00
[2025-05-31 11:01:50,783] {processor.py:171} INFO - Processing /home/airflow/.local/lib/python3.6/site-packages/airflow/example_dags/example_branch_day_of_week_operator.py took 0.102 seconds
[2025-05-31 11:02:21,372] {processor.py:163} INFO - Started process (PID=6091) to work on /home/airflow/.local/lib/python3.6/site-packages/airflow/example_dags/example_branch_day_of_week_operator.py
[2025-05-31 11:02:21,374] {processor.py:642} INFO - Processing file /home/airflow/.local/lib/python3.6/site-packages/airflow/example_dags/example_branch_day_of_week_operator.py for tasks to queue
[2025-05-31 11:02:21,375] {logging_mixin.py:109} INFO - [2025-05-31 11:02:21,375] {dagbag.py:500} INFO - Filling up the DagBag from /home/airflow/.local/lib/python3.6/site-packages/airflow/example_dags/example_branch_day_of_week_operator.py
[2025-05-31 11:02:21,421] {processor.py:654} INFO - DAG(s) dict_keys(['example_weekday_branch_operator']) retrieved from /home/airflow/.local/lib/python3.6/site-packages/airflow/example_dags/example_branch_day_of_week_operator.py
[2025-05-31 11:02:21,439] {logging_mixin.py:109} INFO - [2025-05-31 11:02:21,439] {dag.py:2396} INFO - Sync 1 DAGs
[2025-05-31 11:02:21,469] {logging_mixin.py:109} INFO - [2025-05-31 11:02:21,469] {dag.py:2935} INFO - Setting next_dagrun for example_weekday_branch_operator to 2025-05-30 00:00:00+00:00
[2025-05-31 11:02:21,483] {processor.py:171} INFO - Processing /home/airflow/.local/lib/python3.6/site-packages/airflow/example_dags/example_branch_day_of_week_operator.py took 0.116 seconds
[2025-05-31 11:02:52,884] {processor.py:163} INFO - Started process (PID=6271) to work on /home/airflow/.local/lib/python3.6/site-packages/airflow/example_dags/example_branch_day_of_week_operator.py
[2025-05-31 11:02:52,886] {processor.py:642} INFO - Processing file /home/airflow/.local/lib/python3.6/site-packages/airflow/example_dags/example_branch_day_of_week_operator.py for tasks to queue
[2025-05-31 11:02:52,887] {logging_mixin.py:109} INFO - [2025-05-31 11:02:52,887] {dagbag.py:500} INFO - Filling up the DagBag from /home/airflow/.local/lib/python3.6/site-packages/airflow/example_dags/example_branch_day_of_week_operator.py
[2025-05-31 11:02:52,928] {processor.py:654} INFO - DAG(s) dict_keys(['example_weekday_branch_operator']) retrieved from /home/airflow/.local/lib/python3.6/site-packages/airflow/example_dags/example_branch_day_of_week_operator.py
[2025-05-31 11:02:52,943] {logging_mixin.py:109} INFO - [2025-05-31 11:02:52,943] {dag.py:2396} INFO - Sync 1 DAGs
[2025-05-31 11:02:52,970] {logging_mixin.py:109} INFO - [2025-05-31 11:02:52,970] {dag.py:2935} INFO - Setting next_dagrun for example_weekday_branch_operator to 2025-05-30 00:00:00+00:00
[2025-05-31 11:02:52,984] {processor.py:171} INFO - Processing /home/airflow/.local/lib/python3.6/site-packages/airflow/example_dags/example_branch_day_of_week_operator.py took 0.105 seconds
[2025-05-31 11:03:23,431] {processor.py:163} INFO - Started process (PID=6456) to work on /home/airflow/.local/lib/python3.6/site-packages/airflow/example_dags/example_branch_day_of_week_operator.py
[2025-05-31 11:03:23,434] {processor.py:642} INFO - Processing file /home/airflow/.local/lib/python3.6/site-packages/airflow/example_dags/example_branch_day_of_week_operator.py for tasks to queue
[2025-05-31 11:03:23,436] {logging_mixin.py:109} INFO - [2025-05-31 11:03:23,435] {dagbag.py:500} INFO - Filling up the DagBag from /home/airflow/.local/lib/python3.6/site-packages/airflow/example_dags/example_branch_day_of_week_operator.py
[2025-05-31 11:03:23,487] {processor.py:654} INFO - DAG(s) dict_keys(['example_weekday_branch_operator']) retrieved from /home/airflow/.local/lib/python3.6/site-packages/airflow/example_dags/example_branch_day_of_week_operator.py
[2025-05-31 11:03:23,517] {logging_mixin.py:109} INFO - [2025-05-31 11:03:23,517] {dag.py:2396} INFO - Sync 1 DAGs
[2025-05-31 11:03:23,555] {logging_mixin.py:109} INFO - [2025-05-31 11:03:23,555] {dag.py:2935} INFO - Setting next_dagrun for example_weekday_branch_operator to 2025-05-30 00:00:00+00:00
[2025-05-31 11:03:23,571] {processor.py:171} INFO - Processing /home/airflow/.local/lib/python3.6/site-packages/airflow/example_dags/example_branch_day_of_week_operator.py took 0.148 seconds
[2025-05-31 11:03:54,699] {processor.py:163} INFO - Started process (PID=6633) to work on /home/airflow/.local/lib/python3.6/site-packages/airflow/example_dags/example_branch_day_of_week_operator.py
[2025-05-31 11:03:54,702] {processor.py:642} INFO - Processing file /home/airflow/.local/lib/python3.6/site-packages/airflow/example_dags/example_branch_day_of_week_operator.py for tasks to queue
[2025-05-31 11:03:54,704] {logging_mixin.py:109} INFO - [2025-05-31 11:03:54,704] {dagbag.py:500} INFO - Filling up the DagBag from /home/airflow/.local/lib/python3.6/site-packages/airflow/example_dags/example_branch_day_of_week_operator.py
[2025-05-31 11:03:54,760] {processor.py:654} INFO - DAG(s) dict_keys(['example_weekday_branch_operator']) retrieved from /home/airflow/.local/lib/python3.6/site-packages/airflow/example_dags/example_branch_day_of_week_operator.py
[2025-05-31 11:03:54,780] {logging_mixin.py:109} INFO - [2025-05-31 11:03:54,780] {dag.py:2396} INFO - Sync 1 DAGs
[2025-05-31 11:03:54,814] {logging_mixin.py:109} INFO - [2025-05-31 11:03:54,813] {dag.py:2935} INFO - Setting next_dagrun for example_weekday_branch_operator to 2025-05-30 00:00:00+00:00
[2025-05-31 11:03:54,829] {processor.py:171} INFO - Processing /home/airflow/.local/lib/python3.6/site-packages/airflow/example_dags/example_branch_day_of_week_operator.py took 0.136 seconds
[2025-05-31 11:04:25,733] {processor.py:163} INFO - Started process (PID=6813) to work on /home/airflow/.local/lib/python3.6/site-packages/airflow/example_dags/example_branch_day_of_week_operator.py
[2025-05-31 11:04:25,735] {processor.py:642} INFO - Processing file /home/airflow/.local/lib/python3.6/site-packages/airflow/example_dags/example_branch_day_of_week_operator.py for tasks to queue
[2025-05-31 11:04:25,736] {logging_mixin.py:109} INFO - [2025-05-31 11:04:25,736] {dagbag.py:500} INFO - Filling up the DagBag from /home/airflow/.local/lib/python3.6/site-packages/airflow/example_dags/example_branch_day_of_week_operator.py
[2025-05-31 11:04:25,772] {processor.py:654} INFO - DAG(s) dict_keys(['example_weekday_branch_operator']) retrieved from /home/airflow/.local/lib/python3.6/site-packages/airflow/example_dags/example_branch_day_of_week_operator.py
[2025-05-31 11:04:25,784] {logging_mixin.py:109} INFO - [2025-05-31 11:04:25,784] {dag.py:2396} INFO - Sync 1 DAGs
[2025-05-31 11:04:25,814] {logging_mixin.py:109} INFO - [2025-05-31 11:04:25,814] {dag.py:2935} INFO - Setting next_dagrun for example_weekday_branch_operator to 2025-05-30 00:00:00+00:00
[2025-05-31 11:04:25,827] {processor.py:171} INFO - Processing /home/airflow/.local/lib/python3.6/site-packages/airflow/example_dags/example_branch_day_of_week_operator.py took 0.098 seconds
[2025-05-31 11:04:56,667] {processor.py:163} INFO - Started process (PID=7001) to work on /home/airflow/.local/lib/python3.6/site-packages/airflow/example_dags/example_branch_day_of_week_operator.py
[2025-05-31 11:04:56,669] {processor.py:642} INFO - Processing file /home/airflow/.local/lib/python3.6/site-packages/airflow/example_dags/example_branch_day_of_week_operator.py for tasks to queue
[2025-05-31 11:04:56,670] {logging_mixin.py:109} INFO - [2025-05-31 11:04:56,670] {dagbag.py:500} INFO - Filling up the DagBag from /home/airflow/.local/lib/python3.6/site-packages/airflow/example_dags/example_branch_day_of_week_operator.py
[2025-05-31 11:04:56,720] {processor.py:654} INFO - DAG(s) dict_keys(['example_weekday_branch_operator']) retrieved from /home/airflow/.local/lib/python3.6/site-packages/airflow/example_dags/example_branch_day_of_week_operator.py
[2025-05-31 11:04:56,743] {logging_mixin.py:109} INFO - [2025-05-31 11:04:56,742] {dag.py:2396} INFO - Sync 1 DAGs
[2025-05-31 11:04:56,796] {logging_mixin.py:109} INFO - [2025-05-31 11:04:56,795] {dag.py:2935} INFO - Setting next_dagrun for example_weekday_branch_operator to 2025-05-30 00:00:00+00:00
[2025-05-31 11:04:56,812] {processor.py:171} INFO - Processing /home/airflow/.local/lib/python3.6/site-packages/airflow/example_dags/example_branch_day_of_week_operator.py took 0.153 seconds
[2025-05-31 11:05:27,828] {processor.py:163} INFO - Started process (PID=7181) to work on /home/airflow/.local/lib/python3.6/site-packages/airflow/example_dags/example_branch_day_of_week_operator.py
[2025-05-31 11:05:27,830] {processor.py:642} INFO - Processing file /home/airflow/.local/lib/python3.6/site-packages/airflow/example_dags/example_branch_day_of_week_operator.py for tasks to queue
[2025-05-31 11:05:27,831] {logging_mixin.py:109} INFO - [2025-05-31 11:05:27,831] {dagbag.py:500} INFO - Filling up the DagBag from /home/airflow/.local/lib/python3.6/site-packages/airflow/example_dags/example_branch_day_of_week_operator.py
[2025-05-31 11:05:27,870] {processor.py:654} INFO - DAG(s) dict_keys(['example_weekday_branch_operator']) retrieved from /home/airflow/.local/lib/python3.6/site-packages/airflow/example_dags/example_branch_day_of_week_operator.py
[2025-05-31 11:05:27,884] {logging_mixin.py:109} INFO - [2025-05-31 11:05:27,884] {dag.py:2396} INFO - Sync 1 DAGs
[2025-05-31 11:05:27,912] {logging_mixin.py:109} INFO - [2025-05-31 11:05:27,911] {dag.py:2935} INFO - Setting next_dagrun for example_weekday_branch_operator to 2025-05-30 00:00:00+00:00
[2025-05-31 11:05:27,926] {processor.py:171} INFO - Processing /home/airflow/.local/lib/python3.6/site-packages/airflow/example_dags/example_branch_day_of_week_operator.py took 0.103 seconds
[2025-05-31 11:05:59,813] {processor.py:163} INFO - Started process (PID=7370) to work on /home/airflow/.local/lib/python3.6/site-packages/airflow/example_dags/example_branch_day_of_week_operator.py
[2025-05-31 11:05:59,817] {processor.py:642} INFO - Processing file /home/airflow/.local/lib/python3.6/site-packages/airflow/example_dags/example_branch_day_of_week_operator.py for tasks to queue
[2025-05-31 11:05:59,820] {logging_mixin.py:109} INFO - [2025-05-31 11:05:59,819] {dagbag.py:500} INFO - Filling up the DagBag from /home/airflow/.local/lib/python3.6/site-packages/airflow/example_dags/example_branch_day_of_week_operator.py
[2025-05-31 11:05:59,944] {processor.py:654} INFO - DAG(s) dict_keys(['example_weekday_branch_operator']) retrieved from /home/airflow/.local/lib/python3.6/site-packages/airflow/example_dags/example_branch_day_of_week_operator.py
[2025-05-31 11:05:59,992] {logging_mixin.py:109} INFO - [2025-05-31 11:05:59,992] {dag.py:2396} INFO - Sync 1 DAGs
[2025-05-31 11:06:00,091] {logging_mixin.py:109} INFO - [2025-05-31 11:06:00,091] {dag.py:2935} INFO - Setting next_dagrun for example_weekday_branch_operator to 2025-05-30 00:00:00+00:00
[2025-05-31 11:06:00,144] {processor.py:171} INFO - Processing /home/airflow/.local/lib/python3.6/site-packages/airflow/example_dags/example_branch_day_of_week_operator.py took 0.351 seconds
[2025-05-31 11:06:30,608] {processor.py:163} INFO - Started process (PID=7550) to work on /home/airflow/.local/lib/python3.6/site-packages/airflow/example_dags/example_branch_day_of_week_operator.py
[2025-05-31 11:06:30,611] {processor.py:642} INFO - Processing file /home/airflow/.local/lib/python3.6/site-packages/airflow/example_dags/example_branch_day_of_week_operator.py for tasks to queue
[2025-05-31 11:06:30,614] {logging_mixin.py:109} INFO - [2025-05-31 11:06:30,613] {dagbag.py:500} INFO - Filling up the DagBag from /home/airflow/.local/lib/python3.6/site-packages/airflow/example_dags/example_branch_day_of_week_operator.py
[2025-05-31 11:06:30,690] {processor.py:654} INFO - DAG(s) dict_keys(['example_weekday_branch_operator']) retrieved from /home/airflow/.local/lib/python3.6/site-packages/airflow/example_dags/example_branch_day_of_week_operator.py
[2025-05-31 11:06:30,720] {logging_mixin.py:109} INFO - [2025-05-31 11:06:30,719] {dag.py:2396} INFO - Sync 1 DAGs
[2025-05-31 11:06:30,767] {logging_mixin.py:109} INFO - [2025-05-31 11:06:30,766] {dag.py:2935} INFO - Setting next_dagrun for example_weekday_branch_operator to 2025-05-30 00:00:00+00:00
[2025-05-31 11:06:30,790] {processor.py:171} INFO - Processing /home/airflow/.local/lib/python3.6/site-packages/airflow/example_dags/example_branch_day_of_week_operator.py took 0.188 seconds
[2025-05-31 11:07:01,534] {processor.py:163} INFO - Started process (PID=7731) to work on /home/airflow/.local/lib/python3.6/site-packages/airflow/example_dags/example_branch_day_of_week_operator.py
[2025-05-31 11:07:01,536] {processor.py:642} INFO - Processing file /home/airflow/.local/lib/python3.6/site-packages/airflow/example_dags/example_branch_day_of_week_operator.py for tasks to queue
[2025-05-31 11:07:01,537] {logging_mixin.py:109} INFO - [2025-05-31 11:07:01,537] {dagbag.py:500} INFO - Filling up the DagBag from /home/airflow/.local/lib/python3.6/site-packages/airflow/example_dags/example_branch_day_of_week_operator.py
[2025-05-31 11:07:01,578] {processor.py:654} INFO - DAG(s) dict_keys(['example_weekday_branch_operator']) retrieved from /home/airflow/.local/lib/python3.6/site-packages/airflow/example_dags/example_branch_day_of_week_operator.py
[2025-05-31 11:07:01,592] {logging_mixin.py:109} INFO - [2025-05-31 11:07:01,592] {dag.py:2396} INFO - Sync 1 DAGs
[2025-05-31 11:07:01,621] {logging_mixin.py:109} INFO - [2025-05-31 11:07:01,621] {dag.py:2935} INFO - Setting next_dagrun for example_weekday_branch_operator to 2025-05-30 00:00:00+00:00
[2025-05-31 11:07:01,636] {processor.py:171} INFO - Processing /home/airflow/.local/lib/python3.6/site-packages/airflow/example_dags/example_branch_day_of_week_operator.py took 0.107 seconds
[2025-05-31 11:07:32,694] {processor.py:163} INFO - Started process (PID=7913) to work on /home/airflow/.local/lib/python3.6/site-packages/airflow/example_dags/example_branch_day_of_week_operator.py
[2025-05-31 11:07:32,695] {processor.py:642} INFO - Processing file /home/airflow/.local/lib/python3.6/site-packages/airflow/example_dags/example_branch_day_of_week_operator.py for tasks to queue
[2025-05-31 11:07:32,696] {logging_mixin.py:109} INFO - [2025-05-31 11:07:32,696] {dagbag.py:500} INFO - Filling up the DagBag from /home/airflow/.local/lib/python3.6/site-packages/airflow/example_dags/example_branch_day_of_week_operator.py
[2025-05-31 11:07:32,728] {processor.py:654} INFO - DAG(s) dict_keys(['example_weekday_branch_operator']) retrieved from /home/airflow/.local/lib/python3.6/site-packages/airflow/example_dags/example_branch_day_of_week_operator.py
[2025-05-31 11:07:32,741] {logging_mixin.py:109} INFO - [2025-05-31 11:07:32,740] {dag.py:2396} INFO - Sync 1 DAGs
[2025-05-31 11:07:32,763] {logging_mixin.py:109} INFO - [2025-05-31 11:07:32,763] {dag.py:2935} INFO - Setting next_dagrun for example_weekday_branch_operator to 2025-05-30 00:00:00+00:00
[2025-05-31 11:07:32,774] {processor.py:171} INFO - Processing /home/airflow/.local/lib/python3.6/site-packages/airflow/example_dags/example_branch_day_of_week_operator.py took 0.084 seconds
[2025-05-31 11:08:03,337] {processor.py:163} INFO - Started process (PID=8101) to work on /home/airflow/.local/lib/python3.6/site-packages/airflow/example_dags/example_branch_day_of_week_operator.py
[2025-05-31 11:08:03,338] {processor.py:642} INFO - Processing file /home/airflow/.local/lib/python3.6/site-packages/airflow/example_dags/example_branch_day_of_week_operator.py for tasks to queue
[2025-05-31 11:08:03,339] {logging_mixin.py:109} INFO - [2025-05-31 11:08:03,339] {dagbag.py:500} INFO - Filling up the DagBag from /home/airflow/.local/lib/python3.6/site-packages/airflow/example_dags/example_branch_day_of_week_operator.py
[2025-05-31 11:08:03,375] {processor.py:654} INFO - DAG(s) dict_keys(['example_weekday_branch_operator']) retrieved from /home/airflow/.local/lib/python3.6/site-packages/airflow/example_dags/example_branch_day_of_week_operator.py
[2025-05-31 11:08:03,392] {logging_mixin.py:109} INFO - [2025-05-31 11:08:03,392] {dag.py:2396} INFO - Sync 1 DAGs
[2025-05-31 11:08:03,425] {logging_mixin.py:109} INFO - [2025-05-31 11:08:03,425] {dag.py:2935} INFO - Setting next_dagrun for example_weekday_branch_operator to 2025-05-30 00:00:00+00:00
[2025-05-31 11:08:03,438] {processor.py:171} INFO - Processing /home/airflow/.local/lib/python3.6/site-packages/airflow/example_dags/example_branch_day_of_week_operator.py took 0.107 seconds
[2025-05-31 11:08:34,106] {processor.py:163} INFO - Started process (PID=8281) to work on /home/airflow/.local/lib/python3.6/site-packages/airflow/example_dags/example_branch_day_of_week_operator.py
[2025-05-31 11:08:34,108] {processor.py:642} INFO - Processing file /home/airflow/.local/lib/python3.6/site-packages/airflow/example_dags/example_branch_day_of_week_operator.py for tasks to queue
[2025-05-31 11:08:34,109] {logging_mixin.py:109} INFO - [2025-05-31 11:08:34,109] {dagbag.py:500} INFO - Filling up the DagBag from /home/airflow/.local/lib/python3.6/site-packages/airflow/example_dags/example_branch_day_of_week_operator.py
[2025-05-31 11:08:34,149] {processor.py:654} INFO - DAG(s) dict_keys(['example_weekday_branch_operator']) retrieved from /home/airflow/.local/lib/python3.6/site-packages/airflow/example_dags/example_branch_day_of_week_operator.py
[2025-05-31 11:08:34,164] {logging_mixin.py:109} INFO - [2025-05-31 11:08:34,164] {dag.py:2396} INFO - Sync 1 DAGs
[2025-05-31 11:08:34,192] {logging_mixin.py:109} INFO - [2025-05-31 11:08:34,192] {dag.py:2935} INFO - Setting next_dagrun for example_weekday_branch_operator to 2025-05-30 00:00:00+00:00
[2025-05-31 11:08:34,208] {processor.py:171} INFO - Processing /home/airflow/.local/lib/python3.6/site-packages/airflow/example_dags/example_branch_day_of_week_operator.py took 0.107 seconds
[2025-05-31 11:09:05,212] {processor.py:163} INFO - Started process (PID=8461) to work on /home/airflow/.local/lib/python3.6/site-packages/airflow/example_dags/example_branch_day_of_week_operator.py
[2025-05-31 11:09:05,214] {processor.py:642} INFO - Processing file /home/airflow/.local/lib/python3.6/site-packages/airflow/example_dags/example_branch_day_of_week_operator.py for tasks to queue
[2025-05-31 11:09:05,214] {logging_mixin.py:109} INFO - [2025-05-31 11:09:05,214] {dagbag.py:500} INFO - Filling up the DagBag from /home/airflow/.local/lib/python3.6/site-packages/airflow/example_dags/example_branch_day_of_week_operator.py
[2025-05-31 11:09:05,249] {processor.py:654} INFO - DAG(s) dict_keys(['example_weekday_branch_operator']) retrieved from /home/airflow/.local/lib/python3.6/site-packages/airflow/example_dags/example_branch_day_of_week_operator.py
[2025-05-31 11:09:05,262] {logging_mixin.py:109} INFO - [2025-05-31 11:09:05,262] {dag.py:2396} INFO - Sync 1 DAGs
[2025-05-31 11:09:05,289] {logging_mixin.py:109} INFO - [2025-05-31 11:09:05,289] {dag.py:2935} INFO - Setting next_dagrun for example_weekday_branch_operator to 2025-05-30 00:00:00+00:00
[2025-05-31 11:09:05,304] {processor.py:171} INFO - Processing /home/airflow/.local/lib/python3.6/site-packages/airflow/example_dags/example_branch_day_of_week_operator.py took 0.096 seconds
[2025-05-31 11:09:36,164] {processor.py:163} INFO - Started process (PID=8650) to work on /home/airflow/.local/lib/python3.6/site-packages/airflow/example_dags/example_branch_day_of_week_operator.py
[2025-05-31 11:09:36,166] {processor.py:642} INFO - Processing file /home/airflow/.local/lib/python3.6/site-packages/airflow/example_dags/example_branch_day_of_week_operator.py for tasks to queue
[2025-05-31 11:09:36,168] {logging_mixin.py:109} INFO - [2025-05-31 11:09:36,168] {dagbag.py:500} INFO - Filling up the DagBag from /home/airflow/.local/lib/python3.6/site-packages/airflow/example_dags/example_branch_day_of_week_operator.py
[2025-05-31 11:09:36,234] {processor.py:654} INFO - DAG(s) dict_keys(['example_weekday_branch_operator']) retrieved from /home/airflow/.local/lib/python3.6/site-packages/airflow/example_dags/example_branch_day_of_week_operator.py
[2025-05-31 11:09:36,258] {logging_mixin.py:109} INFO - [2025-05-31 11:09:36,257] {dag.py:2396} INFO - Sync 1 DAGs
[2025-05-31 11:09:36,292] {logging_mixin.py:109} INFO - [2025-05-31 11:09:36,292] {dag.py:2935} INFO - Setting next_dagrun for example_weekday_branch_operator to 2025-05-30 00:00:00+00:00
[2025-05-31 11:09:36,310] {processor.py:171} INFO - Processing /home/airflow/.local/lib/python3.6/site-packages/airflow/example_dags/example_branch_day_of_week_operator.py took 0.152 seconds
[2025-05-31 11:10:07,490] {processor.py:163} INFO - Started process (PID=8830) to work on /home/airflow/.local/lib/python3.6/site-packages/airflow/example_dags/example_branch_day_of_week_operator.py
[2025-05-31 11:10:07,492] {processor.py:642} INFO - Processing file /home/airflow/.local/lib/python3.6/site-packages/airflow/example_dags/example_branch_day_of_week_operator.py for tasks to queue
[2025-05-31 11:10:07,494] {logging_mixin.py:109} INFO - [2025-05-31 11:10:07,493] {dagbag.py:500} INFO - Filling up the DagBag from /home/airflow/.local/lib/python3.6/site-packages/airflow/example_dags/example_branch_day_of_week_operator.py
[2025-05-31 11:10:07,533] {processor.py:654} INFO - DAG(s) dict_keys(['example_weekday_branch_operator']) retrieved from /home/airflow/.local/lib/python3.6/site-packages/airflow/example_dags/example_branch_day_of_week_operator.py
[2025-05-31 11:10:07,548] {logging_mixin.py:109} INFO - [2025-05-31 11:10:07,548] {dag.py:2396} INFO - Sync 1 DAGs
[2025-05-31 11:10:07,580] {logging_mixin.py:109} INFO - [2025-05-31 11:10:07,580] {dag.py:2935} INFO - Setting next_dagrun for example_weekday_branch_operator to 2025-05-30 00:00:00+00:00
[2025-05-31 11:10:07,594] {processor.py:171} INFO - Processing /home/airflow/.local/lib/python3.6/site-packages/airflow/example_dags/example_branch_day_of_week_operator.py took 0.108 seconds
[2025-05-31 11:10:39,071] {processor.py:163} INFO - Started process (PID=9019) to work on /home/airflow/.local/lib/python3.6/site-packages/airflow/example_dags/example_branch_day_of_week_operator.py
[2025-05-31 11:10:39,074] {processor.py:642} INFO - Processing file /home/airflow/.local/lib/python3.6/site-packages/airflow/example_dags/example_branch_day_of_week_operator.py for tasks to queue
[2025-05-31 11:10:39,078] {logging_mixin.py:109} INFO - [2025-05-31 11:10:39,078] {dagbag.py:500} INFO - Filling up the DagBag from /home/airflow/.local/lib/python3.6/site-packages/airflow/example_dags/example_branch_day_of_week_operator.py
[2025-05-31 11:10:39,155] {processor.py:654} INFO - DAG(s) dict_keys(['example_weekday_branch_operator']) retrieved from /home/airflow/.local/lib/python3.6/site-packages/airflow/example_dags/example_branch_day_of_week_operator.py
[2025-05-31 11:10:39,184] {logging_mixin.py:109} INFO - [2025-05-31 11:10:39,184] {dag.py:2396} INFO - Sync 1 DAGs
[2025-05-31 11:10:39,225] {logging_mixin.py:109} INFO - [2025-05-31 11:10:39,225] {dag.py:2935} INFO - Setting next_dagrun for example_weekday_branch_operator to 2025-05-30 00:00:00+00:00
[2025-05-31 11:10:39,243] {processor.py:171} INFO - Processing /home/airflow/.local/lib/python3.6/site-packages/airflow/example_dags/example_branch_day_of_week_operator.py took 0.182 seconds
[2025-05-31 11:11:10,937] {processor.py:163} INFO - Started process (PID=9202) to work on /home/airflow/.local/lib/python3.6/site-packages/airflow/example_dags/example_branch_day_of_week_operator.py
[2025-05-31 11:11:10,962] {processor.py:642} INFO - Processing file /home/airflow/.local/lib/python3.6/site-packages/airflow/example_dags/example_branch_day_of_week_operator.py for tasks to queue
[2025-05-31 11:11:10,977] {logging_mixin.py:109} INFO - [2025-05-31 11:11:10,977] {dagbag.py:500} INFO - Filling up the DagBag from /home/airflow/.local/lib/python3.6/site-packages/airflow/example_dags/example_branch_day_of_week_operator.py
[2025-05-31 11:11:11,069] {processor.py:654} INFO - DAG(s) dict_keys(['example_weekday_branch_operator']) retrieved from /home/airflow/.local/lib/python3.6/site-packages/airflow/example_dags/example_branch_day_of_week_operator.py
[2025-05-31 11:11:11,094] {logging_mixin.py:109} INFO - [2025-05-31 11:11:11,094] {dag.py:2396} INFO - Sync 1 DAGs
[2025-05-31 11:11:11,124] {logging_mixin.py:109} INFO - [2025-05-31 11:11:11,124] {dag.py:2935} INFO - Setting next_dagrun for example_weekday_branch_operator to 2025-05-30 00:00:00+00:00
[2025-05-31 11:11:11,248] {processor.py:171} INFO - Processing /home/airflow/.local/lib/python3.6/site-packages/airflow/example_dags/example_branch_day_of_week_operator.py took 0.316 seconds
[2025-05-31 11:11:41,793] {processor.py:163} INFO - Started process (PID=9380) to work on /home/airflow/.local/lib/python3.6/site-packages/airflow/example_dags/example_branch_day_of_week_operator.py
[2025-05-31 11:11:41,794] {processor.py:642} INFO - Processing file /home/airflow/.local/lib/python3.6/site-packages/airflow/example_dags/example_branch_day_of_week_operator.py for tasks to queue
[2025-05-31 11:11:41,796] {logging_mixin.py:109} INFO - [2025-05-31 11:11:41,796] {dagbag.py:500} INFO - Filling up the DagBag from /home/airflow/.local/lib/python3.6/site-packages/airflow/example_dags/example_branch_day_of_week_operator.py
[2025-05-31 11:11:41,842] {processor.py:654} INFO - DAG(s) dict_keys(['example_weekday_branch_operator']) retrieved from /home/airflow/.local/lib/python3.6/site-packages/airflow/example_dags/example_branch_day_of_week_operator.py
[2025-05-31 11:11:41,857] {logging_mixin.py:109} INFO - [2025-05-31 11:11:41,857] {dag.py:2396} INFO - Sync 1 DAGs
[2025-05-31 11:11:41,990] {logging_mixin.py:109} INFO - [2025-05-31 11:11:41,990] {dag.py:2935} INFO - Setting next_dagrun for example_weekday_branch_operator to 2025-05-30 00:00:00+00:00
[2025-05-31 11:11:42,003] {processor.py:171} INFO - Processing /home/airflow/.local/lib/python3.6/site-packages/airflow/example_dags/example_branch_day_of_week_operator.py took 0.217 seconds
[2025-05-31 11:12:13,429] {processor.py:163} INFO - Started process (PID=9565) to work on /home/airflow/.local/lib/python3.6/site-packages/airflow/example_dags/example_branch_day_of_week_operator.py
[2025-05-31 11:12:13,431] {processor.py:642} INFO - Processing file /home/airflow/.local/lib/python3.6/site-packages/airflow/example_dags/example_branch_day_of_week_operator.py for tasks to queue
[2025-05-31 11:12:13,437] {logging_mixin.py:109} INFO - [2025-05-31 11:12:13,432] {dagbag.py:500} INFO - Filling up the DagBag from /home/airflow/.local/lib/python3.6/site-packages/airflow/example_dags/example_branch_day_of_week_operator.py
[2025-05-31 11:12:13,492] {processor.py:654} INFO - DAG(s) dict_keys(['example_weekday_branch_operator']) retrieved from /home/airflow/.local/lib/python3.6/site-packages/airflow/example_dags/example_branch_day_of_week_operator.py
[2025-05-31 11:12:13,508] {logging_mixin.py:109} INFO - [2025-05-31 11:12:13,508] {dag.py:2396} INFO - Sync 1 DAGs
[2025-05-31 11:12:13,648] {logging_mixin.py:109} INFO - [2025-05-31 11:12:13,648] {dag.py:2935} INFO - Setting next_dagrun for example_weekday_branch_operator to 2025-05-30 00:00:00+00:00
[2025-05-31 11:12:13,660] {processor.py:171} INFO - Processing /home/airflow/.local/lib/python3.6/site-packages/airflow/example_dags/example_branch_day_of_week_operator.py took 0.238 seconds
[2025-05-31 11:12:44,997] {processor.py:163} INFO - Started process (PID=9751) to work on /home/airflow/.local/lib/python3.6/site-packages/airflow/example_dags/example_branch_day_of_week_operator.py
[2025-05-31 11:12:44,999] {processor.py:642} INFO - Processing file /home/airflow/.local/lib/python3.6/site-packages/airflow/example_dags/example_branch_day_of_week_operator.py for tasks to queue
[2025-05-31 11:12:45,001] {logging_mixin.py:109} INFO - [2025-05-31 11:12:45,001] {dagbag.py:500} INFO - Filling up the DagBag from /home/airflow/.local/lib/python3.6/site-packages/airflow/example_dags/example_branch_day_of_week_operator.py
[2025-05-31 11:12:45,093] {processor.py:654} INFO - DAG(s) dict_keys(['example_weekday_branch_operator']) retrieved from /home/airflow/.local/lib/python3.6/site-packages/airflow/example_dags/example_branch_day_of_week_operator.py
[2025-05-31 11:12:45,122] {logging_mixin.py:109} INFO - [2025-05-31 11:12:45,122] {dag.py:2396} INFO - Sync 1 DAGs
[2025-05-31 11:12:45,262] {logging_mixin.py:109} INFO - [2025-05-31 11:12:45,262] {dag.py:2935} INFO - Setting next_dagrun for example_weekday_branch_operator to 2025-05-30 00:00:00+00:00
[2025-05-31 11:12:45,278] {processor.py:171} INFO - Processing /home/airflow/.local/lib/python3.6/site-packages/airflow/example_dags/example_branch_day_of_week_operator.py took 0.288 seconds
[2025-05-31 11:13:15,799] {processor.py:163} INFO - Started process (PID=9930) to work on /home/airflow/.local/lib/python3.6/site-packages/airflow/example_dags/example_branch_day_of_week_operator.py
[2025-05-31 11:13:15,802] {processor.py:642} INFO - Processing file /home/airflow/.local/lib/python3.6/site-packages/airflow/example_dags/example_branch_day_of_week_operator.py for tasks to queue
[2025-05-31 11:13:15,803] {logging_mixin.py:109} INFO - [2025-05-31 11:13:15,803] {dagbag.py:500} INFO - Filling up the DagBag from /home/airflow/.local/lib/python3.6/site-packages/airflow/example_dags/example_branch_day_of_week_operator.py
[2025-05-31 11:13:15,849] {processor.py:654} INFO - DAG(s) dict_keys(['example_weekday_branch_operator']) retrieved from /home/airflow/.local/lib/python3.6/site-packages/airflow/example_dags/example_branch_day_of_week_operator.py
[2025-05-31 11:13:15,973] {logging_mixin.py:109} INFO - [2025-05-31 11:13:15,973] {dag.py:2396} INFO - Sync 1 DAGs
[2025-05-31 11:13:15,998] {logging_mixin.py:109} INFO - [2025-05-31 11:13:15,998] {dag.py:2935} INFO - Setting next_dagrun for example_weekday_branch_operator to 2025-05-30 00:00:00+00:00
[2025-05-31 11:13:16,012] {processor.py:171} INFO - Processing /home/airflow/.local/lib/python3.6/site-packages/airflow/example_dags/example_branch_day_of_week_operator.py took 0.221 seconds
[2025-05-31 11:13:46,614] {processor.py:163} INFO - Started process (PID=10112) to work on /home/airflow/.local/lib/python3.6/site-packages/airflow/example_dags/example_branch_day_of_week_operator.py
[2025-05-31 11:13:46,616] {processor.py:642} INFO - Processing file /home/airflow/.local/lib/python3.6/site-packages/airflow/example_dags/example_branch_day_of_week_operator.py for tasks to queue
[2025-05-31 11:13:46,617] {logging_mixin.py:109} INFO - [2025-05-31 11:13:46,617] {dagbag.py:500} INFO - Filling up the DagBag from /home/airflow/.local/lib/python3.6/site-packages/airflow/example_dags/example_branch_day_of_week_operator.py
[2025-05-31 11:13:46,748] {processor.py:654} INFO - DAG(s) dict_keys(['example_weekday_branch_operator']) retrieved from /home/airflow/.local/lib/python3.6/site-packages/airflow/example_dags/example_branch_day_of_week_operator.py
[2025-05-31 11:13:46,763] {logging_mixin.py:109} INFO - [2025-05-31 11:13:46,762] {dag.py:2396} INFO - Sync 1 DAGs
[2025-05-31 11:13:46,792] {logging_mixin.py:109} INFO - [2025-05-31 11:13:46,792] {dag.py:2935} INFO - Setting next_dagrun for example_weekday_branch_operator to 2025-05-30 00:00:00+00:00
[2025-05-31 11:13:46,816] {processor.py:171} INFO - Processing /home/airflow/.local/lib/python3.6/site-packages/airflow/example_dags/example_branch_day_of_week_operator.py took 0.209 seconds
[2025-05-31 11:14:17,765] {processor.py:163} INFO - Started process (PID=10300) to work on /home/airflow/.local/lib/python3.6/site-packages/airflow/example_dags/example_branch_day_of_week_operator.py
[2025-05-31 11:14:17,767] {processor.py:642} INFO - Processing file /home/airflow/.local/lib/python3.6/site-packages/airflow/example_dags/example_branch_day_of_week_operator.py for tasks to queue
[2025-05-31 11:14:17,769] {logging_mixin.py:109} INFO - [2025-05-31 11:14:17,769] {dagbag.py:500} INFO - Filling up the DagBag from /home/airflow/.local/lib/python3.6/site-packages/airflow/example_dags/example_branch_day_of_week_operator.py
[2025-05-31 11:14:17,904] {processor.py:654} INFO - DAG(s) dict_keys(['example_weekday_branch_operator']) retrieved from /home/airflow/.local/lib/python3.6/site-packages/airflow/example_dags/example_branch_day_of_week_operator.py
[2025-05-31 11:14:17,917] {logging_mixin.py:109} INFO - [2025-05-31 11:14:17,917] {dag.py:2396} INFO - Sync 1 DAGs
[2025-05-31 11:14:17,944] {logging_mixin.py:109} INFO - [2025-05-31 11:14:17,943] {dag.py:2935} INFO - Setting next_dagrun for example_weekday_branch_operator to 2025-05-30 00:00:00+00:00
[2025-05-31 11:14:17,958] {processor.py:171} INFO - Processing /home/airflow/.local/lib/python3.6/site-packages/airflow/example_dags/example_branch_day_of_week_operator.py took 0.198 seconds
[2025-05-31 11:14:48,958] {processor.py:163} INFO - Started process (PID=10487) to work on /home/airflow/.local/lib/python3.6/site-packages/airflow/example_dags/example_branch_day_of_week_operator.py
[2025-05-31 11:14:48,960] {processor.py:642} INFO - Processing file /home/airflow/.local/lib/python3.6/site-packages/airflow/example_dags/example_branch_day_of_week_operator.py for tasks to queue
[2025-05-31 11:14:48,961] {logging_mixin.py:109} INFO - [2025-05-31 11:14:48,961] {dagbag.py:500} INFO - Filling up the DagBag from /home/airflow/.local/lib/python3.6/site-packages/airflow/example_dags/example_branch_day_of_week_operator.py
[2025-05-31 11:14:49,107] {processor.py:654} INFO - DAG(s) dict_keys(['example_weekday_branch_operator']) retrieved from /home/airflow/.local/lib/python3.6/site-packages/airflow/example_dags/example_branch_day_of_week_operator.py
[2025-05-31 11:14:49,122] {logging_mixin.py:109} INFO - [2025-05-31 11:14:49,122] {dag.py:2396} INFO - Sync 1 DAGs
[2025-05-31 11:14:49,150] {logging_mixin.py:109} INFO - [2025-05-31 11:14:49,150] {dag.py:2935} INFO - Setting next_dagrun for example_weekday_branch_operator to 2025-05-30 00:00:00+00:00
[2025-05-31 11:14:49,165] {processor.py:171} INFO - Processing /home/airflow/.local/lib/python3.6/site-packages/airflow/example_dags/example_branch_day_of_week_operator.py took 0.213 seconds
[2025-05-31 11:15:20,283] {processor.py:163} INFO - Started process (PID=10667) to work on /home/airflow/.local/lib/python3.6/site-packages/airflow/example_dags/example_branch_day_of_week_operator.py
[2025-05-31 11:15:20,286] {processor.py:642} INFO - Processing file /home/airflow/.local/lib/python3.6/site-packages/airflow/example_dags/example_branch_day_of_week_operator.py for tasks to queue
[2025-05-31 11:15:20,288] {logging_mixin.py:109} INFO - [2025-05-31 11:15:20,287] {dagbag.py:500} INFO - Filling up the DagBag from /home/airflow/.local/lib/python3.6/site-packages/airflow/example_dags/example_branch_day_of_week_operator.py
[2025-05-31 11:15:20,576] {processor.py:654} INFO - DAG(s) dict_keys(['example_weekday_branch_operator']) retrieved from /home/airflow/.local/lib/python3.6/site-packages/airflow/example_dags/example_branch_day_of_week_operator.py
[2025-05-31 11:15:20,595] {logging_mixin.py:109} INFO - [2025-05-31 11:15:20,594] {dag.py:2396} INFO - Sync 1 DAGs
[2025-05-31 11:15:20,635] {logging_mixin.py:109} INFO - [2025-05-31 11:15:20,635] {dag.py:2935} INFO - Setting next_dagrun for example_weekday_branch_operator to 2025-05-30 00:00:00+00:00
[2025-05-31 11:15:20,660] {processor.py:171} INFO - Processing /home/airflow/.local/lib/python3.6/site-packages/airflow/example_dags/example_branch_day_of_week_operator.py took 0.388 seconds
[2025-05-31 11:15:51,323] {processor.py:163} INFO - Started process (PID=10874) to work on /home/airflow/.local/lib/python3.6/site-packages/airflow/example_dags/example_branch_day_of_week_operator.py
[2025-05-31 11:15:51,325] {processor.py:642} INFO - Processing file /home/airflow/.local/lib/python3.6/site-packages/airflow/example_dags/example_branch_day_of_week_operator.py for tasks to queue
[2025-05-31 11:15:51,328] {logging_mixin.py:109} INFO - [2025-05-31 11:15:51,328] {dagbag.py:500} INFO - Filling up the DagBag from /home/airflow/.local/lib/python3.6/site-packages/airflow/example_dags/example_branch_day_of_week_operator.py
[2025-05-31 11:15:51,393] {processor.py:654} INFO - DAG(s) dict_keys(['example_weekday_branch_operator']) retrieved from /home/airflow/.local/lib/python3.6/site-packages/airflow/example_dags/example_branch_day_of_week_operator.py
[2025-05-31 11:15:51,415] {logging_mixin.py:109} INFO - [2025-05-31 11:15:51,415] {dag.py:2396} INFO - Sync 1 DAGs
[2025-05-31 11:15:51,449] {logging_mixin.py:109} INFO - [2025-05-31 11:15:51,449] {dag.py:2935} INFO - Setting next_dagrun for example_weekday_branch_operator to 2025-05-30 00:00:00+00:00
[2025-05-31 11:15:51,464] {processor.py:171} INFO - Processing /home/airflow/.local/lib/python3.6/site-packages/airflow/example_dags/example_branch_day_of_week_operator.py took 0.150 seconds
[2025-05-31 11:16:21,664] {processor.py:163} INFO - Started process (PID=11091) to work on /home/airflow/.local/lib/python3.6/site-packages/airflow/example_dags/example_branch_day_of_week_operator.py
[2025-05-31 11:16:21,666] {processor.py:642} INFO - Processing file /home/airflow/.local/lib/python3.6/site-packages/airflow/example_dags/example_branch_day_of_week_operator.py for tasks to queue
[2025-05-31 11:16:21,667] {logging_mixin.py:109} INFO - [2025-05-31 11:16:21,667] {dagbag.py:500} INFO - Filling up the DagBag from /home/airflow/.local/lib/python3.6/site-packages/airflow/example_dags/example_branch_day_of_week_operator.py
[2025-05-31 11:16:21,713] {processor.py:654} INFO - DAG(s) dict_keys(['example_weekday_branch_operator']) retrieved from /home/airflow/.local/lib/python3.6/site-packages/airflow/example_dags/example_branch_day_of_week_operator.py
[2025-05-31 11:16:21,737] {logging_mixin.py:109} INFO - [2025-05-31 11:16:21,737] {dag.py:2396} INFO - Sync 1 DAGs
[2025-05-31 11:16:21,767] {logging_mixin.py:109} INFO - [2025-05-31 11:16:21,767] {dag.py:2935} INFO - Setting next_dagrun for example_weekday_branch_operator to 2025-05-30 00:00:00+00:00
[2025-05-31 11:16:21,780] {processor.py:171} INFO - Processing /home/airflow/.local/lib/python3.6/site-packages/airflow/example_dags/example_branch_day_of_week_operator.py took 0.122 seconds
[2025-05-31 11:16:51,920] {processor.py:163} INFO - Started process (PID=11274) to work on /home/airflow/.local/lib/python3.6/site-packages/airflow/example_dags/example_branch_day_of_week_operator.py
[2025-05-31 11:16:51,922] {processor.py:642} INFO - Processing file /home/airflow/.local/lib/python3.6/site-packages/airflow/example_dags/example_branch_day_of_week_operator.py for tasks to queue
[2025-05-31 11:16:51,924] {logging_mixin.py:109} INFO - [2025-05-31 11:16:51,923] {dagbag.py:500} INFO - Filling up the DagBag from /home/airflow/.local/lib/python3.6/site-packages/airflow/example_dags/example_branch_day_of_week_operator.py
[2025-05-31 11:16:51,958] {processor.py:654} INFO - DAG(s) dict_keys(['example_weekday_branch_operator']) retrieved from /home/airflow/.local/lib/python3.6/site-packages/airflow/example_dags/example_branch_day_of_week_operator.py
[2025-05-31 11:16:51,972] {logging_mixin.py:109} INFO - [2025-05-31 11:16:51,971] {dag.py:2396} INFO - Sync 1 DAGs
[2025-05-31 11:16:51,997] {logging_mixin.py:109} INFO - [2025-05-31 11:16:51,997] {dag.py:2935} INFO - Setting next_dagrun for example_weekday_branch_operator to 2025-05-30 00:00:00+00:00
[2025-05-31 11:16:52,011] {processor.py:171} INFO - Processing /home/airflow/.local/lib/python3.6/site-packages/airflow/example_dags/example_branch_day_of_week_operator.py took 0.095 seconds
[2025-05-31 11:17:23,263] {processor.py:163} INFO - Started process (PID=11469) to work on /home/airflow/.local/lib/python3.6/site-packages/airflow/example_dags/example_branch_day_of_week_operator.py
[2025-05-31 11:17:23,265] {processor.py:642} INFO - Processing file /home/airflow/.local/lib/python3.6/site-packages/airflow/example_dags/example_branch_day_of_week_operator.py for tasks to queue
[2025-05-31 11:17:23,266] {logging_mixin.py:109} INFO - [2025-05-31 11:17:23,266] {dagbag.py:500} INFO - Filling up the DagBag from /home/airflow/.local/lib/python3.6/site-packages/airflow/example_dags/example_branch_day_of_week_operator.py
[2025-05-31 11:17:23,308] {processor.py:654} INFO - DAG(s) dict_keys(['example_weekday_branch_operator']) retrieved from /home/airflow/.local/lib/python3.6/site-packages/airflow/example_dags/example_branch_day_of_week_operator.py
[2025-05-31 11:17:23,324] {logging_mixin.py:109} INFO - [2025-05-31 11:17:23,324] {dag.py:2396} INFO - Sync 1 DAGs
[2025-05-31 11:17:23,357] {logging_mixin.py:109} INFO - [2025-05-31 11:17:23,357] {dag.py:2935} INFO - Setting next_dagrun for example_weekday_branch_operator to 2025-05-30 00:00:00+00:00
[2025-05-31 11:17:23,373] {processor.py:171} INFO - Processing /home/airflow/.local/lib/python3.6/site-packages/airflow/example_dags/example_branch_day_of_week_operator.py took 0.116 seconds
[2025-05-31 11:17:54,325] {processor.py:163} INFO - Started process (PID=11656) to work on /home/airflow/.local/lib/python3.6/site-packages/airflow/example_dags/example_branch_day_of_week_operator.py
[2025-05-31 11:17:54,327] {processor.py:642} INFO - Processing file /home/airflow/.local/lib/python3.6/site-packages/airflow/example_dags/example_branch_day_of_week_operator.py for tasks to queue
[2025-05-31 11:17:54,328] {logging_mixin.py:109} INFO - [2025-05-31 11:17:54,327] {dagbag.py:500} INFO - Filling up the DagBag from /home/airflow/.local/lib/python3.6/site-packages/airflow/example_dags/example_branch_day_of_week_operator.py
[2025-05-31 11:17:54,363] {processor.py:654} INFO - DAG(s) dict_keys(['example_weekday_branch_operator']) retrieved from /home/airflow/.local/lib/python3.6/site-packages/airflow/example_dags/example_branch_day_of_week_operator.py
[2025-05-31 11:17:54,381] {logging_mixin.py:109} INFO - [2025-05-31 11:17:54,381] {dag.py:2396} INFO - Sync 1 DAGs
[2025-05-31 11:17:54,405] {logging_mixin.py:109} INFO - [2025-05-31 11:17:54,405] {dag.py:2935} INFO - Setting next_dagrun for example_weekday_branch_operator to 2025-05-30 00:00:00+00:00
[2025-05-31 11:17:54,417] {processor.py:171} INFO - Processing /home/airflow/.local/lib/python3.6/site-packages/airflow/example_dags/example_branch_day_of_week_operator.py took 0.096 seconds
[2025-05-31 11:18:25,466] {processor.py:163} INFO - Started process (PID=11846) to work on /home/airflow/.local/lib/python3.6/site-packages/airflow/example_dags/example_branch_day_of_week_operator.py
[2025-05-31 11:18:25,468] {processor.py:642} INFO - Processing file /home/airflow/.local/lib/python3.6/site-packages/airflow/example_dags/example_branch_day_of_week_operator.py for tasks to queue
[2025-05-31 11:18:25,469] {logging_mixin.py:109} INFO - [2025-05-31 11:18:25,469] {dagbag.py:500} INFO - Filling up the DagBag from /home/airflow/.local/lib/python3.6/site-packages/airflow/example_dags/example_branch_day_of_week_operator.py
[2025-05-31 11:18:25,517] {processor.py:654} INFO - DAG(s) dict_keys(['example_weekday_branch_operator']) retrieved from /home/airflow/.local/lib/python3.6/site-packages/airflow/example_dags/example_branch_day_of_week_operator.py
[2025-05-31 11:18:25,536] {logging_mixin.py:109} INFO - [2025-05-31 11:18:25,536] {dag.py:2396} INFO - Sync 1 DAGs
[2025-05-31 11:18:25,573] {logging_mixin.py:109} INFO - [2025-05-31 11:18:25,573] {dag.py:2935} INFO - Setting next_dagrun for example_weekday_branch_operator to 2025-05-30 00:00:00+00:00
[2025-05-31 11:18:25,590] {processor.py:171} INFO - Processing /home/airflow/.local/lib/python3.6/site-packages/airflow/example_dags/example_branch_day_of_week_operator.py took 0.130 seconds
[2025-05-31 11:18:56,103] {processor.py:163} INFO - Started process (PID=12036) to work on /home/airflow/.local/lib/python3.6/site-packages/airflow/example_dags/example_branch_day_of_week_operator.py
[2025-05-31 11:18:56,105] {processor.py:642} INFO - Processing file /home/airflow/.local/lib/python3.6/site-packages/airflow/example_dags/example_branch_day_of_week_operator.py for tasks to queue
[2025-05-31 11:18:56,106] {logging_mixin.py:109} INFO - [2025-05-31 11:18:56,106] {dagbag.py:500} INFO - Filling up the DagBag from /home/airflow/.local/lib/python3.6/site-packages/airflow/example_dags/example_branch_day_of_week_operator.py
[2025-05-31 11:18:56,142] {processor.py:654} INFO - DAG(s) dict_keys(['example_weekday_branch_operator']) retrieved from /home/airflow/.local/lib/python3.6/site-packages/airflow/example_dags/example_branch_day_of_week_operator.py
[2025-05-31 11:18:56,157] {logging_mixin.py:109} INFO - [2025-05-31 11:18:56,157] {dag.py:2396} INFO - Sync 1 DAGs
[2025-05-31 11:18:56,183] {logging_mixin.py:109} INFO - [2025-05-31 11:18:56,183] {dag.py:2935} INFO - Setting next_dagrun for example_weekday_branch_operator to 2025-05-30 00:00:00+00:00
[2025-05-31 11:18:56,194] {processor.py:171} INFO - Processing /home/airflow/.local/lib/python3.6/site-packages/airflow/example_dags/example_branch_day_of_week_operator.py took 0.096 seconds
[2025-05-31 11:19:26,947] {processor.py:163} INFO - Started process (PID=12221) to work on /home/airflow/.local/lib/python3.6/site-packages/airflow/example_dags/example_branch_day_of_week_operator.py
[2025-05-31 11:19:26,949] {processor.py:642} INFO - Processing file /home/airflow/.local/lib/python3.6/site-packages/airflow/example_dags/example_branch_day_of_week_operator.py for tasks to queue
[2025-05-31 11:19:26,950] {logging_mixin.py:109} INFO - [2025-05-31 11:19:26,950] {dagbag.py:500} INFO - Filling up the DagBag from /home/airflow/.local/lib/python3.6/site-packages/airflow/example_dags/example_branch_day_of_week_operator.py
[2025-05-31 11:19:26,988] {processor.py:654} INFO - DAG(s) dict_keys(['example_weekday_branch_operator']) retrieved from /home/airflow/.local/lib/python3.6/site-packages/airflow/example_dags/example_branch_day_of_week_operator.py
[2025-05-31 11:19:27,004] {logging_mixin.py:109} INFO - [2025-05-31 11:19:27,003] {dag.py:2396} INFO - Sync 1 DAGs
[2025-05-31 11:19:27,030] {logging_mixin.py:109} INFO - [2025-05-31 11:19:27,030] {dag.py:2935} INFO - Setting next_dagrun for example_weekday_branch_operator to 2025-05-30 00:00:00+00:00
[2025-05-31 11:19:27,044] {processor.py:171} INFO - Processing /home/airflow/.local/lib/python3.6/site-packages/airflow/example_dags/example_branch_day_of_week_operator.py took 0.101 seconds
[2025-05-31 11:19:57,748] {processor.py:163} INFO - Started process (PID=12413) to work on /home/airflow/.local/lib/python3.6/site-packages/airflow/example_dags/example_branch_day_of_week_operator.py
[2025-05-31 11:19:57,750] {processor.py:642} INFO - Processing file /home/airflow/.local/lib/python3.6/site-packages/airflow/example_dags/example_branch_day_of_week_operator.py for tasks to queue
[2025-05-31 11:19:57,752] {logging_mixin.py:109} INFO - [2025-05-31 11:19:57,752] {dagbag.py:500} INFO - Filling up the DagBag from /home/airflow/.local/lib/python3.6/site-packages/airflow/example_dags/example_branch_day_of_week_operator.py
[2025-05-31 11:19:57,805] {processor.py:654} INFO - DAG(s) dict_keys(['example_weekday_branch_operator']) retrieved from /home/airflow/.local/lib/python3.6/site-packages/airflow/example_dags/example_branch_day_of_week_operator.py
[2025-05-31 11:19:57,821] {logging_mixin.py:109} INFO - [2025-05-31 11:19:57,821] {dag.py:2396} INFO - Sync 1 DAGs
[2025-05-31 11:19:57,849] {logging_mixin.py:109} INFO - [2025-05-31 11:19:57,849] {dag.py:2935} INFO - Setting next_dagrun for example_weekday_branch_operator to 2025-05-30 00:00:00+00:00
[2025-05-31 11:19:57,864] {processor.py:171} INFO - Processing /home/airflow/.local/lib/python3.6/site-packages/airflow/example_dags/example_branch_day_of_week_operator.py took 0.122 seconds
[2025-05-31 11:20:28,275] {processor.py:163} INFO - Started process (PID=12601) to work on /home/airflow/.local/lib/python3.6/site-packages/airflow/example_dags/example_branch_day_of_week_operator.py
[2025-05-31 11:20:28,277] {processor.py:642} INFO - Processing file /home/airflow/.local/lib/python3.6/site-packages/airflow/example_dags/example_branch_day_of_week_operator.py for tasks to queue
[2025-05-31 11:20:28,278] {logging_mixin.py:109} INFO - [2025-05-31 11:20:28,278] {dagbag.py:500} INFO - Filling up the DagBag from /home/airflow/.local/lib/python3.6/site-packages/airflow/example_dags/example_branch_day_of_week_operator.py
[2025-05-31 11:20:28,311] {processor.py:654} INFO - DAG(s) dict_keys(['example_weekday_branch_operator']) retrieved from /home/airflow/.local/lib/python3.6/site-packages/airflow/example_dags/example_branch_day_of_week_operator.py
[2025-05-31 11:20:28,324] {logging_mixin.py:109} INFO - [2025-05-31 11:20:28,324] {dag.py:2396} INFO - Sync 1 DAGs
[2025-05-31 11:20:28,348] {logging_mixin.py:109} INFO - [2025-05-31 11:20:28,348] {dag.py:2935} INFO - Setting next_dagrun for example_weekday_branch_operator to 2025-05-30 00:00:00+00:00
[2025-05-31 11:20:28,359] {processor.py:171} INFO - Processing /home/airflow/.local/lib/python3.6/site-packages/airflow/example_dags/example_branch_day_of_week_operator.py took 0.088 seconds
[2025-05-31 11:20:59,396] {processor.py:163} INFO - Started process (PID=12786) to work on /home/airflow/.local/lib/python3.6/site-packages/airflow/example_dags/example_branch_day_of_week_operator.py
[2025-05-31 11:20:59,398] {processor.py:642} INFO - Processing file /home/airflow/.local/lib/python3.6/site-packages/airflow/example_dags/example_branch_day_of_week_operator.py for tasks to queue
[2025-05-31 11:20:59,400] {logging_mixin.py:109} INFO - [2025-05-31 11:20:59,400] {dagbag.py:500} INFO - Filling up the DagBag from /home/airflow/.local/lib/python3.6/site-packages/airflow/example_dags/example_branch_day_of_week_operator.py
[2025-05-31 11:20:59,450] {processor.py:654} INFO - DAG(s) dict_keys(['example_weekday_branch_operator']) retrieved from /home/airflow/.local/lib/python3.6/site-packages/airflow/example_dags/example_branch_day_of_week_operator.py
[2025-05-31 11:20:59,467] {logging_mixin.py:109} INFO - [2025-05-31 11:20:59,466] {dag.py:2396} INFO - Sync 1 DAGs
[2025-05-31 11:20:59,497] {logging_mixin.py:109} INFO - [2025-05-31 11:20:59,497] {dag.py:2935} INFO - Setting next_dagrun for example_weekday_branch_operator to 2025-05-30 00:00:00+00:00
[2025-05-31 11:20:59,513] {processor.py:171} INFO - Processing /home/airflow/.local/lib/python3.6/site-packages/airflow/example_dags/example_branch_day_of_week_operator.py took 0.122 seconds
[2025-05-31 11:21:29,883] {processor.py:163} INFO - Started process (PID=12980) to work on /home/airflow/.local/lib/python3.6/site-packages/airflow/example_dags/example_branch_day_of_week_operator.py
[2025-05-31 11:21:29,885] {processor.py:642} INFO - Processing file /home/airflow/.local/lib/python3.6/site-packages/airflow/example_dags/example_branch_day_of_week_operator.py for tasks to queue
[2025-05-31 11:21:29,886] {logging_mixin.py:109} INFO - [2025-05-31 11:21:29,886] {dagbag.py:500} INFO - Filling up the DagBag from /home/airflow/.local/lib/python3.6/site-packages/airflow/example_dags/example_branch_day_of_week_operator.py
[2025-05-31 11:21:29,929] {processor.py:654} INFO - DAG(s) dict_keys(['example_weekday_branch_operator']) retrieved from /home/airflow/.local/lib/python3.6/site-packages/airflow/example_dags/example_branch_day_of_week_operator.py
[2025-05-31 11:21:29,945] {logging_mixin.py:109} INFO - [2025-05-31 11:21:29,945] {dag.py:2396} INFO - Sync 1 DAGs
[2025-05-31 11:21:29,974] {logging_mixin.py:109} INFO - [2025-05-31 11:21:29,974] {dag.py:2935} INFO - Setting next_dagrun for example_weekday_branch_operator to 2025-05-30 00:00:00+00:00
[2025-05-31 11:21:29,988] {processor.py:171} INFO - Processing /home/airflow/.local/lib/python3.6/site-packages/airflow/example_dags/example_branch_day_of_week_operator.py took 0.110 seconds
[2025-05-31 11:22:00,870] {processor.py:163} INFO - Started process (PID=13166) to work on /home/airflow/.local/lib/python3.6/site-packages/airflow/example_dags/example_branch_day_of_week_operator.py
[2025-05-31 11:22:00,871] {processor.py:642} INFO - Processing file /home/airflow/.local/lib/python3.6/site-packages/airflow/example_dags/example_branch_day_of_week_operator.py for tasks to queue
[2025-05-31 11:22:00,873] {logging_mixin.py:109} INFO - [2025-05-31 11:22:00,873] {dagbag.py:500} INFO - Filling up the DagBag from /home/airflow/.local/lib/python3.6/site-packages/airflow/example_dags/example_branch_day_of_week_operator.py
[2025-05-31 11:22:00,913] {processor.py:654} INFO - DAG(s) dict_keys(['example_weekday_branch_operator']) retrieved from /home/airflow/.local/lib/python3.6/site-packages/airflow/example_dags/example_branch_day_of_week_operator.py
[2025-05-31 11:22:00,928] {logging_mixin.py:109} INFO - [2025-05-31 11:22:00,927] {dag.py:2396} INFO - Sync 1 DAGs
[2025-05-31 11:22:00,952] {logging_mixin.py:109} INFO - [2025-05-31 11:22:00,952] {dag.py:2935} INFO - Setting next_dagrun for example_weekday_branch_operator to 2025-05-30 00:00:00+00:00
[2025-05-31 11:22:00,964] {processor.py:171} INFO - Processing /home/airflow/.local/lib/python3.6/site-packages/airflow/example_dags/example_branch_day_of_week_operator.py took 0.098 seconds
[2025-05-31 11:22:31,992] {processor.py:163} INFO - Started process (PID=13351) to work on /home/airflow/.local/lib/python3.6/site-packages/airflow/example_dags/example_branch_day_of_week_operator.py
[2025-05-31 11:22:31,994] {processor.py:642} INFO - Processing file /home/airflow/.local/lib/python3.6/site-packages/airflow/example_dags/example_branch_day_of_week_operator.py for tasks to queue
[2025-05-31 11:22:31,995] {logging_mixin.py:109} INFO - [2025-05-31 11:22:31,995] {dagbag.py:500} INFO - Filling up the DagBag from /home/airflow/.local/lib/python3.6/site-packages/airflow/example_dags/example_branch_day_of_week_operator.py
[2025-05-31 11:22:32,030] {processor.py:654} INFO - DAG(s) dict_keys(['example_weekday_branch_operator']) retrieved from /home/airflow/.local/lib/python3.6/site-packages/airflow/example_dags/example_branch_day_of_week_operator.py
[2025-05-31 11:22:32,046] {logging_mixin.py:109} INFO - [2025-05-31 11:22:32,045] {dag.py:2396} INFO - Sync 1 DAGs
[2025-05-31 11:22:32,071] {logging_mixin.py:109} INFO - [2025-05-31 11:22:32,071] {dag.py:2935} INFO - Setting next_dagrun for example_weekday_branch_operator to 2025-05-30 00:00:00+00:00
[2025-05-31 11:22:32,085] {processor.py:171} INFO - Processing /home/airflow/.local/lib/python3.6/site-packages/airflow/example_dags/example_branch_day_of_week_operator.py took 0.097 seconds
[2025-05-31 11:23:02,765] {processor.py:163} INFO - Started process (PID=13546) to work on /home/airflow/.local/lib/python3.6/site-packages/airflow/example_dags/example_branch_day_of_week_operator.py
[2025-05-31 11:23:02,767] {processor.py:642} INFO - Processing file /home/airflow/.local/lib/python3.6/site-packages/airflow/example_dags/example_branch_day_of_week_operator.py for tasks to queue
[2025-05-31 11:23:02,768] {logging_mixin.py:109} INFO - [2025-05-31 11:23:02,768] {dagbag.py:500} INFO - Filling up the DagBag from /home/airflow/.local/lib/python3.6/site-packages/airflow/example_dags/example_branch_day_of_week_operator.py
[2025-05-31 11:23:02,801] {processor.py:654} INFO - DAG(s) dict_keys(['example_weekday_branch_operator']) retrieved from /home/airflow/.local/lib/python3.6/site-packages/airflow/example_dags/example_branch_day_of_week_operator.py
[2025-05-31 11:23:02,814] {logging_mixin.py:109} INFO - [2025-05-31 11:23:02,814] {dag.py:2396} INFO - Sync 1 DAGs
[2025-05-31 11:23:02,834] {logging_mixin.py:109} INFO - [2025-05-31 11:23:02,834] {dag.py:2935} INFO - Setting next_dagrun for example_weekday_branch_operator to 2025-05-30 00:00:00+00:00
[2025-05-31 11:23:02,846] {processor.py:171} INFO - Processing /home/airflow/.local/lib/python3.6/site-packages/airflow/example_dags/example_branch_day_of_week_operator.py took 0.084 seconds
[2025-05-31 11:23:32,969] {processor.py:163} INFO - Started process (PID=13731) to work on /home/airflow/.local/lib/python3.6/site-packages/airflow/example_dags/example_branch_day_of_week_operator.py
[2025-05-31 11:23:32,971] {processor.py:642} INFO - Processing file /home/airflow/.local/lib/python3.6/site-packages/airflow/example_dags/example_branch_day_of_week_operator.py for tasks to queue
[2025-05-31 11:23:32,972] {logging_mixin.py:109} INFO - [2025-05-31 11:23:32,971] {dagbag.py:500} INFO - Filling up the DagBag from /home/airflow/.local/lib/python3.6/site-packages/airflow/example_dags/example_branch_day_of_week_operator.py
[2025-05-31 11:23:33,002] {processor.py:654} INFO - DAG(s) dict_keys(['example_weekday_branch_operator']) retrieved from /home/airflow/.local/lib/python3.6/site-packages/airflow/example_dags/example_branch_day_of_week_operator.py
[2025-05-31 11:23:33,016] {logging_mixin.py:109} INFO - [2025-05-31 11:23:33,016] {dag.py:2396} INFO - Sync 1 DAGs
[2025-05-31 11:23:33,038] {logging_mixin.py:109} INFO - [2025-05-31 11:23:33,038] {dag.py:2935} INFO - Setting next_dagrun for example_weekday_branch_operator to 2025-05-30 00:00:00+00:00
[2025-05-31 11:23:33,050] {processor.py:171} INFO - Processing /home/airflow/.local/lib/python3.6/site-packages/airflow/example_dags/example_branch_day_of_week_operator.py took 0.084 seconds
[2025-05-31 11:24:03,177] {processor.py:163} INFO - Started process (PID=13916) to work on /home/airflow/.local/lib/python3.6/site-packages/airflow/example_dags/example_branch_day_of_week_operator.py
[2025-05-31 11:24:03,178] {processor.py:642} INFO - Processing file /home/airflow/.local/lib/python3.6/site-packages/airflow/example_dags/example_branch_day_of_week_operator.py for tasks to queue
[2025-05-31 11:24:03,180] {logging_mixin.py:109} INFO - [2025-05-31 11:24:03,180] {dagbag.py:500} INFO - Filling up the DagBag from /home/airflow/.local/lib/python3.6/site-packages/airflow/example_dags/example_branch_day_of_week_operator.py
[2025-05-31 11:24:03,208] {processor.py:654} INFO - DAG(s) dict_keys(['example_weekday_branch_operator']) retrieved from /home/airflow/.local/lib/python3.6/site-packages/airflow/example_dags/example_branch_day_of_week_operator.py
[2025-05-31 11:24:03,220] {logging_mixin.py:109} INFO - [2025-05-31 11:24:03,220] {dag.py:2396} INFO - Sync 1 DAGs
[2025-05-31 11:24:03,247] {logging_mixin.py:109} INFO - [2025-05-31 11:24:03,247] {dag.py:2935} INFO - Setting next_dagrun for example_weekday_branch_operator to 2025-05-30 00:00:00+00:00
[2025-05-31 11:24:03,264] {processor.py:171} INFO - Processing /home/airflow/.local/lib/python3.6/site-packages/airflow/example_dags/example_branch_day_of_week_operator.py took 0.090 seconds
[2025-05-31 11:24:33,690] {processor.py:163} INFO - Started process (PID=14116) to work on /home/airflow/.local/lib/python3.6/site-packages/airflow/example_dags/example_branch_day_of_week_operator.py
[2025-05-31 11:24:33,691] {processor.py:642} INFO - Processing file /home/airflow/.local/lib/python3.6/site-packages/airflow/example_dags/example_branch_day_of_week_operator.py for tasks to queue
[2025-05-31 11:24:33,693] {logging_mixin.py:109} INFO - [2025-05-31 11:24:33,692] {dagbag.py:500} INFO - Filling up the DagBag from /home/airflow/.local/lib/python3.6/site-packages/airflow/example_dags/example_branch_day_of_week_operator.py
[2025-05-31 11:24:33,725] {processor.py:654} INFO - DAG(s) dict_keys(['example_weekday_branch_operator']) retrieved from /home/airflow/.local/lib/python3.6/site-packages/airflow/example_dags/example_branch_day_of_week_operator.py
[2025-05-31 11:24:33,741] {logging_mixin.py:109} INFO - [2025-05-31 11:24:33,741] {dag.py:2396} INFO - Sync 1 DAGs
[2025-05-31 11:24:33,764] {logging_mixin.py:109} INFO - [2025-05-31 11:24:33,764] {dag.py:2935} INFO - Setting next_dagrun for example_weekday_branch_operator to 2025-05-30 00:00:00+00:00
[2025-05-31 11:24:33,777] {processor.py:171} INFO - Processing /home/airflow/.local/lib/python3.6/site-packages/airflow/example_dags/example_branch_day_of_week_operator.py took 0.090 seconds
[2025-05-31 11:25:04,436] {processor.py:163} INFO - Started process (PID=14301) to work on /home/airflow/.local/lib/python3.6/site-packages/airflow/example_dags/example_branch_day_of_week_operator.py
[2025-05-31 11:25:04,438] {processor.py:642} INFO - Processing file /home/airflow/.local/lib/python3.6/site-packages/airflow/example_dags/example_branch_day_of_week_operator.py for tasks to queue
[2025-05-31 11:25:04,440] {logging_mixin.py:109} INFO - [2025-05-31 11:25:04,440] {dagbag.py:500} INFO - Filling up the DagBag from /home/airflow/.local/lib/python3.6/site-packages/airflow/example_dags/example_branch_day_of_week_operator.py
[2025-05-31 11:25:04,484] {processor.py:654} INFO - DAG(s) dict_keys(['example_weekday_branch_operator']) retrieved from /home/airflow/.local/lib/python3.6/site-packages/airflow/example_dags/example_branch_day_of_week_operator.py
[2025-05-31 11:25:04,500] {logging_mixin.py:109} INFO - [2025-05-31 11:25:04,499] {dag.py:2396} INFO - Sync 1 DAGs
[2025-05-31 11:25:04,530] {logging_mixin.py:109} INFO - [2025-05-31 11:25:04,530] {dag.py:2935} INFO - Setting next_dagrun for example_weekday_branch_operator to 2025-05-30 00:00:00+00:00
[2025-05-31 11:25:04,545] {processor.py:171} INFO - Processing /home/airflow/.local/lib/python3.6/site-packages/airflow/example_dags/example_branch_day_of_week_operator.py took 0.114 seconds
[2025-05-31 11:25:35,325] {processor.py:163} INFO - Started process (PID=14481) to work on /home/airflow/.local/lib/python3.6/site-packages/airflow/example_dags/example_branch_day_of_week_operator.py
[2025-05-31 11:25:35,326] {processor.py:642} INFO - Processing file /home/airflow/.local/lib/python3.6/site-packages/airflow/example_dags/example_branch_day_of_week_operator.py for tasks to queue
[2025-05-31 11:25:35,327] {logging_mixin.py:109} INFO - [2025-05-31 11:25:35,327] {dagbag.py:500} INFO - Filling up the DagBag from /home/airflow/.local/lib/python3.6/site-packages/airflow/example_dags/example_branch_day_of_week_operator.py
[2025-05-31 11:25:35,364] {processor.py:654} INFO - DAG(s) dict_keys(['example_weekday_branch_operator']) retrieved from /home/airflow/.local/lib/python3.6/site-packages/airflow/example_dags/example_branch_day_of_week_operator.py
[2025-05-31 11:25:35,377] {logging_mixin.py:109} INFO - [2025-05-31 11:25:35,377] {dag.py:2396} INFO - Sync 1 DAGs
[2025-05-31 11:25:35,401] {logging_mixin.py:109} INFO - [2025-05-31 11:25:35,401] {dag.py:2935} INFO - Setting next_dagrun for example_weekday_branch_operator to 2025-05-30 00:00:00+00:00
[2025-05-31 11:25:35,413] {processor.py:171} INFO - Processing /home/airflow/.local/lib/python3.6/site-packages/airflow/example_dags/example_branch_day_of_week_operator.py took 0.092 seconds
[2025-05-31 11:26:06,567] {processor.py:163} INFO - Started process (PID=14676) to work on /home/airflow/.local/lib/python3.6/site-packages/airflow/example_dags/example_branch_day_of_week_operator.py
[2025-05-31 11:26:06,569] {processor.py:642} INFO - Processing file /home/airflow/.local/lib/python3.6/site-packages/airflow/example_dags/example_branch_day_of_week_operator.py for tasks to queue
[2025-05-31 11:26:06,570] {logging_mixin.py:109} INFO - [2025-05-31 11:26:06,570] {dagbag.py:500} INFO - Filling up the DagBag from /home/airflow/.local/lib/python3.6/site-packages/airflow/example_dags/example_branch_day_of_week_operator.py
[2025-05-31 11:26:06,616] {processor.py:654} INFO - DAG(s) dict_keys(['example_weekday_branch_operator']) retrieved from /home/airflow/.local/lib/python3.6/site-packages/airflow/example_dags/example_branch_day_of_week_operator.py
[2025-05-31 11:26:06,633] {logging_mixin.py:109} INFO - [2025-05-31 11:26:06,633] {dag.py:2396} INFO - Sync 1 DAGs
[2025-05-31 11:26:06,666] {logging_mixin.py:109} INFO - [2025-05-31 11:26:06,666] {dag.py:2935} INFO - Setting next_dagrun for example_weekday_branch_operator to 2025-05-30 00:00:00+00:00
[2025-05-31 11:26:06,680] {processor.py:171} INFO - Processing /home/airflow/.local/lib/python3.6/site-packages/airflow/example_dags/example_branch_day_of_week_operator.py took 0.119 seconds
[2025-05-31 11:26:37,518] {processor.py:163} INFO - Started process (PID=14861) to work on /home/airflow/.local/lib/python3.6/site-packages/airflow/example_dags/example_branch_day_of_week_operator.py
[2025-05-31 11:26:37,519] {processor.py:642} INFO - Processing file /home/airflow/.local/lib/python3.6/site-packages/airflow/example_dags/example_branch_day_of_week_operator.py for tasks to queue
[2025-05-31 11:26:37,520] {logging_mixin.py:109} INFO - [2025-05-31 11:26:37,520] {dagbag.py:500} INFO - Filling up the DagBag from /home/airflow/.local/lib/python3.6/site-packages/airflow/example_dags/example_branch_day_of_week_operator.py
[2025-05-31 11:26:37,551] {processor.py:654} INFO - DAG(s) dict_keys(['example_weekday_branch_operator']) retrieved from /home/airflow/.local/lib/python3.6/site-packages/airflow/example_dags/example_branch_day_of_week_operator.py
[2025-05-31 11:26:37,563] {logging_mixin.py:109} INFO - [2025-05-31 11:26:37,563] {dag.py:2396} INFO - Sync 1 DAGs
[2025-05-31 11:26:37,584] {logging_mixin.py:109} INFO - [2025-05-31 11:26:37,584] {dag.py:2935} INFO - Setting next_dagrun for example_weekday_branch_operator to 2025-05-30 00:00:00+00:00
[2025-05-31 11:26:37,595] {processor.py:171} INFO - Processing /home/airflow/.local/lib/python3.6/site-packages/airflow/example_dags/example_branch_day_of_week_operator.py took 0.081 seconds
[2025-05-31 11:27:08,131] {processor.py:163} INFO - Started process (PID=15046) to work on /home/airflow/.local/lib/python3.6/site-packages/airflow/example_dags/example_branch_day_of_week_operator.py
[2025-05-31 11:27:08,133] {processor.py:642} INFO - Processing file /home/airflow/.local/lib/python3.6/site-packages/airflow/example_dags/example_branch_day_of_week_operator.py for tasks to queue
[2025-05-31 11:27:08,134] {logging_mixin.py:109} INFO - [2025-05-31 11:27:08,133] {dagbag.py:500} INFO - Filling up the DagBag from /home/airflow/.local/lib/python3.6/site-packages/airflow/example_dags/example_branch_day_of_week_operator.py
[2025-05-31 11:27:08,166] {processor.py:654} INFO - DAG(s) dict_keys(['example_weekday_branch_operator']) retrieved from /home/airflow/.local/lib/python3.6/site-packages/airflow/example_dags/example_branch_day_of_week_operator.py
[2025-05-31 11:27:08,179] {logging_mixin.py:109} INFO - [2025-05-31 11:27:08,179] {dag.py:2396} INFO - Sync 1 DAGs
[2025-05-31 11:27:08,202] {logging_mixin.py:109} INFO - [2025-05-31 11:27:08,202] {dag.py:2935} INFO - Setting next_dagrun for example_weekday_branch_operator to 2025-05-30 00:00:00+00:00
[2025-05-31 11:27:08,215] {processor.py:171} INFO - Processing /home/airflow/.local/lib/python3.6/site-packages/airflow/example_dags/example_branch_day_of_week_operator.py took 0.088 seconds
[2025-05-31 11:27:39,444] {processor.py:163} INFO - Started process (PID=15241) to work on /home/airflow/.local/lib/python3.6/site-packages/airflow/example_dags/example_branch_day_of_week_operator.py
[2025-05-31 11:27:39,445] {processor.py:642} INFO - Processing file /home/airflow/.local/lib/python3.6/site-packages/airflow/example_dags/example_branch_day_of_week_operator.py for tasks to queue
[2025-05-31 11:27:39,446] {logging_mixin.py:109} INFO - [2025-05-31 11:27:39,446] {dagbag.py:500} INFO - Filling up the DagBag from /home/airflow/.local/lib/python3.6/site-packages/airflow/example_dags/example_branch_day_of_week_operator.py
[2025-05-31 11:27:39,483] {processor.py:654} INFO - DAG(s) dict_keys(['example_weekday_branch_operator']) retrieved from /home/airflow/.local/lib/python3.6/site-packages/airflow/example_dags/example_branch_day_of_week_operator.py
[2025-05-31 11:27:39,496] {logging_mixin.py:109} INFO - [2025-05-31 11:27:39,495] {dag.py:2396} INFO - Sync 1 DAGs
[2025-05-31 11:27:39,522] {logging_mixin.py:109} INFO - [2025-05-31 11:27:39,522] {dag.py:2935} INFO - Setting next_dagrun for example_weekday_branch_operator to 2025-05-30 00:00:00+00:00
[2025-05-31 11:27:39,536] {processor.py:171} INFO - Processing /home/airflow/.local/lib/python3.6/site-packages/airflow/example_dags/example_branch_day_of_week_operator.py took 0.096 seconds
[2025-05-31 11:28:11,292] {processor.py:163} INFO - Started process (PID=15424) to work on /home/airflow/.local/lib/python3.6/site-packages/airflow/example_dags/example_branch_day_of_week_operator.py
[2025-05-31 11:28:11,298] {processor.py:642} INFO - Processing file /home/airflow/.local/lib/python3.6/site-packages/airflow/example_dags/example_branch_day_of_week_operator.py for tasks to queue
[2025-05-31 11:28:11,306] {logging_mixin.py:109} INFO - [2025-05-31 11:28:11,306] {dagbag.py:500} INFO - Filling up the DagBag from /home/airflow/.local/lib/python3.6/site-packages/airflow/example_dags/example_branch_day_of_week_operator.py
[2025-05-31 11:28:11,442] {processor.py:654} INFO - DAG(s) dict_keys(['example_weekday_branch_operator']) retrieved from /home/airflow/.local/lib/python3.6/site-packages/airflow/example_dags/example_branch_day_of_week_operator.py
[2025-05-31 11:28:11,494] {logging_mixin.py:109} INFO - [2025-05-31 11:28:11,492] {dag.py:2396} INFO - Sync 1 DAGs
[2025-05-31 11:28:11,605] {logging_mixin.py:109} INFO - [2025-05-31 11:28:11,605] {dag.py:2935} INFO - Setting next_dagrun for example_weekday_branch_operator to 2025-05-30 00:00:00+00:00
[2025-05-31 11:28:11,650] {processor.py:171} INFO - Processing /home/airflow/.local/lib/python3.6/site-packages/airflow/example_dags/example_branch_day_of_week_operator.py took 0.370 seconds
[2025-05-31 11:28:42,138] {processor.py:163} INFO - Started process (PID=15609) to work on /home/airflow/.local/lib/python3.6/site-packages/airflow/example_dags/example_branch_day_of_week_operator.py
[2025-05-31 11:28:42,140] {processor.py:642} INFO - Processing file /home/airflow/.local/lib/python3.6/site-packages/airflow/example_dags/example_branch_day_of_week_operator.py for tasks to queue
[2025-05-31 11:28:42,141] {logging_mixin.py:109} INFO - [2025-05-31 11:28:42,140] {dagbag.py:500} INFO - Filling up the DagBag from /home/airflow/.local/lib/python3.6/site-packages/airflow/example_dags/example_branch_day_of_week_operator.py
[2025-05-31 11:28:42,214] {processor.py:654} INFO - DAG(s) dict_keys(['example_weekday_branch_operator']) retrieved from /home/airflow/.local/lib/python3.6/site-packages/airflow/example_dags/example_branch_day_of_week_operator.py
[2025-05-31 11:28:42,238] {logging_mixin.py:109} INFO - [2025-05-31 11:28:42,238] {dag.py:2396} INFO - Sync 1 DAGs
[2025-05-31 11:28:42,278] {logging_mixin.py:109} INFO - [2025-05-31 11:28:42,277] {dag.py:2935} INFO - Setting next_dagrun for example_weekday_branch_operator to 2025-05-30 00:00:00+00:00
[2025-05-31 11:28:42,296] {processor.py:171} INFO - Processing /home/airflow/.local/lib/python3.6/site-packages/airflow/example_dags/example_branch_day_of_week_operator.py took 0.164 seconds
[2025-05-31 11:29:12,729] {processor.py:163} INFO - Started process (PID=15803) to work on /home/airflow/.local/lib/python3.6/site-packages/airflow/example_dags/example_branch_day_of_week_operator.py
[2025-05-31 11:29:12,730] {processor.py:642} INFO - Processing file /home/airflow/.local/lib/python3.6/site-packages/airflow/example_dags/example_branch_day_of_week_operator.py for tasks to queue
[2025-05-31 11:29:12,731] {logging_mixin.py:109} INFO - [2025-05-31 11:29:12,731] {dagbag.py:500} INFO - Filling up the DagBag from /home/airflow/.local/lib/python3.6/site-packages/airflow/example_dags/example_branch_day_of_week_operator.py
[2025-05-31 11:29:12,768] {processor.py:654} INFO - DAG(s) dict_keys(['example_weekday_branch_operator']) retrieved from /home/airflow/.local/lib/python3.6/site-packages/airflow/example_dags/example_branch_day_of_week_operator.py
[2025-05-31 11:29:12,782] {logging_mixin.py:109} INFO - [2025-05-31 11:29:12,782] {dag.py:2396} INFO - Sync 1 DAGs
[2025-05-31 11:29:12,809] {logging_mixin.py:109} INFO - [2025-05-31 11:29:12,809] {dag.py:2935} INFO - Setting next_dagrun for example_weekday_branch_operator to 2025-05-30 00:00:00+00:00
[2025-05-31 11:29:12,822] {processor.py:171} INFO - Processing /home/airflow/.local/lib/python3.6/site-packages/airflow/example_dags/example_branch_day_of_week_operator.py took 0.098 seconds
[2025-05-31 11:29:43,995] {processor.py:163} INFO - Started process (PID=15999) to work on /home/airflow/.local/lib/python3.6/site-packages/airflow/example_dags/example_branch_day_of_week_operator.py
[2025-05-31 11:29:43,996] {processor.py:642} INFO - Processing file /home/airflow/.local/lib/python3.6/site-packages/airflow/example_dags/example_branch_day_of_week_operator.py for tasks to queue
[2025-05-31 11:29:43,997] {logging_mixin.py:109} INFO - [2025-05-31 11:29:43,997] {dagbag.py:500} INFO - Filling up the DagBag from /home/airflow/.local/lib/python3.6/site-packages/airflow/example_dags/example_branch_day_of_week_operator.py
[2025-05-31 11:29:44,036] {processor.py:654} INFO - DAG(s) dict_keys(['example_weekday_branch_operator']) retrieved from /home/airflow/.local/lib/python3.6/site-packages/airflow/example_dags/example_branch_day_of_week_operator.py
[2025-05-31 11:29:44,051] {logging_mixin.py:109} INFO - [2025-05-31 11:29:44,051] {dag.py:2396} INFO - Sync 1 DAGs
[2025-05-31 11:29:44,079] {logging_mixin.py:109} INFO - [2025-05-31 11:29:44,078] {dag.py:2935} INFO - Setting next_dagrun for example_weekday_branch_operator to 2025-05-30 00:00:00+00:00
[2025-05-31 11:29:44,091] {processor.py:171} INFO - Processing /home/airflow/.local/lib/python3.6/site-packages/airflow/example_dags/example_branch_day_of_week_operator.py took 0.102 seconds
[2025-05-31 11:30:14,405] {processor.py:163} INFO - Started process (PID=16184) to work on /home/airflow/.local/lib/python3.6/site-packages/airflow/example_dags/example_branch_day_of_week_operator.py
[2025-05-31 11:30:14,407] {processor.py:642} INFO - Processing file /home/airflow/.local/lib/python3.6/site-packages/airflow/example_dags/example_branch_day_of_week_operator.py for tasks to queue
[2025-05-31 11:30:14,408] {logging_mixin.py:109} INFO - [2025-05-31 11:30:14,408] {dagbag.py:500} INFO - Filling up the DagBag from /home/airflow/.local/lib/python3.6/site-packages/airflow/example_dags/example_branch_day_of_week_operator.py
[2025-05-31 11:30:14,440] {processor.py:654} INFO - DAG(s) dict_keys(['example_weekday_branch_operator']) retrieved from /home/airflow/.local/lib/python3.6/site-packages/airflow/example_dags/example_branch_day_of_week_operator.py
[2025-05-31 11:30:14,456] {logging_mixin.py:109} INFO - [2025-05-31 11:30:14,456] {dag.py:2396} INFO - Sync 1 DAGs
[2025-05-31 11:30:14,486] {logging_mixin.py:109} INFO - [2025-05-31 11:30:14,486] {dag.py:2935} INFO - Setting next_dagrun for example_weekday_branch_operator to 2025-05-30 00:00:00+00:00
[2025-05-31 11:30:14,498] {processor.py:171} INFO - Processing /home/airflow/.local/lib/python3.6/site-packages/airflow/example_dags/example_branch_day_of_week_operator.py took 0.097 seconds
[2025-05-31 11:30:44,995] {processor.py:163} INFO - Started process (PID=16379) to work on /home/airflow/.local/lib/python3.6/site-packages/airflow/example_dags/example_branch_day_of_week_operator.py
[2025-05-31 11:30:44,996] {processor.py:642} INFO - Processing file /home/airflow/.local/lib/python3.6/site-packages/airflow/example_dags/example_branch_day_of_week_operator.py for tasks to queue
[2025-05-31 11:30:44,998] {logging_mixin.py:109} INFO - [2025-05-31 11:30:44,997] {dagbag.py:500} INFO - Filling up the DagBag from /home/airflow/.local/lib/python3.6/site-packages/airflow/example_dags/example_branch_day_of_week_operator.py
[2025-05-31 11:30:45,038] {processor.py:654} INFO - DAG(s) dict_keys(['example_weekday_branch_operator']) retrieved from /home/airflow/.local/lib/python3.6/site-packages/airflow/example_dags/example_branch_day_of_week_operator.py
[2025-05-31 11:30:45,054] {logging_mixin.py:109} INFO - [2025-05-31 11:30:45,054] {dag.py:2396} INFO - Sync 1 DAGs
[2025-05-31 11:30:45,085] {logging_mixin.py:109} INFO - [2025-05-31 11:30:45,085] {dag.py:2935} INFO - Setting next_dagrun for example_weekday_branch_operator to 2025-05-30 00:00:00+00:00
[2025-05-31 11:30:45,098] {processor.py:171} INFO - Processing /home/airflow/.local/lib/python3.6/site-packages/airflow/example_dags/example_branch_day_of_week_operator.py took 0.108 seconds
[2025-05-31 11:31:16,104] {processor.py:163} INFO - Started process (PID=16564) to work on /home/airflow/.local/lib/python3.6/site-packages/airflow/example_dags/example_branch_day_of_week_operator.py
[2025-05-31 11:31:16,106] {processor.py:642} INFO - Processing file /home/airflow/.local/lib/python3.6/site-packages/airflow/example_dags/example_branch_day_of_week_operator.py for tasks to queue
[2025-05-31 11:31:16,107] {logging_mixin.py:109} INFO - [2025-05-31 11:31:16,107] {dagbag.py:500} INFO - Filling up the DagBag from /home/airflow/.local/lib/python3.6/site-packages/airflow/example_dags/example_branch_day_of_week_operator.py
[2025-05-31 11:31:16,146] {processor.py:654} INFO - DAG(s) dict_keys(['example_weekday_branch_operator']) retrieved from /home/airflow/.local/lib/python3.6/site-packages/airflow/example_dags/example_branch_day_of_week_operator.py
[2025-05-31 11:31:16,160] {logging_mixin.py:109} INFO - [2025-05-31 11:31:16,160] {dag.py:2396} INFO - Sync 1 DAGs
[2025-05-31 11:31:16,188] {logging_mixin.py:109} INFO - [2025-05-31 11:31:16,188] {dag.py:2935} INFO - Setting next_dagrun for example_weekday_branch_operator to 2025-05-30 00:00:00+00:00
[2025-05-31 11:31:16,200] {processor.py:171} INFO - Processing /home/airflow/.local/lib/python3.6/site-packages/airflow/example_dags/example_branch_day_of_week_operator.py took 0.100 seconds
[2025-05-31 11:31:46,873] {processor.py:163} INFO - Started process (PID=16751) to work on /home/airflow/.local/lib/python3.6/site-packages/airflow/example_dags/example_branch_day_of_week_operator.py
[2025-05-31 11:31:46,874] {processor.py:642} INFO - Processing file /home/airflow/.local/lib/python3.6/site-packages/airflow/example_dags/example_branch_day_of_week_operator.py for tasks to queue
[2025-05-31 11:31:46,875] {logging_mixin.py:109} INFO - [2025-05-31 11:31:46,875] {dagbag.py:500} INFO - Filling up the DagBag from /home/airflow/.local/lib/python3.6/site-packages/airflow/example_dags/example_branch_day_of_week_operator.py
[2025-05-31 11:31:46,907] {processor.py:654} INFO - DAG(s) dict_keys(['example_weekday_branch_operator']) retrieved from /home/airflow/.local/lib/python3.6/site-packages/airflow/example_dags/example_branch_day_of_week_operator.py
[2025-05-31 11:31:46,921] {logging_mixin.py:109} INFO - [2025-05-31 11:31:46,921] {dag.py:2396} INFO - Sync 1 DAGs
[2025-05-31 11:31:46,945] {logging_mixin.py:109} INFO - [2025-05-31 11:31:46,945] {dag.py:2935} INFO - Setting next_dagrun for example_weekday_branch_operator to 2025-05-30 00:00:00+00:00
[2025-05-31 11:31:46,957] {processor.py:171} INFO - Processing /home/airflow/.local/lib/python3.6/site-packages/airflow/example_dags/example_branch_day_of_week_operator.py took 0.088 seconds
[2025-05-31 11:32:17,541] {processor.py:163} INFO - Started process (PID=16944) to work on /home/airflow/.local/lib/python3.6/site-packages/airflow/example_dags/example_branch_day_of_week_operator.py
[2025-05-31 11:32:17,543] {processor.py:642} INFO - Processing file /home/airflow/.local/lib/python3.6/site-packages/airflow/example_dags/example_branch_day_of_week_operator.py for tasks to queue
[2025-05-31 11:32:17,544] {logging_mixin.py:109} INFO - [2025-05-31 11:32:17,544] {dagbag.py:500} INFO - Filling up the DagBag from /home/airflow/.local/lib/python3.6/site-packages/airflow/example_dags/example_branch_day_of_week_operator.py
[2025-05-31 11:32:17,581] {processor.py:654} INFO - DAG(s) dict_keys(['example_weekday_branch_operator']) retrieved from /home/airflow/.local/lib/python3.6/site-packages/airflow/example_dags/example_branch_day_of_week_operator.py
[2025-05-31 11:32:17,595] {logging_mixin.py:109} INFO - [2025-05-31 11:32:17,595] {dag.py:2396} INFO - Sync 1 DAGs
[2025-05-31 11:32:17,624] {logging_mixin.py:109} INFO - [2025-05-31 11:32:17,624] {dag.py:2935} INFO - Setting next_dagrun for example_weekday_branch_operator to 2025-05-30 00:00:00+00:00
[2025-05-31 11:32:17,637] {processor.py:171} INFO - Processing /home/airflow/.local/lib/python3.6/site-packages/airflow/example_dags/example_branch_day_of_week_operator.py took 0.100 seconds
[2025-05-31 11:32:48,018] {processor.py:163} INFO - Started process (PID=17129) to work on /home/airflow/.local/lib/python3.6/site-packages/airflow/example_dags/example_branch_day_of_week_operator.py
[2025-05-31 11:32:48,021] {processor.py:642} INFO - Processing file /home/airflow/.local/lib/python3.6/site-packages/airflow/example_dags/example_branch_day_of_week_operator.py for tasks to queue
[2025-05-31 11:32:48,022] {logging_mixin.py:109} INFO - [2025-05-31 11:32:48,022] {dagbag.py:500} INFO - Filling up the DagBag from /home/airflow/.local/lib/python3.6/site-packages/airflow/example_dags/example_branch_day_of_week_operator.py
[2025-05-31 11:32:48,058] {processor.py:654} INFO - DAG(s) dict_keys(['example_weekday_branch_operator']) retrieved from /home/airflow/.local/lib/python3.6/site-packages/airflow/example_dags/example_branch_day_of_week_operator.py
[2025-05-31 11:32:48,072] {logging_mixin.py:109} INFO - [2025-05-31 11:32:48,072] {dag.py:2396} INFO - Sync 1 DAGs
[2025-05-31 11:32:48,098] {logging_mixin.py:109} INFO - [2025-05-31 11:32:48,098] {dag.py:2935} INFO - Setting next_dagrun for example_weekday_branch_operator to 2025-05-30 00:00:00+00:00
[2025-05-31 11:32:48,109] {processor.py:171} INFO - Processing /home/airflow/.local/lib/python3.6/site-packages/airflow/example_dags/example_branch_day_of_week_operator.py took 0.095 seconds
[2025-05-31 11:33:18,474] {processor.py:163} INFO - Started process (PID=17323) to work on /home/airflow/.local/lib/python3.6/site-packages/airflow/example_dags/example_branch_day_of_week_operator.py
[2025-05-31 11:33:18,476] {processor.py:642} INFO - Processing file /home/airflow/.local/lib/python3.6/site-packages/airflow/example_dags/example_branch_day_of_week_operator.py for tasks to queue
[2025-05-31 11:33:18,481] {logging_mixin.py:109} INFO - [2025-05-31 11:33:18,481] {dagbag.py:500} INFO - Filling up the DagBag from /home/airflow/.local/lib/python3.6/site-packages/airflow/example_dags/example_branch_day_of_week_operator.py
[2025-05-31 11:33:18,533] {processor.py:654} INFO - DAG(s) dict_keys(['example_weekday_branch_operator']) retrieved from /home/airflow/.local/lib/python3.6/site-packages/airflow/example_dags/example_branch_day_of_week_operator.py
[2025-05-31 11:33:18,548] {logging_mixin.py:109} INFO - [2025-05-31 11:33:18,548] {dag.py:2396} INFO - Sync 1 DAGs
[2025-05-31 11:33:18,575] {logging_mixin.py:109} INFO - [2025-05-31 11:33:18,575] {dag.py:2935} INFO - Setting next_dagrun for example_weekday_branch_operator to 2025-05-30 00:00:00+00:00
[2025-05-31 11:33:18,588] {processor.py:171} INFO - Processing /home/airflow/.local/lib/python3.6/site-packages/airflow/example_dags/example_branch_day_of_week_operator.py took 0.119 seconds
[2025-05-31 11:33:49,095] {processor.py:163} INFO - Started process (PID=17508) to work on /home/airflow/.local/lib/python3.6/site-packages/airflow/example_dags/example_branch_day_of_week_operator.py
[2025-05-31 11:33:49,099] {processor.py:642} INFO - Processing file /home/airflow/.local/lib/python3.6/site-packages/airflow/example_dags/example_branch_day_of_week_operator.py for tasks to queue
[2025-05-31 11:33:49,102] {logging_mixin.py:109} INFO - [2025-05-31 11:33:49,101] {dagbag.py:500} INFO - Filling up the DagBag from /home/airflow/.local/lib/python3.6/site-packages/airflow/example_dags/example_branch_day_of_week_operator.py
[2025-05-31 11:33:49,143] {processor.py:654} INFO - DAG(s) dict_keys(['example_weekday_branch_operator']) retrieved from /home/airflow/.local/lib/python3.6/site-packages/airflow/example_dags/example_branch_day_of_week_operator.py
[2025-05-31 11:33:49,156] {logging_mixin.py:109} INFO - [2025-05-31 11:33:49,156] {dag.py:2396} INFO - Sync 1 DAGs
[2025-05-31 11:33:49,179] {logging_mixin.py:109} INFO - [2025-05-31 11:33:49,178] {dag.py:2935} INFO - Setting next_dagrun for example_weekday_branch_operator to 2025-05-30 00:00:00+00:00
[2025-05-31 11:33:49,191] {processor.py:171} INFO - Processing /home/airflow/.local/lib/python3.6/site-packages/airflow/example_dags/example_branch_day_of_week_operator.py took 0.114 seconds
[2025-05-31 11:34:20,268] {processor.py:163} INFO - Started process (PID=17692) to work on /home/airflow/.local/lib/python3.6/site-packages/airflow/example_dags/example_branch_day_of_week_operator.py
[2025-05-31 11:34:20,270] {processor.py:642} INFO - Processing file /home/airflow/.local/lib/python3.6/site-packages/airflow/example_dags/example_branch_day_of_week_operator.py for tasks to queue
[2025-05-31 11:34:20,272] {logging_mixin.py:109} INFO - [2025-05-31 11:34:20,272] {dagbag.py:500} INFO - Filling up the DagBag from /home/airflow/.local/lib/python3.6/site-packages/airflow/example_dags/example_branch_day_of_week_operator.py
[2025-05-31 11:34:20,319] {processor.py:654} INFO - DAG(s) dict_keys(['example_weekday_branch_operator']) retrieved from /home/airflow/.local/lib/python3.6/site-packages/airflow/example_dags/example_branch_day_of_week_operator.py
[2025-05-31 11:34:20,334] {logging_mixin.py:109} INFO - [2025-05-31 11:34:20,334] {dag.py:2396} INFO - Sync 1 DAGs
[2025-05-31 11:34:20,364] {logging_mixin.py:109} INFO - [2025-05-31 11:34:20,363] {dag.py:2935} INFO - Setting next_dagrun for example_weekday_branch_operator to 2025-05-30 00:00:00+00:00
[2025-05-31 11:34:20,378] {processor.py:171} INFO - Processing /home/airflow/.local/lib/python3.6/site-packages/airflow/example_dags/example_branch_day_of_week_operator.py took 0.115 seconds
[2025-05-31 11:34:50,947] {processor.py:163} INFO - Started process (PID=17890) to work on /home/airflow/.local/lib/python3.6/site-packages/airflow/example_dags/example_branch_day_of_week_operator.py
[2025-05-31 11:34:50,950] {processor.py:642} INFO - Processing file /home/airflow/.local/lib/python3.6/site-packages/airflow/example_dags/example_branch_day_of_week_operator.py for tasks to queue
[2025-05-31 11:34:50,951] {logging_mixin.py:109} INFO - [2025-05-31 11:34:50,951] {dagbag.py:500} INFO - Filling up the DagBag from /home/airflow/.local/lib/python3.6/site-packages/airflow/example_dags/example_branch_day_of_week_operator.py
[2025-05-31 11:34:50,998] {processor.py:654} INFO - DAG(s) dict_keys(['example_weekday_branch_operator']) retrieved from /home/airflow/.local/lib/python3.6/site-packages/airflow/example_dags/example_branch_day_of_week_operator.py
[2025-05-31 11:34:51,013] {logging_mixin.py:109} INFO - [2025-05-31 11:34:51,013] {dag.py:2396} INFO - Sync 1 DAGs
[2025-05-31 11:34:51,040] {logging_mixin.py:109} INFO - [2025-05-31 11:34:51,040] {dag.py:2935} INFO - Setting next_dagrun for example_weekday_branch_operator to 2025-05-30 00:00:00+00:00
[2025-05-31 11:34:51,055] {processor.py:171} INFO - Processing /home/airflow/.local/lib/python3.6/site-packages/airflow/example_dags/example_branch_day_of_week_operator.py took 0.112 seconds
[2025-05-31 11:35:21,230] {processor.py:163} INFO - Started process (PID=18075) to work on /home/airflow/.local/lib/python3.6/site-packages/airflow/example_dags/example_branch_day_of_week_operator.py
[2025-05-31 11:35:21,231] {processor.py:642} INFO - Processing file /home/airflow/.local/lib/python3.6/site-packages/airflow/example_dags/example_branch_day_of_week_operator.py for tasks to queue
[2025-05-31 11:35:21,232] {logging_mixin.py:109} INFO - [2025-05-31 11:35:21,232] {dagbag.py:500} INFO - Filling up the DagBag from /home/airflow/.local/lib/python3.6/site-packages/airflow/example_dags/example_branch_day_of_week_operator.py
[2025-05-31 11:35:21,261] {processor.py:654} INFO - DAG(s) dict_keys(['example_weekday_branch_operator']) retrieved from /home/airflow/.local/lib/python3.6/site-packages/airflow/example_dags/example_branch_day_of_week_operator.py
[2025-05-31 11:35:21,285] {logging_mixin.py:109} INFO - [2025-05-31 11:35:21,285] {dag.py:2396} INFO - Sync 1 DAGs
[2025-05-31 11:35:21,311] {logging_mixin.py:109} INFO - [2025-05-31 11:35:21,311] {dag.py:2935} INFO - Setting next_dagrun for example_weekday_branch_operator to 2025-05-30 00:00:00+00:00
[2025-05-31 11:35:21,329] {processor.py:171} INFO - Processing /home/airflow/.local/lib/python3.6/site-packages/airflow/example_dags/example_branch_day_of_week_operator.py took 0.102 seconds
[2025-05-31 11:35:52,127] {processor.py:163} INFO - Started process (PID=18258) to work on /home/airflow/.local/lib/python3.6/site-packages/airflow/example_dags/example_branch_day_of_week_operator.py
[2025-05-31 11:35:52,129] {processor.py:642} INFO - Processing file /home/airflow/.local/lib/python3.6/site-packages/airflow/example_dags/example_branch_day_of_week_operator.py for tasks to queue
[2025-05-31 11:35:52,131] {logging_mixin.py:109} INFO - [2025-05-31 11:35:52,130] {dagbag.py:500} INFO - Filling up the DagBag from /home/airflow/.local/lib/python3.6/site-packages/airflow/example_dags/example_branch_day_of_week_operator.py
[2025-05-31 11:35:52,163] {processor.py:654} INFO - DAG(s) dict_keys(['example_weekday_branch_operator']) retrieved from /home/airflow/.local/lib/python3.6/site-packages/airflow/example_dags/example_branch_day_of_week_operator.py
[2025-05-31 11:35:52,176] {logging_mixin.py:109} INFO - [2025-05-31 11:35:52,176] {dag.py:2396} INFO - Sync 1 DAGs
[2025-05-31 11:35:52,198] {logging_mixin.py:109} INFO - [2025-05-31 11:35:52,198] {dag.py:2935} INFO - Setting next_dagrun for example_weekday_branch_operator to 2025-05-30 00:00:00+00:00
[2025-05-31 11:35:52,210] {processor.py:171} INFO - Processing /home/airflow/.local/lib/python3.6/site-packages/airflow/example_dags/example_branch_day_of_week_operator.py took 0.089 seconds
[2025-05-31 11:36:22,540] {processor.py:163} INFO - Started process (PID=18455) to work on /home/airflow/.local/lib/python3.6/site-packages/airflow/example_dags/example_branch_day_of_week_operator.py
[2025-05-31 11:36:22,541] {processor.py:642} INFO - Processing file /home/airflow/.local/lib/python3.6/site-packages/airflow/example_dags/example_branch_day_of_week_operator.py for tasks to queue
[2025-05-31 11:36:22,542] {logging_mixin.py:109} INFO - [2025-05-31 11:36:22,542] {dagbag.py:500} INFO - Filling up the DagBag from /home/airflow/.local/lib/python3.6/site-packages/airflow/example_dags/example_branch_day_of_week_operator.py
[2025-05-31 11:36:22,576] {processor.py:654} INFO - DAG(s) dict_keys(['example_weekday_branch_operator']) retrieved from /home/airflow/.local/lib/python3.6/site-packages/airflow/example_dags/example_branch_day_of_week_operator.py
[2025-05-31 11:36:22,589] {logging_mixin.py:109} INFO - [2025-05-31 11:36:22,588] {dag.py:2396} INFO - Sync 1 DAGs
[2025-05-31 11:36:22,612] {logging_mixin.py:109} INFO - [2025-05-31 11:36:22,612] {dag.py:2935} INFO - Setting next_dagrun for example_weekday_branch_operator to 2025-05-30 00:00:00+00:00
[2025-05-31 11:36:22,623] {processor.py:171} INFO - Processing /home/airflow/.local/lib/python3.6/site-packages/airflow/example_dags/example_branch_day_of_week_operator.py took 0.087 seconds
[2025-05-31 11:36:52,908] {processor.py:163} INFO - Started process (PID=18638) to work on /home/airflow/.local/lib/python3.6/site-packages/airflow/example_dags/example_branch_day_of_week_operator.py
[2025-05-31 11:36:52,909] {processor.py:642} INFO - Processing file /home/airflow/.local/lib/python3.6/site-packages/airflow/example_dags/example_branch_day_of_week_operator.py for tasks to queue
[2025-05-31 11:36:52,910] {logging_mixin.py:109} INFO - [2025-05-31 11:36:52,910] {dagbag.py:500} INFO - Filling up the DagBag from /home/airflow/.local/lib/python3.6/site-packages/airflow/example_dags/example_branch_day_of_week_operator.py
[2025-05-31 11:36:52,945] {processor.py:654} INFO - DAG(s) dict_keys(['example_weekday_branch_operator']) retrieved from /home/airflow/.local/lib/python3.6/site-packages/airflow/example_dags/example_branch_day_of_week_operator.py
[2025-05-31 11:36:52,963] {logging_mixin.py:109} INFO - [2025-05-31 11:36:52,963] {dag.py:2396} INFO - Sync 1 DAGs
[2025-05-31 11:36:52,987] {logging_mixin.py:109} INFO - [2025-05-31 11:36:52,987] {dag.py:2935} INFO - Setting next_dagrun for example_weekday_branch_operator to 2025-05-30 00:00:00+00:00
[2025-05-31 11:36:53,001] {processor.py:171} INFO - Processing /home/airflow/.local/lib/python3.6/site-packages/airflow/example_dags/example_branch_day_of_week_operator.py took 0.097 seconds
[2025-05-31 11:37:24,047] {processor.py:163} INFO - Started process (PID=18833) to work on /home/airflow/.local/lib/python3.6/site-packages/airflow/example_dags/example_branch_day_of_week_operator.py
[2025-05-31 11:37:24,049] {processor.py:642} INFO - Processing file /home/airflow/.local/lib/python3.6/site-packages/airflow/example_dags/example_branch_day_of_week_operator.py for tasks to queue
[2025-05-31 11:37:24,050] {logging_mixin.py:109} INFO - [2025-05-31 11:37:24,050] {dagbag.py:500} INFO - Filling up the DagBag from /home/airflow/.local/lib/python3.6/site-packages/airflow/example_dags/example_branch_day_of_week_operator.py
[2025-05-31 11:37:24,096] {processor.py:654} INFO - DAG(s) dict_keys(['example_weekday_branch_operator']) retrieved from /home/airflow/.local/lib/python3.6/site-packages/airflow/example_dags/example_branch_day_of_week_operator.py
[2025-05-31 11:37:24,115] {logging_mixin.py:109} INFO - [2025-05-31 11:37:24,114] {dag.py:2396} INFO - Sync 1 DAGs
[2025-05-31 11:37:24,150] {logging_mixin.py:109} INFO - [2025-05-31 11:37:24,150] {dag.py:2935} INFO - Setting next_dagrun for example_weekday_branch_operator to 2025-05-30 00:00:00+00:00
[2025-05-31 11:37:24,164] {processor.py:171} INFO - Processing /home/airflow/.local/lib/python3.6/site-packages/airflow/example_dags/example_branch_day_of_week_operator.py took 0.122 seconds
[2025-05-31 11:37:54,643] {processor.py:163} INFO - Started process (PID=19017) to work on /home/airflow/.local/lib/python3.6/site-packages/airflow/example_dags/example_branch_day_of_week_operator.py
[2025-05-31 11:37:54,644] {processor.py:642} INFO - Processing file /home/airflow/.local/lib/python3.6/site-packages/airflow/example_dags/example_branch_day_of_week_operator.py for tasks to queue
[2025-05-31 11:37:54,646] {logging_mixin.py:109} INFO - [2025-05-31 11:37:54,646] {dagbag.py:500} INFO - Filling up the DagBag from /home/airflow/.local/lib/python3.6/site-packages/airflow/example_dags/example_branch_day_of_week_operator.py
[2025-05-31 11:37:54,679] {processor.py:654} INFO - DAG(s) dict_keys(['example_weekday_branch_operator']) retrieved from /home/airflow/.local/lib/python3.6/site-packages/airflow/example_dags/example_branch_day_of_week_operator.py
[2025-05-31 11:37:54,692] {logging_mixin.py:109} INFO - [2025-05-31 11:37:54,692] {dag.py:2396} INFO - Sync 1 DAGs
[2025-05-31 11:37:54,715] {logging_mixin.py:109} INFO - [2025-05-31 11:37:54,715] {dag.py:2935} INFO - Setting next_dagrun for example_weekday_branch_operator to 2025-05-30 00:00:00+00:00
[2025-05-31 11:37:54,727] {processor.py:171} INFO - Processing /home/airflow/.local/lib/python3.6/site-packages/airflow/example_dags/example_branch_day_of_week_operator.py took 0.089 seconds
[2025-05-31 11:38:25,317] {processor.py:163} INFO - Started process (PID=19203) to work on /home/airflow/.local/lib/python3.6/site-packages/airflow/example_dags/example_branch_day_of_week_operator.py
[2025-05-31 11:38:25,319] {processor.py:642} INFO - Processing file /home/airflow/.local/lib/python3.6/site-packages/airflow/example_dags/example_branch_day_of_week_operator.py for tasks to queue
[2025-05-31 11:38:25,320] {logging_mixin.py:109} INFO - [2025-05-31 11:38:25,320] {dagbag.py:500} INFO - Filling up the DagBag from /home/airflow/.local/lib/python3.6/site-packages/airflow/example_dags/example_branch_day_of_week_operator.py
[2025-05-31 11:38:25,354] {processor.py:654} INFO - DAG(s) dict_keys(['example_weekday_branch_operator']) retrieved from /home/airflow/.local/lib/python3.6/site-packages/airflow/example_dags/example_branch_day_of_week_operator.py
[2025-05-31 11:38:25,367] {logging_mixin.py:109} INFO - [2025-05-31 11:38:25,367] {dag.py:2396} INFO - Sync 1 DAGs
[2025-05-31 11:38:25,391] {logging_mixin.py:109} INFO - [2025-05-31 11:38:25,391] {dag.py:2935} INFO - Setting next_dagrun for example_weekday_branch_operator to 2025-05-30 00:00:00+00:00
[2025-05-31 11:38:25,403] {processor.py:171} INFO - Processing /home/airflow/.local/lib/python3.6/site-packages/airflow/example_dags/example_branch_day_of_week_operator.py took 0.090 seconds
[2025-05-31 11:38:56,174] {processor.py:163} INFO - Started process (PID=19398) to work on /home/airflow/.local/lib/python3.6/site-packages/airflow/example_dags/example_branch_day_of_week_operator.py
[2025-05-31 11:38:56,175] {processor.py:642} INFO - Processing file /home/airflow/.local/lib/python3.6/site-packages/airflow/example_dags/example_branch_day_of_week_operator.py for tasks to queue
[2025-05-31 11:38:56,176] {logging_mixin.py:109} INFO - [2025-05-31 11:38:56,176] {dagbag.py:500} INFO - Filling up the DagBag from /home/airflow/.local/lib/python3.6/site-packages/airflow/example_dags/example_branch_day_of_week_operator.py
[2025-05-31 11:38:56,212] {processor.py:654} INFO - DAG(s) dict_keys(['example_weekday_branch_operator']) retrieved from /home/airflow/.local/lib/python3.6/site-packages/airflow/example_dags/example_branch_day_of_week_operator.py
[2025-05-31 11:38:56,226] {logging_mixin.py:109} INFO - [2025-05-31 11:38:56,225] {dag.py:2396} INFO - Sync 1 DAGs
[2025-05-31 11:38:56,249] {logging_mixin.py:109} INFO - [2025-05-31 11:38:56,249] {dag.py:2935} INFO - Setting next_dagrun for example_weekday_branch_operator to 2025-05-30 00:00:00+00:00
[2025-05-31 11:38:56,261] {processor.py:171} INFO - Processing /home/airflow/.local/lib/python3.6/site-packages/airflow/example_dags/example_branch_day_of_week_operator.py took 0.093 seconds
[2025-05-31 11:39:26,550] {processor.py:163} INFO - Started process (PID=19583) to work on /home/airflow/.local/lib/python3.6/site-packages/airflow/example_dags/example_branch_day_of_week_operator.py
[2025-05-31 11:39:26,552] {processor.py:642} INFO - Processing file /home/airflow/.local/lib/python3.6/site-packages/airflow/example_dags/example_branch_day_of_week_operator.py for tasks to queue
[2025-05-31 11:39:26,553] {logging_mixin.py:109} INFO - [2025-05-31 11:39:26,553] {dagbag.py:500} INFO - Filling up the DagBag from /home/airflow/.local/lib/python3.6/site-packages/airflow/example_dags/example_branch_day_of_week_operator.py
[2025-05-31 11:39:26,591] {processor.py:654} INFO - DAG(s) dict_keys(['example_weekday_branch_operator']) retrieved from /home/airflow/.local/lib/python3.6/site-packages/airflow/example_dags/example_branch_day_of_week_operator.py
[2025-05-31 11:39:26,604] {logging_mixin.py:109} INFO - [2025-05-31 11:39:26,604] {dag.py:2396} INFO - Sync 1 DAGs
[2025-05-31 11:39:26,629] {logging_mixin.py:109} INFO - [2025-05-31 11:39:26,629] {dag.py:2935} INFO - Setting next_dagrun for example_weekday_branch_operator to 2025-05-30 00:00:00+00:00
[2025-05-31 11:39:26,640] {processor.py:171} INFO - Processing /home/airflow/.local/lib/python3.6/site-packages/airflow/example_dags/example_branch_day_of_week_operator.py took 0.095 seconds
[2025-05-31 11:39:57,281] {processor.py:163} INFO - Started process (PID=19780) to work on /home/airflow/.local/lib/python3.6/site-packages/airflow/example_dags/example_branch_day_of_week_operator.py
[2025-05-31 11:39:57,283] {processor.py:642} INFO - Processing file /home/airflow/.local/lib/python3.6/site-packages/airflow/example_dags/example_branch_day_of_week_operator.py for tasks to queue
[2025-05-31 11:39:57,285] {logging_mixin.py:109} INFO - [2025-05-31 11:39:57,285] {dagbag.py:500} INFO - Filling up the DagBag from /home/airflow/.local/lib/python3.6/site-packages/airflow/example_dags/example_branch_day_of_week_operator.py
[2025-05-31 11:39:57,328] {processor.py:654} INFO - DAG(s) dict_keys(['example_weekday_branch_operator']) retrieved from /home/airflow/.local/lib/python3.6/site-packages/airflow/example_dags/example_branch_day_of_week_operator.py
[2025-05-31 11:39:57,344] {logging_mixin.py:109} INFO - [2025-05-31 11:39:57,344] {dag.py:2396} INFO - Sync 1 DAGs
[2025-05-31 11:39:57,379] {logging_mixin.py:109} INFO - [2025-05-31 11:39:57,379] {dag.py:2935} INFO - Setting next_dagrun for example_weekday_branch_operator to 2025-05-30 00:00:00+00:00
[2025-05-31 11:39:57,395] {processor.py:171} INFO - Processing /home/airflow/.local/lib/python3.6/site-packages/airflow/example_dags/example_branch_day_of_week_operator.py took 0.118 seconds
[2025-05-31 11:40:28,254] {processor.py:163} INFO - Started process (PID=19962) to work on /home/airflow/.local/lib/python3.6/site-packages/airflow/example_dags/example_branch_day_of_week_operator.py
[2025-05-31 11:40:28,256] {processor.py:642} INFO - Processing file /home/airflow/.local/lib/python3.6/site-packages/airflow/example_dags/example_branch_day_of_week_operator.py for tasks to queue
[2025-05-31 11:40:28,257] {logging_mixin.py:109} INFO - [2025-05-31 11:40:28,257] {dagbag.py:500} INFO - Filling up the DagBag from /home/airflow/.local/lib/python3.6/site-packages/airflow/example_dags/example_branch_day_of_week_operator.py
[2025-05-31 11:40:28,290] {processor.py:654} INFO - DAG(s) dict_keys(['example_weekday_branch_operator']) retrieved from /home/airflow/.local/lib/python3.6/site-packages/airflow/example_dags/example_branch_day_of_week_operator.py
[2025-05-31 11:40:28,303] {logging_mixin.py:109} INFO - [2025-05-31 11:40:28,303] {dag.py:2396} INFO - Sync 1 DAGs
[2025-05-31 11:40:28,326] {logging_mixin.py:109} INFO - [2025-05-31 11:40:28,326] {dag.py:2935} INFO - Setting next_dagrun for example_weekday_branch_operator to 2025-05-30 00:00:00+00:00
[2025-05-31 11:40:28,338] {processor.py:171} INFO - Processing /home/airflow/.local/lib/python3.6/site-packages/airflow/example_dags/example_branch_day_of_week_operator.py took 0.088 seconds
[2025-05-31 11:40:59,603] {processor.py:163} INFO - Started process (PID=20157) to work on /home/airflow/.local/lib/python3.6/site-packages/airflow/example_dags/example_branch_day_of_week_operator.py
[2025-05-31 11:40:59,605] {processor.py:642} INFO - Processing file /home/airflow/.local/lib/python3.6/site-packages/airflow/example_dags/example_branch_day_of_week_operator.py for tasks to queue
[2025-05-31 11:40:59,607] {logging_mixin.py:109} INFO - [2025-05-31 11:40:59,606] {dagbag.py:500} INFO - Filling up the DagBag from /home/airflow/.local/lib/python3.6/site-packages/airflow/example_dags/example_branch_day_of_week_operator.py
[2025-05-31 11:40:59,653] {processor.py:654} INFO - DAG(s) dict_keys(['example_weekday_branch_operator']) retrieved from /home/airflow/.local/lib/python3.6/site-packages/airflow/example_dags/example_branch_day_of_week_operator.py
[2025-05-31 11:40:59,671] {logging_mixin.py:109} INFO - [2025-05-31 11:40:59,671] {dag.py:2396} INFO - Sync 1 DAGs
[2025-05-31 11:40:59,699] {logging_mixin.py:109} INFO - [2025-05-31 11:40:59,699] {dag.py:2935} INFO - Setting next_dagrun for example_weekday_branch_operator to 2025-05-30 00:00:00+00:00
[2025-05-31 11:40:59,712] {processor.py:171} INFO - Processing /home/airflow/.local/lib/python3.6/site-packages/airflow/example_dags/example_branch_day_of_week_operator.py took 0.115 seconds
[2025-05-31 11:41:30,680] {processor.py:163} INFO - Started process (PID=20344) to work on /home/airflow/.local/lib/python3.6/site-packages/airflow/example_dags/example_branch_day_of_week_operator.py
[2025-05-31 11:41:30,682] {processor.py:642} INFO - Processing file /home/airflow/.local/lib/python3.6/site-packages/airflow/example_dags/example_branch_day_of_week_operator.py for tasks to queue
[2025-05-31 11:41:30,683] {logging_mixin.py:109} INFO - [2025-05-31 11:41:30,683] {dagbag.py:500} INFO - Filling up the DagBag from /home/airflow/.local/lib/python3.6/site-packages/airflow/example_dags/example_branch_day_of_week_operator.py
[2025-05-31 11:41:30,722] {processor.py:654} INFO - DAG(s) dict_keys(['example_weekday_branch_operator']) retrieved from /home/airflow/.local/lib/python3.6/site-packages/airflow/example_dags/example_branch_day_of_week_operator.py
[2025-05-31 11:41:30,737] {logging_mixin.py:109} INFO - [2025-05-31 11:41:30,736] {dag.py:2396} INFO - Sync 1 DAGs
[2025-05-31 11:41:30,764] {logging_mixin.py:109} INFO - [2025-05-31 11:41:30,763] {dag.py:2935} INFO - Setting next_dagrun for example_weekday_branch_operator to 2025-05-30 00:00:00+00:00
[2025-05-31 11:41:30,778] {processor.py:171} INFO - Processing /home/airflow/.local/lib/python3.6/site-packages/airflow/example_dags/example_branch_day_of_week_operator.py took 0.102 seconds
[2025-05-31 11:42:01,739] {processor.py:163} INFO - Started process (PID=20527) to work on /home/airflow/.local/lib/python3.6/site-packages/airflow/example_dags/example_branch_day_of_week_operator.py
[2025-05-31 11:42:01,740] {processor.py:642} INFO - Processing file /home/airflow/.local/lib/python3.6/site-packages/airflow/example_dags/example_branch_day_of_week_operator.py for tasks to queue
[2025-05-31 11:42:01,742] {logging_mixin.py:109} INFO - [2025-05-31 11:42:01,742] {dagbag.py:500} INFO - Filling up the DagBag from /home/airflow/.local/lib/python3.6/site-packages/airflow/example_dags/example_branch_day_of_week_operator.py
[2025-05-31 11:42:01,778] {processor.py:654} INFO - DAG(s) dict_keys(['example_weekday_branch_operator']) retrieved from /home/airflow/.local/lib/python3.6/site-packages/airflow/example_dags/example_branch_day_of_week_operator.py
[2025-05-31 11:42:01,792] {logging_mixin.py:109} INFO - [2025-05-31 11:42:01,791] {dag.py:2396} INFO - Sync 1 DAGs
[2025-05-31 11:42:01,815] {logging_mixin.py:109} INFO - [2025-05-31 11:42:01,815] {dag.py:2935} INFO - Setting next_dagrun for example_weekday_branch_operator to 2025-05-30 00:00:00+00:00
[2025-05-31 11:42:01,827] {processor.py:171} INFO - Processing /home/airflow/.local/lib/python3.6/site-packages/airflow/example_dags/example_branch_day_of_week_operator.py took 0.093 seconds
[2025-05-31 11:42:32,295] {processor.py:163} INFO - Started process (PID=20723) to work on /home/airflow/.local/lib/python3.6/site-packages/airflow/example_dags/example_branch_day_of_week_operator.py
[2025-05-31 11:42:32,297] {processor.py:642} INFO - Processing file /home/airflow/.local/lib/python3.6/site-packages/airflow/example_dags/example_branch_day_of_week_operator.py for tasks to queue
[2025-05-31 11:42:32,298] {logging_mixin.py:109} INFO - [2025-05-31 11:42:32,298] {dagbag.py:500} INFO - Filling up the DagBag from /home/airflow/.local/lib/python3.6/site-packages/airflow/example_dags/example_branch_day_of_week_operator.py
[2025-05-31 11:42:32,339] {processor.py:654} INFO - DAG(s) dict_keys(['example_weekday_branch_operator']) retrieved from /home/airflow/.local/lib/python3.6/site-packages/airflow/example_dags/example_branch_day_of_week_operator.py
[2025-05-31 11:42:32,355] {logging_mixin.py:109} INFO - [2025-05-31 11:42:32,355] {dag.py:2396} INFO - Sync 1 DAGs
[2025-05-31 11:42:32,380] {logging_mixin.py:109} INFO - [2025-05-31 11:42:32,380] {dag.py:2935} INFO - Setting next_dagrun for example_weekday_branch_operator to 2025-05-30 00:00:00+00:00
[2025-05-31 11:42:32,395] {processor.py:171} INFO - Processing /home/airflow/.local/lib/python3.6/site-packages/airflow/example_dags/example_branch_day_of_week_operator.py took 0.105 seconds
[2025-05-31 11:43:03,428] {processor.py:163} INFO - Started process (PID=20906) to work on /home/airflow/.local/lib/python3.6/site-packages/airflow/example_dags/example_branch_day_of_week_operator.py
[2025-05-31 11:43:03,430] {processor.py:642} INFO - Processing file /home/airflow/.local/lib/python3.6/site-packages/airflow/example_dags/example_branch_day_of_week_operator.py for tasks to queue
[2025-05-31 11:43:03,431] {logging_mixin.py:109} INFO - [2025-05-31 11:43:03,430] {dagbag.py:500} INFO - Filling up the DagBag from /home/airflow/.local/lib/python3.6/site-packages/airflow/example_dags/example_branch_day_of_week_operator.py
[2025-05-31 11:43:03,470] {processor.py:654} INFO - DAG(s) dict_keys(['example_weekday_branch_operator']) retrieved from /home/airflow/.local/lib/python3.6/site-packages/airflow/example_dags/example_branch_day_of_week_operator.py
[2025-05-31 11:43:03,484] {logging_mixin.py:109} INFO - [2025-05-31 11:43:03,484] {dag.py:2396} INFO - Sync 1 DAGs
[2025-05-31 11:43:03,510] {logging_mixin.py:109} INFO - [2025-05-31 11:43:03,510] {dag.py:2935} INFO - Setting next_dagrun for example_weekday_branch_operator to 2025-05-30 00:00:00+00:00
[2025-05-31 11:43:03,522] {processor.py:171} INFO - Processing /home/airflow/.local/lib/python3.6/site-packages/airflow/example_dags/example_branch_day_of_week_operator.py took 0.098 seconds
[2025-05-31 11:43:34,101] {processor.py:163} INFO - Started process (PID=21104) to work on /home/airflow/.local/lib/python3.6/site-packages/airflow/example_dags/example_branch_day_of_week_operator.py
[2025-05-31 11:43:34,103] {processor.py:642} INFO - Processing file /home/airflow/.local/lib/python3.6/site-packages/airflow/example_dags/example_branch_day_of_week_operator.py for tasks to queue
[2025-05-31 11:43:34,104] {logging_mixin.py:109} INFO - [2025-05-31 11:43:34,104] {dagbag.py:500} INFO - Filling up the DagBag from /home/airflow/.local/lib/python3.6/site-packages/airflow/example_dags/example_branch_day_of_week_operator.py
[2025-05-31 11:43:34,142] {processor.py:654} INFO - DAG(s) dict_keys(['example_weekday_branch_operator']) retrieved from /home/airflow/.local/lib/python3.6/site-packages/airflow/example_dags/example_branch_day_of_week_operator.py
[2025-05-31 11:43:34,158] {logging_mixin.py:109} INFO - [2025-05-31 11:43:34,158] {dag.py:2396} INFO - Sync 1 DAGs
[2025-05-31 11:43:34,190] {logging_mixin.py:109} INFO - [2025-05-31 11:43:34,190] {dag.py:2935} INFO - Setting next_dagrun for example_weekday_branch_operator to 2025-05-30 00:00:00+00:00
[2025-05-31 11:43:34,203] {processor.py:171} INFO - Processing /home/airflow/.local/lib/python3.6/site-packages/airflow/example_dags/example_branch_day_of_week_operator.py took 0.107 seconds
[2025-05-31 11:44:04,832] {processor.py:163} INFO - Started process (PID=21289) to work on /home/airflow/.local/lib/python3.6/site-packages/airflow/example_dags/example_branch_day_of_week_operator.py
[2025-05-31 11:44:04,834] {processor.py:642} INFO - Processing file /home/airflow/.local/lib/python3.6/site-packages/airflow/example_dags/example_branch_day_of_week_operator.py for tasks to queue
[2025-05-31 11:44:04,836] {logging_mixin.py:109} INFO - [2025-05-31 11:44:04,835] {dagbag.py:500} INFO - Filling up the DagBag from /home/airflow/.local/lib/python3.6/site-packages/airflow/example_dags/example_branch_day_of_week_operator.py
[2025-05-31 11:44:04,875] {processor.py:654} INFO - DAG(s) dict_keys(['example_weekday_branch_operator']) retrieved from /home/airflow/.local/lib/python3.6/site-packages/airflow/example_dags/example_branch_day_of_week_operator.py
[2025-05-31 11:44:04,890] {logging_mixin.py:109} INFO - [2025-05-31 11:44:04,890] {dag.py:2396} INFO - Sync 1 DAGs
[2025-05-31 11:44:04,916] {logging_mixin.py:109} INFO - [2025-05-31 11:44:04,916] {dag.py:2935} INFO - Setting next_dagrun for example_weekday_branch_operator to 2025-05-30 00:00:00+00:00
[2025-05-31 11:44:04,930] {processor.py:171} INFO - Processing /home/airflow/.local/lib/python3.6/site-packages/airflow/example_dags/example_branch_day_of_week_operator.py took 0.103 seconds
[2025-05-31 11:44:35,618] {processor.py:163} INFO - Started process (PID=21485) to work on /home/airflow/.local/lib/python3.6/site-packages/airflow/example_dags/example_branch_day_of_week_operator.py
[2025-05-31 11:44:35,620] {processor.py:642} INFO - Processing file /home/airflow/.local/lib/python3.6/site-packages/airflow/example_dags/example_branch_day_of_week_operator.py for tasks to queue
[2025-05-31 11:44:35,621] {logging_mixin.py:109} INFO - [2025-05-31 11:44:35,621] {dagbag.py:500} INFO - Filling up the DagBag from /home/airflow/.local/lib/python3.6/site-packages/airflow/example_dags/example_branch_day_of_week_operator.py
[2025-05-31 11:44:35,655] {processor.py:654} INFO - DAG(s) dict_keys(['example_weekday_branch_operator']) retrieved from /home/airflow/.local/lib/python3.6/site-packages/airflow/example_dags/example_branch_day_of_week_operator.py
[2025-05-31 11:44:35,669] {logging_mixin.py:109} INFO - [2025-05-31 11:44:35,669] {dag.py:2396} INFO - Sync 1 DAGs
[2025-05-31 11:44:35,692] {logging_mixin.py:109} INFO - [2025-05-31 11:44:35,692] {dag.py:2935} INFO - Setting next_dagrun for example_weekday_branch_operator to 2025-05-30 00:00:00+00:00
[2025-05-31 11:44:35,704] {processor.py:171} INFO - Processing /home/airflow/.local/lib/python3.6/site-packages/airflow/example_dags/example_branch_day_of_week_operator.py took 0.090 seconds
[2025-05-31 11:45:06,371] {processor.py:163} INFO - Started process (PID=21668) to work on /home/airflow/.local/lib/python3.6/site-packages/airflow/example_dags/example_branch_day_of_week_operator.py
[2025-05-31 11:45:06,372] {processor.py:642} INFO - Processing file /home/airflow/.local/lib/python3.6/site-packages/airflow/example_dags/example_branch_day_of_week_operator.py for tasks to queue
[2025-05-31 11:45:06,374] {logging_mixin.py:109} INFO - [2025-05-31 11:45:06,374] {dagbag.py:500} INFO - Filling up the DagBag from /home/airflow/.local/lib/python3.6/site-packages/airflow/example_dags/example_branch_day_of_week_operator.py
[2025-05-31 11:45:06,411] {processor.py:654} INFO - DAG(s) dict_keys(['example_weekday_branch_operator']) retrieved from /home/airflow/.local/lib/python3.6/site-packages/airflow/example_dags/example_branch_day_of_week_operator.py
[2025-05-31 11:45:06,426] {logging_mixin.py:109} INFO - [2025-05-31 11:45:06,426] {dag.py:2396} INFO - Sync 1 DAGs
[2025-05-31 11:45:06,453] {logging_mixin.py:109} INFO - [2025-05-31 11:45:06,453] {dag.py:2935} INFO - Setting next_dagrun for example_weekday_branch_operator to 2025-05-30 00:00:00+00:00
[2025-05-31 11:45:06,465] {processor.py:171} INFO - Processing /home/airflow/.local/lib/python3.6/site-packages/airflow/example_dags/example_branch_day_of_week_operator.py took 0.101 seconds
[2025-05-31 11:45:36,885] {processor.py:163} INFO - Started process (PID=21852) to work on /home/airflow/.local/lib/python3.6/site-packages/airflow/example_dags/example_branch_day_of_week_operator.py
[2025-05-31 11:45:36,886] {processor.py:642} INFO - Processing file /home/airflow/.local/lib/python3.6/site-packages/airflow/example_dags/example_branch_day_of_week_operator.py for tasks to queue
[2025-05-31 11:45:36,887] {logging_mixin.py:109} INFO - [2025-05-31 11:45:36,887] {dagbag.py:500} INFO - Filling up the DagBag from /home/airflow/.local/lib/python3.6/site-packages/airflow/example_dags/example_branch_day_of_week_operator.py
[2025-05-31 11:45:36,927] {processor.py:654} INFO - DAG(s) dict_keys(['example_weekday_branch_operator']) retrieved from /home/airflow/.local/lib/python3.6/site-packages/airflow/example_dags/example_branch_day_of_week_operator.py
[2025-05-31 11:45:36,942] {logging_mixin.py:109} INFO - [2025-05-31 11:45:36,942] {dag.py:2396} INFO - Sync 1 DAGs
[2025-05-31 11:45:36,964] {logging_mixin.py:109} INFO - [2025-05-31 11:45:36,964] {dag.py:2935} INFO - Setting next_dagrun for example_weekday_branch_operator to 2025-05-30 00:00:00+00:00
[2025-05-31 11:45:36,975] {processor.py:171} INFO - Processing /home/airflow/.local/lib/python3.6/site-packages/airflow/example_dags/example_branch_day_of_week_operator.py took 0.094 seconds
[2025-05-31 11:46:07,906] {processor.py:163} INFO - Started process (PID=22050) to work on /home/airflow/.local/lib/python3.6/site-packages/airflow/example_dags/example_branch_day_of_week_operator.py
[2025-05-31 11:46:07,908] {processor.py:642} INFO - Processing file /home/airflow/.local/lib/python3.6/site-packages/airflow/example_dags/example_branch_day_of_week_operator.py for tasks to queue
[2025-05-31 11:46:07,910] {logging_mixin.py:109} INFO - [2025-05-31 11:46:07,909] {dagbag.py:500} INFO - Filling up the DagBag from /home/airflow/.local/lib/python3.6/site-packages/airflow/example_dags/example_branch_day_of_week_operator.py
[2025-05-31 11:46:07,957] {processor.py:654} INFO - DAG(s) dict_keys(['example_weekday_branch_operator']) retrieved from /home/airflow/.local/lib/python3.6/site-packages/airflow/example_dags/example_branch_day_of_week_operator.py
[2025-05-31 11:46:07,978] {logging_mixin.py:109} INFO - [2025-05-31 11:46:07,977] {dag.py:2396} INFO - Sync 1 DAGs
[2025-05-31 11:46:08,019] {logging_mixin.py:109} INFO - [2025-05-31 11:46:08,019] {dag.py:2935} INFO - Setting next_dagrun for example_weekday_branch_operator to 2025-05-30 00:00:00+00:00
[2025-05-31 11:46:08,040] {processor.py:171} INFO - Processing /home/airflow/.local/lib/python3.6/site-packages/airflow/example_dags/example_branch_day_of_week_operator.py took 0.141 seconds
[2025-05-31 11:46:38,840] {processor.py:163} INFO - Started process (PID=22233) to work on /home/airflow/.local/lib/python3.6/site-packages/airflow/example_dags/example_branch_day_of_week_operator.py
[2025-05-31 11:46:38,841] {processor.py:642} INFO - Processing file /home/airflow/.local/lib/python3.6/site-packages/airflow/example_dags/example_branch_day_of_week_operator.py for tasks to queue
[2025-05-31 11:46:38,842] {logging_mixin.py:109} INFO - [2025-05-31 11:46:38,842] {dagbag.py:500} INFO - Filling up the DagBag from /home/airflow/.local/lib/python3.6/site-packages/airflow/example_dags/example_branch_day_of_week_operator.py
[2025-05-31 11:46:38,875] {processor.py:654} INFO - DAG(s) dict_keys(['example_weekday_branch_operator']) retrieved from /home/airflow/.local/lib/python3.6/site-packages/airflow/example_dags/example_branch_day_of_week_operator.py
[2025-05-31 11:46:38,888] {logging_mixin.py:109} INFO - [2025-05-31 11:46:38,887] {dag.py:2396} INFO - Sync 1 DAGs
[2025-05-31 11:46:38,908] {logging_mixin.py:109} INFO - [2025-05-31 11:46:38,908] {dag.py:2935} INFO - Setting next_dagrun for example_weekday_branch_operator to 2025-05-30 00:00:00+00:00
[2025-05-31 11:46:38,920] {processor.py:171} INFO - Processing /home/airflow/.local/lib/python3.6/site-packages/airflow/example_dags/example_branch_day_of_week_operator.py took 0.084 seconds
[2025-05-31 11:47:10,006] {processor.py:163} INFO - Started process (PID=22427) to work on /home/airflow/.local/lib/python3.6/site-packages/airflow/example_dags/example_branch_day_of_week_operator.py
[2025-05-31 11:47:10,008] {processor.py:642} INFO - Processing file /home/airflow/.local/lib/python3.6/site-packages/airflow/example_dags/example_branch_day_of_week_operator.py for tasks to queue
[2025-05-31 11:47:10,009] {logging_mixin.py:109} INFO - [2025-05-31 11:47:10,009] {dagbag.py:500} INFO - Filling up the DagBag from /home/airflow/.local/lib/python3.6/site-packages/airflow/example_dags/example_branch_day_of_week_operator.py
[2025-05-31 11:47:10,052] {processor.py:654} INFO - DAG(s) dict_keys(['example_weekday_branch_operator']) retrieved from /home/airflow/.local/lib/python3.6/site-packages/airflow/example_dags/example_branch_day_of_week_operator.py
[2025-05-31 11:47:10,067] {logging_mixin.py:109} INFO - [2025-05-31 11:47:10,066] {dag.py:2396} INFO - Sync 1 DAGs
[2025-05-31 11:47:10,092] {logging_mixin.py:109} INFO - [2025-05-31 11:47:10,091] {dag.py:2935} INFO - Setting next_dagrun for example_weekday_branch_operator to 2025-05-30 00:00:00+00:00
[2025-05-31 11:47:10,114] {processor.py:171} INFO - Processing /home/airflow/.local/lib/python3.6/site-packages/airflow/example_dags/example_branch_day_of_week_operator.py took 0.114 seconds
[2025-05-31 11:47:41,112] {processor.py:163} INFO - Started process (PID=22613) to work on /home/airflow/.local/lib/python3.6/site-packages/airflow/example_dags/example_branch_day_of_week_operator.py
[2025-05-31 11:47:41,113] {processor.py:642} INFO - Processing file /home/airflow/.local/lib/python3.6/site-packages/airflow/example_dags/example_branch_day_of_week_operator.py for tasks to queue
[2025-05-31 11:47:41,114] {logging_mixin.py:109} INFO - [2025-05-31 11:47:41,114] {dagbag.py:500} INFO - Filling up the DagBag from /home/airflow/.local/lib/python3.6/site-packages/airflow/example_dags/example_branch_day_of_week_operator.py
[2025-05-31 11:47:41,145] {processor.py:654} INFO - DAG(s) dict_keys(['example_weekday_branch_operator']) retrieved from /home/airflow/.local/lib/python3.6/site-packages/airflow/example_dags/example_branch_day_of_week_operator.py
[2025-05-31 11:47:41,158] {logging_mixin.py:109} INFO - [2025-05-31 11:47:41,157] {dag.py:2396} INFO - Sync 1 DAGs
[2025-05-31 11:47:41,183] {logging_mixin.py:109} INFO - [2025-05-31 11:47:41,182] {dag.py:2935} INFO - Setting next_dagrun for example_weekday_branch_operator to 2025-05-30 00:00:00+00:00
[2025-05-31 11:47:41,194] {processor.py:171} INFO - Processing /home/airflow/.local/lib/python3.6/site-packages/airflow/example_dags/example_branch_day_of_week_operator.py took 0.086 seconds
[2025-05-31 11:48:12,262] {processor.py:163} INFO - Started process (PID=22798) to work on /home/airflow/.local/lib/python3.6/site-packages/airflow/example_dags/example_branch_day_of_week_operator.py
[2025-05-31 11:48:12,263] {processor.py:642} INFO - Processing file /home/airflow/.local/lib/python3.6/site-packages/airflow/example_dags/example_branch_day_of_week_operator.py for tasks to queue
[2025-05-31 11:48:12,264] {logging_mixin.py:109} INFO - [2025-05-31 11:48:12,264] {dagbag.py:500} INFO - Filling up the DagBag from /home/airflow/.local/lib/python3.6/site-packages/airflow/example_dags/example_branch_day_of_week_operator.py
[2025-05-31 11:48:12,297] {processor.py:654} INFO - DAG(s) dict_keys(['example_weekday_branch_operator']) retrieved from /home/airflow/.local/lib/python3.6/site-packages/airflow/example_dags/example_branch_day_of_week_operator.py
[2025-05-31 11:48:12,311] {logging_mixin.py:109} INFO - [2025-05-31 11:48:12,311] {dag.py:2396} INFO - Sync 1 DAGs
[2025-05-31 11:48:12,335] {logging_mixin.py:109} INFO - [2025-05-31 11:48:12,335] {dag.py:2935} INFO - Setting next_dagrun for example_weekday_branch_operator to 2025-05-30 00:00:00+00:00
[2025-05-31 11:48:12,347] {processor.py:171} INFO - Processing /home/airflow/.local/lib/python3.6/site-packages/airflow/example_dags/example_branch_day_of_week_operator.py took 0.090 seconds
[2025-05-31 11:48:43,470] {processor.py:163} INFO - Started process (PID=22993) to work on /home/airflow/.local/lib/python3.6/site-packages/airflow/example_dags/example_branch_day_of_week_operator.py
[2025-05-31 11:48:43,471] {processor.py:642} INFO - Processing file /home/airflow/.local/lib/python3.6/site-packages/airflow/example_dags/example_branch_day_of_week_operator.py for tasks to queue
[2025-05-31 11:48:43,472] {logging_mixin.py:109} INFO - [2025-05-31 11:48:43,472] {dagbag.py:500} INFO - Filling up the DagBag from /home/airflow/.local/lib/python3.6/site-packages/airflow/example_dags/example_branch_day_of_week_operator.py
[2025-05-31 11:48:43,506] {processor.py:654} INFO - DAG(s) dict_keys(['example_weekday_branch_operator']) retrieved from /home/airflow/.local/lib/python3.6/site-packages/airflow/example_dags/example_branch_day_of_week_operator.py
[2025-05-31 11:48:43,519] {logging_mixin.py:109} INFO - [2025-05-31 11:48:43,518] {dag.py:2396} INFO - Sync 1 DAGs
[2025-05-31 11:48:43,542] {logging_mixin.py:109} INFO - [2025-05-31 11:48:43,542] {dag.py:2935} INFO - Setting next_dagrun for example_weekday_branch_operator to 2025-05-30 00:00:00+00:00
[2025-05-31 11:48:43,554] {processor.py:171} INFO - Processing /home/airflow/.local/lib/python3.6/site-packages/airflow/example_dags/example_branch_day_of_week_operator.py took 0.088 seconds
[2025-05-31 11:49:14,528] {processor.py:163} INFO - Started process (PID=23177) to work on /home/airflow/.local/lib/python3.6/site-packages/airflow/example_dags/example_branch_day_of_week_operator.py
[2025-05-31 11:49:14,529] {processor.py:642} INFO - Processing file /home/airflow/.local/lib/python3.6/site-packages/airflow/example_dags/example_branch_day_of_week_operator.py for tasks to queue
[2025-05-31 11:49:14,531] {logging_mixin.py:109} INFO - [2025-05-31 11:49:14,531] {dagbag.py:500} INFO - Filling up the DagBag from /home/airflow/.local/lib/python3.6/site-packages/airflow/example_dags/example_branch_day_of_week_operator.py
[2025-05-31 11:49:14,571] {processor.py:654} INFO - DAG(s) dict_keys(['example_weekday_branch_operator']) retrieved from /home/airflow/.local/lib/python3.6/site-packages/airflow/example_dags/example_branch_day_of_week_operator.py
[2025-05-31 11:49:14,586] {logging_mixin.py:109} INFO - [2025-05-31 11:49:14,586] {dag.py:2396} INFO - Sync 1 DAGs
[2025-05-31 11:49:14,615] {logging_mixin.py:109} INFO - [2025-05-31 11:49:14,615] {dag.py:2935} INFO - Setting next_dagrun for example_weekday_branch_operator to 2025-05-30 00:00:00+00:00
[2025-05-31 11:49:14,628] {processor.py:171} INFO - Processing /home/airflow/.local/lib/python3.6/site-packages/airflow/example_dags/example_branch_day_of_week_operator.py took 0.105 seconds
[2025-05-31 11:49:45,939] {processor.py:163} INFO - Started process (PID=23378) to work on /home/airflow/.local/lib/python3.6/site-packages/airflow/example_dags/example_branch_day_of_week_operator.py
[2025-05-31 11:49:45,941] {processor.py:642} INFO - Processing file /home/airflow/.local/lib/python3.6/site-packages/airflow/example_dags/example_branch_day_of_week_operator.py for tasks to queue
[2025-05-31 11:49:45,942] {logging_mixin.py:109} INFO - [2025-05-31 11:49:45,942] {dagbag.py:500} INFO - Filling up the DagBag from /home/airflow/.local/lib/python3.6/site-packages/airflow/example_dags/example_branch_day_of_week_operator.py
[2025-05-31 11:49:45,977] {processor.py:654} INFO - DAG(s) dict_keys(['example_weekday_branch_operator']) retrieved from /home/airflow/.local/lib/python3.6/site-packages/airflow/example_dags/example_branch_day_of_week_operator.py
[2025-05-31 11:49:45,993] {logging_mixin.py:109} INFO - [2025-05-31 11:49:45,992] {dag.py:2396} INFO - Sync 1 DAGs
[2025-05-31 11:49:46,022] {logging_mixin.py:109} INFO - [2025-05-31 11:49:46,022] {dag.py:2935} INFO - Setting next_dagrun for example_weekday_branch_operator to 2025-05-30 00:00:00+00:00
[2025-05-31 11:49:46,037] {processor.py:171} INFO - Processing /home/airflow/.local/lib/python3.6/site-packages/airflow/example_dags/example_branch_day_of_week_operator.py took 0.104 seconds
[2025-05-31 11:50:16,559] {processor.py:163} INFO - Started process (PID=23563) to work on /home/airflow/.local/lib/python3.6/site-packages/airflow/example_dags/example_branch_day_of_week_operator.py
[2025-05-31 11:50:16,561] {processor.py:642} INFO - Processing file /home/airflow/.local/lib/python3.6/site-packages/airflow/example_dags/example_branch_day_of_week_operator.py for tasks to queue
[2025-05-31 11:50:16,562] {logging_mixin.py:109} INFO - [2025-05-31 11:50:16,562] {dagbag.py:500} INFO - Filling up the DagBag from /home/airflow/.local/lib/python3.6/site-packages/airflow/example_dags/example_branch_day_of_week_operator.py
[2025-05-31 11:50:16,603] {processor.py:654} INFO - DAG(s) dict_keys(['example_weekday_branch_operator']) retrieved from /home/airflow/.local/lib/python3.6/site-packages/airflow/example_dags/example_branch_day_of_week_operator.py
[2025-05-31 11:50:16,619] {logging_mixin.py:109} INFO - [2025-05-31 11:50:16,618] {dag.py:2396} INFO - Sync 1 DAGs
[2025-05-31 11:50:16,651] {logging_mixin.py:109} INFO - [2025-05-31 11:50:16,651] {dag.py:2935} INFO - Setting next_dagrun for example_weekday_branch_operator to 2025-05-30 00:00:00+00:00
[2025-05-31 11:50:16,667] {processor.py:171} INFO - Processing /home/airflow/.local/lib/python3.6/site-packages/airflow/example_dags/example_branch_day_of_week_operator.py took 0.113 seconds
[2025-05-31 11:50:47,972] {processor.py:163} INFO - Started process (PID=23758) to work on /home/airflow/.local/lib/python3.6/site-packages/airflow/example_dags/example_branch_day_of_week_operator.py
[2025-05-31 11:50:47,976] {processor.py:642} INFO - Processing file /home/airflow/.local/lib/python3.6/site-packages/airflow/example_dags/example_branch_day_of_week_operator.py for tasks to queue
[2025-05-31 11:50:47,977] {logging_mixin.py:109} INFO - [2025-05-31 11:50:47,977] {dagbag.py:500} INFO - Filling up the DagBag from /home/airflow/.local/lib/python3.6/site-packages/airflow/example_dags/example_branch_day_of_week_operator.py
[2025-05-31 11:50:48,026] {processor.py:654} INFO - DAG(s) dict_keys(['example_weekday_branch_operator']) retrieved from /home/airflow/.local/lib/python3.6/site-packages/airflow/example_dags/example_branch_day_of_week_operator.py
[2025-05-31 11:50:48,045] {logging_mixin.py:109} INFO - [2025-05-31 11:50:48,045] {dag.py:2396} INFO - Sync 1 DAGs
[2025-05-31 11:50:48,095] {logging_mixin.py:109} INFO - [2025-05-31 11:50:48,095] {dag.py:2935} INFO - Setting next_dagrun for example_weekday_branch_operator to 2025-05-30 00:00:00+00:00
[2025-05-31 11:50:48,116] {processor.py:171} INFO - Processing /home/airflow/.local/lib/python3.6/site-packages/airflow/example_dags/example_branch_day_of_week_operator.py took 0.151 seconds
[2025-05-31 11:51:18,981] {processor.py:163} INFO - Started process (PID=23945) to work on /home/airflow/.local/lib/python3.6/site-packages/airflow/example_dags/example_branch_day_of_week_operator.py
[2025-05-31 11:51:18,982] {processor.py:642} INFO - Processing file /home/airflow/.local/lib/python3.6/site-packages/airflow/example_dags/example_branch_day_of_week_operator.py for tasks to queue
[2025-05-31 11:51:18,983] {logging_mixin.py:109} INFO - [2025-05-31 11:51:18,983] {dagbag.py:500} INFO - Filling up the DagBag from /home/airflow/.local/lib/python3.6/site-packages/airflow/example_dags/example_branch_day_of_week_operator.py
[2025-05-31 11:51:19,015] {processor.py:654} INFO - DAG(s) dict_keys(['example_weekday_branch_operator']) retrieved from /home/airflow/.local/lib/python3.6/site-packages/airflow/example_dags/example_branch_day_of_week_operator.py
[2025-05-31 11:51:19,027] {logging_mixin.py:109} INFO - [2025-05-31 11:51:19,027] {dag.py:2396} INFO - Sync 1 DAGs
[2025-05-31 11:51:19,052] {logging_mixin.py:109} INFO - [2025-05-31 11:51:19,052] {dag.py:2935} INFO - Setting next_dagrun for example_weekday_branch_operator to 2025-05-30 00:00:00+00:00
[2025-05-31 11:51:19,064] {processor.py:171} INFO - Processing /home/airflow/.local/lib/python3.6/site-packages/airflow/example_dags/example_branch_day_of_week_operator.py took 0.086 seconds
[2025-05-31 11:51:49,634] {processor.py:163} INFO - Started process (PID=24127) to work on /home/airflow/.local/lib/python3.6/site-packages/airflow/example_dags/example_branch_day_of_week_operator.py
[2025-05-31 11:51:49,636] {processor.py:642} INFO - Processing file /home/airflow/.local/lib/python3.6/site-packages/airflow/example_dags/example_branch_day_of_week_operator.py for tasks to queue
[2025-05-31 11:51:49,637] {logging_mixin.py:109} INFO - [2025-05-31 11:51:49,637] {dagbag.py:500} INFO - Filling up the DagBag from /home/airflow/.local/lib/python3.6/site-packages/airflow/example_dags/example_branch_day_of_week_operator.py
[2025-05-31 11:51:49,673] {processor.py:654} INFO - DAG(s) dict_keys(['example_weekday_branch_operator']) retrieved from /home/airflow/.local/lib/python3.6/site-packages/airflow/example_dags/example_branch_day_of_week_operator.py
[2025-05-31 11:51:49,688] {logging_mixin.py:109} INFO - [2025-05-31 11:51:49,687] {dag.py:2396} INFO - Sync 1 DAGs
[2025-05-31 11:51:49,715] {logging_mixin.py:109} INFO - [2025-05-31 11:51:49,715] {dag.py:2935} INFO - Setting next_dagrun for example_weekday_branch_operator to 2025-05-30 00:00:00+00:00
[2025-05-31 11:51:49,728] {processor.py:171} INFO - Processing /home/airflow/.local/lib/python3.6/site-packages/airflow/example_dags/example_branch_day_of_week_operator.py took 0.098 seconds
[2025-05-31 11:52:20,665] {processor.py:163} INFO - Started process (PID=24322) to work on /home/airflow/.local/lib/python3.6/site-packages/airflow/example_dags/example_branch_day_of_week_operator.py
[2025-05-31 11:52:20,667] {processor.py:642} INFO - Processing file /home/airflow/.local/lib/python3.6/site-packages/airflow/example_dags/example_branch_day_of_week_operator.py for tasks to queue
[2025-05-31 11:52:20,669] {logging_mixin.py:109} INFO - [2025-05-31 11:52:20,668] {dagbag.py:500} INFO - Filling up the DagBag from /home/airflow/.local/lib/python3.6/site-packages/airflow/example_dags/example_branch_day_of_week_operator.py
[2025-05-31 11:52:20,706] {processor.py:654} INFO - DAG(s) dict_keys(['example_weekday_branch_operator']) retrieved from /home/airflow/.local/lib/python3.6/site-packages/airflow/example_dags/example_branch_day_of_week_operator.py
[2025-05-31 11:52:20,720] {logging_mixin.py:109} INFO - [2025-05-31 11:52:20,720] {dag.py:2396} INFO - Sync 1 DAGs
[2025-05-31 11:52:20,748] {logging_mixin.py:109} INFO - [2025-05-31 11:52:20,747] {dag.py:2935} INFO - Setting next_dagrun for example_weekday_branch_operator to 2025-05-30 00:00:00+00:00
[2025-05-31 11:52:20,760] {processor.py:171} INFO - Processing /home/airflow/.local/lib/python3.6/site-packages/airflow/example_dags/example_branch_day_of_week_operator.py took 0.100 seconds
[2025-05-31 11:52:51,456] {processor.py:163} INFO - Started process (PID=24512) to work on /home/airflow/.local/lib/python3.6/site-packages/airflow/example_dags/example_branch_day_of_week_operator.py
[2025-05-31 11:52:51,457] {processor.py:642} INFO - Processing file /home/airflow/.local/lib/python3.6/site-packages/airflow/example_dags/example_branch_day_of_week_operator.py for tasks to queue
[2025-05-31 11:52:51,458] {logging_mixin.py:109} INFO - [2025-05-31 11:52:51,458] {dagbag.py:500} INFO - Filling up the DagBag from /home/airflow/.local/lib/python3.6/site-packages/airflow/example_dags/example_branch_day_of_week_operator.py
[2025-05-31 11:52:51,490] {processor.py:654} INFO - DAG(s) dict_keys(['example_weekday_branch_operator']) retrieved from /home/airflow/.local/lib/python3.6/site-packages/airflow/example_dags/example_branch_day_of_week_operator.py
[2025-05-31 11:52:51,504] {logging_mixin.py:109} INFO - [2025-05-31 11:52:51,504] {dag.py:2396} INFO - Sync 1 DAGs
[2025-05-31 11:52:51,527] {logging_mixin.py:109} INFO - [2025-05-31 11:52:51,526] {dag.py:2935} INFO - Setting next_dagrun for example_weekday_branch_operator to 2025-05-30 00:00:00+00:00
[2025-05-31 11:52:51,539] {processor.py:171} INFO - Processing /home/airflow/.local/lib/python3.6/site-packages/airflow/example_dags/example_branch_day_of_week_operator.py took 0.087 seconds
[2025-05-31 11:53:22,292] {processor.py:163} INFO - Started process (PID=24702) to work on /home/airflow/.local/lib/python3.6/site-packages/airflow/example_dags/example_branch_day_of_week_operator.py
[2025-05-31 11:53:22,295] {processor.py:642} INFO - Processing file /home/airflow/.local/lib/python3.6/site-packages/airflow/example_dags/example_branch_day_of_week_operator.py for tasks to queue
[2025-05-31 11:53:22,296] {logging_mixin.py:109} INFO - [2025-05-31 11:53:22,296] {dagbag.py:500} INFO - Filling up the DagBag from /home/airflow/.local/lib/python3.6/site-packages/airflow/example_dags/example_branch_day_of_week_operator.py
[2025-05-31 11:53:22,339] {processor.py:654} INFO - DAG(s) dict_keys(['example_weekday_branch_operator']) retrieved from /home/airflow/.local/lib/python3.6/site-packages/airflow/example_dags/example_branch_day_of_week_operator.py
[2025-05-31 11:53:22,357] {logging_mixin.py:109} INFO - [2025-05-31 11:53:22,357] {dag.py:2396} INFO - Sync 1 DAGs
[2025-05-31 11:53:22,397] {logging_mixin.py:109} INFO - [2025-05-31 11:53:22,397] {dag.py:2935} INFO - Setting next_dagrun for example_weekday_branch_operator to 2025-05-30 00:00:00+00:00
[2025-05-31 11:53:22,412] {processor.py:171} INFO - Processing /home/airflow/.local/lib/python3.6/site-packages/airflow/example_dags/example_branch_day_of_week_operator.py took 0.125 seconds
[2025-05-31 11:53:53,234] {processor.py:163} INFO - Started process (PID=24887) to work on /home/airflow/.local/lib/python3.6/site-packages/airflow/example_dags/example_branch_day_of_week_operator.py
[2025-05-31 11:53:53,236] {processor.py:642} INFO - Processing file /home/airflow/.local/lib/python3.6/site-packages/airflow/example_dags/example_branch_day_of_week_operator.py for tasks to queue
[2025-05-31 11:53:53,237] {logging_mixin.py:109} INFO - [2025-05-31 11:53:53,237] {dagbag.py:500} INFO - Filling up the DagBag from /home/airflow/.local/lib/python3.6/site-packages/airflow/example_dags/example_branch_day_of_week_operator.py
[2025-05-31 11:53:53,272] {processor.py:654} INFO - DAG(s) dict_keys(['example_weekday_branch_operator']) retrieved from /home/airflow/.local/lib/python3.6/site-packages/airflow/example_dags/example_branch_day_of_week_operator.py
[2025-05-31 11:53:53,285] {logging_mixin.py:109} INFO - [2025-05-31 11:53:53,285] {dag.py:2396} INFO - Sync 1 DAGs
[2025-05-31 11:53:53,308] {logging_mixin.py:109} INFO - [2025-05-31 11:53:53,308] {dag.py:2935} INFO - Setting next_dagrun for example_weekday_branch_operator to 2025-05-30 00:00:00+00:00
[2025-05-31 11:53:53,321] {processor.py:171} INFO - Processing /home/airflow/.local/lib/python3.6/site-packages/airflow/example_dags/example_branch_day_of_week_operator.py took 0.090 seconds
[2025-05-31 11:54:23,738] {processor.py:163} INFO - Started process (PID=25072) to work on /home/airflow/.local/lib/python3.6/site-packages/airflow/example_dags/example_branch_day_of_week_operator.py
[2025-05-31 11:54:23,740] {processor.py:642} INFO - Processing file /home/airflow/.local/lib/python3.6/site-packages/airflow/example_dags/example_branch_day_of_week_operator.py for tasks to queue
[2025-05-31 11:54:23,741] {logging_mixin.py:109} INFO - [2025-05-31 11:54:23,741] {dagbag.py:500} INFO - Filling up the DagBag from /home/airflow/.local/lib/python3.6/site-packages/airflow/example_dags/example_branch_day_of_week_operator.py
[2025-05-31 11:54:23,775] {processor.py:654} INFO - DAG(s) dict_keys(['example_weekday_branch_operator']) retrieved from /home/airflow/.local/lib/python3.6/site-packages/airflow/example_dags/example_branch_day_of_week_operator.py
[2025-05-31 11:54:23,788] {logging_mixin.py:109} INFO - [2025-05-31 11:54:23,788] {dag.py:2396} INFO - Sync 1 DAGs
[2025-05-31 11:54:23,812] {logging_mixin.py:109} INFO - [2025-05-31 11:54:23,812] {dag.py:2935} INFO - Setting next_dagrun for example_weekday_branch_operator to 2025-05-30 00:00:00+00:00
[2025-05-31 11:54:23,824] {processor.py:171} INFO - Processing /home/airflow/.local/lib/python3.6/site-packages/airflow/example_dags/example_branch_day_of_week_operator.py took 0.091 seconds
[2025-05-31 11:54:54,254] {processor.py:163} INFO - Started process (PID=25269) to work on /home/airflow/.local/lib/python3.6/site-packages/airflow/example_dags/example_branch_day_of_week_operator.py
[2025-05-31 11:54:54,256] {processor.py:642} INFO - Processing file /home/airflow/.local/lib/python3.6/site-packages/airflow/example_dags/example_branch_day_of_week_operator.py for tasks to queue
[2025-05-31 11:54:54,257] {logging_mixin.py:109} INFO - [2025-05-31 11:54:54,257] {dagbag.py:500} INFO - Filling up the DagBag from /home/airflow/.local/lib/python3.6/site-packages/airflow/example_dags/example_branch_day_of_week_operator.py
[2025-05-31 11:54:54,291] {processor.py:654} INFO - DAG(s) dict_keys(['example_weekday_branch_operator']) retrieved from /home/airflow/.local/lib/python3.6/site-packages/airflow/example_dags/example_branch_day_of_week_operator.py
[2025-05-31 11:54:54,304] {logging_mixin.py:109} INFO - [2025-05-31 11:54:54,304] {dag.py:2396} INFO - Sync 1 DAGs
[2025-05-31 11:54:54,333] {logging_mixin.py:109} INFO - [2025-05-31 11:54:54,333] {dag.py:2935} INFO - Setting next_dagrun for example_weekday_branch_operator to 2025-05-30 00:00:00+00:00
[2025-05-31 11:54:54,345] {processor.py:171} INFO - Processing /home/airflow/.local/lib/python3.6/site-packages/airflow/example_dags/example_branch_day_of_week_operator.py took 0.094 seconds
[2025-05-31 11:55:25,018] {processor.py:163} INFO - Started process (PID=25451) to work on /home/airflow/.local/lib/python3.6/site-packages/airflow/example_dags/example_branch_day_of_week_operator.py
[2025-05-31 11:55:25,020] {processor.py:642} INFO - Processing file /home/airflow/.local/lib/python3.6/site-packages/airflow/example_dags/example_branch_day_of_week_operator.py for tasks to queue
[2025-05-31 11:55:25,021] {logging_mixin.py:109} INFO - [2025-05-31 11:55:25,021] {dagbag.py:500} INFO - Filling up the DagBag from /home/airflow/.local/lib/python3.6/site-packages/airflow/example_dags/example_branch_day_of_week_operator.py
[2025-05-31 11:55:25,051] {processor.py:654} INFO - DAG(s) dict_keys(['example_weekday_branch_operator']) retrieved from /home/airflow/.local/lib/python3.6/site-packages/airflow/example_dags/example_branch_day_of_week_operator.py
[2025-05-31 11:55:25,064] {logging_mixin.py:109} INFO - [2025-05-31 11:55:25,064] {dag.py:2396} INFO - Sync 1 DAGs
[2025-05-31 11:55:25,087] {logging_mixin.py:109} INFO - [2025-05-31 11:55:25,087] {dag.py:2935} INFO - Setting next_dagrun for example_weekday_branch_operator to 2025-05-30 00:00:00+00:00
[2025-05-31 11:55:25,099] {processor.py:171} INFO - Processing /home/airflow/.local/lib/python3.6/site-packages/airflow/example_dags/example_branch_day_of_week_operator.py took 0.084 seconds
[2025-05-31 11:55:55,627] {processor.py:163} INFO - Started process (PID=25649) to work on /home/airflow/.local/lib/python3.6/site-packages/airflow/example_dags/example_branch_day_of_week_operator.py
[2025-05-31 11:55:55,629] {processor.py:642} INFO - Processing file /home/airflow/.local/lib/python3.6/site-packages/airflow/example_dags/example_branch_day_of_week_operator.py for tasks to queue
[2025-05-31 11:55:55,630] {logging_mixin.py:109} INFO - [2025-05-31 11:55:55,630] {dagbag.py:500} INFO - Filling up the DagBag from /home/airflow/.local/lib/python3.6/site-packages/airflow/example_dags/example_branch_day_of_week_operator.py
[2025-05-31 11:55:55,665] {processor.py:654} INFO - DAG(s) dict_keys(['example_weekday_branch_operator']) retrieved from /home/airflow/.local/lib/python3.6/site-packages/airflow/example_dags/example_branch_day_of_week_operator.py
[2025-05-31 11:55:55,679] {logging_mixin.py:109} INFO - [2025-05-31 11:55:55,679] {dag.py:2396} INFO - Sync 1 DAGs
[2025-05-31 11:55:55,420] {logging_mixin.py:109} INFO - [2025-05-31 11:55:55,420] {dag.py:2935} INFO - Setting next_dagrun for example_weekday_branch_operator to 2025-05-30 00:00:00+00:00
[2025-05-31 11:55:55,434] {processor.py:171} INFO - Processing /home/airflow/.local/lib/python3.6/site-packages/airflow/example_dags/example_branch_day_of_week_operator.py took 0.096 seconds
[2025-05-31 11:56:26,076] {processor.py:163} INFO - Started process (PID=25832) to work on /home/airflow/.local/lib/python3.6/site-packages/airflow/example_dags/example_branch_day_of_week_operator.py
[2025-05-31 11:56:26,078] {processor.py:642} INFO - Processing file /home/airflow/.local/lib/python3.6/site-packages/airflow/example_dags/example_branch_day_of_week_operator.py for tasks to queue
[2025-05-31 11:56:26,079] {logging_mixin.py:109} INFO - [2025-05-31 11:56:26,079] {dagbag.py:500} INFO - Filling up the DagBag from /home/airflow/.local/lib/python3.6/site-packages/airflow/example_dags/example_branch_day_of_week_operator.py
[2025-05-31 11:56:26,120] {processor.py:654} INFO - DAG(s) dict_keys(['example_weekday_branch_operator']) retrieved from /home/airflow/.local/lib/python3.6/site-packages/airflow/example_dags/example_branch_day_of_week_operator.py
[2025-05-31 11:56:26,138] {logging_mixin.py:109} INFO - [2025-05-31 11:56:26,138] {dag.py:2396} INFO - Sync 1 DAGs
[2025-05-31 11:56:26,170] {logging_mixin.py:109} INFO - [2025-05-31 11:56:26,170] {dag.py:2935} INFO - Setting next_dagrun for example_weekday_branch_operator to 2025-05-30 00:00:00+00:00
[2025-05-31 11:56:26,186] {processor.py:171} INFO - Processing /home/airflow/.local/lib/python3.6/site-packages/airflow/example_dags/example_branch_day_of_week_operator.py took 0.115 seconds
[2025-05-31 11:56:56,232] {processor.py:163} INFO - Started process (PID=26014) to work on /home/airflow/.local/lib/python3.6/site-packages/airflow/example_dags/example_branch_day_of_week_operator.py
[2025-05-31 11:56:56,234] {processor.py:642} INFO - Processing file /home/airflow/.local/lib/python3.6/site-packages/airflow/example_dags/example_branch_day_of_week_operator.py for tasks to queue
[2025-05-31 11:56:56,235] {logging_mixin.py:109} INFO - [2025-05-31 11:56:56,235] {dagbag.py:500} INFO - Filling up the DagBag from /home/airflow/.local/lib/python3.6/site-packages/airflow/example_dags/example_branch_day_of_week_operator.py
[2025-05-31 11:56:56,264] {processor.py:654} INFO - DAG(s) dict_keys(['example_weekday_branch_operator']) retrieved from /home/airflow/.local/lib/python3.6/site-packages/airflow/example_dags/example_branch_day_of_week_operator.py
[2025-05-31 11:56:56,276] {logging_mixin.py:109} INFO - [2025-05-31 11:56:56,276] {dag.py:2396} INFO - Sync 1 DAGs
[2025-05-31 11:56:56,298] {logging_mixin.py:109} INFO - [2025-05-31 11:56:56,298] {dag.py:2935} INFO - Setting next_dagrun for example_weekday_branch_operator to 2025-05-30 00:00:00+00:00
[2025-05-31 11:56:56,309] {processor.py:171} INFO - Processing /home/airflow/.local/lib/python3.6/site-packages/airflow/example_dags/example_branch_day_of_week_operator.py took 0.080 seconds
[2025-05-31 11:57:26,581] {processor.py:163} INFO - Started process (PID=26207) to work on /home/airflow/.local/lib/python3.6/site-packages/airflow/example_dags/example_branch_day_of_week_operator.py
[2025-05-31 11:57:26,583] {processor.py:642} INFO - Processing file /home/airflow/.local/lib/python3.6/site-packages/airflow/example_dags/example_branch_day_of_week_operator.py for tasks to queue
[2025-05-31 11:57:26,584] {logging_mixin.py:109} INFO - [2025-05-31 11:57:26,584] {dagbag.py:500} INFO - Filling up the DagBag from /home/airflow/.local/lib/python3.6/site-packages/airflow/example_dags/example_branch_day_of_week_operator.py
[2025-05-31 11:57:26,623] {processor.py:654} INFO - DAG(s) dict_keys(['example_weekday_branch_operator']) retrieved from /home/airflow/.local/lib/python3.6/site-packages/airflow/example_dags/example_branch_day_of_week_operator.py
[2025-05-31 11:57:26,636] {logging_mixin.py:109} INFO - [2025-05-31 11:57:26,635] {dag.py:2396} INFO - Sync 1 DAGs
[2025-05-31 11:57:26,659] {logging_mixin.py:109} INFO - [2025-05-31 11:57:26,659] {dag.py:2935} INFO - Setting next_dagrun for example_weekday_branch_operator to 2025-05-30 00:00:00+00:00
[2025-05-31 11:57:26,671] {processor.py:171} INFO - Processing /home/airflow/.local/lib/python3.6/site-packages/airflow/example_dags/example_branch_day_of_week_operator.py took 0.096 seconds
[2025-05-31 11:57:57,050] {processor.py:163} INFO - Started process (PID=26392) to work on /home/airflow/.local/lib/python3.6/site-packages/airflow/example_dags/example_branch_day_of_week_operator.py
[2025-05-31 11:57:57,052] {processor.py:642} INFO - Processing file /home/airflow/.local/lib/python3.6/site-packages/airflow/example_dags/example_branch_day_of_week_operator.py for tasks to queue
[2025-05-31 11:57:57,053] {logging_mixin.py:109} INFO - [2025-05-31 11:57:57,053] {dagbag.py:500} INFO - Filling up the DagBag from /home/airflow/.local/lib/python3.6/site-packages/airflow/example_dags/example_branch_day_of_week_operator.py
[2025-05-31 11:57:57,081] {processor.py:654} INFO - DAG(s) dict_keys(['example_weekday_branch_operator']) retrieved from /home/airflow/.local/lib/python3.6/site-packages/airflow/example_dags/example_branch_day_of_week_operator.py
[2025-05-31 11:57:57,092] {logging_mixin.py:109} INFO - [2025-05-31 11:57:57,092] {dag.py:2396} INFO - Sync 1 DAGs
[2025-05-31 11:57:57,112] {logging_mixin.py:109} INFO - [2025-05-31 11:57:57,112] {dag.py:2935} INFO - Setting next_dagrun for example_weekday_branch_operator to 2025-05-30 00:00:00+00:00
[2025-05-31 11:57:57,122] {processor.py:171} INFO - Processing /home/airflow/.local/lib/python3.6/site-packages/airflow/example_dags/example_branch_day_of_week_operator.py took 0.075 seconds
[2025-05-31 11:58:27,595] {processor.py:163} INFO - Started process (PID=26577) to work on /home/airflow/.local/lib/python3.6/site-packages/airflow/example_dags/example_branch_day_of_week_operator.py
[2025-05-31 11:58:27,597] {processor.py:642} INFO - Processing file /home/airflow/.local/lib/python3.6/site-packages/airflow/example_dags/example_branch_day_of_week_operator.py for tasks to queue
[2025-05-31 11:58:27,598] {logging_mixin.py:109} INFO - [2025-05-31 11:58:27,598] {dagbag.py:500} INFO - Filling up the DagBag from /home/airflow/.local/lib/python3.6/site-packages/airflow/example_dags/example_branch_day_of_week_operator.py
[2025-05-31 11:58:27,630] {processor.py:654} INFO - DAG(s) dict_keys(['example_weekday_branch_operator']) retrieved from /home/airflow/.local/lib/python3.6/site-packages/airflow/example_dags/example_branch_day_of_week_operator.py
[2025-05-31 11:58:27,643] {logging_mixin.py:109} INFO - [2025-05-31 11:58:27,642] {dag.py:2396} INFO - Sync 1 DAGs
[2025-05-31 11:58:27,666] {logging_mixin.py:109} INFO - [2025-05-31 11:58:27,666] {dag.py:2935} INFO - Setting next_dagrun for example_weekday_branch_operator to 2025-05-30 00:00:00+00:00
[2025-05-31 11:58:27,678] {processor.py:171} INFO - Processing /home/airflow/.local/lib/python3.6/site-packages/airflow/example_dags/example_branch_day_of_week_operator.py took 0.087 seconds
[2025-05-31 11:58:57,808] {processor.py:163} INFO - Started process (PID=26772) to work on /home/airflow/.local/lib/python3.6/site-packages/airflow/example_dags/example_branch_day_of_week_operator.py
[2025-05-31 11:58:57,809] {processor.py:642} INFO - Processing file /home/airflow/.local/lib/python3.6/site-packages/airflow/example_dags/example_branch_day_of_week_operator.py for tasks to queue
[2025-05-31 11:58:57,810] {logging_mixin.py:109} INFO - [2025-05-31 11:58:57,810] {dagbag.py:500} INFO - Filling up the DagBag from /home/airflow/.local/lib/python3.6/site-packages/airflow/example_dags/example_branch_day_of_week_operator.py
[2025-05-31 11:58:57,855] {processor.py:654} INFO - DAG(s) dict_keys(['example_weekday_branch_operator']) retrieved from /home/airflow/.local/lib/python3.6/site-packages/airflow/example_dags/example_branch_day_of_week_operator.py
[2025-05-31 11:58:57,874] {logging_mixin.py:109} INFO - [2025-05-31 11:58:57,874] {dag.py:2396} INFO - Sync 1 DAGs
[2025-05-31 11:58:57,925] {logging_mixin.py:109} INFO - [2025-05-31 11:58:57,925] {dag.py:2935} INFO - Setting next_dagrun for example_weekday_branch_operator to 2025-05-30 00:00:00+00:00
[2025-05-31 11:58:57,941] {processor.py:171} INFO - Processing /home/airflow/.local/lib/python3.6/site-packages/airflow/example_dags/example_branch_day_of_week_operator.py took 0.137 seconds
[2025-05-31 11:59:28,043] {processor.py:163} INFO - Started process (PID=26954) to work on /home/airflow/.local/lib/python3.6/site-packages/airflow/example_dags/example_branch_day_of_week_operator.py
[2025-05-31 11:59:28,045] {processor.py:642} INFO - Processing file /home/airflow/.local/lib/python3.6/site-packages/airflow/example_dags/example_branch_day_of_week_operator.py for tasks to queue
[2025-05-31 11:59:28,046] {logging_mixin.py:109} INFO - [2025-05-31 11:59:28,046] {dagbag.py:500} INFO - Filling up the DagBag from /home/airflow/.local/lib/python3.6/site-packages/airflow/example_dags/example_branch_day_of_week_operator.py
[2025-05-31 11:59:28,075] {processor.py:654} INFO - DAG(s) dict_keys(['example_weekday_branch_operator']) retrieved from /home/airflow/.local/lib/python3.6/site-packages/airflow/example_dags/example_branch_day_of_week_operator.py
[2025-05-31 11:59:28,086] {logging_mixin.py:109} INFO - [2025-05-31 11:59:28,086] {dag.py:2396} INFO - Sync 1 DAGs
[2025-05-31 11:59:28,107] {logging_mixin.py:109} INFO - [2025-05-31 11:59:28,107] {dag.py:2935} INFO - Setting next_dagrun for example_weekday_branch_operator to 2025-05-30 00:00:00+00:00
[2025-05-31 11:59:28,117] {processor.py:171} INFO - Processing /home/airflow/.local/lib/python3.6/site-packages/airflow/example_dags/example_branch_day_of_week_operator.py took 0.078 seconds
[2025-05-31 11:59:58,649] {processor.py:163} INFO - Started process (PID=27137) to work on /home/airflow/.local/lib/python3.6/site-packages/airflow/example_dags/example_branch_day_of_week_operator.py
[2025-05-31 11:59:58,650] {processor.py:642} INFO - Processing file /home/airflow/.local/lib/python3.6/site-packages/airflow/example_dags/example_branch_day_of_week_operator.py for tasks to queue
[2025-05-31 11:59:58,652] {logging_mixin.py:109} INFO - [2025-05-31 11:59:58,651] {dagbag.py:500} INFO - Filling up the DagBag from /home/airflow/.local/lib/python3.6/site-packages/airflow/example_dags/example_branch_day_of_week_operator.py
[2025-05-31 11:59:58,679] {processor.py:654} INFO - DAG(s) dict_keys(['example_weekday_branch_operator']) retrieved from /home/airflow/.local/lib/python3.6/site-packages/airflow/example_dags/example_branch_day_of_week_operator.py
[2025-05-31 11:59:58,691] {logging_mixin.py:109} INFO - [2025-05-31 11:59:58,691] {dag.py:2396} INFO - Sync 1 DAGs
[2025-05-31 11:59:58,709] {logging_mixin.py:109} INFO - [2025-05-31 11:59:58,709] {dag.py:2935} INFO - Setting next_dagrun for example_weekday_branch_operator to 2025-05-30 00:00:00+00:00
[2025-05-31 11:59:58,723] {processor.py:171} INFO - Processing /home/airflow/.local/lib/python3.6/site-packages/airflow/example_dags/example_branch_day_of_week_operator.py took 0.078 seconds
[2025-05-31 12:00:29,474] {processor.py:163} INFO - Started process (PID=27332) to work on /home/airflow/.local/lib/python3.6/site-packages/airflow/example_dags/example_branch_day_of_week_operator.py
[2025-05-31 12:00:29,476] {processor.py:642} INFO - Processing file /home/airflow/.local/lib/python3.6/site-packages/airflow/example_dags/example_branch_day_of_week_operator.py for tasks to queue
[2025-05-31 12:00:29,477] {logging_mixin.py:109} INFO - [2025-05-31 12:00:29,477] {dagbag.py:500} INFO - Filling up the DagBag from /home/airflow/.local/lib/python3.6/site-packages/airflow/example_dags/example_branch_day_of_week_operator.py
[2025-05-31 12:00:29,507] {processor.py:654} INFO - DAG(s) dict_keys(['example_weekday_branch_operator']) retrieved from /home/airflow/.local/lib/python3.6/site-packages/airflow/example_dags/example_branch_day_of_week_operator.py
[2025-05-31 12:00:29,518] {logging_mixin.py:109} INFO - [2025-05-31 12:00:29,518] {dag.py:2396} INFO - Sync 1 DAGs
[2025-05-31 12:00:29,537] {logging_mixin.py:109} INFO - [2025-05-31 12:00:29,537] {dag.py:2935} INFO - Setting next_dagrun for example_weekday_branch_operator to 2025-05-30 00:00:00+00:00
[2025-05-31 12:00:29,547] {processor.py:171} INFO - Processing /home/airflow/.local/lib/python3.6/site-packages/airflow/example_dags/example_branch_day_of_week_operator.py took 0.076 seconds
[2025-05-31 12:00:59,922] {processor.py:163} INFO - Started process (PID=27517) to work on /home/airflow/.local/lib/python3.6/site-packages/airflow/example_dags/example_branch_day_of_week_operator.py
[2025-05-31 12:00:59,923] {processor.py:642} INFO - Processing file /home/airflow/.local/lib/python3.6/site-packages/airflow/example_dags/example_branch_day_of_week_operator.py for tasks to queue
[2025-05-31 12:00:59,924] {logging_mixin.py:109} INFO - [2025-05-31 12:00:59,924] {dagbag.py:500} INFO - Filling up the DagBag from /home/airflow/.local/lib/python3.6/site-packages/airflow/example_dags/example_branch_day_of_week_operator.py
[2025-05-31 12:00:59,953] {processor.py:654} INFO - DAG(s) dict_keys(['example_weekday_branch_operator']) retrieved from /home/airflow/.local/lib/python3.6/site-packages/airflow/example_dags/example_branch_day_of_week_operator.py
[2025-05-31 12:00:59,964] {logging_mixin.py:109} INFO - [2025-05-31 12:00:59,964] {dag.py:2396} INFO - Sync 1 DAGs
[2025-05-31 12:00:59,982] {logging_mixin.py:109} INFO - [2025-05-31 12:00:59,982] {dag.py:2935} INFO - Setting next_dagrun for example_weekday_branch_operator to 2025-05-30 00:00:00+00:00
[2025-05-31 12:00:59,993] {processor.py:171} INFO - Processing /home/airflow/.local/lib/python3.6/site-packages/airflow/example_dags/example_branch_day_of_week_operator.py took 0.076 seconds
[2025-05-31 12:01:30,516] {processor.py:163} INFO - Started process (PID=27712) to work on /home/airflow/.local/lib/python3.6/site-packages/airflow/example_dags/example_branch_day_of_week_operator.py
[2025-05-31 12:01:30,518] {processor.py:642} INFO - Processing file /home/airflow/.local/lib/python3.6/site-packages/airflow/example_dags/example_branch_day_of_week_operator.py for tasks to queue
[2025-05-31 12:01:30,519] {logging_mixin.py:109} INFO - [2025-05-31 12:01:30,519] {dagbag.py:500} INFO - Filling up the DagBag from /home/airflow/.local/lib/python3.6/site-packages/airflow/example_dags/example_branch_day_of_week_operator.py
[2025-05-31 12:01:30,568] {processor.py:654} INFO - DAG(s) dict_keys(['example_weekday_branch_operator']) retrieved from /home/airflow/.local/lib/python3.6/site-packages/airflow/example_dags/example_branch_day_of_week_operator.py
[2025-05-31 12:01:30,581] {logging_mixin.py:109} INFO - [2025-05-31 12:01:30,581] {dag.py:2396} INFO - Sync 1 DAGs
[2025-05-31 12:01:30,606] {logging_mixin.py:109} INFO - [2025-05-31 12:01:30,606] {dag.py:2935} INFO - Setting next_dagrun for example_weekday_branch_operator to 2025-05-30 00:00:00+00:00
[2025-05-31 12:01:30,617] {processor.py:171} INFO - Processing /home/airflow/.local/lib/python3.6/site-packages/airflow/example_dags/example_branch_day_of_week_operator.py took 0.107 seconds
[2025-05-31 12:02:00,696] {processor.py:163} INFO - Started process (PID=27897) to work on /home/airflow/.local/lib/python3.6/site-packages/airflow/example_dags/example_branch_day_of_week_operator.py
[2025-05-31 12:02:00,698] {processor.py:642} INFO - Processing file /home/airflow/.local/lib/python3.6/site-packages/airflow/example_dags/example_branch_day_of_week_operator.py for tasks to queue
[2025-05-31 12:02:00,700] {logging_mixin.py:109} INFO - [2025-05-31 12:02:00,700] {dagbag.py:500} INFO - Filling up the DagBag from /home/airflow/.local/lib/python3.6/site-packages/airflow/example_dags/example_branch_day_of_week_operator.py
[2025-05-31 12:02:00,728] {processor.py:654} INFO - DAG(s) dict_keys(['example_weekday_branch_operator']) retrieved from /home/airflow/.local/lib/python3.6/site-packages/airflow/example_dags/example_branch_day_of_week_operator.py
[2025-05-31 12:02:00,739] {logging_mixin.py:109} INFO - [2025-05-31 12:02:00,739] {dag.py:2396} INFO - Sync 1 DAGs
[2025-05-31 12:02:00,765] {logging_mixin.py:109} INFO - [2025-05-31 12:02:00,765] {dag.py:2935} INFO - Setting next_dagrun for example_weekday_branch_operator to 2025-05-30 00:00:00+00:00
[2025-05-31 12:02:00,777] {processor.py:171} INFO - Processing /home/airflow/.local/lib/python3.6/site-packages/airflow/example_dags/example_branch_day_of_week_operator.py took 0.085 seconds
[2025-05-31 12:02:31,192] {processor.py:163} INFO - Started process (PID=28082) to work on /home/airflow/.local/lib/python3.6/site-packages/airflow/example_dags/example_branch_day_of_week_operator.py
[2025-05-31 12:02:31,194] {processor.py:642} INFO - Processing file /home/airflow/.local/lib/python3.6/site-packages/airflow/example_dags/example_branch_day_of_week_operator.py for tasks to queue
[2025-05-31 12:02:31,195] {logging_mixin.py:109} INFO - [2025-05-31 12:02:31,195] {dagbag.py:500} INFO - Filling up the DagBag from /home/airflow/.local/lib/python3.6/site-packages/airflow/example_dags/example_branch_day_of_week_operator.py
[2025-05-31 12:02:31,230] {processor.py:654} INFO - DAG(s) dict_keys(['example_weekday_branch_operator']) retrieved from /home/airflow/.local/lib/python3.6/site-packages/airflow/example_dags/example_branch_day_of_week_operator.py
[2025-05-31 12:02:31,247] {logging_mixin.py:109} INFO - [2025-05-31 12:02:31,246] {dag.py:2396} INFO - Sync 1 DAGs
[2025-05-31 12:02:31,272] {logging_mixin.py:109} INFO - [2025-05-31 12:02:31,272] {dag.py:2935} INFO - Setting next_dagrun for example_weekday_branch_operator to 2025-05-30 00:00:00+00:00
[2025-05-31 12:02:31,284] {processor.py:171} INFO - Processing /home/airflow/.local/lib/python3.6/site-packages/airflow/example_dags/example_branch_day_of_week_operator.py took 0.095 seconds
[2025-05-31 12:03:01,561] {processor.py:163} INFO - Started process (PID=28277) to work on /home/airflow/.local/lib/python3.6/site-packages/airflow/example_dags/example_branch_day_of_week_operator.py
[2025-05-31 12:03:01,563] {processor.py:642} INFO - Processing file /home/airflow/.local/lib/python3.6/site-packages/airflow/example_dags/example_branch_day_of_week_operator.py for tasks to queue
[2025-05-31 12:03:01,564] {logging_mixin.py:109} INFO - [2025-05-31 12:03:01,564] {dagbag.py:500} INFO - Filling up the DagBag from /home/airflow/.local/lib/python3.6/site-packages/airflow/example_dags/example_branch_day_of_week_operator.py
[2025-05-31 12:03:01,609] {processor.py:654} INFO - DAG(s) dict_keys(['example_weekday_branch_operator']) retrieved from /home/airflow/.local/lib/python3.6/site-packages/airflow/example_dags/example_branch_day_of_week_operator.py
[2025-05-31 12:03:01,623] {logging_mixin.py:109} INFO - [2025-05-31 12:03:01,622] {dag.py:2396} INFO - Sync 1 DAGs
[2025-05-31 12:03:01,649] {logging_mixin.py:109} INFO - [2025-05-31 12:03:01,649] {dag.py:2935} INFO - Setting next_dagrun for example_weekday_branch_operator to 2025-05-30 00:00:00+00:00
[2025-05-31 12:03:01,661] {processor.py:171} INFO - Processing /home/airflow/.local/lib/python3.6/site-packages/airflow/example_dags/example_branch_day_of_week_operator.py took 0.109 seconds
[2025-05-31 12:03:31,802] {processor.py:163} INFO - Started process (PID=28464) to work on /home/airflow/.local/lib/python3.6/site-packages/airflow/example_dags/example_branch_day_of_week_operator.py
[2025-05-31 12:03:31,803] {processor.py:642} INFO - Processing file /home/airflow/.local/lib/python3.6/site-packages/airflow/example_dags/example_branch_day_of_week_operator.py for tasks to queue
[2025-05-31 12:03:31,804] {logging_mixin.py:109} INFO - [2025-05-31 12:03:31,804] {dagbag.py:500} INFO - Filling up the DagBag from /home/airflow/.local/lib/python3.6/site-packages/airflow/example_dags/example_branch_day_of_week_operator.py
[2025-05-31 12:03:31,833] {processor.py:654} INFO - DAG(s) dict_keys(['example_weekday_branch_operator']) retrieved from /home/airflow/.local/lib/python3.6/site-packages/airflow/example_dags/example_branch_day_of_week_operator.py
[2025-05-31 12:03:31,844] {logging_mixin.py:109} INFO - [2025-05-31 12:03:31,843] {dag.py:2396} INFO - Sync 1 DAGs
[2025-05-31 12:03:31,864] {logging_mixin.py:109} INFO - [2025-05-31 12:03:31,864] {dag.py:2935} INFO - Setting next_dagrun for example_weekday_branch_operator to 2025-05-30 00:00:00+00:00
[2025-05-31 12:03:31,875] {processor.py:171} INFO - Processing /home/airflow/.local/lib/python3.6/site-packages/airflow/example_dags/example_branch_day_of_week_operator.py took 0.078 seconds
[2025-05-31 12:04:02,237] {processor.py:163} INFO - Started process (PID=28647) to work on /home/airflow/.local/lib/python3.6/site-packages/airflow/example_dags/example_branch_day_of_week_operator.py
[2025-05-31 12:04:02,239] {processor.py:642} INFO - Processing file /home/airflow/.local/lib/python3.6/site-packages/airflow/example_dags/example_branch_day_of_week_operator.py for tasks to queue
[2025-05-31 12:04:02,240] {logging_mixin.py:109} INFO - [2025-05-31 12:04:02,240] {dagbag.py:500} INFO - Filling up the DagBag from /home/airflow/.local/lib/python3.6/site-packages/airflow/example_dags/example_branch_day_of_week_operator.py
[2025-05-31 12:04:02,268] {processor.py:654} INFO - DAG(s) dict_keys(['example_weekday_branch_operator']) retrieved from /home/airflow/.local/lib/python3.6/site-packages/airflow/example_dags/example_branch_day_of_week_operator.py
[2025-05-31 12:04:02,279] {logging_mixin.py:109} INFO - [2025-05-31 12:04:02,279] {dag.py:2396} INFO - Sync 1 DAGs
[2025-05-31 12:04:02,298] {logging_mixin.py:109} INFO - [2025-05-31 12:04:02,298] {dag.py:2935} INFO - Setting next_dagrun for example_weekday_branch_operator to 2025-05-30 00:00:00+00:00
[2025-05-31 12:04:02,309] {processor.py:171} INFO - Processing /home/airflow/.local/lib/python3.6/site-packages/airflow/example_dags/example_branch_day_of_week_operator.py took 0.075 seconds
[2025-05-31 12:04:32,735] {processor.py:163} INFO - Started process (PID=28842) to work on /home/airflow/.local/lib/python3.6/site-packages/airflow/example_dags/example_branch_day_of_week_operator.py
[2025-05-31 12:04:32,737] {processor.py:642} INFO - Processing file /home/airflow/.local/lib/python3.6/site-packages/airflow/example_dags/example_branch_day_of_week_operator.py for tasks to queue
[2025-05-31 12:04:32,738] {logging_mixin.py:109} INFO - [2025-05-31 12:04:32,738] {dagbag.py:500} INFO - Filling up the DagBag from /home/airflow/.local/lib/python3.6/site-packages/airflow/example_dags/example_branch_day_of_week_operator.py
[2025-05-31 12:04:32,773] {processor.py:654} INFO - DAG(s) dict_keys(['example_weekday_branch_operator']) retrieved from /home/airflow/.local/lib/python3.6/site-packages/airflow/example_dags/example_branch_day_of_week_operator.py
[2025-05-31 12:04:32,786] {logging_mixin.py:109} INFO - [2025-05-31 12:04:32,786] {dag.py:2396} INFO - Sync 1 DAGs
[2025-05-31 12:04:32,808] {logging_mixin.py:109} INFO - [2025-05-31 12:04:32,808] {dag.py:2935} INFO - Setting next_dagrun for example_weekday_branch_operator to 2025-05-30 00:00:00+00:00
[2025-05-31 12:04:32,819] {processor.py:171} INFO - Processing /home/airflow/.local/lib/python3.6/site-packages/airflow/example_dags/example_branch_day_of_week_operator.py took 0.089 seconds
[2025-05-31 12:05:03,321] {processor.py:163} INFO - Started process (PID=29027) to work on /home/airflow/.local/lib/python3.6/site-packages/airflow/example_dags/example_branch_day_of_week_operator.py
[2025-05-31 12:05:03,322] {processor.py:642} INFO - Processing file /home/airflow/.local/lib/python3.6/site-packages/airflow/example_dags/example_branch_day_of_week_operator.py for tasks to queue
[2025-05-31 12:05:03,323] {logging_mixin.py:109} INFO - [2025-05-31 12:05:03,323] {dagbag.py:500} INFO - Filling up the DagBag from /home/airflow/.local/lib/python3.6/site-packages/airflow/example_dags/example_branch_day_of_week_operator.py
[2025-05-31 12:05:03,356] {processor.py:654} INFO - DAG(s) dict_keys(['example_weekday_branch_operator']) retrieved from /home/airflow/.local/lib/python3.6/site-packages/airflow/example_dags/example_branch_day_of_week_operator.py
[2025-05-31 12:05:03,371] {logging_mixin.py:109} INFO - [2025-05-31 12:05:03,370] {dag.py:2396} INFO - Sync 1 DAGs
[2025-05-31 12:05:03,392] {logging_mixin.py:109} INFO - [2025-05-31 12:05:03,392] {dag.py:2935} INFO - Setting next_dagrun for example_weekday_branch_operator to 2025-05-30 00:00:00+00:00
[2025-05-31 12:05:03,402] {processor.py:171} INFO - Processing /home/airflow/.local/lib/python3.6/site-packages/airflow/example_dags/example_branch_day_of_week_operator.py took 0.086 seconds
[2025-05-31 12:05:33,616] {processor.py:163} INFO - Started process (PID=29222) to work on /home/airflow/.local/lib/python3.6/site-packages/airflow/example_dags/example_branch_day_of_week_operator.py
[2025-05-31 12:05:33,618] {processor.py:642} INFO - Processing file /home/airflow/.local/lib/python3.6/site-packages/airflow/example_dags/example_branch_day_of_week_operator.py for tasks to queue
[2025-05-31 12:05:33,620] {logging_mixin.py:109} INFO - [2025-05-31 12:05:33,620] {dagbag.py:500} INFO - Filling up the DagBag from /home/airflow/.local/lib/python3.6/site-packages/airflow/example_dags/example_branch_day_of_week_operator.py
[2025-05-31 12:05:33,688] {processor.py:654} INFO - DAG(s) dict_keys(['example_weekday_branch_operator']) retrieved from /home/airflow/.local/lib/python3.6/site-packages/airflow/example_dags/example_branch_day_of_week_operator.py
[2025-05-31 12:05:33,714] {logging_mixin.py:109} INFO - [2025-05-31 12:05:33,714] {dag.py:2396} INFO - Sync 1 DAGs
[2025-05-31 12:05:33,752] {logging_mixin.py:109} INFO - [2025-05-31 12:05:33,752] {dag.py:2935} INFO - Setting next_dagrun for example_weekday_branch_operator to 2025-05-30 00:00:00+00:00
[2025-05-31 12:05:33,771] {processor.py:171} INFO - Processing /home/airflow/.local/lib/python3.6/site-packages/airflow/example_dags/example_branch_day_of_week_operator.py took 0.165 seconds
[2025-05-31 12:06:04,027] {processor.py:163} INFO - Started process (PID=29407) to work on /home/airflow/.local/lib/python3.6/site-packages/airflow/example_dags/example_branch_day_of_week_operator.py
[2025-05-31 12:06:04,029] {processor.py:642} INFO - Processing file /home/airflow/.local/lib/python3.6/site-packages/airflow/example_dags/example_branch_day_of_week_operator.py for tasks to queue
[2025-05-31 12:06:04,030] {logging_mixin.py:109} INFO - [2025-05-31 12:06:04,030] {dagbag.py:500} INFO - Filling up the DagBag from /home/airflow/.local/lib/python3.6/site-packages/airflow/example_dags/example_branch_day_of_week_operator.py
[2025-05-31 12:06:04,060] {processor.py:654} INFO - DAG(s) dict_keys(['example_weekday_branch_operator']) retrieved from /home/airflow/.local/lib/python3.6/site-packages/airflow/example_dags/example_branch_day_of_week_operator.py
[2025-05-31 12:06:04,071] {logging_mixin.py:109} INFO - [2025-05-31 12:06:04,071] {dag.py:2396} INFO - Sync 1 DAGs
[2025-05-31 12:06:04,094] {logging_mixin.py:109} INFO - [2025-05-31 12:06:04,094] {dag.py:2935} INFO - Setting next_dagrun for example_weekday_branch_operator to 2025-05-30 00:00:00+00:00
[2025-05-31 12:06:04,107] {processor.py:171} INFO - Processing /home/airflow/.local/lib/python3.6/site-packages/airflow/example_dags/example_branch_day_of_week_operator.py took 0.084 seconds
[2025-05-31 12:06:34,900] {processor.py:163} INFO - Started process (PID=29592) to work on /home/airflow/.local/lib/python3.6/site-packages/airflow/example_dags/example_branch_day_of_week_operator.py
[2025-05-31 12:06:34,902] {processor.py:642} INFO - Processing file /home/airflow/.local/lib/python3.6/site-packages/airflow/example_dags/example_branch_day_of_week_operator.py for tasks to queue
[2025-05-31 12:06:34,903] {logging_mixin.py:109} INFO - [2025-05-31 12:06:34,903] {dagbag.py:500} INFO - Filling up the DagBag from /home/airflow/.local/lib/python3.6/site-packages/airflow/example_dags/example_branch_day_of_week_operator.py
[2025-05-31 12:06:34,934] {processor.py:654} INFO - DAG(s) dict_keys(['example_weekday_branch_operator']) retrieved from /home/airflow/.local/lib/python3.6/site-packages/airflow/example_dags/example_branch_day_of_week_operator.py
[2025-05-31 12:06:34,946] {logging_mixin.py:109} INFO - [2025-05-31 12:06:34,946] {dag.py:2396} INFO - Sync 1 DAGs
[2025-05-31 12:06:34,971] {logging_mixin.py:109} INFO - [2025-05-31 12:06:34,971] {dag.py:2935} INFO - Setting next_dagrun for example_weekday_branch_operator to 2025-05-30 00:00:00+00:00
[2025-05-31 12:06:34,984] {processor.py:171} INFO - Processing /home/airflow/.local/lib/python3.6/site-packages/airflow/example_dags/example_branch_day_of_week_operator.py took 0.087 seconds
[2025-05-31 12:07:05,514] {processor.py:163} INFO - Started process (PID=29787) to work on /home/airflow/.local/lib/python3.6/site-packages/airflow/example_dags/example_branch_day_of_week_operator.py
[2025-05-31 12:07:05,515] {processor.py:642} INFO - Processing file /home/airflow/.local/lib/python3.6/site-packages/airflow/example_dags/example_branch_day_of_week_operator.py for tasks to queue
[2025-05-31 12:07:05,516] {logging_mixin.py:109} INFO - [2025-05-31 12:07:05,516] {dagbag.py:500} INFO - Filling up the DagBag from /home/airflow/.local/lib/python3.6/site-packages/airflow/example_dags/example_branch_day_of_week_operator.py
[2025-05-31 12:07:05,550] {processor.py:654} INFO - DAG(s) dict_keys(['example_weekday_branch_operator']) retrieved from /home/airflow/.local/lib/python3.6/site-packages/airflow/example_dags/example_branch_day_of_week_operator.py
[2025-05-31 12:07:05,561] {logging_mixin.py:109} INFO - [2025-05-31 12:07:05,561] {dag.py:2396} INFO - Sync 1 DAGs
[2025-05-31 12:07:05,582] {logging_mixin.py:109} INFO - [2025-05-31 12:07:05,582] {dag.py:2935} INFO - Setting next_dagrun for example_weekday_branch_operator to 2025-05-30 00:00:00+00:00
[2025-05-31 12:07:05,594] {processor.py:171} INFO - Processing /home/airflow/.local/lib/python3.6/site-packages/airflow/example_dags/example_branch_day_of_week_operator.py took 0.084 seconds
[2025-05-31 12:07:35,644] {processor.py:163} INFO - Started process (PID=29972) to work on /home/airflow/.local/lib/python3.6/site-packages/airflow/example_dags/example_branch_day_of_week_operator.py
[2025-05-31 12:07:35,645] {processor.py:642} INFO - Processing file /home/airflow/.local/lib/python3.6/site-packages/airflow/example_dags/example_branch_day_of_week_operator.py for tasks to queue
[2025-05-31 12:07:35,646] {logging_mixin.py:109} INFO - [2025-05-31 12:07:35,646] {dagbag.py:500} INFO - Filling up the DagBag from /home/airflow/.local/lib/python3.6/site-packages/airflow/example_dags/example_branch_day_of_week_operator.py
[2025-05-31 12:07:35,675] {processor.py:654} INFO - DAG(s) dict_keys(['example_weekday_branch_operator']) retrieved from /home/airflow/.local/lib/python3.6/site-packages/airflow/example_dags/example_branch_day_of_week_operator.py
[2025-05-31 12:07:35,686] {logging_mixin.py:109} INFO - [2025-05-31 12:07:35,686] {dag.py:2396} INFO - Sync 1 DAGs
[2025-05-31 12:07:35,707] {logging_mixin.py:109} INFO - [2025-05-31 12:07:35,706] {dag.py:2935} INFO - Setting next_dagrun for example_weekday_branch_operator to 2025-05-30 00:00:00+00:00
[2025-05-31 12:07:35,717] {processor.py:171} INFO - Processing /home/airflow/.local/lib/python3.6/site-packages/airflow/example_dags/example_branch_day_of_week_operator.py took 0.077 seconds
[2025-05-31 12:08:06,153] {processor.py:163} INFO - Started process (PID=30164) to work on /home/airflow/.local/lib/python3.6/site-packages/airflow/example_dags/example_branch_day_of_week_operator.py
[2025-05-31 12:08:06,155] {processor.py:642} INFO - Processing file /home/airflow/.local/lib/python3.6/site-packages/airflow/example_dags/example_branch_day_of_week_operator.py for tasks to queue
[2025-05-31 12:08:06,157] {logging_mixin.py:109} INFO - [2025-05-31 12:08:06,157] {dagbag.py:500} INFO - Filling up the DagBag from /home/airflow/.local/lib/python3.6/site-packages/airflow/example_dags/example_branch_day_of_week_operator.py
[2025-05-31 12:08:06,199] {processor.py:654} INFO - DAG(s) dict_keys(['example_weekday_branch_operator']) retrieved from /home/airflow/.local/lib/python3.6/site-packages/airflow/example_dags/example_branch_day_of_week_operator.py
[2025-05-31 12:08:06,218] {logging_mixin.py:109} INFO - [2025-05-31 12:08:06,217] {dag.py:2396} INFO - Sync 1 DAGs
[2025-05-31 12:08:06,258] {logging_mixin.py:109} INFO - [2025-05-31 12:08:06,258] {dag.py:2935} INFO - Setting next_dagrun for example_weekday_branch_operator to 2025-05-30 00:00:00+00:00
[2025-05-31 12:08:06,274] {processor.py:171} INFO - Processing /home/airflow/.local/lib/python3.6/site-packages/airflow/example_dags/example_branch_day_of_week_operator.py took 0.127 seconds
[2025-05-31 12:08:36,963] {processor.py:163} INFO - Started process (PID=30352) to work on /home/airflow/.local/lib/python3.6/site-packages/airflow/example_dags/example_branch_day_of_week_operator.py
[2025-05-31 12:08:36,965] {processor.py:642} INFO - Processing file /home/airflow/.local/lib/python3.6/site-packages/airflow/example_dags/example_branch_day_of_week_operator.py for tasks to queue
[2025-05-31 12:08:36,966] {logging_mixin.py:109} INFO - [2025-05-31 12:08:36,966] {dagbag.py:500} INFO - Filling up the DagBag from /home/airflow/.local/lib/python3.6/site-packages/airflow/example_dags/example_branch_day_of_week_operator.py
[2025-05-31 12:08:36,994] {processor.py:654} INFO - DAG(s) dict_keys(['example_weekday_branch_operator']) retrieved from /home/airflow/.local/lib/python3.6/site-packages/airflow/example_dags/example_branch_day_of_week_operator.py
[2025-05-31 12:08:37,005] {logging_mixin.py:109} INFO - [2025-05-31 12:08:37,005] {dag.py:2396} INFO - Sync 1 DAGs
[2025-05-31 12:08:37,027] {logging_mixin.py:109} INFO - [2025-05-31 12:08:37,027] {dag.py:2935} INFO - Setting next_dagrun for example_weekday_branch_operator to 2025-05-30 00:00:00+00:00
[2025-05-31 12:08:37,039] {processor.py:171} INFO - Processing /home/airflow/.local/lib/python3.6/site-packages/airflow/example_dags/example_branch_day_of_week_operator.py took 0.079 seconds
[2025-05-31 12:09:07,487] {processor.py:163} INFO - Started process (PID=30537) to work on /home/airflow/.local/lib/python3.6/site-packages/airflow/example_dags/example_branch_day_of_week_operator.py
[2025-05-31 12:09:07,488] {processor.py:642} INFO - Processing file /home/airflow/.local/lib/python3.6/site-packages/airflow/example_dags/example_branch_day_of_week_operator.py for tasks to queue
[2025-05-31 12:09:07,490] {logging_mixin.py:109} INFO - [2025-05-31 12:09:07,489] {dagbag.py:500} INFO - Filling up the DagBag from /home/airflow/.local/lib/python3.6/site-packages/airflow/example_dags/example_branch_day_of_week_operator.py
[2025-05-31 12:09:07,519] {processor.py:654} INFO - DAG(s) dict_keys(['example_weekday_branch_operator']) retrieved from /home/airflow/.local/lib/python3.6/site-packages/airflow/example_dags/example_branch_day_of_week_operator.py
[2025-05-31 12:09:07,530] {logging_mixin.py:109} INFO - [2025-05-31 12:09:07,530] {dag.py:2396} INFO - Sync 1 DAGs
[2025-05-31 12:09:07,550] {logging_mixin.py:109} INFO - [2025-05-31 12:09:07,550] {dag.py:2935} INFO - Setting next_dagrun for example_weekday_branch_operator to 2025-05-30 00:00:00+00:00
[2025-05-31 12:09:07,562] {processor.py:171} INFO - Processing /home/airflow/.local/lib/python3.6/site-packages/airflow/example_dags/example_branch_day_of_week_operator.py took 0.079 seconds
[2025-05-31 12:09:38,317] {processor.py:163} INFO - Started process (PID=30732) to work on /home/airflow/.local/lib/python3.6/site-packages/airflow/example_dags/example_branch_day_of_week_operator.py
[2025-05-31 12:09:38,319] {processor.py:642} INFO - Processing file /home/airflow/.local/lib/python3.6/site-packages/airflow/example_dags/example_branch_day_of_week_operator.py for tasks to queue
[2025-05-31 12:09:38,320] {logging_mixin.py:109} INFO - [2025-05-31 12:09:38,320] {dagbag.py:500} INFO - Filling up the DagBag from /home/airflow/.local/lib/python3.6/site-packages/airflow/example_dags/example_branch_day_of_week_operator.py
[2025-05-31 12:09:38,361] {processor.py:654} INFO - DAG(s) dict_keys(['example_weekday_branch_operator']) retrieved from /home/airflow/.local/lib/python3.6/site-packages/airflow/example_dags/example_branch_day_of_week_operator.py
[2025-05-31 12:09:38,375] {logging_mixin.py:109} INFO - [2025-05-31 12:09:38,375] {dag.py:2396} INFO - Sync 1 DAGs
[2025-05-31 12:09:38,403] {logging_mixin.py:109} INFO - [2025-05-31 12:09:38,403] {dag.py:2935} INFO - Setting next_dagrun for example_weekday_branch_operator to 2025-05-30 00:00:00+00:00
[2025-05-31 12:09:38,415] {processor.py:171} INFO - Processing /home/airflow/.local/lib/python3.6/site-packages/airflow/example_dags/example_branch_day_of_week_operator.py took 0.104 seconds
[2025-05-31 12:10:08,876] {processor.py:163} INFO - Started process (PID=30917) to work on /home/airflow/.local/lib/python3.6/site-packages/airflow/example_dags/example_branch_day_of_week_operator.py
[2025-05-31 12:10:08,878] {processor.py:642} INFO - Processing file /home/airflow/.local/lib/python3.6/site-packages/airflow/example_dags/example_branch_day_of_week_operator.py for tasks to queue
[2025-05-31 12:10:08,879] {logging_mixin.py:109} INFO - [2025-05-31 12:10:08,879] {dagbag.py:500} INFO - Filling up the DagBag from /home/airflow/.local/lib/python3.6/site-packages/airflow/example_dags/example_branch_day_of_week_operator.py
[2025-05-31 12:10:08,912] {processor.py:654} INFO - DAG(s) dict_keys(['example_weekday_branch_operator']) retrieved from /home/airflow/.local/lib/python3.6/site-packages/airflow/example_dags/example_branch_day_of_week_operator.py
[2025-05-31 12:10:08,924] {logging_mixin.py:109} INFO - [2025-05-31 12:10:08,924] {dag.py:2396} INFO - Sync 1 DAGs
[2025-05-31 12:10:08,947] {logging_mixin.py:109} INFO - [2025-05-31 12:10:08,947] {dag.py:2935} INFO - Setting next_dagrun for example_weekday_branch_operator to 2025-05-30 00:00:00+00:00
[2025-05-31 12:10:08,959] {processor.py:171} INFO - Processing /home/airflow/.local/lib/python3.6/site-packages/airflow/example_dags/example_branch_day_of_week_operator.py took 0.086 seconds
[2025-05-31 12:10:39,506] {processor.py:163} INFO - Started process (PID=31102) to work on /home/airflow/.local/lib/python3.6/site-packages/airflow/example_dags/example_branch_day_of_week_operator.py
[2025-05-31 12:10:39,507] {processor.py:642} INFO - Processing file /home/airflow/.local/lib/python3.6/site-packages/airflow/example_dags/example_branch_day_of_week_operator.py for tasks to queue
[2025-05-31 12:10:39,508] {logging_mixin.py:109} INFO - [2025-05-31 12:10:39,508] {dagbag.py:500} INFO - Filling up the DagBag from /home/airflow/.local/lib/python3.6/site-packages/airflow/example_dags/example_branch_day_of_week_operator.py
[2025-05-31 12:10:39,554] {processor.py:654} INFO - DAG(s) dict_keys(['example_weekday_branch_operator']) retrieved from /home/airflow/.local/lib/python3.6/site-packages/airflow/example_dags/example_branch_day_of_week_operator.py
[2025-05-31 12:10:39,569] {logging_mixin.py:109} INFO - [2025-05-31 12:10:39,569] {dag.py:2396} INFO - Sync 1 DAGs
[2025-05-31 12:10:39,599] {logging_mixin.py:109} INFO - [2025-05-31 12:10:39,599] {dag.py:2935} INFO - Setting next_dagrun for example_weekday_branch_operator to 2025-05-30 00:00:00+00:00
[2025-05-31 12:10:39,613] {processor.py:171} INFO - Processing /home/airflow/.local/lib/python3.6/site-packages/airflow/example_dags/example_branch_day_of_week_operator.py took 0.112 seconds
[2025-05-31 17:31:06,807] {processor.py:163} INFO - Started process (PID=224) to work on /home/airflow/.local/lib/python3.6/site-packages/airflow/example_dags/example_branch_day_of_week_operator.py
[2025-05-31 17:31:06,810] {processor.py:642} INFO - Processing file /home/airflow/.local/lib/python3.6/site-packages/airflow/example_dags/example_branch_day_of_week_operator.py for tasks to queue
[2025-05-31 17:31:06,811] {logging_mixin.py:109} INFO - [2025-05-31 17:31:06,811] {dagbag.py:500} INFO - Filling up the DagBag from /home/airflow/.local/lib/python3.6/site-packages/airflow/example_dags/example_branch_day_of_week_operator.py
[2025-05-31 17:31:06,872] {processor.py:654} INFO - DAG(s) dict_keys(['example_weekday_branch_operator']) retrieved from /home/airflow/.local/lib/python3.6/site-packages/airflow/example_dags/example_branch_day_of_week_operator.py
[2025-05-31 17:31:06,894] {logging_mixin.py:109} INFO - [2025-05-31 17:31:06,894] {dag.py:2396} INFO - Sync 1 DAGs
[2025-05-31 17:31:06,941] {logging_mixin.py:109} INFO - [2025-05-31 17:31:06,941] {dag.py:2935} INFO - Setting next_dagrun for example_weekday_branch_operator to 2025-05-30 00:00:00+00:00
[2025-05-31 17:31:06,962] {processor.py:171} INFO - Processing /home/airflow/.local/lib/python3.6/site-packages/airflow/example_dags/example_branch_day_of_week_operator.py took 0.160 seconds
[2025-05-31 17:31:39,851] {processor.py:163} INFO - Started process (PID=409) to work on /home/airflow/.local/lib/python3.6/site-packages/airflow/example_dags/example_branch_day_of_week_operator.py
[2025-05-31 17:31:39,855] {processor.py:642} INFO - Processing file /home/airflow/.local/lib/python3.6/site-packages/airflow/example_dags/example_branch_day_of_week_operator.py for tasks to queue
[2025-05-31 17:31:39,856] {logging_mixin.py:109} INFO - [2025-05-31 17:31:39,856] {dagbag.py:500} INFO - Filling up the DagBag from /home/airflow/.local/lib/python3.6/site-packages/airflow/example_dags/example_branch_day_of_week_operator.py
[2025-05-31 17:31:39,944] {processor.py:654} INFO - DAG(s) dict_keys(['example_weekday_branch_operator']) retrieved from /home/airflow/.local/lib/python3.6/site-packages/airflow/example_dags/example_branch_day_of_week_operator.py
[2025-05-31 17:31:39,974] {logging_mixin.py:109} INFO - [2025-05-31 17:31:39,974] {dag.py:2396} INFO - Sync 1 DAGs
[2025-05-31 17:31:40,053] {logging_mixin.py:109} INFO - [2025-05-31 17:31:40,053] {dag.py:2935} INFO - Setting next_dagrun for example_weekday_branch_operator to 2025-05-30 00:00:00+00:00
[2025-05-31 17:31:40,080] {processor.py:171} INFO - Processing /home/airflow/.local/lib/python3.6/site-packages/airflow/example_dags/example_branch_day_of_week_operator.py took 0.237 seconds
[2025-05-31 17:32:10,179] {processor.py:163} INFO - Started process (PID=588) to work on /home/airflow/.local/lib/python3.6/site-packages/airflow/example_dags/example_branch_day_of_week_operator.py
[2025-05-31 17:32:10,183] {processor.py:642} INFO - Processing file /home/airflow/.local/lib/python3.6/site-packages/airflow/example_dags/example_branch_day_of_week_operator.py for tasks to queue
[2025-05-31 17:32:10,185] {logging_mixin.py:109} INFO - [2025-05-31 17:32:10,184] {dagbag.py:500} INFO - Filling up the DagBag from /home/airflow/.local/lib/python3.6/site-packages/airflow/example_dags/example_branch_day_of_week_operator.py
[2025-05-31 17:32:10,236] {processor.py:654} INFO - DAG(s) dict_keys(['example_weekday_branch_operator']) retrieved from /home/airflow/.local/lib/python3.6/site-packages/airflow/example_dags/example_branch_day_of_week_operator.py
[2025-05-31 17:32:10,255] {logging_mixin.py:109} INFO - [2025-05-31 17:32:10,255] {dag.py:2396} INFO - Sync 1 DAGs
[2025-05-31 17:32:10,288] {logging_mixin.py:109} INFO - [2025-05-31 17:32:10,288] {dag.py:2935} INFO - Setting next_dagrun for example_weekday_branch_operator to 2025-05-30 00:00:00+00:00
[2025-05-31 17:32:10,323] {processor.py:171} INFO - Processing /home/airflow/.local/lib/python3.6/site-packages/airflow/example_dags/example_branch_day_of_week_operator.py took 0.150 seconds
[2025-05-31 17:32:41,197] {processor.py:163} INFO - Started process (PID=787) to work on /home/airflow/.local/lib/python3.6/site-packages/airflow/example_dags/example_branch_day_of_week_operator.py
[2025-05-31 17:32:41,200] {processor.py:642} INFO - Processing file /home/airflow/.local/lib/python3.6/site-packages/airflow/example_dags/example_branch_day_of_week_operator.py for tasks to queue
[2025-05-31 17:32:41,203] {logging_mixin.py:109} INFO - [2025-05-31 17:32:41,202] {dagbag.py:500} INFO - Filling up the DagBag from /home/airflow/.local/lib/python3.6/site-packages/airflow/example_dags/example_branch_day_of_week_operator.py
[2025-05-31 17:32:41,271] {processor.py:654} INFO - DAG(s) dict_keys(['example_weekday_branch_operator']) retrieved from /home/airflow/.local/lib/python3.6/site-packages/airflow/example_dags/example_branch_day_of_week_operator.py
[2025-05-31 17:32:41,318] {logging_mixin.py:109} INFO - [2025-05-31 17:32:41,317] {dag.py:2396} INFO - Sync 1 DAGs
[2025-05-31 17:32:41,375] {logging_mixin.py:109} INFO - [2025-05-31 17:32:41,375] {dag.py:2935} INFO - Setting next_dagrun for example_weekday_branch_operator to 2025-05-30 00:00:00+00:00
[2025-05-31 17:32:41,397] {processor.py:171} INFO - Processing /home/airflow/.local/lib/python3.6/site-packages/airflow/example_dags/example_branch_day_of_week_operator.py took 0.206 seconds
[2025-05-31 17:33:12,047] {processor.py:163} INFO - Started process (PID=977) to work on /home/airflow/.local/lib/python3.6/site-packages/airflow/example_dags/example_branch_day_of_week_operator.py
[2025-05-31 17:33:12,049] {processor.py:642} INFO - Processing file /home/airflow/.local/lib/python3.6/site-packages/airflow/example_dags/example_branch_day_of_week_operator.py for tasks to queue
[2025-05-31 17:33:12,051] {logging_mixin.py:109} INFO - [2025-05-31 17:33:12,051] {dagbag.py:500} INFO - Filling up the DagBag from /home/airflow/.local/lib/python3.6/site-packages/airflow/example_dags/example_branch_day_of_week_operator.py
[2025-05-31 17:33:12,127] {processor.py:654} INFO - DAG(s) dict_keys(['example_weekday_branch_operator']) retrieved from /home/airflow/.local/lib/python3.6/site-packages/airflow/example_dags/example_branch_day_of_week_operator.py
[2025-05-31 17:33:12,154] {logging_mixin.py:109} INFO - [2025-05-31 17:33:12,154] {dag.py:2396} INFO - Sync 1 DAGs
[2025-05-31 17:33:12,204] {logging_mixin.py:109} INFO - [2025-05-31 17:33:12,204] {dag.py:2935} INFO - Setting next_dagrun for example_weekday_branch_operator to 2025-05-30 00:00:00+00:00
[2025-05-31 17:33:12,233] {processor.py:171} INFO - Processing /home/airflow/.local/lib/python3.6/site-packages/airflow/example_dags/example_branch_day_of_week_operator.py took 0.193 seconds
[2025-05-31 17:33:42,603] {processor.py:163} INFO - Started process (PID=1169) to work on /home/airflow/.local/lib/python3.6/site-packages/airflow/example_dags/example_branch_day_of_week_operator.py
[2025-05-31 17:33:42,606] {processor.py:642} INFO - Processing file /home/airflow/.local/lib/python3.6/site-packages/airflow/example_dags/example_branch_day_of_week_operator.py for tasks to queue
[2025-05-31 17:33:42,608] {logging_mixin.py:109} INFO - [2025-05-31 17:33:42,608] {dagbag.py:500} INFO - Filling up the DagBag from /home/airflow/.local/lib/python3.6/site-packages/airflow/example_dags/example_branch_day_of_week_operator.py
[2025-05-31 17:33:42,711] {processor.py:654} INFO - DAG(s) dict_keys(['example_weekday_branch_operator']) retrieved from /home/airflow/.local/lib/python3.6/site-packages/airflow/example_dags/example_branch_day_of_week_operator.py
[2025-05-31 17:33:42,735] {logging_mixin.py:109} INFO - [2025-05-31 17:33:42,734] {dag.py:2396} INFO - Sync 1 DAGs
[2025-05-31 17:33:42,772] {logging_mixin.py:109} INFO - [2025-05-31 17:33:42,772] {dag.py:2935} INFO - Setting next_dagrun for example_weekday_branch_operator to 2025-05-30 00:00:00+00:00
[2025-05-31 17:33:42,788] {processor.py:171} INFO - Processing /home/airflow/.local/lib/python3.6/site-packages/airflow/example_dags/example_branch_day_of_week_operator.py took 0.197 seconds
[2025-05-31 17:34:14,287] {processor.py:163} INFO - Started process (PID=1362) to work on /home/airflow/.local/lib/python3.6/site-packages/airflow/example_dags/example_branch_day_of_week_operator.py
[2025-05-31 17:34:14,290] {processor.py:642} INFO - Processing file /home/airflow/.local/lib/python3.6/site-packages/airflow/example_dags/example_branch_day_of_week_operator.py for tasks to queue
[2025-05-31 17:34:14,293] {logging_mixin.py:109} INFO - [2025-05-31 17:34:14,292] {dagbag.py:500} INFO - Filling up the DagBag from /home/airflow/.local/lib/python3.6/site-packages/airflow/example_dags/example_branch_day_of_week_operator.py
[2025-05-31 17:34:14,353] {processor.py:654} INFO - DAG(s) dict_keys(['example_weekday_branch_operator']) retrieved from /home/airflow/.local/lib/python3.6/site-packages/airflow/example_dags/example_branch_day_of_week_operator.py
[2025-05-31 17:34:14,378] {logging_mixin.py:109} INFO - [2025-05-31 17:34:14,378] {dag.py:2396} INFO - Sync 1 DAGs
[2025-05-31 17:34:14,438] {logging_mixin.py:109} INFO - [2025-05-31 17:34:14,438] {dag.py:2935} INFO - Setting next_dagrun for example_weekday_branch_operator to 2025-05-30 00:00:00+00:00
[2025-05-31 17:34:14,462] {processor.py:171} INFO - Processing /home/airflow/.local/lib/python3.6/site-packages/airflow/example_dags/example_branch_day_of_week_operator.py took 0.181 seconds
[2025-05-31 17:34:45,302] {processor.py:163} INFO - Started process (PID=1556) to work on /home/airflow/.local/lib/python3.6/site-packages/airflow/example_dags/example_branch_day_of_week_operator.py
[2025-05-31 17:34:45,312] {processor.py:642} INFO - Processing file /home/airflow/.local/lib/python3.6/site-packages/airflow/example_dags/example_branch_day_of_week_operator.py for tasks to queue
[2025-05-31 17:34:45,364] {logging_mixin.py:109} INFO - [2025-05-31 17:34:45,364] {dagbag.py:500} INFO - Filling up the DagBag from /home/airflow/.local/lib/python3.6/site-packages/airflow/example_dags/example_branch_day_of_week_operator.py
[2025-05-31 17:34:45,566] {processor.py:654} INFO - DAG(s) dict_keys(['example_weekday_branch_operator']) retrieved from /home/airflow/.local/lib/python3.6/site-packages/airflow/example_dags/example_branch_day_of_week_operator.py
[2025-05-31 17:34:45,628] {logging_mixin.py:109} INFO - [2025-05-31 17:34:45,628] {dag.py:2396} INFO - Sync 1 DAGs
[2025-05-31 17:34:45,749] {logging_mixin.py:109} INFO - [2025-05-31 17:34:45,749] {dag.py:2935} INFO - Setting next_dagrun for example_weekday_branch_operator to 2025-05-30 00:00:00+00:00
[2025-05-31 17:34:45,782] {processor.py:171} INFO - Processing /home/airflow/.local/lib/python3.6/site-packages/airflow/example_dags/example_branch_day_of_week_operator.py took 0.519 seconds
[2025-05-31 17:35:16,300] {processor.py:163} INFO - Started process (PID=1738) to work on /home/airflow/.local/lib/python3.6/site-packages/airflow/example_dags/example_branch_day_of_week_operator.py
[2025-05-31 17:35:16,304] {processor.py:642} INFO - Processing file /home/airflow/.local/lib/python3.6/site-packages/airflow/example_dags/example_branch_day_of_week_operator.py for tasks to queue
[2025-05-31 17:35:16,305] {logging_mixin.py:109} INFO - [2025-05-31 17:35:16,305] {dagbag.py:500} INFO - Filling up the DagBag from /home/airflow/.local/lib/python3.6/site-packages/airflow/example_dags/example_branch_day_of_week_operator.py
[2025-05-31 17:35:16,384] {processor.py:654} INFO - DAG(s) dict_keys(['example_weekday_branch_operator']) retrieved from /home/airflow/.local/lib/python3.6/site-packages/airflow/example_dags/example_branch_day_of_week_operator.py
[2025-05-31 17:35:16,414] {logging_mixin.py:109} INFO - [2025-05-31 17:35:16,414] {dag.py:2396} INFO - Sync 1 DAGs
[2025-05-31 17:35:16,519] {logging_mixin.py:109} INFO - [2025-05-31 17:35:16,519] {dag.py:2935} INFO - Setting next_dagrun for example_weekday_branch_operator to 2025-05-30 00:00:00+00:00
[2025-05-31 17:35:16,559] {processor.py:171} INFO - Processing /home/airflow/.local/lib/python3.6/site-packages/airflow/example_dags/example_branch_day_of_week_operator.py took 0.268 seconds
[2025-05-31 17:35:47,557] {processor.py:163} INFO - Started process (PID=1916) to work on /home/airflow/.local/lib/python3.6/site-packages/airflow/example_dags/example_branch_day_of_week_operator.py
[2025-05-31 17:35:47,567] {processor.py:642} INFO - Processing file /home/airflow/.local/lib/python3.6/site-packages/airflow/example_dags/example_branch_day_of_week_operator.py for tasks to queue
[2025-05-31 17:35:47,571] {logging_mixin.py:109} INFO - [2025-05-31 17:35:47,570] {dagbag.py:500} INFO - Filling up the DagBag from /home/airflow/.local/lib/python3.6/site-packages/airflow/example_dags/example_branch_day_of_week_operator.py
[2025-05-31 17:35:47,675] {processor.py:654} INFO - DAG(s) dict_keys(['example_weekday_branch_operator']) retrieved from /home/airflow/.local/lib/python3.6/site-packages/airflow/example_dags/example_branch_day_of_week_operator.py
[2025-05-31 17:35:47,697] {logging_mixin.py:109} INFO - [2025-05-31 17:35:47,697] {dag.py:2396} INFO - Sync 1 DAGs
[2025-05-31 17:35:47,760] {logging_mixin.py:109} INFO - [2025-05-31 17:35:47,760] {dag.py:2935} INFO - Setting next_dagrun for example_weekday_branch_operator to 2025-05-30 00:00:00+00:00
[2025-05-31 17:35:47,801] {processor.py:171} INFO - Processing /home/airflow/.local/lib/python3.6/site-packages/airflow/example_dags/example_branch_day_of_week_operator.py took 0.253 seconds
[2025-05-31 17:36:18,695] {processor.py:163} INFO - Started process (PID=2150) to work on /home/airflow/.local/lib/python3.6/site-packages/airflow/example_dags/example_branch_day_of_week_operator.py
[2025-05-31 17:36:18,697] {processor.py:642} INFO - Processing file /home/airflow/.local/lib/python3.6/site-packages/airflow/example_dags/example_branch_day_of_week_operator.py for tasks to queue
[2025-05-31 17:36:18,698] {logging_mixin.py:109} INFO - [2025-05-31 17:36:18,698] {dagbag.py:500} INFO - Filling up the DagBag from /home/airflow/.local/lib/python3.6/site-packages/airflow/example_dags/example_branch_day_of_week_operator.py
[2025-05-31 17:36:18,757] {processor.py:654} INFO - DAG(s) dict_keys(['example_weekday_branch_operator']) retrieved from /home/airflow/.local/lib/python3.6/site-packages/airflow/example_dags/example_branch_day_of_week_operator.py
[2025-05-31 17:36:18,783] {logging_mixin.py:109} INFO - [2025-05-31 17:36:18,783] {dag.py:2396} INFO - Sync 1 DAGs
[2025-05-31 17:36:18,823] {logging_mixin.py:109} INFO - [2025-05-31 17:36:18,823] {dag.py:2935} INFO - Setting next_dagrun for example_weekday_branch_operator to 2025-05-30 00:00:00+00:00
[2025-05-31 17:36:18,840] {processor.py:171} INFO - Processing /home/airflow/.local/lib/python3.6/site-packages/airflow/example_dags/example_branch_day_of_week_operator.py took 0.152 seconds
[2025-05-31 17:36:50,203] {processor.py:163} INFO - Started process (PID=2339) to work on /home/airflow/.local/lib/python3.6/site-packages/airflow/example_dags/example_branch_day_of_week_operator.py
[2025-05-31 17:36:50,205] {processor.py:642} INFO - Processing file /home/airflow/.local/lib/python3.6/site-packages/airflow/example_dags/example_branch_day_of_week_operator.py for tasks to queue
[2025-05-31 17:36:50,207] {logging_mixin.py:109} INFO - [2025-05-31 17:36:50,207] {dagbag.py:500} INFO - Filling up the DagBag from /home/airflow/.local/lib/python3.6/site-packages/airflow/example_dags/example_branch_day_of_week_operator.py
[2025-05-31 17:36:50,274] {processor.py:654} INFO - DAG(s) dict_keys(['example_weekday_branch_operator']) retrieved from /home/airflow/.local/lib/python3.6/site-packages/airflow/example_dags/example_branch_day_of_week_operator.py
[2025-05-31 17:36:50,293] {logging_mixin.py:109} INFO - [2025-05-31 17:36:50,293] {dag.py:2396} INFO - Sync 1 DAGs
[2025-05-31 17:36:50,331] {logging_mixin.py:109} INFO - [2025-05-31 17:36:50,331] {dag.py:2935} INFO - Setting next_dagrun for example_weekday_branch_operator to 2025-05-30 00:00:00+00:00
[2025-05-31 17:36:50,352] {processor.py:171} INFO - Processing /home/airflow/.local/lib/python3.6/site-packages/airflow/example_dags/example_branch_day_of_week_operator.py took 0.154 seconds
[2025-05-31 17:37:22,094] {processor.py:163} INFO - Started process (PID=2533) to work on /home/airflow/.local/lib/python3.6/site-packages/airflow/example_dags/example_branch_day_of_week_operator.py
[2025-05-31 17:37:22,097] {processor.py:642} INFO - Processing file /home/airflow/.local/lib/python3.6/site-packages/airflow/example_dags/example_branch_day_of_week_operator.py for tasks to queue
[2025-05-31 17:37:22,100] {logging_mixin.py:109} INFO - [2025-05-31 17:37:22,100] {dagbag.py:500} INFO - Filling up the DagBag from /home/airflow/.local/lib/python3.6/site-packages/airflow/example_dags/example_branch_day_of_week_operator.py
[2025-05-31 17:37:22,169] {processor.py:654} INFO - DAG(s) dict_keys(['example_weekday_branch_operator']) retrieved from /home/airflow/.local/lib/python3.6/site-packages/airflow/example_dags/example_branch_day_of_week_operator.py
[2025-05-31 17:37:22,195] {logging_mixin.py:109} INFO - [2025-05-31 17:37:22,195] {dag.py:2396} INFO - Sync 1 DAGs
[2025-05-31 17:37:22,240] {logging_mixin.py:109} INFO - [2025-05-31 17:37:22,240] {dag.py:2935} INFO - Setting next_dagrun for example_weekday_branch_operator to 2025-05-30 00:00:00+00:00
[2025-05-31 17:37:22,259] {processor.py:171} INFO - Processing /home/airflow/.local/lib/python3.6/site-packages/airflow/example_dags/example_branch_day_of_week_operator.py took 0.174 seconds
[2025-05-31 17:37:53,491] {processor.py:163} INFO - Started process (PID=2731) to work on /home/airflow/.local/lib/python3.6/site-packages/airflow/example_dags/example_branch_day_of_week_operator.py
[2025-05-31 17:37:53,494] {processor.py:642} INFO - Processing file /home/airflow/.local/lib/python3.6/site-packages/airflow/example_dags/example_branch_day_of_week_operator.py for tasks to queue
[2025-05-31 17:37:53,496] {logging_mixin.py:109} INFO - [2025-05-31 17:37:53,495] {dagbag.py:500} INFO - Filling up the DagBag from /home/airflow/.local/lib/python3.6/site-packages/airflow/example_dags/example_branch_day_of_week_operator.py
[2025-05-31 17:37:53,564] {processor.py:654} INFO - DAG(s) dict_keys(['example_weekday_branch_operator']) retrieved from /home/airflow/.local/lib/python3.6/site-packages/airflow/example_dags/example_branch_day_of_week_operator.py
[2025-05-31 17:37:53,596] {logging_mixin.py:109} INFO - [2025-05-31 17:37:53,596] {dag.py:2396} INFO - Sync 1 DAGs
[2025-05-31 17:37:53,646] {logging_mixin.py:109} INFO - [2025-05-31 17:37:53,646] {dag.py:2935} INFO - Setting next_dagrun for example_weekday_branch_operator to 2025-05-30 00:00:00+00:00
[2025-05-31 17:37:53,670] {processor.py:171} INFO - Processing /home/airflow/.local/lib/python3.6/site-packages/airflow/example_dags/example_branch_day_of_week_operator.py took 0.188 seconds
[2025-05-31 17:38:24,028] {processor.py:163} INFO - Started process (PID=2919) to work on /home/airflow/.local/lib/python3.6/site-packages/airflow/example_dags/example_branch_day_of_week_operator.py
[2025-05-31 17:38:24,030] {processor.py:642} INFO - Processing file /home/airflow/.local/lib/python3.6/site-packages/airflow/example_dags/example_branch_day_of_week_operator.py for tasks to queue
[2025-05-31 17:38:24,032] {logging_mixin.py:109} INFO - [2025-05-31 17:38:24,032] {dagbag.py:500} INFO - Filling up the DagBag from /home/airflow/.local/lib/python3.6/site-packages/airflow/example_dags/example_branch_day_of_week_operator.py
[2025-05-31 17:38:24,094] {processor.py:654} INFO - DAG(s) dict_keys(['example_weekday_branch_operator']) retrieved from /home/airflow/.local/lib/python3.6/site-packages/airflow/example_dags/example_branch_day_of_week_operator.py
[2025-05-31 17:38:24,117] {logging_mixin.py:109} INFO - [2025-05-31 17:38:24,117] {dag.py:2396} INFO - Sync 1 DAGs
[2025-05-31 17:38:24,160] {logging_mixin.py:109} INFO - [2025-05-31 17:38:24,160] {dag.py:2935} INFO - Setting next_dagrun for example_weekday_branch_operator to 2025-05-30 00:00:00+00:00
[2025-05-31 17:38:24,180] {processor.py:171} INFO - Processing /home/airflow/.local/lib/python3.6/site-packages/airflow/example_dags/example_branch_day_of_week_operator.py took 0.158 seconds
[2025-05-31 17:38:54,983] {processor.py:163} INFO - Started process (PID=3112) to work on /home/airflow/.local/lib/python3.6/site-packages/airflow/example_dags/example_branch_day_of_week_operator.py
[2025-05-31 17:38:54,985] {processor.py:642} INFO - Processing file /home/airflow/.local/lib/python3.6/site-packages/airflow/example_dags/example_branch_day_of_week_operator.py for tasks to queue
[2025-05-31 17:38:54,986] {logging_mixin.py:109} INFO - [2025-05-31 17:38:54,986] {dagbag.py:500} INFO - Filling up the DagBag from /home/airflow/.local/lib/python3.6/site-packages/airflow/example_dags/example_branch_day_of_week_operator.py
[2025-05-31 17:38:55,032] {processor.py:654} INFO - DAG(s) dict_keys(['example_weekday_branch_operator']) retrieved from /home/airflow/.local/lib/python3.6/site-packages/airflow/example_dags/example_branch_day_of_week_operator.py
[2025-05-31 17:38:55,052] {logging_mixin.py:109} INFO - [2025-05-31 17:38:55,052] {dag.py:2396} INFO - Sync 1 DAGs
[2025-05-31 17:38:55,088] {logging_mixin.py:109} INFO - [2025-05-31 17:38:55,088] {dag.py:2935} INFO - Setting next_dagrun for example_weekday_branch_operator to 2025-05-30 00:00:00+00:00
[2025-05-31 17:38:55,107] {processor.py:171} INFO - Processing /home/airflow/.local/lib/python3.6/site-packages/airflow/example_dags/example_branch_day_of_week_operator.py took 0.130 seconds
[2025-05-31 17:39:27,294] {processor.py:163} INFO - Started process (PID=3333) to work on /home/airflow/.local/lib/python3.6/site-packages/airflow/example_dags/example_branch_day_of_week_operator.py
[2025-05-31 17:39:27,297] {processor.py:642} INFO - Processing file /home/airflow/.local/lib/python3.6/site-packages/airflow/example_dags/example_branch_day_of_week_operator.py for tasks to queue
[2025-05-31 17:39:27,298] {logging_mixin.py:109} INFO - [2025-05-31 17:39:27,298] {dagbag.py:500} INFO - Filling up the DagBag from /home/airflow/.local/lib/python3.6/site-packages/airflow/example_dags/example_branch_day_of_week_operator.py
[2025-05-31 17:39:27,348] {processor.py:654} INFO - DAG(s) dict_keys(['example_weekday_branch_operator']) retrieved from /home/airflow/.local/lib/python3.6/site-packages/airflow/example_dags/example_branch_day_of_week_operator.py
[2025-05-31 17:39:27,368] {logging_mixin.py:109} INFO - [2025-05-31 17:39:27,368] {dag.py:2396} INFO - Sync 1 DAGs
[2025-05-31 17:39:27,402] {logging_mixin.py:109} INFO - [2025-05-31 17:39:27,402] {dag.py:2935} INFO - Setting next_dagrun for example_weekday_branch_operator to 2025-05-30 00:00:00+00:00
[2025-05-31 17:39:27,419] {processor.py:171} INFO - Processing /home/airflow/.local/lib/python3.6/site-packages/airflow/example_dags/example_branch_day_of_week_operator.py took 0.131 seconds
[2025-05-31 17:39:58,364] {processor.py:163} INFO - Started process (PID=3526) to work on /home/airflow/.local/lib/python3.6/site-packages/airflow/example_dags/example_branch_day_of_week_operator.py
[2025-05-31 17:39:58,366] {processor.py:642} INFO - Processing file /home/airflow/.local/lib/python3.6/site-packages/airflow/example_dags/example_branch_day_of_week_operator.py for tasks to queue
[2025-05-31 17:39:58,368] {logging_mixin.py:109} INFO - [2025-05-31 17:39:58,368] {dagbag.py:500} INFO - Filling up the DagBag from /home/airflow/.local/lib/python3.6/site-packages/airflow/example_dags/example_branch_day_of_week_operator.py
[2025-05-31 17:39:58,426] {processor.py:654} INFO - DAG(s) dict_keys(['example_weekday_branch_operator']) retrieved from /home/airflow/.local/lib/python3.6/site-packages/airflow/example_dags/example_branch_day_of_week_operator.py
[2025-05-31 17:39:58,450] {logging_mixin.py:109} INFO - [2025-05-31 17:39:58,450] {dag.py:2396} INFO - Sync 1 DAGs
[2025-05-31 17:39:58,486] {logging_mixin.py:109} INFO - [2025-05-31 17:39:58,486] {dag.py:2935} INFO - Setting next_dagrun for example_weekday_branch_operator to 2025-05-30 00:00:00+00:00
[2025-05-31 17:39:58,509] {processor.py:171} INFO - Processing /home/airflow/.local/lib/python3.6/site-packages/airflow/example_dags/example_branch_day_of_week_operator.py took 0.152 seconds
[2025-05-31 17:40:29,916] {processor.py:163} INFO - Started process (PID=3719) to work on /home/airflow/.local/lib/python3.6/site-packages/airflow/example_dags/example_branch_day_of_week_operator.py
[2025-05-31 17:40:29,918] {processor.py:642} INFO - Processing file /home/airflow/.local/lib/python3.6/site-packages/airflow/example_dags/example_branch_day_of_week_operator.py for tasks to queue
[2025-05-31 17:40:29,920] {logging_mixin.py:109} INFO - [2025-05-31 17:40:29,920] {dagbag.py:500} INFO - Filling up the DagBag from /home/airflow/.local/lib/python3.6/site-packages/airflow/example_dags/example_branch_day_of_week_operator.py
[2025-05-31 17:40:29,972] {processor.py:654} INFO - DAG(s) dict_keys(['example_weekday_branch_operator']) retrieved from /home/airflow/.local/lib/python3.6/site-packages/airflow/example_dags/example_branch_day_of_week_operator.py
[2025-05-31 17:40:29,997] {logging_mixin.py:109} INFO - [2025-05-31 17:40:29,997] {dag.py:2396} INFO - Sync 1 DAGs
[2025-05-31 17:40:30,081] {logging_mixin.py:109} INFO - [2025-05-31 17:40:30,081] {dag.py:2935} INFO - Setting next_dagrun for example_weekday_branch_operator to 2025-05-30 00:00:00+00:00
[2025-05-31 17:40:30,105] {processor.py:171} INFO - Processing /home/airflow/.local/lib/python3.6/site-packages/airflow/example_dags/example_branch_day_of_week_operator.py took 0.196 seconds
[2025-05-31 17:41:02,669] {processor.py:163} INFO - Started process (PID=3928) to work on /home/airflow/.local/lib/python3.6/site-packages/airflow/example_dags/example_branch_day_of_week_operator.py
[2025-05-31 17:41:02,672] {processor.py:642} INFO - Processing file /home/airflow/.local/lib/python3.6/site-packages/airflow/example_dags/example_branch_day_of_week_operator.py for tasks to queue
[2025-05-31 17:41:02,673] {logging_mixin.py:109} INFO - [2025-05-31 17:41:02,673] {dagbag.py:500} INFO - Filling up the DagBag from /home/airflow/.local/lib/python3.6/site-packages/airflow/example_dags/example_branch_day_of_week_operator.py
[2025-05-31 17:41:02,733] {processor.py:654} INFO - DAG(s) dict_keys(['example_weekday_branch_operator']) retrieved from /home/airflow/.local/lib/python3.6/site-packages/airflow/example_dags/example_branch_day_of_week_operator.py
[2025-05-31 17:41:02,781] {logging_mixin.py:109} INFO - [2025-05-31 17:41:02,780] {dag.py:2396} INFO - Sync 1 DAGs
[2025-05-31 17:41:02,835] {logging_mixin.py:109} INFO - [2025-05-31 17:41:02,834] {dag.py:2935} INFO - Setting next_dagrun for example_weekday_branch_operator to 2025-05-30 00:00:00+00:00
[2025-05-31 17:41:02,857] {processor.py:171} INFO - Processing /home/airflow/.local/lib/python3.6/site-packages/airflow/example_dags/example_branch_day_of_week_operator.py took 0.196 seconds
[2025-05-31 17:41:33,639] {processor.py:163} INFO - Started process (PID=4119) to work on /home/airflow/.local/lib/python3.6/site-packages/airflow/example_dags/example_branch_day_of_week_operator.py
[2025-05-31 17:41:33,642] {processor.py:642} INFO - Processing file /home/airflow/.local/lib/python3.6/site-packages/airflow/example_dags/example_branch_day_of_week_operator.py for tasks to queue
[2025-05-31 17:41:33,644] {logging_mixin.py:109} INFO - [2025-05-31 17:41:33,644] {dagbag.py:500} INFO - Filling up the DagBag from /home/airflow/.local/lib/python3.6/site-packages/airflow/example_dags/example_branch_day_of_week_operator.py
[2025-05-31 17:41:33,710] {processor.py:654} INFO - DAG(s) dict_keys(['example_weekday_branch_operator']) retrieved from /home/airflow/.local/lib/python3.6/site-packages/airflow/example_dags/example_branch_day_of_week_operator.py
[2025-05-31 17:41:33,732] {logging_mixin.py:109} INFO - [2025-05-31 17:41:33,731] {dag.py:2396} INFO - Sync 1 DAGs
[2025-05-31 17:41:33,781] {logging_mixin.py:109} INFO - [2025-05-31 17:41:33,780] {dag.py:2935} INFO - Setting next_dagrun for example_weekday_branch_operator to 2025-05-30 00:00:00+00:00
[2025-05-31 17:41:33,811] {processor.py:171} INFO - Processing /home/airflow/.local/lib/python3.6/site-packages/airflow/example_dags/example_branch_day_of_week_operator.py took 0.178 seconds
[2025-05-31 17:42:06,717] {processor.py:163} INFO - Started process (PID=4312) to work on /home/airflow/.local/lib/python3.6/site-packages/airflow/example_dags/example_branch_day_of_week_operator.py
[2025-05-31 17:42:06,720] {processor.py:642} INFO - Processing file /home/airflow/.local/lib/python3.6/site-packages/airflow/example_dags/example_branch_day_of_week_operator.py for tasks to queue
[2025-05-31 17:42:06,722] {logging_mixin.py:109} INFO - [2025-05-31 17:42:06,721] {dagbag.py:500} INFO - Filling up the DagBag from /home/airflow/.local/lib/python3.6/site-packages/airflow/example_dags/example_branch_day_of_week_operator.py
[2025-05-31 17:42:06,794] {processor.py:654} INFO - DAG(s) dict_keys(['example_weekday_branch_operator']) retrieved from /home/airflow/.local/lib/python3.6/site-packages/airflow/example_dags/example_branch_day_of_week_operator.py
[2025-05-31 17:42:06,825] {logging_mixin.py:109} INFO - [2025-05-31 17:42:06,825] {dag.py:2396} INFO - Sync 1 DAGs
[2025-05-31 17:42:06,873] {logging_mixin.py:109} INFO - [2025-05-31 17:42:06,873] {dag.py:2935} INFO - Setting next_dagrun for example_weekday_branch_operator to 2025-05-30 00:00:00+00:00
[2025-05-31 17:42:06,908] {processor.py:171} INFO - Processing /home/airflow/.local/lib/python3.6/site-packages/airflow/example_dags/example_branch_day_of_week_operator.py took 0.201 seconds
[2025-05-31 17:42:38,681] {processor.py:163} INFO - Started process (PID=4505) to work on /home/airflow/.local/lib/python3.6/site-packages/airflow/example_dags/example_branch_day_of_week_operator.py
[2025-05-31 17:42:38,684] {processor.py:642} INFO - Processing file /home/airflow/.local/lib/python3.6/site-packages/airflow/example_dags/example_branch_day_of_week_operator.py for tasks to queue
[2025-05-31 17:42:38,694] {logging_mixin.py:109} INFO - [2025-05-31 17:42:38,691] {dagbag.py:500} INFO - Filling up the DagBag from /home/airflow/.local/lib/python3.6/site-packages/airflow/example_dags/example_branch_day_of_week_operator.py
[2025-05-31 17:42:38,757] {processor.py:654} INFO - DAG(s) dict_keys(['example_weekday_branch_operator']) retrieved from /home/airflow/.local/lib/python3.6/site-packages/airflow/example_dags/example_branch_day_of_week_operator.py
[2025-05-31 17:42:38,779] {logging_mixin.py:109} INFO - [2025-05-31 17:42:38,779] {dag.py:2396} INFO - Sync 1 DAGs
[2025-05-31 17:42:38,831] {logging_mixin.py:109} INFO - [2025-05-31 17:42:38,830] {dag.py:2935} INFO - Setting next_dagrun for example_weekday_branch_operator to 2025-05-30 00:00:00+00:00
[2025-05-31 17:42:38,856] {processor.py:171} INFO - Processing /home/airflow/.local/lib/python3.6/site-packages/airflow/example_dags/example_branch_day_of_week_operator.py took 0.182 seconds
[2025-05-31 17:43:09,918] {processor.py:163} INFO - Started process (PID=4698) to work on /home/airflow/.local/lib/python3.6/site-packages/airflow/example_dags/example_branch_day_of_week_operator.py
[2025-05-31 17:43:09,921] {processor.py:642} INFO - Processing file /home/airflow/.local/lib/python3.6/site-packages/airflow/example_dags/example_branch_day_of_week_operator.py for tasks to queue
[2025-05-31 17:43:09,922] {logging_mixin.py:109} INFO - [2025-05-31 17:43:09,922] {dagbag.py:500} INFO - Filling up the DagBag from /home/airflow/.local/lib/python3.6/site-packages/airflow/example_dags/example_branch_day_of_week_operator.py
[2025-05-31 17:43:09,982] {processor.py:654} INFO - DAG(s) dict_keys(['example_weekday_branch_operator']) retrieved from /home/airflow/.local/lib/python3.6/site-packages/airflow/example_dags/example_branch_day_of_week_operator.py
[2025-05-31 17:43:10,004] {logging_mixin.py:109} INFO - [2025-05-31 17:43:10,004] {dag.py:2396} INFO - Sync 1 DAGs
[2025-05-31 17:43:10,044] {logging_mixin.py:109} INFO - [2025-05-31 17:43:10,044] {dag.py:2935} INFO - Setting next_dagrun for example_weekday_branch_operator to 2025-05-30 00:00:00+00:00
[2025-05-31 17:43:10,071] {processor.py:171} INFO - Processing /home/airflow/.local/lib/python3.6/site-packages/airflow/example_dags/example_branch_day_of_week_operator.py took 0.160 seconds
[2025-05-31 17:43:41,444] {processor.py:163} INFO - Started process (PID=4885) to work on /home/airflow/.local/lib/python3.6/site-packages/airflow/example_dags/example_branch_day_of_week_operator.py
[2025-05-31 17:43:41,448] {processor.py:642} INFO - Processing file /home/airflow/.local/lib/python3.6/site-packages/airflow/example_dags/example_branch_day_of_week_operator.py for tasks to queue
[2025-05-31 17:43:41,451] {logging_mixin.py:109} INFO - [2025-05-31 17:43:41,450] {dagbag.py:500} INFO - Filling up the DagBag from /home/airflow/.local/lib/python3.6/site-packages/airflow/example_dags/example_branch_day_of_week_operator.py
[2025-05-31 17:43:41,513] {processor.py:654} INFO - DAG(s) dict_keys(['example_weekday_branch_operator']) retrieved from /home/airflow/.local/lib/python3.6/site-packages/airflow/example_dags/example_branch_day_of_week_operator.py
[2025-05-31 17:43:41,536] {logging_mixin.py:109} INFO - [2025-05-31 17:43:41,536] {dag.py:2396} INFO - Sync 1 DAGs
[2025-05-31 17:43:41,579] {logging_mixin.py:109} INFO - [2025-05-31 17:43:41,579] {dag.py:2935} INFO - Setting next_dagrun for example_weekday_branch_operator to 2025-05-30 00:00:00+00:00
[2025-05-31 17:43:41,606] {processor.py:171} INFO - Processing /home/airflow/.local/lib/python3.6/site-packages/airflow/example_dags/example_branch_day_of_week_operator.py took 0.169 seconds
[2025-05-31 17:44:11,965] {processor.py:163} INFO - Started process (PID=5066) to work on /home/airflow/.local/lib/python3.6/site-packages/airflow/example_dags/example_branch_day_of_week_operator.py
[2025-05-31 17:44:11,971] {processor.py:642} INFO - Processing file /home/airflow/.local/lib/python3.6/site-packages/airflow/example_dags/example_branch_day_of_week_operator.py for tasks to queue
[2025-05-31 17:44:11,977] {logging_mixin.py:109} INFO - [2025-05-31 17:44:11,977] {dagbag.py:500} INFO - Filling up the DagBag from /home/airflow/.local/lib/python3.6/site-packages/airflow/example_dags/example_branch_day_of_week_operator.py
[2025-05-31 17:44:12,135] {processor.py:654} INFO - DAG(s) dict_keys(['example_weekday_branch_operator']) retrieved from /home/airflow/.local/lib/python3.6/site-packages/airflow/example_dags/example_branch_day_of_week_operator.py
[2025-05-31 17:44:12,240] {logging_mixin.py:109} INFO - [2025-05-31 17:44:12,240] {dag.py:2396} INFO - Sync 1 DAGs
[2025-05-31 17:44:12,315] {logging_mixin.py:109} INFO - [2025-05-31 17:44:12,315] {dag.py:2935} INFO - Setting next_dagrun for example_weekday_branch_operator to 2025-05-30 00:00:00+00:00
[2025-05-31 17:44:12,341] {processor.py:171} INFO - Processing /home/airflow/.local/lib/python3.6/site-packages/airflow/example_dags/example_branch_day_of_week_operator.py took 0.391 seconds
[2025-05-31 17:44:42,457] {processor.py:163} INFO - Started process (PID=5254) to work on /home/airflow/.local/lib/python3.6/site-packages/airflow/example_dags/example_branch_day_of_week_operator.py
[2025-05-31 17:44:42,463] {processor.py:642} INFO - Processing file /home/airflow/.local/lib/python3.6/site-packages/airflow/example_dags/example_branch_day_of_week_operator.py for tasks to queue
[2025-05-31 17:44:42,468] {logging_mixin.py:109} INFO - [2025-05-31 17:44:42,467] {dagbag.py:500} INFO - Filling up the DagBag from /home/airflow/.local/lib/python3.6/site-packages/airflow/example_dags/example_branch_day_of_week_operator.py
[2025-05-31 17:44:42,545] {processor.py:654} INFO - DAG(s) dict_keys(['example_weekday_branch_operator']) retrieved from /home/airflow/.local/lib/python3.6/site-packages/airflow/example_dags/example_branch_day_of_week_operator.py
[2025-05-31 17:44:42,572] {logging_mixin.py:109} INFO - [2025-05-31 17:44:42,572] {dag.py:2396} INFO - Sync 1 DAGs
[2025-05-31 17:44:42,612] {logging_mixin.py:109} INFO - [2025-05-31 17:44:42,612] {dag.py:2935} INFO - Setting next_dagrun for example_weekday_branch_operator to 2025-05-30 00:00:00+00:00
[2025-05-31 17:44:42,630] {processor.py:171} INFO - Processing /home/airflow/.local/lib/python3.6/site-packages/airflow/example_dags/example_branch_day_of_week_operator.py took 0.186 seconds
[2025-05-31 17:45:12,746] {processor.py:163} INFO - Started process (PID=5432) to work on /home/airflow/.local/lib/python3.6/site-packages/airflow/example_dags/example_branch_day_of_week_operator.py
[2025-05-31 17:45:12,750] {processor.py:642} INFO - Processing file /home/airflow/.local/lib/python3.6/site-packages/airflow/example_dags/example_branch_day_of_week_operator.py for tasks to queue
[2025-05-31 17:45:12,752] {logging_mixin.py:109} INFO - [2025-05-31 17:45:12,752] {dagbag.py:500} INFO - Filling up the DagBag from /home/airflow/.local/lib/python3.6/site-packages/airflow/example_dags/example_branch_day_of_week_operator.py
[2025-05-31 17:45:12,816] {processor.py:654} INFO - DAG(s) dict_keys(['example_weekday_branch_operator']) retrieved from /home/airflow/.local/lib/python3.6/site-packages/airflow/example_dags/example_branch_day_of_week_operator.py
[2025-05-31 17:45:12,840] {logging_mixin.py:109} INFO - [2025-05-31 17:45:12,840] {dag.py:2396} INFO - Sync 1 DAGs
[2025-05-31 17:45:12,884] {logging_mixin.py:109} INFO - [2025-05-31 17:45:12,883] {dag.py:2935} INFO - Setting next_dagrun for example_weekday_branch_operator to 2025-05-30 00:00:00+00:00
[2025-05-31 17:45:12,900] {processor.py:171} INFO - Processing /home/airflow/.local/lib/python3.6/site-packages/airflow/example_dags/example_branch_day_of_week_operator.py took 0.180 seconds
