[2025-05-31 10:45:50,958] {processor.py:163} INFO - Started process (PID=319) to work on /home/airflow/.local/lib/python3.6/site-packages/airflow/example_dags/example_sla_dag.py
[2025-05-31 10:45:50,960] {processor.py:642} INFO - Processing file /home/airflow/.local/lib/python3.6/site-packages/airflow/example_dags/example_sla_dag.py for tasks to queue
[2025-05-31 10:45:50,961] {logging_mixin.py:109} INFO - [2025-05-31 10:45:50,961] {dagbag.py:500} INFO - Filling up the DagBag from /home/airflow/.local/lib/python3.6/site-packages/airflow/example_dags/example_sla_dag.py
[2025-05-31 10:45:51,018] {processor.py:654} INFO - DAG(s) dict_keys(['example_sla_dag']) retrieved from /home/airflow/.local/lib/python3.6/site-packages/airflow/example_dags/example_sla_dag.py
[2025-05-31 10:45:51,042] {logging_mixin.py:109} INFO - [2025-05-31 10:45:51,042] {dag.py:2396} INFO - Sync 1 DAGs
[2025-05-31 10:45:51,096] {logging_mixin.py:109} INFO - [2025-05-31 10:45:51,096] {dag.py:2935} INFO - Setting next_dagrun for example_sla_dag to 2025-05-31T10:42:00+00:00
[2025-05-31 10:45:51,118] {processor.py:171} INFO - Processing /home/airflow/.local/lib/python3.6/site-packages/airflow/example_dags/example_sla_dag.py took 0.165 seconds
[2025-05-31 10:46:22,002] {processor.py:163} INFO - Started process (PID=499) to work on /home/airflow/.local/lib/python3.6/site-packages/airflow/example_dags/example_sla_dag.py
[2025-05-31 10:46:22,003] {processor.py:642} INFO - Processing file /home/airflow/.local/lib/python3.6/site-packages/airflow/example_dags/example_sla_dag.py for tasks to queue
[2025-05-31 10:46:22,004] {logging_mixin.py:109} INFO - [2025-05-31 10:46:22,004] {dagbag.py:500} INFO - Filling up the DagBag from /home/airflow/.local/lib/python3.6/site-packages/airflow/example_dags/example_sla_dag.py
[2025-05-31 10:46:22,042] {processor.py:654} INFO - DAG(s) dict_keys(['example_sla_dag']) retrieved from /home/airflow/.local/lib/python3.6/site-packages/airflow/example_dags/example_sla_dag.py
[2025-05-31 10:46:22,054] {logging_mixin.py:109} INFO - [2025-05-31 10:46:22,054] {dag.py:2396} INFO - Sync 1 DAGs
[2025-05-31 10:46:22,079] {logging_mixin.py:109} INFO - [2025-05-31 10:46:22,078] {dag.py:2935} INFO - Setting next_dagrun for example_sla_dag to 2025-05-31T10:44:00+00:00
[2025-05-31 10:46:22,090] {processor.py:171} INFO - Processing /home/airflow/.local/lib/python3.6/site-packages/airflow/example_dags/example_sla_dag.py took 0.092 seconds
[2025-05-31 10:46:52,862] {processor.py:163} INFO - Started process (PID=689) to work on /home/airflow/.local/lib/python3.6/site-packages/airflow/example_dags/example_sla_dag.py
[2025-05-31 10:46:52,864] {processor.py:642} INFO - Processing file /home/airflow/.local/lib/python3.6/site-packages/airflow/example_dags/example_sla_dag.py for tasks to queue
[2025-05-31 10:46:52,865] {logging_mixin.py:109} INFO - [2025-05-31 10:46:52,865] {dagbag.py:500} INFO - Filling up the DagBag from /home/airflow/.local/lib/python3.6/site-packages/airflow/example_dags/example_sla_dag.py
[2025-05-31 10:46:52,905] {processor.py:654} INFO - DAG(s) dict_keys(['example_sla_dag']) retrieved from /home/airflow/.local/lib/python3.6/site-packages/airflow/example_dags/example_sla_dag.py
[2025-05-31 10:46:52,918] {logging_mixin.py:109} INFO - [2025-05-31 10:46:52,918] {dag.py:2396} INFO - Sync 1 DAGs
[2025-05-31 10:46:52,952] {logging_mixin.py:109} INFO - [2025-05-31 10:46:52,952] {dag.py:2935} INFO - Setting next_dagrun for example_sla_dag to 2025-05-31T10:44:00+00:00
[2025-05-31 10:46:52,965] {processor.py:171} INFO - Processing /home/airflow/.local/lib/python3.6/site-packages/airflow/example_dags/example_sla_dag.py took 0.106 seconds
[2025-05-31 10:47:23,844] {processor.py:163} INFO - Started process (PID=869) to work on /home/airflow/.local/lib/python3.6/site-packages/airflow/example_dags/example_sla_dag.py
[2025-05-31 10:47:23,845] {processor.py:642} INFO - Processing file /home/airflow/.local/lib/python3.6/site-packages/airflow/example_dags/example_sla_dag.py for tasks to queue
[2025-05-31 10:47:23,846] {logging_mixin.py:109} INFO - [2025-05-31 10:47:23,846] {dagbag.py:500} INFO - Filling up the DagBag from /home/airflow/.local/lib/python3.6/site-packages/airflow/example_dags/example_sla_dag.py
[2025-05-31 10:47:23,881] {processor.py:654} INFO - DAG(s) dict_keys(['example_sla_dag']) retrieved from /home/airflow/.local/lib/python3.6/site-packages/airflow/example_dags/example_sla_dag.py
[2025-05-31 10:47:23,893] {logging_mixin.py:109} INFO - [2025-05-31 10:47:23,893] {dag.py:2396} INFO - Sync 1 DAGs
[2025-05-31 10:47:23,916] {logging_mixin.py:109} INFO - [2025-05-31 10:47:23,916] {dag.py:2935} INFO - Setting next_dagrun for example_sla_dag to 2025-05-31T10:44:00+00:00
[2025-05-31 10:47:23,927] {processor.py:171} INFO - Processing /home/airflow/.local/lib/python3.6/site-packages/airflow/example_dags/example_sla_dag.py took 0.087 seconds
[2025-05-31 10:47:54,335] {processor.py:163} INFO - Started process (PID=1057) to work on /home/airflow/.local/lib/python3.6/site-packages/airflow/example_dags/example_sla_dag.py
[2025-05-31 10:47:54,337] {processor.py:642} INFO - Processing file /home/airflow/.local/lib/python3.6/site-packages/airflow/example_dags/example_sla_dag.py for tasks to queue
[2025-05-31 10:47:54,338] {logging_mixin.py:109} INFO - [2025-05-31 10:47:54,338] {dagbag.py:500} INFO - Filling up the DagBag from /home/airflow/.local/lib/python3.6/site-packages/airflow/example_dags/example_sla_dag.py
[2025-05-31 10:47:54,384] {processor.py:654} INFO - DAG(s) dict_keys(['example_sla_dag']) retrieved from /home/airflow/.local/lib/python3.6/site-packages/airflow/example_dags/example_sla_dag.py
[2025-05-31 10:47:54,401] {logging_mixin.py:109} INFO - [2025-05-31 10:47:54,401] {dag.py:2396} INFO - Sync 1 DAGs
[2025-05-31 10:47:54,431] {logging_mixin.py:109} INFO - [2025-05-31 10:47:54,431] {dag.py:2935} INFO - Setting next_dagrun for example_sla_dag to 2025-05-31T10:44:00+00:00
[2025-05-31 10:47:54,444] {processor.py:171} INFO - Processing /home/airflow/.local/lib/python3.6/site-packages/airflow/example_dags/example_sla_dag.py took 0.113 seconds
[2025-05-31 10:48:25,520] {processor.py:163} INFO - Started process (PID=1240) to work on /home/airflow/.local/lib/python3.6/site-packages/airflow/example_dags/example_sla_dag.py
[2025-05-31 10:48:25,522] {processor.py:642} INFO - Processing file /home/airflow/.local/lib/python3.6/site-packages/airflow/example_dags/example_sla_dag.py for tasks to queue
[2025-05-31 10:48:25,523] {logging_mixin.py:109} INFO - [2025-05-31 10:48:25,523] {dagbag.py:500} INFO - Filling up the DagBag from /home/airflow/.local/lib/python3.6/site-packages/airflow/example_dags/example_sla_dag.py
[2025-05-31 10:48:25,574] {processor.py:654} INFO - DAG(s) dict_keys(['example_sla_dag']) retrieved from /home/airflow/.local/lib/python3.6/site-packages/airflow/example_dags/example_sla_dag.py
[2025-05-31 10:48:25,592] {logging_mixin.py:109} INFO - [2025-05-31 10:48:25,592] {dag.py:2396} INFO - Sync 1 DAGs
[2025-05-31 10:48:25,626] {logging_mixin.py:109} INFO - [2025-05-31 10:48:25,626] {dag.py:2935} INFO - Setting next_dagrun for example_sla_dag to 2025-05-31T10:46:00+00:00
[2025-05-31 10:48:25,642] {processor.py:171} INFO - Processing /home/airflow/.local/lib/python3.6/site-packages/airflow/example_dags/example_sla_dag.py took 0.127 seconds
[2025-05-31 10:48:56,808] {processor.py:163} INFO - Started process (PID=1420) to work on /home/airflow/.local/lib/python3.6/site-packages/airflow/example_dags/example_sla_dag.py
[2025-05-31 10:48:56,812] {processor.py:642} INFO - Processing file /home/airflow/.local/lib/python3.6/site-packages/airflow/example_dags/example_sla_dag.py for tasks to queue
[2025-05-31 10:48:56,814] {logging_mixin.py:109} INFO - [2025-05-31 10:48:56,814] {dagbag.py:500} INFO - Filling up the DagBag from /home/airflow/.local/lib/python3.6/site-packages/airflow/example_dags/example_sla_dag.py
[2025-05-31 10:48:56,879] {processor.py:654} INFO - DAG(s) dict_keys(['example_sla_dag']) retrieved from /home/airflow/.local/lib/python3.6/site-packages/airflow/example_dags/example_sla_dag.py
[2025-05-31 10:48:56,901] {logging_mixin.py:109} INFO - [2025-05-31 10:48:56,901] {dag.py:2396} INFO - Sync 1 DAGs
[2025-05-31 10:48:56,943] {logging_mixin.py:109} INFO - [2025-05-31 10:48:56,942] {dag.py:2935} INFO - Setting next_dagrun for example_sla_dag to 2025-05-31T10:46:00+00:00
[2025-05-31 10:48:56,962] {processor.py:171} INFO - Processing /home/airflow/.local/lib/python3.6/site-packages/airflow/example_dags/example_sla_dag.py took 0.160 seconds
[2025-05-31 10:49:28,009] {processor.py:163} INFO - Started process (PID=1609) to work on /home/airflow/.local/lib/python3.6/site-packages/airflow/example_dags/example_sla_dag.py
[2025-05-31 10:49:28,013] {processor.py:642} INFO - Processing file /home/airflow/.local/lib/python3.6/site-packages/airflow/example_dags/example_sla_dag.py for tasks to queue
[2025-05-31 10:49:28,020] {logging_mixin.py:109} INFO - [2025-05-31 10:49:28,020] {dagbag.py:500} INFO - Filling up the DagBag from /home/airflow/.local/lib/python3.6/site-packages/airflow/example_dags/example_sla_dag.py
[2025-05-31 10:49:28,104] {processor.py:654} INFO - DAG(s) dict_keys(['example_sla_dag']) retrieved from /home/airflow/.local/lib/python3.6/site-packages/airflow/example_dags/example_sla_dag.py
[2025-05-31 10:49:28,131] {logging_mixin.py:109} INFO - [2025-05-31 10:49:28,131] {dag.py:2396} INFO - Sync 1 DAGs
[2025-05-31 10:49:28,180] {logging_mixin.py:109} INFO - [2025-05-31 10:49:28,180] {dag.py:2935} INFO - Setting next_dagrun for example_sla_dag to 2025-05-31T10:46:00+00:00
[2025-05-31 10:49:28,201] {processor.py:171} INFO - Processing /home/airflow/.local/lib/python3.6/site-packages/airflow/example_dags/example_sla_dag.py took 0.200 seconds
[2025-05-31 10:49:59,081] {processor.py:163} INFO - Started process (PID=1787) to work on /home/airflow/.local/lib/python3.6/site-packages/airflow/example_dags/example_sla_dag.py
[2025-05-31 10:49:59,086] {processor.py:642} INFO - Processing file /home/airflow/.local/lib/python3.6/site-packages/airflow/example_dags/example_sla_dag.py for tasks to queue
[2025-05-31 10:49:59,091] {logging_mixin.py:109} INFO - [2025-05-31 10:49:59,091] {dagbag.py:500} INFO - Filling up the DagBag from /home/airflow/.local/lib/python3.6/site-packages/airflow/example_dags/example_sla_dag.py
[2025-05-31 10:49:59,159] {processor.py:654} INFO - DAG(s) dict_keys(['example_sla_dag']) retrieved from /home/airflow/.local/lib/python3.6/site-packages/airflow/example_dags/example_sla_dag.py
[2025-05-31 10:49:59,174] {logging_mixin.py:109} INFO - [2025-05-31 10:49:59,174] {dag.py:2396} INFO - Sync 1 DAGs
[2025-05-31 10:49:59,214] {logging_mixin.py:109} INFO - [2025-05-31 10:49:59,214] {dag.py:2935} INFO - Setting next_dagrun for example_sla_dag to 2025-05-31T10:46:00+00:00
[2025-05-31 10:49:59,228] {processor.py:171} INFO - Processing /home/airflow/.local/lib/python3.6/site-packages/airflow/example_dags/example_sla_dag.py took 0.151 seconds
[2025-05-31 10:50:29,289] {processor.py:163} INFO - Started process (PID=1968) to work on /home/airflow/.local/lib/python3.6/site-packages/airflow/example_dags/example_sla_dag.py
[2025-05-31 10:50:29,291] {processor.py:642} INFO - Processing file /home/airflow/.local/lib/python3.6/site-packages/airflow/example_dags/example_sla_dag.py for tasks to queue
[2025-05-31 10:50:29,292] {logging_mixin.py:109} INFO - [2025-05-31 10:50:29,292] {dagbag.py:500} INFO - Filling up the DagBag from /home/airflow/.local/lib/python3.6/site-packages/airflow/example_dags/example_sla_dag.py
[2025-05-31 10:50:29,336] {processor.py:654} INFO - DAG(s) dict_keys(['example_sla_dag']) retrieved from /home/airflow/.local/lib/python3.6/site-packages/airflow/example_dags/example_sla_dag.py
[2025-05-31 10:50:29,351] {logging_mixin.py:109} INFO - [2025-05-31 10:50:29,351] {dag.py:2396} INFO - Sync 1 DAGs
[2025-05-31 10:50:29,380] {logging_mixin.py:109} INFO - [2025-05-31 10:50:29,380] {dag.py:2935} INFO - Setting next_dagrun for example_sla_dag to 2025-05-31T10:48:00+00:00
[2025-05-31 10:50:29,393] {processor.py:171} INFO - Processing /home/airflow/.local/lib/python3.6/site-packages/airflow/example_dags/example_sla_dag.py took 0.108 seconds
[2025-05-31 10:51:01,050] {processor.py:163} INFO - Started process (PID=2146) to work on /home/airflow/.local/lib/python3.6/site-packages/airflow/example_dags/example_sla_dag.py
[2025-05-31 10:51:01,053] {processor.py:642} INFO - Processing file /home/airflow/.local/lib/python3.6/site-packages/airflow/example_dags/example_sla_dag.py for tasks to queue
[2025-05-31 10:51:01,055] {logging_mixin.py:109} INFO - [2025-05-31 10:51:01,054] {dagbag.py:500} INFO - Filling up the DagBag from /home/airflow/.local/lib/python3.6/site-packages/airflow/example_dags/example_sla_dag.py
[2025-05-31 10:51:01,172] {processor.py:654} INFO - DAG(s) dict_keys(['example_sla_dag']) retrieved from /home/airflow/.local/lib/python3.6/site-packages/airflow/example_dags/example_sla_dag.py
[2025-05-31 10:51:01,203] {logging_mixin.py:109} INFO - [2025-05-31 10:51:01,203] {dag.py:2396} INFO - Sync 1 DAGs
[2025-05-31 10:51:01,270] {logging_mixin.py:109} INFO - [2025-05-31 10:51:01,270] {dag.py:2935} INFO - Setting next_dagrun for example_sla_dag to 2025-05-31T10:48:00+00:00
[2025-05-31 10:51:01,295] {processor.py:171} INFO - Processing /home/airflow/.local/lib/python3.6/site-packages/airflow/example_dags/example_sla_dag.py took 0.252 seconds
[2025-05-31 10:51:31,899] {processor.py:163} INFO - Started process (PID=2336) to work on /home/airflow/.local/lib/python3.6/site-packages/airflow/example_dags/example_sla_dag.py
[2025-05-31 10:51:31,901] {processor.py:642} INFO - Processing file /home/airflow/.local/lib/python3.6/site-packages/airflow/example_dags/example_sla_dag.py for tasks to queue
[2025-05-31 10:51:31,902] {logging_mixin.py:109} INFO - [2025-05-31 10:51:31,902] {dagbag.py:500} INFO - Filling up the DagBag from /home/airflow/.local/lib/python3.6/site-packages/airflow/example_dags/example_sla_dag.py
[2025-05-31 10:51:31,954] {processor.py:654} INFO - DAG(s) dict_keys(['example_sla_dag']) retrieved from /home/airflow/.local/lib/python3.6/site-packages/airflow/example_dags/example_sla_dag.py
[2025-05-31 10:51:31,972] {logging_mixin.py:109} INFO - [2025-05-31 10:51:31,972] {dag.py:2396} INFO - Sync 1 DAGs
[2025-05-31 10:51:32,007] {logging_mixin.py:109} INFO - [2025-05-31 10:51:32,007] {dag.py:2935} INFO - Setting next_dagrun for example_sla_dag to 2025-05-31T10:48:00+00:00
[2025-05-31 10:51:32,022] {processor.py:171} INFO - Processing /home/airflow/.local/lib/python3.6/site-packages/airflow/example_dags/example_sla_dag.py took 0.128 seconds
[2025-05-31 10:52:03,374] {processor.py:163} INFO - Started process (PID=2516) to work on /home/airflow/.local/lib/python3.6/site-packages/airflow/example_dags/example_sla_dag.py
[2025-05-31 10:52:03,376] {processor.py:642} INFO - Processing file /home/airflow/.local/lib/python3.6/site-packages/airflow/example_dags/example_sla_dag.py for tasks to queue
[2025-05-31 10:52:03,378] {logging_mixin.py:109} INFO - [2025-05-31 10:52:03,378] {dagbag.py:500} INFO - Filling up the DagBag from /home/airflow/.local/lib/python3.6/site-packages/airflow/example_dags/example_sla_dag.py
[2025-05-31 10:52:03,427] {processor.py:654} INFO - DAG(s) dict_keys(['example_sla_dag']) retrieved from /home/airflow/.local/lib/python3.6/site-packages/airflow/example_dags/example_sla_dag.py
[2025-05-31 10:52:03,441] {logging_mixin.py:109} INFO - [2025-05-31 10:52:03,441] {dag.py:2396} INFO - Sync 1 DAGs
[2025-05-31 10:52:03,472] {logging_mixin.py:109} INFO - [2025-05-31 10:52:03,472] {dag.py:2935} INFO - Setting next_dagrun for example_sla_dag to 2025-05-31T10:50:00+00:00
[2025-05-31 10:52:03,485] {processor.py:171} INFO - Processing /home/airflow/.local/lib/python3.6/site-packages/airflow/example_dags/example_sla_dag.py took 0.115 seconds
[2025-05-31 10:52:35,993] {processor.py:163} INFO - Started process (PID=2696) to work on /home/airflow/.local/lib/python3.6/site-packages/airflow/example_dags/example_sla_dag.py
[2025-05-31 10:52:36,001] {processor.py:642} INFO - Processing file /home/airflow/.local/lib/python3.6/site-packages/airflow/example_dags/example_sla_dag.py for tasks to queue
[2025-05-31 10:52:36,005] {logging_mixin.py:109} INFO - [2025-05-31 10:52:36,005] {dagbag.py:500} INFO - Filling up the DagBag from /home/airflow/.local/lib/python3.6/site-packages/airflow/example_dags/example_sla_dag.py
[2025-05-31 10:52:36,099] {processor.py:654} INFO - DAG(s) dict_keys(['example_sla_dag']) retrieved from /home/airflow/.local/lib/python3.6/site-packages/airflow/example_dags/example_sla_dag.py
[2025-05-31 10:52:36,119] {logging_mixin.py:109} INFO - [2025-05-31 10:52:36,119] {dag.py:2396} INFO - Sync 1 DAGs
[2025-05-31 10:52:36,211] {logging_mixin.py:109} INFO - [2025-05-31 10:52:36,211] {dag.py:2935} INFO - Setting next_dagrun for example_sla_dag to 2025-05-31T10:50:00+00:00
[2025-05-31 10:52:36,249] {processor.py:171} INFO - Processing /home/airflow/.local/lib/python3.6/site-packages/airflow/example_dags/example_sla_dag.py took 0.263 seconds
[2025-05-31 10:53:08,370] {processor.py:163} INFO - Started process (PID=2886) to work on /home/airflow/.local/lib/python3.6/site-packages/airflow/example_dags/example_sla_dag.py
[2025-05-31 10:53:08,373] {processor.py:642} INFO - Processing file /home/airflow/.local/lib/python3.6/site-packages/airflow/example_dags/example_sla_dag.py for tasks to queue
[2025-05-31 10:53:08,374] {logging_mixin.py:109} INFO - [2025-05-31 10:53:08,374] {dagbag.py:500} INFO - Filling up the DagBag from /home/airflow/.local/lib/python3.6/site-packages/airflow/example_dags/example_sla_dag.py
[2025-05-31 10:53:08,448] {processor.py:654} INFO - DAG(s) dict_keys(['example_sla_dag']) retrieved from /home/airflow/.local/lib/python3.6/site-packages/airflow/example_dags/example_sla_dag.py
[2025-05-31 10:53:08,479] {logging_mixin.py:109} INFO - [2025-05-31 10:53:08,479] {dag.py:2396} INFO - Sync 1 DAGs
[2025-05-31 10:53:08,532] {logging_mixin.py:109} INFO - [2025-05-31 10:53:08,531] {dag.py:2935} INFO - Setting next_dagrun for example_sla_dag to 2025-05-31T10:50:00+00:00
[2025-05-31 10:53:08,549] {processor.py:171} INFO - Processing /home/airflow/.local/lib/python3.6/site-packages/airflow/example_dags/example_sla_dag.py took 0.187 seconds
[2025-05-31 10:53:38,793] {processor.py:163} INFO - Started process (PID=3061) to work on /home/airflow/.local/lib/python3.6/site-packages/airflow/example_dags/example_sla_dag.py
[2025-05-31 10:53:38,797] {processor.py:642} INFO - Processing file /home/airflow/.local/lib/python3.6/site-packages/airflow/example_dags/example_sla_dag.py for tasks to queue
[2025-05-31 10:53:38,803] {logging_mixin.py:109} INFO - [2025-05-31 10:53:38,802] {dagbag.py:500} INFO - Filling up the DagBag from /home/airflow/.local/lib/python3.6/site-packages/airflow/example_dags/example_sla_dag.py
[2025-05-31 10:53:38,892] {processor.py:654} INFO - DAG(s) dict_keys(['example_sla_dag']) retrieved from /home/airflow/.local/lib/python3.6/site-packages/airflow/example_dags/example_sla_dag.py
[2025-05-31 10:53:38,932] {logging_mixin.py:109} INFO - [2025-05-31 10:53:38,931] {dag.py:2396} INFO - Sync 1 DAGs
[2025-05-31 10:53:39,010] {logging_mixin.py:109} INFO - [2025-05-31 10:53:39,010] {dag.py:2935} INFO - Setting next_dagrun for example_sla_dag to 2025-05-31T10:50:00+00:00
[2025-05-31 10:53:39,044] {processor.py:171} INFO - Processing /home/airflow/.local/lib/python3.6/site-packages/airflow/example_dags/example_sla_dag.py took 0.259 seconds
[2025-05-31 10:54:09,850] {processor.py:163} INFO - Started process (PID=3241) to work on /home/airflow/.local/lib/python3.6/site-packages/airflow/example_dags/example_sla_dag.py
[2025-05-31 10:54:09,852] {processor.py:642} INFO - Processing file /home/airflow/.local/lib/python3.6/site-packages/airflow/example_dags/example_sla_dag.py for tasks to queue
[2025-05-31 10:54:09,854] {logging_mixin.py:109} INFO - [2025-05-31 10:54:09,854] {dagbag.py:500} INFO - Filling up the DagBag from /home/airflow/.local/lib/python3.6/site-packages/airflow/example_dags/example_sla_dag.py
[2025-05-31 10:54:09,902] {processor.py:654} INFO - DAG(s) dict_keys(['example_sla_dag']) retrieved from /home/airflow/.local/lib/python3.6/site-packages/airflow/example_dags/example_sla_dag.py
[2025-05-31 10:54:09,916] {logging_mixin.py:109} INFO - [2025-05-31 10:54:09,916] {dag.py:2396} INFO - Sync 1 DAGs
[2025-05-31 10:54:09,951] {logging_mixin.py:109} INFO - [2025-05-31 10:54:09,951] {dag.py:2935} INFO - Setting next_dagrun for example_sla_dag to 2025-05-31T10:52:00+00:00
[2025-05-31 10:54:09,968] {processor.py:171} INFO - Processing /home/airflow/.local/lib/python3.6/site-packages/airflow/example_dags/example_sla_dag.py took 0.124 seconds
[2025-05-31 10:54:40,146] {processor.py:163} INFO - Started process (PID=3421) to work on /home/airflow/.local/lib/python3.6/site-packages/airflow/example_dags/example_sla_dag.py
[2025-05-31 10:54:40,148] {processor.py:642} INFO - Processing file /home/airflow/.local/lib/python3.6/site-packages/airflow/example_dags/example_sla_dag.py for tasks to queue
[2025-05-31 10:54:40,149] {logging_mixin.py:109} INFO - [2025-05-31 10:54:40,149] {dagbag.py:500} INFO - Filling up the DagBag from /home/airflow/.local/lib/python3.6/site-packages/airflow/example_dags/example_sla_dag.py
[2025-05-31 10:54:40,207] {processor.py:654} INFO - DAG(s) dict_keys(['example_sla_dag']) retrieved from /home/airflow/.local/lib/python3.6/site-packages/airflow/example_dags/example_sla_dag.py
[2025-05-31 10:54:40,223] {logging_mixin.py:109} INFO - [2025-05-31 10:54:40,223] {dag.py:2396} INFO - Sync 1 DAGs
[2025-05-31 10:54:40,259] {logging_mixin.py:109} INFO - [2025-05-31 10:54:40,259] {dag.py:2935} INFO - Setting next_dagrun for example_sla_dag to 2025-05-31T10:52:00+00:00
[2025-05-31 10:54:40,275] {processor.py:171} INFO - Processing /home/airflow/.local/lib/python3.6/site-packages/airflow/example_dags/example_sla_dag.py took 0.137 seconds
[2025-05-31 10:55:10,640] {processor.py:163} INFO - Started process (PID=3601) to work on /home/airflow/.local/lib/python3.6/site-packages/airflow/example_dags/example_sla_dag.py
[2025-05-31 10:55:10,641] {processor.py:642} INFO - Processing file /home/airflow/.local/lib/python3.6/site-packages/airflow/example_dags/example_sla_dag.py for tasks to queue
[2025-05-31 10:55:10,643] {logging_mixin.py:109} INFO - [2025-05-31 10:55:10,643] {dagbag.py:500} INFO - Filling up the DagBag from /home/airflow/.local/lib/python3.6/site-packages/airflow/example_dags/example_sla_dag.py
[2025-05-31 10:55:10,683] {processor.py:654} INFO - DAG(s) dict_keys(['example_sla_dag']) retrieved from /home/airflow/.local/lib/python3.6/site-packages/airflow/example_dags/example_sla_dag.py
[2025-05-31 10:55:10,697] {logging_mixin.py:109} INFO - [2025-05-31 10:55:10,697] {dag.py:2396} INFO - Sync 1 DAGs
[2025-05-31 10:55:10,724] {logging_mixin.py:109} INFO - [2025-05-31 10:55:10,724] {dag.py:2935} INFO - Setting next_dagrun for example_sla_dag to 2025-05-31T10:52:00+00:00
[2025-05-31 10:55:10,737] {processor.py:171} INFO - Processing /home/airflow/.local/lib/python3.6/site-packages/airflow/example_dags/example_sla_dag.py took 0.102 seconds
[2025-05-31 10:55:41,596] {processor.py:163} INFO - Started process (PID=3791) to work on /home/airflow/.local/lib/python3.6/site-packages/airflow/example_dags/example_sla_dag.py
[2025-05-31 10:55:41,598] {processor.py:642} INFO - Processing file /home/airflow/.local/lib/python3.6/site-packages/airflow/example_dags/example_sla_dag.py for tasks to queue
[2025-05-31 10:55:41,599] {logging_mixin.py:109} INFO - [2025-05-31 10:55:41,599] {dagbag.py:500} INFO - Filling up the DagBag from /home/airflow/.local/lib/python3.6/site-packages/airflow/example_dags/example_sla_dag.py
[2025-05-31 10:55:41,655] {processor.py:654} INFO - DAG(s) dict_keys(['example_sla_dag']) retrieved from /home/airflow/.local/lib/python3.6/site-packages/airflow/example_dags/example_sla_dag.py
[2025-05-31 10:55:41,674] {logging_mixin.py:109} INFO - [2025-05-31 10:55:41,674] {dag.py:2396} INFO - Sync 1 DAGs
[2025-05-31 10:55:41,716] {logging_mixin.py:109} INFO - [2025-05-31 10:55:41,716] {dag.py:2935} INFO - Setting next_dagrun for example_sla_dag to 2025-05-31T10:52:00+00:00
[2025-05-31 10:55:41,729] {processor.py:171} INFO - Processing /home/airflow/.local/lib/python3.6/site-packages/airflow/example_dags/example_sla_dag.py took 0.139 seconds
[2025-05-31 10:56:13,214] {processor.py:163} INFO - Started process (PID=3971) to work on /home/airflow/.local/lib/python3.6/site-packages/airflow/example_dags/example_sla_dag.py
[2025-05-31 10:56:13,218] {processor.py:642} INFO - Processing file /home/airflow/.local/lib/python3.6/site-packages/airflow/example_dags/example_sla_dag.py for tasks to queue
[2025-05-31 10:56:13,219] {logging_mixin.py:109} INFO - [2025-05-31 10:56:13,219] {dagbag.py:500} INFO - Filling up the DagBag from /home/airflow/.local/lib/python3.6/site-packages/airflow/example_dags/example_sla_dag.py
[2025-05-31 10:56:13,286] {processor.py:654} INFO - DAG(s) dict_keys(['example_sla_dag']) retrieved from /home/airflow/.local/lib/python3.6/site-packages/airflow/example_dags/example_sla_dag.py
[2025-05-31 10:56:13,313] {logging_mixin.py:109} INFO - [2025-05-31 10:56:13,313] {dag.py:2396} INFO - Sync 1 DAGs
[2025-05-31 10:56:13,350] {logging_mixin.py:109} INFO - [2025-05-31 10:56:13,350] {dag.py:2935} INFO - Setting next_dagrun for example_sla_dag to 2025-05-31T10:54:00+00:00
[2025-05-31 10:56:13,366] {processor.py:171} INFO - Processing /home/airflow/.local/lib/python3.6/site-packages/airflow/example_dags/example_sla_dag.py took 0.159 seconds
[2025-05-31 10:56:43,752] {processor.py:163} INFO - Started process (PID=4151) to work on /home/airflow/.local/lib/python3.6/site-packages/airflow/example_dags/example_sla_dag.py
[2025-05-31 10:56:43,755] {processor.py:642} INFO - Processing file /home/airflow/.local/lib/python3.6/site-packages/airflow/example_dags/example_sla_dag.py for tasks to queue
[2025-05-31 10:56:43,757] {logging_mixin.py:109} INFO - [2025-05-31 10:56:43,757] {dagbag.py:500} INFO - Filling up the DagBag from /home/airflow/.local/lib/python3.6/site-packages/airflow/example_dags/example_sla_dag.py
[2025-05-31 10:56:43,817] {processor.py:654} INFO - DAG(s) dict_keys(['example_sla_dag']) retrieved from /home/airflow/.local/lib/python3.6/site-packages/airflow/example_dags/example_sla_dag.py
[2025-05-31 10:56:43,835] {logging_mixin.py:109} INFO - [2025-05-31 10:56:43,835] {dag.py:2396} INFO - Sync 1 DAGs
[2025-05-31 10:56:43,869] {logging_mixin.py:109} INFO - [2025-05-31 10:56:43,869] {dag.py:2935} INFO - Setting next_dagrun for example_sla_dag to 2025-05-31T10:54:00+00:00
[2025-05-31 10:56:43,883] {processor.py:171} INFO - Processing /home/airflow/.local/lib/python3.6/site-packages/airflow/example_dags/example_sla_dag.py took 0.136 seconds
[2025-05-31 10:57:14,662] {processor.py:163} INFO - Started process (PID=4351) to work on /home/airflow/.local/lib/python3.6/site-packages/airflow/example_dags/example_sla_dag.py
[2025-05-31 10:57:14,665] {processor.py:642} INFO - Processing file /home/airflow/.local/lib/python3.6/site-packages/airflow/example_dags/example_sla_dag.py for tasks to queue
[2025-05-31 10:57:14,666] {logging_mixin.py:109} INFO - [2025-05-31 10:57:14,666] {dagbag.py:500} INFO - Filling up the DagBag from /home/airflow/.local/lib/python3.6/site-packages/airflow/example_dags/example_sla_dag.py
[2025-05-31 10:57:14,738] {processor.py:654} INFO - DAG(s) dict_keys(['example_sla_dag']) retrieved from /home/airflow/.local/lib/python3.6/site-packages/airflow/example_dags/example_sla_dag.py
[2025-05-31 10:57:14,763] {logging_mixin.py:109} INFO - [2025-05-31 10:57:14,763] {dag.py:2396} INFO - Sync 1 DAGs
[2025-05-31 10:57:14,810] {logging_mixin.py:109} INFO - [2025-05-31 10:57:14,810] {dag.py:2935} INFO - Setting next_dagrun for example_sla_dag to 2025-05-31T10:54:00+00:00
[2025-05-31 10:57:14,832] {processor.py:171} INFO - Processing /home/airflow/.local/lib/python3.6/site-packages/airflow/example_dags/example_sla_dag.py took 0.177 seconds
[2025-05-31 10:57:45,738] {processor.py:163} INFO - Started process (PID=4531) to work on /home/airflow/.local/lib/python3.6/site-packages/airflow/example_dags/example_sla_dag.py
[2025-05-31 10:57:45,740] {processor.py:642} INFO - Processing file /home/airflow/.local/lib/python3.6/site-packages/airflow/example_dags/example_sla_dag.py for tasks to queue
[2025-05-31 10:57:45,742] {logging_mixin.py:109} INFO - [2025-05-31 10:57:45,741] {dagbag.py:500} INFO - Filling up the DagBag from /home/airflow/.local/lib/python3.6/site-packages/airflow/example_dags/example_sla_dag.py
[2025-05-31 10:57:45,800] {processor.py:654} INFO - DAG(s) dict_keys(['example_sla_dag']) retrieved from /home/airflow/.local/lib/python3.6/site-packages/airflow/example_dags/example_sla_dag.py
[2025-05-31 10:57:45,816] {logging_mixin.py:109} INFO - [2025-05-31 10:57:45,816] {dag.py:2396} INFO - Sync 1 DAGs
[2025-05-31 10:57:45,853] {logging_mixin.py:109} INFO - [2025-05-31 10:57:45,853] {dag.py:2935} INFO - Setting next_dagrun for example_sla_dag to 2025-05-31T10:54:00+00:00
[2025-05-31 10:57:45,870] {processor.py:171} INFO - Processing /home/airflow/.local/lib/python3.6/site-packages/airflow/example_dags/example_sla_dag.py took 0.139 seconds
[2025-05-31 10:58:15,982] {processor.py:163} INFO - Started process (PID=4711) to work on /home/airflow/.local/lib/python3.6/site-packages/airflow/example_dags/example_sla_dag.py
[2025-05-31 10:58:15,984] {processor.py:642} INFO - Processing file /home/airflow/.local/lib/python3.6/site-packages/airflow/example_dags/example_sla_dag.py for tasks to queue
[2025-05-31 10:58:15,985] {logging_mixin.py:109} INFO - [2025-05-31 10:58:15,984] {dagbag.py:500} INFO - Filling up the DagBag from /home/airflow/.local/lib/python3.6/site-packages/airflow/example_dags/example_sla_dag.py
[2025-05-31 10:58:16,033] {processor.py:654} INFO - DAG(s) dict_keys(['example_sla_dag']) retrieved from /home/airflow/.local/lib/python3.6/site-packages/airflow/example_dags/example_sla_dag.py
[2025-05-31 10:58:16,052] {logging_mixin.py:109} INFO - [2025-05-31 10:58:16,052] {dag.py:2396} INFO - Sync 1 DAGs
[2025-05-31 10:58:16,083] {logging_mixin.py:109} INFO - [2025-05-31 10:58:16,083] {dag.py:2935} INFO - Setting next_dagrun for example_sla_dag to 2025-05-31T10:56:00+00:00
[2025-05-31 10:58:16,097] {processor.py:171} INFO - Processing /home/airflow/.local/lib/python3.6/site-packages/airflow/example_dags/example_sla_dag.py took 0.120 seconds
[2025-05-31 10:58:46,684] {processor.py:163} INFO - Started process (PID=4893) to work on /home/airflow/.local/lib/python3.6/site-packages/airflow/example_dags/example_sla_dag.py
[2025-05-31 10:58:46,685] {processor.py:642} INFO - Processing file /home/airflow/.local/lib/python3.6/site-packages/airflow/example_dags/example_sla_dag.py for tasks to queue
[2025-05-31 10:58:46,686] {logging_mixin.py:109} INFO - [2025-05-31 10:58:46,686] {dagbag.py:500} INFO - Filling up the DagBag from /home/airflow/.local/lib/python3.6/site-packages/airflow/example_dags/example_sla_dag.py
[2025-05-31 10:58:46,729] {processor.py:654} INFO - DAG(s) dict_keys(['example_sla_dag']) retrieved from /home/airflow/.local/lib/python3.6/site-packages/airflow/example_dags/example_sla_dag.py
[2025-05-31 10:58:46,742] {logging_mixin.py:109} INFO - [2025-05-31 10:58:46,742] {dag.py:2396} INFO - Sync 1 DAGs
[2025-05-31 10:58:46,768] {logging_mixin.py:109} INFO - [2025-05-31 10:58:46,768] {dag.py:2935} INFO - Setting next_dagrun for example_sla_dag to 2025-05-31T10:56:00+00:00
[2025-05-31 10:58:46,781] {processor.py:171} INFO - Processing /home/airflow/.local/lib/python3.6/site-packages/airflow/example_dags/example_sla_dag.py took 0.103 seconds
[2025-05-31 10:59:17,617] {processor.py:163} INFO - Started process (PID=5071) to work on /home/airflow/.local/lib/python3.6/site-packages/airflow/example_dags/example_sla_dag.py
[2025-05-31 10:59:17,619] {processor.py:642} INFO - Processing file /home/airflow/.local/lib/python3.6/site-packages/airflow/example_dags/example_sla_dag.py for tasks to queue
[2025-05-31 10:59:17,620] {logging_mixin.py:109} INFO - [2025-05-31 10:59:17,620] {dagbag.py:500} INFO - Filling up the DagBag from /home/airflow/.local/lib/python3.6/site-packages/airflow/example_dags/example_sla_dag.py
[2025-05-31 10:59:17,674] {processor.py:654} INFO - DAG(s) dict_keys(['example_sla_dag']) retrieved from /home/airflow/.local/lib/python3.6/site-packages/airflow/example_dags/example_sla_dag.py
[2025-05-31 10:59:17,698] {logging_mixin.py:109} INFO - [2025-05-31 10:59:17,698] {dag.py:2396} INFO - Sync 1 DAGs
[2025-05-31 10:59:17,738] {logging_mixin.py:109} INFO - [2025-05-31 10:59:17,738] {dag.py:2935} INFO - Setting next_dagrun for example_sla_dag to 2025-05-31T10:56:00+00:00
[2025-05-31 10:59:17,760] {processor.py:171} INFO - Processing /home/airflow/.local/lib/python3.6/site-packages/airflow/example_dags/example_sla_dag.py took 0.148 seconds
[2025-05-31 10:59:48,909] {processor.py:163} INFO - Started process (PID=5251) to work on /home/airflow/.local/lib/python3.6/site-packages/airflow/example_dags/example_sla_dag.py
[2025-05-31 10:59:48,911] {processor.py:642} INFO - Processing file /home/airflow/.local/lib/python3.6/site-packages/airflow/example_dags/example_sla_dag.py for tasks to queue
[2025-05-31 10:59:48,913] {logging_mixin.py:109} INFO - [2025-05-31 10:59:48,912] {dagbag.py:500} INFO - Filling up the DagBag from /home/airflow/.local/lib/python3.6/site-packages/airflow/example_dags/example_sla_dag.py
[2025-05-31 10:59:48,965] {processor.py:654} INFO - DAG(s) dict_keys(['example_sla_dag']) retrieved from /home/airflow/.local/lib/python3.6/site-packages/airflow/example_dags/example_sla_dag.py
[2025-05-31 10:59:48,986] {logging_mixin.py:109} INFO - [2025-05-31 10:59:48,986] {dag.py:2396} INFO - Sync 1 DAGs
[2025-05-31 10:59:49,026] {logging_mixin.py:109} INFO - [2025-05-31 10:59:49,026] {dag.py:2935} INFO - Setting next_dagrun for example_sla_dag to 2025-05-31T10:56:00+00:00
[2025-05-31 10:59:49,041] {processor.py:171} INFO - Processing /home/airflow/.local/lib/python3.6/site-packages/airflow/example_dags/example_sla_dag.py took 0.138 seconds
[2025-05-31 11:00:19,910] {processor.py:163} INFO - Started process (PID=5431) to work on /home/airflow/.local/lib/python3.6/site-packages/airflow/example_dags/example_sla_dag.py
[2025-05-31 11:00:19,911] {processor.py:642} INFO - Processing file /home/airflow/.local/lib/python3.6/site-packages/airflow/example_dags/example_sla_dag.py for tasks to queue
[2025-05-31 11:00:19,912] {logging_mixin.py:109} INFO - [2025-05-31 11:00:19,912] {dagbag.py:500} INFO - Filling up the DagBag from /home/airflow/.local/lib/python3.6/site-packages/airflow/example_dags/example_sla_dag.py
[2025-05-31 11:00:19,950] {processor.py:654} INFO - DAG(s) dict_keys(['example_sla_dag']) retrieved from /home/airflow/.local/lib/python3.6/site-packages/airflow/example_dags/example_sla_dag.py
[2025-05-31 11:00:19,963] {logging_mixin.py:109} INFO - [2025-05-31 11:00:19,962] {dag.py:2396} INFO - Sync 1 DAGs
[2025-05-31 11:00:19,989] {logging_mixin.py:109} INFO - [2025-05-31 11:00:19,988] {dag.py:2935} INFO - Setting next_dagrun for example_sla_dag to 2025-05-31T10:58:00+00:00
[2025-05-31 11:00:20,001] {processor.py:171} INFO - Processing /home/airflow/.local/lib/python3.6/site-packages/airflow/example_dags/example_sla_dag.py took 0.095 seconds
[2025-05-31 11:00:50,872] {processor.py:163} INFO - Started process (PID=5621) to work on /home/airflow/.local/lib/python3.6/site-packages/airflow/example_dags/example_sla_dag.py
[2025-05-31 11:00:50,873] {processor.py:642} INFO - Processing file /home/airflow/.local/lib/python3.6/site-packages/airflow/example_dags/example_sla_dag.py for tasks to queue
[2025-05-31 11:00:50,874] {logging_mixin.py:109} INFO - [2025-05-31 11:00:50,874] {dagbag.py:500} INFO - Filling up the DagBag from /home/airflow/.local/lib/python3.6/site-packages/airflow/example_dags/example_sla_dag.py
[2025-05-31 11:00:50,910] {processor.py:654} INFO - DAG(s) dict_keys(['example_sla_dag']) retrieved from /home/airflow/.local/lib/python3.6/site-packages/airflow/example_dags/example_sla_dag.py
[2025-05-31 11:00:50,922] {logging_mixin.py:109} INFO - [2025-05-31 11:00:50,922] {dag.py:2396} INFO - Sync 1 DAGs
[2025-05-31 11:00:50,947] {logging_mixin.py:109} INFO - [2025-05-31 11:00:50,947] {dag.py:2935} INFO - Setting next_dagrun for example_sla_dag to 2025-05-31T10:58:00+00:00
[2025-05-31 11:00:50,958] {processor.py:171} INFO - Processing /home/airflow/.local/lib/python3.6/site-packages/airflow/example_dags/example_sla_dag.py took 0.090 seconds
[2025-05-31 11:01:21,699] {processor.py:163} INFO - Started process (PID=5801) to work on /home/airflow/.local/lib/python3.6/site-packages/airflow/example_dags/example_sla_dag.py
[2025-05-31 11:01:21,701] {processor.py:642} INFO - Processing file /home/airflow/.local/lib/python3.6/site-packages/airflow/example_dags/example_sla_dag.py for tasks to queue
[2025-05-31 11:01:21,702] {logging_mixin.py:109} INFO - [2025-05-31 11:01:21,702] {dagbag.py:500} INFO - Filling up the DagBag from /home/airflow/.local/lib/python3.6/site-packages/airflow/example_dags/example_sla_dag.py
[2025-05-31 11:01:21,741] {processor.py:654} INFO - DAG(s) dict_keys(['example_sla_dag']) retrieved from /home/airflow/.local/lib/python3.6/site-packages/airflow/example_dags/example_sla_dag.py
[2025-05-31 11:01:21,755] {logging_mixin.py:109} INFO - [2025-05-31 11:01:21,754] {dag.py:2396} INFO - Sync 1 DAGs
[2025-05-31 11:01:21,781] {logging_mixin.py:109} INFO - [2025-05-31 11:01:21,781] {dag.py:2935} INFO - Setting next_dagrun for example_sla_dag to 2025-05-31T10:58:00+00:00
[2025-05-31 11:01:21,794] {processor.py:171} INFO - Processing /home/airflow/.local/lib/python3.6/site-packages/airflow/example_dags/example_sla_dag.py took 0.099 seconds
[2025-05-31 11:01:52,032] {processor.py:163} INFO - Started process (PID=5990) to work on /home/airflow/.local/lib/python3.6/site-packages/airflow/example_dags/example_sla_dag.py
[2025-05-31 11:01:52,034] {processor.py:642} INFO - Processing file /home/airflow/.local/lib/python3.6/site-packages/airflow/example_dags/example_sla_dag.py for tasks to queue
[2025-05-31 11:01:52,035] {logging_mixin.py:109} INFO - [2025-05-31 11:01:52,035] {dagbag.py:500} INFO - Filling up the DagBag from /home/airflow/.local/lib/python3.6/site-packages/airflow/example_dags/example_sla_dag.py
[2025-05-31 11:01:52,093] {processor.py:654} INFO - DAG(s) dict_keys(['example_sla_dag']) retrieved from /home/airflow/.local/lib/python3.6/site-packages/airflow/example_dags/example_sla_dag.py
[2025-05-31 11:01:52,110] {logging_mixin.py:109} INFO - [2025-05-31 11:01:52,109] {dag.py:2396} INFO - Sync 1 DAGs
[2025-05-31 11:01:52,146] {logging_mixin.py:109} INFO - [2025-05-31 11:01:52,146] {dag.py:2935} INFO - Setting next_dagrun for example_sla_dag to 2025-05-31T10:58:00+00:00
[2025-05-31 11:01:52,160] {processor.py:171} INFO - Processing /home/airflow/.local/lib/python3.6/site-packages/airflow/example_dags/example_sla_dag.py took 0.134 seconds
[2025-05-31 11:02:22,946] {processor.py:163} INFO - Started process (PID=6171) to work on /home/airflow/.local/lib/python3.6/site-packages/airflow/example_dags/example_sla_dag.py
[2025-05-31 11:02:22,948] {processor.py:642} INFO - Processing file /home/airflow/.local/lib/python3.6/site-packages/airflow/example_dags/example_sla_dag.py for tasks to queue
[2025-05-31 11:02:22,949] {logging_mixin.py:109} INFO - [2025-05-31 11:02:22,949] {dagbag.py:500} INFO - Filling up the DagBag from /home/airflow/.local/lib/python3.6/site-packages/airflow/example_dags/example_sla_dag.py
[2025-05-31 11:02:22,995] {processor.py:654} INFO - DAG(s) dict_keys(['example_sla_dag']) retrieved from /home/airflow/.local/lib/python3.6/site-packages/airflow/example_dags/example_sla_dag.py
[2025-05-31 11:02:23,009] {logging_mixin.py:109} INFO - [2025-05-31 11:02:23,009] {dag.py:2396} INFO - Sync 1 DAGs
[2025-05-31 11:02:23,038] {logging_mixin.py:109} INFO - [2025-05-31 11:02:23,038] {dag.py:2935} INFO - Setting next_dagrun for example_sla_dag to 2025-05-31T11:00:00+00:00
[2025-05-31 11:02:23,054] {processor.py:171} INFO - Processing /home/airflow/.local/lib/python3.6/site-packages/airflow/example_dags/example_sla_dag.py took 0.113 seconds
[2025-05-31 11:02:54,639] {processor.py:163} INFO - Started process (PID=6351) to work on /home/airflow/.local/lib/python3.6/site-packages/airflow/example_dags/example_sla_dag.py
[2025-05-31 11:02:54,641] {processor.py:642} INFO - Processing file /home/airflow/.local/lib/python3.6/site-packages/airflow/example_dags/example_sla_dag.py for tasks to queue
[2025-05-31 11:02:54,644] {logging_mixin.py:109} INFO - [2025-05-31 11:02:54,644] {dagbag.py:500} INFO - Filling up the DagBag from /home/airflow/.local/lib/python3.6/site-packages/airflow/example_dags/example_sla_dag.py
[2025-05-31 11:02:54,698] {processor.py:654} INFO - DAG(s) dict_keys(['example_sla_dag']) retrieved from /home/airflow/.local/lib/python3.6/site-packages/airflow/example_dags/example_sla_dag.py
[2025-05-31 11:02:54,718] {logging_mixin.py:109} INFO - [2025-05-31 11:02:54,717] {dag.py:2396} INFO - Sync 1 DAGs
[2025-05-31 11:02:54,763] {logging_mixin.py:109} INFO - [2025-05-31 11:02:54,763] {dag.py:2935} INFO - Setting next_dagrun for example_sla_dag to 2025-05-31T11:00:00+00:00
[2025-05-31 11:02:54,775] {processor.py:171} INFO - Processing /home/airflow/.local/lib/python3.6/site-packages/airflow/example_dags/example_sla_dag.py took 0.143 seconds
[2025-05-31 11:03:25,529] {processor.py:163} INFO - Started process (PID=6541) to work on /home/airflow/.local/lib/python3.6/site-packages/airflow/example_dags/example_sla_dag.py
[2025-05-31 11:03:25,531] {processor.py:642} INFO - Processing file /home/airflow/.local/lib/python3.6/site-packages/airflow/example_dags/example_sla_dag.py for tasks to queue
[2025-05-31 11:03:25,532] {logging_mixin.py:109} INFO - [2025-05-31 11:03:25,532] {dagbag.py:500} INFO - Filling up the DagBag from /home/airflow/.local/lib/python3.6/site-packages/airflow/example_dags/example_sla_dag.py
[2025-05-31 11:03:25,591] {processor.py:654} INFO - DAG(s) dict_keys(['example_sla_dag']) retrieved from /home/airflow/.local/lib/python3.6/site-packages/airflow/example_dags/example_sla_dag.py
[2025-05-31 11:03:25,611] {logging_mixin.py:109} INFO - [2025-05-31 11:03:25,611] {dag.py:2396} INFO - Sync 1 DAGs
[2025-05-31 11:03:25,652] {logging_mixin.py:109} INFO - [2025-05-31 11:03:25,652] {dag.py:2935} INFO - Setting next_dagrun for example_sla_dag to 2025-05-31T11:00:00+00:00
[2025-05-31 11:03:25,666] {processor.py:171} INFO - Processing /home/airflow/.local/lib/python3.6/site-packages/airflow/example_dags/example_sla_dag.py took 0.144 seconds
[2025-05-31 11:03:56,720] {processor.py:163} INFO - Started process (PID=6721) to work on /home/airflow/.local/lib/python3.6/site-packages/airflow/example_dags/example_sla_dag.py
[2025-05-31 11:03:56,722] {processor.py:642} INFO - Processing file /home/airflow/.local/lib/python3.6/site-packages/airflow/example_dags/example_sla_dag.py for tasks to queue
[2025-05-31 11:03:56,723] {logging_mixin.py:109} INFO - [2025-05-31 11:03:56,723] {dagbag.py:500} INFO - Filling up the DagBag from /home/airflow/.local/lib/python3.6/site-packages/airflow/example_dags/example_sla_dag.py
[2025-05-31 11:03:56,764] {processor.py:654} INFO - DAG(s) dict_keys(['example_sla_dag']) retrieved from /home/airflow/.local/lib/python3.6/site-packages/airflow/example_dags/example_sla_dag.py
[2025-05-31 11:03:56,777] {logging_mixin.py:109} INFO - [2025-05-31 11:03:56,777] {dag.py:2396} INFO - Sync 1 DAGs
[2025-05-31 11:03:56,805] {logging_mixin.py:109} INFO - [2025-05-31 11:03:56,804] {dag.py:2935} INFO - Setting next_dagrun for example_sla_dag to 2025-05-31T11:00:00+00:00
[2025-05-31 11:03:56,823] {processor.py:171} INFO - Processing /home/airflow/.local/lib/python3.6/site-packages/airflow/example_dags/example_sla_dag.py took 0.107 seconds
[2025-05-31 11:04:27,865] {processor.py:163} INFO - Started process (PID=6910) to work on /home/airflow/.local/lib/python3.6/site-packages/airflow/example_dags/example_sla_dag.py
[2025-05-31 11:04:27,867] {processor.py:642} INFO - Processing file /home/airflow/.local/lib/python3.6/site-packages/airflow/example_dags/example_sla_dag.py for tasks to queue
[2025-05-31 11:04:27,868] {logging_mixin.py:109} INFO - [2025-05-31 11:04:27,868] {dagbag.py:500} INFO - Filling up the DagBag from /home/airflow/.local/lib/python3.6/site-packages/airflow/example_dags/example_sla_dag.py
[2025-05-31 11:04:27,920] {processor.py:654} INFO - DAG(s) dict_keys(['example_sla_dag']) retrieved from /home/airflow/.local/lib/python3.6/site-packages/airflow/example_dags/example_sla_dag.py
[2025-05-31 11:04:27,941] {logging_mixin.py:109} INFO - [2025-05-31 11:04:27,941] {dag.py:2396} INFO - Sync 1 DAGs
[2025-05-31 11:04:27,983] {logging_mixin.py:109} INFO - [2025-05-31 11:04:27,983] {dag.py:2935} INFO - Setting next_dagrun for example_sla_dag to 2025-05-31T11:02:00+00:00
[2025-05-31 11:04:27,996] {processor.py:171} INFO - Processing /home/airflow/.local/lib/python3.6/site-packages/airflow/example_dags/example_sla_dag.py took 0.137 seconds
[2025-05-31 11:04:59,048] {processor.py:163} INFO - Started process (PID=7093) to work on /home/airflow/.local/lib/python3.6/site-packages/airflow/example_dags/example_sla_dag.py
[2025-05-31 11:04:59,050] {processor.py:642} INFO - Processing file /home/airflow/.local/lib/python3.6/site-packages/airflow/example_dags/example_sla_dag.py for tasks to queue
[2025-05-31 11:04:59,052] {logging_mixin.py:109} INFO - [2025-05-31 11:04:59,051] {dagbag.py:500} INFO - Filling up the DagBag from /home/airflow/.local/lib/python3.6/site-packages/airflow/example_dags/example_sla_dag.py
[2025-05-31 11:04:59,106] {processor.py:654} INFO - DAG(s) dict_keys(['example_sla_dag']) retrieved from /home/airflow/.local/lib/python3.6/site-packages/airflow/example_dags/example_sla_dag.py
[2025-05-31 11:04:59,122] {logging_mixin.py:109} INFO - [2025-05-31 11:04:59,122] {dag.py:2396} INFO - Sync 1 DAGs
[2025-05-31 11:04:59,154] {logging_mixin.py:109} INFO - [2025-05-31 11:04:59,154] {dag.py:2935} INFO - Setting next_dagrun for example_sla_dag to 2025-05-31T11:02:00+00:00
[2025-05-31 11:04:59,168] {processor.py:171} INFO - Processing /home/airflow/.local/lib/python3.6/site-packages/airflow/example_dags/example_sla_dag.py took 0.125 seconds
[2025-05-31 11:05:29,631] {processor.py:163} INFO - Started process (PID=7271) to work on /home/airflow/.local/lib/python3.6/site-packages/airflow/example_dags/example_sla_dag.py
[2025-05-31 11:05:29,633] {processor.py:642} INFO - Processing file /home/airflow/.local/lib/python3.6/site-packages/airflow/example_dags/example_sla_dag.py for tasks to queue
[2025-05-31 11:05:29,634] {logging_mixin.py:109} INFO - [2025-05-31 11:05:29,634] {dagbag.py:500} INFO - Filling up the DagBag from /home/airflow/.local/lib/python3.6/site-packages/airflow/example_dags/example_sla_dag.py
[2025-05-31 11:05:29,679] {processor.py:654} INFO - DAG(s) dict_keys(['example_sla_dag']) retrieved from /home/airflow/.local/lib/python3.6/site-packages/airflow/example_dags/example_sla_dag.py
[2025-05-31 11:05:29,697] {logging_mixin.py:109} INFO - [2025-05-31 11:05:29,697] {dag.py:2396} INFO - Sync 1 DAGs
[2025-05-31 11:05:29,731] {logging_mixin.py:109} INFO - [2025-05-31 11:05:29,731] {dag.py:2935} INFO - Setting next_dagrun for example_sla_dag to 2025-05-31T11:02:00+00:00
[2025-05-31 11:05:29,744] {processor.py:171} INFO - Processing /home/airflow/.local/lib/python3.6/site-packages/airflow/example_dags/example_sla_dag.py took 0.117 seconds
[2025-05-31 11:06:04,926] {processor.py:163} INFO - Started process (PID=7466) to work on /home/airflow/.local/lib/python3.6/site-packages/airflow/example_dags/example_sla_dag.py
[2025-05-31 11:06:04,932] {processor.py:642} INFO - Processing file /home/airflow/.local/lib/python3.6/site-packages/airflow/example_dags/example_sla_dag.py for tasks to queue
[2025-05-31 11:06:04,934] {logging_mixin.py:109} INFO - [2025-05-31 11:06:04,934] {dagbag.py:500} INFO - Filling up the DagBag from /home/airflow/.local/lib/python3.6/site-packages/airflow/example_dags/example_sla_dag.py
[2025-05-31 11:06:05,028] {processor.py:654} INFO - DAG(s) dict_keys(['example_sla_dag']) retrieved from /home/airflow/.local/lib/python3.6/site-packages/airflow/example_dags/example_sla_dag.py
[2025-05-31 11:06:05,055] {logging_mixin.py:109} INFO - [2025-05-31 11:06:05,055] {dag.py:2396} INFO - Sync 1 DAGs
[2025-05-31 11:06:05,126] {logging_mixin.py:109} INFO - [2025-05-31 11:06:05,126] {dag.py:2935} INFO - Setting next_dagrun for example_sla_dag to 2025-05-31T11:04:00+00:00
[2025-05-31 11:06:05,150] {processor.py:171} INFO - Processing /home/airflow/.local/lib/python3.6/site-packages/airflow/example_dags/example_sla_dag.py took 0.234 seconds
[2025-05-31 11:06:35,947] {processor.py:163} INFO - Started process (PID=7646) to work on /home/airflow/.local/lib/python3.6/site-packages/airflow/example_dags/example_sla_dag.py
[2025-05-31 11:06:35,950] {processor.py:642} INFO - Processing file /home/airflow/.local/lib/python3.6/site-packages/airflow/example_dags/example_sla_dag.py for tasks to queue
[2025-05-31 11:06:35,952] {logging_mixin.py:109} INFO - [2025-05-31 11:06:35,951] {dagbag.py:500} INFO - Filling up the DagBag from /home/airflow/.local/lib/python3.6/site-packages/airflow/example_dags/example_sla_dag.py
[2025-05-31 11:06:36,015] {processor.py:654} INFO - DAG(s) dict_keys(['example_sla_dag']) retrieved from /home/airflow/.local/lib/python3.6/site-packages/airflow/example_dags/example_sla_dag.py
[2025-05-31 11:06:36,032] {logging_mixin.py:109} INFO - [2025-05-31 11:06:36,032] {dag.py:2396} INFO - Sync 1 DAGs
[2025-05-31 11:06:36,080] {logging_mixin.py:109} INFO - [2025-05-31 11:06:36,080] {dag.py:2935} INFO - Setting next_dagrun for example_sla_dag to 2025-05-31T11:04:00+00:00
[2025-05-31 11:06:36,099] {processor.py:171} INFO - Processing /home/airflow/.local/lib/python3.6/site-packages/airflow/example_dags/example_sla_dag.py took 0.159 seconds
[2025-05-31 11:07:06,471] {processor.py:163} INFO - Started process (PID=7826) to work on /home/airflow/.local/lib/python3.6/site-packages/airflow/example_dags/example_sla_dag.py
[2025-05-31 11:07:06,472] {processor.py:642} INFO - Processing file /home/airflow/.local/lib/python3.6/site-packages/airflow/example_dags/example_sla_dag.py for tasks to queue
[2025-05-31 11:07:06,474] {logging_mixin.py:109} INFO - [2025-05-31 11:07:06,473] {dagbag.py:500} INFO - Filling up the DagBag from /home/airflow/.local/lib/python3.6/site-packages/airflow/example_dags/example_sla_dag.py
[2025-05-31 11:07:06,517] {processor.py:654} INFO - DAG(s) dict_keys(['example_sla_dag']) retrieved from /home/airflow/.local/lib/python3.6/site-packages/airflow/example_dags/example_sla_dag.py
[2025-05-31 11:07:06,530] {logging_mixin.py:109} INFO - [2025-05-31 11:07:06,530] {dag.py:2396} INFO - Sync 1 DAGs
[2025-05-31 11:07:06,559] {logging_mixin.py:109} INFO - [2025-05-31 11:07:06,559] {dag.py:2935} INFO - Setting next_dagrun for example_sla_dag to 2025-05-31T11:04:00+00:00
[2025-05-31 11:07:06,577] {processor.py:171} INFO - Processing /home/airflow/.local/lib/python3.6/site-packages/airflow/example_dags/example_sla_dag.py took 0.112 seconds
[2025-05-31 11:07:37,210] {processor.py:163} INFO - Started process (PID=8015) to work on /home/airflow/.local/lib/python3.6/site-packages/airflow/example_dags/example_sla_dag.py
[2025-05-31 11:07:37,213] {processor.py:642} INFO - Processing file /home/airflow/.local/lib/python3.6/site-packages/airflow/example_dags/example_sla_dag.py for tasks to queue
[2025-05-31 11:07:37,215] {logging_mixin.py:109} INFO - [2025-05-31 11:07:37,214] {dagbag.py:500} INFO - Filling up the DagBag from /home/airflow/.local/lib/python3.6/site-packages/airflow/example_dags/example_sla_dag.py
[2025-05-31 11:07:37,281] {processor.py:654} INFO - DAG(s) dict_keys(['example_sla_dag']) retrieved from /home/airflow/.local/lib/python3.6/site-packages/airflow/example_dags/example_sla_dag.py
[2025-05-31 11:07:37,300] {logging_mixin.py:109} INFO - [2025-05-31 11:07:37,299] {dag.py:2396} INFO - Sync 1 DAGs
[2025-05-31 11:07:37,341] {logging_mixin.py:109} INFO - [2025-05-31 11:07:37,341] {dag.py:2935} INFO - Setting next_dagrun for example_sla_dag to 2025-05-31T11:04:00+00:00
[2025-05-31 11:07:37,357] {processor.py:171} INFO - Processing /home/airflow/.local/lib/python3.6/site-packages/airflow/example_dags/example_sla_dag.py took 0.153 seconds
[2025-05-31 11:08:07,548] {processor.py:163} INFO - Started process (PID=8196) to work on /home/airflow/.local/lib/python3.6/site-packages/airflow/example_dags/example_sla_dag.py
[2025-05-31 11:08:07,550] {processor.py:642} INFO - Processing file /home/airflow/.local/lib/python3.6/site-packages/airflow/example_dags/example_sla_dag.py for tasks to queue
[2025-05-31 11:08:07,551] {logging_mixin.py:109} INFO - [2025-05-31 11:08:07,551] {dagbag.py:500} INFO - Filling up the DagBag from /home/airflow/.local/lib/python3.6/site-packages/airflow/example_dags/example_sla_dag.py
[2025-05-31 11:08:07,600] {processor.py:654} INFO - DAG(s) dict_keys(['example_sla_dag']) retrieved from /home/airflow/.local/lib/python3.6/site-packages/airflow/example_dags/example_sla_dag.py
[2025-05-31 11:08:07,617] {logging_mixin.py:109} INFO - [2025-05-31 11:08:07,617] {dag.py:2396} INFO - Sync 1 DAGs
[2025-05-31 11:08:07,652] {logging_mixin.py:109} INFO - [2025-05-31 11:08:07,652] {dag.py:2935} INFO - Setting next_dagrun for example_sla_dag to 2025-05-31T11:06:00+00:00
[2025-05-31 11:08:07,664] {processor.py:171} INFO - Processing /home/airflow/.local/lib/python3.6/site-packages/airflow/example_dags/example_sla_dag.py took 0.120 seconds
[2025-05-31 11:08:38,318] {processor.py:163} INFO - Started process (PID=8376) to work on /home/airflow/.local/lib/python3.6/site-packages/airflow/example_dags/example_sla_dag.py
[2025-05-31 11:08:38,320] {processor.py:642} INFO - Processing file /home/airflow/.local/lib/python3.6/site-packages/airflow/example_dags/example_sla_dag.py for tasks to queue
[2025-05-31 11:08:38,321] {logging_mixin.py:109} INFO - [2025-05-31 11:08:38,321] {dagbag.py:500} INFO - Filling up the DagBag from /home/airflow/.local/lib/python3.6/site-packages/airflow/example_dags/example_sla_dag.py
[2025-05-31 11:08:38,366] {processor.py:654} INFO - DAG(s) dict_keys(['example_sla_dag']) retrieved from /home/airflow/.local/lib/python3.6/site-packages/airflow/example_dags/example_sla_dag.py
[2025-05-31 11:08:38,380] {logging_mixin.py:109} INFO - [2025-05-31 11:08:38,380] {dag.py:2396} INFO - Sync 1 DAGs
[2025-05-31 11:08:38,409] {logging_mixin.py:109} INFO - [2025-05-31 11:08:38,409] {dag.py:2935} INFO - Setting next_dagrun for example_sla_dag to 2025-05-31T11:06:00+00:00
[2025-05-31 11:08:38,425] {processor.py:171} INFO - Processing /home/airflow/.local/lib/python3.6/site-packages/airflow/example_dags/example_sla_dag.py took 0.111 seconds
[2025-05-31 11:09:09,448] {processor.py:163} INFO - Started process (PID=8566) to work on /home/airflow/.local/lib/python3.6/site-packages/airflow/example_dags/example_sla_dag.py
[2025-05-31 11:09:09,450] {processor.py:642} INFO - Processing file /home/airflow/.local/lib/python3.6/site-packages/airflow/example_dags/example_sla_dag.py for tasks to queue
[2025-05-31 11:09:09,451] {logging_mixin.py:109} INFO - [2025-05-31 11:09:09,451] {dagbag.py:500} INFO - Filling up the DagBag from /home/airflow/.local/lib/python3.6/site-packages/airflow/example_dags/example_sla_dag.py
[2025-05-31 11:09:09,505] {processor.py:654} INFO - DAG(s) dict_keys(['example_sla_dag']) retrieved from /home/airflow/.local/lib/python3.6/site-packages/airflow/example_dags/example_sla_dag.py
[2025-05-31 11:09:09,524] {logging_mixin.py:109} INFO - [2025-05-31 11:09:09,524] {dag.py:2396} INFO - Sync 1 DAGs
[2025-05-31 11:09:09,569] {logging_mixin.py:109} INFO - [2025-05-31 11:09:09,568] {dag.py:2935} INFO - Setting next_dagrun for example_sla_dag to 2025-05-31T11:06:00+00:00
[2025-05-31 11:09:09,587] {processor.py:171} INFO - Processing /home/airflow/.local/lib/python3.6/site-packages/airflow/example_dags/example_sla_dag.py took 0.145 seconds
[2025-05-31 11:09:40,128] {processor.py:163} INFO - Started process (PID=8745) to work on /home/airflow/.local/lib/python3.6/site-packages/airflow/example_dags/example_sla_dag.py
[2025-05-31 11:09:40,131] {processor.py:642} INFO - Processing file /home/airflow/.local/lib/python3.6/site-packages/airflow/example_dags/example_sla_dag.py for tasks to queue
[2025-05-31 11:09:40,133] {logging_mixin.py:109} INFO - [2025-05-31 11:09:40,133] {dagbag.py:500} INFO - Filling up the DagBag from /home/airflow/.local/lib/python3.6/site-packages/airflow/example_dags/example_sla_dag.py
[2025-05-31 11:09:40,195] {processor.py:654} INFO - DAG(s) dict_keys(['example_sla_dag']) retrieved from /home/airflow/.local/lib/python3.6/site-packages/airflow/example_dags/example_sla_dag.py
[2025-05-31 11:09:40,214] {logging_mixin.py:109} INFO - [2025-05-31 11:09:40,214] {dag.py:2396} INFO - Sync 1 DAGs
[2025-05-31 11:09:40,261] {logging_mixin.py:109} INFO - [2025-05-31 11:09:40,261] {dag.py:2935} INFO - Setting next_dagrun for example_sla_dag to 2025-05-31T11:06:00+00:00
[2025-05-31 11:09:40,275] {processor.py:171} INFO - Processing /home/airflow/.local/lib/python3.6/site-packages/airflow/example_dags/example_sla_dag.py took 0.153 seconds
[2025-05-31 11:10:10,931] {processor.py:163} INFO - Started process (PID=8925) to work on /home/airflow/.local/lib/python3.6/site-packages/airflow/example_dags/example_sla_dag.py
[2025-05-31 11:10:10,933] {processor.py:642} INFO - Processing file /home/airflow/.local/lib/python3.6/site-packages/airflow/example_dags/example_sla_dag.py for tasks to queue
[2025-05-31 11:10:10,934] {logging_mixin.py:109} INFO - [2025-05-31 11:10:10,934] {dagbag.py:500} INFO - Filling up the DagBag from /home/airflow/.local/lib/python3.6/site-packages/airflow/example_dags/example_sla_dag.py
[2025-05-31 11:10:10,981] {processor.py:654} INFO - DAG(s) dict_keys(['example_sla_dag']) retrieved from /home/airflow/.local/lib/python3.6/site-packages/airflow/example_dags/example_sla_dag.py
[2025-05-31 11:10:10,998] {logging_mixin.py:109} INFO - [2025-05-31 11:10:10,998] {dag.py:2396} INFO - Sync 1 DAGs
[2025-05-31 11:10:11,029] {logging_mixin.py:109} INFO - [2025-05-31 11:10:11,029] {dag.py:2935} INFO - Setting next_dagrun for example_sla_dag to 2025-05-31T11:08:00+00:00
[2025-05-31 11:10:11,131] {processor.py:171} INFO - Processing /home/airflow/.local/lib/python3.6/site-packages/airflow/example_dags/example_sla_dag.py took 0.205 seconds
[2025-05-31 11:10:42,770] {processor.py:163} INFO - Started process (PID=9115) to work on /home/airflow/.local/lib/python3.6/site-packages/airflow/example_dags/example_sla_dag.py
[2025-05-31 11:10:42,775] {processor.py:642} INFO - Processing file /home/airflow/.local/lib/python3.6/site-packages/airflow/example_dags/example_sla_dag.py for tasks to queue
[2025-05-31 11:10:42,777] {logging_mixin.py:109} INFO - [2025-05-31 11:10:42,777] {dagbag.py:500} INFO - Filling up the DagBag from /home/airflow/.local/lib/python3.6/site-packages/airflow/example_dags/example_sla_dag.py
[2025-05-31 11:10:42,867] {processor.py:654} INFO - DAG(s) dict_keys(['example_sla_dag']) retrieved from /home/airflow/.local/lib/python3.6/site-packages/airflow/example_dags/example_sla_dag.py
[2025-05-31 11:10:42,960] {logging_mixin.py:109} INFO - [2025-05-31 11:10:42,960] {dag.py:2396} INFO - Sync 1 DAGs
[2025-05-31 11:10:43,047] {logging_mixin.py:109} INFO - [2025-05-31 11:10:43,047] {dag.py:2935} INFO - Setting next_dagrun for example_sla_dag to 2025-05-31T11:08:00+00:00
[2025-05-31 11:10:43,247] {processor.py:171} INFO - Processing /home/airflow/.local/lib/python3.6/site-packages/airflow/example_dags/example_sla_dag.py took 0.490 seconds
[2025-05-31 11:11:14,834] {processor.py:163} INFO - Started process (PID=9300) to work on /home/airflow/.local/lib/python3.6/site-packages/airflow/example_dags/example_sla_dag.py
[2025-05-31 11:11:14,837] {processor.py:642} INFO - Processing file /home/airflow/.local/lib/python3.6/site-packages/airflow/example_dags/example_sla_dag.py for tasks to queue
[2025-05-31 11:11:14,838] {logging_mixin.py:109} INFO - [2025-05-31 11:11:14,838] {dagbag.py:500} INFO - Filling up the DagBag from /home/airflow/.local/lib/python3.6/site-packages/airflow/example_dags/example_sla_dag.py
[2025-05-31 11:11:14,892] {processor.py:654} INFO - DAG(s) dict_keys(['example_sla_dag']) retrieved from /home/airflow/.local/lib/python3.6/site-packages/airflow/example_dags/example_sla_dag.py
[2025-05-31 11:11:14,910] {logging_mixin.py:109} INFO - [2025-05-31 11:11:14,910] {dag.py:2396} INFO - Sync 1 DAGs
[2025-05-31 11:11:15,043] {logging_mixin.py:109} INFO - [2025-05-31 11:11:15,042] {dag.py:2935} INFO - Setting next_dagrun for example_sla_dag to 2025-05-31T11:08:00+00:00
[2025-05-31 11:11:15,058] {processor.py:171} INFO - Processing /home/airflow/.local/lib/python3.6/site-packages/airflow/example_dags/example_sla_dag.py took 0.228 seconds
[2025-05-31 11:11:45,416] {processor.py:163} INFO - Started process (PID=9480) to work on /home/airflow/.local/lib/python3.6/site-packages/airflow/example_dags/example_sla_dag.py
[2025-05-31 11:11:45,418] {processor.py:642} INFO - Processing file /home/airflow/.local/lib/python3.6/site-packages/airflow/example_dags/example_sla_dag.py for tasks to queue
[2025-05-31 11:11:45,420] {logging_mixin.py:109} INFO - [2025-05-31 11:11:45,420] {dagbag.py:500} INFO - Filling up the DagBag from /home/airflow/.local/lib/python3.6/site-packages/airflow/example_dags/example_sla_dag.py
[2025-05-31 11:11:45,474] {processor.py:654} INFO - DAG(s) dict_keys(['example_sla_dag']) retrieved from /home/airflow/.local/lib/python3.6/site-packages/airflow/example_dags/example_sla_dag.py
[2025-05-31 11:11:45,491] {logging_mixin.py:109} INFO - [2025-05-31 11:11:45,491] {dag.py:2396} INFO - Sync 1 DAGs
[2025-05-31 11:11:45,617] {logging_mixin.py:109} INFO - [2025-05-31 11:11:45,617] {dag.py:2935} INFO - Setting next_dagrun for example_sla_dag to 2025-05-31T11:08:00+00:00
[2025-05-31 11:11:45,631] {processor.py:171} INFO - Processing /home/airflow/.local/lib/python3.6/site-packages/airflow/example_dags/example_sla_dag.py took 0.220 seconds
[2025-05-31 11:12:16,845] {processor.py:163} INFO - Started process (PID=9675) to work on /home/airflow/.local/lib/python3.6/site-packages/airflow/example_dags/example_sla_dag.py
[2025-05-31 11:12:16,848] {processor.py:642} INFO - Processing file /home/airflow/.local/lib/python3.6/site-packages/airflow/example_dags/example_sla_dag.py for tasks to queue
[2025-05-31 11:12:16,849] {logging_mixin.py:109} INFO - [2025-05-31 11:12:16,849] {dagbag.py:500} INFO - Filling up the DagBag from /home/airflow/.local/lib/python3.6/site-packages/airflow/example_dags/example_sla_dag.py
[2025-05-31 11:12:16,906] {processor.py:654} INFO - DAG(s) dict_keys(['example_sla_dag']) retrieved from /home/airflow/.local/lib/python3.6/site-packages/airflow/example_dags/example_sla_dag.py
[2025-05-31 11:12:17,035] {logging_mixin.py:109} INFO - [2025-05-31 11:12:17,035] {dag.py:2396} INFO - Sync 1 DAGs
[2025-05-31 11:12:17,064] {logging_mixin.py:109} INFO - [2025-05-31 11:12:17,064] {dag.py:2935} INFO - Setting next_dagrun for example_sla_dag to 2025-05-31T11:10:00+00:00
[2025-05-31 11:12:17,078] {processor.py:171} INFO - Processing /home/airflow/.local/lib/python3.6/site-packages/airflow/example_dags/example_sla_dag.py took 0.240 seconds
[2025-05-31 11:12:48,449] {processor.py:163} INFO - Started process (PID=9855) to work on /home/airflow/.local/lib/python3.6/site-packages/airflow/example_dags/example_sla_dag.py
[2025-05-31 11:12:48,092] {processor.py:642} INFO - Processing file /home/airflow/.local/lib/python3.6/site-packages/airflow/example_dags/example_sla_dag.py for tasks to queue
[2025-05-31 11:12:48,094] {logging_mixin.py:109} INFO - [2025-05-31 11:12:48,093] {dagbag.py:500} INFO - Filling up the DagBag from /home/airflow/.local/lib/python3.6/site-packages/airflow/example_dags/example_sla_dag.py
[2025-05-31 11:12:47,748] {processor.py:654} INFO - DAG(s) dict_keys(['example_sla_dag']) retrieved from /home/airflow/.local/lib/python3.6/site-packages/airflow/example_dags/example_sla_dag.py
[2025-05-31 11:12:47,867] {logging_mixin.py:109} INFO - [2025-05-31 11:12:47,866] {dag.py:2396} INFO - Sync 1 DAGs
[2025-05-31 11:12:47,894] {logging_mixin.py:109} INFO - [2025-05-31 11:12:47,894] {dag.py:2935} INFO - Setting next_dagrun for example_sla_dag to 2025-05-31T11:10:00+00:00
[2025-05-31 11:12:47,907] {processor.py:171} INFO - Processing /home/airflow/.local/lib/python3.6/site-packages/airflow/example_dags/example_sla_dag.py took 0.234 seconds
[2025-05-31 11:13:18,100] {processor.py:163} INFO - Started process (PID=10020) to work on /home/airflow/.local/lib/python3.6/site-packages/airflow/example_dags/example_sla_dag.py
[2025-05-31 11:13:18,102] {processor.py:642} INFO - Processing file /home/airflow/.local/lib/python3.6/site-packages/airflow/example_dags/example_sla_dag.py for tasks to queue
[2025-05-31 11:13:18,103] {logging_mixin.py:109} INFO - [2025-05-31 11:13:18,103] {dagbag.py:500} INFO - Filling up the DagBag from /home/airflow/.local/lib/python3.6/site-packages/airflow/example_dags/example_sla_dag.py
[2025-05-31 11:13:18,331] {processor.py:654} INFO - DAG(s) dict_keys(['example_sla_dag']) retrieved from /home/airflow/.local/lib/python3.6/site-packages/airflow/example_dags/example_sla_dag.py
[2025-05-31 11:13:18,346] {logging_mixin.py:109} INFO - [2025-05-31 11:13:18,346] {dag.py:2396} INFO - Sync 1 DAGs
[2025-05-31 11:13:18,375] {logging_mixin.py:109} INFO - [2025-05-31 11:13:18,375] {dag.py:2935} INFO - Setting next_dagrun for example_sla_dag to 2025-05-31T11:10:00+00:00
[2025-05-31 11:13:18,388] {processor.py:171} INFO - Processing /home/airflow/.local/lib/python3.6/site-packages/airflow/example_dags/example_sla_dag.py took 0.293 seconds
[2025-05-31 11:13:49,930] {processor.py:163} INFO - Started process (PID=10210) to work on /home/airflow/.local/lib/python3.6/site-packages/airflow/example_dags/example_sla_dag.py
[2025-05-31 11:13:49,934] {processor.py:642} INFO - Processing file /home/airflow/.local/lib/python3.6/site-packages/airflow/example_dags/example_sla_dag.py for tasks to queue
[2025-05-31 11:13:49,936] {logging_mixin.py:109} INFO - [2025-05-31 11:13:49,936] {dagbag.py:500} INFO - Filling up the DagBag from /home/airflow/.local/lib/python3.6/site-packages/airflow/example_dags/example_sla_dag.py
[2025-05-31 11:13:50,166] {processor.py:654} INFO - DAG(s) dict_keys(['example_sla_dag']) retrieved from /home/airflow/.local/lib/python3.6/site-packages/airflow/example_dags/example_sla_dag.py
[2025-05-31 11:13:50,182] {logging_mixin.py:109} INFO - [2025-05-31 11:13:50,182] {dag.py:2396} INFO - Sync 1 DAGs
[2025-05-31 11:13:50,216] {logging_mixin.py:109} INFO - [2025-05-31 11:13:50,216] {dag.py:2935} INFO - Setting next_dagrun for example_sla_dag to 2025-05-31T11:10:00+00:00
[2025-05-31 11:13:50,232] {processor.py:171} INFO - Processing /home/airflow/.local/lib/python3.6/site-packages/airflow/example_dags/example_sla_dag.py took 0.309 seconds
[2025-05-31 11:14:20,838] {processor.py:163} INFO - Started process (PID=10395) to work on /home/airflow/.local/lib/python3.6/site-packages/airflow/example_dags/example_sla_dag.py
[2025-05-31 11:14:20,840] {processor.py:642} INFO - Processing file /home/airflow/.local/lib/python3.6/site-packages/airflow/example_dags/example_sla_dag.py for tasks to queue
[2025-05-31 11:14:20,842] {logging_mixin.py:109} INFO - [2025-05-31 11:14:20,841] {dagbag.py:500} INFO - Filling up the DagBag from /home/airflow/.local/lib/python3.6/site-packages/airflow/example_dags/example_sla_dag.py
[2025-05-31 11:14:21,000] {processor.py:654} INFO - DAG(s) dict_keys(['example_sla_dag']) retrieved from /home/airflow/.local/lib/python3.6/site-packages/airflow/example_dags/example_sla_dag.py
[2025-05-31 11:14:21,013] {logging_mixin.py:109} INFO - [2025-05-31 11:14:21,012] {dag.py:2396} INFO - Sync 1 DAGs
[2025-05-31 11:14:21,038] {logging_mixin.py:109} INFO - [2025-05-31 11:14:21,038] {dag.py:2935} INFO - Setting next_dagrun for example_sla_dag to 2025-05-31T11:12:00+00:00
[2025-05-31 11:14:21,050] {processor.py:171} INFO - Processing /home/airflow/.local/lib/python3.6/site-packages/airflow/example_dags/example_sla_dag.py took 0.218 seconds
[2025-05-31 11:14:52,223] {processor.py:163} INFO - Started process (PID=10585) to work on /home/airflow/.local/lib/python3.6/site-packages/airflow/example_dags/example_sla_dag.py
[2025-05-31 11:14:52,227] {processor.py:642} INFO - Processing file /home/airflow/.local/lib/python3.6/site-packages/airflow/example_dags/example_sla_dag.py for tasks to queue
[2025-05-31 11:14:52,229] {logging_mixin.py:109} INFO - [2025-05-31 11:14:52,229] {dagbag.py:500} INFO - Filling up the DagBag from /home/airflow/.local/lib/python3.6/site-packages/airflow/example_dags/example_sla_dag.py
[2025-05-31 11:14:52,440] {processor.py:654} INFO - DAG(s) dict_keys(['example_sla_dag']) retrieved from /home/airflow/.local/lib/python3.6/site-packages/airflow/example_dags/example_sla_dag.py
[2025-05-31 11:14:52,461] {logging_mixin.py:109} INFO - [2025-05-31 11:14:52,461] {dag.py:2396} INFO - Sync 1 DAGs
[2025-05-31 11:14:52,501] {logging_mixin.py:109} INFO - [2025-05-31 11:14:52,501] {dag.py:2935} INFO - Setting next_dagrun for example_sla_dag to 2025-05-31T11:12:00+00:00
[2025-05-31 11:14:52,518] {processor.py:171} INFO - Processing /home/airflow/.local/lib/python3.6/site-packages/airflow/example_dags/example_sla_dag.py took 0.302 seconds
[2025-05-31 11:15:24,062] {processor.py:163} INFO - Started process (PID=10774) to work on /home/airflow/.local/lib/python3.6/site-packages/airflow/example_dags/example_sla_dag.py
[2025-05-31 11:15:24,064] {processor.py:642} INFO - Processing file /home/airflow/.local/lib/python3.6/site-packages/airflow/example_dags/example_sla_dag.py for tasks to queue
[2025-05-31 11:15:24,064] {logging_mixin.py:109} INFO - [2025-05-31 11:15:24,064] {dagbag.py:500} INFO - Filling up the DagBag from /home/airflow/.local/lib/python3.6/site-packages/airflow/example_dags/example_sla_dag.py
[2025-05-31 11:15:24,201] {processor.py:654} INFO - DAG(s) dict_keys(['example_sla_dag']) retrieved from /home/airflow/.local/lib/python3.6/site-packages/airflow/example_dags/example_sla_dag.py
[2025-05-31 11:15:24,214] {logging_mixin.py:109} INFO - [2025-05-31 11:15:24,213] {dag.py:2396} INFO - Sync 1 DAGs
[2025-05-31 11:15:24,248] {logging_mixin.py:109} INFO - [2025-05-31 11:15:24,248] {dag.py:2935} INFO - Setting next_dagrun for example_sla_dag to 2025-05-31T11:12:00+00:00
[2025-05-31 11:15:24,267] {processor.py:171} INFO - Processing /home/airflow/.local/lib/python3.6/site-packages/airflow/example_dags/example_sla_dag.py took 0.210 seconds
[2025-05-31 11:15:54,914] {processor.py:163} INFO - Started process (PID=10976) to work on /home/airflow/.local/lib/python3.6/site-packages/airflow/example_dags/example_sla_dag.py
[2025-05-31 11:15:54,917] {processor.py:642} INFO - Processing file /home/airflow/.local/lib/python3.6/site-packages/airflow/example_dags/example_sla_dag.py for tasks to queue
[2025-05-31 11:15:54,918] {logging_mixin.py:109} INFO - [2025-05-31 11:15:54,918] {dagbag.py:500} INFO - Filling up the DagBag from /home/airflow/.local/lib/python3.6/site-packages/airflow/example_dags/example_sla_dag.py
[2025-05-31 11:15:54,968] {processor.py:654} INFO - DAG(s) dict_keys(['example_sla_dag']) retrieved from /home/airflow/.local/lib/python3.6/site-packages/airflow/example_dags/example_sla_dag.py
[2025-05-31 11:15:54,982] {logging_mixin.py:109} INFO - [2025-05-31 11:15:54,982] {dag.py:2396} INFO - Sync 1 DAGs
[2025-05-31 11:15:55,012] {logging_mixin.py:109} INFO - [2025-05-31 11:15:55,012] {dag.py:2935} INFO - Setting next_dagrun for example_sla_dag to 2025-05-31T11:12:00+00:00
[2025-05-31 11:15:55,028] {processor.py:171} INFO - Processing /home/airflow/.local/lib/python3.6/site-packages/airflow/example_dags/example_sla_dag.py took 0.120 seconds
[2025-05-31 11:16:25,956] {processor.py:163} INFO - Started process (PID=11184) to work on /home/airflow/.local/lib/python3.6/site-packages/airflow/example_dags/example_sla_dag.py
[2025-05-31 11:16:25,958] {processor.py:642} INFO - Processing file /home/airflow/.local/lib/python3.6/site-packages/airflow/example_dags/example_sla_dag.py for tasks to queue
[2025-05-31 11:16:25,960] {logging_mixin.py:109} INFO - [2025-05-31 11:16:25,960] {dagbag.py:500} INFO - Filling up the DagBag from /home/airflow/.local/lib/python3.6/site-packages/airflow/example_dags/example_sla_dag.py
[2025-05-31 11:16:26,011] {processor.py:654} INFO - DAG(s) dict_keys(['example_sla_dag']) retrieved from /home/airflow/.local/lib/python3.6/site-packages/airflow/example_dags/example_sla_dag.py
[2025-05-31 11:16:26,026] {logging_mixin.py:109} INFO - [2025-05-31 11:16:26,026] {dag.py:2396} INFO - Sync 1 DAGs
[2025-05-31 11:16:26,062] {logging_mixin.py:109} INFO - [2025-05-31 11:16:26,062] {dag.py:2935} INFO - Setting next_dagrun for example_sla_dag to 2025-05-31T11:14:00+00:00
[2025-05-31 11:16:26,079] {processor.py:171} INFO - Processing /home/airflow/.local/lib/python3.6/site-packages/airflow/example_dags/example_sla_dag.py took 0.129 seconds
[2025-05-31 11:16:56,964] {processor.py:163} INFO - Started process (PID=11379) to work on /home/airflow/.local/lib/python3.6/site-packages/airflow/example_dags/example_sla_dag.py
[2025-05-31 11:16:56,966] {processor.py:642} INFO - Processing file /home/airflow/.local/lib/python3.6/site-packages/airflow/example_dags/example_sla_dag.py for tasks to queue
[2025-05-31 11:16:56,967] {logging_mixin.py:109} INFO - [2025-05-31 11:16:56,967] {dagbag.py:500} INFO - Filling up the DagBag from /home/airflow/.local/lib/python3.6/site-packages/airflow/example_dags/example_sla_dag.py
[2025-05-31 11:16:57,016] {processor.py:654} INFO - DAG(s) dict_keys(['example_sla_dag']) retrieved from /home/airflow/.local/lib/python3.6/site-packages/airflow/example_dags/example_sla_dag.py
[2025-05-31 11:16:57,031] {logging_mixin.py:109} INFO - [2025-05-31 11:16:57,031] {dag.py:2396} INFO - Sync 1 DAGs
[2025-05-31 11:16:57,063] {logging_mixin.py:109} INFO - [2025-05-31 11:16:57,063] {dag.py:2935} INFO - Setting next_dagrun for example_sla_dag to 2025-05-31T11:14:00+00:00
[2025-05-31 11:16:57,080] {processor.py:171} INFO - Processing /home/airflow/.local/lib/python3.6/site-packages/airflow/example_dags/example_sla_dag.py took 0.124 seconds
[2025-05-31 11:17:27,346] {processor.py:163} INFO - Started process (PID=11564) to work on /home/airflow/.local/lib/python3.6/site-packages/airflow/example_dags/example_sla_dag.py
[2025-05-31 11:17:27,349] {processor.py:642} INFO - Processing file /home/airflow/.local/lib/python3.6/site-packages/airflow/example_dags/example_sla_dag.py for tasks to queue
[2025-05-31 11:17:27,350] {logging_mixin.py:109} INFO - [2025-05-31 11:17:27,350] {dagbag.py:500} INFO - Filling up the DagBag from /home/airflow/.local/lib/python3.6/site-packages/airflow/example_dags/example_sla_dag.py
[2025-05-31 11:17:27,410] {processor.py:654} INFO - DAG(s) dict_keys(['example_sla_dag']) retrieved from /home/airflow/.local/lib/python3.6/site-packages/airflow/example_dags/example_sla_dag.py
[2025-05-31 11:17:27,426] {logging_mixin.py:109} INFO - [2025-05-31 11:17:27,426] {dag.py:2396} INFO - Sync 1 DAGs
[2025-05-31 11:17:27,460] {logging_mixin.py:109} INFO - [2025-05-31 11:17:27,460] {dag.py:2935} INFO - Setting next_dagrun for example_sla_dag to 2025-05-31T11:14:00+00:00
[2025-05-31 11:17:27,474] {processor.py:171} INFO - Processing /home/airflow/.local/lib/python3.6/site-packages/airflow/example_dags/example_sla_dag.py took 0.135 seconds
[2025-05-31 11:17:58,379] {processor.py:163} INFO - Started process (PID=11749) to work on /home/airflow/.local/lib/python3.6/site-packages/airflow/example_dags/example_sla_dag.py
[2025-05-31 11:17:58,382] {processor.py:642} INFO - Processing file /home/airflow/.local/lib/python3.6/site-packages/airflow/example_dags/example_sla_dag.py for tasks to queue
[2025-05-31 11:17:58,384] {logging_mixin.py:109} INFO - [2025-05-31 11:17:58,384] {dagbag.py:500} INFO - Filling up the DagBag from /home/airflow/.local/lib/python3.6/site-packages/airflow/example_dags/example_sla_dag.py
[2025-05-31 11:17:58,467] {processor.py:654} INFO - DAG(s) dict_keys(['example_sla_dag']) retrieved from /home/airflow/.local/lib/python3.6/site-packages/airflow/example_dags/example_sla_dag.py
[2025-05-31 11:17:58,494] {logging_mixin.py:109} INFO - [2025-05-31 11:17:58,493] {dag.py:2396} INFO - Sync 1 DAGs
[2025-05-31 11:17:58,549] {logging_mixin.py:109} INFO - [2025-05-31 11:17:58,549] {dag.py:2935} INFO - Setting next_dagrun for example_sla_dag to 2025-05-31T11:14:00+00:00
[2025-05-31 11:17:58,571] {processor.py:171} INFO - Processing /home/airflow/.local/lib/python3.6/site-packages/airflow/example_dags/example_sla_dag.py took 0.200 seconds
[2025-05-31 11:18:28,900] {processor.py:163} INFO - Started process (PID=11944) to work on /home/airflow/.local/lib/python3.6/site-packages/airflow/example_dags/example_sla_dag.py
[2025-05-31 11:18:28,902] {processor.py:642} INFO - Processing file /home/airflow/.local/lib/python3.6/site-packages/airflow/example_dags/example_sla_dag.py for tasks to queue
[2025-05-31 11:18:28,903] {logging_mixin.py:109} INFO - [2025-05-31 11:18:28,903] {dagbag.py:500} INFO - Filling up the DagBag from /home/airflow/.local/lib/python3.6/site-packages/airflow/example_dags/example_sla_dag.py
[2025-05-31 11:18:28,953] {processor.py:654} INFO - DAG(s) dict_keys(['example_sla_dag']) retrieved from /home/airflow/.local/lib/python3.6/site-packages/airflow/example_dags/example_sla_dag.py
[2025-05-31 11:18:28,969] {logging_mixin.py:109} INFO - [2025-05-31 11:18:28,969] {dag.py:2396} INFO - Sync 1 DAGs
[2025-05-31 11:18:29,004] {logging_mixin.py:109} INFO - [2025-05-31 11:18:29,003] {dag.py:2935} INFO - Setting next_dagrun for example_sla_dag to 2025-05-31T11:16:00+00:00
[2025-05-31 11:18:29,019] {processor.py:171} INFO - Processing /home/airflow/.local/lib/python3.6/site-packages/airflow/example_dags/example_sla_dag.py took 0.125 seconds
[2025-05-31 11:19:00,425] {processor.py:163} INFO - Started process (PID=12129) to work on /home/airflow/.local/lib/python3.6/site-packages/airflow/example_dags/example_sla_dag.py
[2025-05-31 11:19:00,427] {processor.py:642} INFO - Processing file /home/airflow/.local/lib/python3.6/site-packages/airflow/example_dags/example_sla_dag.py for tasks to queue
[2025-05-31 11:19:00,428] {logging_mixin.py:109} INFO - [2025-05-31 11:19:00,428] {dagbag.py:500} INFO - Filling up the DagBag from /home/airflow/.local/lib/python3.6/site-packages/airflow/example_dags/example_sla_dag.py
[2025-05-31 11:19:00,492] {processor.py:654} INFO - DAG(s) dict_keys(['example_sla_dag']) retrieved from /home/airflow/.local/lib/python3.6/site-packages/airflow/example_dags/example_sla_dag.py
[2025-05-31 11:19:00,514] {logging_mixin.py:109} INFO - [2025-05-31 11:19:00,513] {dag.py:2396} INFO - Sync 1 DAGs
[2025-05-31 11:19:00,564] {logging_mixin.py:109} INFO - [2025-05-31 11:19:00,564] {dag.py:2935} INFO - Setting next_dagrun for example_sla_dag to 2025-05-31T11:16:00+00:00
[2025-05-31 11:19:00,583] {processor.py:171} INFO - Processing /home/airflow/.local/lib/python3.6/site-packages/airflow/example_dags/example_sla_dag.py took 0.164 seconds
[2025-05-31 11:19:31,161] {processor.py:163} INFO - Started process (PID=12316) to work on /home/airflow/.local/lib/python3.6/site-packages/airflow/example_dags/example_sla_dag.py
[2025-05-31 11:19:31,165] {processor.py:642} INFO - Processing file /home/airflow/.local/lib/python3.6/site-packages/airflow/example_dags/example_sla_dag.py for tasks to queue
[2025-05-31 11:19:31,167] {logging_mixin.py:109} INFO - [2025-05-31 11:19:31,167] {dagbag.py:500} INFO - Filling up the DagBag from /home/airflow/.local/lib/python3.6/site-packages/airflow/example_dags/example_sla_dag.py
[2025-05-31 11:19:31,245] {processor.py:654} INFO - DAG(s) dict_keys(['example_sla_dag']) retrieved from /home/airflow/.local/lib/python3.6/site-packages/airflow/example_dags/example_sla_dag.py
[2025-05-31 11:19:31,261] {logging_mixin.py:109} INFO - [2025-05-31 11:19:31,261] {dag.py:2396} INFO - Sync 1 DAGs
[2025-05-31 11:19:31,292] {logging_mixin.py:109} INFO - [2025-05-31 11:19:31,292] {dag.py:2935} INFO - Setting next_dagrun for example_sla_dag to 2025-05-31T11:16:00+00:00
[2025-05-31 11:19:31,307] {processor.py:171} INFO - Processing /home/airflow/.local/lib/python3.6/site-packages/airflow/example_dags/example_sla_dag.py took 0.161 seconds
[2025-05-31 11:20:02,004] {processor.py:163} INFO - Started process (PID=12511) to work on /home/airflow/.local/lib/python3.6/site-packages/airflow/example_dags/example_sla_dag.py
[2025-05-31 11:20:02,005] {processor.py:642} INFO - Processing file /home/airflow/.local/lib/python3.6/site-packages/airflow/example_dags/example_sla_dag.py for tasks to queue
[2025-05-31 11:20:02,007] {logging_mixin.py:109} INFO - [2025-05-31 11:20:02,007] {dagbag.py:500} INFO - Filling up the DagBag from /home/airflow/.local/lib/python3.6/site-packages/airflow/example_dags/example_sla_dag.py
[2025-05-31 11:20:02,055] {processor.py:654} INFO - DAG(s) dict_keys(['example_sla_dag']) retrieved from /home/airflow/.local/lib/python3.6/site-packages/airflow/example_dags/example_sla_dag.py
[2025-05-31 11:20:02,073] {logging_mixin.py:109} INFO - [2025-05-31 11:20:02,073] {dag.py:2396} INFO - Sync 1 DAGs
[2025-05-31 11:20:02,102] {logging_mixin.py:109} INFO - [2025-05-31 11:20:02,102] {dag.py:2935} INFO - Setting next_dagrun for example_sla_dag to 2025-05-31T11:18:00+00:00
[2025-05-31 11:20:02,116] {processor.py:171} INFO - Processing /home/airflow/.local/lib/python3.6/site-packages/airflow/example_dags/example_sla_dag.py took 0.117 seconds
[2025-05-31 11:20:32,812] {processor.py:163} INFO - Started process (PID=12696) to work on /home/airflow/.local/lib/python3.6/site-packages/airflow/example_dags/example_sla_dag.py
[2025-05-31 11:20:32,814] {processor.py:642} INFO - Processing file /home/airflow/.local/lib/python3.6/site-packages/airflow/example_dags/example_sla_dag.py for tasks to queue
[2025-05-31 11:20:32,815] {logging_mixin.py:109} INFO - [2025-05-31 11:20:32,815] {dagbag.py:500} INFO - Filling up the DagBag from /home/airflow/.local/lib/python3.6/site-packages/airflow/example_dags/example_sla_dag.py
[2025-05-31 11:20:32,879] {processor.py:654} INFO - DAG(s) dict_keys(['example_sla_dag']) retrieved from /home/airflow/.local/lib/python3.6/site-packages/airflow/example_dags/example_sla_dag.py
[2025-05-31 11:20:32,906] {logging_mixin.py:109} INFO - [2025-05-31 11:20:32,906] {dag.py:2396} INFO - Sync 1 DAGs
[2025-05-31 11:20:32,959] {logging_mixin.py:109} INFO - [2025-05-31 11:20:32,959] {dag.py:2935} INFO - Setting next_dagrun for example_sla_dag to 2025-05-31T11:18:00+00:00
[2025-05-31 11:20:32,979] {processor.py:171} INFO - Processing /home/airflow/.local/lib/python3.6/site-packages/airflow/example_dags/example_sla_dag.py took 0.172 seconds
[2025-05-31 11:21:03,163] {processor.py:163} INFO - Started process (PID=12879) to work on /home/airflow/.local/lib/python3.6/site-packages/airflow/example_dags/example_sla_dag.py
[2025-05-31 11:21:03,166] {processor.py:642} INFO - Processing file /home/airflow/.local/lib/python3.6/site-packages/airflow/example_dags/example_sla_dag.py for tasks to queue
[2025-05-31 11:21:03,167] {logging_mixin.py:109} INFO - [2025-05-31 11:21:03,167] {dagbag.py:500} INFO - Filling up the DagBag from /home/airflow/.local/lib/python3.6/site-packages/airflow/example_dags/example_sla_dag.py
[2025-05-31 11:21:03,222] {processor.py:654} INFO - DAG(s) dict_keys(['example_sla_dag']) retrieved from /home/airflow/.local/lib/python3.6/site-packages/airflow/example_dags/example_sla_dag.py
[2025-05-31 11:21:03,239] {logging_mixin.py:109} INFO - [2025-05-31 11:21:03,239] {dag.py:2396} INFO - Sync 1 DAGs
[2025-05-31 11:21:03,273] {logging_mixin.py:109} INFO - [2025-05-31 11:21:03,273] {dag.py:2935} INFO - Setting next_dagrun for example_sla_dag to 2025-05-31T11:18:00+00:00
[2025-05-31 11:21:03,289] {processor.py:171} INFO - Processing /home/airflow/.local/lib/python3.6/site-packages/airflow/example_dags/example_sla_dag.py took 0.134 seconds
[2025-05-31 11:21:33,719] {processor.py:163} INFO - Started process (PID=13074) to work on /home/airflow/.local/lib/python3.6/site-packages/airflow/example_dags/example_sla_dag.py
[2025-05-31 11:21:33,721] {processor.py:642} INFO - Processing file /home/airflow/.local/lib/python3.6/site-packages/airflow/example_dags/example_sla_dag.py for tasks to queue
[2025-05-31 11:21:33,722] {logging_mixin.py:109} INFO - [2025-05-31 11:21:33,722] {dagbag.py:500} INFO - Filling up the DagBag from /home/airflow/.local/lib/python3.6/site-packages/airflow/example_dags/example_sla_dag.py
[2025-05-31 11:21:33,776] {processor.py:654} INFO - DAG(s) dict_keys(['example_sla_dag']) retrieved from /home/airflow/.local/lib/python3.6/site-packages/airflow/example_dags/example_sla_dag.py
[2025-05-31 11:21:33,796] {logging_mixin.py:109} INFO - [2025-05-31 11:21:33,796] {dag.py:2396} INFO - Sync 1 DAGs
[2025-05-31 11:21:33,837] {logging_mixin.py:109} INFO - [2025-05-31 11:21:33,837] {dag.py:2935} INFO - Setting next_dagrun for example_sla_dag to 2025-05-31T11:18:00+00:00
[2025-05-31 11:21:33,851] {processor.py:171} INFO - Processing /home/airflow/.local/lib/python3.6/site-packages/airflow/example_dags/example_sla_dag.py took 0.136 seconds
[2025-05-31 11:22:04,754] {processor.py:163} INFO - Started process (PID=13261) to work on /home/airflow/.local/lib/python3.6/site-packages/airflow/example_dags/example_sla_dag.py
[2025-05-31 11:22:04,756] {processor.py:642} INFO - Processing file /home/airflow/.local/lib/python3.6/site-packages/airflow/example_dags/example_sla_dag.py for tasks to queue
[2025-05-31 11:22:04,757] {logging_mixin.py:109} INFO - [2025-05-31 11:22:04,757] {dagbag.py:500} INFO - Filling up the DagBag from /home/airflow/.local/lib/python3.6/site-packages/airflow/example_dags/example_sla_dag.py
[2025-05-31 11:22:04,797] {processor.py:654} INFO - DAG(s) dict_keys(['example_sla_dag']) retrieved from /home/airflow/.local/lib/python3.6/site-packages/airflow/example_dags/example_sla_dag.py
[2025-05-31 11:22:04,809] {logging_mixin.py:109} INFO - [2025-05-31 11:22:04,809] {dag.py:2396} INFO - Sync 1 DAGs
[2025-05-31 11:22:04,836] {logging_mixin.py:109} INFO - [2025-05-31 11:22:04,836] {dag.py:2935} INFO - Setting next_dagrun for example_sla_dag to 2025-05-31T11:20:00+00:00
[2025-05-31 11:22:04,848] {processor.py:171} INFO - Processing /home/airflow/.local/lib/python3.6/site-packages/airflow/example_dags/example_sla_dag.py took 0.098 seconds
[2025-05-31 11:22:35,293] {processor.py:163} INFO - Started process (PID=13456) to work on /home/airflow/.local/lib/python3.6/site-packages/airflow/example_dags/example_sla_dag.py
[2025-05-31 11:22:35,295] {processor.py:642} INFO - Processing file /home/airflow/.local/lib/python3.6/site-packages/airflow/example_dags/example_sla_dag.py for tasks to queue
[2025-05-31 11:22:35,296] {logging_mixin.py:109} INFO - [2025-05-31 11:22:35,296] {dagbag.py:500} INFO - Filling up the DagBag from /home/airflow/.local/lib/python3.6/site-packages/airflow/example_dags/example_sla_dag.py
[2025-05-31 11:22:35,340] {processor.py:654} INFO - DAG(s) dict_keys(['example_sla_dag']) retrieved from /home/airflow/.local/lib/python3.6/site-packages/airflow/example_dags/example_sla_dag.py
[2025-05-31 11:22:35,354] {logging_mixin.py:109} INFO - [2025-05-31 11:22:35,354] {dag.py:2396} INFO - Sync 1 DAGs
[2025-05-31 11:22:35,386] {logging_mixin.py:109} INFO - [2025-05-31 11:22:35,386] {dag.py:2935} INFO - Setting next_dagrun for example_sla_dag to 2025-05-31T11:20:00+00:00
[2025-05-31 11:22:35,400] {processor.py:171} INFO - Processing /home/airflow/.local/lib/python3.6/site-packages/airflow/example_dags/example_sla_dag.py took 0.111 seconds
[2025-05-31 11:23:05,751] {processor.py:163} INFO - Started process (PID=13639) to work on /home/airflow/.local/lib/python3.6/site-packages/airflow/example_dags/example_sla_dag.py
[2025-05-31 11:23:05,753] {processor.py:642} INFO - Processing file /home/airflow/.local/lib/python3.6/site-packages/airflow/example_dags/example_sla_dag.py for tasks to queue
[2025-05-31 11:23:05,755] {logging_mixin.py:109} INFO - [2025-05-31 11:23:05,754] {dagbag.py:500} INFO - Filling up the DagBag from /home/airflow/.local/lib/python3.6/site-packages/airflow/example_dags/example_sla_dag.py
[2025-05-31 11:23:05,812] {processor.py:654} INFO - DAG(s) dict_keys(['example_sla_dag']) retrieved from /home/airflow/.local/lib/python3.6/site-packages/airflow/example_dags/example_sla_dag.py
[2025-05-31 11:23:05,833] {logging_mixin.py:109} INFO - [2025-05-31 11:23:05,833] {dag.py:2396} INFO - Sync 1 DAGs
[2025-05-31 11:23:05,872] {logging_mixin.py:109} INFO - [2025-05-31 11:23:05,872] {dag.py:2935} INFO - Setting next_dagrun for example_sla_dag to 2025-05-31T11:20:00+00:00
[2025-05-31 11:23:05,890] {processor.py:171} INFO - Processing /home/airflow/.local/lib/python3.6/site-packages/airflow/example_dags/example_sla_dag.py took 0.145 seconds
[2025-05-31 11:23:36,620] {processor.py:163} INFO - Started process (PID=13824) to work on /home/airflow/.local/lib/python3.6/site-packages/airflow/example_dags/example_sla_dag.py
[2025-05-31 11:23:36,622] {processor.py:642} INFO - Processing file /home/airflow/.local/lib/python3.6/site-packages/airflow/example_dags/example_sla_dag.py for tasks to queue
[2025-05-31 11:23:36,623] {logging_mixin.py:109} INFO - [2025-05-31 11:23:36,623] {dagbag.py:500} INFO - Filling up the DagBag from /home/airflow/.local/lib/python3.6/site-packages/airflow/example_dags/example_sla_dag.py
[2025-05-31 11:23:36,662] {processor.py:654} INFO - DAG(s) dict_keys(['example_sla_dag']) retrieved from /home/airflow/.local/lib/python3.6/site-packages/airflow/example_dags/example_sla_dag.py
[2025-05-31 11:23:36,675] {logging_mixin.py:109} INFO - [2025-05-31 11:23:36,675] {dag.py:2396} INFO - Sync 1 DAGs
[2025-05-31 11:23:36,702] {logging_mixin.py:109} INFO - [2025-05-31 11:23:36,702] {dag.py:2935} INFO - Setting next_dagrun for example_sla_dag to 2025-05-31T11:20:00+00:00
[2025-05-31 11:23:36,714] {processor.py:171} INFO - Processing /home/airflow/.local/lib/python3.6/site-packages/airflow/example_dags/example_sla_dag.py took 0.098 seconds
[2025-05-31 11:24:07,320] {processor.py:163} INFO - Started process (PID=14019) to work on /home/airflow/.local/lib/python3.6/site-packages/airflow/example_dags/example_sla_dag.py
[2025-05-31 11:24:07,323] {processor.py:642} INFO - Processing file /home/airflow/.local/lib/python3.6/site-packages/airflow/example_dags/example_sla_dag.py for tasks to queue
[2025-05-31 11:24:07,325] {logging_mixin.py:109} INFO - [2025-05-31 11:24:07,325] {dagbag.py:500} INFO - Filling up the DagBag from /home/airflow/.local/lib/python3.6/site-packages/airflow/example_dags/example_sla_dag.py
[2025-05-31 11:24:07,366] {processor.py:654} INFO - DAG(s) dict_keys(['example_sla_dag']) retrieved from /home/airflow/.local/lib/python3.6/site-packages/airflow/example_dags/example_sla_dag.py
[2025-05-31 11:24:07,382] {logging_mixin.py:109} INFO - [2025-05-31 11:24:07,382] {dag.py:2396} INFO - Sync 1 DAGs
[2025-05-31 11:24:07,410] {logging_mixin.py:109} INFO - [2025-05-31 11:24:07,410] {dag.py:2935} INFO - Setting next_dagrun for example_sla_dag to 2025-05-31T11:22:00+00:00
[2025-05-31 11:24:07,422] {processor.py:171} INFO - Processing /home/airflow/.local/lib/python3.6/site-packages/airflow/example_dags/example_sla_dag.py took 0.107 seconds
[2025-05-31 11:24:37,999] {processor.py:163} INFO - Started process (PID=14204) to work on /home/airflow/.local/lib/python3.6/site-packages/airflow/example_dags/example_sla_dag.py
[2025-05-31 11:24:38,001] {processor.py:642} INFO - Processing file /home/airflow/.local/lib/python3.6/site-packages/airflow/example_dags/example_sla_dag.py for tasks to queue
[2025-05-31 11:24:38,002] {logging_mixin.py:109} INFO - [2025-05-31 11:24:38,002] {dagbag.py:500} INFO - Filling up the DagBag from /home/airflow/.local/lib/python3.6/site-packages/airflow/example_dags/example_sla_dag.py
[2025-05-31 11:24:38,049] {processor.py:654} INFO - DAG(s) dict_keys(['example_sla_dag']) retrieved from /home/airflow/.local/lib/python3.6/site-packages/airflow/example_dags/example_sla_dag.py
[2025-05-31 11:24:38,062] {logging_mixin.py:109} INFO - [2025-05-31 11:24:38,061] {dag.py:2396} INFO - Sync 1 DAGs
[2025-05-31 11:24:38,089] {logging_mixin.py:109} INFO - [2025-05-31 11:24:38,089] {dag.py:2935} INFO - Setting next_dagrun for example_sla_dag to 2025-05-31T11:22:00+00:00
[2025-05-31 11:24:38,102] {processor.py:171} INFO - Processing /home/airflow/.local/lib/python3.6/site-packages/airflow/example_dags/example_sla_dag.py took 0.109 seconds
[2025-05-31 11:25:08,915] {processor.py:163} INFO - Started process (PID=14389) to work on /home/airflow/.local/lib/python3.6/site-packages/airflow/example_dags/example_sla_dag.py
[2025-05-31 11:25:08,917] {processor.py:642} INFO - Processing file /home/airflow/.local/lib/python3.6/site-packages/airflow/example_dags/example_sla_dag.py for tasks to queue
[2025-05-31 11:25:08,918] {logging_mixin.py:109} INFO - [2025-05-31 11:25:08,918] {dagbag.py:500} INFO - Filling up the DagBag from /home/airflow/.local/lib/python3.6/site-packages/airflow/example_dags/example_sla_dag.py
[2025-05-31 11:25:08,959] {processor.py:654} INFO - DAG(s) dict_keys(['example_sla_dag']) retrieved from /home/airflow/.local/lib/python3.6/site-packages/airflow/example_dags/example_sla_dag.py
[2025-05-31 11:25:08,972] {logging_mixin.py:109} INFO - [2025-05-31 11:25:08,972] {dag.py:2396} INFO - Sync 1 DAGs
[2025-05-31 11:25:08,999] {logging_mixin.py:109} INFO - [2025-05-31 11:25:08,999] {dag.py:2935} INFO - Setting next_dagrun for example_sla_dag to 2025-05-31T11:22:00+00:00
[2025-05-31 11:25:09,010] {processor.py:171} INFO - Processing /home/airflow/.local/lib/python3.6/site-packages/airflow/example_dags/example_sla_dag.py took 0.099 seconds
[2025-05-31 11:25:40,022] {processor.py:163} INFO - Started process (PID=14584) to work on /home/airflow/.local/lib/python3.6/site-packages/airflow/example_dags/example_sla_dag.py
[2025-05-31 11:25:40,025] {processor.py:642} INFO - Processing file /home/airflow/.local/lib/python3.6/site-packages/airflow/example_dags/example_sla_dag.py for tasks to queue
[2025-05-31 11:25:40,026] {logging_mixin.py:109} INFO - [2025-05-31 11:25:40,026] {dagbag.py:500} INFO - Filling up the DagBag from /home/airflow/.local/lib/python3.6/site-packages/airflow/example_dags/example_sla_dag.py
[2025-05-31 11:25:40,078] {processor.py:654} INFO - DAG(s) dict_keys(['example_sla_dag']) retrieved from /home/airflow/.local/lib/python3.6/site-packages/airflow/example_dags/example_sla_dag.py
[2025-05-31 11:25:40,097] {logging_mixin.py:109} INFO - [2025-05-31 11:25:40,097] {dag.py:2396} INFO - Sync 1 DAGs
[2025-05-31 11:25:40,132] {logging_mixin.py:109} INFO - [2025-05-31 11:25:40,132] {dag.py:2935} INFO - Setting next_dagrun for example_sla_dag to 2025-05-31T11:22:00+00:00
[2025-05-31 11:25:40,148] {processor.py:171} INFO - Processing /home/airflow/.local/lib/python3.6/site-packages/airflow/example_dags/example_sla_dag.py took 0.132 seconds
[2025-05-31 11:26:11,198] {processor.py:163} INFO - Started process (PID=14779) to work on /home/airflow/.local/lib/python3.6/site-packages/airflow/example_dags/example_sla_dag.py
[2025-05-31 11:26:11,200] {processor.py:642} INFO - Processing file /home/airflow/.local/lib/python3.6/site-packages/airflow/example_dags/example_sla_dag.py for tasks to queue
[2025-05-31 11:26:11,202] {logging_mixin.py:109} INFO - [2025-05-31 11:26:11,202] {dagbag.py:500} INFO - Filling up the DagBag from /home/airflow/.local/lib/python3.6/site-packages/airflow/example_dags/example_sla_dag.py
[2025-05-31 11:26:11,258] {processor.py:654} INFO - DAG(s) dict_keys(['example_sla_dag']) retrieved from /home/airflow/.local/lib/python3.6/site-packages/airflow/example_dags/example_sla_dag.py
[2025-05-31 11:26:11,275] {logging_mixin.py:109} INFO - [2025-05-31 11:26:11,274] {dag.py:2396} INFO - Sync 1 DAGs
[2025-05-31 11:26:11,312] {logging_mixin.py:109} INFO - [2025-05-31 11:26:11,312] {dag.py:2935} INFO - Setting next_dagrun for example_sla_dag to 2025-05-31T11:24:00+00:00
[2025-05-31 11:26:11,328] {processor.py:171} INFO - Processing /home/airflow/.local/lib/python3.6/site-packages/airflow/example_dags/example_sla_dag.py took 0.137 seconds
[2025-05-31 11:26:41,804] {processor.py:163} INFO - Started process (PID=14964) to work on /home/airflow/.local/lib/python3.6/site-packages/airflow/example_dags/example_sla_dag.py
[2025-05-31 11:26:41,807] {processor.py:642} INFO - Processing file /home/airflow/.local/lib/python3.6/site-packages/airflow/example_dags/example_sla_dag.py for tasks to queue
[2025-05-31 11:26:41,808] {logging_mixin.py:109} INFO - [2025-05-31 11:26:41,808] {dagbag.py:500} INFO - Filling up the DagBag from /home/airflow/.local/lib/python3.6/site-packages/airflow/example_dags/example_sla_dag.py
[2025-05-31 11:26:41,854] {processor.py:654} INFO - DAG(s) dict_keys(['example_sla_dag']) retrieved from /home/airflow/.local/lib/python3.6/site-packages/airflow/example_dags/example_sla_dag.py
[2025-05-31 11:26:41,870] {logging_mixin.py:109} INFO - [2025-05-31 11:26:41,869] {dag.py:2396} INFO - Sync 1 DAGs
[2025-05-31 11:26:41,901] {logging_mixin.py:109} INFO - [2025-05-31 11:26:41,900] {dag.py:2935} INFO - Setting next_dagrun for example_sla_dag to 2025-05-31T11:24:00+00:00
[2025-05-31 11:26:41,917] {processor.py:171} INFO - Processing /home/airflow/.local/lib/python3.6/site-packages/airflow/example_dags/example_sla_dag.py took 0.118 seconds
[2025-05-31 11:27:12,699] {processor.py:163} INFO - Started process (PID=15159) to work on /home/airflow/.local/lib/python3.6/site-packages/airflow/example_dags/example_sla_dag.py
[2025-05-31 11:27:12,701] {processor.py:642} INFO - Processing file /home/airflow/.local/lib/python3.6/site-packages/airflow/example_dags/example_sla_dag.py for tasks to queue
[2025-05-31 11:27:12,702] {logging_mixin.py:109} INFO - [2025-05-31 11:27:12,702] {dagbag.py:500} INFO - Filling up the DagBag from /home/airflow/.local/lib/python3.6/site-packages/airflow/example_dags/example_sla_dag.py
[2025-05-31 11:27:12,750] {processor.py:654} INFO - DAG(s) dict_keys(['example_sla_dag']) retrieved from /home/airflow/.local/lib/python3.6/site-packages/airflow/example_dags/example_sla_dag.py
[2025-05-31 11:27:12,767] {logging_mixin.py:109} INFO - [2025-05-31 11:27:12,767] {dag.py:2396} INFO - Sync 1 DAGs
[2025-05-31 11:27:12,798] {logging_mixin.py:109} INFO - [2025-05-31 11:27:12,798] {dag.py:2935} INFO - Setting next_dagrun for example_sla_dag to 2025-05-31T11:24:00+00:00
[2025-05-31 11:27:12,813] {processor.py:171} INFO - Processing /home/airflow/.local/lib/python3.6/site-packages/airflow/example_dags/example_sla_dag.py took 0.119 seconds
[2025-05-31 11:27:43,326] {processor.py:163} INFO - Started process (PID=15344) to work on /home/airflow/.local/lib/python3.6/site-packages/airflow/example_dags/example_sla_dag.py
[2025-05-31 11:27:43,328] {processor.py:642} INFO - Processing file /home/airflow/.local/lib/python3.6/site-packages/airflow/example_dags/example_sla_dag.py for tasks to queue
[2025-05-31 11:27:43,329] {logging_mixin.py:109} INFO - [2025-05-31 11:27:43,329] {dagbag.py:500} INFO - Filling up the DagBag from /home/airflow/.local/lib/python3.6/site-packages/airflow/example_dags/example_sla_dag.py
[2025-05-31 11:27:43,378] {processor.py:654} INFO - DAG(s) dict_keys(['example_sla_dag']) retrieved from /home/airflow/.local/lib/python3.6/site-packages/airflow/example_dags/example_sla_dag.py
[2025-05-31 11:27:43,394] {logging_mixin.py:109} INFO - [2025-05-31 11:27:43,394] {dag.py:2396} INFO - Sync 1 DAGs
[2025-05-31 11:27:43,429] {logging_mixin.py:109} INFO - [2025-05-31 11:27:43,429] {dag.py:2935} INFO - Setting next_dagrun for example_sla_dag to 2025-05-31T11:24:00+00:00
[2025-05-31 11:27:43,443] {processor.py:171} INFO - Processing /home/airflow/.local/lib/python3.6/site-packages/airflow/example_dags/example_sla_dag.py took 0.122 seconds
[2025-05-31 11:28:14,445] {processor.py:163} INFO - Started process (PID=15529) to work on /home/airflow/.local/lib/python3.6/site-packages/airflow/example_dags/example_sla_dag.py
[2025-05-31 11:28:14,450] {processor.py:642} INFO - Processing file /home/airflow/.local/lib/python3.6/site-packages/airflow/example_dags/example_sla_dag.py for tasks to queue
[2025-05-31 11:28:14,453] {logging_mixin.py:109} INFO - [2025-05-31 11:28:14,452] {dagbag.py:500} INFO - Filling up the DagBag from /home/airflow/.local/lib/python3.6/site-packages/airflow/example_dags/example_sla_dag.py
[2025-05-31 11:28:14,553] {processor.py:654} INFO - DAG(s) dict_keys(['example_sla_dag']) retrieved from /home/airflow/.local/lib/python3.6/site-packages/airflow/example_dags/example_sla_dag.py
[2025-05-31 11:28:14,597] {logging_mixin.py:109} INFO - [2025-05-31 11:28:14,596] {dag.py:2396} INFO - Sync 1 DAGs
[2025-05-31 11:28:14,658] {logging_mixin.py:109} INFO - [2025-05-31 11:28:14,658] {dag.py:2935} INFO - Setting next_dagrun for example_sla_dag to 2025-05-31T11:26:00+00:00
[2025-05-31 11:28:14,678] {processor.py:171} INFO - Processing /home/airflow/.local/lib/python3.6/site-packages/airflow/example_dags/example_sla_dag.py took 0.244 seconds
[2025-05-31 11:28:45,505] {processor.py:163} INFO - Started process (PID=15724) to work on /home/airflow/.local/lib/python3.6/site-packages/airflow/example_dags/example_sla_dag.py
[2025-05-31 11:28:45,507] {processor.py:642} INFO - Processing file /home/airflow/.local/lib/python3.6/site-packages/airflow/example_dags/example_sla_dag.py for tasks to queue
[2025-05-31 11:28:45,508] {logging_mixin.py:109} INFO - [2025-05-31 11:28:45,508] {dagbag.py:500} INFO - Filling up the DagBag from /home/airflow/.local/lib/python3.6/site-packages/airflow/example_dags/example_sla_dag.py
[2025-05-31 11:28:45,565] {processor.py:654} INFO - DAG(s) dict_keys(['example_sla_dag']) retrieved from /home/airflow/.local/lib/python3.6/site-packages/airflow/example_dags/example_sla_dag.py
[2025-05-31 11:28:45,586] {logging_mixin.py:109} INFO - [2025-05-31 11:28:45,586] {dag.py:2396} INFO - Sync 1 DAGs
[2025-05-31 11:28:45,627] {logging_mixin.py:109} INFO - [2025-05-31 11:28:45,627] {dag.py:2935} INFO - Setting next_dagrun for example_sla_dag to 2025-05-31T11:26:00+00:00
[2025-05-31 11:28:45,643] {processor.py:171} INFO - Processing /home/airflow/.local/lib/python3.6/site-packages/airflow/example_dags/example_sla_dag.py took 0.144 seconds
[2025-05-31 11:29:16,110] {processor.py:163} INFO - Started process (PID=15909) to work on /home/airflow/.local/lib/python3.6/site-packages/airflow/example_dags/example_sla_dag.py
[2025-05-31 11:29:16,112] {processor.py:642} INFO - Processing file /home/airflow/.local/lib/python3.6/site-packages/airflow/example_dags/example_sla_dag.py for tasks to queue
[2025-05-31 11:29:16,114] {logging_mixin.py:109} INFO - [2025-05-31 11:29:16,113] {dagbag.py:500} INFO - Filling up the DagBag from /home/airflow/.local/lib/python3.6/site-packages/airflow/example_dags/example_sla_dag.py
[2025-05-31 11:29:16,187] {processor.py:654} INFO - DAG(s) dict_keys(['example_sla_dag']) retrieved from /home/airflow/.local/lib/python3.6/site-packages/airflow/example_dags/example_sla_dag.py
[2025-05-31 11:29:16,207] {logging_mixin.py:109} INFO - [2025-05-31 11:29:16,207] {dag.py:2396} INFO - Sync 1 DAGs
[2025-05-31 11:29:16,251] {logging_mixin.py:109} INFO - [2025-05-31 11:29:16,251] {dag.py:2935} INFO - Setting next_dagrun for example_sla_dag to 2025-05-31T11:26:00+00:00
[2025-05-31 11:29:16,265] {processor.py:171} INFO - Processing /home/airflow/.local/lib/python3.6/site-packages/airflow/example_dags/example_sla_dag.py took 0.162 seconds
[2025-05-31 11:29:47,289] {processor.py:163} INFO - Started process (PID=16094) to work on /home/airflow/.local/lib/python3.6/site-packages/airflow/example_dags/example_sla_dag.py
[2025-05-31 11:29:47,291] {processor.py:642} INFO - Processing file /home/airflow/.local/lib/python3.6/site-packages/airflow/example_dags/example_sla_dag.py for tasks to queue
[2025-05-31 11:29:47,293] {logging_mixin.py:109} INFO - [2025-05-31 11:29:47,292] {dagbag.py:500} INFO - Filling up the DagBag from /home/airflow/.local/lib/python3.6/site-packages/airflow/example_dags/example_sla_dag.py
[2025-05-31 11:29:47,339] {processor.py:654} INFO - DAG(s) dict_keys(['example_sla_dag']) retrieved from /home/airflow/.local/lib/python3.6/site-packages/airflow/example_dags/example_sla_dag.py
[2025-05-31 11:29:47,354] {logging_mixin.py:109} INFO - [2025-05-31 11:29:47,354] {dag.py:2396} INFO - Sync 1 DAGs
[2025-05-31 11:29:47,390] {logging_mixin.py:109} INFO - [2025-05-31 11:29:47,390] {dag.py:2935} INFO - Setting next_dagrun for example_sla_dag to 2025-05-31T11:26:00+00:00
[2025-05-31 11:29:47,412] {processor.py:171} INFO - Processing /home/airflow/.local/lib/python3.6/site-packages/airflow/example_dags/example_sla_dag.py took 0.127 seconds
[2025-05-31 11:30:18,100] {processor.py:163} INFO - Started process (PID=16286) to work on /home/airflow/.local/lib/python3.6/site-packages/airflow/example_dags/example_sla_dag.py
[2025-05-31 11:30:18,102] {processor.py:642} INFO - Processing file /home/airflow/.local/lib/python3.6/site-packages/airflow/example_dags/example_sla_dag.py for tasks to queue
[2025-05-31 11:30:18,103] {logging_mixin.py:109} INFO - [2025-05-31 11:30:18,103] {dagbag.py:500} INFO - Filling up the DagBag from /home/airflow/.local/lib/python3.6/site-packages/airflow/example_dags/example_sla_dag.py
[2025-05-31 11:30:18,150] {processor.py:654} INFO - DAG(s) dict_keys(['example_sla_dag']) retrieved from /home/airflow/.local/lib/python3.6/site-packages/airflow/example_dags/example_sla_dag.py
[2025-05-31 11:30:18,169] {logging_mixin.py:109} INFO - [2025-05-31 11:30:18,169] {dag.py:2396} INFO - Sync 1 DAGs
[2025-05-31 11:30:18,200] {logging_mixin.py:109} INFO - [2025-05-31 11:30:18,200] {dag.py:2935} INFO - Setting next_dagrun for example_sla_dag to 2025-05-31T11:28:00+00:00
[2025-05-31 11:30:18,213] {processor.py:171} INFO - Processing /home/airflow/.local/lib/python3.6/site-packages/airflow/example_dags/example_sla_dag.py took 0.118 seconds
[2025-05-31 11:30:48,639] {processor.py:163} INFO - Started process (PID=16474) to work on /home/airflow/.local/lib/python3.6/site-packages/airflow/example_dags/example_sla_dag.py
[2025-05-31 11:30:48,641] {processor.py:642} INFO - Processing file /home/airflow/.local/lib/python3.6/site-packages/airflow/example_dags/example_sla_dag.py for tasks to queue
[2025-05-31 11:30:48,642] {logging_mixin.py:109} INFO - [2025-05-31 11:30:48,641] {dagbag.py:500} INFO - Filling up the DagBag from /home/airflow/.local/lib/python3.6/site-packages/airflow/example_dags/example_sla_dag.py
[2025-05-31 11:30:48,685] {processor.py:654} INFO - DAG(s) dict_keys(['example_sla_dag']) retrieved from /home/airflow/.local/lib/python3.6/site-packages/airflow/example_dags/example_sla_dag.py
[2025-05-31 11:30:48,698] {logging_mixin.py:109} INFO - [2025-05-31 11:30:48,698] {dag.py:2396} INFO - Sync 1 DAGs
[2025-05-31 11:30:48,727] {logging_mixin.py:109} INFO - [2025-05-31 11:30:48,727] {dag.py:2935} INFO - Setting next_dagrun for example_sla_dag to 2025-05-31T11:28:00+00:00
[2025-05-31 11:30:48,738] {processor.py:171} INFO - Processing /home/airflow/.local/lib/python3.6/site-packages/airflow/example_dags/example_sla_dag.py took 0.104 seconds
[2025-05-31 11:31:19,609] {processor.py:163} INFO - Started process (PID=16659) to work on /home/airflow/.local/lib/python3.6/site-packages/airflow/example_dags/example_sla_dag.py
[2025-05-31 11:31:19,611] {processor.py:642} INFO - Processing file /home/airflow/.local/lib/python3.6/site-packages/airflow/example_dags/example_sla_dag.py for tasks to queue
[2025-05-31 11:31:19,612] {logging_mixin.py:109} INFO - [2025-05-31 11:31:19,612] {dagbag.py:500} INFO - Filling up the DagBag from /home/airflow/.local/lib/python3.6/site-packages/airflow/example_dags/example_sla_dag.py
[2025-05-31 11:31:19,656] {processor.py:654} INFO - DAG(s) dict_keys(['example_sla_dag']) retrieved from /home/airflow/.local/lib/python3.6/site-packages/airflow/example_dags/example_sla_dag.py
[2025-05-31 11:31:19,670] {logging_mixin.py:109} INFO - [2025-05-31 11:31:19,670] {dag.py:2396} INFO - Sync 1 DAGs
[2025-05-31 11:31:19,700] {logging_mixin.py:109} INFO - [2025-05-31 11:31:19,700] {dag.py:2935} INFO - Setting next_dagrun for example_sla_dag to 2025-05-31T11:28:00+00:00
[2025-05-31 11:31:19,715] {processor.py:171} INFO - Processing /home/airflow/.local/lib/python3.6/site-packages/airflow/example_dags/example_sla_dag.py took 0.111 seconds
[2025-05-31 11:31:50,400] {processor.py:163} INFO - Started process (PID=16854) to work on /home/airflow/.local/lib/python3.6/site-packages/airflow/example_dags/example_sla_dag.py
[2025-05-31 11:31:50,401] {processor.py:642} INFO - Processing file /home/airflow/.local/lib/python3.6/site-packages/airflow/example_dags/example_sla_dag.py for tasks to queue
[2025-05-31 11:31:50,403] {logging_mixin.py:109} INFO - [2025-05-31 11:31:50,402] {dagbag.py:500} INFO - Filling up the DagBag from /home/airflow/.local/lib/python3.6/site-packages/airflow/example_dags/example_sla_dag.py
[2025-05-31 11:31:50,445] {processor.py:654} INFO - DAG(s) dict_keys(['example_sla_dag']) retrieved from /home/airflow/.local/lib/python3.6/site-packages/airflow/example_dags/example_sla_dag.py
[2025-05-31 11:31:50,462] {logging_mixin.py:109} INFO - [2025-05-31 11:31:50,462] {dag.py:2396} INFO - Sync 1 DAGs
[2025-05-31 11:31:50,500] {logging_mixin.py:109} INFO - [2025-05-31 11:31:50,500] {dag.py:2935} INFO - Setting next_dagrun for example_sla_dag to 2025-05-31T11:28:00+00:00
[2025-05-31 11:31:50,514] {processor.py:171} INFO - Processing /home/airflow/.local/lib/python3.6/site-packages/airflow/example_dags/example_sla_dag.py took 0.119 seconds
[2025-05-31 11:32:20,755] {processor.py:163} INFO - Started process (PID=17039) to work on /home/airflow/.local/lib/python3.6/site-packages/airflow/example_dags/example_sla_dag.py
[2025-05-31 11:32:20,757] {processor.py:642} INFO - Processing file /home/airflow/.local/lib/python3.6/site-packages/airflow/example_dags/example_sla_dag.py for tasks to queue
[2025-05-31 11:32:20,758] {logging_mixin.py:109} INFO - [2025-05-31 11:32:20,758] {dagbag.py:500} INFO - Filling up the DagBag from /home/airflow/.local/lib/python3.6/site-packages/airflow/example_dags/example_sla_dag.py
[2025-05-31 11:32:20,806] {processor.py:654} INFO - DAG(s) dict_keys(['example_sla_dag']) retrieved from /home/airflow/.local/lib/python3.6/site-packages/airflow/example_dags/example_sla_dag.py
[2025-05-31 11:32:20,825] {logging_mixin.py:109} INFO - [2025-05-31 11:32:20,824] {dag.py:2396} INFO - Sync 1 DAGs
[2025-05-31 11:32:20,863] {logging_mixin.py:109} INFO - [2025-05-31 11:32:20,863] {dag.py:2935} INFO - Setting next_dagrun for example_sla_dag to 2025-05-31T11:30:00+00:00
[2025-05-31 11:32:20,876] {processor.py:171} INFO - Processing /home/airflow/.local/lib/python3.6/site-packages/airflow/example_dags/example_sla_dag.py took 0.126 seconds
[2025-05-31 11:32:51,888] {processor.py:163} INFO - Started process (PID=17233) to work on /home/airflow/.local/lib/python3.6/site-packages/airflow/example_dags/example_sla_dag.py
[2025-05-31 11:32:51,890] {processor.py:642} INFO - Processing file /home/airflow/.local/lib/python3.6/site-packages/airflow/example_dags/example_sla_dag.py for tasks to queue
[2025-05-31 11:32:51,891] {logging_mixin.py:109} INFO - [2025-05-31 11:32:51,891] {dagbag.py:500} INFO - Filling up the DagBag from /home/airflow/.local/lib/python3.6/site-packages/airflow/example_dags/example_sla_dag.py
[2025-05-31 11:32:51,942] {processor.py:654} INFO - DAG(s) dict_keys(['example_sla_dag']) retrieved from /home/airflow/.local/lib/python3.6/site-packages/airflow/example_dags/example_sla_dag.py
[2025-05-31 11:32:51,962] {logging_mixin.py:109} INFO - [2025-05-31 11:32:51,962] {dag.py:2396} INFO - Sync 1 DAGs
[2025-05-31 11:32:51,998] {logging_mixin.py:109} INFO - [2025-05-31 11:32:51,997] {dag.py:2935} INFO - Setting next_dagrun for example_sla_dag to 2025-05-31T11:30:00+00:00
[2025-05-31 11:32:52,012] {processor.py:171} INFO - Processing /home/airflow/.local/lib/python3.6/site-packages/airflow/example_dags/example_sla_dag.py took 0.130 seconds
[2025-05-31 11:33:22,242] {processor.py:163} INFO - Started process (PID=17418) to work on /home/airflow/.local/lib/python3.6/site-packages/airflow/example_dags/example_sla_dag.py
[2025-05-31 11:33:22,244] {processor.py:642} INFO - Processing file /home/airflow/.local/lib/python3.6/site-packages/airflow/example_dags/example_sla_dag.py for tasks to queue
[2025-05-31 11:33:22,245] {logging_mixin.py:109} INFO - [2025-05-31 11:33:22,245] {dagbag.py:500} INFO - Filling up the DagBag from /home/airflow/.local/lib/python3.6/site-packages/airflow/example_dags/example_sla_dag.py
[2025-05-31 11:33:22,287] {processor.py:654} INFO - DAG(s) dict_keys(['example_sla_dag']) retrieved from /home/airflow/.local/lib/python3.6/site-packages/airflow/example_dags/example_sla_dag.py
[2025-05-31 11:33:22,300] {logging_mixin.py:109} INFO - [2025-05-31 11:33:22,300] {dag.py:2396} INFO - Sync 1 DAGs
[2025-05-31 11:33:22,329] {logging_mixin.py:109} INFO - [2025-05-31 11:33:22,329] {dag.py:2935} INFO - Setting next_dagrun for example_sla_dag to 2025-05-31T11:30:00+00:00
[2025-05-31 11:33:22,341] {processor.py:171} INFO - Processing /home/airflow/.local/lib/python3.6/site-packages/airflow/example_dags/example_sla_dag.py took 0.104 seconds
[2025-05-31 11:33:52,623] {processor.py:163} INFO - Started process (PID=17605) to work on /home/airflow/.local/lib/python3.6/site-packages/airflow/example_dags/example_sla_dag.py
[2025-05-31 11:33:52,624] {processor.py:642} INFO - Processing file /home/airflow/.local/lib/python3.6/site-packages/airflow/example_dags/example_sla_dag.py for tasks to queue
[2025-05-31 11:33:52,625] {logging_mixin.py:109} INFO - [2025-05-31 11:33:52,625] {dagbag.py:500} INFO - Filling up the DagBag from /home/airflow/.local/lib/python3.6/site-packages/airflow/example_dags/example_sla_dag.py
[2025-05-31 11:33:52,666] {processor.py:654} INFO - DAG(s) dict_keys(['example_sla_dag']) retrieved from /home/airflow/.local/lib/python3.6/site-packages/airflow/example_dags/example_sla_dag.py
[2025-05-31 11:33:52,682] {logging_mixin.py:109} INFO - [2025-05-31 11:33:52,681] {dag.py:2396} INFO - Sync 1 DAGs
[2025-05-31 11:33:52,711] {logging_mixin.py:109} INFO - [2025-05-31 11:33:52,711] {dag.py:2935} INFO - Setting next_dagrun for example_sla_dag to 2025-05-31T11:30:00+00:00
[2025-05-31 11:33:52,724] {processor.py:171} INFO - Processing /home/airflow/.local/lib/python3.6/site-packages/airflow/example_dags/example_sla_dag.py took 0.105 seconds
[2025-05-31 11:34:24,274] {processor.py:163} INFO - Started process (PID=17798) to work on /home/airflow/.local/lib/python3.6/site-packages/airflow/example_dags/example_sla_dag.py
[2025-05-31 11:34:24,277] {processor.py:642} INFO - Processing file /home/airflow/.local/lib/python3.6/site-packages/airflow/example_dags/example_sla_dag.py for tasks to queue
[2025-05-31 11:34:24,278] {logging_mixin.py:109} INFO - [2025-05-31 11:34:24,278] {dagbag.py:500} INFO - Filling up the DagBag from /home/airflow/.local/lib/python3.6/site-packages/airflow/example_dags/example_sla_dag.py
[2025-05-31 11:34:24,344] {processor.py:654} INFO - DAG(s) dict_keys(['example_sla_dag']) retrieved from /home/airflow/.local/lib/python3.6/site-packages/airflow/example_dags/example_sla_dag.py
[2025-05-31 11:34:24,364] {logging_mixin.py:109} INFO - [2025-05-31 11:34:24,364] {dag.py:2396} INFO - Sync 1 DAGs
[2025-05-31 11:34:24,408] {logging_mixin.py:109} INFO - [2025-05-31 11:34:24,408] {dag.py:2935} INFO - Setting next_dagrun for example_sla_dag to 2025-05-31T11:32:00+00:00
[2025-05-31 11:34:24,425] {processor.py:171} INFO - Processing /home/airflow/.local/lib/python3.6/site-packages/airflow/example_dags/example_sla_dag.py took 0.159 seconds
[2025-05-31 11:34:54,551] {processor.py:163} INFO - Started process (PID=17983) to work on /home/airflow/.local/lib/python3.6/site-packages/airflow/example_dags/example_sla_dag.py
[2025-05-31 11:34:54,552] {processor.py:642} INFO - Processing file /home/airflow/.local/lib/python3.6/site-packages/airflow/example_dags/example_sla_dag.py for tasks to queue
[2025-05-31 11:34:54,555] {logging_mixin.py:109} INFO - [2025-05-31 11:34:54,554] {dagbag.py:500} INFO - Filling up the DagBag from /home/airflow/.local/lib/python3.6/site-packages/airflow/example_dags/example_sla_dag.py
[2025-05-31 11:34:54,602] {processor.py:654} INFO - DAG(s) dict_keys(['example_sla_dag']) retrieved from /home/airflow/.local/lib/python3.6/site-packages/airflow/example_dags/example_sla_dag.py
[2025-05-31 11:34:54,618] {logging_mixin.py:109} INFO - [2025-05-31 11:34:54,618] {dag.py:2396} INFO - Sync 1 DAGs
[2025-05-31 11:34:54,651] {logging_mixin.py:109} INFO - [2025-05-31 11:34:54,651] {dag.py:2935} INFO - Setting next_dagrun for example_sla_dag to 2025-05-31T11:32:00+00:00
[2025-05-31 11:34:54,666] {processor.py:171} INFO - Processing /home/airflow/.local/lib/python3.6/site-packages/airflow/example_dags/example_sla_dag.py took 0.122 seconds
[2025-05-31 11:35:25,037] {processor.py:163} INFO - Started process (PID=18168) to work on /home/airflow/.local/lib/python3.6/site-packages/airflow/example_dags/example_sla_dag.py
[2025-05-31 11:35:25,039] {processor.py:642} INFO - Processing file /home/airflow/.local/lib/python3.6/site-packages/airflow/example_dags/example_sla_dag.py for tasks to queue
[2025-05-31 11:35:25,040] {logging_mixin.py:109} INFO - [2025-05-31 11:35:25,040] {dagbag.py:500} INFO - Filling up the DagBag from /home/airflow/.local/lib/python3.6/site-packages/airflow/example_dags/example_sla_dag.py
[2025-05-31 11:35:25,083] {processor.py:654} INFO - DAG(s) dict_keys(['example_sla_dag']) retrieved from /home/airflow/.local/lib/python3.6/site-packages/airflow/example_dags/example_sla_dag.py
[2025-05-31 11:35:25,097] {logging_mixin.py:109} INFO - [2025-05-31 11:35:25,097] {dag.py:2396} INFO - Sync 1 DAGs
[2025-05-31 11:35:25,129] {logging_mixin.py:109} INFO - [2025-05-31 11:35:25,129] {dag.py:2935} INFO - Setting next_dagrun for example_sla_dag to 2025-05-31T11:32:00+00:00
[2025-05-31 11:35:25,144] {processor.py:171} INFO - Processing /home/airflow/.local/lib/python3.6/site-packages/airflow/example_dags/example_sla_dag.py took 0.111 seconds
[2025-05-31 11:35:56,057] {processor.py:163} INFO - Started process (PID=18363) to work on /home/airflow/.local/lib/python3.6/site-packages/airflow/example_dags/example_sla_dag.py
[2025-05-31 11:35:56,059] {processor.py:642} INFO - Processing file /home/airflow/.local/lib/python3.6/site-packages/airflow/example_dags/example_sla_dag.py for tasks to queue
[2025-05-31 11:35:56,060] {logging_mixin.py:109} INFO - [2025-05-31 11:35:56,060] {dagbag.py:500} INFO - Filling up the DagBag from /home/airflow/.local/lib/python3.6/site-packages/airflow/example_dags/example_sla_dag.py
[2025-05-31 11:35:56,103] {processor.py:654} INFO - DAG(s) dict_keys(['example_sla_dag']) retrieved from /home/airflow/.local/lib/python3.6/site-packages/airflow/example_dags/example_sla_dag.py
[2025-05-31 11:35:56,117] {logging_mixin.py:109} INFO - [2025-05-31 11:35:56,117] {dag.py:2396} INFO - Sync 1 DAGs
[2025-05-31 11:35:56,156] {logging_mixin.py:109} INFO - [2025-05-31 11:35:56,156] {dag.py:2935} INFO - Setting next_dagrun for example_sla_dag to 2025-05-31T11:32:00+00:00
[2025-05-31 11:35:56,168] {processor.py:171} INFO - Processing /home/airflow/.local/lib/python3.6/site-packages/airflow/example_dags/example_sla_dag.py took 0.117 seconds
[2025-05-31 11:36:27,475] {processor.py:163} INFO - Started process (PID=18548) to work on /home/airflow/.local/lib/python3.6/site-packages/airflow/example_dags/example_sla_dag.py
[2025-05-31 11:36:27,476] {processor.py:642} INFO - Processing file /home/airflow/.local/lib/python3.6/site-packages/airflow/example_dags/example_sla_dag.py for tasks to queue
[2025-05-31 11:36:27,477] {logging_mixin.py:109} INFO - [2025-05-31 11:36:27,477] {dagbag.py:500} INFO - Filling up the DagBag from /home/airflow/.local/lib/python3.6/site-packages/airflow/example_dags/example_sla_dag.py
[2025-05-31 11:36:27,523] {processor.py:654} INFO - DAG(s) dict_keys(['example_sla_dag']) retrieved from /home/airflow/.local/lib/python3.6/site-packages/airflow/example_dags/example_sla_dag.py
[2025-05-31 11:36:27,541] {logging_mixin.py:109} INFO - [2025-05-31 11:36:27,540] {dag.py:2396} INFO - Sync 1 DAGs
[2025-05-31 11:36:27,568] {logging_mixin.py:109} INFO - [2025-05-31 11:36:27,568] {dag.py:2935} INFO - Setting next_dagrun for example_sla_dag to 2025-05-31T11:34:00+00:00
[2025-05-31 11:36:27,580] {processor.py:171} INFO - Processing /home/airflow/.local/lib/python3.6/site-packages/airflow/example_dags/example_sla_dag.py took 0.109 seconds
[2025-05-31 11:36:58,959] {processor.py:163} INFO - Started process (PID=18743) to work on /home/airflow/.local/lib/python3.6/site-packages/airflow/example_dags/example_sla_dag.py
[2025-05-31 11:36:58,961] {processor.py:642} INFO - Processing file /home/airflow/.local/lib/python3.6/site-packages/airflow/example_dags/example_sla_dag.py for tasks to queue
[2025-05-31 11:36:58,963] {logging_mixin.py:109} INFO - [2025-05-31 11:36:58,962] {dagbag.py:500} INFO - Filling up the DagBag from /home/airflow/.local/lib/python3.6/site-packages/airflow/example_dags/example_sla_dag.py
[2025-05-31 11:36:59,016] {processor.py:654} INFO - DAG(s) dict_keys(['example_sla_dag']) retrieved from /home/airflow/.local/lib/python3.6/site-packages/airflow/example_dags/example_sla_dag.py
[2025-05-31 11:36:59,033] {logging_mixin.py:109} INFO - [2025-05-31 11:36:59,032] {dag.py:2396} INFO - Sync 1 DAGs
[2025-05-31 11:36:59,071] {logging_mixin.py:109} INFO - [2025-05-31 11:36:59,070] {dag.py:2935} INFO - Setting next_dagrun for example_sla_dag to 2025-05-31T11:34:00+00:00
[2025-05-31 11:36:59,084] {processor.py:171} INFO - Processing /home/airflow/.local/lib/python3.6/site-packages/airflow/example_dags/example_sla_dag.py took 0.131 seconds
[2025-05-31 11:37:29,737] {processor.py:163} INFO - Started process (PID=18928) to work on /home/airflow/.local/lib/python3.6/site-packages/airflow/example_dags/example_sla_dag.py
[2025-05-31 11:37:29,739] {processor.py:642} INFO - Processing file /home/airflow/.local/lib/python3.6/site-packages/airflow/example_dags/example_sla_dag.py for tasks to queue
[2025-05-31 11:37:29,740] {logging_mixin.py:109} INFO - [2025-05-31 11:37:29,740] {dagbag.py:500} INFO - Filling up the DagBag from /home/airflow/.local/lib/python3.6/site-packages/airflow/example_dags/example_sla_dag.py
[2025-05-31 11:37:29,787] {processor.py:654} INFO - DAG(s) dict_keys(['example_sla_dag']) retrieved from /home/airflow/.local/lib/python3.6/site-packages/airflow/example_dags/example_sla_dag.py
[2025-05-31 11:37:29,802] {logging_mixin.py:109} INFO - [2025-05-31 11:37:29,801] {dag.py:2396} INFO - Sync 1 DAGs
[2025-05-31 11:37:29,828] {logging_mixin.py:109} INFO - [2025-05-31 11:37:29,828] {dag.py:2935} INFO - Setting next_dagrun for example_sla_dag to 2025-05-31T11:34:00+00:00
[2025-05-31 11:37:29,842] {processor.py:171} INFO - Processing /home/airflow/.local/lib/python3.6/site-packages/airflow/example_dags/example_sla_dag.py took 0.110 seconds
[2025-05-31 11:38:00,954] {processor.py:163} INFO - Started process (PID=19123) to work on /home/airflow/.local/lib/python3.6/site-packages/airflow/example_dags/example_sla_dag.py
[2025-05-31 11:38:00,956] {processor.py:642} INFO - Processing file /home/airflow/.local/lib/python3.6/site-packages/airflow/example_dags/example_sla_dag.py for tasks to queue
[2025-05-31 11:38:00,958] {logging_mixin.py:109} INFO - [2025-05-31 11:38:00,958] {dagbag.py:500} INFO - Filling up the DagBag from /home/airflow/.local/lib/python3.6/site-packages/airflow/example_dags/example_sla_dag.py
[2025-05-31 11:38:01,017] {processor.py:654} INFO - DAG(s) dict_keys(['example_sla_dag']) retrieved from /home/airflow/.local/lib/python3.6/site-packages/airflow/example_dags/example_sla_dag.py
[2025-05-31 11:38:01,037] {logging_mixin.py:109} INFO - [2025-05-31 11:38:01,036] {dag.py:2396} INFO - Sync 1 DAGs
[2025-05-31 11:38:01,080] {logging_mixin.py:109} INFO - [2025-05-31 11:38:01,080] {dag.py:2935} INFO - Setting next_dagrun for example_sla_dag to 2025-05-31T11:36:00+00:00
[2025-05-31 11:38:01,096] {processor.py:171} INFO - Processing /home/airflow/.local/lib/python3.6/site-packages/airflow/example_dags/example_sla_dag.py took 0.148 seconds
[2025-05-31 11:38:31,755] {processor.py:163} INFO - Started process (PID=19308) to work on /home/airflow/.local/lib/python3.6/site-packages/airflow/example_dags/example_sla_dag.py
[2025-05-31 11:38:31,757] {processor.py:642} INFO - Processing file /home/airflow/.local/lib/python3.6/site-packages/airflow/example_dags/example_sla_dag.py for tasks to queue
[2025-05-31 11:38:31,758] {logging_mixin.py:109} INFO - [2025-05-31 11:38:31,758] {dagbag.py:500} INFO - Filling up the DagBag from /home/airflow/.local/lib/python3.6/site-packages/airflow/example_dags/example_sla_dag.py
[2025-05-31 11:38:31,801] {processor.py:654} INFO - DAG(s) dict_keys(['example_sla_dag']) retrieved from /home/airflow/.local/lib/python3.6/site-packages/airflow/example_dags/example_sla_dag.py
[2025-05-31 11:38:31,818] {logging_mixin.py:109} INFO - [2025-05-31 11:38:31,818] {dag.py:2396} INFO - Sync 1 DAGs
[2025-05-31 11:38:31,859] {logging_mixin.py:109} INFO - [2025-05-31 11:38:31,858] {dag.py:2935} INFO - Setting next_dagrun for example_sla_dag to 2025-05-31T11:36:00+00:00
[2025-05-31 11:38:31,873] {processor.py:171} INFO - Processing /home/airflow/.local/lib/python3.6/site-packages/airflow/example_dags/example_sla_dag.py took 0.123 seconds
[2025-05-31 11:39:02,034] {processor.py:163} INFO - Started process (PID=19493) to work on /home/airflow/.local/lib/python3.6/site-packages/airflow/example_dags/example_sla_dag.py
[2025-05-31 11:39:02,036] {processor.py:642} INFO - Processing file /home/airflow/.local/lib/python3.6/site-packages/airflow/example_dags/example_sla_dag.py for tasks to queue
[2025-05-31 11:39:02,037] {logging_mixin.py:109} INFO - [2025-05-31 11:39:02,037] {dagbag.py:500} INFO - Filling up the DagBag from /home/airflow/.local/lib/python3.6/site-packages/airflow/example_dags/example_sla_dag.py
[2025-05-31 11:39:02,087] {processor.py:654} INFO - DAG(s) dict_keys(['example_sla_dag']) retrieved from /home/airflow/.local/lib/python3.6/site-packages/airflow/example_dags/example_sla_dag.py
[2025-05-31 11:39:02,103] {logging_mixin.py:109} INFO - [2025-05-31 11:39:02,103] {dag.py:2396} INFO - Sync 1 DAGs
[2025-05-31 11:39:02,141] {logging_mixin.py:109} INFO - [2025-05-31 11:39:02,141] {dag.py:2935} INFO - Setting next_dagrun for example_sla_dag to 2025-05-31T11:36:00+00:00
[2025-05-31 11:39:02,158] {processor.py:171} INFO - Processing /home/airflow/.local/lib/python3.6/site-packages/airflow/example_dags/example_sla_dag.py took 0.129 seconds
[2025-05-31 11:39:32,500] {processor.py:163} INFO - Started process (PID=19688) to work on /home/airflow/.local/lib/python3.6/site-packages/airflow/example_dags/example_sla_dag.py
[2025-05-31 11:39:32,502] {processor.py:642} INFO - Processing file /home/airflow/.local/lib/python3.6/site-packages/airflow/example_dags/example_sla_dag.py for tasks to queue
[2025-05-31 11:39:32,503] {logging_mixin.py:109} INFO - [2025-05-31 11:39:32,503] {dagbag.py:500} INFO - Filling up the DagBag from /home/airflow/.local/lib/python3.6/site-packages/airflow/example_dags/example_sla_dag.py
[2025-05-31 11:39:32,557] {processor.py:654} INFO - DAG(s) dict_keys(['example_sla_dag']) retrieved from /home/airflow/.local/lib/python3.6/site-packages/airflow/example_dags/example_sla_dag.py
[2025-05-31 11:39:32,573] {logging_mixin.py:109} INFO - [2025-05-31 11:39:32,573] {dag.py:2396} INFO - Sync 1 DAGs
[2025-05-31 11:39:32,605] {logging_mixin.py:109} INFO - [2025-05-31 11:39:32,605] {dag.py:2935} INFO - Setting next_dagrun for example_sla_dag to 2025-05-31T11:36:00+00:00
[2025-05-31 11:39:32,617] {processor.py:171} INFO - Processing /home/airflow/.local/lib/python3.6/site-packages/airflow/example_dags/example_sla_dag.py took 0.122 seconds
[2025-05-31 11:40:03,138] {processor.py:163} INFO - Started process (PID=19875) to work on /home/airflow/.local/lib/python3.6/site-packages/airflow/example_dags/example_sla_dag.py
[2025-05-31 11:40:03,140] {processor.py:642} INFO - Processing file /home/airflow/.local/lib/python3.6/site-packages/airflow/example_dags/example_sla_dag.py for tasks to queue
[2025-05-31 11:40:03,141] {logging_mixin.py:109} INFO - [2025-05-31 11:40:03,141] {dagbag.py:500} INFO - Filling up the DagBag from /home/airflow/.local/lib/python3.6/site-packages/airflow/example_dags/example_sla_dag.py
[2025-05-31 11:40:03,182] {processor.py:654} INFO - DAG(s) dict_keys(['example_sla_dag']) retrieved from /home/airflow/.local/lib/python3.6/site-packages/airflow/example_dags/example_sla_dag.py
[2025-05-31 11:40:03,196] {logging_mixin.py:109} INFO - [2025-05-31 11:40:03,196] {dag.py:2396} INFO - Sync 1 DAGs
[2025-05-31 11:40:03,223] {logging_mixin.py:109} INFO - [2025-05-31 11:40:03,223] {dag.py:2935} INFO - Setting next_dagrun for example_sla_dag to 2025-05-31T11:38:00+00:00
[2025-05-31 11:40:03,235] {processor.py:171} INFO - Processing /home/airflow/.local/lib/python3.6/site-packages/airflow/example_dags/example_sla_dag.py took 0.101 seconds
[2025-05-31 11:40:34,270] {processor.py:163} INFO - Started process (PID=20067) to work on /home/airflow/.local/lib/python3.6/site-packages/airflow/example_dags/example_sla_dag.py
[2025-05-31 11:40:34,272] {processor.py:642} INFO - Processing file /home/airflow/.local/lib/python3.6/site-packages/airflow/example_dags/example_sla_dag.py for tasks to queue
[2025-05-31 11:40:34,274] {logging_mixin.py:109} INFO - [2025-05-31 11:40:34,273] {dagbag.py:500} INFO - Filling up the DagBag from /home/airflow/.local/lib/python3.6/site-packages/airflow/example_dags/example_sla_dag.py
[2025-05-31 11:40:34,324] {processor.py:654} INFO - DAG(s) dict_keys(['example_sla_dag']) retrieved from /home/airflow/.local/lib/python3.6/site-packages/airflow/example_dags/example_sla_dag.py
[2025-05-31 11:40:34,338] {logging_mixin.py:109} INFO - [2025-05-31 11:40:34,338] {dag.py:2396} INFO - Sync 1 DAGs
[2025-05-31 11:40:34,372] {logging_mixin.py:109} INFO - [2025-05-31 11:40:34,372] {dag.py:2935} INFO - Setting next_dagrun for example_sla_dag to 2025-05-31T11:38:00+00:00
[2025-05-31 11:40:34,385] {processor.py:171} INFO - Processing /home/airflow/.local/lib/python3.6/site-packages/airflow/example_dags/example_sla_dag.py took 0.121 seconds
[2025-05-31 11:41:05,510] {processor.py:163} INFO - Started process (PID=20252) to work on /home/airflow/.local/lib/python3.6/site-packages/airflow/example_dags/example_sla_dag.py
[2025-05-31 11:41:05,512] {processor.py:642} INFO - Processing file /home/airflow/.local/lib/python3.6/site-packages/airflow/example_dags/example_sla_dag.py for tasks to queue
[2025-05-31 11:41:05,513] {logging_mixin.py:109} INFO - [2025-05-31 11:41:05,513] {dagbag.py:500} INFO - Filling up the DagBag from /home/airflow/.local/lib/python3.6/site-packages/airflow/example_dags/example_sla_dag.py
[2025-05-31 11:41:05,556] {processor.py:654} INFO - DAG(s) dict_keys(['example_sla_dag']) retrieved from /home/airflow/.local/lib/python3.6/site-packages/airflow/example_dags/example_sla_dag.py
[2025-05-31 11:41:05,569] {logging_mixin.py:109} INFO - [2025-05-31 11:41:05,568] {dag.py:2396} INFO - Sync 1 DAGs
[2025-05-31 11:41:05,597] {logging_mixin.py:109} INFO - [2025-05-31 11:41:05,596] {dag.py:2935} INFO - Setting next_dagrun for example_sla_dag to 2025-05-31T11:38:00+00:00
[2025-05-31 11:41:05,608] {processor.py:171} INFO - Processing /home/airflow/.local/lib/python3.6/site-packages/airflow/example_dags/example_sla_dag.py took 0.102 seconds
[2025-05-31 11:41:36,857] {processor.py:163} INFO - Started process (PID=20449) to work on /home/airflow/.local/lib/python3.6/site-packages/airflow/example_dags/example_sla_dag.py
[2025-05-31 11:41:36,859] {processor.py:642} INFO - Processing file /home/airflow/.local/lib/python3.6/site-packages/airflow/example_dags/example_sla_dag.py for tasks to queue
[2025-05-31 11:41:36,860] {logging_mixin.py:109} INFO - [2025-05-31 11:41:36,860] {dagbag.py:500} INFO - Filling up the DagBag from /home/airflow/.local/lib/python3.6/site-packages/airflow/example_dags/example_sla_dag.py
[2025-05-31 11:41:36,928] {processor.py:654} INFO - DAG(s) dict_keys(['example_sla_dag']) retrieved from /home/airflow/.local/lib/python3.6/site-packages/airflow/example_dags/example_sla_dag.py
[2025-05-31 11:41:36,631] {logging_mixin.py:109} INFO - [2025-05-31 11:41:36,631] {dag.py:2396} INFO - Sync 1 DAGs
[2025-05-31 11:41:36,675] {logging_mixin.py:109} INFO - [2025-05-31 11:41:36,675] {dag.py:2935} INFO - Setting next_dagrun for example_sla_dag to 2025-05-31T11:38:00+00:00
[2025-05-31 11:41:36,691] {processor.py:171} INFO - Processing /home/airflow/.local/lib/python3.6/site-packages/airflow/example_dags/example_sla_dag.py took 0.157 seconds
[2025-05-31 11:42:07,187] {processor.py:163} INFO - Started process (PID=20637) to work on /home/airflow/.local/lib/python3.6/site-packages/airflow/example_dags/example_sla_dag.py
[2025-05-31 11:42:07,189] {processor.py:642} INFO - Processing file /home/airflow/.local/lib/python3.6/site-packages/airflow/example_dags/example_sla_dag.py for tasks to queue
[2025-05-31 11:42:07,190] {logging_mixin.py:109} INFO - [2025-05-31 11:42:07,190] {dagbag.py:500} INFO - Filling up the DagBag from /home/airflow/.local/lib/python3.6/site-packages/airflow/example_dags/example_sla_dag.py
[2025-05-31 11:42:07,229] {processor.py:654} INFO - DAG(s) dict_keys(['example_sla_dag']) retrieved from /home/airflow/.local/lib/python3.6/site-packages/airflow/example_dags/example_sla_dag.py
[2025-05-31 11:42:07,242] {logging_mixin.py:109} INFO - [2025-05-31 11:42:07,242] {dag.py:2396} INFO - Sync 1 DAGs
[2025-05-31 11:42:07,267] {logging_mixin.py:109} INFO - [2025-05-31 11:42:07,267] {dag.py:2935} INFO - Setting next_dagrun for example_sla_dag to 2025-05-31T11:40:00+00:00
[2025-05-31 11:42:07,278] {processor.py:171} INFO - Processing /home/airflow/.local/lib/python3.6/site-packages/airflow/example_dags/example_sla_dag.py took 0.095 seconds
[2025-05-31 11:42:38,096] {processor.py:163} INFO - Started process (PID=20822) to work on /home/airflow/.local/lib/python3.6/site-packages/airflow/example_dags/example_sla_dag.py
[2025-05-31 11:42:38,098] {processor.py:642} INFO - Processing file /home/airflow/.local/lib/python3.6/site-packages/airflow/example_dags/example_sla_dag.py for tasks to queue
[2025-05-31 11:42:38,099] {logging_mixin.py:109} INFO - [2025-05-31 11:42:38,099] {dagbag.py:500} INFO - Filling up the DagBag from /home/airflow/.local/lib/python3.6/site-packages/airflow/example_dags/example_sla_dag.py
[2025-05-31 11:42:38,151] {processor.py:654} INFO - DAG(s) dict_keys(['example_sla_dag']) retrieved from /home/airflow/.local/lib/python3.6/site-packages/airflow/example_dags/example_sla_dag.py
[2025-05-31 11:42:38,165] {logging_mixin.py:109} INFO - [2025-05-31 11:42:38,164] {dag.py:2396} INFO - Sync 1 DAGs
[2025-05-31 11:42:38,197] {logging_mixin.py:109} INFO - [2025-05-31 11:42:38,197] {dag.py:2935} INFO - Setting next_dagrun for example_sla_dag to 2025-05-31T11:40:00+00:00
[2025-05-31 11:42:38,210] {processor.py:171} INFO - Processing /home/airflow/.local/lib/python3.6/site-packages/airflow/example_dags/example_sla_dag.py took 0.119 seconds
[2025-05-31 11:43:08,803] {processor.py:163} INFO - Started process (PID=21017) to work on /home/airflow/.local/lib/python3.6/site-packages/airflow/example_dags/example_sla_dag.py
[2025-05-31 11:43:08,806] {processor.py:642} INFO - Processing file /home/airflow/.local/lib/python3.6/site-packages/airflow/example_dags/example_sla_dag.py for tasks to queue
[2025-05-31 11:43:08,807] {logging_mixin.py:109} INFO - [2025-05-31 11:43:08,807] {dagbag.py:500} INFO - Filling up the DagBag from /home/airflow/.local/lib/python3.6/site-packages/airflow/example_dags/example_sla_dag.py
[2025-05-31 11:43:08,861] {processor.py:654} INFO - DAG(s) dict_keys(['example_sla_dag']) retrieved from /home/airflow/.local/lib/python3.6/site-packages/airflow/example_dags/example_sla_dag.py
[2025-05-31 11:43:08,874] {logging_mixin.py:109} INFO - [2025-05-31 11:43:08,874] {dag.py:2396} INFO - Sync 1 DAGs
[2025-05-31 11:43:08,904] {logging_mixin.py:109} INFO - [2025-05-31 11:43:08,903] {dag.py:2935} INFO - Setting next_dagrun for example_sla_dag to 2025-05-31T11:40:00+00:00
[2025-05-31 11:43:08,915] {processor.py:171} INFO - Processing /home/airflow/.local/lib/python3.6/site-packages/airflow/example_dags/example_sla_dag.py took 0.119 seconds
[2025-05-31 11:43:39,105] {processor.py:163} INFO - Started process (PID=21202) to work on /home/airflow/.local/lib/python3.6/site-packages/airflow/example_dags/example_sla_dag.py
[2025-05-31 11:43:39,113] {processor.py:642} INFO - Processing file /home/airflow/.local/lib/python3.6/site-packages/airflow/example_dags/example_sla_dag.py for tasks to queue
[2025-05-31 11:43:39,115] {logging_mixin.py:109} INFO - [2025-05-31 11:43:39,115] {dagbag.py:500} INFO - Filling up the DagBag from /home/airflow/.local/lib/python3.6/site-packages/airflow/example_dags/example_sla_dag.py
[2025-05-31 11:43:39,178] {processor.py:654} INFO - DAG(s) dict_keys(['example_sla_dag']) retrieved from /home/airflow/.local/lib/python3.6/site-packages/airflow/example_dags/example_sla_dag.py
[2025-05-31 11:43:39,197] {logging_mixin.py:109} INFO - [2025-05-31 11:43:39,197] {dag.py:2396} INFO - Sync 1 DAGs
[2025-05-31 11:43:39,238] {logging_mixin.py:109} INFO - [2025-05-31 11:43:39,238] {dag.py:2935} INFO - Setting next_dagrun for example_sla_dag to 2025-05-31T11:40:00+00:00
[2025-05-31 11:43:39,249] {processor.py:171} INFO - Processing /home/airflow/.local/lib/python3.6/site-packages/airflow/example_dags/example_sla_dag.py took 0.149 seconds
[2025-05-31 11:44:09,767] {processor.py:163} INFO - Started process (PID=21397) to work on /home/airflow/.local/lib/python3.6/site-packages/airflow/example_dags/example_sla_dag.py
[2025-05-31 11:44:09,769] {processor.py:642} INFO - Processing file /home/airflow/.local/lib/python3.6/site-packages/airflow/example_dags/example_sla_dag.py for tasks to queue
[2025-05-31 11:44:09,770] {logging_mixin.py:109} INFO - [2025-05-31 11:44:09,770] {dagbag.py:500} INFO - Filling up the DagBag from /home/airflow/.local/lib/python3.6/site-packages/airflow/example_dags/example_sla_dag.py
[2025-05-31 11:44:09,824] {processor.py:654} INFO - DAG(s) dict_keys(['example_sla_dag']) retrieved from /home/airflow/.local/lib/python3.6/site-packages/airflow/example_dags/example_sla_dag.py
[2025-05-31 11:44:09,839] {logging_mixin.py:109} INFO - [2025-05-31 11:44:09,839] {dag.py:2396} INFO - Sync 1 DAGs
[2025-05-31 11:44:09,873] {logging_mixin.py:109} INFO - [2025-05-31 11:44:09,873] {dag.py:2935} INFO - Setting next_dagrun for example_sla_dag to 2025-05-31T11:42:00+00:00
[2025-05-31 11:44:09,888] {processor.py:171} INFO - Processing /home/airflow/.local/lib/python3.6/site-packages/airflow/example_dags/example_sla_dag.py took 0.125 seconds
[2025-05-31 11:44:40,426] {processor.py:163} INFO - Started process (PID=21583) to work on /home/airflow/.local/lib/python3.6/site-packages/airflow/example_dags/example_sla_dag.py
[2025-05-31 11:44:40,428] {processor.py:642} INFO - Processing file /home/airflow/.local/lib/python3.6/site-packages/airflow/example_dags/example_sla_dag.py for tasks to queue
[2025-05-31 11:44:40,429] {logging_mixin.py:109} INFO - [2025-05-31 11:44:40,429] {dagbag.py:500} INFO - Filling up the DagBag from /home/airflow/.local/lib/python3.6/site-packages/airflow/example_dags/example_sla_dag.py
[2025-05-31 11:44:40,470] {processor.py:654} INFO - DAG(s) dict_keys(['example_sla_dag']) retrieved from /home/airflow/.local/lib/python3.6/site-packages/airflow/example_dags/example_sla_dag.py
[2025-05-31 11:44:40,483] {logging_mixin.py:109} INFO - [2025-05-31 11:44:40,483] {dag.py:2396} INFO - Sync 1 DAGs
[2025-05-31 11:44:40,510] {logging_mixin.py:109} INFO - [2025-05-31 11:44:40,510] {dag.py:2935} INFO - Setting next_dagrun for example_sla_dag to 2025-05-31T11:42:00+00:00
[2025-05-31 11:44:40,526] {processor.py:171} INFO - Processing /home/airflow/.local/lib/python3.6/site-packages/airflow/example_dags/example_sla_dag.py took 0.104 seconds
[2025-05-31 11:45:11,142] {processor.py:163} INFO - Started process (PID=21768) to work on /home/airflow/.local/lib/python3.6/site-packages/airflow/example_dags/example_sla_dag.py
[2025-05-31 11:45:11,144] {processor.py:642} INFO - Processing file /home/airflow/.local/lib/python3.6/site-packages/airflow/example_dags/example_sla_dag.py for tasks to queue
[2025-05-31 11:45:11,145] {logging_mixin.py:109} INFO - [2025-05-31 11:45:11,145] {dagbag.py:500} INFO - Filling up the DagBag from /home/airflow/.local/lib/python3.6/site-packages/airflow/example_dags/example_sla_dag.py
[2025-05-31 11:45:11,193] {processor.py:654} INFO - DAG(s) dict_keys(['example_sla_dag']) retrieved from /home/airflow/.local/lib/python3.6/site-packages/airflow/example_dags/example_sla_dag.py
[2025-05-31 11:45:11,212] {logging_mixin.py:109} INFO - [2025-05-31 11:45:11,212] {dag.py:2396} INFO - Sync 1 DAGs
[2025-05-31 11:45:11,250] {logging_mixin.py:109} INFO - [2025-05-31 11:45:11,250] {dag.py:2935} INFO - Setting next_dagrun for example_sla_dag to 2025-05-31T11:42:00+00:00
[2025-05-31 11:45:11,269] {processor.py:171} INFO - Processing /home/airflow/.local/lib/python3.6/site-packages/airflow/example_dags/example_sla_dag.py took 0.133 seconds
[2025-05-31 11:45:41,943] {processor.py:163} INFO - Started process (PID=21963) to work on /home/airflow/.local/lib/python3.6/site-packages/airflow/example_dags/example_sla_dag.py
[2025-05-31 11:45:41,945] {processor.py:642} INFO - Processing file /home/airflow/.local/lib/python3.6/site-packages/airflow/example_dags/example_sla_dag.py for tasks to queue
[2025-05-31 11:45:41,946] {logging_mixin.py:109} INFO - [2025-05-31 11:45:41,946] {dagbag.py:500} INFO - Filling up the DagBag from /home/airflow/.local/lib/python3.6/site-packages/airflow/example_dags/example_sla_dag.py
[2025-05-31 11:45:41,999] {processor.py:654} INFO - DAG(s) dict_keys(['example_sla_dag']) retrieved from /home/airflow/.local/lib/python3.6/site-packages/airflow/example_dags/example_sla_dag.py
[2025-05-31 11:45:42,018] {logging_mixin.py:109} INFO - [2025-05-31 11:45:42,018] {dag.py:2396} INFO - Sync 1 DAGs
[2025-05-31 11:45:42,054] {logging_mixin.py:109} INFO - [2025-05-31 11:45:42,054] {dag.py:2935} INFO - Setting next_dagrun for example_sla_dag to 2025-05-31T11:42:00+00:00
[2025-05-31 11:45:42,069] {processor.py:171} INFO - Processing /home/airflow/.local/lib/python3.6/site-packages/airflow/example_dags/example_sla_dag.py took 0.131 seconds
[2025-05-31 11:46:12,906] {processor.py:163} INFO - Started process (PID=22148) to work on /home/airflow/.local/lib/python3.6/site-packages/airflow/example_dags/example_sla_dag.py
[2025-05-31 11:46:12,908] {processor.py:642} INFO - Processing file /home/airflow/.local/lib/python3.6/site-packages/airflow/example_dags/example_sla_dag.py for tasks to queue
[2025-05-31 11:46:12,909] {logging_mixin.py:109} INFO - [2025-05-31 11:46:12,909] {dagbag.py:500} INFO - Filling up the DagBag from /home/airflow/.local/lib/python3.6/site-packages/airflow/example_dags/example_sla_dag.py
[2025-05-31 11:46:12,965] {processor.py:654} INFO - DAG(s) dict_keys(['example_sla_dag']) retrieved from /home/airflow/.local/lib/python3.6/site-packages/airflow/example_dags/example_sla_dag.py
[2025-05-31 11:46:12,981] {logging_mixin.py:109} INFO - [2025-05-31 11:46:12,981] {dag.py:2396} INFO - Sync 1 DAGs
[2025-05-31 11:46:13,015] {logging_mixin.py:109} INFO - [2025-05-31 11:46:13,015] {dag.py:2935} INFO - Setting next_dagrun for example_sla_dag to 2025-05-31T11:44:00+00:00
[2025-05-31 11:46:13,030] {processor.py:171} INFO - Processing /home/airflow/.local/lib/python3.6/site-packages/airflow/example_dags/example_sla_dag.py took 0.130 seconds
[2025-05-31 11:46:43,765] {processor.py:163} INFO - Started process (PID=22333) to work on /home/airflow/.local/lib/python3.6/site-packages/airflow/example_dags/example_sla_dag.py
[2025-05-31 11:46:43,767] {processor.py:642} INFO - Processing file /home/airflow/.local/lib/python3.6/site-packages/airflow/example_dags/example_sla_dag.py for tasks to queue
[2025-05-31 11:46:43,773] {logging_mixin.py:109} INFO - [2025-05-31 11:46:43,773] {dagbag.py:500} INFO - Filling up the DagBag from /home/airflow/.local/lib/python3.6/site-packages/airflow/example_dags/example_sla_dag.py
[2025-05-31 11:46:43,840] {processor.py:654} INFO - DAG(s) dict_keys(['example_sla_dag']) retrieved from /home/airflow/.local/lib/python3.6/site-packages/airflow/example_dags/example_sla_dag.py
[2025-05-31 11:46:43,873] {logging_mixin.py:109} INFO - [2025-05-31 11:46:43,873] {dag.py:2396} INFO - Sync 1 DAGs
[2025-05-31 11:46:43,904] {logging_mixin.py:109} INFO - [2025-05-31 11:46:43,903] {dag.py:2935} INFO - Setting next_dagrun for example_sla_dag to 2025-05-31T11:44:00+00:00
[2025-05-31 11:46:43,915] {processor.py:171} INFO - Processing /home/airflow/.local/lib/python3.6/site-packages/airflow/example_dags/example_sla_dag.py took 0.155 seconds
[2025-05-31 11:47:14,419] {processor.py:163} INFO - Started process (PID=22528) to work on /home/airflow/.local/lib/python3.6/site-packages/airflow/example_dags/example_sla_dag.py
[2025-05-31 11:47:14,421] {processor.py:642} INFO - Processing file /home/airflow/.local/lib/python3.6/site-packages/airflow/example_dags/example_sla_dag.py for tasks to queue
[2025-05-31 11:47:14,422] {logging_mixin.py:109} INFO - [2025-05-31 11:47:14,422] {dagbag.py:500} INFO - Filling up the DagBag from /home/airflow/.local/lib/python3.6/site-packages/airflow/example_dags/example_sla_dag.py
[2025-05-31 11:47:14,465] {processor.py:654} INFO - DAG(s) dict_keys(['example_sla_dag']) retrieved from /home/airflow/.local/lib/python3.6/site-packages/airflow/example_dags/example_sla_dag.py
[2025-05-31 11:47:14,478] {logging_mixin.py:109} INFO - [2025-05-31 11:47:14,478] {dag.py:2396} INFO - Sync 1 DAGs
[2025-05-31 11:47:14,510] {logging_mixin.py:109} INFO - [2025-05-31 11:47:14,510] {dag.py:2935} INFO - Setting next_dagrun for example_sla_dag to 2025-05-31T11:44:00+00:00
[2025-05-31 11:47:14,523] {processor.py:171} INFO - Processing /home/airflow/.local/lib/python3.6/site-packages/airflow/example_dags/example_sla_dag.py took 0.109 seconds
[2025-05-31 11:47:44,887] {processor.py:163} INFO - Started process (PID=22713) to work on /home/airflow/.local/lib/python3.6/site-packages/airflow/example_dags/example_sla_dag.py
[2025-05-31 11:47:44,889] {processor.py:642} INFO - Processing file /home/airflow/.local/lib/python3.6/site-packages/airflow/example_dags/example_sla_dag.py for tasks to queue
[2025-05-31 11:47:44,890] {logging_mixin.py:109} INFO - [2025-05-31 11:47:44,890] {dagbag.py:500} INFO - Filling up the DagBag from /home/airflow/.local/lib/python3.6/site-packages/airflow/example_dags/example_sla_dag.py
[2025-05-31 11:47:44,929] {processor.py:654} INFO - DAG(s) dict_keys(['example_sla_dag']) retrieved from /home/airflow/.local/lib/python3.6/site-packages/airflow/example_dags/example_sla_dag.py
[2025-05-31 11:47:44,941] {logging_mixin.py:109} INFO - [2025-05-31 11:47:44,941] {dag.py:2396} INFO - Sync 1 DAGs
[2025-05-31 11:47:44,971] {logging_mixin.py:109} INFO - [2025-05-31 11:47:44,971] {dag.py:2935} INFO - Setting next_dagrun for example_sla_dag to 2025-05-31T11:44:00+00:00
[2025-05-31 11:47:44,981] {processor.py:171} INFO - Processing /home/airflow/.local/lib/python3.6/site-packages/airflow/example_dags/example_sla_dag.py took 0.098 seconds
[2025-05-31 11:48:15,598] {processor.py:163} INFO - Started process (PID=22908) to work on /home/airflow/.local/lib/python3.6/site-packages/airflow/example_dags/example_sla_dag.py
[2025-05-31 11:48:15,600] {processor.py:642} INFO - Processing file /home/airflow/.local/lib/python3.6/site-packages/airflow/example_dags/example_sla_dag.py for tasks to queue
[2025-05-31 11:48:15,601] {logging_mixin.py:109} INFO - [2025-05-31 11:48:15,601] {dagbag.py:500} INFO - Filling up the DagBag from /home/airflow/.local/lib/python3.6/site-packages/airflow/example_dags/example_sla_dag.py
[2025-05-31 11:48:15,646] {processor.py:654} INFO - DAG(s) dict_keys(['example_sla_dag']) retrieved from /home/airflow/.local/lib/python3.6/site-packages/airflow/example_dags/example_sla_dag.py
[2025-05-31 11:48:15,662] {logging_mixin.py:109} INFO - [2025-05-31 11:48:15,661] {dag.py:2396} INFO - Sync 1 DAGs
[2025-05-31 11:48:15,692] {logging_mixin.py:109} INFO - [2025-05-31 11:48:15,692] {dag.py:2935} INFO - Setting next_dagrun for example_sla_dag to 2025-05-31T11:46:00+00:00
[2025-05-31 11:48:15,707] {processor.py:171} INFO - Processing /home/airflow/.local/lib/python3.6/site-packages/airflow/example_dags/example_sla_dag.py took 0.113 seconds
[2025-05-31 11:48:46,636] {processor.py:163} INFO - Started process (PID=23092) to work on /home/airflow/.local/lib/python3.6/site-packages/airflow/example_dags/example_sla_dag.py
[2025-05-31 11:48:46,638] {processor.py:642} INFO - Processing file /home/airflow/.local/lib/python3.6/site-packages/airflow/example_dags/example_sla_dag.py for tasks to queue
[2025-05-31 11:48:46,639] {logging_mixin.py:109} INFO - [2025-05-31 11:48:46,639] {dagbag.py:500} INFO - Filling up the DagBag from /home/airflow/.local/lib/python3.6/site-packages/airflow/example_dags/example_sla_dag.py
[2025-05-31 11:48:46,679] {processor.py:654} INFO - DAG(s) dict_keys(['example_sla_dag']) retrieved from /home/airflow/.local/lib/python3.6/site-packages/airflow/example_dags/example_sla_dag.py
[2025-05-31 11:48:46,693] {logging_mixin.py:109} INFO - [2025-05-31 11:48:46,692] {dag.py:2396} INFO - Sync 1 DAGs
[2025-05-31 11:48:46,721] {logging_mixin.py:109} INFO - [2025-05-31 11:48:46,720] {dag.py:2935} INFO - Setting next_dagrun for example_sla_dag to 2025-05-31T11:46:00+00:00
[2025-05-31 11:48:46,733] {processor.py:171} INFO - Processing /home/airflow/.local/lib/python3.6/site-packages/airflow/example_dags/example_sla_dag.py took 0.101 seconds
[2025-05-31 11:49:17,489] {processor.py:163} INFO - Started process (PID=23287) to work on /home/airflow/.local/lib/python3.6/site-packages/airflow/example_dags/example_sla_dag.py
[2025-05-31 11:49:17,491] {processor.py:642} INFO - Processing file /home/airflow/.local/lib/python3.6/site-packages/airflow/example_dags/example_sla_dag.py for tasks to queue
[2025-05-31 11:49:17,492] {logging_mixin.py:109} INFO - [2025-05-31 11:49:17,491] {dagbag.py:500} INFO - Filling up the DagBag from /home/airflow/.local/lib/python3.6/site-packages/airflow/example_dags/example_sla_dag.py
[2025-05-31 11:49:17,544] {processor.py:654} INFO - DAG(s) dict_keys(['example_sla_dag']) retrieved from /home/airflow/.local/lib/python3.6/site-packages/airflow/example_dags/example_sla_dag.py
[2025-05-31 11:49:17,558] {logging_mixin.py:109} INFO - [2025-05-31 11:49:17,558] {dag.py:2396} INFO - Sync 1 DAGs
[2025-05-31 11:49:17,587] {logging_mixin.py:109} INFO - [2025-05-31 11:49:17,587] {dag.py:2935} INFO - Setting next_dagrun for example_sla_dag to 2025-05-31T11:46:00+00:00
[2025-05-31 11:49:17,599] {processor.py:171} INFO - Processing /home/airflow/.local/lib/python3.6/site-packages/airflow/example_dags/example_sla_dag.py took 0.115 seconds
[2025-05-31 11:49:48,539] {processor.py:163} INFO - Started process (PID=23473) to work on /home/airflow/.local/lib/python3.6/site-packages/airflow/example_dags/example_sla_dag.py
[2025-05-31 11:49:48,541] {processor.py:642} INFO - Processing file /home/airflow/.local/lib/python3.6/site-packages/airflow/example_dags/example_sla_dag.py for tasks to queue
[2025-05-31 11:49:48,542] {logging_mixin.py:109} INFO - [2025-05-31 11:49:48,542] {dagbag.py:500} INFO - Filling up the DagBag from /home/airflow/.local/lib/python3.6/site-packages/airflow/example_dags/example_sla_dag.py
[2025-05-31 11:49:48,579] {processor.py:654} INFO - DAG(s) dict_keys(['example_sla_dag']) retrieved from /home/airflow/.local/lib/python3.6/site-packages/airflow/example_dags/example_sla_dag.py
[2025-05-31 11:49:48,591] {logging_mixin.py:109} INFO - [2025-05-31 11:49:48,591] {dag.py:2396} INFO - Sync 1 DAGs
[2025-05-31 11:49:48,618] {logging_mixin.py:109} INFO - [2025-05-31 11:49:48,618] {dag.py:2935} INFO - Setting next_dagrun for example_sla_dag to 2025-05-31T11:46:00+00:00
[2025-05-31 11:49:48,629] {processor.py:171} INFO - Processing /home/airflow/.local/lib/python3.6/site-packages/airflow/example_dags/example_sla_dag.py took 0.095 seconds
[2025-05-31 11:50:19,226] {processor.py:163} INFO - Started process (PID=23658) to work on /home/airflow/.local/lib/python3.6/site-packages/airflow/example_dags/example_sla_dag.py
[2025-05-31 11:50:19,228] {processor.py:642} INFO - Processing file /home/airflow/.local/lib/python3.6/site-packages/airflow/example_dags/example_sla_dag.py for tasks to queue
[2025-05-31 11:50:19,229] {logging_mixin.py:109} INFO - [2025-05-31 11:50:19,229] {dagbag.py:500} INFO - Filling up the DagBag from /home/airflow/.local/lib/python3.6/site-packages/airflow/example_dags/example_sla_dag.py
[2025-05-31 11:50:19,266] {processor.py:654} INFO - DAG(s) dict_keys(['example_sla_dag']) retrieved from /home/airflow/.local/lib/python3.6/site-packages/airflow/example_dags/example_sla_dag.py
[2025-05-31 11:50:19,278] {logging_mixin.py:109} INFO - [2025-05-31 11:50:19,278] {dag.py:2396} INFO - Sync 1 DAGs
[2025-05-31 11:50:19,303] {logging_mixin.py:109} INFO - [2025-05-31 11:50:19,303] {dag.py:2935} INFO - Setting next_dagrun for example_sla_dag to 2025-05-31T11:48:00+00:00
[2025-05-31 11:50:19,314] {processor.py:171} INFO - Processing /home/airflow/.local/lib/python3.6/site-packages/airflow/example_dags/example_sla_dag.py took 0.092 seconds
[2025-05-31 11:50:50,387] {processor.py:163} INFO - Started process (PID=23853) to work on /home/airflow/.local/lib/python3.6/site-packages/airflow/example_dags/example_sla_dag.py
[2025-05-31 11:50:50,389] {processor.py:642} INFO - Processing file /home/airflow/.local/lib/python3.6/site-packages/airflow/example_dags/example_sla_dag.py for tasks to queue
[2025-05-31 11:50:50,391] {logging_mixin.py:109} INFO - [2025-05-31 11:50:50,391] {dagbag.py:500} INFO - Filling up the DagBag from /home/airflow/.local/lib/python3.6/site-packages/airflow/example_dags/example_sla_dag.py
[2025-05-31 11:50:50,460] {processor.py:654} INFO - DAG(s) dict_keys(['example_sla_dag']) retrieved from /home/airflow/.local/lib/python3.6/site-packages/airflow/example_dags/example_sla_dag.py
[2025-05-31 11:50:50,480] {logging_mixin.py:109} INFO - [2025-05-31 11:50:50,480] {dag.py:2396} INFO - Sync 1 DAGs
[2025-05-31 11:50:50,533] {logging_mixin.py:109} INFO - [2025-05-31 11:50:50,533] {dag.py:2935} INFO - Setting next_dagrun for example_sla_dag to 2025-05-31T11:48:00+00:00
[2025-05-31 11:50:50,548] {processor.py:171} INFO - Processing /home/airflow/.local/lib/python3.6/site-packages/airflow/example_dags/example_sla_dag.py took 0.165 seconds
[2025-05-31 11:51:20,912] {processor.py:163} INFO - Started process (PID=24038) to work on /home/airflow/.local/lib/python3.6/site-packages/airflow/example_dags/example_sla_dag.py
[2025-05-31 11:51:20,914] {processor.py:642} INFO - Processing file /home/airflow/.local/lib/python3.6/site-packages/airflow/example_dags/example_sla_dag.py for tasks to queue
[2025-05-31 11:51:20,915] {logging_mixin.py:109} INFO - [2025-05-31 11:51:20,915] {dagbag.py:500} INFO - Filling up the DagBag from /home/airflow/.local/lib/python3.6/site-packages/airflow/example_dags/example_sla_dag.py
[2025-05-31 11:51:20,957] {processor.py:654} INFO - DAG(s) dict_keys(['example_sla_dag']) retrieved from /home/airflow/.local/lib/python3.6/site-packages/airflow/example_dags/example_sla_dag.py
[2025-05-31 11:51:20,970] {logging_mixin.py:109} INFO - [2025-05-31 11:51:20,970] {dag.py:2396} INFO - Sync 1 DAGs
[2025-05-31 11:51:20,999] {logging_mixin.py:109} INFO - [2025-05-31 11:51:20,999] {dag.py:2935} INFO - Setting next_dagrun for example_sla_dag to 2025-05-31T11:48:00+00:00
[2025-05-31 11:51:21,010] {processor.py:171} INFO - Processing /home/airflow/.local/lib/python3.6/site-packages/airflow/example_dags/example_sla_dag.py took 0.103 seconds
[2025-05-31 11:51:51,080] {processor.py:163} INFO - Started process (PID=24217) to work on /home/airflow/.local/lib/python3.6/site-packages/airflow/example_dags/example_sla_dag.py
[2025-05-31 11:51:51,082] {processor.py:642} INFO - Processing file /home/airflow/.local/lib/python3.6/site-packages/airflow/example_dags/example_sla_dag.py for tasks to queue
[2025-05-31 11:51:51,083] {logging_mixin.py:109} INFO - [2025-05-31 11:51:51,083] {dagbag.py:500} INFO - Filling up the DagBag from /home/airflow/.local/lib/python3.6/site-packages/airflow/example_dags/example_sla_dag.py
[2025-05-31 11:51:51,131] {processor.py:654} INFO - DAG(s) dict_keys(['example_sla_dag']) retrieved from /home/airflow/.local/lib/python3.6/site-packages/airflow/example_dags/example_sla_dag.py
[2025-05-31 11:51:51,149] {logging_mixin.py:109} INFO - [2025-05-31 11:51:51,148] {dag.py:2396} INFO - Sync 1 DAGs
[2025-05-31 11:51:51,180] {logging_mixin.py:109} INFO - [2025-05-31 11:51:51,180] {dag.py:2935} INFO - Setting next_dagrun for example_sla_dag to 2025-05-31T11:48:00+00:00
[2025-05-31 11:51:51,193] {processor.py:171} INFO - Processing /home/airflow/.local/lib/python3.6/site-packages/airflow/example_dags/example_sla_dag.py took 0.119 seconds
[2025-05-31 11:52:22,440] {processor.py:163} INFO - Started process (PID=24417) to work on /home/airflow/.local/lib/python3.6/site-packages/airflow/example_dags/example_sla_dag.py
[2025-05-31 11:52:22,441] {processor.py:642} INFO - Processing file /home/airflow/.local/lib/python3.6/site-packages/airflow/example_dags/example_sla_dag.py for tasks to queue
[2025-05-31 11:52:22,442] {logging_mixin.py:109} INFO - [2025-05-31 11:52:22,442] {dagbag.py:500} INFO - Filling up the DagBag from /home/airflow/.local/lib/python3.6/site-packages/airflow/example_dags/example_sla_dag.py
[2025-05-31 11:52:22,483] {processor.py:654} INFO - DAG(s) dict_keys(['example_sla_dag']) retrieved from /home/airflow/.local/lib/python3.6/site-packages/airflow/example_dags/example_sla_dag.py
[2025-05-31 11:52:22,496] {logging_mixin.py:109} INFO - [2025-05-31 11:52:22,496] {dag.py:2396} INFO - Sync 1 DAGs
[2025-05-31 11:52:22,526] {logging_mixin.py:109} INFO - [2025-05-31 11:52:22,526] {dag.py:2935} INFO - Setting next_dagrun for example_sla_dag to 2025-05-31T11:50:00+00:00
[2025-05-31 11:52:22,539] {processor.py:171} INFO - Processing /home/airflow/.local/lib/python3.6/site-packages/airflow/example_dags/example_sla_dag.py took 0.103 seconds
[2025-05-31 11:52:53,217] {processor.py:163} INFO - Started process (PID=24602) to work on /home/airflow/.local/lib/python3.6/site-packages/airflow/example_dags/example_sla_dag.py
[2025-05-31 11:52:53,220] {processor.py:642} INFO - Processing file /home/airflow/.local/lib/python3.6/site-packages/airflow/example_dags/example_sla_dag.py for tasks to queue
[2025-05-31 11:52:53,221] {logging_mixin.py:109} INFO - [2025-05-31 11:52:53,221] {dagbag.py:500} INFO - Filling up the DagBag from /home/airflow/.local/lib/python3.6/site-packages/airflow/example_dags/example_sla_dag.py
[2025-05-31 11:52:53,269] {processor.py:654} INFO - DAG(s) dict_keys(['example_sla_dag']) retrieved from /home/airflow/.local/lib/python3.6/site-packages/airflow/example_dags/example_sla_dag.py
[2025-05-31 11:52:53,284] {logging_mixin.py:109} INFO - [2025-05-31 11:52:53,284] {dag.py:2396} INFO - Sync 1 DAGs
[2025-05-31 11:52:53,318] {logging_mixin.py:109} INFO - [2025-05-31 11:52:53,318] {dag.py:2935} INFO - Setting next_dagrun for example_sla_dag to 2025-05-31T11:50:00+00:00
[2025-05-31 11:52:53,332] {processor.py:171} INFO - Processing /home/airflow/.local/lib/python3.6/site-packages/airflow/example_dags/example_sla_dag.py took 0.122 seconds
[2025-05-31 11:53:24,528] {processor.py:163} INFO - Started process (PID=24797) to work on /home/airflow/.local/lib/python3.6/site-packages/airflow/example_dags/example_sla_dag.py
[2025-05-31 11:53:24,530] {processor.py:642} INFO - Processing file /home/airflow/.local/lib/python3.6/site-packages/airflow/example_dags/example_sla_dag.py for tasks to queue
[2025-05-31 11:53:24,531] {logging_mixin.py:109} INFO - [2025-05-31 11:53:24,531] {dagbag.py:500} INFO - Filling up the DagBag from /home/airflow/.local/lib/python3.6/site-packages/airflow/example_dags/example_sla_dag.py
[2025-05-31 11:53:24,582] {processor.py:654} INFO - DAG(s) dict_keys(['example_sla_dag']) retrieved from /home/airflow/.local/lib/python3.6/site-packages/airflow/example_dags/example_sla_dag.py
[2025-05-31 11:53:24,598] {logging_mixin.py:109} INFO - [2025-05-31 11:53:24,598] {dag.py:2396} INFO - Sync 1 DAGs
[2025-05-31 11:53:24,639] {logging_mixin.py:109} INFO - [2025-05-31 11:53:24,638] {dag.py:2935} INFO - Setting next_dagrun for example_sla_dag to 2025-05-31T11:50:00+00:00
[2025-05-31 11:53:24,654] {processor.py:171} INFO - Processing /home/airflow/.local/lib/python3.6/site-packages/airflow/example_dags/example_sla_dag.py took 0.132 seconds
[2025-05-31 11:53:54,725] {processor.py:163} INFO - Started process (PID=24982) to work on /home/airflow/.local/lib/python3.6/site-packages/airflow/example_dags/example_sla_dag.py
[2025-05-31 11:53:54,726] {processor.py:642} INFO - Processing file /home/airflow/.local/lib/python3.6/site-packages/airflow/example_dags/example_sla_dag.py for tasks to queue
[2025-05-31 11:53:54,727] {logging_mixin.py:109} INFO - [2025-05-31 11:53:54,727] {dagbag.py:500} INFO - Filling up the DagBag from /home/airflow/.local/lib/python3.6/site-packages/airflow/example_dags/example_sla_dag.py
[2025-05-31 11:53:54,774] {processor.py:654} INFO - DAG(s) dict_keys(['example_sla_dag']) retrieved from /home/airflow/.local/lib/python3.6/site-packages/airflow/example_dags/example_sla_dag.py
[2025-05-31 11:53:54,788] {logging_mixin.py:109} INFO - [2025-05-31 11:53:54,787] {dag.py:2396} INFO - Sync 1 DAGs
[2025-05-31 11:53:54,829] {logging_mixin.py:109} INFO - [2025-05-31 11:53:54,829] {dag.py:2935} INFO - Setting next_dagrun for example_sla_dag to 2025-05-31T11:50:00+00:00
[2025-05-31 11:53:54,852] {processor.py:171} INFO - Processing /home/airflow/.local/lib/python3.6/site-packages/airflow/example_dags/example_sla_dag.py took 0.133 seconds
[2025-05-31 11:54:25,661] {processor.py:163} INFO - Started process (PID=25177) to work on /home/airflow/.local/lib/python3.6/site-packages/airflow/example_dags/example_sla_dag.py
[2025-05-31 11:54:25,663] {processor.py:642} INFO - Processing file /home/airflow/.local/lib/python3.6/site-packages/airflow/example_dags/example_sla_dag.py for tasks to queue
[2025-05-31 11:54:25,664] {logging_mixin.py:109} INFO - [2025-05-31 11:54:25,664] {dagbag.py:500} INFO - Filling up the DagBag from /home/airflow/.local/lib/python3.6/site-packages/airflow/example_dags/example_sla_dag.py
[2025-05-31 11:54:25,716] {processor.py:654} INFO - DAG(s) dict_keys(['example_sla_dag']) retrieved from /home/airflow/.local/lib/python3.6/site-packages/airflow/example_dags/example_sla_dag.py
[2025-05-31 11:54:25,730] {logging_mixin.py:109} INFO - [2025-05-31 11:54:25,730] {dag.py:2396} INFO - Sync 1 DAGs
[2025-05-31 11:54:25,764] {logging_mixin.py:109} INFO - [2025-05-31 11:54:25,763] {dag.py:2935} INFO - Setting next_dagrun for example_sla_dag to 2025-05-31T11:52:00+00:00
[2025-05-31 11:54:25,777] {processor.py:171} INFO - Processing /home/airflow/.local/lib/python3.6/site-packages/airflow/example_dags/example_sla_dag.py took 0.121 seconds
[2025-05-31 11:54:56,097] {processor.py:163} INFO - Started process (PID=25362) to work on /home/airflow/.local/lib/python3.6/site-packages/airflow/example_dags/example_sla_dag.py
[2025-05-31 11:54:56,099] {processor.py:642} INFO - Processing file /home/airflow/.local/lib/python3.6/site-packages/airflow/example_dags/example_sla_dag.py for tasks to queue
[2025-05-31 11:54:56,100] {logging_mixin.py:109} INFO - [2025-05-31 11:54:56,100] {dagbag.py:500} INFO - Filling up the DagBag from /home/airflow/.local/lib/python3.6/site-packages/airflow/example_dags/example_sla_dag.py
[2025-05-31 11:54:56,141] {processor.py:654} INFO - DAG(s) dict_keys(['example_sla_dag']) retrieved from /home/airflow/.local/lib/python3.6/site-packages/airflow/example_dags/example_sla_dag.py
[2025-05-31 11:54:56,155] {logging_mixin.py:109} INFO - [2025-05-31 11:54:56,155] {dag.py:2396} INFO - Sync 1 DAGs
[2025-05-31 11:54:56,186] {logging_mixin.py:109} INFO - [2025-05-31 11:54:56,186] {dag.py:2935} INFO - Setting next_dagrun for example_sla_dag to 2025-05-31T11:52:00+00:00
[2025-05-31 11:54:56,198] {processor.py:171} INFO - Processing /home/airflow/.local/lib/python3.6/site-packages/airflow/example_dags/example_sla_dag.py took 0.105 seconds
[2025-05-31 11:55:26,600] {processor.py:163} INFO - Started process (PID=25557) to work on /home/airflow/.local/lib/python3.6/site-packages/airflow/example_dags/example_sla_dag.py
[2025-05-31 11:55:26,602] {processor.py:642} INFO - Processing file /home/airflow/.local/lib/python3.6/site-packages/airflow/example_dags/example_sla_dag.py for tasks to queue
[2025-05-31 11:55:26,603] {logging_mixin.py:109} INFO - [2025-05-31 11:55:26,602] {dagbag.py:500} INFO - Filling up the DagBag from /home/airflow/.local/lib/python3.6/site-packages/airflow/example_dags/example_sla_dag.py
[2025-05-31 11:55:26,642] {processor.py:654} INFO - DAG(s) dict_keys(['example_sla_dag']) retrieved from /home/airflow/.local/lib/python3.6/site-packages/airflow/example_dags/example_sla_dag.py
[2025-05-31 11:55:26,655] {logging_mixin.py:109} INFO - [2025-05-31 11:55:26,655] {dag.py:2396} INFO - Sync 1 DAGs
[2025-05-31 11:55:26,683] {logging_mixin.py:109} INFO - [2025-05-31 11:55:26,683] {dag.py:2935} INFO - Setting next_dagrun for example_sla_dag to 2025-05-31T11:52:00+00:00
[2025-05-31 11:55:26,698] {processor.py:171} INFO - Processing /home/airflow/.local/lib/python3.6/site-packages/airflow/example_dags/example_sla_dag.py took 0.103 seconds
[2025-05-31 11:55:57,600] {processor.py:163} INFO - Started process (PID=25747) to work on /home/airflow/.local/lib/python3.6/site-packages/airflow/example_dags/example_sla_dag.py
[2025-05-31 11:55:57,601] {processor.py:642} INFO - Processing file /home/airflow/.local/lib/python3.6/site-packages/airflow/example_dags/example_sla_dag.py for tasks to queue
[2025-05-31 11:55:57,602] {logging_mixin.py:109} INFO - [2025-05-31 11:55:57,602] {dagbag.py:500} INFO - Filling up the DagBag from /home/airflow/.local/lib/python3.6/site-packages/airflow/example_dags/example_sla_dag.py
[2025-05-31 11:55:57,647] {processor.py:654} INFO - DAG(s) dict_keys(['example_sla_dag']) retrieved from /home/airflow/.local/lib/python3.6/site-packages/airflow/example_dags/example_sla_dag.py
[2025-05-31 11:55:57,663] {logging_mixin.py:109} INFO - [2025-05-31 11:55:57,663] {dag.py:2396} INFO - Sync 1 DAGs
[2025-05-31 11:55:57,690] {logging_mixin.py:109} INFO - [2025-05-31 11:55:57,690] {dag.py:2935} INFO - Setting next_dagrun for example_sla_dag to 2025-05-31T11:52:00+00:00
[2025-05-31 11:55:57,701] {processor.py:171} INFO - Processing /home/airflow/.local/lib/python3.6/site-packages/airflow/example_dags/example_sla_dag.py took 0.106 seconds
[2025-05-31 11:56:28,330] {processor.py:163} INFO - Started process (PID=25932) to work on /home/airflow/.local/lib/python3.6/site-packages/airflow/example_dags/example_sla_dag.py
[2025-05-31 11:56:28,332] {processor.py:642} INFO - Processing file /home/airflow/.local/lib/python3.6/site-packages/airflow/example_dags/example_sla_dag.py for tasks to queue
[2025-05-31 11:56:28,333] {logging_mixin.py:109} INFO - [2025-05-31 11:56:28,333] {dagbag.py:500} INFO - Filling up the DagBag from /home/airflow/.local/lib/python3.6/site-packages/airflow/example_dags/example_sla_dag.py
[2025-05-31 11:56:28,376] {processor.py:654} INFO - DAG(s) dict_keys(['example_sla_dag']) retrieved from /home/airflow/.local/lib/python3.6/site-packages/airflow/example_dags/example_sla_dag.py
[2025-05-31 11:56:28,390] {logging_mixin.py:109} INFO - [2025-05-31 11:56:28,390] {dag.py:2396} INFO - Sync 1 DAGs
[2025-05-31 11:56:28,424] {logging_mixin.py:109} INFO - [2025-05-31 11:56:28,424] {dag.py:2935} INFO - Setting next_dagrun for example_sla_dag to 2025-05-31T11:54:00+00:00
[2025-05-31 11:56:28,436] {processor.py:171} INFO - Processing /home/airflow/.local/lib/python3.6/site-packages/airflow/example_dags/example_sla_dag.py took 0.112 seconds
[2025-05-31 11:56:58,706] {processor.py:163} INFO - Started process (PID=26117) to work on /home/airflow/.local/lib/python3.6/site-packages/airflow/example_dags/example_sla_dag.py
[2025-05-31 11:56:58,707] {processor.py:642} INFO - Processing file /home/airflow/.local/lib/python3.6/site-packages/airflow/example_dags/example_sla_dag.py for tasks to queue
[2025-05-31 11:56:58,708] {logging_mixin.py:109} INFO - [2025-05-31 11:56:58,708] {dagbag.py:500} INFO - Filling up the DagBag from /home/airflow/.local/lib/python3.6/site-packages/airflow/example_dags/example_sla_dag.py
[2025-05-31 11:56:58,748] {processor.py:654} INFO - DAG(s) dict_keys(['example_sla_dag']) retrieved from /home/airflow/.local/lib/python3.6/site-packages/airflow/example_dags/example_sla_dag.py
[2025-05-31 11:56:58,761] {logging_mixin.py:109} INFO - [2025-05-31 11:56:58,761] {dag.py:2396} INFO - Sync 1 DAGs
[2025-05-31 11:56:58,788] {logging_mixin.py:109} INFO - [2025-05-31 11:56:58,787] {dag.py:2935} INFO - Setting next_dagrun for example_sla_dag to 2025-05-31T11:54:00+00:00
[2025-05-31 11:56:58,800] {processor.py:171} INFO - Processing /home/airflow/.local/lib/python3.6/site-packages/airflow/example_dags/example_sla_dag.py took 0.099 seconds
[2025-05-31 11:57:29,123] {processor.py:163} INFO - Started process (PID=26312) to work on /home/airflow/.local/lib/python3.6/site-packages/airflow/example_dags/example_sla_dag.py
[2025-05-31 11:57:29,124] {processor.py:642} INFO - Processing file /home/airflow/.local/lib/python3.6/site-packages/airflow/example_dags/example_sla_dag.py for tasks to queue
[2025-05-31 11:57:29,125] {logging_mixin.py:109} INFO - [2025-05-31 11:57:29,125] {dagbag.py:500} INFO - Filling up the DagBag from /home/airflow/.local/lib/python3.6/site-packages/airflow/example_dags/example_sla_dag.py
[2025-05-31 11:57:29,163] {processor.py:654} INFO - DAG(s) dict_keys(['example_sla_dag']) retrieved from /home/airflow/.local/lib/python3.6/site-packages/airflow/example_dags/example_sla_dag.py
[2025-05-31 11:57:29,176] {logging_mixin.py:109} INFO - [2025-05-31 11:57:29,176] {dag.py:2396} INFO - Sync 1 DAGs
[2025-05-31 11:57:29,202] {logging_mixin.py:109} INFO - [2025-05-31 11:57:29,202] {dag.py:2935} INFO - Setting next_dagrun for example_sla_dag to 2025-05-31T11:54:00+00:00
[2025-05-31 11:57:29,214] {processor.py:171} INFO - Processing /home/airflow/.local/lib/python3.6/site-packages/airflow/example_dags/example_sla_dag.py took 0.096 seconds
[2025-05-31 11:57:59,614] {processor.py:163} INFO - Started process (PID=26492) to work on /home/airflow/.local/lib/python3.6/site-packages/airflow/example_dags/example_sla_dag.py
[2025-05-31 11:57:59,615] {processor.py:642} INFO - Processing file /home/airflow/.local/lib/python3.6/site-packages/airflow/example_dags/example_sla_dag.py for tasks to queue
[2025-05-31 11:57:59,616] {logging_mixin.py:109} INFO - [2025-05-31 11:57:59,616] {dagbag.py:500} INFO - Filling up the DagBag from /home/airflow/.local/lib/python3.6/site-packages/airflow/example_dags/example_sla_dag.py
[2025-05-31 11:57:59,657] {processor.py:654} INFO - DAG(s) dict_keys(['example_sla_dag']) retrieved from /home/airflow/.local/lib/python3.6/site-packages/airflow/example_dags/example_sla_dag.py
[2025-05-31 11:57:59,671] {logging_mixin.py:109} INFO - [2025-05-31 11:57:59,671] {dag.py:2396} INFO - Sync 1 DAGs
[2025-05-31 11:57:59,698] {logging_mixin.py:109} INFO - [2025-05-31 11:57:59,698] {dag.py:2935} INFO - Setting next_dagrun for example_sla_dag to 2025-05-31T11:54:00+00:00
[2025-05-31 11:57:59,709] {processor.py:171} INFO - Processing /home/airflow/.local/lib/python3.6/site-packages/airflow/example_dags/example_sla_dag.py took 0.100 seconds
[2025-05-31 11:58:30,548] {processor.py:163} INFO - Started process (PID=26687) to work on /home/airflow/.local/lib/python3.6/site-packages/airflow/example_dags/example_sla_dag.py
[2025-05-31 11:58:30,552] {processor.py:642} INFO - Processing file /home/airflow/.local/lib/python3.6/site-packages/airflow/example_dags/example_sla_dag.py for tasks to queue
[2025-05-31 11:58:30,553] {logging_mixin.py:109} INFO - [2025-05-31 11:58:30,553] {dagbag.py:500} INFO - Filling up the DagBag from /home/airflow/.local/lib/python3.6/site-packages/airflow/example_dags/example_sla_dag.py
[2025-05-31 11:58:30,615] {processor.py:654} INFO - DAG(s) dict_keys(['example_sla_dag']) retrieved from /home/airflow/.local/lib/python3.6/site-packages/airflow/example_dags/example_sla_dag.py
[2025-05-31 11:58:30,634] {logging_mixin.py:109} INFO - [2025-05-31 11:58:30,634] {dag.py:2396} INFO - Sync 1 DAGs
[2025-05-31 11:58:30,673] {logging_mixin.py:109} INFO - [2025-05-31 11:58:30,672] {dag.py:2935} INFO - Setting next_dagrun for example_sla_dag to 2025-05-31T11:56:00+00:00
[2025-05-31 11:58:30,689] {processor.py:171} INFO - Processing /home/airflow/.local/lib/python3.6/site-packages/airflow/example_dags/example_sla_dag.py took 0.148 seconds
[2025-05-31 11:59:01,049] {processor.py:163} INFO - Started process (PID=26872) to work on /home/airflow/.local/lib/python3.6/site-packages/airflow/example_dags/example_sla_dag.py
[2025-05-31 11:59:01,052] {processor.py:642} INFO - Processing file /home/airflow/.local/lib/python3.6/site-packages/airflow/example_dags/example_sla_dag.py for tasks to queue
[2025-05-31 11:59:01,053] {logging_mixin.py:109} INFO - [2025-05-31 11:59:01,053] {dagbag.py:500} INFO - Filling up the DagBag from /home/airflow/.local/lib/python3.6/site-packages/airflow/example_dags/example_sla_dag.py
[2025-05-31 11:59:01,095] {processor.py:654} INFO - DAG(s) dict_keys(['example_sla_dag']) retrieved from /home/airflow/.local/lib/python3.6/site-packages/airflow/example_dags/example_sla_dag.py
[2025-05-31 11:59:01,109] {logging_mixin.py:109} INFO - [2025-05-31 11:59:01,109] {dag.py:2396} INFO - Sync 1 DAGs
[2025-05-31 11:59:01,137] {logging_mixin.py:109} INFO - [2025-05-31 11:59:01,137] {dag.py:2935} INFO - Setting next_dagrun for example_sla_dag to 2025-05-31T11:56:00+00:00
[2025-05-31 11:59:01,149] {processor.py:171} INFO - Processing /home/airflow/.local/lib/python3.6/site-packages/airflow/example_dags/example_sla_dag.py took 0.107 seconds
[2025-05-31 11:59:32,367] {processor.py:163} INFO - Started process (PID=27072) to work on /home/airflow/.local/lib/python3.6/site-packages/airflow/example_dags/example_sla_dag.py
[2025-05-31 11:59:32,369] {processor.py:642} INFO - Processing file /home/airflow/.local/lib/python3.6/site-packages/airflow/example_dags/example_sla_dag.py for tasks to queue
[2025-05-31 11:59:32,370] {logging_mixin.py:109} INFO - [2025-05-31 11:59:32,370] {dagbag.py:500} INFO - Filling up the DagBag from /home/airflow/.local/lib/python3.6/site-packages/airflow/example_dags/example_sla_dag.py
[2025-05-31 11:59:32,413] {processor.py:654} INFO - DAG(s) dict_keys(['example_sla_dag']) retrieved from /home/airflow/.local/lib/python3.6/site-packages/airflow/example_dags/example_sla_dag.py
[2025-05-31 11:59:32,429] {logging_mixin.py:109} INFO - [2025-05-31 11:59:32,428] {dag.py:2396} INFO - Sync 1 DAGs
[2025-05-31 11:59:32,457] {logging_mixin.py:109} INFO - [2025-05-31 11:59:32,457] {dag.py:2935} INFO - Setting next_dagrun for example_sla_dag to 2025-05-31T11:56:00+00:00
[2025-05-31 11:59:32,469] {processor.py:171} INFO - Processing /home/airflow/.local/lib/python3.6/site-packages/airflow/example_dags/example_sla_dag.py took 0.106 seconds
[2025-05-31 12:00:04,209] {processor.py:163} INFO - Started process (PID=27267) to work on /home/airflow/.local/lib/python3.6/site-packages/airflow/example_dags/example_sla_dag.py
[2025-05-31 12:00:04,211] {processor.py:642} INFO - Processing file /home/airflow/.local/lib/python3.6/site-packages/airflow/example_dags/example_sla_dag.py for tasks to queue
[2025-05-31 12:00:04,213] {logging_mixin.py:109} INFO - [2025-05-31 12:00:04,213] {dagbag.py:500} INFO - Filling up the DagBag from /home/airflow/.local/lib/python3.6/site-packages/airflow/example_dags/example_sla_dag.py
[2025-05-31 12:00:04,257] {processor.py:654} INFO - DAG(s) dict_keys(['example_sla_dag']) retrieved from /home/airflow/.local/lib/python3.6/site-packages/airflow/example_dags/example_sla_dag.py
[2025-05-31 12:00:04,271] {logging_mixin.py:109} INFO - [2025-05-31 12:00:04,271] {dag.py:2396} INFO - Sync 1 DAGs
[2025-05-31 12:00:04,301] {logging_mixin.py:109} INFO - [2025-05-31 12:00:04,301] {dag.py:2935} INFO - Setting next_dagrun for example_sla_dag to 2025-05-31T11:58:00+00:00
[2025-05-31 12:00:04,314] {processor.py:171} INFO - Processing /home/airflow/.local/lib/python3.6/site-packages/airflow/example_dags/example_sla_dag.py took 0.111 seconds
[2025-05-31 12:00:34,692] {processor.py:163} INFO - Started process (PID=27452) to work on /home/airflow/.local/lib/python3.6/site-packages/airflow/example_dags/example_sla_dag.py
[2025-05-31 12:00:34,694] {processor.py:642} INFO - Processing file /home/airflow/.local/lib/python3.6/site-packages/airflow/example_dags/example_sla_dag.py for tasks to queue
[2025-05-31 12:00:34,696] {logging_mixin.py:109} INFO - [2025-05-31 12:00:34,695] {dagbag.py:500} INFO - Filling up the DagBag from /home/airflow/.local/lib/python3.6/site-packages/airflow/example_dags/example_sla_dag.py
[2025-05-31 12:00:34,744] {processor.py:654} INFO - DAG(s) dict_keys(['example_sla_dag']) retrieved from /home/airflow/.local/lib/python3.6/site-packages/airflow/example_dags/example_sla_dag.py
[2025-05-31 12:00:34,759] {logging_mixin.py:109} INFO - [2025-05-31 12:00:34,758] {dag.py:2396} INFO - Sync 1 DAGs
[2025-05-31 12:00:34,791] {logging_mixin.py:109} INFO - [2025-05-31 12:00:34,791] {dag.py:2935} INFO - Setting next_dagrun for example_sla_dag to 2025-05-31T11:58:00+00:00
[2025-05-31 12:00:34,802] {processor.py:171} INFO - Processing /home/airflow/.local/lib/python3.6/site-packages/airflow/example_dags/example_sla_dag.py took 0.114 seconds
[2025-05-31 12:01:06,187] {processor.py:163} INFO - Started process (PID=27647) to work on /home/airflow/.local/lib/python3.6/site-packages/airflow/example_dags/example_sla_dag.py
[2025-05-31 12:01:06,189] {processor.py:642} INFO - Processing file /home/airflow/.local/lib/python3.6/site-packages/airflow/example_dags/example_sla_dag.py for tasks to queue
[2025-05-31 12:01:06,191] {logging_mixin.py:109} INFO - [2025-05-31 12:01:06,191] {dagbag.py:500} INFO - Filling up the DagBag from /home/airflow/.local/lib/python3.6/site-packages/airflow/example_dags/example_sla_dag.py
[2025-05-31 12:01:06,241] {processor.py:654} INFO - DAG(s) dict_keys(['example_sla_dag']) retrieved from /home/airflow/.local/lib/python3.6/site-packages/airflow/example_dags/example_sla_dag.py
[2025-05-31 12:01:06,259] {logging_mixin.py:109} INFO - [2025-05-31 12:01:06,259] {dag.py:2396} INFO - Sync 1 DAGs
[2025-05-31 12:01:06,310] {logging_mixin.py:109} INFO - [2025-05-31 12:01:06,309] {dag.py:2935} INFO - Setting next_dagrun for example_sla_dag to 2025-05-31T11:58:00+00:00
[2025-05-31 12:01:06,326] {processor.py:171} INFO - Processing /home/airflow/.local/lib/python3.6/site-packages/airflow/example_dags/example_sla_dag.py took 0.144 seconds
[2025-05-31 12:01:36,814] {processor.py:163} INFO - Started process (PID=27832) to work on /home/airflow/.local/lib/python3.6/site-packages/airflow/example_dags/example_sla_dag.py
[2025-05-31 12:01:36,816] {processor.py:642} INFO - Processing file /home/airflow/.local/lib/python3.6/site-packages/airflow/example_dags/example_sla_dag.py for tasks to queue
[2025-05-31 12:01:36,818] {logging_mixin.py:109} INFO - [2025-05-31 12:01:36,818] {dagbag.py:500} INFO - Filling up the DagBag from /home/airflow/.local/lib/python3.6/site-packages/airflow/example_dags/example_sla_dag.py
[2025-05-31 12:01:36,865] {processor.py:654} INFO - DAG(s) dict_keys(['example_sla_dag']) retrieved from /home/airflow/.local/lib/python3.6/site-packages/airflow/example_dags/example_sla_dag.py
[2025-05-31 12:01:36,879] {logging_mixin.py:109} INFO - [2025-05-31 12:01:36,879] {dag.py:2396} INFO - Sync 1 DAGs
[2025-05-31 12:01:36,909] {logging_mixin.py:109} INFO - [2025-05-31 12:01:36,909] {dag.py:2935} INFO - Setting next_dagrun for example_sla_dag to 2025-05-31T11:58:00+00:00
[2025-05-31 12:01:36,922] {processor.py:171} INFO - Processing /home/airflow/.local/lib/python3.6/site-packages/airflow/example_dags/example_sla_dag.py took 0.113 seconds
[2025-05-31 12:02:07,881] {processor.py:163} INFO - Started process (PID=28024) to work on /home/airflow/.local/lib/python3.6/site-packages/airflow/example_dags/example_sla_dag.py
[2025-05-31 12:02:07,883] {processor.py:642} INFO - Processing file /home/airflow/.local/lib/python3.6/site-packages/airflow/example_dags/example_sla_dag.py for tasks to queue
[2025-05-31 12:02:07,884] {logging_mixin.py:109} INFO - [2025-05-31 12:02:07,884] {dagbag.py:500} INFO - Filling up the DagBag from /home/airflow/.local/lib/python3.6/site-packages/airflow/example_dags/example_sla_dag.py
[2025-05-31 12:02:07,929] {processor.py:654} INFO - DAG(s) dict_keys(['example_sla_dag']) retrieved from /home/airflow/.local/lib/python3.6/site-packages/airflow/example_dags/example_sla_dag.py
[2025-05-31 12:02:07,944] {logging_mixin.py:109} INFO - [2025-05-31 12:02:07,944] {dag.py:2396} INFO - Sync 1 DAGs
[2025-05-31 12:02:07,974] {logging_mixin.py:109} INFO - [2025-05-31 12:02:07,974] {dag.py:2935} INFO - Setting next_dagrun for example_sla_dag to 2025-05-31T12:00:00+00:00
[2025-05-31 12:02:07,991] {processor.py:171} INFO - Processing /home/airflow/.local/lib/python3.6/site-packages/airflow/example_dags/example_sla_dag.py took 0.117 seconds
[2025-05-31 12:02:39,342] {processor.py:163} INFO - Started process (PID=28212) to work on /home/airflow/.local/lib/python3.6/site-packages/airflow/example_dags/example_sla_dag.py
[2025-05-31 12:02:39,344] {processor.py:642} INFO - Processing file /home/airflow/.local/lib/python3.6/site-packages/airflow/example_dags/example_sla_dag.py for tasks to queue
[2025-05-31 12:02:39,345] {logging_mixin.py:109} INFO - [2025-05-31 12:02:39,345] {dagbag.py:500} INFO - Filling up the DagBag from /home/airflow/.local/lib/python3.6/site-packages/airflow/example_dags/example_sla_dag.py
[2025-05-31 12:02:39,388] {processor.py:654} INFO - DAG(s) dict_keys(['example_sla_dag']) retrieved from /home/airflow/.local/lib/python3.6/site-packages/airflow/example_dags/example_sla_dag.py
[2025-05-31 12:02:39,401] {logging_mixin.py:109} INFO - [2025-05-31 12:02:39,401] {dag.py:2396} INFO - Sync 1 DAGs
[2025-05-31 12:02:39,430] {logging_mixin.py:109} INFO - [2025-05-31 12:02:39,430] {dag.py:2935} INFO - Setting next_dagrun for example_sla_dag to 2025-05-31T12:00:00+00:00
[2025-05-31 12:02:39,442] {processor.py:171} INFO - Processing /home/airflow/.local/lib/python3.6/site-packages/airflow/example_dags/example_sla_dag.py took 0.105 seconds
[2025-05-31 12:03:10,348] {processor.py:163} INFO - Started process (PID=28397) to work on /home/airflow/.local/lib/python3.6/site-packages/airflow/example_dags/example_sla_dag.py
[2025-05-31 12:03:10,350] {processor.py:642} INFO - Processing file /home/airflow/.local/lib/python3.6/site-packages/airflow/example_dags/example_sla_dag.py for tasks to queue
[2025-05-31 12:03:10,351] {logging_mixin.py:109} INFO - [2025-05-31 12:03:10,351] {dagbag.py:500} INFO - Filling up the DagBag from /home/airflow/.local/lib/python3.6/site-packages/airflow/example_dags/example_sla_dag.py
[2025-05-31 12:03:10,389] {processor.py:654} INFO - DAG(s) dict_keys(['example_sla_dag']) retrieved from /home/airflow/.local/lib/python3.6/site-packages/airflow/example_dags/example_sla_dag.py
[2025-05-31 12:03:10,402] {logging_mixin.py:109} INFO - [2025-05-31 12:03:10,402] {dag.py:2396} INFO - Sync 1 DAGs
[2025-05-31 12:03:10,434] {logging_mixin.py:109} INFO - [2025-05-31 12:03:10,434] {dag.py:2935} INFO - Setting next_dagrun for example_sla_dag to 2025-05-31T12:00:00+00:00
[2025-05-31 12:03:10,451] {processor.py:171} INFO - Processing /home/airflow/.local/lib/python3.6/site-packages/airflow/example_dags/example_sla_dag.py took 0.107 seconds
[2025-05-31 12:03:40,849] {processor.py:163} INFO - Started process (PID=28594) to work on /home/airflow/.local/lib/python3.6/site-packages/airflow/example_dags/example_sla_dag.py
[2025-05-31 12:03:40,851] {processor.py:642} INFO - Processing file /home/airflow/.local/lib/python3.6/site-packages/airflow/example_dags/example_sla_dag.py for tasks to queue
[2025-05-31 12:03:40,852] {logging_mixin.py:109} INFO - [2025-05-31 12:03:40,852] {dagbag.py:500} INFO - Filling up the DagBag from /home/airflow/.local/lib/python3.6/site-packages/airflow/example_dags/example_sla_dag.py
[2025-05-31 12:03:40,894] {processor.py:654} INFO - DAG(s) dict_keys(['example_sla_dag']) retrieved from /home/airflow/.local/lib/python3.6/site-packages/airflow/example_dags/example_sla_dag.py
[2025-05-31 12:03:40,908] {logging_mixin.py:109} INFO - [2025-05-31 12:03:40,907] {dag.py:2396} INFO - Sync 1 DAGs
[2025-05-31 12:03:40,934] {logging_mixin.py:109} INFO - [2025-05-31 12:03:40,934] {dag.py:2935} INFO - Setting next_dagrun for example_sla_dag to 2025-05-31T12:00:00+00:00
[2025-05-31 12:03:40,947] {processor.py:171} INFO - Processing /home/airflow/.local/lib/python3.6/site-packages/airflow/example_dags/example_sla_dag.py took 0.104 seconds
[2025-05-31 12:04:11,524] {processor.py:163} INFO - Started process (PID=28779) to work on /home/airflow/.local/lib/python3.6/site-packages/airflow/example_dags/example_sla_dag.py
[2025-05-31 12:04:11,526] {processor.py:642} INFO - Processing file /home/airflow/.local/lib/python3.6/site-packages/airflow/example_dags/example_sla_dag.py for tasks to queue
[2025-05-31 12:04:11,527] {logging_mixin.py:109} INFO - [2025-05-31 12:04:11,527] {dagbag.py:500} INFO - Filling up the DagBag from /home/airflow/.local/lib/python3.6/site-packages/airflow/example_dags/example_sla_dag.py
[2025-05-31 12:04:11,569] {processor.py:654} INFO - DAG(s) dict_keys(['example_sla_dag']) retrieved from /home/airflow/.local/lib/python3.6/site-packages/airflow/example_dags/example_sla_dag.py
[2025-05-31 12:04:11,582] {logging_mixin.py:109} INFO - [2025-05-31 12:04:11,582] {dag.py:2396} INFO - Sync 1 DAGs
[2025-05-31 12:04:11,612] {logging_mixin.py:109} INFO - [2025-05-31 12:04:11,612] {dag.py:2935} INFO - Setting next_dagrun for example_sla_dag to 2025-05-31T12:02:00+00:00
[2025-05-31 12:04:11,625] {processor.py:171} INFO - Processing /home/airflow/.local/lib/python3.6/site-packages/airflow/example_dags/example_sla_dag.py took 0.108 seconds
[2025-05-31 12:04:41,986] {processor.py:163} INFO - Started process (PID=28972) to work on /home/airflow/.local/lib/python3.6/site-packages/airflow/example_dags/example_sla_dag.py
[2025-05-31 12:04:41,988] {processor.py:642} INFO - Processing file /home/airflow/.local/lib/python3.6/site-packages/airflow/example_dags/example_sla_dag.py for tasks to queue
[2025-05-31 12:04:41,989] {logging_mixin.py:109} INFO - [2025-05-31 12:04:41,989] {dagbag.py:500} INFO - Filling up the DagBag from /home/airflow/.local/lib/python3.6/site-packages/airflow/example_dags/example_sla_dag.py
[2025-05-31 12:04:42,041] {processor.py:654} INFO - DAG(s) dict_keys(['example_sla_dag']) retrieved from /home/airflow/.local/lib/python3.6/site-packages/airflow/example_dags/example_sla_dag.py
[2025-05-31 12:04:42,062] {logging_mixin.py:109} INFO - [2025-05-31 12:04:42,062] {dag.py:2396} INFO - Sync 1 DAGs
[2025-05-31 12:04:42,099] {logging_mixin.py:109} INFO - [2025-05-31 12:04:42,098] {dag.py:2935} INFO - Setting next_dagrun for example_sla_dag to 2025-05-31T12:02:00+00:00
[2025-05-31 12:04:42,114] {processor.py:171} INFO - Processing /home/airflow/.local/lib/python3.6/site-packages/airflow/example_dags/example_sla_dag.py took 0.132 seconds
[2025-05-31 12:05:12,297] {processor.py:163} INFO - Started process (PID=29157) to work on /home/airflow/.local/lib/python3.6/site-packages/airflow/example_dags/example_sla_dag.py
[2025-05-31 12:05:12,299] {processor.py:642} INFO - Processing file /home/airflow/.local/lib/python3.6/site-packages/airflow/example_dags/example_sla_dag.py for tasks to queue
[2025-05-31 12:05:12,300] {logging_mixin.py:109} INFO - [2025-05-31 12:05:12,300] {dagbag.py:500} INFO - Filling up the DagBag from /home/airflow/.local/lib/python3.6/site-packages/airflow/example_dags/example_sla_dag.py
[2025-05-31 12:05:12,342] {processor.py:654} INFO - DAG(s) dict_keys(['example_sla_dag']) retrieved from /home/airflow/.local/lib/python3.6/site-packages/airflow/example_dags/example_sla_dag.py
[2025-05-31 12:05:12,356] {logging_mixin.py:109} INFO - [2025-05-31 12:05:12,356] {dag.py:2396} INFO - Sync 1 DAGs
[2025-05-31 12:05:12,384] {logging_mixin.py:109} INFO - [2025-05-31 12:05:12,383] {dag.py:2935} INFO - Setting next_dagrun for example_sla_dag to 2025-05-31T12:02:00+00:00
[2025-05-31 12:05:12,395] {processor.py:171} INFO - Processing /home/airflow/.local/lib/python3.6/site-packages/airflow/example_dags/example_sla_dag.py took 0.102 seconds
[2025-05-31 12:05:42,758] {processor.py:163} INFO - Started process (PID=29342) to work on /home/airflow/.local/lib/python3.6/site-packages/airflow/example_dags/example_sla_dag.py
[2025-05-31 12:05:42,760] {processor.py:642} INFO - Processing file /home/airflow/.local/lib/python3.6/site-packages/airflow/example_dags/example_sla_dag.py for tasks to queue
[2025-05-31 12:05:42,761] {logging_mixin.py:109} INFO - [2025-05-31 12:05:42,761] {dagbag.py:500} INFO - Filling up the DagBag from /home/airflow/.local/lib/python3.6/site-packages/airflow/example_dags/example_sla_dag.py
[2025-05-31 12:05:42,805] {processor.py:654} INFO - DAG(s) dict_keys(['example_sla_dag']) retrieved from /home/airflow/.local/lib/python3.6/site-packages/airflow/example_dags/example_sla_dag.py
[2025-05-31 12:05:42,818] {logging_mixin.py:109} INFO - [2025-05-31 12:05:42,818] {dag.py:2396} INFO - Sync 1 DAGs
[2025-05-31 12:05:42,848] {logging_mixin.py:109} INFO - [2025-05-31 12:05:42,848] {dag.py:2935} INFO - Setting next_dagrun for example_sla_dag to 2025-05-31T12:02:00+00:00
[2025-05-31 12:05:42,861] {processor.py:171} INFO - Processing /home/airflow/.local/lib/python3.6/site-packages/airflow/example_dags/example_sla_dag.py took 0.107 seconds
[2025-05-31 12:06:13,494] {processor.py:163} INFO - Started process (PID=29537) to work on /home/airflow/.local/lib/python3.6/site-packages/airflow/example_dags/example_sla_dag.py
[2025-05-31 12:06:13,496] {processor.py:642} INFO - Processing file /home/airflow/.local/lib/python3.6/site-packages/airflow/example_dags/example_sla_dag.py for tasks to queue
[2025-05-31 12:06:13,497] {logging_mixin.py:109} INFO - [2025-05-31 12:06:13,497] {dagbag.py:500} INFO - Filling up the DagBag from /home/airflow/.local/lib/python3.6/site-packages/airflow/example_dags/example_sla_dag.py
[2025-05-31 12:06:13,544] {processor.py:654} INFO - DAG(s) dict_keys(['example_sla_dag']) retrieved from /home/airflow/.local/lib/python3.6/site-packages/airflow/example_dags/example_sla_dag.py
[2025-05-31 12:06:13,559] {logging_mixin.py:109} INFO - [2025-05-31 12:06:13,559] {dag.py:2396} INFO - Sync 1 DAGs
[2025-05-31 12:06:13,596] {logging_mixin.py:109} INFO - [2025-05-31 12:06:13,596] {dag.py:2935} INFO - Setting next_dagrun for example_sla_dag to 2025-05-31T12:04:00+00:00
[2025-05-31 12:06:13,608] {processor.py:171} INFO - Processing /home/airflow/.local/lib/python3.6/site-packages/airflow/example_dags/example_sla_dag.py took 0.119 seconds
[2025-05-31 12:06:43,706] {processor.py:163} INFO - Started process (PID=29717) to work on /home/airflow/.local/lib/python3.6/site-packages/airflow/example_dags/example_sla_dag.py
[2025-05-31 12:06:43,708] {processor.py:642} INFO - Processing file /home/airflow/.local/lib/python3.6/site-packages/airflow/example_dags/example_sla_dag.py for tasks to queue
[2025-05-31 12:06:43,710] {logging_mixin.py:109} INFO - [2025-05-31 12:06:43,709] {dagbag.py:500} INFO - Filling up the DagBag from /home/airflow/.local/lib/python3.6/site-packages/airflow/example_dags/example_sla_dag.py
[2025-05-31 12:06:43,750] {processor.py:654} INFO - DAG(s) dict_keys(['example_sla_dag']) retrieved from /home/airflow/.local/lib/python3.6/site-packages/airflow/example_dags/example_sla_dag.py
[2025-05-31 12:06:43,763] {logging_mixin.py:109} INFO - [2025-05-31 12:06:43,763] {dag.py:2396} INFO - Sync 1 DAGs
[2025-05-31 12:06:43,789] {logging_mixin.py:109} INFO - [2025-05-31 12:06:43,789] {dag.py:2935} INFO - Setting next_dagrun for example_sla_dag to 2025-05-31T12:04:00+00:00
[2025-05-31 12:06:43,801] {processor.py:171} INFO - Processing /home/airflow/.local/lib/python3.6/site-packages/airflow/example_dags/example_sla_dag.py took 0.101 seconds
[2025-05-31 12:07:14,656] {processor.py:163} INFO - Started process (PID=29911) to work on /home/airflow/.local/lib/python3.6/site-packages/airflow/example_dags/example_sla_dag.py
[2025-05-31 12:07:14,658] {processor.py:642} INFO - Processing file /home/airflow/.local/lib/python3.6/site-packages/airflow/example_dags/example_sla_dag.py for tasks to queue
[2025-05-31 12:07:14,659] {logging_mixin.py:109} INFO - [2025-05-31 12:07:14,659] {dagbag.py:500} INFO - Filling up the DagBag from /home/airflow/.local/lib/python3.6/site-packages/airflow/example_dags/example_sla_dag.py
[2025-05-31 12:07:14,702] {processor.py:654} INFO - DAG(s) dict_keys(['example_sla_dag']) retrieved from /home/airflow/.local/lib/python3.6/site-packages/airflow/example_dags/example_sla_dag.py
[2025-05-31 12:07:14,716] {logging_mixin.py:109} INFO - [2025-05-31 12:07:14,716] {dag.py:2396} INFO - Sync 1 DAGs
[2025-05-31 12:07:14,744] {logging_mixin.py:109} INFO - [2025-05-31 12:07:14,744] {dag.py:2935} INFO - Setting next_dagrun for example_sla_dag to 2025-05-31T12:04:00+00:00
[2025-05-31 12:07:14,757] {processor.py:171} INFO - Processing /home/airflow/.local/lib/python3.6/site-packages/airflow/example_dags/example_sla_dag.py took 0.104 seconds
[2025-05-31 12:07:44,919] {processor.py:163} INFO - Started process (PID=30099) to work on /home/airflow/.local/lib/python3.6/site-packages/airflow/example_dags/example_sla_dag.py
[2025-05-31 12:07:44,921] {processor.py:642} INFO - Processing file /home/airflow/.local/lib/python3.6/site-packages/airflow/example_dags/example_sla_dag.py for tasks to queue
[2025-05-31 12:07:44,922] {logging_mixin.py:109} INFO - [2025-05-31 12:07:44,922] {dagbag.py:500} INFO - Filling up the DagBag from /home/airflow/.local/lib/python3.6/site-packages/airflow/example_dags/example_sla_dag.py
[2025-05-31 12:07:44,958] {processor.py:654} INFO - DAG(s) dict_keys(['example_sla_dag']) retrieved from /home/airflow/.local/lib/python3.6/site-packages/airflow/example_dags/example_sla_dag.py
[2025-05-31 12:07:44,972] {logging_mixin.py:109} INFO - [2025-05-31 12:07:44,972] {dag.py:2396} INFO - Sync 1 DAGs
[2025-05-31 12:07:44,998] {logging_mixin.py:109} INFO - [2025-05-31 12:07:44,998] {dag.py:2935} INFO - Setting next_dagrun for example_sla_dag to 2025-05-31T12:04:00+00:00
[2025-05-31 12:07:45,010] {processor.py:171} INFO - Processing /home/airflow/.local/lib/python3.6/site-packages/airflow/example_dags/example_sla_dag.py took 0.095 seconds
[2025-05-31 12:08:15,459] {processor.py:163} INFO - Started process (PID=30282) to work on /home/airflow/.local/lib/python3.6/site-packages/airflow/example_dags/example_sla_dag.py
[2025-05-31 12:08:15,462] {processor.py:642} INFO - Processing file /home/airflow/.local/lib/python3.6/site-packages/airflow/example_dags/example_sla_dag.py for tasks to queue
[2025-05-31 12:08:15,463] {logging_mixin.py:109} INFO - [2025-05-31 12:08:15,463] {dagbag.py:500} INFO - Filling up the DagBag from /home/airflow/.local/lib/python3.6/site-packages/airflow/example_dags/example_sla_dag.py
[2025-05-31 12:08:15,506] {processor.py:654} INFO - DAG(s) dict_keys(['example_sla_dag']) retrieved from /home/airflow/.local/lib/python3.6/site-packages/airflow/example_dags/example_sla_dag.py
[2025-05-31 12:08:15,519] {logging_mixin.py:109} INFO - [2025-05-31 12:08:15,519] {dag.py:2396} INFO - Sync 1 DAGs
[2025-05-31 12:08:15,547] {logging_mixin.py:109} INFO - [2025-05-31 12:08:15,547] {dag.py:2935} INFO - Setting next_dagrun for example_sla_dag to 2025-05-31T12:06:00+00:00
[2025-05-31 12:08:15,559] {processor.py:171} INFO - Processing /home/airflow/.local/lib/python3.6/site-packages/airflow/example_dags/example_sla_dag.py took 0.105 seconds
[2025-05-31 12:08:45,698] {processor.py:163} INFO - Started process (PID=30476) to work on /home/airflow/.local/lib/python3.6/site-packages/airflow/example_dags/example_sla_dag.py
[2025-05-31 12:08:45,701] {processor.py:642} INFO - Processing file /home/airflow/.local/lib/python3.6/site-packages/airflow/example_dags/example_sla_dag.py for tasks to queue
[2025-05-31 12:08:45,702] {logging_mixin.py:109} INFO - [2025-05-31 12:08:45,702] {dagbag.py:500} INFO - Filling up the DagBag from /home/airflow/.local/lib/python3.6/site-packages/airflow/example_dags/example_sla_dag.py
[2025-05-31 12:08:45,753] {processor.py:654} INFO - DAG(s) dict_keys(['example_sla_dag']) retrieved from /home/airflow/.local/lib/python3.6/site-packages/airflow/example_dags/example_sla_dag.py
[2025-05-31 12:08:45,767] {logging_mixin.py:109} INFO - [2025-05-31 12:08:45,767] {dag.py:2396} INFO - Sync 1 DAGs
[2025-05-31 12:08:45,806] {logging_mixin.py:109} INFO - [2025-05-31 12:08:45,806] {dag.py:2935} INFO - Setting next_dagrun for example_sla_dag to 2025-05-31T12:06:00+00:00
[2025-05-31 12:08:45,821] {processor.py:171} INFO - Processing /home/airflow/.local/lib/python3.6/site-packages/airflow/example_dags/example_sla_dag.py took 0.129 seconds
[2025-05-31 12:09:16,610] {processor.py:163} INFO - Started process (PID=30662) to work on /home/airflow/.local/lib/python3.6/site-packages/airflow/example_dags/example_sla_dag.py
[2025-05-31 12:09:16,612] {processor.py:642} INFO - Processing file /home/airflow/.local/lib/python3.6/site-packages/airflow/example_dags/example_sla_dag.py for tasks to queue
[2025-05-31 12:09:16,613] {logging_mixin.py:109} INFO - [2025-05-31 12:09:16,613] {dagbag.py:500} INFO - Filling up the DagBag from /home/airflow/.local/lib/python3.6/site-packages/airflow/example_dags/example_sla_dag.py
[2025-05-31 12:09:16,662] {processor.py:654} INFO - DAG(s) dict_keys(['example_sla_dag']) retrieved from /home/airflow/.local/lib/python3.6/site-packages/airflow/example_dags/example_sla_dag.py
[2025-05-31 12:09:16,675] {logging_mixin.py:109} INFO - [2025-05-31 12:09:16,675] {dag.py:2396} INFO - Sync 1 DAGs
[2025-05-31 12:09:16,704] {logging_mixin.py:109} INFO - [2025-05-31 12:09:16,703] {dag.py:2935} INFO - Setting next_dagrun for example_sla_dag to 2025-05-31T12:06:00+00:00
[2025-05-31 12:09:16,716] {processor.py:171} INFO - Processing /home/airflow/.local/lib/python3.6/site-packages/airflow/example_dags/example_sla_dag.py took 0.111 seconds
[2025-05-31 12:09:47,119] {processor.py:163} INFO - Started process (PID=30847) to work on /home/airflow/.local/lib/python3.6/site-packages/airflow/example_dags/example_sla_dag.py
[2025-05-31 12:09:47,121] {processor.py:642} INFO - Processing file /home/airflow/.local/lib/python3.6/site-packages/airflow/example_dags/example_sla_dag.py for tasks to queue
[2025-05-31 12:09:47,122] {logging_mixin.py:109} INFO - [2025-05-31 12:09:47,122] {dagbag.py:500} INFO - Filling up the DagBag from /home/airflow/.local/lib/python3.6/site-packages/airflow/example_dags/example_sla_dag.py
[2025-05-31 12:09:47,167] {processor.py:654} INFO - DAG(s) dict_keys(['example_sla_dag']) retrieved from /home/airflow/.local/lib/python3.6/site-packages/airflow/example_dags/example_sla_dag.py
[2025-05-31 12:09:47,182] {logging_mixin.py:109} INFO - [2025-05-31 12:09:47,182] {dag.py:2396} INFO - Sync 1 DAGs
[2025-05-31 12:09:47,209] {logging_mixin.py:109} INFO - [2025-05-31 12:09:47,209] {dag.py:2935} INFO - Setting next_dagrun for example_sla_dag to 2025-05-31T12:06:00+00:00
[2025-05-31 12:09:47,221] {processor.py:171} INFO - Processing /home/airflow/.local/lib/python3.6/site-packages/airflow/example_dags/example_sla_dag.py took 0.106 seconds
[2025-05-31 12:10:18,401] {processor.py:163} INFO - Started process (PID=31042) to work on /home/airflow/.local/lib/python3.6/site-packages/airflow/example_dags/example_sla_dag.py
[2025-05-31 12:10:18,403] {processor.py:642} INFO - Processing file /home/airflow/.local/lib/python3.6/site-packages/airflow/example_dags/example_sla_dag.py for tasks to queue
[2025-05-31 12:10:18,404] {logging_mixin.py:109} INFO - [2025-05-31 12:10:18,404] {dagbag.py:500} INFO - Filling up the DagBag from /home/airflow/.local/lib/python3.6/site-packages/airflow/example_dags/example_sla_dag.py
[2025-05-31 12:10:18,464] {processor.py:654} INFO - DAG(s) dict_keys(['example_sla_dag']) retrieved from /home/airflow/.local/lib/python3.6/site-packages/airflow/example_dags/example_sla_dag.py
[2025-05-31 12:10:18,484] {logging_mixin.py:109} INFO - [2025-05-31 12:10:18,484] {dag.py:2396} INFO - Sync 1 DAGs
[2025-05-31 12:10:18,521] {logging_mixin.py:109} INFO - [2025-05-31 12:10:18,521] {dag.py:2935} INFO - Setting next_dagrun for example_sla_dag to 2025-05-31T12:08:00+00:00
[2025-05-31 12:10:18,535] {processor.py:171} INFO - Processing /home/airflow/.local/lib/python3.6/site-packages/airflow/example_dags/example_sla_dag.py took 0.139 seconds
[2025-05-31 12:10:49,199] {processor.py:163} INFO - Started process (PID=31227) to work on /home/airflow/.local/lib/python3.6/site-packages/airflow/example_dags/example_sla_dag.py
[2025-05-31 12:10:49,200] {processor.py:642} INFO - Processing file /home/airflow/.local/lib/python3.6/site-packages/airflow/example_dags/example_sla_dag.py for tasks to queue
[2025-05-31 12:10:49,202] {logging_mixin.py:109} INFO - [2025-05-31 12:10:49,201] {dagbag.py:500} INFO - Filling up the DagBag from /home/airflow/.local/lib/python3.6/site-packages/airflow/example_dags/example_sla_dag.py
[2025-05-31 12:10:49,243] {processor.py:654} INFO - DAG(s) dict_keys(['example_sla_dag']) retrieved from /home/airflow/.local/lib/python3.6/site-packages/airflow/example_dags/example_sla_dag.py
[2025-05-31 12:10:49,257] {logging_mixin.py:109} INFO - [2025-05-31 12:10:49,257] {dag.py:2396} INFO - Sync 1 DAGs
[2025-05-31 12:10:49,285] {logging_mixin.py:109} INFO - [2025-05-31 12:10:49,285] {dag.py:2935} INFO - Setting next_dagrun for example_sla_dag to 2025-05-31T12:08:00+00:00
[2025-05-31 12:10:49,299] {processor.py:171} INFO - Processing /home/airflow/.local/lib/python3.6/site-packages/airflow/example_dags/example_sla_dag.py took 0.104 seconds
[2025-05-31 17:31:09,387] {processor.py:163} INFO - Started process (PID=323) to work on /home/airflow/.local/lib/python3.6/site-packages/airflow/example_dags/example_sla_dag.py
[2025-05-31 17:31:09,390] {processor.py:642} INFO - Processing file /home/airflow/.local/lib/python3.6/site-packages/airflow/example_dags/example_sla_dag.py for tasks to queue
[2025-05-31 17:31:09,391] {logging_mixin.py:109} INFO - [2025-05-31 17:31:09,391] {dagbag.py:500} INFO - Filling up the DagBag from /home/airflow/.local/lib/python3.6/site-packages/airflow/example_dags/example_sla_dag.py
[2025-05-31 17:31:09,467] {processor.py:654} INFO - DAG(s) dict_keys(['example_sla_dag']) retrieved from /home/airflow/.local/lib/python3.6/site-packages/airflow/example_dags/example_sla_dag.py
[2025-05-31 17:31:09,488] {logging_mixin.py:109} INFO - [2025-05-31 17:31:09,488] {dag.py:2396} INFO - Sync 1 DAGs
[2025-05-31 17:31:09,541] {logging_mixin.py:109} INFO - [2025-05-31 17:31:09,541] {dag.py:2935} INFO - Setting next_dagrun for example_sla_dag to 2025-05-31T17:28:00+00:00
[2025-05-31 17:31:09,560] {processor.py:171} INFO - Processing /home/airflow/.local/lib/python3.6/site-packages/airflow/example_dags/example_sla_dag.py took 0.184 seconds
[2025-05-31 17:31:42,583] {processor.py:163} INFO - Started process (PID=513) to work on /home/airflow/.local/lib/python3.6/site-packages/airflow/example_dags/example_sla_dag.py
[2025-05-31 17:31:42,586] {processor.py:642} INFO - Processing file /home/airflow/.local/lib/python3.6/site-packages/airflow/example_dags/example_sla_dag.py for tasks to queue
[2025-05-31 17:31:42,587] {logging_mixin.py:109} INFO - [2025-05-31 17:31:42,587] {dagbag.py:500} INFO - Filling up the DagBag from /home/airflow/.local/lib/python3.6/site-packages/airflow/example_dags/example_sla_dag.py
[2025-05-31 17:31:42,670] {processor.py:654} INFO - DAG(s) dict_keys(['example_sla_dag']) retrieved from /home/airflow/.local/lib/python3.6/site-packages/airflow/example_dags/example_sla_dag.py
[2025-05-31 17:31:42,699] {logging_mixin.py:109} INFO - [2025-05-31 17:31:42,699] {dag.py:2396} INFO - Sync 1 DAGs
[2025-05-31 17:31:42,747] {logging_mixin.py:109} INFO - [2025-05-31 17:31:42,747] {dag.py:2935} INFO - Setting next_dagrun for example_sla_dag to 2025-05-31T17:28:00+00:00
[2025-05-31 17:31:42,765] {processor.py:171} INFO - Processing /home/airflow/.local/lib/python3.6/site-packages/airflow/example_dags/example_sla_dag.py took 0.192 seconds
[2025-05-31 17:32:14,270] {processor.py:163} INFO - Started process (PID=689) to work on /home/airflow/.local/lib/python3.6/site-packages/airflow/example_dags/example_sla_dag.py
[2025-05-31 17:32:14,274] {processor.py:642} INFO - Processing file /home/airflow/.local/lib/python3.6/site-packages/airflow/example_dags/example_sla_dag.py for tasks to queue
[2025-05-31 17:32:14,277] {logging_mixin.py:109} INFO - [2025-05-31 17:32:14,276] {dagbag.py:500} INFO - Filling up the DagBag from /home/airflow/.local/lib/python3.6/site-packages/airflow/example_dags/example_sla_dag.py
[2025-05-31 17:32:14,381] {processor.py:654} INFO - DAG(s) dict_keys(['example_sla_dag']) retrieved from /home/airflow/.local/lib/python3.6/site-packages/airflow/example_dags/example_sla_dag.py
[2025-05-31 17:32:14,408] {logging_mixin.py:109} INFO - [2025-05-31 17:32:14,408] {dag.py:2396} INFO - Sync 1 DAGs
[2025-05-31 17:32:14,472] {logging_mixin.py:109} INFO - [2025-05-31 17:32:14,472] {dag.py:2935} INFO - Setting next_dagrun for example_sla_dag to 2025-05-31T17:30:00+00:00
[2025-05-31 17:32:14,497] {processor.py:171} INFO - Processing /home/airflow/.local/lib/python3.6/site-packages/airflow/example_dags/example_sla_dag.py took 0.246 seconds
[2025-05-31 17:32:45,338] {processor.py:163} INFO - Started process (PID=882) to work on /home/airflow/.local/lib/python3.6/site-packages/airflow/example_dags/example_sla_dag.py
[2025-05-31 17:32:45,340] {processor.py:642} INFO - Processing file /home/airflow/.local/lib/python3.6/site-packages/airflow/example_dags/example_sla_dag.py for tasks to queue
[2025-05-31 17:32:45,341] {logging_mixin.py:109} INFO - [2025-05-31 17:32:45,341] {dagbag.py:500} INFO - Filling up the DagBag from /home/airflow/.local/lib/python3.6/site-packages/airflow/example_dags/example_sla_dag.py
[2025-05-31 17:32:45,392] {processor.py:654} INFO - DAG(s) dict_keys(['example_sla_dag']) retrieved from /home/airflow/.local/lib/python3.6/site-packages/airflow/example_dags/example_sla_dag.py
[2025-05-31 17:32:45,409] {logging_mixin.py:109} INFO - [2025-05-31 17:32:45,409] {dag.py:2396} INFO - Sync 1 DAGs
[2025-05-31 17:32:45,446] {logging_mixin.py:109} INFO - [2025-05-31 17:32:45,446] {dag.py:2935} INFO - Setting next_dagrun for example_sla_dag to 2025-05-31T17:30:00+00:00
[2025-05-31 17:32:45,462] {processor.py:171} INFO - Processing /home/airflow/.local/lib/python3.6/site-packages/airflow/example_dags/example_sla_dag.py took 0.131 seconds
[2025-05-31 17:33:16,498] {processor.py:163} INFO - Started process (PID=1082) to work on /home/airflow/.local/lib/python3.6/site-packages/airflow/example_dags/example_sla_dag.py
[2025-05-31 17:33:16,500] {processor.py:642} INFO - Processing file /home/airflow/.local/lib/python3.6/site-packages/airflow/example_dags/example_sla_dag.py for tasks to queue
[2025-05-31 17:33:16,502] {logging_mixin.py:109} INFO - [2025-05-31 17:33:16,502] {dagbag.py:500} INFO - Filling up the DagBag from /home/airflow/.local/lib/python3.6/site-packages/airflow/example_dags/example_sla_dag.py
[2025-05-31 17:33:16,573] {processor.py:654} INFO - DAG(s) dict_keys(['example_sla_dag']) retrieved from /home/airflow/.local/lib/python3.6/site-packages/airflow/example_dags/example_sla_dag.py
[2025-05-31 17:33:16,596] {logging_mixin.py:109} INFO - [2025-05-31 17:33:16,595] {dag.py:2396} INFO - Sync 1 DAGs
[2025-05-31 17:33:16,673] {logging_mixin.py:109} INFO - [2025-05-31 17:33:16,673] {dag.py:2935} INFO - Setting next_dagrun for example_sla_dag to 2025-05-31T17:30:00+00:00
[2025-05-31 17:33:16,697] {processor.py:171} INFO - Processing /home/airflow/.local/lib/python3.6/site-packages/airflow/example_dags/example_sla_dag.py took 0.206 seconds
[2025-05-31 17:33:47,040] {processor.py:163} INFO - Started process (PID=1263) to work on /home/airflow/.local/lib/python3.6/site-packages/airflow/example_dags/example_sla_dag.py
[2025-05-31 17:33:47,043] {processor.py:642} INFO - Processing file /home/airflow/.local/lib/python3.6/site-packages/airflow/example_dags/example_sla_dag.py for tasks to queue
[2025-05-31 17:33:47,045] {logging_mixin.py:109} INFO - [2025-05-31 17:33:47,044] {dagbag.py:500} INFO - Filling up the DagBag from /home/airflow/.local/lib/python3.6/site-packages/airflow/example_dags/example_sla_dag.py
[2025-05-31 17:33:47,128] {processor.py:654} INFO - DAG(s) dict_keys(['example_sla_dag']) retrieved from /home/airflow/.local/lib/python3.6/site-packages/airflow/example_dags/example_sla_dag.py
[2025-05-31 17:33:47,167] {logging_mixin.py:109} INFO - [2025-05-31 17:33:47,167] {dag.py:2396} INFO - Sync 1 DAGs
[2025-05-31 17:33:47,214] {logging_mixin.py:109} INFO - [2025-05-31 17:33:47,214] {dag.py:2935} INFO - Setting next_dagrun for example_sla_dag to 2025-05-31T17:30:00+00:00
[2025-05-31 17:33:47,232] {processor.py:171} INFO - Processing /home/airflow/.local/lib/python3.6/site-packages/airflow/example_dags/example_sla_dag.py took 0.200 seconds
[2025-05-31 17:34:18,306] {processor.py:163} INFO - Started process (PID=1457) to work on /home/airflow/.local/lib/python3.6/site-packages/airflow/example_dags/example_sla_dag.py
[2025-05-31 17:34:18,311] {processor.py:642} INFO - Processing file /home/airflow/.local/lib/python3.6/site-packages/airflow/example_dags/example_sla_dag.py for tasks to queue
[2025-05-31 17:34:18,316] {logging_mixin.py:109} INFO - [2025-05-31 17:34:18,313] {dagbag.py:500} INFO - Filling up the DagBag from /home/airflow/.local/lib/python3.6/site-packages/airflow/example_dags/example_sla_dag.py
[2025-05-31 17:34:18,410] {processor.py:654} INFO - DAG(s) dict_keys(['example_sla_dag']) retrieved from /home/airflow/.local/lib/python3.6/site-packages/airflow/example_dags/example_sla_dag.py
[2025-05-31 17:34:18,438] {logging_mixin.py:109} INFO - [2025-05-31 17:34:18,438] {dag.py:2396} INFO - Sync 1 DAGs
[2025-05-31 17:34:18,535] {logging_mixin.py:109} INFO - [2025-05-31 17:34:18,535] {dag.py:2935} INFO - Setting next_dagrun for example_sla_dag to 2025-05-31T17:32:00+00:00
[2025-05-31 17:34:18,562] {processor.py:171} INFO - Processing /home/airflow/.local/lib/python3.6/site-packages/airflow/example_dags/example_sla_dag.py took 0.276 seconds
[2025-05-31 17:34:49,507] {processor.py:163} INFO - Started process (PID=1653) to work on /home/airflow/.local/lib/python3.6/site-packages/airflow/example_dags/example_sla_dag.py
[2025-05-31 17:34:49,511] {processor.py:642} INFO - Processing file /home/airflow/.local/lib/python3.6/site-packages/airflow/example_dags/example_sla_dag.py for tasks to queue
[2025-05-31 17:34:49,513] {logging_mixin.py:109} INFO - [2025-05-31 17:34:49,513] {dagbag.py:500} INFO - Filling up the DagBag from /home/airflow/.local/lib/python3.6/site-packages/airflow/example_dags/example_sla_dag.py
[2025-05-31 17:34:49,583] {processor.py:654} INFO - DAG(s) dict_keys(['example_sla_dag']) retrieved from /home/airflow/.local/lib/python3.6/site-packages/airflow/example_dags/example_sla_dag.py
[2025-05-31 17:34:49,609] {logging_mixin.py:109} INFO - [2025-05-31 17:34:49,609] {dag.py:2396} INFO - Sync 1 DAGs
[2025-05-31 17:34:49,660] {logging_mixin.py:109} INFO - [2025-05-31 17:34:49,660] {dag.py:2935} INFO - Setting next_dagrun for example_sla_dag to 2025-05-31T17:32:00+00:00
[2025-05-31 17:34:49,678] {processor.py:171} INFO - Processing /home/airflow/.local/lib/python3.6/site-packages/airflow/example_dags/example_sla_dag.py took 0.179 seconds
[2025-05-31 17:35:20,805] {processor.py:163} INFO - Started process (PID=1836) to work on /home/airflow/.local/lib/python3.6/site-packages/airflow/example_dags/example_sla_dag.py
[2025-05-31 17:35:20,808] {processor.py:642} INFO - Processing file /home/airflow/.local/lib/python3.6/site-packages/airflow/example_dags/example_sla_dag.py for tasks to queue
[2025-05-31 17:35:20,809] {logging_mixin.py:109} INFO - [2025-05-31 17:35:20,809] {dagbag.py:500} INFO - Filling up the DagBag from /home/airflow/.local/lib/python3.6/site-packages/airflow/example_dags/example_sla_dag.py
[2025-05-31 17:35:20,862] {processor.py:654} INFO - DAG(s) dict_keys(['example_sla_dag']) retrieved from /home/airflow/.local/lib/python3.6/site-packages/airflow/example_dags/example_sla_dag.py
[2025-05-31 17:35:20,882] {logging_mixin.py:109} INFO - [2025-05-31 17:35:20,881] {dag.py:2396} INFO - Sync 1 DAGs
[2025-05-31 17:35:20,931] {logging_mixin.py:109} INFO - [2025-05-31 17:35:20,930] {dag.py:2935} INFO - Setting next_dagrun for example_sla_dag to 2025-05-31T17:32:00+00:00
[2025-05-31 17:35:20,957] {processor.py:171} INFO - Processing /home/airflow/.local/lib/python3.6/site-packages/airflow/example_dags/example_sla_dag.py took 0.158 seconds
[2025-05-31 17:35:52,217] {processor.py:163} INFO - Started process (PID=2016) to work on /home/airflow/.local/lib/python3.6/site-packages/airflow/example_dags/example_sla_dag.py
[2025-05-31 17:35:52,220] {processor.py:642} INFO - Processing file /home/airflow/.local/lib/python3.6/site-packages/airflow/example_dags/example_sla_dag.py for tasks to queue
[2025-05-31 17:35:52,221] {logging_mixin.py:109} INFO - [2025-05-31 17:35:52,221] {dagbag.py:500} INFO - Filling up the DagBag from /home/airflow/.local/lib/python3.6/site-packages/airflow/example_dags/example_sla_dag.py
[2025-05-31 17:35:52,278] {processor.py:654} INFO - DAG(s) dict_keys(['example_sla_dag']) retrieved from /home/airflow/.local/lib/python3.6/site-packages/airflow/example_dags/example_sla_dag.py
[2025-05-31 17:35:52,296] {logging_mixin.py:109} INFO - [2025-05-31 17:35:52,295] {dag.py:2396} INFO - Sync 1 DAGs
[2025-05-31 17:35:52,331] {logging_mixin.py:109} INFO - [2025-05-31 17:35:52,331] {dag.py:2935} INFO - Setting next_dagrun for example_sla_dag to 2025-05-31T17:32:00+00:00
[2025-05-31 17:35:52,346] {processor.py:171} INFO - Processing /home/airflow/.local/lib/python3.6/site-packages/airflow/example_dags/example_sla_dag.py took 0.134 seconds
[2025-05-31 17:36:23,490] {processor.py:163} INFO - Started process (PID=2248) to work on /home/airflow/.local/lib/python3.6/site-packages/airflow/example_dags/example_sla_dag.py
[2025-05-31 17:36:23,493] {processor.py:642} INFO - Processing file /home/airflow/.local/lib/python3.6/site-packages/airflow/example_dags/example_sla_dag.py for tasks to queue
[2025-05-31 17:36:23,495] {logging_mixin.py:109} INFO - [2025-05-31 17:36:23,495] {dagbag.py:500} INFO - Filling up the DagBag from /home/airflow/.local/lib/python3.6/site-packages/airflow/example_dags/example_sla_dag.py
[2025-05-31 17:36:23,584] {processor.py:654} INFO - DAG(s) dict_keys(['example_sla_dag']) retrieved from /home/airflow/.local/lib/python3.6/site-packages/airflow/example_dags/example_sla_dag.py
[2025-05-31 17:36:23,614] {logging_mixin.py:109} INFO - [2025-05-31 17:36:23,614] {dag.py:2396} INFO - Sync 1 DAGs
[2025-05-31 17:36:23,682] {logging_mixin.py:109} INFO - [2025-05-31 17:36:23,682] {dag.py:2935} INFO - Setting next_dagrun for example_sla_dag to 2025-05-31T17:34:00+00:00
[2025-05-31 17:36:23,710] {processor.py:171} INFO - Processing /home/airflow/.local/lib/python3.6/site-packages/airflow/example_dags/example_sla_dag.py took 0.227 seconds
[2025-05-31 17:36:54,682] {processor.py:163} INFO - Started process (PID=2435) to work on /home/airflow/.local/lib/python3.6/site-packages/airflow/example_dags/example_sla_dag.py
[2025-05-31 17:36:54,684] {processor.py:642} INFO - Processing file /home/airflow/.local/lib/python3.6/site-packages/airflow/example_dags/example_sla_dag.py for tasks to queue
[2025-05-31 17:36:54,686] {logging_mixin.py:109} INFO - [2025-05-31 17:36:54,686] {dagbag.py:500} INFO - Filling up the DagBag from /home/airflow/.local/lib/python3.6/site-packages/airflow/example_dags/example_sla_dag.py
[2025-05-31 17:36:54,759] {processor.py:654} INFO - DAG(s) dict_keys(['example_sla_dag']) retrieved from /home/airflow/.local/lib/python3.6/site-packages/airflow/example_dags/example_sla_dag.py
[2025-05-31 17:36:54,780] {logging_mixin.py:109} INFO - [2025-05-31 17:36:54,780] {dag.py:2396} INFO - Sync 1 DAGs
[2025-05-31 17:36:54,826] {logging_mixin.py:109} INFO - [2025-05-31 17:36:54,826] {dag.py:2935} INFO - Setting next_dagrun for example_sla_dag to 2025-05-31T17:34:00+00:00
[2025-05-31 17:36:54,844] {processor.py:171} INFO - Processing /home/airflow/.local/lib/python3.6/site-packages/airflow/example_dags/example_sla_dag.py took 0.169 seconds
[2025-05-31 17:37:25,453] {processor.py:163} INFO - Started process (PID=2628) to work on /home/airflow/.local/lib/python3.6/site-packages/airflow/example_dags/example_sla_dag.py
[2025-05-31 17:37:25,461] {processor.py:642} INFO - Processing file /home/airflow/.local/lib/python3.6/site-packages/airflow/example_dags/example_sla_dag.py for tasks to queue
[2025-05-31 17:37:25,465] {logging_mixin.py:109} INFO - [2025-05-31 17:37:25,464] {dagbag.py:500} INFO - Filling up the DagBag from /home/airflow/.local/lib/python3.6/site-packages/airflow/example_dags/example_sla_dag.py
[2025-05-31 17:37:25,568] {processor.py:654} INFO - DAG(s) dict_keys(['example_sla_dag']) retrieved from /home/airflow/.local/lib/python3.6/site-packages/airflow/example_dags/example_sla_dag.py
[2025-05-31 17:37:25,591] {logging_mixin.py:109} INFO - [2025-05-31 17:37:25,591] {dag.py:2396} INFO - Sync 1 DAGs
[2025-05-31 17:37:25,641] {logging_mixin.py:109} INFO - [2025-05-31 17:37:25,641] {dag.py:2935} INFO - Setting next_dagrun for example_sla_dag to 2025-05-31T17:34:00+00:00
[2025-05-31 17:37:25,665] {processor.py:171} INFO - Processing /home/airflow/.local/lib/python3.6/site-packages/airflow/example_dags/example_sla_dag.py took 0.244 seconds
[2025-05-31 17:37:56,516] {processor.py:163} INFO - Started process (PID=2816) to work on /home/airflow/.local/lib/python3.6/site-packages/airflow/example_dags/example_sla_dag.py
[2025-05-31 17:37:56,518] {processor.py:642} INFO - Processing file /home/airflow/.local/lib/python3.6/site-packages/airflow/example_dags/example_sla_dag.py for tasks to queue
[2025-05-31 17:37:56,520] {logging_mixin.py:109} INFO - [2025-05-31 17:37:56,520] {dagbag.py:500} INFO - Filling up the DagBag from /home/airflow/.local/lib/python3.6/site-packages/airflow/example_dags/example_sla_dag.py
[2025-05-31 17:37:56,606] {processor.py:654} INFO - DAG(s) dict_keys(['example_sla_dag']) retrieved from /home/airflow/.local/lib/python3.6/site-packages/airflow/example_dags/example_sla_dag.py
[2025-05-31 17:37:56,631] {logging_mixin.py:109} INFO - [2025-05-31 17:37:56,630] {dag.py:2396} INFO - Sync 1 DAGs
[2025-05-31 17:37:56,679] {logging_mixin.py:109} INFO - [2025-05-31 17:37:56,679] {dag.py:2935} INFO - Setting next_dagrun for example_sla_dag to 2025-05-31T17:34:00+00:00
[2025-05-31 17:37:56,699] {processor.py:171} INFO - Processing /home/airflow/.local/lib/python3.6/site-packages/airflow/example_dags/example_sla_dag.py took 0.194 seconds
[2025-05-31 17:38:26,970] {processor.py:163} INFO - Started process (PID=3009) to work on /home/airflow/.local/lib/python3.6/site-packages/airflow/example_dags/example_sla_dag.py
[2025-05-31 17:38:26,973] {processor.py:642} INFO - Processing file /home/airflow/.local/lib/python3.6/site-packages/airflow/example_dags/example_sla_dag.py for tasks to queue
[2025-05-31 17:38:26,976] {logging_mixin.py:109} INFO - [2025-05-31 17:38:26,976] {dagbag.py:500} INFO - Filling up the DagBag from /home/airflow/.local/lib/python3.6/site-packages/airflow/example_dags/example_sla_dag.py
[2025-05-31 17:38:27,056] {processor.py:654} INFO - DAG(s) dict_keys(['example_sla_dag']) retrieved from /home/airflow/.local/lib/python3.6/site-packages/airflow/example_dags/example_sla_dag.py
[2025-05-31 17:38:27,081] {logging_mixin.py:109} INFO - [2025-05-31 17:38:27,081] {dag.py:2396} INFO - Sync 1 DAGs
[2025-05-31 17:38:27,140] {logging_mixin.py:109} INFO - [2025-05-31 17:38:27,139] {dag.py:2935} INFO - Setting next_dagrun for example_sla_dag to 2025-05-31T17:36:00+00:00
[2025-05-31 17:38:27,166] {processor.py:171} INFO - Processing /home/airflow/.local/lib/python3.6/site-packages/airflow/example_dags/example_sla_dag.py took 0.202 seconds
[2025-05-31 17:38:57,676] {processor.py:163} INFO - Started process (PID=3202) to work on /home/airflow/.local/lib/python3.6/site-packages/airflow/example_dags/example_sla_dag.py
[2025-05-31 17:38:57,679] {processor.py:642} INFO - Processing file /home/airflow/.local/lib/python3.6/site-packages/airflow/example_dags/example_sla_dag.py for tasks to queue
[2025-05-31 17:38:57,681] {logging_mixin.py:109} INFO - [2025-05-31 17:38:57,681] {dagbag.py:500} INFO - Filling up the DagBag from /home/airflow/.local/lib/python3.6/site-packages/airflow/example_dags/example_sla_dag.py
[2025-05-31 17:38:57,743] {processor.py:654} INFO - DAG(s) dict_keys(['example_sla_dag']) retrieved from /home/airflow/.local/lib/python3.6/site-packages/airflow/example_dags/example_sla_dag.py
[2025-05-31 17:38:57,762] {logging_mixin.py:109} INFO - [2025-05-31 17:38:57,761] {dag.py:2396} INFO - Sync 1 DAGs
[2025-05-31 17:38:57,800] {logging_mixin.py:109} INFO - [2025-05-31 17:38:57,800] {dag.py:2935} INFO - Setting next_dagrun for example_sla_dag to 2025-05-31T17:36:00+00:00
[2025-05-31 17:38:57,819] {processor.py:171} INFO - Processing /home/airflow/.local/lib/python3.6/site-packages/airflow/example_dags/example_sla_dag.py took 0.149 seconds
[2025-05-31 17:39:30,771] {processor.py:163} INFO - Started process (PID=3421) to work on /home/airflow/.local/lib/python3.6/site-packages/airflow/example_dags/example_sla_dag.py
[2025-05-31 17:39:30,773] {processor.py:642} INFO - Processing file /home/airflow/.local/lib/python3.6/site-packages/airflow/example_dags/example_sla_dag.py for tasks to queue
[2025-05-31 17:39:30,775] {logging_mixin.py:109} INFO - [2025-05-31 17:39:30,775] {dagbag.py:500} INFO - Filling up the DagBag from /home/airflow/.local/lib/python3.6/site-packages/airflow/example_dags/example_sla_dag.py
[2025-05-31 17:39:30,830] {processor.py:654} INFO - DAG(s) dict_keys(['example_sla_dag']) retrieved from /home/airflow/.local/lib/python3.6/site-packages/airflow/example_dags/example_sla_dag.py
[2025-05-31 17:39:30,854] {logging_mixin.py:109} INFO - [2025-05-31 17:39:30,854] {dag.py:2396} INFO - Sync 1 DAGs
[2025-05-31 17:39:30,906] {logging_mixin.py:109} INFO - [2025-05-31 17:39:30,906] {dag.py:2935} INFO - Setting next_dagrun for example_sla_dag to 2025-05-31T17:36:00+00:00
[2025-05-31 17:39:30,927] {processor.py:171} INFO - Processing /home/airflow/.local/lib/python3.6/site-packages/airflow/example_dags/example_sla_dag.py took 0.163 seconds
[2025-05-31 17:40:01,757] {processor.py:163} INFO - Started process (PID=3614) to work on /home/airflow/.local/lib/python3.6/site-packages/airflow/example_dags/example_sla_dag.py
[2025-05-31 17:40:01,760] {processor.py:642} INFO - Processing file /home/airflow/.local/lib/python3.6/site-packages/airflow/example_dags/example_sla_dag.py for tasks to queue
[2025-05-31 17:40:01,763] {logging_mixin.py:109} INFO - [2025-05-31 17:40:01,763] {dagbag.py:500} INFO - Filling up the DagBag from /home/airflow/.local/lib/python3.6/site-packages/airflow/example_dags/example_sla_dag.py
[2025-05-31 17:40:01,841] {processor.py:654} INFO - DAG(s) dict_keys(['example_sla_dag']) retrieved from /home/airflow/.local/lib/python3.6/site-packages/airflow/example_dags/example_sla_dag.py
[2025-05-31 17:40:01,865] {logging_mixin.py:109} INFO - [2025-05-31 17:40:01,865] {dag.py:2396} INFO - Sync 1 DAGs
[2025-05-31 17:40:01,912] {logging_mixin.py:109} INFO - [2025-05-31 17:40:01,912] {dag.py:2935} INFO - Setting next_dagrun for example_sla_dag to 2025-05-31T17:38:00+00:00
[2025-05-31 17:40:01,930] {processor.py:171} INFO - Processing /home/airflow/.local/lib/python3.6/site-packages/airflow/example_dags/example_sla_dag.py took 0.179 seconds
[2025-05-31 17:40:32,350] {processor.py:163} INFO - Started process (PID=3807) to work on /home/airflow/.local/lib/python3.6/site-packages/airflow/example_dags/example_sla_dag.py
[2025-05-31 17:40:32,353] {processor.py:642} INFO - Processing file /home/airflow/.local/lib/python3.6/site-packages/airflow/example_dags/example_sla_dag.py for tasks to queue
[2025-05-31 17:40:32,355] {logging_mixin.py:109} INFO - [2025-05-31 17:40:32,355] {dagbag.py:500} INFO - Filling up the DagBag from /home/airflow/.local/lib/python3.6/site-packages/airflow/example_dags/example_sla_dag.py
[2025-05-31 17:40:32,456] {processor.py:654} INFO - DAG(s) dict_keys(['example_sla_dag']) retrieved from /home/airflow/.local/lib/python3.6/site-packages/airflow/example_dags/example_sla_dag.py
[2025-05-31 17:40:32,494] {logging_mixin.py:109} INFO - [2025-05-31 17:40:32,493] {dag.py:2396} INFO - Sync 1 DAGs
[2025-05-31 17:40:32,561] {logging_mixin.py:109} INFO - [2025-05-31 17:40:32,561] {dag.py:2935} INFO - Setting next_dagrun for example_sla_dag to 2025-05-31T17:38:00+00:00
[2025-05-31 17:40:32,582] {processor.py:171} INFO - Processing /home/airflow/.local/lib/python3.6/site-packages/airflow/example_dags/example_sla_dag.py took 0.238 seconds
[2025-05-31 17:41:05,237] {processor.py:163} INFO - Started process (PID=4003) to work on /home/airflow/.local/lib/python3.6/site-packages/airflow/example_dags/example_sla_dag.py
[2025-05-31 17:41:05,251] {processor.py:642} INFO - Processing file /home/airflow/.local/lib/python3.6/site-packages/airflow/example_dags/example_sla_dag.py for tasks to queue
[2025-05-31 17:41:05,254] {logging_mixin.py:109} INFO - [2025-05-31 17:41:05,254] {dagbag.py:500} INFO - Filling up the DagBag from /home/airflow/.local/lib/python3.6/site-packages/airflow/example_dags/example_sla_dag.py
[2025-05-31 17:41:05,341] {processor.py:654} INFO - DAG(s) dict_keys(['example_sla_dag']) retrieved from /home/airflow/.local/lib/python3.6/site-packages/airflow/example_dags/example_sla_dag.py
[2025-05-31 17:41:05,366] {logging_mixin.py:109} INFO - [2025-05-31 17:41:05,366] {dag.py:2396} INFO - Sync 1 DAGs
[2025-05-31 17:41:05,425] {logging_mixin.py:109} INFO - [2025-05-31 17:41:05,425] {dag.py:2935} INFO - Setting next_dagrun for example_sla_dag to 2025-05-31T17:38:00+00:00
[2025-05-31 17:41:05,442] {processor.py:171} INFO - Processing /home/airflow/.local/lib/python3.6/site-packages/airflow/example_dags/example_sla_dag.py took 0.213 seconds
[2025-05-31 17:41:36,092] {processor.py:163} INFO - Started process (PID=4194) to work on /home/airflow/.local/lib/python3.6/site-packages/airflow/example_dags/example_sla_dag.py
[2025-05-31 17:41:36,094] {processor.py:642} INFO - Processing file /home/airflow/.local/lib/python3.6/site-packages/airflow/example_dags/example_sla_dag.py for tasks to queue
[2025-05-31 17:41:36,097] {logging_mixin.py:109} INFO - [2025-05-31 17:41:36,096] {dagbag.py:500} INFO - Filling up the DagBag from /home/airflow/.local/lib/python3.6/site-packages/airflow/example_dags/example_sla_dag.py
[2025-05-31 17:41:36,200] {processor.py:654} INFO - DAG(s) dict_keys(['example_sla_dag']) retrieved from /home/airflow/.local/lib/python3.6/site-packages/airflow/example_dags/example_sla_dag.py
[2025-05-31 17:41:36,226] {logging_mixin.py:109} INFO - [2025-05-31 17:41:36,226] {dag.py:2396} INFO - Sync 1 DAGs
[2025-05-31 17:41:36,293] {logging_mixin.py:109} INFO - [2025-05-31 17:41:36,293] {dag.py:2935} INFO - Setting next_dagrun for example_sla_dag to 2025-05-31T17:38:00+00:00
[2025-05-31 17:41:36,314] {processor.py:171} INFO - Processing /home/airflow/.local/lib/python3.6/site-packages/airflow/example_dags/example_sla_dag.py took 0.229 seconds
[2025-05-31 17:42:09,139] {processor.py:163} INFO - Started process (PID=4387) to work on /home/airflow/.local/lib/python3.6/site-packages/airflow/example_dags/example_sla_dag.py
[2025-05-31 17:42:09,143] {processor.py:642} INFO - Processing file /home/airflow/.local/lib/python3.6/site-packages/airflow/example_dags/example_sla_dag.py for tasks to queue
[2025-05-31 17:42:09,145] {logging_mixin.py:109} INFO - [2025-05-31 17:42:09,145] {dagbag.py:500} INFO - Filling up the DagBag from /home/airflow/.local/lib/python3.6/site-packages/airflow/example_dags/example_sla_dag.py
[2025-05-31 17:42:09,233] {processor.py:654} INFO - DAG(s) dict_keys(['example_sla_dag']) retrieved from /home/airflow/.local/lib/python3.6/site-packages/airflow/example_dags/example_sla_dag.py
[2025-05-31 17:42:09,257] {logging_mixin.py:109} INFO - [2025-05-31 17:42:09,257] {dag.py:2396} INFO - Sync 1 DAGs
[2025-05-31 17:42:09,206] {logging_mixin.py:109} INFO - [2025-05-31 17:42:09,206] {dag.py:2935} INFO - Setting next_dagrun for example_sla_dag to 2025-05-31T17:40:00+00:00
[2025-05-31 17:42:09,230] {processor.py:171} INFO - Processing /home/airflow/.local/lib/python3.6/site-packages/airflow/example_dags/example_sla_dag.py took 0.240 seconds
[2025-05-31 17:42:40,111] {processor.py:163} INFO - Started process (PID=4575) to work on /home/airflow/.local/lib/python3.6/site-packages/airflow/example_dags/example_sla_dag.py
[2025-05-31 17:42:40,114] {processor.py:642} INFO - Processing file /home/airflow/.local/lib/python3.6/site-packages/airflow/example_dags/example_sla_dag.py for tasks to queue
[2025-05-31 17:42:40,116] {logging_mixin.py:109} INFO - [2025-05-31 17:42:40,116] {dagbag.py:500} INFO - Filling up the DagBag from /home/airflow/.local/lib/python3.6/site-packages/airflow/example_dags/example_sla_dag.py
[2025-05-31 17:42:40,186] {processor.py:654} INFO - DAG(s) dict_keys(['example_sla_dag']) retrieved from /home/airflow/.local/lib/python3.6/site-packages/airflow/example_dags/example_sla_dag.py
[2025-05-31 17:42:40,208] {logging_mixin.py:109} INFO - [2025-05-31 17:42:40,208] {dag.py:2396} INFO - Sync 1 DAGs
[2025-05-31 17:42:40,261] {logging_mixin.py:109} INFO - [2025-05-31 17:42:40,260] {dag.py:2935} INFO - Setting next_dagrun for example_sla_dag to 2025-05-31T17:40:00+00:00
[2025-05-31 17:42:40,279] {processor.py:171} INFO - Processing /home/airflow/.local/lib/python3.6/site-packages/airflow/example_dags/example_sla_dag.py took 0.175 seconds
[2025-05-31 17:43:11,993] {processor.py:163} INFO - Started process (PID=4773) to work on /home/airflow/.local/lib/python3.6/site-packages/airflow/example_dags/example_sla_dag.py
[2025-05-31 17:43:11,995] {processor.py:642} INFO - Processing file /home/airflow/.local/lib/python3.6/site-packages/airflow/example_dags/example_sla_dag.py for tasks to queue
[2025-05-31 17:43:11,997] {logging_mixin.py:109} INFO - [2025-05-31 17:43:11,997] {dagbag.py:500} INFO - Filling up the DagBag from /home/airflow/.local/lib/python3.6/site-packages/airflow/example_dags/example_sla_dag.py
[2025-05-31 17:43:12,075] {processor.py:654} INFO - DAG(s) dict_keys(['example_sla_dag']) retrieved from /home/airflow/.local/lib/python3.6/site-packages/airflow/example_dags/example_sla_dag.py
[2025-05-31 17:43:12,099] {logging_mixin.py:109} INFO - [2025-05-31 17:43:12,099] {dag.py:2396} INFO - Sync 1 DAGs
[2025-05-31 17:43:12,156] {logging_mixin.py:109} INFO - [2025-05-31 17:43:12,155] {dag.py:2935} INFO - Setting next_dagrun for example_sla_dag to 2025-05-31T17:40:00+00:00
[2025-05-31 17:43:12,186] {processor.py:171} INFO - Processing /home/airflow/.local/lib/python3.6/site-packages/airflow/example_dags/example_sla_dag.py took 0.200 seconds
[2025-05-31 17:43:43,832] {processor.py:163} INFO - Started process (PID=4966) to work on /home/airflow/.local/lib/python3.6/site-packages/airflow/example_dags/example_sla_dag.py
[2025-05-31 17:43:43,835] {processor.py:642} INFO - Processing file /home/airflow/.local/lib/python3.6/site-packages/airflow/example_dags/example_sla_dag.py for tasks to queue
[2025-05-31 17:43:43,837] {logging_mixin.py:109} INFO - [2025-05-31 17:43:43,837] {dagbag.py:500} INFO - Filling up the DagBag from /home/airflow/.local/lib/python3.6/site-packages/airflow/example_dags/example_sla_dag.py
[2025-05-31 17:43:43,895] {processor.py:654} INFO - DAG(s) dict_keys(['example_sla_dag']) retrieved from /home/airflow/.local/lib/python3.6/site-packages/airflow/example_dags/example_sla_dag.py
[2025-05-31 17:43:43,915] {logging_mixin.py:109} INFO - [2025-05-31 17:43:43,915] {dag.py:2396} INFO - Sync 1 DAGs
[2025-05-31 17:43:43,964] {logging_mixin.py:109} INFO - [2025-05-31 17:43:43,964] {dag.py:2935} INFO - Setting next_dagrun for example_sla_dag to 2025-05-31T17:40:00+00:00
[2025-05-31 17:43:43,982] {processor.py:171} INFO - Processing /home/airflow/.local/lib/python3.6/site-packages/airflow/example_dags/example_sla_dag.py took 0.155 seconds
[2025-05-31 17:44:16,435] {processor.py:163} INFO - Started process (PID=5159) to work on /home/airflow/.local/lib/python3.6/site-packages/airflow/example_dags/example_sla_dag.py
[2025-05-31 17:44:16,437] {processor.py:642} INFO - Processing file /home/airflow/.local/lib/python3.6/site-packages/airflow/example_dags/example_sla_dag.py for tasks to queue
[2025-05-31 17:44:16,439] {logging_mixin.py:109} INFO - [2025-05-31 17:44:16,439] {dagbag.py:500} INFO - Filling up the DagBag from /home/airflow/.local/lib/python3.6/site-packages/airflow/example_dags/example_sla_dag.py
[2025-05-31 17:44:16,502] {processor.py:654} INFO - DAG(s) dict_keys(['example_sla_dag']) retrieved from /home/airflow/.local/lib/python3.6/site-packages/airflow/example_dags/example_sla_dag.py
[2025-05-31 17:44:16,520] {logging_mixin.py:109} INFO - [2025-05-31 17:44:16,520] {dag.py:2396} INFO - Sync 1 DAGs
[2025-05-31 17:44:16,567] {logging_mixin.py:109} INFO - [2025-05-31 17:44:16,567] {dag.py:2935} INFO - Setting next_dagrun for example_sla_dag to 2025-05-31T17:42:00+00:00
[2025-05-31 17:44:16,596] {processor.py:171} INFO - Processing /home/airflow/.local/lib/python3.6/site-packages/airflow/example_dags/example_sla_dag.py took 0.167 seconds
[2025-05-31 17:44:47,484] {processor.py:163} INFO - Started process (PID=5354) to work on /home/airflow/.local/lib/python3.6/site-packages/airflow/example_dags/example_sla_dag.py
[2025-05-31 17:44:47,487] {processor.py:642} INFO - Processing file /home/airflow/.local/lib/python3.6/site-packages/airflow/example_dags/example_sla_dag.py for tasks to queue
[2025-05-31 17:44:47,489] {logging_mixin.py:109} INFO - [2025-05-31 17:44:47,489] {dagbag.py:500} INFO - Filling up the DagBag from /home/airflow/.local/lib/python3.6/site-packages/airflow/example_dags/example_sla_dag.py
[2025-05-31 17:44:47,560] {processor.py:654} INFO - DAG(s) dict_keys(['example_sla_dag']) retrieved from /home/airflow/.local/lib/python3.6/site-packages/airflow/example_dags/example_sla_dag.py
[2025-05-31 17:44:47,586] {logging_mixin.py:109} INFO - [2025-05-31 17:44:47,586] {dag.py:2396} INFO - Sync 1 DAGs
[2025-05-31 17:44:47,637] {logging_mixin.py:109} INFO - [2025-05-31 17:44:47,637] {dag.py:2935} INFO - Setting next_dagrun for example_sla_dag to 2025-05-31T17:42:00+00:00
[2025-05-31 17:44:47,655] {processor.py:171} INFO - Processing /home/airflow/.local/lib/python3.6/site-packages/airflow/example_dags/example_sla_dag.py took 0.176 seconds
