[2025-05-31 10:45:49,021] {processor.py:163} INFO - Started process (PID=254) to work on /home/airflow/.local/lib/python3.6/site-packages/airflow/example_dags/tutorial.py
[2025-05-31 10:45:49,023] {processor.py:642} INFO - Processing file /home/airflow/.local/lib/python3.6/site-packages/airflow/example_dags/tutorial.py for tasks to queue
[2025-05-31 10:45:49,027] {logging_mixin.py:109} INFO - [2025-05-31 10:45:49,026] {dagbag.py:500} INFO - Filling up the DagBag from /home/airflow/.local/lib/python3.6/site-packages/airflow/example_dags/tutorial.py
[2025-05-31 10:45:49,128] {processor.py:654} INFO - DAG(s) dict_keys(['tutorial']) retrieved from /home/airflow/.local/lib/python3.6/site-packages/airflow/example_dags/tutorial.py
[2025-05-31 10:45:49,153] {logging_mixin.py:109} INFO - [2025-05-31 10:45:49,153] {dag.py:2396} INFO - Sync 1 DAGs
[2025-05-31 10:45:49,195] {logging_mixin.py:109} INFO - [2025-05-31 10:45:49,195] {dag.py:2935} INFO - Setting next_dagrun for tutorial to 2025-05-30T10:45:49.194979+00:00
[2025-05-31 10:45:49,222] {processor.py:171} INFO - Processing /home/airflow/.local/lib/python3.6/site-packages/airflow/example_dags/tutorial.py took 0.214 seconds
[2025-05-31 10:46:19,992] {processor.py:163} INFO - Started process (PID=434) to work on /home/airflow/.local/lib/python3.6/site-packages/airflow/example_dags/tutorial.py
[2025-05-31 10:46:19,994] {processor.py:642} INFO - Processing file /home/airflow/.local/lib/python3.6/site-packages/airflow/example_dags/tutorial.py for tasks to queue
[2025-05-31 10:46:19,995] {logging_mixin.py:109} INFO - [2025-05-31 10:46:19,995] {dagbag.py:500} INFO - Filling up the DagBag from /home/airflow/.local/lib/python3.6/site-packages/airflow/example_dags/tutorial.py
[2025-05-31 10:46:20,038] {processor.py:654} INFO - DAG(s) dict_keys(['tutorial']) retrieved from /home/airflow/.local/lib/python3.6/site-packages/airflow/example_dags/tutorial.py
[2025-05-31 10:46:20,057] {logging_mixin.py:109} INFO - [2025-05-31 10:46:20,057] {dag.py:2396} INFO - Sync 1 DAGs
[2025-05-31 10:46:20,086] {logging_mixin.py:109} INFO - [2025-05-31 10:46:20,085] {dag.py:2935} INFO - Setting next_dagrun for tutorial to 2025-05-30T10:46:20.085502+00:00
[2025-05-31 10:46:20,098] {processor.py:171} INFO - Processing /home/airflow/.local/lib/python3.6/site-packages/airflow/example_dags/tutorial.py took 0.112 seconds
[2025-05-31 10:46:50,413] {processor.py:163} INFO - Started process (PID=619) to work on /home/airflow/.local/lib/python3.6/site-packages/airflow/example_dags/tutorial.py
[2025-05-31 10:46:50,415] {processor.py:642} INFO - Processing file /home/airflow/.local/lib/python3.6/site-packages/airflow/example_dags/tutorial.py for tasks to queue
[2025-05-31 10:46:50,416] {logging_mixin.py:109} INFO - [2025-05-31 10:46:50,416] {dagbag.py:500} INFO - Filling up the DagBag from /home/airflow/.local/lib/python3.6/site-packages/airflow/example_dags/tutorial.py
[2025-05-31 10:46:50,458] {processor.py:654} INFO - DAG(s) dict_keys(['tutorial']) retrieved from /home/airflow/.local/lib/python3.6/site-packages/airflow/example_dags/tutorial.py
[2025-05-31 10:46:50,476] {logging_mixin.py:109} INFO - [2025-05-31 10:46:50,475] {dag.py:2396} INFO - Sync 1 DAGs
[2025-05-31 10:46:50,513] {logging_mixin.py:109} INFO - [2025-05-31 10:46:50,513] {dag.py:2935} INFO - Setting next_dagrun for tutorial to 2025-05-30T10:46:50.513138+00:00
[2025-05-31 10:46:50,528] {processor.py:171} INFO - Processing /home/airflow/.local/lib/python3.6/site-packages/airflow/example_dags/tutorial.py took 0.120 seconds
[2025-05-31 10:47:21,261] {processor.py:163} INFO - Started process (PID=794) to work on /home/airflow/.local/lib/python3.6/site-packages/airflow/example_dags/tutorial.py
[2025-05-31 10:47:21,263] {processor.py:642} INFO - Processing file /home/airflow/.local/lib/python3.6/site-packages/airflow/example_dags/tutorial.py for tasks to queue
[2025-05-31 10:47:21,265] {logging_mixin.py:109} INFO - [2025-05-31 10:47:21,264] {dagbag.py:500} INFO - Filling up the DagBag from /home/airflow/.local/lib/python3.6/site-packages/airflow/example_dags/tutorial.py
[2025-05-31 10:47:21,305] {processor.py:654} INFO - DAG(s) dict_keys(['tutorial']) retrieved from /home/airflow/.local/lib/python3.6/site-packages/airflow/example_dags/tutorial.py
[2025-05-31 10:47:21,321] {logging_mixin.py:109} INFO - [2025-05-31 10:47:21,321] {dag.py:2396} INFO - Sync 1 DAGs
[2025-05-31 10:47:21,347] {logging_mixin.py:109} INFO - [2025-05-31 10:47:21,347] {dag.py:2935} INFO - Setting next_dagrun for tutorial to 2025-05-30T10:47:21.347352+00:00
[2025-05-31 10:47:21,360] {processor.py:171} INFO - Processing /home/airflow/.local/lib/python3.6/site-packages/airflow/example_dags/tutorial.py took 0.104 seconds
[2025-05-31 10:47:52,180] {processor.py:163} INFO - Started process (PID=975) to work on /home/airflow/.local/lib/python3.6/site-packages/airflow/example_dags/tutorial.py
[2025-05-31 10:47:52,182] {processor.py:642} INFO - Processing file /home/airflow/.local/lib/python3.6/site-packages/airflow/example_dags/tutorial.py for tasks to queue
[2025-05-31 10:47:52,183] {logging_mixin.py:109} INFO - [2025-05-31 10:47:52,183] {dagbag.py:500} INFO - Filling up the DagBag from /home/airflow/.local/lib/python3.6/site-packages/airflow/example_dags/tutorial.py
[2025-05-31 10:47:52,221] {processor.py:654} INFO - DAG(s) dict_keys(['tutorial']) retrieved from /home/airflow/.local/lib/python3.6/site-packages/airflow/example_dags/tutorial.py
[2025-05-31 10:47:52,235] {logging_mixin.py:109} INFO - [2025-05-31 10:47:52,235] {dag.py:2396} INFO - Sync 1 DAGs
[2025-05-31 10:47:52,262] {logging_mixin.py:109} INFO - [2025-05-31 10:47:52,262] {dag.py:2935} INFO - Setting next_dagrun for tutorial to 2025-05-30T10:47:52.262053+00:00
[2025-05-31 10:47:52,277] {processor.py:171} INFO - Processing /home/airflow/.local/lib/python3.6/site-packages/airflow/example_dags/tutorial.py took 0.103 seconds
[2025-05-31 10:48:24,190] {processor.py:163} INFO - Started process (PID=1175) to work on /home/airflow/.local/lib/python3.6/site-packages/airflow/example_dags/tutorial.py
[2025-05-31 10:48:24,192] {processor.py:642} INFO - Processing file /home/airflow/.local/lib/python3.6/site-packages/airflow/example_dags/tutorial.py for tasks to queue
[2025-05-31 10:48:24,193] {logging_mixin.py:109} INFO - [2025-05-31 10:48:24,193] {dagbag.py:500} INFO - Filling up the DagBag from /home/airflow/.local/lib/python3.6/site-packages/airflow/example_dags/tutorial.py
[2025-05-31 10:48:24,236] {processor.py:654} INFO - DAG(s) dict_keys(['tutorial']) retrieved from /home/airflow/.local/lib/python3.6/site-packages/airflow/example_dags/tutorial.py
[2025-05-31 10:48:24,254] {logging_mixin.py:109} INFO - [2025-05-31 10:48:24,254] {dag.py:2396} INFO - Sync 1 DAGs
[2025-05-31 10:48:24,282] {logging_mixin.py:109} INFO - [2025-05-31 10:48:24,282] {dag.py:2935} INFO - Setting next_dagrun for tutorial to 2025-05-30T10:48:24.281651+00:00
[2025-05-31 10:48:24,303] {processor.py:171} INFO - Processing /home/airflow/.local/lib/python3.6/site-packages/airflow/example_dags/tutorial.py took 0.117 seconds
[2025-05-31 10:48:55,655] {processor.py:163} INFO - Started process (PID=1355) to work on /home/airflow/.local/lib/python3.6/site-packages/airflow/example_dags/tutorial.py
[2025-05-31 10:48:55,658] {processor.py:642} INFO - Processing file /home/airflow/.local/lib/python3.6/site-packages/airflow/example_dags/tutorial.py for tasks to queue
[2025-05-31 10:48:55,661] {logging_mixin.py:109} INFO - [2025-05-31 10:48:55,660] {dagbag.py:500} INFO - Filling up the DagBag from /home/airflow/.local/lib/python3.6/site-packages/airflow/example_dags/tutorial.py
[2025-05-31 10:48:55,725] {processor.py:654} INFO - DAG(s) dict_keys(['tutorial']) retrieved from /home/airflow/.local/lib/python3.6/site-packages/airflow/example_dags/tutorial.py
[2025-05-31 10:48:55,754] {logging_mixin.py:109} INFO - [2025-05-31 10:48:55,754] {dag.py:2396} INFO - Sync 1 DAGs
[2025-05-31 10:48:55,796] {logging_mixin.py:109} INFO - [2025-05-31 10:48:55,795] {dag.py:2935} INFO - Setting next_dagrun for tutorial to 2025-05-30T10:48:55.795281+00:00
[2025-05-31 10:48:55,929] {processor.py:171} INFO - Processing /home/airflow/.local/lib/python3.6/site-packages/airflow/example_dags/tutorial.py took 0.284 seconds
[2025-05-31 10:49:26,328] {processor.py:163} INFO - Started process (PID=1535) to work on /home/airflow/.local/lib/python3.6/site-packages/airflow/example_dags/tutorial.py
[2025-05-31 10:49:26,331] {processor.py:642} INFO - Processing file /home/airflow/.local/lib/python3.6/site-packages/airflow/example_dags/tutorial.py for tasks to queue
[2025-05-31 10:49:26,332] {logging_mixin.py:109} INFO - [2025-05-31 10:49:26,332] {dagbag.py:500} INFO - Filling up the DagBag from /home/airflow/.local/lib/python3.6/site-packages/airflow/example_dags/tutorial.py
[2025-05-31 10:49:26,402] {processor.py:654} INFO - DAG(s) dict_keys(['tutorial']) retrieved from /home/airflow/.local/lib/python3.6/site-packages/airflow/example_dags/tutorial.py
[2025-05-31 10:49:26,427] {logging_mixin.py:109} INFO - [2025-05-31 10:49:26,427] {dag.py:2396} INFO - Sync 1 DAGs
[2025-05-31 10:49:26,475] {logging_mixin.py:109} INFO - [2025-05-31 10:49:26,475] {dag.py:2935} INFO - Setting next_dagrun for tutorial to 2025-05-30T10:49:26.474380+00:00
[2025-05-31 10:49:26,497] {processor.py:171} INFO - Processing /home/airflow/.local/lib/python3.6/site-packages/airflow/example_dags/tutorial.py took 0.177 seconds
[2025-05-31 10:49:57,527] {processor.py:163} INFO - Started process (PID=1725) to work on /home/airflow/.local/lib/python3.6/site-packages/airflow/example_dags/tutorial.py
[2025-05-31 10:49:57,532] {processor.py:642} INFO - Processing file /home/airflow/.local/lib/python3.6/site-packages/airflow/example_dags/tutorial.py for tasks to queue
[2025-05-31 10:49:57,534] {logging_mixin.py:109} INFO - [2025-05-31 10:49:57,533] {dagbag.py:500} INFO - Filling up the DagBag from /home/airflow/.local/lib/python3.6/site-packages/airflow/example_dags/tutorial.py
[2025-05-31 10:49:57,595] {processor.py:654} INFO - DAG(s) dict_keys(['tutorial']) retrieved from /home/airflow/.local/lib/python3.6/site-packages/airflow/example_dags/tutorial.py
[2025-05-31 10:49:57,622] {logging_mixin.py:109} INFO - [2025-05-31 10:49:57,622] {dag.py:2396} INFO - Sync 1 DAGs
[2025-05-31 10:49:57,675] {logging_mixin.py:109} INFO - [2025-05-31 10:49:57,675] {dag.py:2935} INFO - Setting next_dagrun for tutorial to 2025-05-30T10:49:57.674147+00:00
[2025-05-31 10:49:57,702] {processor.py:171} INFO - Processing /home/airflow/.local/lib/python3.6/site-packages/airflow/example_dags/tutorial.py took 0.183 seconds
[2025-05-31 10:50:28,092] {processor.py:163} INFO - Started process (PID=1906) to work on /home/airflow/.local/lib/python3.6/site-packages/airflow/example_dags/tutorial.py
[2025-05-31 10:50:28,095] {processor.py:642} INFO - Processing file /home/airflow/.local/lib/python3.6/site-packages/airflow/example_dags/tutorial.py for tasks to queue
[2025-05-31 10:50:28,096] {logging_mixin.py:109} INFO - [2025-05-31 10:50:28,096] {dagbag.py:500} INFO - Filling up the DagBag from /home/airflow/.local/lib/python3.6/site-packages/airflow/example_dags/tutorial.py
[2025-05-31 10:50:28,144] {processor.py:654} INFO - DAG(s) dict_keys(['tutorial']) retrieved from /home/airflow/.local/lib/python3.6/site-packages/airflow/example_dags/tutorial.py
[2025-05-31 10:50:28,173] {logging_mixin.py:109} INFO - [2025-05-31 10:50:28,173] {dag.py:2396} INFO - Sync 1 DAGs
[2025-05-31 10:50:28,200] {logging_mixin.py:109} INFO - [2025-05-31 10:50:28,200] {dag.py:2935} INFO - Setting next_dagrun for tutorial to 2025-05-30T10:50:28.199940+00:00
[2025-05-31 10:50:28,213] {processor.py:171} INFO - Processing /home/airflow/.local/lib/python3.6/site-packages/airflow/example_dags/tutorial.py took 0.131 seconds
[2025-05-31 10:50:59,054] {processor.py:163} INFO - Started process (PID=2081) to work on /home/airflow/.local/lib/python3.6/site-packages/airflow/example_dags/tutorial.py
[2025-05-31 10:50:59,057] {processor.py:642} INFO - Processing file /home/airflow/.local/lib/python3.6/site-packages/airflow/example_dags/tutorial.py for tasks to queue
[2025-05-31 10:50:59,060] {logging_mixin.py:109} INFO - [2025-05-31 10:50:59,060] {dagbag.py:500} INFO - Filling up the DagBag from /home/airflow/.local/lib/python3.6/site-packages/airflow/example_dags/tutorial.py
[2025-05-31 10:50:59,125] {processor.py:654} INFO - DAG(s) dict_keys(['tutorial']) retrieved from /home/airflow/.local/lib/python3.6/site-packages/airflow/example_dags/tutorial.py
[2025-05-31 10:50:59,146] {logging_mixin.py:109} INFO - [2025-05-31 10:50:59,146] {dag.py:2396} INFO - Sync 1 DAGs
[2025-05-31 10:50:59,202] {logging_mixin.py:109} INFO - [2025-05-31 10:50:59,202] {dag.py:2935} INFO - Setting next_dagrun for tutorial to 2025-05-30T10:50:59.201614+00:00
[2025-05-31 10:50:59,227] {processor.py:171} INFO - Processing /home/airflow/.local/lib/python3.6/site-packages/airflow/example_dags/tutorial.py took 0.182 seconds
[2025-05-31 10:51:30,533] {processor.py:163} INFO - Started process (PID=2271) to work on /home/airflow/.local/lib/python3.6/site-packages/airflow/example_dags/tutorial.py
[2025-05-31 10:51:30,535] {processor.py:642} INFO - Processing file /home/airflow/.local/lib/python3.6/site-packages/airflow/example_dags/tutorial.py for tasks to queue
[2025-05-31 10:51:30,537] {logging_mixin.py:109} INFO - [2025-05-31 10:51:30,537] {dagbag.py:500} INFO - Filling up the DagBag from /home/airflow/.local/lib/python3.6/site-packages/airflow/example_dags/tutorial.py
[2025-05-31 10:51:30,592] {processor.py:654} INFO - DAG(s) dict_keys(['tutorial']) retrieved from /home/airflow/.local/lib/python3.6/site-packages/airflow/example_dags/tutorial.py
[2025-05-31 10:51:30,612] {logging_mixin.py:109} INFO - [2025-05-31 10:51:30,612] {dag.py:2396} INFO - Sync 1 DAGs
[2025-05-31 10:51:30,648] {logging_mixin.py:109} INFO - [2025-05-31 10:51:30,648] {dag.py:2935} INFO - Setting next_dagrun for tutorial to 2025-05-30T10:51:30.647643+00:00
[2025-05-31 10:51:30,665] {processor.py:171} INFO - Processing /home/airflow/.local/lib/python3.6/site-packages/airflow/example_dags/tutorial.py took 0.138 seconds
[2025-05-31 10:52:02,023] {processor.py:163} INFO - Started process (PID=2451) to work on /home/airflow/.local/lib/python3.6/site-packages/airflow/example_dags/tutorial.py
[2025-05-31 10:52:02,025] {processor.py:642} INFO - Processing file /home/airflow/.local/lib/python3.6/site-packages/airflow/example_dags/tutorial.py for tasks to queue
[2025-05-31 10:52:02,026] {logging_mixin.py:109} INFO - [2025-05-31 10:52:02,026] {dagbag.py:500} INFO - Filling up the DagBag from /home/airflow/.local/lib/python3.6/site-packages/airflow/example_dags/tutorial.py
[2025-05-31 10:52:02,068] {processor.py:654} INFO - DAG(s) dict_keys(['tutorial']) retrieved from /home/airflow/.local/lib/python3.6/site-packages/airflow/example_dags/tutorial.py
[2025-05-31 10:52:02,084] {logging_mixin.py:109} INFO - [2025-05-31 10:52:02,084] {dag.py:2396} INFO - Sync 1 DAGs
[2025-05-31 10:52:02,114] {logging_mixin.py:109} INFO - [2025-05-31 10:52:02,114] {dag.py:2935} INFO - Setting next_dagrun for tutorial to 2025-05-30T10:52:02.113935+00:00
[2025-05-31 10:52:02,129] {processor.py:171} INFO - Processing /home/airflow/.local/lib/python3.6/site-packages/airflow/example_dags/tutorial.py took 0.111 seconds
[2025-05-31 10:52:33,665] {processor.py:163} INFO - Started process (PID=2631) to work on /home/airflow/.local/lib/python3.6/site-packages/airflow/example_dags/tutorial.py
[2025-05-31 10:52:33,668] {processor.py:642} INFO - Processing file /home/airflow/.local/lib/python3.6/site-packages/airflow/example_dags/tutorial.py for tasks to queue
[2025-05-31 10:52:33,672] {logging_mixin.py:109} INFO - [2025-05-31 10:52:33,672] {dagbag.py:500} INFO - Filling up the DagBag from /home/airflow/.local/lib/python3.6/site-packages/airflow/example_dags/tutorial.py
[2025-05-31 10:52:33,728] {processor.py:654} INFO - DAG(s) dict_keys(['tutorial']) retrieved from /home/airflow/.local/lib/python3.6/site-packages/airflow/example_dags/tutorial.py
[2025-05-31 10:52:33,756] {logging_mixin.py:109} INFO - [2025-05-31 10:52:33,755] {dag.py:2396} INFO - Sync 1 DAGs
[2025-05-31 10:52:33,797] {logging_mixin.py:109} INFO - [2025-05-31 10:52:33,797] {dag.py:2935} INFO - Setting next_dagrun for tutorial to 2025-05-30T10:52:33.796950+00:00
[2025-05-31 10:52:33,824] {processor.py:171} INFO - Processing /home/airflow/.local/lib/python3.6/site-packages/airflow/example_dags/tutorial.py took 0.165 seconds
[2025-05-31 10:53:05,128] {processor.py:163} INFO - Started process (PID=2811) to work on /home/airflow/.local/lib/python3.6/site-packages/airflow/example_dags/tutorial.py
[2025-05-31 10:53:05,132] {processor.py:642} INFO - Processing file /home/airflow/.local/lib/python3.6/site-packages/airflow/example_dags/tutorial.py for tasks to queue
[2025-05-31 10:53:05,134] {logging_mixin.py:109} INFO - [2025-05-31 10:53:05,134] {dagbag.py:500} INFO - Filling up the DagBag from /home/airflow/.local/lib/python3.6/site-packages/airflow/example_dags/tutorial.py
[2025-05-31 10:53:05,226] {processor.py:654} INFO - DAG(s) dict_keys(['tutorial']) retrieved from /home/airflow/.local/lib/python3.6/site-packages/airflow/example_dags/tutorial.py
[2025-05-31 10:53:05,255] {logging_mixin.py:109} INFO - [2025-05-31 10:53:05,254] {dag.py:2396} INFO - Sync 1 DAGs
[2025-05-31 10:53:05,328] {logging_mixin.py:109} INFO - [2025-05-31 10:53:05,328] {dag.py:2935} INFO - Setting next_dagrun for tutorial to 2025-05-30T10:53:05.327799+00:00
[2025-05-31 10:53:05,365] {processor.py:171} INFO - Processing /home/airflow/.local/lib/python3.6/site-packages/airflow/example_dags/tutorial.py took 0.244 seconds
[2025-05-31 10:53:36,359] {processor.py:163} INFO - Started process (PID=3003) to work on /home/airflow/.local/lib/python3.6/site-packages/airflow/example_dags/tutorial.py
[2025-05-31 10:53:36,361] {processor.py:642} INFO - Processing file /home/airflow/.local/lib/python3.6/site-packages/airflow/example_dags/tutorial.py for tasks to queue
[2025-05-31 10:53:36,363] {logging_mixin.py:109} INFO - [2025-05-31 10:53:36,363] {dagbag.py:500} INFO - Filling up the DagBag from /home/airflow/.local/lib/python3.6/site-packages/airflow/example_dags/tutorial.py
[2025-05-31 10:53:36,402] {processor.py:654} INFO - DAG(s) dict_keys(['tutorial']) retrieved from /home/airflow/.local/lib/python3.6/site-packages/airflow/example_dags/tutorial.py
[2025-05-31 10:53:36,418] {logging_mixin.py:109} INFO - [2025-05-31 10:53:36,418] {dag.py:2396} INFO - Sync 1 DAGs
[2025-05-31 10:53:36,477] {logging_mixin.py:109} INFO - [2025-05-31 10:53:36,477] {dag.py:2935} INFO - Setting next_dagrun for tutorial to 2025-05-30T10:53:36.476911+00:00
[2025-05-31 10:53:36,493] {processor.py:171} INFO - Processing /home/airflow/.local/lib/python3.6/site-packages/airflow/example_dags/tutorial.py took 0.140 seconds
[2025-05-31 10:54:07,618] {processor.py:163} INFO - Started process (PID=3181) to work on /home/airflow/.local/lib/python3.6/site-packages/airflow/example_dags/tutorial.py
[2025-05-31 10:54:07,621] {processor.py:642} INFO - Processing file /home/airflow/.local/lib/python3.6/site-packages/airflow/example_dags/tutorial.py for tasks to queue
[2025-05-31 10:54:07,622] {logging_mixin.py:109} INFO - [2025-05-31 10:54:07,622] {dagbag.py:500} INFO - Filling up the DagBag from /home/airflow/.local/lib/python3.6/site-packages/airflow/example_dags/tutorial.py
[2025-05-31 10:54:07,667] {processor.py:654} INFO - DAG(s) dict_keys(['tutorial']) retrieved from /home/airflow/.local/lib/python3.6/site-packages/airflow/example_dags/tutorial.py
[2025-05-31 10:54:07,687] {logging_mixin.py:109} INFO - [2025-05-31 10:54:07,686] {dag.py:2396} INFO - Sync 1 DAGs
[2025-05-31 10:54:07,720] {logging_mixin.py:109} INFO - [2025-05-31 10:54:07,720] {dag.py:2935} INFO - Setting next_dagrun for tutorial to 2025-05-30T10:54:07.719605+00:00
[2025-05-31 10:54:07,736] {processor.py:171} INFO - Processing /home/airflow/.local/lib/python3.6/site-packages/airflow/example_dags/tutorial.py took 0.122 seconds
[2025-05-31 10:54:38,645] {processor.py:163} INFO - Started process (PID=3361) to work on /home/airflow/.local/lib/python3.6/site-packages/airflow/example_dags/tutorial.py
[2025-05-31 10:54:38,646] {processor.py:642} INFO - Processing file /home/airflow/.local/lib/python3.6/site-packages/airflow/example_dags/tutorial.py for tasks to queue
[2025-05-31 10:54:38,648] {logging_mixin.py:109} INFO - [2025-05-31 10:54:38,647] {dagbag.py:500} INFO - Filling up the DagBag from /home/airflow/.local/lib/python3.6/site-packages/airflow/example_dags/tutorial.py
[2025-05-31 10:54:38,699] {processor.py:654} INFO - DAG(s) dict_keys(['tutorial']) retrieved from /home/airflow/.local/lib/python3.6/site-packages/airflow/example_dags/tutorial.py
[2025-05-31 10:54:38,721] {logging_mixin.py:109} INFO - [2025-05-31 10:54:38,720] {dag.py:2396} INFO - Sync 1 DAGs
[2025-05-31 10:54:38,759] {logging_mixin.py:109} INFO - [2025-05-31 10:54:38,758] {dag.py:2935} INFO - Setting next_dagrun for tutorial to 2025-05-30T10:54:38.758186+00:00
[2025-05-31 10:54:38,777] {processor.py:171} INFO - Processing /home/airflow/.local/lib/python3.6/site-packages/airflow/example_dags/tutorial.py took 0.137 seconds
[2025-05-31 10:55:09,545] {processor.py:163} INFO - Started process (PID=3543) to work on /home/airflow/.local/lib/python3.6/site-packages/airflow/example_dags/tutorial.py
[2025-05-31 10:55:09,547] {processor.py:642} INFO - Processing file /home/airflow/.local/lib/python3.6/site-packages/airflow/example_dags/tutorial.py for tasks to queue
[2025-05-31 10:55:09,548] {logging_mixin.py:109} INFO - [2025-05-31 10:55:09,548] {dagbag.py:500} INFO - Filling up the DagBag from /home/airflow/.local/lib/python3.6/site-packages/airflow/example_dags/tutorial.py
[2025-05-31 10:55:09,584] {processor.py:654} INFO - DAG(s) dict_keys(['tutorial']) retrieved from /home/airflow/.local/lib/python3.6/site-packages/airflow/example_dags/tutorial.py
[2025-05-31 10:55:09,598] {logging_mixin.py:109} INFO - [2025-05-31 10:55:09,598] {dag.py:2396} INFO - Sync 1 DAGs
[2025-05-31 10:55:09,621] {logging_mixin.py:109} INFO - [2025-05-31 10:55:09,621] {dag.py:2935} INFO - Setting next_dagrun for tutorial to 2025-05-30T10:55:09.621531+00:00
[2025-05-31 10:55:09,635] {processor.py:171} INFO - Processing /home/airflow/.local/lib/python3.6/site-packages/airflow/example_dags/tutorial.py took 0.094 seconds
[2025-05-31 10:55:40,391] {processor.py:163} INFO - Started process (PID=3732) to work on /home/airflow/.local/lib/python3.6/site-packages/airflow/example_dags/tutorial.py
[2025-05-31 10:55:40,392] {processor.py:642} INFO - Processing file /home/airflow/.local/lib/python3.6/site-packages/airflow/example_dags/tutorial.py for tasks to queue
[2025-05-31 10:55:40,393] {logging_mixin.py:109} INFO - [2025-05-31 10:55:40,393] {dagbag.py:500} INFO - Filling up the DagBag from /home/airflow/.local/lib/python3.6/site-packages/airflow/example_dags/tutorial.py
[2025-05-31 10:55:40,429] {processor.py:654} INFO - DAG(s) dict_keys(['tutorial']) retrieved from /home/airflow/.local/lib/python3.6/site-packages/airflow/example_dags/tutorial.py
[2025-05-31 10:55:40,443] {logging_mixin.py:109} INFO - [2025-05-31 10:55:40,443] {dag.py:2396} INFO - Sync 1 DAGs
[2025-05-31 10:55:40,467] {logging_mixin.py:109} INFO - [2025-05-31 10:55:40,467] {dag.py:2935} INFO - Setting next_dagrun for tutorial to 2025-05-30T10:55:40.467140+00:00
[2025-05-31 10:55:40,481] {processor.py:171} INFO - Processing /home/airflow/.local/lib/python3.6/site-packages/airflow/example_dags/tutorial.py took 0.094 seconds
[2025-05-31 10:56:12,077] {processor.py:163} INFO - Started process (PID=3913) to work on /home/airflow/.local/lib/python3.6/site-packages/airflow/example_dags/tutorial.py
[2025-05-31 10:56:12,078] {processor.py:642} INFO - Processing file /home/airflow/.local/lib/python3.6/site-packages/airflow/example_dags/tutorial.py for tasks to queue
[2025-05-31 10:56:12,079] {logging_mixin.py:109} INFO - [2025-05-31 10:56:12,079] {dagbag.py:500} INFO - Filling up the DagBag from /home/airflow/.local/lib/python3.6/site-packages/airflow/example_dags/tutorial.py
[2025-05-31 10:56:12,119] {processor.py:654} INFO - DAG(s) dict_keys(['tutorial']) retrieved from /home/airflow/.local/lib/python3.6/site-packages/airflow/example_dags/tutorial.py
[2025-05-31 10:56:12,132] {logging_mixin.py:109} INFO - [2025-05-31 10:56:12,131] {dag.py:2396} INFO - Sync 1 DAGs
[2025-05-31 10:56:12,156] {logging_mixin.py:109} INFO - [2025-05-31 10:56:12,155] {dag.py:2935} INFO - Setting next_dagrun for tutorial to 2025-05-30T10:56:12.155551+00:00
[2025-05-31 10:56:12,172] {processor.py:171} INFO - Processing /home/airflow/.local/lib/python3.6/site-packages/airflow/example_dags/tutorial.py took 0.099 seconds
[2025-05-31 10:56:42,785] {processor.py:163} INFO - Started process (PID=4093) to work on /home/airflow/.local/lib/python3.6/site-packages/airflow/example_dags/tutorial.py
[2025-05-31 10:56:42,786] {processor.py:642} INFO - Processing file /home/airflow/.local/lib/python3.6/site-packages/airflow/example_dags/tutorial.py for tasks to queue
[2025-05-31 10:56:42,788] {logging_mixin.py:109} INFO - [2025-05-31 10:56:42,787] {dagbag.py:500} INFO - Filling up the DagBag from /home/airflow/.local/lib/python3.6/site-packages/airflow/example_dags/tutorial.py
[2025-05-31 10:56:42,835] {processor.py:654} INFO - DAG(s) dict_keys(['tutorial']) retrieved from /home/airflow/.local/lib/python3.6/site-packages/airflow/example_dags/tutorial.py
[2025-05-31 10:56:42,851] {logging_mixin.py:109} INFO - [2025-05-31 10:56:42,850] {dag.py:2396} INFO - Sync 1 DAGs
[2025-05-31 10:56:42,874] {logging_mixin.py:109} INFO - [2025-05-31 10:56:42,874] {dag.py:2935} INFO - Setting next_dagrun for tutorial to 2025-05-30T10:56:42.874484+00:00
[2025-05-31 10:56:42,888] {processor.py:171} INFO - Processing /home/airflow/.local/lib/python3.6/site-packages/airflow/example_dags/tutorial.py took 0.108 seconds
[2025-05-31 10:57:13,276] {processor.py:163} INFO - Started process (PID=4280) to work on /home/airflow/.local/lib/python3.6/site-packages/airflow/example_dags/tutorial.py
[2025-05-31 10:57:13,278] {processor.py:642} INFO - Processing file /home/airflow/.local/lib/python3.6/site-packages/airflow/example_dags/tutorial.py for tasks to queue
[2025-05-31 10:57:13,279] {logging_mixin.py:109} INFO - [2025-05-31 10:57:13,279] {dagbag.py:500} INFO - Filling up the DagBag from /home/airflow/.local/lib/python3.6/site-packages/airflow/example_dags/tutorial.py
[2025-05-31 10:57:13,321] {processor.py:654} INFO - DAG(s) dict_keys(['tutorial']) retrieved from /home/airflow/.local/lib/python3.6/site-packages/airflow/example_dags/tutorial.py
[2025-05-31 10:57:13,335] {logging_mixin.py:109} INFO - [2025-05-31 10:57:13,335] {dag.py:2396} INFO - Sync 1 DAGs
[2025-05-31 10:57:13,357] {logging_mixin.py:109} INFO - [2025-05-31 10:57:13,357] {dag.py:2935} INFO - Setting next_dagrun for tutorial to 2025-05-30T10:57:13.356742+00:00
[2025-05-31 10:57:13,370] {processor.py:171} INFO - Processing /home/airflow/.local/lib/python3.6/site-packages/airflow/example_dags/tutorial.py took 0.100 seconds
[2025-05-31 10:57:44,390] {processor.py:163} INFO - Started process (PID=4461) to work on /home/airflow/.local/lib/python3.6/site-packages/airflow/example_dags/tutorial.py
[2025-05-31 10:57:44,393] {processor.py:642} INFO - Processing file /home/airflow/.local/lib/python3.6/site-packages/airflow/example_dags/tutorial.py for tasks to queue
[2025-05-31 10:57:44,394] {logging_mixin.py:109} INFO - [2025-05-31 10:57:44,394] {dagbag.py:500} INFO - Filling up the DagBag from /home/airflow/.local/lib/python3.6/site-packages/airflow/example_dags/tutorial.py
[2025-05-31 10:57:44,446] {processor.py:654} INFO - DAG(s) dict_keys(['tutorial']) retrieved from /home/airflow/.local/lib/python3.6/site-packages/airflow/example_dags/tutorial.py
[2025-05-31 10:57:44,464] {logging_mixin.py:109} INFO - [2025-05-31 10:57:44,463] {dag.py:2396} INFO - Sync 1 DAGs
[2025-05-31 10:57:44,497] {logging_mixin.py:109} INFO - [2025-05-31 10:57:44,497] {dag.py:2935} INFO - Setting next_dagrun for tutorial to 2025-05-30T10:57:44.496980+00:00
[2025-05-31 10:57:44,513] {processor.py:171} INFO - Processing /home/airflow/.local/lib/python3.6/site-packages/airflow/example_dags/tutorial.py took 0.130 seconds
[2025-05-31 10:58:15,031] {processor.py:163} INFO - Started process (PID=4643) to work on /home/airflow/.local/lib/python3.6/site-packages/airflow/example_dags/tutorial.py
[2025-05-31 10:58:15,033] {processor.py:642} INFO - Processing file /home/airflow/.local/lib/python3.6/site-packages/airflow/example_dags/tutorial.py for tasks to queue
[2025-05-31 10:58:15,034] {logging_mixin.py:109} INFO - [2025-05-31 10:58:15,034] {dagbag.py:500} INFO - Filling up the DagBag from /home/airflow/.local/lib/python3.6/site-packages/airflow/example_dags/tutorial.py
[2025-05-31 10:58:15,068] {processor.py:654} INFO - DAG(s) dict_keys(['tutorial']) retrieved from /home/airflow/.local/lib/python3.6/site-packages/airflow/example_dags/tutorial.py
[2025-05-31 10:58:15,082] {logging_mixin.py:109} INFO - [2025-05-31 10:58:15,081] {dag.py:2396} INFO - Sync 1 DAGs
[2025-05-31 10:58:15,103] {logging_mixin.py:109} INFO - [2025-05-31 10:58:15,103] {dag.py:2935} INFO - Setting next_dagrun for tutorial to 2025-05-30T10:58:15.103501+00:00
[2025-05-31 10:58:15,116] {processor.py:171} INFO - Processing /home/airflow/.local/lib/python3.6/site-packages/airflow/example_dags/tutorial.py took 0.089 seconds
[2025-05-31 10:58:45,498] {processor.py:163} INFO - Started process (PID=4821) to work on /home/airflow/.local/lib/python3.6/site-packages/airflow/example_dags/tutorial.py
[2025-05-31 10:58:45,501] {processor.py:642} INFO - Processing file /home/airflow/.local/lib/python3.6/site-packages/airflow/example_dags/tutorial.py for tasks to queue
[2025-05-31 10:58:45,502] {logging_mixin.py:109} INFO - [2025-05-31 10:58:45,502] {dagbag.py:500} INFO - Filling up the DagBag from /home/airflow/.local/lib/python3.6/site-packages/airflow/example_dags/tutorial.py
[2025-05-31 10:58:45,547] {processor.py:654} INFO - DAG(s) dict_keys(['tutorial']) retrieved from /home/airflow/.local/lib/python3.6/site-packages/airflow/example_dags/tutorial.py
[2025-05-31 10:58:45,562] {logging_mixin.py:109} INFO - [2025-05-31 10:58:45,562] {dag.py:2396} INFO - Sync 1 DAGs
[2025-05-31 10:58:45,587] {logging_mixin.py:109} INFO - [2025-05-31 10:58:45,587] {dag.py:2935} INFO - Setting next_dagrun for tutorial to 2025-05-30T10:58:45.587170+00:00
[2025-05-31 10:58:45,601] {processor.py:171} INFO - Processing /home/airflow/.local/lib/python3.6/site-packages/airflow/example_dags/tutorial.py took 0.107 seconds
[2025-05-31 10:59:16,416] {processor.py:163} INFO - Started process (PID=5011) to work on /home/airflow/.local/lib/python3.6/site-packages/airflow/example_dags/tutorial.py
[2025-05-31 10:59:16,418] {processor.py:642} INFO - Processing file /home/airflow/.local/lib/python3.6/site-packages/airflow/example_dags/tutorial.py for tasks to queue
[2025-05-31 10:59:16,419] {logging_mixin.py:109} INFO - [2025-05-31 10:59:16,419] {dagbag.py:500} INFO - Filling up the DagBag from /home/airflow/.local/lib/python3.6/site-packages/airflow/example_dags/tutorial.py
[2025-05-31 10:59:16,477] {processor.py:654} INFO - DAG(s) dict_keys(['tutorial']) retrieved from /home/airflow/.local/lib/python3.6/site-packages/airflow/example_dags/tutorial.py
[2025-05-31 10:59:16,503] {logging_mixin.py:109} INFO - [2025-05-31 10:59:16,502] {dag.py:2396} INFO - Sync 1 DAGs
[2025-05-31 10:59:16,543] {logging_mixin.py:109} INFO - [2025-05-31 10:59:16,543] {dag.py:2935} INFO - Setting next_dagrun for tutorial to 2025-05-30T10:59:16.542769+00:00
[2025-05-31 10:59:16,562] {processor.py:171} INFO - Processing /home/airflow/.local/lib/python3.6/site-packages/airflow/example_dags/tutorial.py took 0.152 seconds
[2025-05-31 10:59:47,688] {processor.py:163} INFO - Started process (PID=5191) to work on /home/airflow/.local/lib/python3.6/site-packages/airflow/example_dags/tutorial.py
[2025-05-31 10:59:47,690] {processor.py:642} INFO - Processing file /home/airflow/.local/lib/python3.6/site-packages/airflow/example_dags/tutorial.py for tasks to queue
[2025-05-31 10:59:47,691] {logging_mixin.py:109} INFO - [2025-05-31 10:59:47,691] {dagbag.py:500} INFO - Filling up the DagBag from /home/airflow/.local/lib/python3.6/site-packages/airflow/example_dags/tutorial.py
[2025-05-31 10:59:47,728] {processor.py:654} INFO - DAG(s) dict_keys(['tutorial']) retrieved from /home/airflow/.local/lib/python3.6/site-packages/airflow/example_dags/tutorial.py
[2025-05-31 10:59:47,742] {logging_mixin.py:109} INFO - [2025-05-31 10:59:47,742] {dag.py:2396} INFO - Sync 1 DAGs
[2025-05-31 10:59:47,768] {logging_mixin.py:109} INFO - [2025-05-31 10:59:47,768] {dag.py:2935} INFO - Setting next_dagrun for tutorial to 2025-05-30T10:59:47.767680+00:00
[2025-05-31 10:59:47,781] {processor.py:171} INFO - Processing /home/airflow/.local/lib/python3.6/site-packages/airflow/example_dags/tutorial.py took 0.097 seconds
[2025-05-31 11:00:17,931] {processor.py:163} INFO - Started process (PID=5368) to work on /home/airflow/.local/lib/python3.6/site-packages/airflow/example_dags/tutorial.py
[2025-05-31 11:00:17,932] {processor.py:642} INFO - Processing file /home/airflow/.local/lib/python3.6/site-packages/airflow/example_dags/tutorial.py for tasks to queue
[2025-05-31 11:00:17,933] {logging_mixin.py:109} INFO - [2025-05-31 11:00:17,933] {dagbag.py:500} INFO - Filling up the DagBag from /home/airflow/.local/lib/python3.6/site-packages/airflow/example_dags/tutorial.py
[2025-05-31 11:00:17,966] {processor.py:654} INFO - DAG(s) dict_keys(['tutorial']) retrieved from /home/airflow/.local/lib/python3.6/site-packages/airflow/example_dags/tutorial.py
[2025-05-31 11:00:17,980] {logging_mixin.py:109} INFO - [2025-05-31 11:00:17,980] {dag.py:2396} INFO - Sync 1 DAGs
[2025-05-31 11:00:18,005] {logging_mixin.py:109} INFO - [2025-05-31 11:00:18,005] {dag.py:2935} INFO - Setting next_dagrun for tutorial to 2025-05-30T11:00:18.005396+00:00
[2025-05-31 11:00:18,019] {processor.py:171} INFO - Processing /home/airflow/.local/lib/python3.6/site-packages/airflow/example_dags/tutorial.py took 0.093 seconds
[2025-05-31 11:00:48,601] {processor.py:163} INFO - Started process (PID=5561) to work on /home/airflow/.local/lib/python3.6/site-packages/airflow/example_dags/tutorial.py
[2025-05-31 11:00:48,603] {processor.py:642} INFO - Processing file /home/airflow/.local/lib/python3.6/site-packages/airflow/example_dags/tutorial.py for tasks to queue
[2025-05-31 11:00:48,604] {logging_mixin.py:109} INFO - [2025-05-31 11:00:48,604] {dagbag.py:500} INFO - Filling up the DagBag from /home/airflow/.local/lib/python3.6/site-packages/airflow/example_dags/tutorial.py
[2025-05-31 11:00:48,647] {processor.py:654} INFO - DAG(s) dict_keys(['tutorial']) retrieved from /home/airflow/.local/lib/python3.6/site-packages/airflow/example_dags/tutorial.py
[2025-05-31 11:00:48,668] {logging_mixin.py:109} INFO - [2025-05-31 11:00:48,668] {dag.py:2396} INFO - Sync 1 DAGs
[2025-05-31 11:00:48,711] {logging_mixin.py:109} INFO - [2025-05-31 11:00:48,711] {dag.py:2935} INFO - Setting next_dagrun for tutorial to 2025-05-30T11:00:48.710741+00:00
[2025-05-31 11:00:48,730] {processor.py:171} INFO - Processing /home/airflow/.local/lib/python3.6/site-packages/airflow/example_dags/tutorial.py took 0.136 seconds
[2025-05-31 11:01:19,746] {processor.py:163} INFO - Started process (PID=5741) to work on /home/airflow/.local/lib/python3.6/site-packages/airflow/example_dags/tutorial.py
[2025-05-31 11:01:19,747] {processor.py:642} INFO - Processing file /home/airflow/.local/lib/python3.6/site-packages/airflow/example_dags/tutorial.py for tasks to queue
[2025-05-31 11:01:19,749] {logging_mixin.py:109} INFO - [2025-05-31 11:01:19,748] {dagbag.py:500} INFO - Filling up the DagBag from /home/airflow/.local/lib/python3.6/site-packages/airflow/example_dags/tutorial.py
[2025-05-31 11:01:19,788] {processor.py:654} INFO - DAG(s) dict_keys(['tutorial']) retrieved from /home/airflow/.local/lib/python3.6/site-packages/airflow/example_dags/tutorial.py
[2025-05-31 11:01:19,804] {logging_mixin.py:109} INFO - [2025-05-31 11:01:19,803] {dag.py:2396} INFO - Sync 1 DAGs
[2025-05-31 11:01:19,831] {logging_mixin.py:109} INFO - [2025-05-31 11:01:19,830] {dag.py:2935} INFO - Setting next_dagrun for tutorial to 2025-05-30T11:01:19.830397+00:00
[2025-05-31 11:01:19,848] {processor.py:171} INFO - Processing /home/airflow/.local/lib/python3.6/site-packages/airflow/example_dags/tutorial.py took 0.106 seconds
[2025-05-31 11:01:51,113] {processor.py:163} INFO - Started process (PID=5921) to work on /home/airflow/.local/lib/python3.6/site-packages/airflow/example_dags/tutorial.py
[2025-05-31 11:01:51,115] {processor.py:642} INFO - Processing file /home/airflow/.local/lib/python3.6/site-packages/airflow/example_dags/tutorial.py for tasks to queue
[2025-05-31 11:01:51,117] {logging_mixin.py:109} INFO - [2025-05-31 11:01:51,117] {dagbag.py:500} INFO - Filling up the DagBag from /home/airflow/.local/lib/python3.6/site-packages/airflow/example_dags/tutorial.py
[2025-05-31 11:01:51,156] {processor.py:654} INFO - DAG(s) dict_keys(['tutorial']) retrieved from /home/airflow/.local/lib/python3.6/site-packages/airflow/example_dags/tutorial.py
[2025-05-31 11:01:51,173] {logging_mixin.py:109} INFO - [2025-05-31 11:01:51,172] {dag.py:2396} INFO - Sync 1 DAGs
[2025-05-31 11:01:51,200] {logging_mixin.py:109} INFO - [2025-05-31 11:01:51,199] {dag.py:2935} INFO - Setting next_dagrun for tutorial to 2025-05-30T11:01:51.199587+00:00
[2025-05-31 11:01:51,213] {processor.py:171} INFO - Processing /home/airflow/.local/lib/python3.6/site-packages/airflow/example_dags/tutorial.py took 0.106 seconds
[2025-05-31 11:02:21,849] {processor.py:163} INFO - Started process (PID=6111) to work on /home/airflow/.local/lib/python3.6/site-packages/airflow/example_dags/tutorial.py
[2025-05-31 11:02:21,852] {processor.py:642} INFO - Processing file /home/airflow/.local/lib/python3.6/site-packages/airflow/example_dags/tutorial.py for tasks to queue
[2025-05-31 11:02:21,853] {logging_mixin.py:109} INFO - [2025-05-31 11:02:21,853] {dagbag.py:500} INFO - Filling up the DagBag from /home/airflow/.local/lib/python3.6/site-packages/airflow/example_dags/tutorial.py
[2025-05-31 11:02:21,901] {processor.py:654} INFO - DAG(s) dict_keys(['tutorial']) retrieved from /home/airflow/.local/lib/python3.6/site-packages/airflow/example_dags/tutorial.py
[2025-05-31 11:02:21,920] {logging_mixin.py:109} INFO - [2025-05-31 11:02:21,920] {dag.py:2396} INFO - Sync 1 DAGs
[2025-05-31 11:02:21,951] {logging_mixin.py:109} INFO - [2025-05-31 11:02:21,951] {dag.py:2935} INFO - Setting next_dagrun for tutorial to 2025-05-30T11:02:21.950893+00:00
[2025-05-31 11:02:21,966] {processor.py:171} INFO - Processing /home/airflow/.local/lib/python3.6/site-packages/airflow/example_dags/tutorial.py took 0.126 seconds
[2025-05-31 11:02:53,449] {processor.py:163} INFO - Started process (PID=6291) to work on /home/airflow/.local/lib/python3.6/site-packages/airflow/example_dags/tutorial.py
[2025-05-31 11:02:53,463] {processor.py:642} INFO - Processing file /home/airflow/.local/lib/python3.6/site-packages/airflow/example_dags/tutorial.py for tasks to queue
[2025-05-31 11:02:53,470] {logging_mixin.py:109} INFO - [2025-05-31 11:02:53,470] {dagbag.py:500} INFO - Filling up the DagBag from /home/airflow/.local/lib/python3.6/site-packages/airflow/example_dags/tutorial.py
[2025-05-31 11:02:53,575] {processor.py:654} INFO - DAG(s) dict_keys(['tutorial']) retrieved from /home/airflow/.local/lib/python3.6/site-packages/airflow/example_dags/tutorial.py
[2025-05-31 11:02:53,611] {logging_mixin.py:109} INFO - [2025-05-31 11:02:53,611] {dag.py:2396} INFO - Sync 1 DAGs
[2025-05-31 11:02:53,684] {logging_mixin.py:109} INFO - [2025-05-31 11:02:53,684] {dag.py:2935} INFO - Setting next_dagrun for tutorial to 2025-05-30T11:02:53.682311+00:00
[2025-05-31 11:02:53,722] {processor.py:171} INFO - Processing /home/airflow/.local/lib/python3.6/site-packages/airflow/example_dags/tutorial.py took 0.279 seconds
[2025-05-31 11:03:24,362] {processor.py:163} INFO - Started process (PID=6481) to work on /home/airflow/.local/lib/python3.6/site-packages/airflow/example_dags/tutorial.py
[2025-05-31 11:03:24,365] {processor.py:642} INFO - Processing file /home/airflow/.local/lib/python3.6/site-packages/airflow/example_dags/tutorial.py for tasks to queue
[2025-05-31 11:03:24,366] {logging_mixin.py:109} INFO - [2025-05-31 11:03:24,366] {dagbag.py:500} INFO - Filling up the DagBag from /home/airflow/.local/lib/python3.6/site-packages/airflow/example_dags/tutorial.py
[2025-05-31 11:03:24,408] {processor.py:654} INFO - DAG(s) dict_keys(['tutorial']) retrieved from /home/airflow/.local/lib/python3.6/site-packages/airflow/example_dags/tutorial.py
[2025-05-31 11:03:24,427] {logging_mixin.py:109} INFO - [2025-05-31 11:03:24,427] {dag.py:2396} INFO - Sync 1 DAGs
[2025-05-31 11:03:24,463] {logging_mixin.py:109} INFO - [2025-05-31 11:03:24,463] {dag.py:2935} INFO - Setting next_dagrun for tutorial to 2025-05-30T11:03:24.462707+00:00
[2025-05-31 11:03:24,489] {processor.py:171} INFO - Processing /home/airflow/.local/lib/python3.6/site-packages/airflow/example_dags/tutorial.py took 0.134 seconds
[2025-05-31 11:03:55,705] {processor.py:163} INFO - Started process (PID=6661) to work on /home/airflow/.local/lib/python3.6/site-packages/airflow/example_dags/tutorial.py
[2025-05-31 11:03:55,707] {processor.py:642} INFO - Processing file /home/airflow/.local/lib/python3.6/site-packages/airflow/example_dags/tutorial.py for tasks to queue
[2025-05-31 11:03:55,708] {logging_mixin.py:109} INFO - [2025-05-31 11:03:55,708] {dagbag.py:500} INFO - Filling up the DagBag from /home/airflow/.local/lib/python3.6/site-packages/airflow/example_dags/tutorial.py
[2025-05-31 11:03:55,747] {processor.py:654} INFO - DAG(s) dict_keys(['tutorial']) retrieved from /home/airflow/.local/lib/python3.6/site-packages/airflow/example_dags/tutorial.py
[2025-05-31 11:03:55,761] {logging_mixin.py:109} INFO - [2025-05-31 11:03:55,761] {dag.py:2396} INFO - Sync 1 DAGs
[2025-05-31 11:03:55,788] {logging_mixin.py:109} INFO - [2025-05-31 11:03:55,788] {dag.py:2935} INFO - Setting next_dagrun for tutorial to 2025-05-30T11:03:55.787987+00:00
[2025-05-31 11:03:55,803] {processor.py:171} INFO - Processing /home/airflow/.local/lib/python3.6/site-packages/airflow/example_dags/tutorial.py took 0.102 seconds
[2025-05-31 11:04:26,486] {processor.py:163} INFO - Started process (PID=6836) to work on /home/airflow/.local/lib/python3.6/site-packages/airflow/example_dags/tutorial.py
[2025-05-31 11:04:26,489] {processor.py:642} INFO - Processing file /home/airflow/.local/lib/python3.6/site-packages/airflow/example_dags/tutorial.py for tasks to queue
[2025-05-31 11:04:26,490] {logging_mixin.py:109} INFO - [2025-05-31 11:04:26,490] {dagbag.py:500} INFO - Filling up the DagBag from /home/airflow/.local/lib/python3.6/site-packages/airflow/example_dags/tutorial.py
[2025-05-31 11:04:26,540] {processor.py:654} INFO - DAG(s) dict_keys(['tutorial']) retrieved from /home/airflow/.local/lib/python3.6/site-packages/airflow/example_dags/tutorial.py
[2025-05-31 11:04:26,559] {logging_mixin.py:109} INFO - [2025-05-31 11:04:26,559] {dag.py:2396} INFO - Sync 1 DAGs
[2025-05-31 11:04:26,592] {logging_mixin.py:109} INFO - [2025-05-31 11:04:26,592] {dag.py:2935} INFO - Setting next_dagrun for tutorial to 2025-05-30T11:04:26.592012+00:00
[2025-05-31 11:04:26,607] {processor.py:171} INFO - Processing /home/airflow/.local/lib/python3.6/site-packages/airflow/example_dags/tutorial.py took 0.127 seconds
[2025-05-31 11:04:57,411] {processor.py:163} INFO - Started process (PID=7026) to work on /home/airflow/.local/lib/python3.6/site-packages/airflow/example_dags/tutorial.py
[2025-05-31 11:04:57,414] {processor.py:642} INFO - Processing file /home/airflow/.local/lib/python3.6/site-packages/airflow/example_dags/tutorial.py for tasks to queue
[2025-05-31 11:04:57,416] {logging_mixin.py:109} INFO - [2025-05-31 11:04:57,416] {dagbag.py:500} INFO - Filling up the DagBag from /home/airflow/.local/lib/python3.6/site-packages/airflow/example_dags/tutorial.py
[2025-05-31 11:04:57,481] {processor.py:654} INFO - DAG(s) dict_keys(['tutorial']) retrieved from /home/airflow/.local/lib/python3.6/site-packages/airflow/example_dags/tutorial.py
[2025-05-31 11:04:57,509] {logging_mixin.py:109} INFO - [2025-05-31 11:04:57,509] {dag.py:2396} INFO - Sync 1 DAGs
[2025-05-31 11:04:57,555] {logging_mixin.py:109} INFO - [2025-05-31 11:04:57,555] {dag.py:2935} INFO - Setting next_dagrun for tutorial to 2025-05-30T11:04:57.554783+00:00
[2025-05-31 11:04:57,572] {processor.py:171} INFO - Processing /home/airflow/.local/lib/python3.6/site-packages/airflow/example_dags/tutorial.py took 0.170 seconds
[2025-05-31 11:05:28,251] {processor.py:163} INFO - Started process (PID=7206) to work on /home/airflow/.local/lib/python3.6/site-packages/airflow/example_dags/tutorial.py
[2025-05-31 11:05:28,253] {processor.py:642} INFO - Processing file /home/airflow/.local/lib/python3.6/site-packages/airflow/example_dags/tutorial.py for tasks to queue
[2025-05-31 11:05:28,255] {logging_mixin.py:109} INFO - [2025-05-31 11:05:28,255] {dagbag.py:500} INFO - Filling up the DagBag from /home/airflow/.local/lib/python3.6/site-packages/airflow/example_dags/tutorial.py
[2025-05-31 11:05:28,311] {processor.py:654} INFO - DAG(s) dict_keys(['tutorial']) retrieved from /home/airflow/.local/lib/python3.6/site-packages/airflow/example_dags/tutorial.py
[2025-05-31 11:05:28,331] {logging_mixin.py:109} INFO - [2025-05-31 11:05:28,331] {dag.py:2396} INFO - Sync 1 DAGs
[2025-05-31 11:05:28,362] {logging_mixin.py:109} INFO - [2025-05-31 11:05:28,362] {dag.py:2935} INFO - Setting next_dagrun for tutorial to 2025-05-30T11:05:28.362452+00:00
[2025-05-31 11:05:28,379] {processor.py:171} INFO - Processing /home/airflow/.local/lib/python3.6/site-packages/airflow/example_dags/tutorial.py took 0.135 seconds
[2025-05-31 11:06:02,696] {processor.py:163} INFO - Started process (PID=7406) to work on /home/airflow/.local/lib/python3.6/site-packages/airflow/example_dags/tutorial.py
[2025-05-31 11:06:02,701] {processor.py:642} INFO - Processing file /home/airflow/.local/lib/python3.6/site-packages/airflow/example_dags/tutorial.py for tasks to queue
[2025-05-31 11:06:02,703] {logging_mixin.py:109} INFO - [2025-05-31 11:06:02,702] {dagbag.py:500} INFO - Filling up the DagBag from /home/airflow/.local/lib/python3.6/site-packages/airflow/example_dags/tutorial.py
[2025-05-31 11:06:02,815] {processor.py:654} INFO - DAG(s) dict_keys(['tutorial']) retrieved from /home/airflow/.local/lib/python3.6/site-packages/airflow/example_dags/tutorial.py
[2025-05-31 11:06:02,872] {logging_mixin.py:109} INFO - [2025-05-31 11:06:02,872] {dag.py:2396} INFO - Sync 1 DAGs
[2025-05-31 11:06:02,940] {logging_mixin.py:109} INFO - [2025-05-31 11:06:02,940] {dag.py:2935} INFO - Setting next_dagrun for tutorial to 2025-05-30T11:06:02.939169+00:00
[2025-05-31 11:06:02,972] {processor.py:171} INFO - Processing /home/airflow/.local/lib/python3.6/site-packages/airflow/example_dags/tutorial.py took 0.285 seconds
[2025-05-31 11:06:33,094] {processor.py:163} INFO - Started process (PID=7581) to work on /home/airflow/.local/lib/python3.6/site-packages/airflow/example_dags/tutorial.py
[2025-05-31 11:06:33,097] {processor.py:642} INFO - Processing file /home/airflow/.local/lib/python3.6/site-packages/airflow/example_dags/tutorial.py for tasks to queue
[2025-05-31 11:06:33,098] {logging_mixin.py:109} INFO - [2025-05-31 11:06:33,098] {dagbag.py:500} INFO - Filling up the DagBag from /home/airflow/.local/lib/python3.6/site-packages/airflow/example_dags/tutorial.py
[2025-05-31 11:06:33,150] {processor.py:654} INFO - DAG(s) dict_keys(['tutorial']) retrieved from /home/airflow/.local/lib/python3.6/site-packages/airflow/example_dags/tutorial.py
[2025-05-31 11:06:33,170] {logging_mixin.py:109} INFO - [2025-05-31 11:06:33,169] {dag.py:2396} INFO - Sync 1 DAGs
[2025-05-31 11:06:33,200] {logging_mixin.py:109} INFO - [2025-05-31 11:06:33,200] {dag.py:2935} INFO - Setting next_dagrun for tutorial to 2025-05-30T11:06:33.199602+00:00
[2025-05-31 11:06:33,217] {processor.py:171} INFO - Processing /home/airflow/.local/lib/python3.6/site-packages/airflow/example_dags/tutorial.py took 0.129 seconds
[2025-05-31 11:07:03,997] {processor.py:163} INFO - Started process (PID=7761) to work on /home/airflow/.local/lib/python3.6/site-packages/airflow/example_dags/tutorial.py
[2025-05-31 11:07:03,999] {processor.py:642} INFO - Processing file /home/airflow/.local/lib/python3.6/site-packages/airflow/example_dags/tutorial.py for tasks to queue
[2025-05-31 11:07:04,000] {logging_mixin.py:109} INFO - [2025-05-31 11:07:04,000] {dagbag.py:500} INFO - Filling up the DagBag from /home/airflow/.local/lib/python3.6/site-packages/airflow/example_dags/tutorial.py
[2025-05-31 11:07:04,044] {processor.py:654} INFO - DAG(s) dict_keys(['tutorial']) retrieved from /home/airflow/.local/lib/python3.6/site-packages/airflow/example_dags/tutorial.py
[2025-05-31 11:07:04,062] {logging_mixin.py:109} INFO - [2025-05-31 11:07:04,062] {dag.py:2396} INFO - Sync 1 DAGs
[2025-05-31 11:07:04,090] {logging_mixin.py:109} INFO - [2025-05-31 11:07:04,090] {dag.py:2935} INFO - Setting next_dagrun for tutorial to 2025-05-30T11:07:04.090325+00:00
[2025-05-31 11:07:04,106] {processor.py:171} INFO - Processing /home/airflow/.local/lib/python3.6/site-packages/airflow/example_dags/tutorial.py took 0.114 seconds
[2025-05-31 11:07:34,955] {processor.py:163} INFO - Started process (PID=7943) to work on /home/airflow/.local/lib/python3.6/site-packages/airflow/example_dags/tutorial.py
[2025-05-31 11:07:34,957] {processor.py:642} INFO - Processing file /home/airflow/.local/lib/python3.6/site-packages/airflow/example_dags/tutorial.py for tasks to queue
[2025-05-31 11:07:34,958] {logging_mixin.py:109} INFO - [2025-05-31 11:07:34,958] {dagbag.py:500} INFO - Filling up the DagBag from /home/airflow/.local/lib/python3.6/site-packages/airflow/example_dags/tutorial.py
[2025-05-31 11:07:34,992] {processor.py:654} INFO - DAG(s) dict_keys(['tutorial']) retrieved from /home/airflow/.local/lib/python3.6/site-packages/airflow/example_dags/tutorial.py
[2025-05-31 11:07:35,006] {logging_mixin.py:109} INFO - [2025-05-31 11:07:35,005] {dag.py:2396} INFO - Sync 1 DAGs
[2025-05-31 11:07:35,027] {logging_mixin.py:109} INFO - [2025-05-31 11:07:35,026] {dag.py:2935} INFO - Setting next_dagrun for tutorial to 2025-05-30T11:07:35.026545+00:00
[2025-05-31 11:07:35,039] {processor.py:171} INFO - Processing /home/airflow/.local/lib/python3.6/site-packages/airflow/example_dags/tutorial.py took 0.087 seconds
[2025-05-31 11:08:05,361] {processor.py:163} INFO - Started process (PID=8131) to work on /home/airflow/.local/lib/python3.6/site-packages/airflow/example_dags/tutorial.py
[2025-05-31 11:08:05,363] {processor.py:642} INFO - Processing file /home/airflow/.local/lib/python3.6/site-packages/airflow/example_dags/tutorial.py for tasks to queue
[2025-05-31 11:08:05,365] {logging_mixin.py:109} INFO - [2025-05-31 11:08:05,365] {dagbag.py:500} INFO - Filling up the DagBag from /home/airflow/.local/lib/python3.6/site-packages/airflow/example_dags/tutorial.py
[2025-05-31 11:08:05,415] {processor.py:654} INFO - DAG(s) dict_keys(['tutorial']) retrieved from /home/airflow/.local/lib/python3.6/site-packages/airflow/example_dags/tutorial.py
[2025-05-31 11:08:05,435] {logging_mixin.py:109} INFO - [2025-05-31 11:08:05,435] {dag.py:2396} INFO - Sync 1 DAGs
[2025-05-31 11:08:05,462] {logging_mixin.py:109} INFO - [2025-05-31 11:08:05,462] {dag.py:2935} INFO - Setting next_dagrun for tutorial to 2025-05-30T11:08:05.461415+00:00
[2025-05-31 11:08:05,479] {processor.py:171} INFO - Processing /home/airflow/.local/lib/python3.6/site-packages/airflow/example_dags/tutorial.py took 0.124 seconds
[2025-05-31 11:08:35,641] {processor.py:163} INFO - Started process (PID=8306) to work on /home/airflow/.local/lib/python3.6/site-packages/airflow/example_dags/tutorial.py
[2025-05-31 11:08:35,643] {processor.py:642} INFO - Processing file /home/airflow/.local/lib/python3.6/site-packages/airflow/example_dags/tutorial.py for tasks to queue
[2025-05-31 11:08:35,644] {logging_mixin.py:109} INFO - [2025-05-31 11:08:35,644] {dagbag.py:500} INFO - Filling up the DagBag from /home/airflow/.local/lib/python3.6/site-packages/airflow/example_dags/tutorial.py
[2025-05-31 11:08:35,680] {processor.py:654} INFO - DAG(s) dict_keys(['tutorial']) retrieved from /home/airflow/.local/lib/python3.6/site-packages/airflow/example_dags/tutorial.py
[2025-05-31 11:08:35,695] {logging_mixin.py:109} INFO - [2025-05-31 11:08:35,694] {dag.py:2396} INFO - Sync 1 DAGs
[2025-05-31 11:08:35,722] {logging_mixin.py:109} INFO - [2025-05-31 11:08:35,722] {dag.py:2935} INFO - Setting next_dagrun for tutorial to 2025-05-30T11:08:35.721899+00:00
[2025-05-31 11:08:35,736] {processor.py:171} INFO - Processing /home/airflow/.local/lib/python3.6/site-packages/airflow/example_dags/tutorial.py took 0.100 seconds
[2025-05-31 11:09:06,654] {processor.py:163} INFO - Started process (PID=8486) to work on /home/airflow/.local/lib/python3.6/site-packages/airflow/example_dags/tutorial.py
[2025-05-31 11:09:06,656] {processor.py:642} INFO - Processing file /home/airflow/.local/lib/python3.6/site-packages/airflow/example_dags/tutorial.py for tasks to queue
[2025-05-31 11:09:06,657] {logging_mixin.py:109} INFO - [2025-05-31 11:09:06,657] {dagbag.py:500} INFO - Filling up the DagBag from /home/airflow/.local/lib/python3.6/site-packages/airflow/example_dags/tutorial.py
[2025-05-31 11:09:06,692] {processor.py:654} INFO - DAG(s) dict_keys(['tutorial']) retrieved from /home/airflow/.local/lib/python3.6/site-packages/airflow/example_dags/tutorial.py
[2025-05-31 11:09:06,705] {logging_mixin.py:109} INFO - [2025-05-31 11:09:06,705] {dag.py:2396} INFO - Sync 1 DAGs
[2025-05-31 11:09:06,728] {logging_mixin.py:109} INFO - [2025-05-31 11:09:06,728] {dag.py:2935} INFO - Setting next_dagrun for tutorial to 2025-05-30T11:09:06.727650+00:00
[2025-05-31 11:09:06,740] {processor.py:171} INFO - Processing /home/airflow/.local/lib/python3.6/site-packages/airflow/example_dags/tutorial.py took 0.091 seconds
[2025-05-31 11:09:37,771] {processor.py:163} INFO - Started process (PID=8676) to work on /home/airflow/.local/lib/python3.6/site-packages/airflow/example_dags/tutorial.py
[2025-05-31 11:09:37,773] {processor.py:642} INFO - Processing file /home/airflow/.local/lib/python3.6/site-packages/airflow/example_dags/tutorial.py for tasks to queue
[2025-05-31 11:09:37,774] {logging_mixin.py:109} INFO - [2025-05-31 11:09:37,774] {dagbag.py:500} INFO - Filling up the DagBag from /home/airflow/.local/lib/python3.6/site-packages/airflow/example_dags/tutorial.py
[2025-05-31 11:09:37,810] {processor.py:654} INFO - DAG(s) dict_keys(['tutorial']) retrieved from /home/airflow/.local/lib/python3.6/site-packages/airflow/example_dags/tutorial.py
[2025-05-31 11:09:37,824] {logging_mixin.py:109} INFO - [2025-05-31 11:09:37,824] {dag.py:2396} INFO - Sync 1 DAGs
[2025-05-31 11:09:37,847] {logging_mixin.py:109} INFO - [2025-05-31 11:09:37,847] {dag.py:2935} INFO - Setting next_dagrun for tutorial to 2025-05-30T11:09:37.846619+00:00
[2025-05-31 11:09:37,860] {processor.py:171} INFO - Processing /home/airflow/.local/lib/python3.6/site-packages/airflow/example_dags/tutorial.py took 0.095 seconds
[2025-05-31 11:10:09,069] {processor.py:163} INFO - Started process (PID=8855) to work on /home/airflow/.local/lib/python3.6/site-packages/airflow/example_dags/tutorial.py
[2025-05-31 11:10:09,071] {processor.py:642} INFO - Processing file /home/airflow/.local/lib/python3.6/site-packages/airflow/example_dags/tutorial.py for tasks to queue
[2025-05-31 11:10:09,075] {logging_mixin.py:109} INFO - [2025-05-31 11:10:09,075] {dagbag.py:500} INFO - Filling up the DagBag from /home/airflow/.local/lib/python3.6/site-packages/airflow/example_dags/tutorial.py
[2025-05-31 11:10:09,142] {processor.py:654} INFO - DAG(s) dict_keys(['tutorial']) retrieved from /home/airflow/.local/lib/python3.6/site-packages/airflow/example_dags/tutorial.py
[2025-05-31 11:10:09,173] {logging_mixin.py:109} INFO - [2025-05-31 11:10:09,173] {dag.py:2396} INFO - Sync 1 DAGs
[2025-05-31 11:10:09,228] {logging_mixin.py:109} INFO - [2025-05-31 11:10:09,228] {dag.py:2935} INFO - Setting next_dagrun for tutorial to 2025-05-30T11:10:09.227245+00:00
[2025-05-31 11:10:09,254] {processor.py:171} INFO - Processing /home/airflow/.local/lib/python3.6/site-packages/airflow/example_dags/tutorial.py took 0.193 seconds
[2025-05-31 11:10:39,932] {processor.py:163} INFO - Started process (PID=9042) to work on /home/airflow/.local/lib/python3.6/site-packages/airflow/example_dags/tutorial.py
[2025-05-31 11:10:39,935] {processor.py:642} INFO - Processing file /home/airflow/.local/lib/python3.6/site-packages/airflow/example_dags/tutorial.py for tasks to queue
[2025-05-31 11:10:39,938] {logging_mixin.py:109} INFO - [2025-05-31 11:10:39,937] {dagbag.py:500} INFO - Filling up the DagBag from /home/airflow/.local/lib/python3.6/site-packages/airflow/example_dags/tutorial.py
[2025-05-31 11:10:40,055] {processor.py:654} INFO - DAG(s) dict_keys(['tutorial']) retrieved from /home/airflow/.local/lib/python3.6/site-packages/airflow/example_dags/tutorial.py
[2025-05-31 11:10:40,112] {logging_mixin.py:109} INFO - [2025-05-31 11:10:40,112] {dag.py:2396} INFO - Sync 1 DAGs
[2025-05-31 11:10:40,162] {logging_mixin.py:109} INFO - [2025-05-31 11:10:40,162] {dag.py:2935} INFO - Setting next_dagrun for tutorial to 2025-05-30T11:10:40.162005+00:00
[2025-05-31 11:10:40,185] {processor.py:171} INFO - Processing /home/airflow/.local/lib/python3.6/site-packages/airflow/example_dags/tutorial.py took 0.259 seconds
[2025-05-31 11:11:12,476] {processor.py:163} INFO - Started process (PID=9230) to work on /home/airflow/.local/lib/python3.6/site-packages/airflow/example_dags/tutorial.py
[2025-05-31 11:11:12,478] {processor.py:642} INFO - Processing file /home/airflow/.local/lib/python3.6/site-packages/airflow/example_dags/tutorial.py for tasks to queue
[2025-05-31 11:11:12,480] {logging_mixin.py:109} INFO - [2025-05-31 11:11:12,479] {dagbag.py:500} INFO - Filling up the DagBag from /home/airflow/.local/lib/python3.6/site-packages/airflow/example_dags/tutorial.py
[2025-05-31 11:11:12,528] {processor.py:654} INFO - DAG(s) dict_keys(['tutorial']) retrieved from /home/airflow/.local/lib/python3.6/site-packages/airflow/example_dags/tutorial.py
[2025-05-31 11:11:12,550] {logging_mixin.py:109} INFO - [2025-05-31 11:11:12,550] {dag.py:2396} INFO - Sync 1 DAGs
[2025-05-31 11:11:12,587] {logging_mixin.py:109} INFO - [2025-05-31 11:11:12,587] {dag.py:2935} INFO - Setting next_dagrun for tutorial to 2025-05-30T11:11:12.586905+00:00
[2025-05-31 11:11:12,730] {processor.py:171} INFO - Processing /home/airflow/.local/lib/python3.6/site-packages/airflow/example_dags/tutorial.py took 0.261 seconds
[2025-05-31 11:11:43,509] {processor.py:163} INFO - Started process (PID=9410) to work on /home/airflow/.local/lib/python3.6/site-packages/airflow/example_dags/tutorial.py
[2025-05-31 11:11:43,511] {processor.py:642} INFO - Processing file /home/airflow/.local/lib/python3.6/site-packages/airflow/example_dags/tutorial.py for tasks to queue
[2025-05-31 11:11:43,512] {logging_mixin.py:109} INFO - [2025-05-31 11:11:43,512] {dagbag.py:500} INFO - Filling up the DagBag from /home/airflow/.local/lib/python3.6/site-packages/airflow/example_dags/tutorial.py
[2025-05-31 11:11:43,544] {processor.py:654} INFO - DAG(s) dict_keys(['tutorial']) retrieved from /home/airflow/.local/lib/python3.6/site-packages/airflow/example_dags/tutorial.py
[2025-05-31 11:11:43,557] {logging_mixin.py:109} INFO - [2025-05-31 11:11:43,557] {dag.py:2396} INFO - Sync 1 DAGs
[2025-05-31 11:11:43,655] {logging_mixin.py:109} INFO - [2025-05-31 11:11:43,655] {dag.py:2935} INFO - Setting next_dagrun for tutorial to 2025-05-30T11:11:43.655256+00:00
[2025-05-31 11:11:43,666] {processor.py:171} INFO - Processing /home/airflow/.local/lib/python3.6/site-packages/airflow/example_dags/tutorial.py took 0.160 seconds
[2025-05-31 11:12:14,606] {processor.py:163} INFO - Started process (PID=9590) to work on /home/airflow/.local/lib/python3.6/site-packages/airflow/example_dags/tutorial.py
[2025-05-31 11:12:14,608] {processor.py:642} INFO - Processing file /home/airflow/.local/lib/python3.6/site-packages/airflow/example_dags/tutorial.py for tasks to queue
[2025-05-31 11:12:14,609] {logging_mixin.py:109} INFO - [2025-05-31 11:12:14,609] {dagbag.py:500} INFO - Filling up the DagBag from /home/airflow/.local/lib/python3.6/site-packages/airflow/example_dags/tutorial.py
[2025-05-31 11:12:14,652] {processor.py:654} INFO - DAG(s) dict_keys(['tutorial']) retrieved from /home/airflow/.local/lib/python3.6/site-packages/airflow/example_dags/tutorial.py
[2025-05-31 11:12:14,670] {logging_mixin.py:109} INFO - [2025-05-31 11:12:14,670] {dag.py:2396} INFO - Sync 1 DAGs
[2025-05-31 11:12:14,788] {logging_mixin.py:109} INFO - [2025-05-31 11:12:14,788] {dag.py:2935} INFO - Setting next_dagrun for tutorial to 2025-05-30T11:12:14.788339+00:00
[2025-05-31 11:12:14,801] {processor.py:171} INFO - Processing /home/airflow/.local/lib/python3.6/site-packages/airflow/example_dags/tutorial.py took 0.201 seconds
[2025-05-31 11:12:46,133] {processor.py:163} INFO - Started process (PID=9780) to work on /home/airflow/.local/lib/python3.6/site-packages/airflow/example_dags/tutorial.py
[2025-05-31 11:12:46,134] {processor.py:642} INFO - Processing file /home/airflow/.local/lib/python3.6/site-packages/airflow/example_dags/tutorial.py for tasks to queue
[2025-05-31 11:12:46,136] {logging_mixin.py:109} INFO - [2025-05-31 11:12:46,135] {dagbag.py:500} INFO - Filling up the DagBag from /home/airflow/.local/lib/python3.6/site-packages/airflow/example_dags/tutorial.py
[2025-05-31 11:12:46,179] {processor.py:654} INFO - DAG(s) dict_keys(['tutorial']) retrieved from /home/airflow/.local/lib/python3.6/site-packages/airflow/example_dags/tutorial.py
[2025-05-31 11:12:46,193] {logging_mixin.py:109} INFO - [2025-05-31 11:12:46,193] {dag.py:2396} INFO - Sync 1 DAGs
[2025-05-31 11:12:46,305] {logging_mixin.py:109} INFO - [2025-05-31 11:12:46,304] {dag.py:2935} INFO - Setting next_dagrun for tutorial to 2025-05-30T11:12:46.304459+00:00
[2025-05-31 11:12:46,318] {processor.py:171} INFO - Processing /home/airflow/.local/lib/python3.6/site-packages/airflow/example_dags/tutorial.py took 0.190 seconds
[2025-05-31 11:13:16,908] {processor.py:163} INFO - Started process (PID=9960) to work on /home/airflow/.local/lib/python3.6/site-packages/airflow/example_dags/tutorial.py
[2025-05-31 11:13:16,910] {processor.py:642} INFO - Processing file /home/airflow/.local/lib/python3.6/site-packages/airflow/example_dags/tutorial.py for tasks to queue
[2025-05-31 11:13:16,911] {logging_mixin.py:109} INFO - [2025-05-31 11:13:16,911] {dagbag.py:500} INFO - Filling up the DagBag from /home/airflow/.local/lib/python3.6/site-packages/airflow/example_dags/tutorial.py
[2025-05-31 11:13:16,960] {processor.py:654} INFO - DAG(s) dict_keys(['tutorial']) retrieved from /home/airflow/.local/lib/python3.6/site-packages/airflow/example_dags/tutorial.py
[2025-05-31 11:13:17,083] {logging_mixin.py:109} INFO - [2025-05-31 11:13:17,083] {dag.py:2396} INFO - Sync 1 DAGs
[2025-05-31 11:13:17,107] {logging_mixin.py:109} INFO - [2025-05-31 11:13:17,107] {dag.py:2935} INFO - Setting next_dagrun for tutorial to 2025-05-30T11:13:17.107515+00:00
[2025-05-31 11:13:17,123] {processor.py:171} INFO - Processing /home/airflow/.local/lib/python3.6/site-packages/airflow/example_dags/tutorial.py took 0.221 seconds
[2025-05-31 11:13:48,106] {processor.py:163} INFO - Started process (PID=10155) to work on /home/airflow/.local/lib/python3.6/site-packages/airflow/example_dags/tutorial.py
[2025-05-31 11:13:48,108] {processor.py:642} INFO - Processing file /home/airflow/.local/lib/python3.6/site-packages/airflow/example_dags/tutorial.py for tasks to queue
[2025-05-31 11:13:48,109] {logging_mixin.py:109} INFO - [2025-05-31 11:13:48,109] {dagbag.py:500} INFO - Filling up the DagBag from /home/airflow/.local/lib/python3.6/site-packages/airflow/example_dags/tutorial.py
[2025-05-31 11:13:48,273] {processor.py:654} INFO - DAG(s) dict_keys(['tutorial']) retrieved from /home/airflow/.local/lib/python3.6/site-packages/airflow/example_dags/tutorial.py
[2025-05-31 11:13:48,290] {logging_mixin.py:109} INFO - [2025-05-31 11:13:48,290] {dag.py:2396} INFO - Sync 1 DAGs
[2025-05-31 11:13:48,318] {logging_mixin.py:109} INFO - [2025-05-31 11:13:48,317] {dag.py:2935} INFO - Setting next_dagrun for tutorial to 2025-05-30T11:13:48.317396+00:00
[2025-05-31 11:13:48,336] {processor.py:171} INFO - Processing /home/airflow/.local/lib/python3.6/site-packages/airflow/example_dags/tutorial.py took 0.236 seconds
[2025-05-31 11:14:19,314] {processor.py:163} INFO - Started process (PID=10340) to work on /home/airflow/.local/lib/python3.6/site-packages/airflow/example_dags/tutorial.py
[2025-05-31 11:14:19,318] {processor.py:642} INFO - Processing file /home/airflow/.local/lib/python3.6/site-packages/airflow/example_dags/tutorial.py for tasks to queue
[2025-05-31 11:14:19,320] {logging_mixin.py:109} INFO - [2025-05-31 11:14:19,320] {dagbag.py:500} INFO - Filling up the DagBag from /home/airflow/.local/lib/python3.6/site-packages/airflow/example_dags/tutorial.py
[2025-05-31 11:14:19,471] {processor.py:654} INFO - DAG(s) dict_keys(['tutorial']) retrieved from /home/airflow/.local/lib/python3.6/site-packages/airflow/example_dags/tutorial.py
[2025-05-31 11:14:19,486] {logging_mixin.py:109} INFO - [2025-05-31 11:14:19,486] {dag.py:2396} INFO - Sync 1 DAGs
[2025-05-31 11:14:19,509] {logging_mixin.py:109} INFO - [2025-05-31 11:14:19,508] {dag.py:2935} INFO - Setting next_dagrun for tutorial to 2025-05-30T11:14:19.508546+00:00
[2025-05-31 11:14:19,523] {processor.py:171} INFO - Processing /home/airflow/.local/lib/python3.6/site-packages/airflow/example_dags/tutorial.py took 0.216 seconds
[2025-05-31 11:14:50,217] {processor.py:163} INFO - Started process (PID=10520) to work on /home/airflow/.local/lib/python3.6/site-packages/airflow/example_dags/tutorial.py
[2025-05-31 11:14:50,219] {processor.py:642} INFO - Processing file /home/airflow/.local/lib/python3.6/site-packages/airflow/example_dags/tutorial.py for tasks to queue
[2025-05-31 11:14:50,220] {logging_mixin.py:109} INFO - [2025-05-31 11:14:50,220] {dagbag.py:500} INFO - Filling up the DagBag from /home/airflow/.local/lib/python3.6/site-packages/airflow/example_dags/tutorial.py
[2025-05-31 11:14:50,412] {processor.py:654} INFO - DAG(s) dict_keys(['tutorial']) retrieved from /home/airflow/.local/lib/python3.6/site-packages/airflow/example_dags/tutorial.py
[2025-05-31 11:14:50,444] {logging_mixin.py:109} INFO - [2025-05-31 11:14:50,444] {dag.py:2396} INFO - Sync 1 DAGs
[2025-05-31 11:14:50,470] {logging_mixin.py:109} INFO - [2025-05-31 11:14:50,469] {dag.py:2935} INFO - Setting next_dagrun for tutorial to 2025-05-30T11:14:50.469194+00:00
[2025-05-31 11:14:50,485] {processor.py:171} INFO - Processing /home/airflow/.local/lib/python3.6/site-packages/airflow/example_dags/tutorial.py took 0.275 seconds
[2025-05-31 11:15:22,305] {processor.py:163} INFO - Started process (PID=10714) to work on /home/airflow/.local/lib/python3.6/site-packages/airflow/example_dags/tutorial.py
[2025-05-31 11:15:22,306] {processor.py:642} INFO - Processing file /home/airflow/.local/lib/python3.6/site-packages/airflow/example_dags/tutorial.py for tasks to queue
[2025-05-31 11:15:22,308] {logging_mixin.py:109} INFO - [2025-05-31 11:15:22,307] {dagbag.py:500} INFO - Filling up the DagBag from /home/airflow/.local/lib/python3.6/site-packages/airflow/example_dags/tutorial.py
[2025-05-31 11:15:22,440] {processor.py:654} INFO - DAG(s) dict_keys(['tutorial']) retrieved from /home/airflow/.local/lib/python3.6/site-packages/airflow/example_dags/tutorial.py
[2025-05-31 11:15:22,452] {logging_mixin.py:109} INFO - [2025-05-31 11:15:22,452] {dag.py:2396} INFO - Sync 1 DAGs
[2025-05-31 11:15:22,477] {logging_mixin.py:109} INFO - [2025-05-31 11:15:22,477] {dag.py:2935} INFO - Setting next_dagrun for tutorial to 2025-05-30T11:15:22.476776+00:00
[2025-05-31 11:15:22,491] {processor.py:171} INFO - Processing /home/airflow/.local/lib/python3.6/site-packages/airflow/example_dags/tutorial.py took 0.192 seconds
[2025-05-31 11:15:53,566] {processor.py:163} INFO - Started process (PID=10909) to work on /home/airflow/.local/lib/python3.6/site-packages/airflow/example_dags/tutorial.py
[2025-05-31 11:15:53,569] {processor.py:642} INFO - Processing file /home/airflow/.local/lib/python3.6/site-packages/airflow/example_dags/tutorial.py for tasks to queue
[2025-05-31 11:15:53,571] {logging_mixin.py:109} INFO - [2025-05-31 11:15:53,570] {dagbag.py:500} INFO - Filling up the DagBag from /home/airflow/.local/lib/python3.6/site-packages/airflow/example_dags/tutorial.py
[2025-05-31 11:15:53,612] {processor.py:654} INFO - DAG(s) dict_keys(['tutorial']) retrieved from /home/airflow/.local/lib/python3.6/site-packages/airflow/example_dags/tutorial.py
[2025-05-31 11:15:53,632] {logging_mixin.py:109} INFO - [2025-05-31 11:15:53,631] {dag.py:2396} INFO - Sync 1 DAGs
[2025-05-31 11:15:53,662] {logging_mixin.py:109} INFO - [2025-05-31 11:15:53,662] {dag.py:2935} INFO - Setting next_dagrun for tutorial to 2025-05-30T11:15:53.661673+00:00
[2025-05-31 11:15:53,676] {processor.py:171} INFO - Processing /home/airflow/.local/lib/python3.6/site-packages/airflow/example_dags/tutorial.py took 0.115 seconds
[2025-05-31 11:16:24,906] {processor.py:163} INFO - Started process (PID=11126) to work on /home/airflow/.local/lib/python3.6/site-packages/airflow/example_dags/tutorial.py
[2025-05-31 11:16:24,907] {processor.py:642} INFO - Processing file /home/airflow/.local/lib/python3.6/site-packages/airflow/example_dags/tutorial.py for tasks to queue
[2025-05-31 11:16:24,908] {logging_mixin.py:109} INFO - [2025-05-31 11:16:24,908] {dagbag.py:500} INFO - Filling up the DagBag from /home/airflow/.local/lib/python3.6/site-packages/airflow/example_dags/tutorial.py
[2025-05-31 11:16:24,949] {processor.py:654} INFO - DAG(s) dict_keys(['tutorial']) retrieved from /home/airflow/.local/lib/python3.6/site-packages/airflow/example_dags/tutorial.py
[2025-05-31 11:16:24,964] {logging_mixin.py:109} INFO - [2025-05-31 11:16:24,964] {dag.py:2396} INFO - Sync 1 DAGs
[2025-05-31 11:16:24,992] {logging_mixin.py:109} INFO - [2025-05-31 11:16:24,992] {dag.py:2935} INFO - Setting next_dagrun for tutorial to 2025-05-30T11:16:24.991713+00:00
[2025-05-31 11:16:25,005] {processor.py:171} INFO - Processing /home/airflow/.local/lib/python3.6/site-packages/airflow/example_dags/tutorial.py took 0.104 seconds
[2025-05-31 11:16:56,017] {processor.py:163} INFO - Started process (PID=11321) to work on /home/airflow/.local/lib/python3.6/site-packages/airflow/example_dags/tutorial.py
[2025-05-31 11:16:56,019] {processor.py:642} INFO - Processing file /home/airflow/.local/lib/python3.6/site-packages/airflow/example_dags/tutorial.py for tasks to queue
[2025-05-31 11:16:56,020] {logging_mixin.py:109} INFO - [2025-05-31 11:16:56,020] {dagbag.py:500} INFO - Filling up the DagBag from /home/airflow/.local/lib/python3.6/site-packages/airflow/example_dags/tutorial.py
[2025-05-31 11:16:56,055] {processor.py:654} INFO - DAG(s) dict_keys(['tutorial']) retrieved from /home/airflow/.local/lib/python3.6/site-packages/airflow/example_dags/tutorial.py
[2025-05-31 11:16:56,071] {logging_mixin.py:109} INFO - [2025-05-31 11:16:56,070] {dag.py:2396} INFO - Sync 1 DAGs
[2025-05-31 11:16:56,095] {logging_mixin.py:109} INFO - [2025-05-31 11:16:56,095] {dag.py:2935} INFO - Setting next_dagrun for tutorial to 2025-05-30T11:16:56.094959+00:00
[2025-05-31 11:16:56,110] {processor.py:171} INFO - Processing /home/airflow/.local/lib/python3.6/site-packages/airflow/example_dags/tutorial.py took 0.099 seconds
[2025-05-31 11:17:26,462] {processor.py:163} INFO - Started process (PID=11506) to work on /home/airflow/.local/lib/python3.6/site-packages/airflow/example_dags/tutorial.py
[2025-05-31 11:17:26,464] {processor.py:642} INFO - Processing file /home/airflow/.local/lib/python3.6/site-packages/airflow/example_dags/tutorial.py for tasks to queue
[2025-05-31 11:17:26,465] {logging_mixin.py:109} INFO - [2025-05-31 11:17:26,464] {dagbag.py:500} INFO - Filling up the DagBag from /home/airflow/.local/lib/python3.6/site-packages/airflow/example_dags/tutorial.py
[2025-05-31 11:17:26,499] {processor.py:654} INFO - DAG(s) dict_keys(['tutorial']) retrieved from /home/airflow/.local/lib/python3.6/site-packages/airflow/example_dags/tutorial.py
[2025-05-31 11:17:26,513] {logging_mixin.py:109} INFO - [2025-05-31 11:17:26,512] {dag.py:2396} INFO - Sync 1 DAGs
[2025-05-31 11:17:26,534] {logging_mixin.py:109} INFO - [2025-05-31 11:17:26,534] {dag.py:2935} INFO - Setting next_dagrun for tutorial to 2025-05-30T11:17:26.534371+00:00
[2025-05-31 11:17:26,546] {processor.py:171} INFO - Processing /home/airflow/.local/lib/python3.6/site-packages/airflow/example_dags/tutorial.py took 0.089 seconds
[2025-05-31 11:17:57,258] {processor.py:163} INFO - Started process (PID=11691) to work on /home/airflow/.local/lib/python3.6/site-packages/airflow/example_dags/tutorial.py
[2025-05-31 11:17:57,261] {processor.py:642} INFO - Processing file /home/airflow/.local/lib/python3.6/site-packages/airflow/example_dags/tutorial.py for tasks to queue
[2025-05-31 11:17:57,262] {logging_mixin.py:109} INFO - [2025-05-31 11:17:57,262] {dagbag.py:500} INFO - Filling up the DagBag from /home/airflow/.local/lib/python3.6/site-packages/airflow/example_dags/tutorial.py
[2025-05-31 11:17:57,329] {processor.py:654} INFO - DAG(s) dict_keys(['tutorial']) retrieved from /home/airflow/.local/lib/python3.6/site-packages/airflow/example_dags/tutorial.py
[2025-05-31 11:17:57,350] {logging_mixin.py:109} INFO - [2025-05-31 11:17:57,350] {dag.py:2396} INFO - Sync 1 DAGs
[2025-05-31 11:17:57,381] {logging_mixin.py:109} INFO - [2025-05-31 11:17:57,381] {dag.py:2935} INFO - Setting next_dagrun for tutorial to 2025-05-30T11:17:57.380727+00:00
[2025-05-31 11:17:57,397] {processor.py:171} INFO - Processing /home/airflow/.local/lib/python3.6/site-packages/airflow/example_dags/tutorial.py took 0.145 seconds
[2025-05-31 11:18:27,853] {processor.py:163} INFO - Started process (PID=11884) to work on /home/airflow/.local/lib/python3.6/site-packages/airflow/example_dags/tutorial.py
[2025-05-31 11:18:27,855] {processor.py:642} INFO - Processing file /home/airflow/.local/lib/python3.6/site-packages/airflow/example_dags/tutorial.py for tasks to queue
[2025-05-31 11:18:27,856] {logging_mixin.py:109} INFO - [2025-05-31 11:18:27,856] {dagbag.py:500} INFO - Filling up the DagBag from /home/airflow/.local/lib/python3.6/site-packages/airflow/example_dags/tutorial.py
[2025-05-31 11:18:27,901] {processor.py:654} INFO - DAG(s) dict_keys(['tutorial']) retrieved from /home/airflow/.local/lib/python3.6/site-packages/airflow/example_dags/tutorial.py
[2025-05-31 11:18:27,920] {logging_mixin.py:109} INFO - [2025-05-31 11:18:27,919] {dag.py:2396} INFO - Sync 1 DAGs
[2025-05-31 11:18:27,948] {logging_mixin.py:109} INFO - [2025-05-31 11:18:27,947] {dag.py:2935} INFO - Setting next_dagrun for tutorial to 2025-05-30T11:18:27.947399+00:00
[2025-05-31 11:18:27,964] {processor.py:171} INFO - Processing /home/airflow/.local/lib/python3.6/site-packages/airflow/example_dags/tutorial.py took 0.118 seconds
[2025-05-31 11:18:59,274] {processor.py:163} INFO - Started process (PID=12071) to work on /home/airflow/.local/lib/python3.6/site-packages/airflow/example_dags/tutorial.py
[2025-05-31 11:18:59,284] {processor.py:642} INFO - Processing file /home/airflow/.local/lib/python3.6/site-packages/airflow/example_dags/tutorial.py for tasks to queue
[2025-05-31 11:18:59,286] {logging_mixin.py:109} INFO - [2025-05-31 11:18:59,286] {dagbag.py:500} INFO - Filling up the DagBag from /home/airflow/.local/lib/python3.6/site-packages/airflow/example_dags/tutorial.py
[2025-05-31 11:18:59,366] {processor.py:654} INFO - DAG(s) dict_keys(['tutorial']) retrieved from /home/airflow/.local/lib/python3.6/site-packages/airflow/example_dags/tutorial.py
[2025-05-31 11:18:59,385] {logging_mixin.py:109} INFO - [2025-05-31 11:18:59,385] {dag.py:2396} INFO - Sync 1 DAGs
[2025-05-31 11:18:59,416] {logging_mixin.py:109} INFO - [2025-05-31 11:18:59,416] {dag.py:2935} INFO - Setting next_dagrun for tutorial to 2025-05-30T11:18:59.416373+00:00
[2025-05-31 11:18:59,432] {processor.py:171} INFO - Processing /home/airflow/.local/lib/python3.6/site-packages/airflow/example_dags/tutorial.py took 0.167 seconds
[2025-05-31 11:19:29,923] {processor.py:163} INFO - Started process (PID=12256) to work on /home/airflow/.local/lib/python3.6/site-packages/airflow/example_dags/tutorial.py
[2025-05-31 11:19:29,924] {processor.py:642} INFO - Processing file /home/airflow/.local/lib/python3.6/site-packages/airflow/example_dags/tutorial.py for tasks to queue
[2025-05-31 11:19:29,925] {logging_mixin.py:109} INFO - [2025-05-31 11:19:29,925] {dagbag.py:500} INFO - Filling up the DagBag from /home/airflow/.local/lib/python3.6/site-packages/airflow/example_dags/tutorial.py
[2025-05-31 11:19:29,967] {processor.py:654} INFO - DAG(s) dict_keys(['tutorial']) retrieved from /home/airflow/.local/lib/python3.6/site-packages/airflow/example_dags/tutorial.py
[2025-05-31 11:19:29,983] {logging_mixin.py:109} INFO - [2025-05-31 11:19:29,983] {dag.py:2396} INFO - Sync 1 DAGs
[2025-05-31 11:19:30,009] {logging_mixin.py:109} INFO - [2025-05-31 11:19:30,009] {dag.py:2935} INFO - Setting next_dagrun for tutorial to 2025-05-30T11:19:30.008671+00:00
[2025-05-31 11:19:30,022] {processor.py:171} INFO - Processing /home/airflow/.local/lib/python3.6/site-packages/airflow/example_dags/tutorial.py took 0.105 seconds
[2025-05-31 11:20:00,697] {processor.py:163} INFO - Started process (PID=12451) to work on /home/airflow/.local/lib/python3.6/site-packages/airflow/example_dags/tutorial.py
[2025-05-31 11:20:00,698] {processor.py:642} INFO - Processing file /home/airflow/.local/lib/python3.6/site-packages/airflow/example_dags/tutorial.py for tasks to queue
[2025-05-31 11:20:00,700] {logging_mixin.py:109} INFO - [2025-05-31 11:20:00,699] {dagbag.py:500} INFO - Filling up the DagBag from /home/airflow/.local/lib/python3.6/site-packages/airflow/example_dags/tutorial.py
[2025-05-31 11:20:00,740] {processor.py:654} INFO - DAG(s) dict_keys(['tutorial']) retrieved from /home/airflow/.local/lib/python3.6/site-packages/airflow/example_dags/tutorial.py
[2025-05-31 11:20:00,756] {logging_mixin.py:109} INFO - [2025-05-31 11:20:00,756] {dag.py:2396} INFO - Sync 1 DAGs
[2025-05-31 11:20:00,789] {logging_mixin.py:109} INFO - [2025-05-31 11:20:00,789] {dag.py:2935} INFO - Setting next_dagrun for tutorial to 2025-05-30T11:20:00.788848+00:00
[2025-05-31 11:20:00,806] {processor.py:171} INFO - Processing /home/airflow/.local/lib/python3.6/site-packages/airflow/example_dags/tutorial.py took 0.114 seconds
[2025-05-31 11:20:31,508] {processor.py:163} INFO - Started process (PID=12636) to work on /home/airflow/.local/lib/python3.6/site-packages/airflow/example_dags/tutorial.py
[2025-05-31 11:20:31,509] {processor.py:642} INFO - Processing file /home/airflow/.local/lib/python3.6/site-packages/airflow/example_dags/tutorial.py for tasks to queue
[2025-05-31 11:20:31,511] {logging_mixin.py:109} INFO - [2025-05-31 11:20:31,511] {dagbag.py:500} INFO - Filling up the DagBag from /home/airflow/.local/lib/python3.6/site-packages/airflow/example_dags/tutorial.py
[2025-05-31 11:20:31,547] {processor.py:654} INFO - DAG(s) dict_keys(['tutorial']) retrieved from /home/airflow/.local/lib/python3.6/site-packages/airflow/example_dags/tutorial.py
[2025-05-31 11:20:31,561] {logging_mixin.py:109} INFO - [2025-05-31 11:20:31,561] {dag.py:2396} INFO - Sync 1 DAGs
[2025-05-31 11:20:31,584] {logging_mixin.py:109} INFO - [2025-05-31 11:20:31,583] {dag.py:2935} INFO - Setting next_dagrun for tutorial to 2025-05-30T11:20:31.583583+00:00
[2025-05-31 11:20:31,595] {processor.py:171} INFO - Processing /home/airflow/.local/lib/python3.6/site-packages/airflow/example_dags/tutorial.py took 0.092 seconds
[2025-05-31 11:21:02,244] {processor.py:163} INFO - Started process (PID=12821) to work on /home/airflow/.local/lib/python3.6/site-packages/airflow/example_dags/tutorial.py
[2025-05-31 11:21:02,246] {processor.py:642} INFO - Processing file /home/airflow/.local/lib/python3.6/site-packages/airflow/example_dags/tutorial.py for tasks to queue
[2025-05-31 11:21:02,247] {logging_mixin.py:109} INFO - [2025-05-31 11:21:02,247] {dagbag.py:500} INFO - Filling up the DagBag from /home/airflow/.local/lib/python3.6/site-packages/airflow/example_dags/tutorial.py
[2025-05-31 11:21:02,283] {processor.py:654} INFO - DAG(s) dict_keys(['tutorial']) retrieved from /home/airflow/.local/lib/python3.6/site-packages/airflow/example_dags/tutorial.py
[2025-05-31 11:21:02,308] {logging_mixin.py:109} INFO - [2025-05-31 11:21:02,307] {dag.py:2396} INFO - Sync 1 DAGs
[2025-05-31 11:21:02,334] {logging_mixin.py:109} INFO - [2025-05-31 11:21:02,334] {dag.py:2935} INFO - Setting next_dagrun for tutorial to 2025-05-30T11:21:02.334503+00:00
[2025-05-31 11:21:02,347] {processor.py:171} INFO - Processing /home/airflow/.local/lib/python3.6/site-packages/airflow/example_dags/tutorial.py took 0.107 seconds
[2025-05-31 11:21:32,820] {processor.py:163} INFO - Started process (PID=13014) to work on /home/airflow/.local/lib/python3.6/site-packages/airflow/example_dags/tutorial.py
[2025-05-31 11:21:32,822] {processor.py:642} INFO - Processing file /home/airflow/.local/lib/python3.6/site-packages/airflow/example_dags/tutorial.py for tasks to queue
[2025-05-31 11:21:32,824] {logging_mixin.py:109} INFO - [2025-05-31 11:21:32,824] {dagbag.py:500} INFO - Filling up the DagBag from /home/airflow/.local/lib/python3.6/site-packages/airflow/example_dags/tutorial.py
[2025-05-31 11:21:32,877] {processor.py:654} INFO - DAG(s) dict_keys(['tutorial']) retrieved from /home/airflow/.local/lib/python3.6/site-packages/airflow/example_dags/tutorial.py
[2025-05-31 11:21:32,899] {logging_mixin.py:109} INFO - [2025-05-31 11:21:32,899] {dag.py:2396} INFO - Sync 1 DAGs
[2025-05-31 11:21:32,931] {logging_mixin.py:109} INFO - [2025-05-31 11:21:32,930] {dag.py:2935} INFO - Setting next_dagrun for tutorial to 2025-05-30T11:21:32.930439+00:00
[2025-05-31 11:21:32,955] {processor.py:171} INFO - Processing /home/airflow/.local/lib/python3.6/site-packages/airflow/example_dags/tutorial.py took 0.142 seconds
[2025-05-31 11:22:03,658] {processor.py:163} INFO - Started process (PID=13199) to work on /home/airflow/.local/lib/python3.6/site-packages/airflow/example_dags/tutorial.py
[2025-05-31 11:22:03,659] {processor.py:642} INFO - Processing file /home/airflow/.local/lib/python3.6/site-packages/airflow/example_dags/tutorial.py for tasks to queue
[2025-05-31 11:22:03,660] {logging_mixin.py:109} INFO - [2025-05-31 11:22:03,660] {dagbag.py:500} INFO - Filling up the DagBag from /home/airflow/.local/lib/python3.6/site-packages/airflow/example_dags/tutorial.py
[2025-05-31 11:22:03,702] {processor.py:654} INFO - DAG(s) dict_keys(['tutorial']) retrieved from /home/airflow/.local/lib/python3.6/site-packages/airflow/example_dags/tutorial.py
[2025-05-31 11:22:03,715] {logging_mixin.py:109} INFO - [2025-05-31 11:22:03,715] {dag.py:2396} INFO - Sync 1 DAGs
[2025-05-31 11:22:03,739] {logging_mixin.py:109} INFO - [2025-05-31 11:22:03,738] {dag.py:2935} INFO - Setting next_dagrun for tutorial to 2025-05-30T11:22:03.738609+00:00
[2025-05-31 11:22:03,751] {processor.py:171} INFO - Processing /home/airflow/.local/lib/python3.6/site-packages/airflow/example_dags/tutorial.py took 0.097 seconds
[2025-05-31 11:22:34,201] {processor.py:163} INFO - Started process (PID=13404) to work on /home/airflow/.local/lib/python3.6/site-packages/airflow/example_dags/tutorial.py
[2025-05-31 11:22:34,203] {processor.py:642} INFO - Processing file /home/airflow/.local/lib/python3.6/site-packages/airflow/example_dags/tutorial.py for tasks to queue
[2025-05-31 11:22:34,204] {logging_mixin.py:109} INFO - [2025-05-31 11:22:34,204] {dagbag.py:500} INFO - Filling up the DagBag from /home/airflow/.local/lib/python3.6/site-packages/airflow/example_dags/tutorial.py
[2025-05-31 11:22:34,243] {processor.py:654} INFO - DAG(s) dict_keys(['tutorial']) retrieved from /home/airflow/.local/lib/python3.6/site-packages/airflow/example_dags/tutorial.py
[2025-05-31 11:22:34,262] {logging_mixin.py:109} INFO - [2025-05-31 11:22:34,262] {dag.py:2396} INFO - Sync 1 DAGs
[2025-05-31 11:22:34,289] {logging_mixin.py:109} INFO - [2025-05-31 11:22:34,289] {dag.py:2935} INFO - Setting next_dagrun for tutorial to 2025-05-30T11:22:34.289226+00:00
[2025-05-31 11:22:34,304] {processor.py:171} INFO - Processing /home/airflow/.local/lib/python3.6/site-packages/airflow/example_dags/tutorial.py took 0.109 seconds
[2025-05-31 11:23:04,741] {processor.py:163} INFO - Started process (PID=13589) to work on /home/airflow/.local/lib/python3.6/site-packages/airflow/example_dags/tutorial.py
[2025-05-31 11:23:04,743] {processor.py:642} INFO - Processing file /home/airflow/.local/lib/python3.6/site-packages/airflow/example_dags/tutorial.py for tasks to queue
[2025-05-31 11:23:04,744] {logging_mixin.py:109} INFO - [2025-05-31 11:23:04,744] {dagbag.py:500} INFO - Filling up the DagBag from /home/airflow/.local/lib/python3.6/site-packages/airflow/example_dags/tutorial.py
[2025-05-31 11:23:04,778] {processor.py:654} INFO - DAG(s) dict_keys(['tutorial']) retrieved from /home/airflow/.local/lib/python3.6/site-packages/airflow/example_dags/tutorial.py
[2025-05-31 11:23:04,793] {logging_mixin.py:109} INFO - [2025-05-31 11:23:04,792] {dag.py:2396} INFO - Sync 1 DAGs
[2025-05-31 11:23:04,816] {logging_mixin.py:109} INFO - [2025-05-31 11:23:04,816] {dag.py:2935} INFO - Setting next_dagrun for tutorial to 2025-05-30T11:23:04.815985+00:00
[2025-05-31 11:23:04,828] {processor.py:171} INFO - Processing /home/airflow/.local/lib/python3.6/site-packages/airflow/example_dags/tutorial.py took 0.092 seconds
[2025-05-31 11:23:35,957] {processor.py:163} INFO - Started process (PID=13774) to work on /home/airflow/.local/lib/python3.6/site-packages/airflow/example_dags/tutorial.py
[2025-05-31 11:23:35,958] {processor.py:642} INFO - Processing file /home/airflow/.local/lib/python3.6/site-packages/airflow/example_dags/tutorial.py for tasks to queue
[2025-05-31 11:23:35,959] {logging_mixin.py:109} INFO - [2025-05-31 11:23:35,959] {dagbag.py:500} INFO - Filling up the DagBag from /home/airflow/.local/lib/python3.6/site-packages/airflow/example_dags/tutorial.py
[2025-05-31 11:23:35,993] {processor.py:654} INFO - DAG(s) dict_keys(['tutorial']) retrieved from /home/airflow/.local/lib/python3.6/site-packages/airflow/example_dags/tutorial.py
[2025-05-31 11:23:36,007] {logging_mixin.py:109} INFO - [2025-05-31 11:23:36,007] {dag.py:2396} INFO - Sync 1 DAGs
[2025-05-31 11:23:36,030] {logging_mixin.py:109} INFO - [2025-05-31 11:23:36,029] {dag.py:2935} INFO - Setting next_dagrun for tutorial to 2025-05-30T11:23:36.029547+00:00
[2025-05-31 11:23:36,041] {processor.py:171} INFO - Processing /home/airflow/.local/lib/python3.6/site-packages/airflow/example_dags/tutorial.py took 0.089 seconds
[2025-05-31 11:24:06,471] {processor.py:163} INFO - Started process (PID=13969) to work on /home/airflow/.local/lib/python3.6/site-packages/airflow/example_dags/tutorial.py
[2025-05-31 11:24:06,473] {processor.py:642} INFO - Processing file /home/airflow/.local/lib/python3.6/site-packages/airflow/example_dags/tutorial.py for tasks to queue
[2025-05-31 11:24:06,474] {logging_mixin.py:109} INFO - [2025-05-31 11:24:06,474] {dagbag.py:500} INFO - Filling up the DagBag from /home/airflow/.local/lib/python3.6/site-packages/airflow/example_dags/tutorial.py
[2025-05-31 11:24:06,509] {processor.py:654} INFO - DAG(s) dict_keys(['tutorial']) retrieved from /home/airflow/.local/lib/python3.6/site-packages/airflow/example_dags/tutorial.py
[2025-05-31 11:24:06,524] {logging_mixin.py:109} INFO - [2025-05-31 11:24:06,524] {dag.py:2396} INFO - Sync 1 DAGs
[2025-05-31 11:24:06,551] {logging_mixin.py:109} INFO - [2025-05-31 11:24:06,550] {dag.py:2935} INFO - Setting next_dagrun for tutorial to 2025-05-30T11:24:06.549223+00:00
[2025-05-31 11:24:06,568] {processor.py:171} INFO - Processing /home/airflow/.local/lib/python3.6/site-packages/airflow/example_dags/tutorial.py took 0.101 seconds
[2025-05-31 11:24:37,304] {processor.py:163} INFO - Started process (PID=14156) to work on /home/airflow/.local/lib/python3.6/site-packages/airflow/example_dags/tutorial.py
[2025-05-31 11:24:37,306] {processor.py:642} INFO - Processing file /home/airflow/.local/lib/python3.6/site-packages/airflow/example_dags/tutorial.py for tasks to queue
[2025-05-31 11:24:37,307] {logging_mixin.py:109} INFO - [2025-05-31 11:24:37,307] {dagbag.py:500} INFO - Filling up the DagBag from /home/airflow/.local/lib/python3.6/site-packages/airflow/example_dags/tutorial.py
[2025-05-31 11:24:37,341] {processor.py:654} INFO - DAG(s) dict_keys(['tutorial']) retrieved from /home/airflow/.local/lib/python3.6/site-packages/airflow/example_dags/tutorial.py
[2025-05-31 11:24:37,353] {logging_mixin.py:109} INFO - [2025-05-31 11:24:37,353] {dag.py:2396} INFO - Sync 1 DAGs
[2025-05-31 11:24:37,376] {logging_mixin.py:109} INFO - [2025-05-31 11:24:37,376] {dag.py:2935} INFO - Setting next_dagrun for tutorial to 2025-05-30T11:24:37.375856+00:00
[2025-05-31 11:24:37,389] {processor.py:171} INFO - Processing /home/airflow/.local/lib/python3.6/site-packages/airflow/example_dags/tutorial.py took 0.088 seconds
[2025-05-31 11:25:08,223] {processor.py:163} INFO - Started process (PID=14339) to work on /home/airflow/.local/lib/python3.6/site-packages/airflow/example_dags/tutorial.py
[2025-05-31 11:25:08,225] {processor.py:642} INFO - Processing file /home/airflow/.local/lib/python3.6/site-packages/airflow/example_dags/tutorial.py for tasks to queue
[2025-05-31 11:25:08,227] {logging_mixin.py:109} INFO - [2025-05-31 11:25:08,227] {dagbag.py:500} INFO - Filling up the DagBag from /home/airflow/.local/lib/python3.6/site-packages/airflow/example_dags/tutorial.py
[2025-05-31 11:25:08,269] {processor.py:654} INFO - DAG(s) dict_keys(['tutorial']) retrieved from /home/airflow/.local/lib/python3.6/site-packages/airflow/example_dags/tutorial.py
[2025-05-31 11:25:08,284] {logging_mixin.py:109} INFO - [2025-05-31 11:25:08,284] {dag.py:2396} INFO - Sync 1 DAGs
[2025-05-31 11:25:08,308] {logging_mixin.py:109} INFO - [2025-05-31 11:25:08,308] {dag.py:2935} INFO - Setting next_dagrun for tutorial to 2025-05-30T11:25:08.307977+00:00
[2025-05-31 11:25:08,321] {processor.py:171} INFO - Processing /home/airflow/.local/lib/python3.6/site-packages/airflow/example_dags/tutorial.py took 0.103 seconds
[2025-05-31 11:25:39,231] {processor.py:163} INFO - Started process (PID=14536) to work on /home/airflow/.local/lib/python3.6/site-packages/airflow/example_dags/tutorial.py
[2025-05-31 11:25:39,233] {processor.py:642} INFO - Processing file /home/airflow/.local/lib/python3.6/site-packages/airflow/example_dags/tutorial.py for tasks to queue
[2025-05-31 11:25:39,234] {logging_mixin.py:109} INFO - [2025-05-31 11:25:39,234] {dagbag.py:500} INFO - Filling up the DagBag from /home/airflow/.local/lib/python3.6/site-packages/airflow/example_dags/tutorial.py
[2025-05-31 11:25:39,272] {processor.py:654} INFO - DAG(s) dict_keys(['tutorial']) retrieved from /home/airflow/.local/lib/python3.6/site-packages/airflow/example_dags/tutorial.py
[2025-05-31 11:25:39,290] {logging_mixin.py:109} INFO - [2025-05-31 11:25:39,289] {dag.py:2396} INFO - Sync 1 DAGs
[2025-05-31 11:25:39,317] {logging_mixin.py:109} INFO - [2025-05-31 11:25:39,316] {dag.py:2935} INFO - Setting next_dagrun for tutorial to 2025-05-30T11:25:39.316526+00:00
[2025-05-31 11:25:39,330] {processor.py:171} INFO - Processing /home/airflow/.local/lib/python3.6/site-packages/airflow/example_dags/tutorial.py took 0.103 seconds
[2025-05-31 11:26:09,772] {processor.py:163} INFO - Started process (PID=14719) to work on /home/airflow/.local/lib/python3.6/site-packages/airflow/example_dags/tutorial.py
[2025-05-31 11:26:09,774] {processor.py:642} INFO - Processing file /home/airflow/.local/lib/python3.6/site-packages/airflow/example_dags/tutorial.py for tasks to queue
[2025-05-31 11:26:09,775] {logging_mixin.py:109} INFO - [2025-05-31 11:26:09,775] {dagbag.py:500} INFO - Filling up the DagBag from /home/airflow/.local/lib/python3.6/site-packages/airflow/example_dags/tutorial.py
[2025-05-31 11:26:09,816] {processor.py:654} INFO - DAG(s) dict_keys(['tutorial']) retrieved from /home/airflow/.local/lib/python3.6/site-packages/airflow/example_dags/tutorial.py
[2025-05-31 11:26:09,833] {logging_mixin.py:109} INFO - [2025-05-31 11:26:09,833] {dag.py:2396} INFO - Sync 1 DAGs
[2025-05-31 11:26:09,859] {logging_mixin.py:109} INFO - [2025-05-31 11:26:09,859] {dag.py:2935} INFO - Setting next_dagrun for tutorial to 2025-05-30T11:26:09.859066+00:00
[2025-05-31 11:26:09,875] {processor.py:171} INFO - Processing /home/airflow/.local/lib/python3.6/site-packages/airflow/example_dags/tutorial.py took 0.109 seconds
[2025-05-31 11:26:40,474] {processor.py:163} INFO - Started process (PID=14901) to work on /home/airflow/.local/lib/python3.6/site-packages/airflow/example_dags/tutorial.py
[2025-05-31 11:26:40,475] {processor.py:642} INFO - Processing file /home/airflow/.local/lib/python3.6/site-packages/airflow/example_dags/tutorial.py for tasks to queue
[2025-05-31 11:26:40,476] {logging_mixin.py:109} INFO - [2025-05-31 11:26:40,476] {dagbag.py:500} INFO - Filling up the DagBag from /home/airflow/.local/lib/python3.6/site-packages/airflow/example_dags/tutorial.py
[2025-05-31 11:26:40,511] {processor.py:654} INFO - DAG(s) dict_keys(['tutorial']) retrieved from /home/airflow/.local/lib/python3.6/site-packages/airflow/example_dags/tutorial.py
[2025-05-31 11:26:40,524] {logging_mixin.py:109} INFO - [2025-05-31 11:26:40,524] {dag.py:2396} INFO - Sync 1 DAGs
[2025-05-31 11:26:40,546] {logging_mixin.py:109} INFO - [2025-05-31 11:26:40,545] {dag.py:2935} INFO - Setting next_dagrun for tutorial to 2025-05-30T11:26:40.545548+00:00
[2025-05-31 11:26:40,558] {processor.py:171} INFO - Processing /home/airflow/.local/lib/python3.6/site-packages/airflow/example_dags/tutorial.py took 0.088 seconds
[2025-05-31 11:27:11,373] {processor.py:163} INFO - Started process (PID=15096) to work on /home/airflow/.local/lib/python3.6/site-packages/airflow/example_dags/tutorial.py
[2025-05-31 11:27:11,375] {processor.py:642} INFO - Processing file /home/airflow/.local/lib/python3.6/site-packages/airflow/example_dags/tutorial.py for tasks to queue
[2025-05-31 11:27:11,377] {logging_mixin.py:109} INFO - [2025-05-31 11:27:11,377] {dagbag.py:500} INFO - Filling up the DagBag from /home/airflow/.local/lib/python3.6/site-packages/airflow/example_dags/tutorial.py
[2025-05-31 11:27:11,424] {processor.py:654} INFO - DAG(s) dict_keys(['tutorial']) retrieved from /home/airflow/.local/lib/python3.6/site-packages/airflow/example_dags/tutorial.py
[2025-05-31 11:27:11,443] {logging_mixin.py:109} INFO - [2025-05-31 11:27:11,443] {dag.py:2396} INFO - Sync 1 DAGs
[2025-05-31 11:27:11,474] {logging_mixin.py:109} INFO - [2025-05-31 11:27:11,474] {dag.py:2935} INFO - Setting next_dagrun for tutorial to 2025-05-30T11:27:11.474346+00:00
[2025-05-31 11:27:11,489] {processor.py:171} INFO - Processing /home/airflow/.local/lib/python3.6/site-packages/airflow/example_dags/tutorial.py took 0.122 seconds
[2025-05-31 11:27:42,231] {processor.py:163} INFO - Started process (PID=15289) to work on /home/airflow/.local/lib/python3.6/site-packages/airflow/example_dags/tutorial.py
[2025-05-31 11:27:42,233] {processor.py:642} INFO - Processing file /home/airflow/.local/lib/python3.6/site-packages/airflow/example_dags/tutorial.py for tasks to queue
[2025-05-31 11:27:42,234] {logging_mixin.py:109} INFO - [2025-05-31 11:27:42,234] {dagbag.py:500} INFO - Filling up the DagBag from /home/airflow/.local/lib/python3.6/site-packages/airflow/example_dags/tutorial.py
[2025-05-31 11:27:42,271] {processor.py:654} INFO - DAG(s) dict_keys(['tutorial']) retrieved from /home/airflow/.local/lib/python3.6/site-packages/airflow/example_dags/tutorial.py
[2025-05-31 11:27:42,286] {logging_mixin.py:109} INFO - [2025-05-31 11:27:42,286] {dag.py:2396} INFO - Sync 1 DAGs
[2025-05-31 11:27:42,307] {logging_mixin.py:109} INFO - [2025-05-31 11:27:42,307] {dag.py:2935} INFO - Setting next_dagrun for tutorial to 2025-05-30T11:27:42.307042+00:00
[2025-05-31 11:27:42,319] {processor.py:171} INFO - Processing /home/airflow/.local/lib/python3.6/site-packages/airflow/example_dags/tutorial.py took 0.092 seconds
[2025-05-31 11:28:12,509] {processor.py:163} INFO - Started process (PID=15469) to work on /home/airflow/.local/lib/python3.6/site-packages/airflow/example_dags/tutorial.py
[2025-05-31 11:28:12,511] {processor.py:642} INFO - Processing file /home/airflow/.local/lib/python3.6/site-packages/airflow/example_dags/tutorial.py for tasks to queue
[2025-05-31 11:28:12,513] {logging_mixin.py:109} INFO - [2025-05-31 11:28:12,513] {dagbag.py:500} INFO - Filling up the DagBag from /home/airflow/.local/lib/python3.6/site-packages/airflow/example_dags/tutorial.py
[2025-05-31 11:28:12,562] {processor.py:654} INFO - DAG(s) dict_keys(['tutorial']) retrieved from /home/airflow/.local/lib/python3.6/site-packages/airflow/example_dags/tutorial.py
[2025-05-31 11:28:12,580] {logging_mixin.py:109} INFO - [2025-05-31 11:28:12,580] {dag.py:2396} INFO - Sync 1 DAGs
[2025-05-31 11:28:12,613] {logging_mixin.py:109} INFO - [2025-05-31 11:28:12,613] {dag.py:2935} INFO - Setting next_dagrun for tutorial to 2025-05-30T11:28:12.612959+00:00
[2025-05-31 11:28:12,630] {processor.py:171} INFO - Processing /home/airflow/.local/lib/python3.6/site-packages/airflow/example_dags/tutorial.py took 0.126 seconds
[2025-05-31 11:28:44,172] {processor.py:163} INFO - Started process (PID=15669) to work on /home/airflow/.local/lib/python3.6/site-packages/airflow/example_dags/tutorial.py
[2025-05-31 11:28:44,174] {processor.py:642} INFO - Processing file /home/airflow/.local/lib/python3.6/site-packages/airflow/example_dags/tutorial.py for tasks to queue
[2025-05-31 11:28:44,176] {logging_mixin.py:109} INFO - [2025-05-31 11:28:44,176] {dagbag.py:500} INFO - Filling up the DagBag from /home/airflow/.local/lib/python3.6/site-packages/airflow/example_dags/tutorial.py
[2025-05-31 11:28:44,237] {processor.py:654} INFO - DAG(s) dict_keys(['tutorial']) retrieved from /home/airflow/.local/lib/python3.6/site-packages/airflow/example_dags/tutorial.py
[2025-05-31 11:28:44,258] {logging_mixin.py:109} INFO - [2025-05-31 11:28:44,258] {dag.py:2396} INFO - Sync 1 DAGs
[2025-05-31 11:28:44,296] {logging_mixin.py:109} INFO - [2025-05-31 11:28:44,296] {dag.py:2935} INFO - Setting next_dagrun for tutorial to 2025-05-30T11:28:44.296236+00:00
[2025-05-31 11:28:44,321] {processor.py:171} INFO - Processing /home/airflow/.local/lib/python3.6/site-packages/airflow/example_dags/tutorial.py took 0.154 seconds
[2025-05-31 11:29:15,118] {processor.py:163} INFO - Started process (PID=15856) to work on /home/airflow/.local/lib/python3.6/site-packages/airflow/example_dags/tutorial.py
[2025-05-31 11:29:15,119] {processor.py:642} INFO - Processing file /home/airflow/.local/lib/python3.6/site-packages/airflow/example_dags/tutorial.py for tasks to queue
[2025-05-31 11:29:15,120] {logging_mixin.py:109} INFO - [2025-05-31 11:29:15,120] {dagbag.py:500} INFO - Filling up the DagBag from /home/airflow/.local/lib/python3.6/site-packages/airflow/example_dags/tutorial.py
[2025-05-31 11:29:15,154] {processor.py:654} INFO - DAG(s) dict_keys(['tutorial']) retrieved from /home/airflow/.local/lib/python3.6/site-packages/airflow/example_dags/tutorial.py
[2025-05-31 11:29:15,168] {logging_mixin.py:109} INFO - [2025-05-31 11:29:15,168] {dag.py:2396} INFO - Sync 1 DAGs
[2025-05-31 11:29:15,190] {logging_mixin.py:109} INFO - [2025-05-31 11:29:15,189] {dag.py:2935} INFO - Setting next_dagrun for tutorial to 2025-05-30T11:29:15.189601+00:00
[2025-05-31 11:29:15,201] {processor.py:171} INFO - Processing /home/airflow/.local/lib/python3.6/site-packages/airflow/example_dags/tutorial.py took 0.088 seconds
[2025-05-31 11:29:45,853] {processor.py:163} INFO - Started process (PID=16041) to work on /home/airflow/.local/lib/python3.6/site-packages/airflow/example_dags/tutorial.py
[2025-05-31 11:29:45,855] {processor.py:642} INFO - Processing file /home/airflow/.local/lib/python3.6/site-packages/airflow/example_dags/tutorial.py for tasks to queue
[2025-05-31 11:29:45,857] {logging_mixin.py:109} INFO - [2025-05-31 11:29:45,856] {dagbag.py:500} INFO - Filling up the DagBag from /home/airflow/.local/lib/python3.6/site-packages/airflow/example_dags/tutorial.py
[2025-05-31 11:29:45,902] {processor.py:654} INFO - DAG(s) dict_keys(['tutorial']) retrieved from /home/airflow/.local/lib/python3.6/site-packages/airflow/example_dags/tutorial.py
[2025-05-31 11:29:45,919] {logging_mixin.py:109} INFO - [2025-05-31 11:29:45,919] {dag.py:2396} INFO - Sync 1 DAGs
[2025-05-31 11:29:45,947] {logging_mixin.py:109} INFO - [2025-05-31 11:29:45,946] {dag.py:2935} INFO - Setting next_dagrun for tutorial to 2025-05-30T11:29:45.946625+00:00
[2025-05-31 11:29:45,960] {processor.py:171} INFO - Processing /home/airflow/.local/lib/python3.6/site-packages/airflow/example_dags/tutorial.py took 0.111 seconds
[2025-05-31 11:30:16,315] {processor.py:163} INFO - Started process (PID=16226) to work on /home/airflow/.local/lib/python3.6/site-packages/airflow/example_dags/tutorial.py
[2025-05-31 11:30:16,317] {processor.py:642} INFO - Processing file /home/airflow/.local/lib/python3.6/site-packages/airflow/example_dags/tutorial.py for tasks to queue
[2025-05-31 11:30:16,318] {logging_mixin.py:109} INFO - [2025-05-31 11:30:16,318] {dagbag.py:500} INFO - Filling up the DagBag from /home/airflow/.local/lib/python3.6/site-packages/airflow/example_dags/tutorial.py
[2025-05-31 11:30:16,364] {processor.py:654} INFO - DAG(s) dict_keys(['tutorial']) retrieved from /home/airflow/.local/lib/python3.6/site-packages/airflow/example_dags/tutorial.py
[2025-05-31 11:30:16,379] {logging_mixin.py:109} INFO - [2025-05-31 11:30:16,379] {dag.py:2396} INFO - Sync 1 DAGs
[2025-05-31 11:30:16,401] {logging_mixin.py:109} INFO - [2025-05-31 11:30:16,401] {dag.py:2935} INFO - Setting next_dagrun for tutorial to 2025-05-30T11:30:16.401000+00:00
[2025-05-31 11:30:16,413] {processor.py:171} INFO - Processing /home/airflow/.local/lib/python3.6/site-packages/airflow/example_dags/tutorial.py took 0.102 seconds
[2025-05-31 11:30:46,609] {processor.py:163} INFO - Started process (PID=16419) to work on /home/airflow/.local/lib/python3.6/site-packages/airflow/example_dags/tutorial.py
[2025-05-31 11:30:46,610] {processor.py:642} INFO - Processing file /home/airflow/.local/lib/python3.6/site-packages/airflow/example_dags/tutorial.py for tasks to queue
[2025-05-31 11:30:46,611] {logging_mixin.py:109} INFO - [2025-05-31 11:30:46,611] {dagbag.py:500} INFO - Filling up the DagBag from /home/airflow/.local/lib/python3.6/site-packages/airflow/example_dags/tutorial.py
[2025-05-31 11:30:46,648] {processor.py:654} INFO - DAG(s) dict_keys(['tutorial']) retrieved from /home/airflow/.local/lib/python3.6/site-packages/airflow/example_dags/tutorial.py
[2025-05-31 11:30:46,663] {logging_mixin.py:109} INFO - [2025-05-31 11:30:46,663] {dag.py:2396} INFO - Sync 1 DAGs
[2025-05-31 11:30:46,689] {logging_mixin.py:109} INFO - [2025-05-31 11:30:46,689] {dag.py:2935} INFO - Setting next_dagrun for tutorial to 2025-05-30T11:30:46.688925+00:00
[2025-05-31 11:30:46,703] {processor.py:171} INFO - Processing /home/airflow/.local/lib/python3.6/site-packages/airflow/example_dags/tutorial.py took 0.100 seconds
[2025-05-31 11:31:17,898] {processor.py:163} INFO - Started process (PID=16606) to work on /home/airflow/.local/lib/python3.6/site-packages/airflow/example_dags/tutorial.py
[2025-05-31 11:31:17,899] {processor.py:642} INFO - Processing file /home/airflow/.local/lib/python3.6/site-packages/airflow/example_dags/tutorial.py for tasks to queue
[2025-05-31 11:31:17,900] {logging_mixin.py:109} INFO - [2025-05-31 11:31:17,900] {dagbag.py:500} INFO - Filling up the DagBag from /home/airflow/.local/lib/python3.6/site-packages/airflow/example_dags/tutorial.py
[2025-05-31 11:31:17,932] {processor.py:654} INFO - DAG(s) dict_keys(['tutorial']) retrieved from /home/airflow/.local/lib/python3.6/site-packages/airflow/example_dags/tutorial.py
[2025-05-31 11:31:17,945] {logging_mixin.py:109} INFO - [2025-05-31 11:31:17,945] {dag.py:2396} INFO - Sync 1 DAGs
[2025-05-31 11:31:17,966] {logging_mixin.py:109} INFO - [2025-05-31 11:31:17,966] {dag.py:2935} INFO - Setting next_dagrun for tutorial to 2025-05-30T11:31:17.966046+00:00
[2025-05-31 11:31:17,977] {processor.py:171} INFO - Processing /home/airflow/.local/lib/python3.6/site-packages/airflow/example_dags/tutorial.py took 0.084 seconds
[2025-05-31 11:31:48,901] {processor.py:163} INFO - Started process (PID=16799) to work on /home/airflow/.local/lib/python3.6/site-packages/airflow/example_dags/tutorial.py
[2025-05-31 11:31:48,903] {processor.py:642} INFO - Processing file /home/airflow/.local/lib/python3.6/site-packages/airflow/example_dags/tutorial.py for tasks to queue
[2025-05-31 11:31:48,904] {logging_mixin.py:109} INFO - [2025-05-31 11:31:48,904] {dagbag.py:500} INFO - Filling up the DagBag from /home/airflow/.local/lib/python3.6/site-packages/airflow/example_dags/tutorial.py
[2025-05-31 11:31:48,946] {processor.py:654} INFO - DAG(s) dict_keys(['tutorial']) retrieved from /home/airflow/.local/lib/python3.6/site-packages/airflow/example_dags/tutorial.py
[2025-05-31 11:31:48,965] {logging_mixin.py:109} INFO - [2025-05-31 11:31:48,964] {dag.py:2396} INFO - Sync 1 DAGs
[2025-05-31 11:31:48,993] {logging_mixin.py:109} INFO - [2025-05-31 11:31:48,993] {dag.py:2935} INFO - Setting next_dagrun for tutorial to 2025-05-30T11:31:48.992721+00:00
[2025-05-31 11:31:49,006] {processor.py:171} INFO - Processing /home/airflow/.local/lib/python3.6/site-packages/airflow/example_dags/tutorial.py took 0.112 seconds
[2025-05-31 11:32:19,925] {processor.py:163} INFO - Started process (PID=16986) to work on /home/airflow/.local/lib/python3.6/site-packages/airflow/example_dags/tutorial.py
[2025-05-31 11:32:19,926] {processor.py:642} INFO - Processing file /home/airflow/.local/lib/python3.6/site-packages/airflow/example_dags/tutorial.py for tasks to queue
[2025-05-31 11:32:19,927] {logging_mixin.py:109} INFO - [2025-05-31 11:32:19,927] {dagbag.py:500} INFO - Filling up the DagBag from /home/airflow/.local/lib/python3.6/site-packages/airflow/example_dags/tutorial.py
[2025-05-31 11:32:19,958] {processor.py:654} INFO - DAG(s) dict_keys(['tutorial']) retrieved from /home/airflow/.local/lib/python3.6/site-packages/airflow/example_dags/tutorial.py
[2025-05-31 11:32:19,971] {logging_mixin.py:109} INFO - [2025-05-31 11:32:19,971] {dag.py:2396} INFO - Sync 1 DAGs
[2025-05-31 11:32:19,992] {logging_mixin.py:109} INFO - [2025-05-31 11:32:19,992] {dag.py:2935} INFO - Setting next_dagrun for tutorial to 2025-05-30T11:32:19.991854+00:00
[2025-05-31 11:32:20,003] {processor.py:171} INFO - Processing /home/airflow/.local/lib/python3.6/site-packages/airflow/example_dags/tutorial.py took 0.082 seconds
[2025-05-31 11:32:50,850] {processor.py:163} INFO - Started process (PID=17179) to work on /home/airflow/.local/lib/python3.6/site-packages/airflow/example_dags/tutorial.py
[2025-05-31 11:32:50,851] {processor.py:642} INFO - Processing file /home/airflow/.local/lib/python3.6/site-packages/airflow/example_dags/tutorial.py for tasks to queue
[2025-05-31 11:32:50,852] {logging_mixin.py:109} INFO - [2025-05-31 11:32:50,852] {dagbag.py:500} INFO - Filling up the DagBag from /home/airflow/.local/lib/python3.6/site-packages/airflow/example_dags/tutorial.py
[2025-05-31 11:32:50,896] {processor.py:654} INFO - DAG(s) dict_keys(['tutorial']) retrieved from /home/airflow/.local/lib/python3.6/site-packages/airflow/example_dags/tutorial.py
[2025-05-31 11:32:50,917] {logging_mixin.py:109} INFO - [2025-05-31 11:32:50,917] {dag.py:2396} INFO - Sync 1 DAGs
[2025-05-31 11:32:50,945] {logging_mixin.py:109} INFO - [2025-05-31 11:32:50,945] {dag.py:2935} INFO - Setting next_dagrun for tutorial to 2025-05-30T11:32:50.945486+00:00
[2025-05-31 11:32:50,960] {processor.py:171} INFO - Processing /home/airflow/.local/lib/python3.6/site-packages/airflow/example_dags/tutorial.py took 0.116 seconds
[2025-05-31 11:33:21,392] {processor.py:163} INFO - Started process (PID=17365) to work on /home/airflow/.local/lib/python3.6/site-packages/airflow/example_dags/tutorial.py
[2025-05-31 11:33:21,394] {processor.py:642} INFO - Processing file /home/airflow/.local/lib/python3.6/site-packages/airflow/example_dags/tutorial.py for tasks to queue
[2025-05-31 11:33:21,395] {logging_mixin.py:109} INFO - [2025-05-31 11:33:21,395] {dagbag.py:500} INFO - Filling up the DagBag from /home/airflow/.local/lib/python3.6/site-packages/airflow/example_dags/tutorial.py
[2025-05-31 11:33:21,438] {processor.py:654} INFO - DAG(s) dict_keys(['tutorial']) retrieved from /home/airflow/.local/lib/python3.6/site-packages/airflow/example_dags/tutorial.py
[2025-05-31 11:33:21,456] {logging_mixin.py:109} INFO - [2025-05-31 11:33:21,456] {dag.py:2396} INFO - Sync 1 DAGs
[2025-05-31 11:33:21,482] {logging_mixin.py:109} INFO - [2025-05-31 11:33:21,482] {dag.py:2935} INFO - Setting next_dagrun for tutorial to 2025-05-30T11:33:21.481809+00:00
[2025-05-31 11:33:21,495] {processor.py:171} INFO - Processing /home/airflow/.local/lib/python3.6/site-packages/airflow/example_dags/tutorial.py took 0.108 seconds
[2025-05-31 11:33:51,636] {processor.py:163} INFO - Started process (PID=17548) to work on /home/airflow/.local/lib/python3.6/site-packages/airflow/example_dags/tutorial.py
[2025-05-31 11:33:51,638] {processor.py:642} INFO - Processing file /home/airflow/.local/lib/python3.6/site-packages/airflow/example_dags/tutorial.py for tasks to queue
[2025-05-31 11:33:51,639] {logging_mixin.py:109} INFO - [2025-05-31 11:33:51,639] {dagbag.py:500} INFO - Filling up the DagBag from /home/airflow/.local/lib/python3.6/site-packages/airflow/example_dags/tutorial.py
[2025-05-31 11:33:51,670] {processor.py:654} INFO - DAG(s) dict_keys(['tutorial']) retrieved from /home/airflow/.local/lib/python3.6/site-packages/airflow/example_dags/tutorial.py
[2025-05-31 11:33:51,684] {logging_mixin.py:109} INFO - [2025-05-31 11:33:51,684] {dag.py:2396} INFO - Sync 1 DAGs
[2025-05-31 11:33:51,711] {logging_mixin.py:109} INFO - [2025-05-31 11:33:51,711] {dag.py:2935} INFO - Setting next_dagrun for tutorial to 2025-05-30T11:33:51.711070+00:00
[2025-05-31 11:33:51,725] {processor.py:171} INFO - Processing /home/airflow/.local/lib/python3.6/site-packages/airflow/example_dags/tutorial.py took 0.093 seconds
[2025-05-31 11:34:21,853] {processor.py:163} INFO - Started process (PID=17738) to work on /home/airflow/.local/lib/python3.6/site-packages/airflow/example_dags/tutorial.py
[2025-05-31 11:34:21,860] {processor.py:642} INFO - Processing file /home/airflow/.local/lib/python3.6/site-packages/airflow/example_dags/tutorial.py for tasks to queue
[2025-05-31 11:34:21,866] {logging_mixin.py:109} INFO - [2025-05-31 11:34:21,866] {dagbag.py:500} INFO - Filling up the DagBag from /home/airflow/.local/lib/python3.6/site-packages/airflow/example_dags/tutorial.py
[2025-05-31 11:34:21,972] {processor.py:654} INFO - DAG(s) dict_keys(['tutorial']) retrieved from /home/airflow/.local/lib/python3.6/site-packages/airflow/example_dags/tutorial.py
[2025-05-31 11:34:22,021] {logging_mixin.py:109} INFO - [2025-05-31 11:34:22,020] {dag.py:2396} INFO - Sync 1 DAGs
[2025-05-31 11:34:22,071] {logging_mixin.py:109} INFO - [2025-05-31 11:34:22,071] {dag.py:2935} INFO - Setting next_dagrun for tutorial to 2025-05-30T11:34:22.071024+00:00
[2025-05-31 11:34:22,098] {processor.py:171} INFO - Processing /home/airflow/.local/lib/python3.6/site-packages/airflow/example_dags/tutorial.py took 0.251 seconds
[2025-05-31 11:34:52,612] {processor.py:163} INFO - Started process (PID=17920) to work on /home/airflow/.local/lib/python3.6/site-packages/airflow/example_dags/tutorial.py
[2025-05-31 11:34:52,614] {processor.py:642} INFO - Processing file /home/airflow/.local/lib/python3.6/site-packages/airflow/example_dags/tutorial.py for tasks to queue
[2025-05-31 11:34:52,615] {logging_mixin.py:109} INFO - [2025-05-31 11:34:52,615] {dagbag.py:500} INFO - Filling up the DagBag from /home/airflow/.local/lib/python3.6/site-packages/airflow/example_dags/tutorial.py
[2025-05-31 11:34:52,654] {processor.py:654} INFO - DAG(s) dict_keys(['tutorial']) retrieved from /home/airflow/.local/lib/python3.6/site-packages/airflow/example_dags/tutorial.py
[2025-05-31 11:34:52,671] {logging_mixin.py:109} INFO - [2025-05-31 11:34:52,671] {dag.py:2396} INFO - Sync 1 DAGs
[2025-05-31 11:34:52,697] {logging_mixin.py:109} INFO - [2025-05-31 11:34:52,697] {dag.py:2935} INFO - Setting next_dagrun for tutorial to 2025-05-30T11:34:52.697447+00:00
[2025-05-31 11:34:52,710] {processor.py:171} INFO - Processing /home/airflow/.local/lib/python3.6/site-packages/airflow/example_dags/tutorial.py took 0.102 seconds
[2025-05-31 11:35:22,769] {processor.py:163} INFO - Started process (PID=18105) to work on /home/airflow/.local/lib/python3.6/site-packages/airflow/example_dags/tutorial.py
[2025-05-31 11:35:22,770] {processor.py:642} INFO - Processing file /home/airflow/.local/lib/python3.6/site-packages/airflow/example_dags/tutorial.py for tasks to queue
[2025-05-31 11:35:22,771] {logging_mixin.py:109} INFO - [2025-05-31 11:35:22,771] {dagbag.py:500} INFO - Filling up the DagBag from /home/airflow/.local/lib/python3.6/site-packages/airflow/example_dags/tutorial.py
[2025-05-31 11:35:22,802] {processor.py:654} INFO - DAG(s) dict_keys(['tutorial']) retrieved from /home/airflow/.local/lib/python3.6/site-packages/airflow/example_dags/tutorial.py
[2025-05-31 11:35:22,815] {logging_mixin.py:109} INFO - [2025-05-31 11:35:22,815] {dag.py:2396} INFO - Sync 1 DAGs
[2025-05-31 11:35:22,834] {logging_mixin.py:109} INFO - [2025-05-31 11:35:22,834] {dag.py:2935} INFO - Setting next_dagrun for tutorial to 2025-05-30T11:35:22.834086+00:00
[2025-05-31 11:35:22,845] {processor.py:171} INFO - Processing /home/airflow/.local/lib/python3.6/site-packages/airflow/example_dags/tutorial.py took 0.079 seconds
[2025-05-31 11:35:53,535] {processor.py:163} INFO - Started process (PID=18300) to work on /home/airflow/.local/lib/python3.6/site-packages/airflow/example_dags/tutorial.py
[2025-05-31 11:35:53,537] {processor.py:642} INFO - Processing file /home/airflow/.local/lib/python3.6/site-packages/airflow/example_dags/tutorial.py for tasks to queue
[2025-05-31 11:35:53,538] {logging_mixin.py:109} INFO - [2025-05-31 11:35:53,538] {dagbag.py:500} INFO - Filling up the DagBag from /home/airflow/.local/lib/python3.6/site-packages/airflow/example_dags/tutorial.py
[2025-05-31 11:35:53,577] {processor.py:654} INFO - DAG(s) dict_keys(['tutorial']) retrieved from /home/airflow/.local/lib/python3.6/site-packages/airflow/example_dags/tutorial.py
[2025-05-31 11:35:53,589] {logging_mixin.py:109} INFO - [2025-05-31 11:35:53,589] {dag.py:2396} INFO - Sync 1 DAGs
[2025-05-31 11:35:53,614] {logging_mixin.py:109} INFO - [2025-05-31 11:35:53,614] {dag.py:2935} INFO - Setting next_dagrun for tutorial to 2025-05-30T11:35:53.614455+00:00
[2025-05-31 11:35:53,627] {processor.py:171} INFO - Processing /home/airflow/.local/lib/python3.6/site-packages/airflow/example_dags/tutorial.py took 0.096 seconds
[2025-05-31 11:36:23,931] {processor.py:163} INFO - Started process (PID=18485) to work on /home/airflow/.local/lib/python3.6/site-packages/airflow/example_dags/tutorial.py
[2025-05-31 11:36:23,933] {processor.py:642} INFO - Processing file /home/airflow/.local/lib/python3.6/site-packages/airflow/example_dags/tutorial.py for tasks to queue
[2025-05-31 11:36:23,934] {logging_mixin.py:109} INFO - [2025-05-31 11:36:23,934] {dagbag.py:500} INFO - Filling up the DagBag from /home/airflow/.local/lib/python3.6/site-packages/airflow/example_dags/tutorial.py
[2025-05-31 11:36:23,970] {processor.py:654} INFO - DAG(s) dict_keys(['tutorial']) retrieved from /home/airflow/.local/lib/python3.6/site-packages/airflow/example_dags/tutorial.py
[2025-05-31 11:36:23,982] {logging_mixin.py:109} INFO - [2025-05-31 11:36:23,982] {dag.py:2396} INFO - Sync 1 DAGs
[2025-05-31 11:36:24,001] {logging_mixin.py:109} INFO - [2025-05-31 11:36:24,001] {dag.py:2935} INFO - Setting next_dagrun for tutorial to 2025-05-30T11:36:24.000750+00:00
[2025-05-31 11:36:24,012] {processor.py:171} INFO - Processing /home/airflow/.local/lib/python3.6/site-packages/airflow/example_dags/tutorial.py took 0.084 seconds
[2025-05-31 11:36:54,318] {processor.py:163} INFO - Started process (PID=18670) to work on /home/airflow/.local/lib/python3.6/site-packages/airflow/example_dags/tutorial.py
[2025-05-31 11:36:54,319] {processor.py:642} INFO - Processing file /home/airflow/.local/lib/python3.6/site-packages/airflow/example_dags/tutorial.py for tasks to queue
[2025-05-31 11:36:54,320] {logging_mixin.py:109} INFO - [2025-05-31 11:36:54,320] {dagbag.py:500} INFO - Filling up the DagBag from /home/airflow/.local/lib/python3.6/site-packages/airflow/example_dags/tutorial.py
[2025-05-31 11:36:54,349] {processor.py:654} INFO - DAG(s) dict_keys(['tutorial']) retrieved from /home/airflow/.local/lib/python3.6/site-packages/airflow/example_dags/tutorial.py
[2025-05-31 11:36:54,361] {logging_mixin.py:109} INFO - [2025-05-31 11:36:54,361] {dag.py:2396} INFO - Sync 1 DAGs
[2025-05-31 11:36:54,379] {logging_mixin.py:109} INFO - [2025-05-31 11:36:54,379] {dag.py:2935} INFO - Setting next_dagrun for tutorial to 2025-05-30T11:36:54.379018+00:00
[2025-05-31 11:36:54,390] {processor.py:171} INFO - Processing /home/airflow/.local/lib/python3.6/site-packages/airflow/example_dags/tutorial.py took 0.076 seconds
[2025-05-31 11:37:24,699] {processor.py:163} INFO - Started process (PID=18865) to work on /home/airflow/.local/lib/python3.6/site-packages/airflow/example_dags/tutorial.py
[2025-05-31 11:37:24,701] {processor.py:642} INFO - Processing file /home/airflow/.local/lib/python3.6/site-packages/airflow/example_dags/tutorial.py for tasks to queue
[2025-05-31 11:37:24,702] {logging_mixin.py:109} INFO - [2025-05-31 11:37:24,702] {dagbag.py:500} INFO - Filling up the DagBag from /home/airflow/.local/lib/python3.6/site-packages/airflow/example_dags/tutorial.py
[2025-05-31 11:37:24,739] {processor.py:654} INFO - DAG(s) dict_keys(['tutorial']) retrieved from /home/airflow/.local/lib/python3.6/site-packages/airflow/example_dags/tutorial.py
[2025-05-31 11:37:24,754] {logging_mixin.py:109} INFO - [2025-05-31 11:37:24,753] {dag.py:2396} INFO - Sync 1 DAGs
[2025-05-31 11:37:24,787] {logging_mixin.py:109} INFO - [2025-05-31 11:37:24,787] {dag.py:2935} INFO - Setting next_dagrun for tutorial to 2025-05-30T11:37:24.786738+00:00
[2025-05-31 11:37:24,799] {processor.py:171} INFO - Processing /home/airflow/.local/lib/python3.6/site-packages/airflow/example_dags/tutorial.py took 0.105 seconds
[2025-05-31 11:37:55,042] {processor.py:163} INFO - Started process (PID=19040) to work on /home/airflow/.local/lib/python3.6/site-packages/airflow/example_dags/tutorial.py
[2025-05-31 11:37:55,044] {processor.py:642} INFO - Processing file /home/airflow/.local/lib/python3.6/site-packages/airflow/example_dags/tutorial.py for tasks to queue
[2025-05-31 11:37:55,045] {logging_mixin.py:109} INFO - [2025-05-31 11:37:55,045] {dagbag.py:500} INFO - Filling up the DagBag from /home/airflow/.local/lib/python3.6/site-packages/airflow/example_dags/tutorial.py
[2025-05-31 11:37:55,089] {processor.py:654} INFO - DAG(s) dict_keys(['tutorial']) retrieved from /home/airflow/.local/lib/python3.6/site-packages/airflow/example_dags/tutorial.py
[2025-05-31 11:37:55,107] {logging_mixin.py:109} INFO - [2025-05-31 11:37:55,107] {dag.py:2396} INFO - Sync 1 DAGs
[2025-05-31 11:37:55,138] {logging_mixin.py:109} INFO - [2025-05-31 11:37:55,137] {dag.py:2935} INFO - Setting next_dagrun for tutorial to 2025-05-30T11:37:55.137554+00:00
[2025-05-31 11:37:55,151] {processor.py:171} INFO - Processing /home/airflow/.local/lib/python3.6/site-packages/airflow/example_dags/tutorial.py took 0.113 seconds
[2025-05-31 11:38:25,723] {processor.py:163} INFO - Started process (PID=19232) to work on /home/airflow/.local/lib/python3.6/site-packages/airflow/example_dags/tutorial.py
[2025-05-31 11:38:25,726] {processor.py:642} INFO - Processing file /home/airflow/.local/lib/python3.6/site-packages/airflow/example_dags/tutorial.py for tasks to queue
[2025-05-31 11:38:25,727] {logging_mixin.py:109} INFO - [2025-05-31 11:38:25,727] {dagbag.py:500} INFO - Filling up the DagBag from /home/airflow/.local/lib/python3.6/site-packages/airflow/example_dags/tutorial.py
[2025-05-31 11:38:25,775] {processor.py:654} INFO - DAG(s) dict_keys(['tutorial']) retrieved from /home/airflow/.local/lib/python3.6/site-packages/airflow/example_dags/tutorial.py
[2025-05-31 11:38:25,794] {logging_mixin.py:109} INFO - [2025-05-31 11:38:25,794] {dag.py:2396} INFO - Sync 1 DAGs
[2025-05-31 11:38:25,819] {logging_mixin.py:109} INFO - [2025-05-31 11:38:25,819] {dag.py:2935} INFO - Setting next_dagrun for tutorial to 2025-05-30T11:38:25.819484+00:00
[2025-05-31 11:38:25,834] {processor.py:171} INFO - Processing /home/airflow/.local/lib/python3.6/site-packages/airflow/example_dags/tutorial.py took 0.119 seconds
[2025-05-31 11:38:56,581] {processor.py:163} INFO - Started process (PID=19420) to work on /home/airflow/.local/lib/python3.6/site-packages/airflow/example_dags/tutorial.py
[2025-05-31 11:38:56,582] {processor.py:642} INFO - Processing file /home/airflow/.local/lib/python3.6/site-packages/airflow/example_dags/tutorial.py for tasks to queue
[2025-05-31 11:38:56,583] {logging_mixin.py:109} INFO - [2025-05-31 11:38:56,583] {dagbag.py:500} INFO - Filling up the DagBag from /home/airflow/.local/lib/python3.6/site-packages/airflow/example_dags/tutorial.py
[2025-05-31 11:38:56,624] {processor.py:654} INFO - DAG(s) dict_keys(['tutorial']) retrieved from /home/airflow/.local/lib/python3.6/site-packages/airflow/example_dags/tutorial.py
[2025-05-31 11:38:56,642] {logging_mixin.py:109} INFO - [2025-05-31 11:38:56,641] {dag.py:2396} INFO - Sync 1 DAGs
[2025-05-31 11:38:56,664] {logging_mixin.py:109} INFO - [2025-05-31 11:38:56,664] {dag.py:2935} INFO - Setting next_dagrun for tutorial to 2025-05-30T11:38:56.664425+00:00
[2025-05-31 11:38:56,679] {processor.py:171} INFO - Processing /home/airflow/.local/lib/python3.6/site-packages/airflow/example_dags/tutorial.py took 0.102 seconds
[2025-05-31 11:39:26,955] {processor.py:163} INFO - Started process (PID=19605) to work on /home/airflow/.local/lib/python3.6/site-packages/airflow/example_dags/tutorial.py
[2025-05-31 11:39:26,956] {processor.py:642} INFO - Processing file /home/airflow/.local/lib/python3.6/site-packages/airflow/example_dags/tutorial.py for tasks to queue
[2025-05-31 11:39:26,957] {logging_mixin.py:109} INFO - [2025-05-31 11:39:26,957] {dagbag.py:500} INFO - Filling up the DagBag from /home/airflow/.local/lib/python3.6/site-packages/airflow/example_dags/tutorial.py
[2025-05-31 11:39:26,996] {processor.py:654} INFO - DAG(s) dict_keys(['tutorial']) retrieved from /home/airflow/.local/lib/python3.6/site-packages/airflow/example_dags/tutorial.py
[2025-05-31 11:39:27,010] {logging_mixin.py:109} INFO - [2025-05-31 11:39:27,010] {dag.py:2396} INFO - Sync 1 DAGs
[2025-05-31 11:39:27,032] {logging_mixin.py:109} INFO - [2025-05-31 11:39:27,032] {dag.py:2935} INFO - Setting next_dagrun for tutorial to 2025-05-30T11:39:27.031973+00:00
[2025-05-31 11:39:27,045] {processor.py:171} INFO - Processing /home/airflow/.local/lib/python3.6/site-packages/airflow/example_dags/tutorial.py took 0.094 seconds
[2025-05-31 11:39:57,579] {processor.py:163} INFO - Started process (PID=19797) to work on /home/airflow/.local/lib/python3.6/site-packages/airflow/example_dags/tutorial.py
[2025-05-31 11:39:57,580] {processor.py:642} INFO - Processing file /home/airflow/.local/lib/python3.6/site-packages/airflow/example_dags/tutorial.py for tasks to queue
[2025-05-31 11:39:57,581] {logging_mixin.py:109} INFO - [2025-05-31 11:39:57,581] {dagbag.py:500} INFO - Filling up the DagBag from /home/airflow/.local/lib/python3.6/site-packages/airflow/example_dags/tutorial.py
[2025-05-31 11:39:57,624] {processor.py:654} INFO - DAG(s) dict_keys(['tutorial']) retrieved from /home/airflow/.local/lib/python3.6/site-packages/airflow/example_dags/tutorial.py
[2025-05-31 11:39:57,640] {logging_mixin.py:109} INFO - [2025-05-31 11:39:57,640] {dag.py:2396} INFO - Sync 1 DAGs
[2025-05-31 11:39:57,667] {logging_mixin.py:109} INFO - [2025-05-31 11:39:57,667] {dag.py:2935} INFO - Setting next_dagrun for tutorial to 2025-05-30T11:39:57.667056+00:00
[2025-05-31 11:39:57,682] {processor.py:171} INFO - Processing /home/airflow/.local/lib/python3.6/site-packages/airflow/example_dags/tutorial.py took 0.108 seconds
[2025-05-31 11:40:28,639] {processor.py:163} INFO - Started process (PID=19982) to work on /home/airflow/.local/lib/python3.6/site-packages/airflow/example_dags/tutorial.py
[2025-05-31 11:40:28,642] {processor.py:642} INFO - Processing file /home/airflow/.local/lib/python3.6/site-packages/airflow/example_dags/tutorial.py for tasks to queue
[2025-05-31 11:40:28,643] {logging_mixin.py:109} INFO - [2025-05-31 11:40:28,643] {dagbag.py:500} INFO - Filling up the DagBag from /home/airflow/.local/lib/python3.6/site-packages/airflow/example_dags/tutorial.py
[2025-05-31 11:40:28,688] {processor.py:654} INFO - DAG(s) dict_keys(['tutorial']) retrieved from /home/airflow/.local/lib/python3.6/site-packages/airflow/example_dags/tutorial.py
[2025-05-31 11:40:28,705] {logging_mixin.py:109} INFO - [2025-05-31 11:40:28,705] {dag.py:2396} INFO - Sync 1 DAGs
[2025-05-31 11:40:28,728] {logging_mixin.py:109} INFO - [2025-05-31 11:40:28,728] {dag.py:2935} INFO - Setting next_dagrun for tutorial to 2025-05-30T11:40:28.728307+00:00
[2025-05-31 11:40:28,741] {processor.py:171} INFO - Processing /home/airflow/.local/lib/python3.6/site-packages/airflow/example_dags/tutorial.py took 0.107 seconds
[2025-05-31 11:40:59,891] {processor.py:163} INFO - Started process (PID=20177) to work on /home/airflow/.local/lib/python3.6/site-packages/airflow/example_dags/tutorial.py
[2025-05-31 11:40:59,893] {processor.py:642} INFO - Processing file /home/airflow/.local/lib/python3.6/site-packages/airflow/example_dags/tutorial.py for tasks to queue
[2025-05-31 11:40:59,895] {logging_mixin.py:109} INFO - [2025-05-31 11:40:59,894] {dagbag.py:500} INFO - Filling up the DagBag from /home/airflow/.local/lib/python3.6/site-packages/airflow/example_dags/tutorial.py
[2025-05-31 11:40:59,945] {processor.py:654} INFO - DAG(s) dict_keys(['tutorial']) retrieved from /home/airflow/.local/lib/python3.6/site-packages/airflow/example_dags/tutorial.py
[2025-05-31 11:40:59,967] {logging_mixin.py:109} INFO - [2025-05-31 11:40:59,967] {dag.py:2396} INFO - Sync 1 DAGs
[2025-05-31 11:40:59,999] {logging_mixin.py:109} INFO - [2025-05-31 11:40:59,999] {dag.py:2935} INFO - Setting next_dagrun for tutorial to 2025-05-30T11:40:59.998966+00:00
[2025-05-31 11:41:00,017] {processor.py:171} INFO - Processing /home/airflow/.local/lib/python3.6/site-packages/airflow/example_dags/tutorial.py took 0.131 seconds
[2025-05-31 11:41:30,954] {processor.py:163} INFO - Started process (PID=20361) to work on /home/airflow/.local/lib/python3.6/site-packages/airflow/example_dags/tutorial.py
[2025-05-31 11:41:30,956] {processor.py:642} INFO - Processing file /home/airflow/.local/lib/python3.6/site-packages/airflow/example_dags/tutorial.py for tasks to queue
[2025-05-31 11:41:30,957] {logging_mixin.py:109} INFO - [2025-05-31 11:41:30,957] {dagbag.py:500} INFO - Filling up the DagBag from /home/airflow/.local/lib/python3.6/site-packages/airflow/example_dags/tutorial.py
[2025-05-31 11:41:30,998] {processor.py:654} INFO - DAG(s) dict_keys(['tutorial']) retrieved from /home/airflow/.local/lib/python3.6/site-packages/airflow/example_dags/tutorial.py
[2025-05-31 11:41:31,013] {logging_mixin.py:109} INFO - [2025-05-31 11:41:31,013] {dag.py:2396} INFO - Sync 1 DAGs
[2025-05-31 11:41:31,039] {logging_mixin.py:109} INFO - [2025-05-31 11:41:31,039] {dag.py:2935} INFO - Setting next_dagrun for tutorial to 2025-05-30T11:41:31.038851+00:00
[2025-05-31 11:41:31,054] {processor.py:171} INFO - Processing /home/airflow/.local/lib/python3.6/site-packages/airflow/example_dags/tutorial.py took 0.104 seconds
[2025-05-31 11:42:01,986] {processor.py:163} INFO - Started process (PID=20547) to work on /home/airflow/.local/lib/python3.6/site-packages/airflow/example_dags/tutorial.py
[2025-05-31 11:42:01,988] {processor.py:642} INFO - Processing file /home/airflow/.local/lib/python3.6/site-packages/airflow/example_dags/tutorial.py for tasks to queue
[2025-05-31 11:42:01,989] {logging_mixin.py:109} INFO - [2025-05-31 11:42:01,988] {dagbag.py:500} INFO - Filling up the DagBag from /home/airflow/.local/lib/python3.6/site-packages/airflow/example_dags/tutorial.py
[2025-05-31 11:42:02,026] {processor.py:654} INFO - DAG(s) dict_keys(['tutorial']) retrieved from /home/airflow/.local/lib/python3.6/site-packages/airflow/example_dags/tutorial.py
[2025-05-31 11:42:02,041] {logging_mixin.py:109} INFO - [2025-05-31 11:42:02,041] {dag.py:2396} INFO - Sync 1 DAGs
[2025-05-31 11:42:02,063] {logging_mixin.py:109} INFO - [2025-05-31 11:42:02,063] {dag.py:2935} INFO - Setting next_dagrun for tutorial to 2025-05-30T11:42:02.062901+00:00
[2025-05-31 11:42:02,075] {processor.py:171} INFO - Processing /home/airflow/.local/lib/python3.6/site-packages/airflow/example_dags/tutorial.py took 0.095 seconds
[2025-05-31 11:42:32,560] {processor.py:163} INFO - Started process (PID=20742) to work on /home/airflow/.local/lib/python3.6/site-packages/airflow/example_dags/tutorial.py
[2025-05-31 11:42:32,562] {processor.py:642} INFO - Processing file /home/airflow/.local/lib/python3.6/site-packages/airflow/example_dags/tutorial.py for tasks to queue
[2025-05-31 11:42:32,563] {logging_mixin.py:109} INFO - [2025-05-31 11:42:32,563] {dagbag.py:500} INFO - Filling up the DagBag from /home/airflow/.local/lib/python3.6/site-packages/airflow/example_dags/tutorial.py
[2025-05-31 11:42:32,604] {processor.py:654} INFO - DAG(s) dict_keys(['tutorial']) retrieved from /home/airflow/.local/lib/python3.6/site-packages/airflow/example_dags/tutorial.py
[2025-05-31 11:42:32,620] {logging_mixin.py:109} INFO - [2025-05-31 11:42:32,620] {dag.py:2396} INFO - Sync 1 DAGs
[2025-05-31 11:42:32,643] {logging_mixin.py:109} INFO - [2025-05-31 11:42:32,643] {dag.py:2935} INFO - Setting next_dagrun for tutorial to 2025-05-30T11:42:32.643077+00:00
[2025-05-31 11:42:32,656] {processor.py:171} INFO - Processing /home/airflow/.local/lib/python3.6/site-packages/airflow/example_dags/tutorial.py took 0.102 seconds
[2025-05-31 11:43:03,805] {processor.py:163} INFO - Started process (PID=20927) to work on /home/airflow/.local/lib/python3.6/site-packages/airflow/example_dags/tutorial.py
[2025-05-31 11:43:03,807] {processor.py:642} INFO - Processing file /home/airflow/.local/lib/python3.6/site-packages/airflow/example_dags/tutorial.py for tasks to queue
[2025-05-31 11:43:03,808] {logging_mixin.py:109} INFO - [2025-05-31 11:43:03,808] {dagbag.py:500} INFO - Filling up the DagBag from /home/airflow/.local/lib/python3.6/site-packages/airflow/example_dags/tutorial.py
[2025-05-31 11:43:03,845] {processor.py:654} INFO - DAG(s) dict_keys(['tutorial']) retrieved from /home/airflow/.local/lib/python3.6/site-packages/airflow/example_dags/tutorial.py
[2025-05-31 11:43:03,859] {logging_mixin.py:109} INFO - [2025-05-31 11:43:03,859] {dag.py:2396} INFO - Sync 1 DAGs
[2025-05-31 11:43:03,882] {logging_mixin.py:109} INFO - [2025-05-31 11:43:03,882] {dag.py:2935} INFO - Setting next_dagrun for tutorial to 2025-05-30T11:43:03.882269+00:00
[2025-05-31 11:43:03,895] {processor.py:171} INFO - Processing /home/airflow/.local/lib/python3.6/site-packages/airflow/example_dags/tutorial.py took 0.095 seconds
[2025-05-31 11:43:34,543] {processor.py:163} INFO - Started process (PID=21124) to work on /home/airflow/.local/lib/python3.6/site-packages/airflow/example_dags/tutorial.py
[2025-05-31 11:43:34,545] {processor.py:642} INFO - Processing file /home/airflow/.local/lib/python3.6/site-packages/airflow/example_dags/tutorial.py for tasks to queue
[2025-05-31 11:43:34,547] {logging_mixin.py:109} INFO - [2025-05-31 11:43:34,547] {dagbag.py:500} INFO - Filling up the DagBag from /home/airflow/.local/lib/python3.6/site-packages/airflow/example_dags/tutorial.py
[2025-05-31 11:43:34,585] {processor.py:654} INFO - DAG(s) dict_keys(['tutorial']) retrieved from /home/airflow/.local/lib/python3.6/site-packages/airflow/example_dags/tutorial.py
[2025-05-31 11:43:34,599] {logging_mixin.py:109} INFO - [2025-05-31 11:43:34,599] {dag.py:2396} INFO - Sync 1 DAGs
[2025-05-31 11:43:34,628] {logging_mixin.py:109} INFO - [2025-05-31 11:43:34,628] {dag.py:2935} INFO - Setting next_dagrun for tutorial to 2025-05-30T11:43:34.628022+00:00
[2025-05-31 11:43:34,642] {processor.py:171} INFO - Processing /home/airflow/.local/lib/python3.6/site-packages/airflow/example_dags/tutorial.py took 0.105 seconds
[2025-05-31 11:44:05,096] {processor.py:163} INFO - Started process (PID=21307) to work on /home/airflow/.local/lib/python3.6/site-packages/airflow/example_dags/tutorial.py
[2025-05-31 11:44:05,097] {processor.py:642} INFO - Processing file /home/airflow/.local/lib/python3.6/site-packages/airflow/example_dags/tutorial.py for tasks to queue
[2025-05-31 11:44:05,098] {logging_mixin.py:109} INFO - [2025-05-31 11:44:05,098] {dagbag.py:500} INFO - Filling up the DagBag from /home/airflow/.local/lib/python3.6/site-packages/airflow/example_dags/tutorial.py
[2025-05-31 11:44:05,135] {processor.py:654} INFO - DAG(s) dict_keys(['tutorial']) retrieved from /home/airflow/.local/lib/python3.6/site-packages/airflow/example_dags/tutorial.py
[2025-05-31 11:44:05,150] {logging_mixin.py:109} INFO - [2025-05-31 11:44:05,150] {dag.py:2396} INFO - Sync 1 DAGs
[2025-05-31 11:44:05,175] {logging_mixin.py:109} INFO - [2025-05-31 11:44:05,175] {dag.py:2935} INFO - Setting next_dagrun for tutorial to 2025-05-30T11:44:05.174712+00:00
[2025-05-31 11:44:05,188] {processor.py:171} INFO - Processing /home/airflow/.local/lib/python3.6/site-packages/airflow/example_dags/tutorial.py took 0.097 seconds
[2025-05-31 11:44:35,997] {processor.py:163} INFO - Started process (PID=21503) to work on /home/airflow/.local/lib/python3.6/site-packages/airflow/example_dags/tutorial.py
[2025-05-31 11:44:35,999] {processor.py:642} INFO - Processing file /home/airflow/.local/lib/python3.6/site-packages/airflow/example_dags/tutorial.py for tasks to queue
[2025-05-31 11:44:36,000] {logging_mixin.py:109} INFO - [2025-05-31 11:44:36,000] {dagbag.py:500} INFO - Filling up the DagBag from /home/airflow/.local/lib/python3.6/site-packages/airflow/example_dags/tutorial.py
[2025-05-31 11:44:36,042] {processor.py:654} INFO - DAG(s) dict_keys(['tutorial']) retrieved from /home/airflow/.local/lib/python3.6/site-packages/airflow/example_dags/tutorial.py
[2025-05-31 11:44:36,057] {logging_mixin.py:109} INFO - [2025-05-31 11:44:36,057] {dag.py:2396} INFO - Sync 1 DAGs
[2025-05-31 11:44:36,082] {logging_mixin.py:109} INFO - [2025-05-31 11:44:36,082] {dag.py:2935} INFO - Setting next_dagrun for tutorial to 2025-05-30T11:44:36.082102+00:00
[2025-05-31 11:44:36,095] {processor.py:171} INFO - Processing /home/airflow/.local/lib/python3.6/site-packages/airflow/example_dags/tutorial.py took 0.103 seconds
[2025-05-31 11:45:06,765] {processor.py:163} INFO - Started process (PID=21688) to work on /home/airflow/.local/lib/python3.6/site-packages/airflow/example_dags/tutorial.py
[2025-05-31 11:45:06,767] {processor.py:642} INFO - Processing file /home/airflow/.local/lib/python3.6/site-packages/airflow/example_dags/tutorial.py for tasks to queue
[2025-05-31 11:45:06,768] {logging_mixin.py:109} INFO - [2025-05-31 11:45:06,768] {dagbag.py:500} INFO - Filling up the DagBag from /home/airflow/.local/lib/python3.6/site-packages/airflow/example_dags/tutorial.py
[2025-05-31 11:45:06,818] {processor.py:654} INFO - DAG(s) dict_keys(['tutorial']) retrieved from /home/airflow/.local/lib/python3.6/site-packages/airflow/example_dags/tutorial.py
[2025-05-31 11:45:06,835] {logging_mixin.py:109} INFO - [2025-05-31 11:45:06,835] {dag.py:2396} INFO - Sync 1 DAGs
[2025-05-31 11:45:06,866] {logging_mixin.py:109} INFO - [2025-05-31 11:45:06,866] {dag.py:2935} INFO - Setting next_dagrun for tutorial to 2025-05-30T11:45:06.865805+00:00
[2025-05-31 11:45:06,880] {processor.py:171} INFO - Processing /home/airflow/.local/lib/python3.6/site-packages/airflow/example_dags/tutorial.py took 0.120 seconds
[2025-05-31 11:45:37,269] {processor.py:163} INFO - Started process (PID=21873) to work on /home/airflow/.local/lib/python3.6/site-packages/airflow/example_dags/tutorial.py
[2025-05-31 11:45:37,272] {processor.py:642} INFO - Processing file /home/airflow/.local/lib/python3.6/site-packages/airflow/example_dags/tutorial.py for tasks to queue
[2025-05-31 11:45:37,274] {logging_mixin.py:109} INFO - [2025-05-31 11:45:37,274] {dagbag.py:500} INFO - Filling up the DagBag from /home/airflow/.local/lib/python3.6/site-packages/airflow/example_dags/tutorial.py
[2025-05-31 11:45:37,324] {processor.py:654} INFO - DAG(s) dict_keys(['tutorial']) retrieved from /home/airflow/.local/lib/python3.6/site-packages/airflow/example_dags/tutorial.py
[2025-05-31 11:45:37,339] {logging_mixin.py:109} INFO - [2025-05-31 11:45:37,339] {dag.py:2396} INFO - Sync 1 DAGs
[2025-05-31 11:45:37,367] {logging_mixin.py:109} INFO - [2025-05-31 11:45:37,367] {dag.py:2935} INFO - Setting next_dagrun for tutorial to 2025-05-30T11:45:37.366769+00:00
[2025-05-31 11:45:37,380] {processor.py:171} INFO - Processing /home/airflow/.local/lib/python3.6/site-packages/airflow/example_dags/tutorial.py took 0.117 seconds
[2025-05-31 11:46:08,294] {processor.py:163} INFO - Started process (PID=22068) to work on /home/airflow/.local/lib/python3.6/site-packages/airflow/example_dags/tutorial.py
[2025-05-31 11:46:08,296] {processor.py:642} INFO - Processing file /home/airflow/.local/lib/python3.6/site-packages/airflow/example_dags/tutorial.py for tasks to queue
[2025-05-31 11:46:08,298] {logging_mixin.py:109} INFO - [2025-05-31 11:46:08,298] {dagbag.py:500} INFO - Filling up the DagBag from /home/airflow/.local/lib/python3.6/site-packages/airflow/example_dags/tutorial.py
[2025-05-31 11:46:08,352] {processor.py:654} INFO - DAG(s) dict_keys(['tutorial']) retrieved from /home/airflow/.local/lib/python3.6/site-packages/airflow/example_dags/tutorial.py
[2025-05-31 11:46:08,373] {logging_mixin.py:109} INFO - [2025-05-31 11:46:08,373] {dag.py:2396} INFO - Sync 1 DAGs
[2025-05-31 11:46:08,418] {logging_mixin.py:109} INFO - [2025-05-31 11:46:08,417] {dag.py:2935} INFO - Setting next_dagrun for tutorial to 2025-05-30T11:46:08.417341+00:00
[2025-05-31 11:46:08,435] {processor.py:171} INFO - Processing /home/airflow/.local/lib/python3.6/site-packages/airflow/example_dags/tutorial.py took 0.147 seconds
[2025-05-31 11:46:39,195] {processor.py:163} INFO - Started process (PID=22252) to work on /home/airflow/.local/lib/python3.6/site-packages/airflow/example_dags/tutorial.py
[2025-05-31 11:46:39,197] {processor.py:642} INFO - Processing file /home/airflow/.local/lib/python3.6/site-packages/airflow/example_dags/tutorial.py for tasks to queue
[2025-05-31 11:46:39,198] {logging_mixin.py:109} INFO - [2025-05-31 11:46:39,198] {dagbag.py:500} INFO - Filling up the DagBag from /home/airflow/.local/lib/python3.6/site-packages/airflow/example_dags/tutorial.py
[2025-05-31 11:46:39,232] {processor.py:654} INFO - DAG(s) dict_keys(['tutorial']) retrieved from /home/airflow/.local/lib/python3.6/site-packages/airflow/example_dags/tutorial.py
[2025-05-31 11:46:39,246] {logging_mixin.py:109} INFO - [2025-05-31 11:46:39,245] {dag.py:2396} INFO - Sync 1 DAGs
[2025-05-31 11:46:39,270] {logging_mixin.py:109} INFO - [2025-05-31 11:46:39,270] {dag.py:2935} INFO - Setting next_dagrun for tutorial to 2025-05-30T11:46:39.269950+00:00
[2025-05-31 11:46:39,283] {processor.py:171} INFO - Processing /home/airflow/.local/lib/python3.6/site-packages/airflow/example_dags/tutorial.py took 0.092 seconds
[2025-05-31 11:47:10,323] {processor.py:163} INFO - Started process (PID=22448) to work on /home/airflow/.local/lib/python3.6/site-packages/airflow/example_dags/tutorial.py
[2025-05-31 11:47:10,325] {processor.py:642} INFO - Processing file /home/airflow/.local/lib/python3.6/site-packages/airflow/example_dags/tutorial.py for tasks to queue
[2025-05-31 11:47:10,326] {logging_mixin.py:109} INFO - [2025-05-31 11:47:10,326] {dagbag.py:500} INFO - Filling up the DagBag from /home/airflow/.local/lib/python3.6/site-packages/airflow/example_dags/tutorial.py
[2025-05-31 11:47:10,367] {processor.py:654} INFO - DAG(s) dict_keys(['tutorial']) retrieved from /home/airflow/.local/lib/python3.6/site-packages/airflow/example_dags/tutorial.py
[2025-05-31 11:47:10,382] {logging_mixin.py:109} INFO - [2025-05-31 11:47:10,382] {dag.py:2396} INFO - Sync 1 DAGs
[2025-05-31 11:47:10,412] {logging_mixin.py:109} INFO - [2025-05-31 11:47:10,412] {dag.py:2935} INFO - Setting next_dagrun for tutorial to 2025-05-30T11:47:10.411856+00:00
[2025-05-31 11:47:10,427] {processor.py:171} INFO - Processing /home/airflow/.local/lib/python3.6/site-packages/airflow/example_dags/tutorial.py took 0.110 seconds
[2025-05-31 11:47:41,480] {processor.py:163} INFO - Started process (PID=22633) to work on /home/airflow/.local/lib/python3.6/site-packages/airflow/example_dags/tutorial.py
[2025-05-31 11:47:41,482] {processor.py:642} INFO - Processing file /home/airflow/.local/lib/python3.6/site-packages/airflow/example_dags/tutorial.py for tasks to queue
[2025-05-31 11:47:41,483] {logging_mixin.py:109} INFO - [2025-05-31 11:47:41,483] {dagbag.py:500} INFO - Filling up the DagBag from /home/airflow/.local/lib/python3.6/site-packages/airflow/example_dags/tutorial.py
[2025-05-31 11:47:41,520] {processor.py:654} INFO - DAG(s) dict_keys(['tutorial']) retrieved from /home/airflow/.local/lib/python3.6/site-packages/airflow/example_dags/tutorial.py
[2025-05-31 11:47:41,536] {logging_mixin.py:109} INFO - [2025-05-31 11:47:41,536] {dag.py:2396} INFO - Sync 1 DAGs
[2025-05-31 11:47:41,560] {logging_mixin.py:109} INFO - [2025-05-31 11:47:41,560] {dag.py:2935} INFO - Setting next_dagrun for tutorial to 2025-05-30T11:47:41.559689+00:00
[2025-05-31 11:47:41,572] {processor.py:171} INFO - Processing /home/airflow/.local/lib/python3.6/site-packages/airflow/example_dags/tutorial.py took 0.097 seconds
[2025-05-31 11:48:12,630] {processor.py:163} INFO - Started process (PID=22818) to work on /home/airflow/.local/lib/python3.6/site-packages/airflow/example_dags/tutorial.py
[2025-05-31 11:48:12,631] {processor.py:642} INFO - Processing file /home/airflow/.local/lib/python3.6/site-packages/airflow/example_dags/tutorial.py for tasks to queue
[2025-05-31 11:48:12,632] {logging_mixin.py:109} INFO - [2025-05-31 11:48:12,632] {dagbag.py:500} INFO - Filling up the DagBag from /home/airflow/.local/lib/python3.6/site-packages/airflow/example_dags/tutorial.py
[2025-05-31 11:48:12,667] {processor.py:654} INFO - DAG(s) dict_keys(['tutorial']) retrieved from /home/airflow/.local/lib/python3.6/site-packages/airflow/example_dags/tutorial.py
[2025-05-31 11:48:12,682] {logging_mixin.py:109} INFO - [2025-05-31 11:48:12,681] {dag.py:2396} INFO - Sync 1 DAGs
[2025-05-31 11:48:12,710] {logging_mixin.py:109} INFO - [2025-05-31 11:48:12,710] {dag.py:2935} INFO - Setting next_dagrun for tutorial to 2025-05-30T11:48:12.710364+00:00
[2025-05-31 11:48:12,724] {processor.py:171} INFO - Processing /home/airflow/.local/lib/python3.6/site-packages/airflow/example_dags/tutorial.py took 0.099 seconds
[2025-05-31 11:48:43,850] {processor.py:163} INFO - Started process (PID=23015) to work on /home/airflow/.local/lib/python3.6/site-packages/airflow/example_dags/tutorial.py
[2025-05-31 11:48:43,852] {processor.py:642} INFO - Processing file /home/airflow/.local/lib/python3.6/site-packages/airflow/example_dags/tutorial.py for tasks to queue
[2025-05-31 11:48:43,853] {logging_mixin.py:109} INFO - [2025-05-31 11:48:43,853] {dagbag.py:500} INFO - Filling up the DagBag from /home/airflow/.local/lib/python3.6/site-packages/airflow/example_dags/tutorial.py
[2025-05-31 11:48:43,887] {processor.py:654} INFO - DAG(s) dict_keys(['tutorial']) retrieved from /home/airflow/.local/lib/python3.6/site-packages/airflow/example_dags/tutorial.py
[2025-05-31 11:48:43,905] {logging_mixin.py:109} INFO - [2025-05-31 11:48:43,904] {dag.py:2396} INFO - Sync 1 DAGs
[2025-05-31 11:48:43,928] {logging_mixin.py:109} INFO - [2025-05-31 11:48:43,928] {dag.py:2935} INFO - Setting next_dagrun for tutorial to 2025-05-30T11:48:43.928506+00:00
[2025-05-31 11:48:43,942] {processor.py:171} INFO - Processing /home/airflow/.local/lib/python3.6/site-packages/airflow/example_dags/tutorial.py took 0.095 seconds
[2025-05-31 11:49:14,905] {processor.py:163} INFO - Started process (PID=23198) to work on /home/airflow/.local/lib/python3.6/site-packages/airflow/example_dags/tutorial.py
[2025-05-31 11:49:14,906] {processor.py:642} INFO - Processing file /home/airflow/.local/lib/python3.6/site-packages/airflow/example_dags/tutorial.py for tasks to queue
[2025-05-31 11:49:14,907] {logging_mixin.py:109} INFO - [2025-05-31 11:49:14,907] {dagbag.py:500} INFO - Filling up the DagBag from /home/airflow/.local/lib/python3.6/site-packages/airflow/example_dags/tutorial.py
[2025-05-31 11:49:14,939] {processor.py:654} INFO - DAG(s) dict_keys(['tutorial']) retrieved from /home/airflow/.local/lib/python3.6/site-packages/airflow/example_dags/tutorial.py
[2025-05-31 11:49:14,953] {logging_mixin.py:109} INFO - [2025-05-31 11:49:14,952] {dag.py:2396} INFO - Sync 1 DAGs
[2025-05-31 11:49:14,975] {logging_mixin.py:109} INFO - [2025-05-31 11:49:14,975] {dag.py:2935} INFO - Setting next_dagrun for tutorial to 2025-05-30T11:49:14.974901+00:00
[2025-05-31 11:49:14,986] {processor.py:171} INFO - Processing /home/airflow/.local/lib/python3.6/site-packages/airflow/example_dags/tutorial.py took 0.086 seconds
[2025-05-31 11:49:46,191] {processor.py:163} INFO - Started process (PID=23398) to work on /home/airflow/.local/lib/python3.6/site-packages/airflow/example_dags/tutorial.py
[2025-05-31 11:49:46,193] {processor.py:642} INFO - Processing file /home/airflow/.local/lib/python3.6/site-packages/airflow/example_dags/tutorial.py for tasks to queue
[2025-05-31 11:49:46,194] {logging_mixin.py:109} INFO - [2025-05-31 11:49:46,194] {dagbag.py:500} INFO - Filling up the DagBag from /home/airflow/.local/lib/python3.6/site-packages/airflow/example_dags/tutorial.py
[2025-05-31 11:49:46,231] {processor.py:654} INFO - DAG(s) dict_keys(['tutorial']) retrieved from /home/airflow/.local/lib/python3.6/site-packages/airflow/example_dags/tutorial.py
[2025-05-31 11:49:46,248] {logging_mixin.py:109} INFO - [2025-05-31 11:49:46,248] {dag.py:2396} INFO - Sync 1 DAGs
[2025-05-31 11:49:46,277] {logging_mixin.py:109} INFO - [2025-05-31 11:49:46,277] {dag.py:2935} INFO - Setting next_dagrun for tutorial to 2025-05-30T11:49:46.276936+00:00
[2025-05-31 11:49:46,289] {processor.py:171} INFO - Processing /home/airflow/.local/lib/python3.6/site-packages/airflow/example_dags/tutorial.py took 0.102 seconds
[2025-05-31 11:50:16,867] {processor.py:163} INFO - Started process (PID=23583) to work on /home/airflow/.local/lib/python3.6/site-packages/airflow/example_dags/tutorial.py
[2025-05-31 11:50:16,869] {processor.py:642} INFO - Processing file /home/airflow/.local/lib/python3.6/site-packages/airflow/example_dags/tutorial.py for tasks to queue
[2025-05-31 11:50:16,871] {logging_mixin.py:109} INFO - [2025-05-31 11:50:16,871] {dagbag.py:500} INFO - Filling up the DagBag from /home/airflow/.local/lib/python3.6/site-packages/airflow/example_dags/tutorial.py
[2025-05-31 11:50:16,923] {processor.py:654} INFO - DAG(s) dict_keys(['tutorial']) retrieved from /home/airflow/.local/lib/python3.6/site-packages/airflow/example_dags/tutorial.py
[2025-05-31 11:50:16,944] {logging_mixin.py:109} INFO - [2025-05-31 11:50:16,944] {dag.py:2396} INFO - Sync 1 DAGs
[2025-05-31 11:50:16,973] {logging_mixin.py:109} INFO - [2025-05-31 11:50:16,973] {dag.py:2935} INFO - Setting next_dagrun for tutorial to 2025-05-30T11:50:16.972683+00:00
[2025-05-31 11:50:16,992] {processor.py:171} INFO - Processing /home/airflow/.local/lib/python3.6/site-packages/airflow/example_dags/tutorial.py took 0.131 seconds
[2025-05-31 11:50:48,326] {processor.py:163} INFO - Started process (PID=23778) to work on /home/airflow/.local/lib/python3.6/site-packages/airflow/example_dags/tutorial.py
[2025-05-31 11:50:48,329] {processor.py:642} INFO - Processing file /home/airflow/.local/lib/python3.6/site-packages/airflow/example_dags/tutorial.py for tasks to queue
[2025-05-31 11:50:48,330] {logging_mixin.py:109} INFO - [2025-05-31 11:50:48,330] {dagbag.py:500} INFO - Filling up the DagBag from /home/airflow/.local/lib/python3.6/site-packages/airflow/example_dags/tutorial.py
[2025-05-31 11:50:48,381] {processor.py:654} INFO - DAG(s) dict_keys(['tutorial']) retrieved from /home/airflow/.local/lib/python3.6/site-packages/airflow/example_dags/tutorial.py
[2025-05-31 11:50:48,404] {logging_mixin.py:109} INFO - [2025-05-31 11:50:48,403] {dag.py:2396} INFO - Sync 1 DAGs
[2025-05-31 11:50:48,438] {logging_mixin.py:109} INFO - [2025-05-31 11:50:48,438] {dag.py:2935} INFO - Setting next_dagrun for tutorial to 2025-05-30T11:50:48.438098+00:00
[2025-05-31 11:50:48,454] {processor.py:171} INFO - Processing /home/airflow/.local/lib/python3.6/site-packages/airflow/example_dags/tutorial.py took 0.134 seconds
[2025-05-31 11:51:19,324] {processor.py:163} INFO - Started process (PID=23968) to work on /home/airflow/.local/lib/python3.6/site-packages/airflow/example_dags/tutorial.py
[2025-05-31 11:51:19,326] {processor.py:642} INFO - Processing file /home/airflow/.local/lib/python3.6/site-packages/airflow/example_dags/tutorial.py for tasks to queue
[2025-05-31 11:51:19,327] {logging_mixin.py:109} INFO - [2025-05-31 11:51:19,327] {dagbag.py:500} INFO - Filling up the DagBag from /home/airflow/.local/lib/python3.6/site-packages/airflow/example_dags/tutorial.py
[2025-05-31 11:51:19,362] {processor.py:654} INFO - DAG(s) dict_keys(['tutorial']) retrieved from /home/airflow/.local/lib/python3.6/site-packages/airflow/example_dags/tutorial.py
[2025-05-31 11:51:19,376] {logging_mixin.py:109} INFO - [2025-05-31 11:51:19,376] {dag.py:2396} INFO - Sync 1 DAGs
[2025-05-31 11:51:19,398] {logging_mixin.py:109} INFO - [2025-05-31 11:51:19,398] {dag.py:2935} INFO - Setting next_dagrun for tutorial to 2025-05-30T11:51:19.397978+00:00
[2025-05-31 11:51:19,410] {processor.py:171} INFO - Processing /home/airflow/.local/lib/python3.6/site-packages/airflow/example_dags/tutorial.py took 0.090 seconds
[2025-05-31 11:51:50,029] {processor.py:163} INFO - Started process (PID=24152) to work on /home/airflow/.local/lib/python3.6/site-packages/airflow/example_dags/tutorial.py
[2025-05-31 11:51:50,031] {processor.py:642} INFO - Processing file /home/airflow/.local/lib/python3.6/site-packages/airflow/example_dags/tutorial.py for tasks to queue
[2025-05-31 11:51:50,032] {logging_mixin.py:109} INFO - [2025-05-31 11:51:50,032] {dagbag.py:500} INFO - Filling up the DagBag from /home/airflow/.local/lib/python3.6/site-packages/airflow/example_dags/tutorial.py
[2025-05-31 11:51:50,069] {processor.py:654} INFO - DAG(s) dict_keys(['tutorial']) retrieved from /home/airflow/.local/lib/python3.6/site-packages/airflow/example_dags/tutorial.py
[2025-05-31 11:51:50,083] {logging_mixin.py:109} INFO - [2025-05-31 11:51:50,082] {dag.py:2396} INFO - Sync 1 DAGs
[2025-05-31 11:51:50,108] {logging_mixin.py:109} INFO - [2025-05-31 11:51:50,108] {dag.py:2935} INFO - Setting next_dagrun for tutorial to 2025-05-30T11:51:50.108089+00:00
[2025-05-31 11:51:50,121] {processor.py:171} INFO - Processing /home/airflow/.local/lib/python3.6/site-packages/airflow/example_dags/tutorial.py took 0.096 seconds
[2025-05-31 11:52:20,945] {processor.py:163} INFO - Started process (PID=24347) to work on /home/airflow/.local/lib/python3.6/site-packages/airflow/example_dags/tutorial.py
[2025-05-31 11:52:20,946] {processor.py:642} INFO - Processing file /home/airflow/.local/lib/python3.6/site-packages/airflow/example_dags/tutorial.py for tasks to queue
[2025-05-31 11:52:20,947] {logging_mixin.py:109} INFO - [2025-05-31 11:52:20,947] {dagbag.py:500} INFO - Filling up the DagBag from /home/airflow/.local/lib/python3.6/site-packages/airflow/example_dags/tutorial.py
[2025-05-31 11:52:20,985] {processor.py:654} INFO - DAG(s) dict_keys(['tutorial']) retrieved from /home/airflow/.local/lib/python3.6/site-packages/airflow/example_dags/tutorial.py
[2025-05-31 11:52:21,000] {logging_mixin.py:109} INFO - [2025-05-31 11:52:21,000] {dag.py:2396} INFO - Sync 1 DAGs
[2025-05-31 11:52:21,023] {logging_mixin.py:109} INFO - [2025-05-31 11:52:21,022] {dag.py:2935} INFO - Setting next_dagrun for tutorial to 2025-05-30T11:52:21.022636+00:00
[2025-05-31 11:52:21,036] {processor.py:171} INFO - Processing /home/airflow/.local/lib/python3.6/site-packages/airflow/example_dags/tutorial.py took 0.095 seconds
[2025-05-31 11:52:51,883] {processor.py:163} INFO - Started process (PID=24532) to work on /home/airflow/.local/lib/python3.6/site-packages/airflow/example_dags/tutorial.py
[2025-05-31 11:52:51,885] {processor.py:642} INFO - Processing file /home/airflow/.local/lib/python3.6/site-packages/airflow/example_dags/tutorial.py for tasks to queue
[2025-05-31 11:52:51,886] {logging_mixin.py:109} INFO - [2025-05-31 11:52:51,886] {dagbag.py:500} INFO - Filling up the DagBag from /home/airflow/.local/lib/python3.6/site-packages/airflow/example_dags/tutorial.py
[2025-05-31 11:52:51,931] {processor.py:654} INFO - DAG(s) dict_keys(['tutorial']) retrieved from /home/airflow/.local/lib/python3.6/site-packages/airflow/example_dags/tutorial.py
[2025-05-31 11:52:51,946] {logging_mixin.py:109} INFO - [2025-05-31 11:52:51,946] {dag.py:2396} INFO - Sync 1 DAGs
[2025-05-31 11:52:51,976] {logging_mixin.py:109} INFO - [2025-05-31 11:52:51,976] {dag.py:2935} INFO - Setting next_dagrun for tutorial to 2025-05-30T11:52:51.975483+00:00
[2025-05-31 11:52:51,994] {processor.py:171} INFO - Processing /home/airflow/.local/lib/python3.6/site-packages/airflow/example_dags/tutorial.py took 0.116 seconds
[2025-05-31 11:53:23,131] {processor.py:163} INFO - Started process (PID=24727) to work on /home/airflow/.local/lib/python3.6/site-packages/airflow/example_dags/tutorial.py
[2025-05-31 11:53:23,132] {processor.py:642} INFO - Processing file /home/airflow/.local/lib/python3.6/site-packages/airflow/example_dags/tutorial.py for tasks to queue
[2025-05-31 11:53:23,133] {logging_mixin.py:109} INFO - [2025-05-31 11:53:23,133] {dagbag.py:500} INFO - Filling up the DagBag from /home/airflow/.local/lib/python3.6/site-packages/airflow/example_dags/tutorial.py
[2025-05-31 11:53:23,177] {processor.py:654} INFO - DAG(s) dict_keys(['tutorial']) retrieved from /home/airflow/.local/lib/python3.6/site-packages/airflow/example_dags/tutorial.py
[2025-05-31 11:53:23,195] {logging_mixin.py:109} INFO - [2025-05-31 11:53:23,195] {dag.py:2396} INFO - Sync 1 DAGs
[2025-05-31 11:53:23,226] {logging_mixin.py:109} INFO - [2025-05-31 11:53:23,226] {dag.py:2935} INFO - Setting next_dagrun for tutorial to 2025-05-30T11:53:23.225587+00:00
[2025-05-31 11:53:23,240] {processor.py:171} INFO - Processing /home/airflow/.local/lib/python3.6/site-packages/airflow/example_dags/tutorial.py took 0.114 seconds
[2025-05-31 11:53:53,755] {processor.py:163} INFO - Started process (PID=24914) to work on /home/airflow/.local/lib/python3.6/site-packages/airflow/example_dags/tutorial.py
[2025-05-31 11:53:53,757] {processor.py:642} INFO - Processing file /home/airflow/.local/lib/python3.6/site-packages/airflow/example_dags/tutorial.py for tasks to queue
[2025-05-31 11:53:53,758] {logging_mixin.py:109} INFO - [2025-05-31 11:53:53,758] {dagbag.py:500} INFO - Filling up the DagBag from /home/airflow/.local/lib/python3.6/site-packages/airflow/example_dags/tutorial.py
[2025-05-31 11:53:53,792] {processor.py:654} INFO - DAG(s) dict_keys(['tutorial']) retrieved from /home/airflow/.local/lib/python3.6/site-packages/airflow/example_dags/tutorial.py
[2025-05-31 11:53:53,805] {logging_mixin.py:109} INFO - [2025-05-31 11:53:53,804] {dag.py:2396} INFO - Sync 1 DAGs
[2025-05-31 11:53:53,825] {logging_mixin.py:109} INFO - [2025-05-31 11:53:53,825] {dag.py:2935} INFO - Setting next_dagrun for tutorial to 2025-05-30T11:53:53.824738+00:00
[2025-05-31 11:53:53,838] {processor.py:171} INFO - Processing /home/airflow/.local/lib/python3.6/site-packages/airflow/example_dags/tutorial.py took 0.086 seconds
[2025-05-31 11:54:24,178] {processor.py:163} INFO - Started process (PID=25097) to work on /home/airflow/.local/lib/python3.6/site-packages/airflow/example_dags/tutorial.py
[2025-05-31 11:54:24,180] {processor.py:642} INFO - Processing file /home/airflow/.local/lib/python3.6/site-packages/airflow/example_dags/tutorial.py for tasks to queue
[2025-05-31 11:54:24,181] {logging_mixin.py:109} INFO - [2025-05-31 11:54:24,181] {dagbag.py:500} INFO - Filling up the DagBag from /home/airflow/.local/lib/python3.6/site-packages/airflow/example_dags/tutorial.py
[2025-05-31 11:54:24,219] {processor.py:654} INFO - DAG(s) dict_keys(['tutorial']) retrieved from /home/airflow/.local/lib/python3.6/site-packages/airflow/example_dags/tutorial.py
[2025-05-31 11:54:24,235] {logging_mixin.py:109} INFO - [2025-05-31 11:54:24,235] {dag.py:2396} INFO - Sync 1 DAGs
[2025-05-31 11:54:24,261] {logging_mixin.py:109} INFO - [2025-05-31 11:54:24,261] {dag.py:2935} INFO - Setting next_dagrun for tutorial to 2025-05-30T11:54:24.260957+00:00
[2025-05-31 11:54:24,274] {processor.py:171} INFO - Processing /home/airflow/.local/lib/python3.6/site-packages/airflow/example_dags/tutorial.py took 0.100 seconds
[2025-05-31 11:54:54,643] {processor.py:163} INFO - Started process (PID=25292) to work on /home/airflow/.local/lib/python3.6/site-packages/airflow/example_dags/tutorial.py
[2025-05-31 11:54:54,644] {processor.py:642} INFO - Processing file /home/airflow/.local/lib/python3.6/site-packages/airflow/example_dags/tutorial.py for tasks to queue
[2025-05-31 11:54:54,645] {logging_mixin.py:109} INFO - [2025-05-31 11:54:54,645] {dagbag.py:500} INFO - Filling up the DagBag from /home/airflow/.local/lib/python3.6/site-packages/airflow/example_dags/tutorial.py
[2025-05-31 11:54:54,685] {processor.py:654} INFO - DAG(s) dict_keys(['tutorial']) retrieved from /home/airflow/.local/lib/python3.6/site-packages/airflow/example_dags/tutorial.py
[2025-05-31 11:54:54,700] {logging_mixin.py:109} INFO - [2025-05-31 11:54:54,700] {dag.py:2396} INFO - Sync 1 DAGs
[2025-05-31 11:54:54,728] {logging_mixin.py:109} INFO - [2025-05-31 11:54:54,728] {dag.py:2935} INFO - Setting next_dagrun for tutorial to 2025-05-30T11:54:54.727811+00:00
[2025-05-31 11:54:54,743] {processor.py:171} INFO - Processing /home/airflow/.local/lib/python3.6/site-packages/airflow/example_dags/tutorial.py took 0.105 seconds
[2025-05-31 11:55:25,379] {processor.py:163} INFO - Started process (PID=25477) to work on /home/airflow/.local/lib/python3.6/site-packages/airflow/example_dags/tutorial.py
[2025-05-31 11:55:25,381] {processor.py:642} INFO - Processing file /home/airflow/.local/lib/python3.6/site-packages/airflow/example_dags/tutorial.py for tasks to queue
[2025-05-31 11:55:25,382] {logging_mixin.py:109} INFO - [2025-05-31 11:55:25,382] {dagbag.py:500} INFO - Filling up the DagBag from /home/airflow/.local/lib/python3.6/site-packages/airflow/example_dags/tutorial.py
[2025-05-31 11:55:25,417] {processor.py:654} INFO - DAG(s) dict_keys(['tutorial']) retrieved from /home/airflow/.local/lib/python3.6/site-packages/airflow/example_dags/tutorial.py
[2025-05-31 11:55:25,430] {logging_mixin.py:109} INFO - [2025-05-31 11:55:25,430] {dag.py:2396} INFO - Sync 1 DAGs
[2025-05-31 11:55:25,454] {logging_mixin.py:109} INFO - [2025-05-31 11:55:25,453] {dag.py:2935} INFO - Setting next_dagrun for tutorial to 2025-05-30T11:55:25.453605+00:00
[2025-05-31 11:55:25,467] {processor.py:171} INFO - Processing /home/airflow/.local/lib/python3.6/site-packages/airflow/example_dags/tutorial.py took 0.091 seconds
[2025-05-31 11:55:55,775] {processor.py:163} INFO - Started process (PID=25672) to work on /home/airflow/.local/lib/python3.6/site-packages/airflow/example_dags/tutorial.py
[2025-05-31 11:55:55,776] {processor.py:642} INFO - Processing file /home/airflow/.local/lib/python3.6/site-packages/airflow/example_dags/tutorial.py for tasks to queue
[2025-05-31 11:55:55,777] {logging_mixin.py:109} INFO - [2025-05-31 11:55:55,777] {dagbag.py:500} INFO - Filling up the DagBag from /home/airflow/.local/lib/python3.6/site-packages/airflow/example_dags/tutorial.py
[2025-05-31 11:55:55,815] {processor.py:654} INFO - DAG(s) dict_keys(['tutorial']) retrieved from /home/airflow/.local/lib/python3.6/site-packages/airflow/example_dags/tutorial.py
[2025-05-31 11:55:55,832] {logging_mixin.py:109} INFO - [2025-05-31 11:55:55,832] {dag.py:2396} INFO - Sync 1 DAGs
[2025-05-31 11:55:55,860] {logging_mixin.py:109} INFO - [2025-05-31 11:55:55,860] {dag.py:2935} INFO - Setting next_dagrun for tutorial to 2025-05-30T11:55:55.859734+00:00
[2025-05-31 11:55:55,873] {processor.py:171} INFO - Processing /home/airflow/.local/lib/python3.6/site-packages/airflow/example_dags/tutorial.py took 0.105 seconds
[2025-05-31 11:56:26,718] {processor.py:163} INFO - Started process (PID=25857) to work on /home/airflow/.local/lib/python3.6/site-packages/airflow/example_dags/tutorial.py
[2025-05-31 11:56:26,721] {processor.py:642} INFO - Processing file /home/airflow/.local/lib/python3.6/site-packages/airflow/example_dags/tutorial.py for tasks to queue
[2025-05-31 11:56:26,723] {logging_mixin.py:109} INFO - [2025-05-31 11:56:26,722] {dagbag.py:500} INFO - Filling up the DagBag from /home/airflow/.local/lib/python3.6/site-packages/airflow/example_dags/tutorial.py
[2025-05-31 11:56:26,788] {processor.py:654} INFO - DAG(s) dict_keys(['tutorial']) retrieved from /home/airflow/.local/lib/python3.6/site-packages/airflow/example_dags/tutorial.py
[2025-05-31 11:56:26,808] {logging_mixin.py:109} INFO - [2025-05-31 11:56:26,808] {dag.py:2396} INFO - Sync 1 DAGs
[2025-05-31 11:56:26,848] {logging_mixin.py:109} INFO - [2025-05-31 11:56:26,848] {dag.py:2935} INFO - Setting next_dagrun for tutorial to 2025-05-30T11:56:26.847545+00:00
[2025-05-31 11:56:26,865] {processor.py:171} INFO - Processing /home/airflow/.local/lib/python3.6/site-packages/airflow/example_dags/tutorial.py took 0.163 seconds
[2025-05-31 11:56:57,005] {processor.py:163} INFO - Started process (PID=26039) to work on /home/airflow/.local/lib/python3.6/site-packages/airflow/example_dags/tutorial.py
[2025-05-31 11:56:57,007] {processor.py:642} INFO - Processing file /home/airflow/.local/lib/python3.6/site-packages/airflow/example_dags/tutorial.py for tasks to queue
[2025-05-31 11:56:57,007] {logging_mixin.py:109} INFO - [2025-05-31 11:56:57,007] {dagbag.py:500} INFO - Filling up the DagBag from /home/airflow/.local/lib/python3.6/site-packages/airflow/example_dags/tutorial.py
[2025-05-31 11:56:57,040] {processor.py:654} INFO - DAG(s) dict_keys(['tutorial']) retrieved from /home/airflow/.local/lib/python3.6/site-packages/airflow/example_dags/tutorial.py
[2025-05-31 11:56:57,055] {logging_mixin.py:109} INFO - [2025-05-31 11:56:57,055] {dag.py:2396} INFO - Sync 1 DAGs
[2025-05-31 11:56:57,076] {logging_mixin.py:109} INFO - [2025-05-31 11:56:57,075] {dag.py:2935} INFO - Setting next_dagrun for tutorial to 2025-05-30T11:56:57.075569+00:00
[2025-05-31 11:56:57,088] {processor.py:171} INFO - Processing /home/airflow/.local/lib/python3.6/site-packages/airflow/example_dags/tutorial.py took 0.087 seconds
[2025-05-31 11:57:27,535] {processor.py:163} INFO - Started process (PID=26234) to work on /home/airflow/.local/lib/python3.6/site-packages/airflow/example_dags/tutorial.py
[2025-05-31 11:57:27,537] {processor.py:642} INFO - Processing file /home/airflow/.local/lib/python3.6/site-packages/airflow/example_dags/tutorial.py for tasks to queue
[2025-05-31 11:57:27,538] {logging_mixin.py:109} INFO - [2025-05-31 11:57:27,538] {dagbag.py:500} INFO - Filling up the DagBag from /home/airflow/.local/lib/python3.6/site-packages/airflow/example_dags/tutorial.py
[2025-05-31 11:57:27,573] {processor.py:654} INFO - DAG(s) dict_keys(['tutorial']) retrieved from /home/airflow/.local/lib/python3.6/site-packages/airflow/example_dags/tutorial.py
[2025-05-31 11:57:27,590] {logging_mixin.py:109} INFO - [2025-05-31 11:57:27,590] {dag.py:2396} INFO - Sync 1 DAGs
[2025-05-31 11:57:27,615] {logging_mixin.py:109} INFO - [2025-05-31 11:57:27,615] {dag.py:2935} INFO - Setting next_dagrun for tutorial to 2025-05-30T11:57:27.614991+00:00
[2025-05-31 11:57:27,628] {processor.py:171} INFO - Processing /home/airflow/.local/lib/python3.6/site-packages/airflow/example_dags/tutorial.py took 0.097 seconds
[2025-05-31 11:57:58,411] {processor.py:163} INFO - Started process (PID=26422) to work on /home/airflow/.local/lib/python3.6/site-packages/airflow/example_dags/tutorial.py
[2025-05-31 11:57:58,412] {processor.py:642} INFO - Processing file /home/airflow/.local/lib/python3.6/site-packages/airflow/example_dags/tutorial.py for tasks to queue
[2025-05-31 11:57:58,413] {logging_mixin.py:109} INFO - [2025-05-31 11:57:58,413] {dagbag.py:500} INFO - Filling up the DagBag from /home/airflow/.local/lib/python3.6/site-packages/airflow/example_dags/tutorial.py
[2025-05-31 11:57:58,447] {processor.py:654} INFO - DAG(s) dict_keys(['tutorial']) retrieved from /home/airflow/.local/lib/python3.6/site-packages/airflow/example_dags/tutorial.py
[2025-05-31 11:57:58,462] {logging_mixin.py:109} INFO - [2025-05-31 11:57:58,462] {dag.py:2396} INFO - Sync 1 DAGs
[2025-05-31 11:57:58,483] {logging_mixin.py:109} INFO - [2025-05-31 11:57:58,483] {dag.py:2935} INFO - Setting next_dagrun for tutorial to 2025-05-30T11:57:58.483054+00:00
[2025-05-31 11:57:58,496] {processor.py:171} INFO - Processing /home/airflow/.local/lib/python3.6/site-packages/airflow/example_dags/tutorial.py took 0.089 seconds
[2025-05-31 11:58:29,143] {processor.py:163} INFO - Started process (PID=26616) to work on /home/airflow/.local/lib/python3.6/site-packages/airflow/example_dags/tutorial.py
[2025-05-31 11:58:29,145] {processor.py:642} INFO - Processing file /home/airflow/.local/lib/python3.6/site-packages/airflow/example_dags/tutorial.py for tasks to queue
[2025-05-31 11:58:29,146] {logging_mixin.py:109} INFO - [2025-05-31 11:58:29,146] {dagbag.py:500} INFO - Filling up the DagBag from /home/airflow/.local/lib/python3.6/site-packages/airflow/example_dags/tutorial.py
[2025-05-31 11:58:29,184] {processor.py:654} INFO - DAG(s) dict_keys(['tutorial']) retrieved from /home/airflow/.local/lib/python3.6/site-packages/airflow/example_dags/tutorial.py
[2025-05-31 11:58:29,202] {logging_mixin.py:109} INFO - [2025-05-31 11:58:29,202] {dag.py:2396} INFO - Sync 1 DAGs
[2025-05-31 11:58:29,229] {logging_mixin.py:109} INFO - [2025-05-31 11:58:29,229] {dag.py:2935} INFO - Setting next_dagrun for tutorial to 2025-05-30T11:58:29.228800+00:00
[2025-05-31 11:58:29,243] {processor.py:171} INFO - Processing /home/airflow/.local/lib/python3.6/site-packages/airflow/example_dags/tutorial.py took 0.104 seconds
[2025-05-31 11:58:59,309] {processor.py:163} INFO - Started process (PID=26802) to work on /home/airflow/.local/lib/python3.6/site-packages/airflow/example_dags/tutorial.py
[2025-05-31 11:58:59,311] {processor.py:642} INFO - Processing file /home/airflow/.local/lib/python3.6/site-packages/airflow/example_dags/tutorial.py for tasks to queue
[2025-05-31 11:58:59,312] {logging_mixin.py:109} INFO - [2025-05-31 11:58:59,312] {dagbag.py:500} INFO - Filling up the DagBag from /home/airflow/.local/lib/python3.6/site-packages/airflow/example_dags/tutorial.py
[2025-05-31 11:58:59,346] {processor.py:654} INFO - DAG(s) dict_keys(['tutorial']) retrieved from /home/airflow/.local/lib/python3.6/site-packages/airflow/example_dags/tutorial.py
[2025-05-31 11:58:59,362] {logging_mixin.py:109} INFO - [2025-05-31 11:58:59,362] {dag.py:2396} INFO - Sync 1 DAGs
[2025-05-31 11:58:59,382] {logging_mixin.py:109} INFO - [2025-05-31 11:58:59,382] {dag.py:2935} INFO - Setting next_dagrun for tutorial to 2025-05-30T11:58:59.382475+00:00
[2025-05-31 11:58:59,395] {processor.py:171} INFO - Processing /home/airflow/.local/lib/python3.6/site-packages/airflow/example_dags/tutorial.py took 0.089 seconds
[2025-05-31 11:59:29,639] {processor.py:163} INFO - Started process (PID=26987) to work on /home/airflow/.local/lib/python3.6/site-packages/airflow/example_dags/tutorial.py
[2025-05-31 11:59:29,641] {processor.py:642} INFO - Processing file /home/airflow/.local/lib/python3.6/site-packages/airflow/example_dags/tutorial.py for tasks to queue
[2025-05-31 11:59:29,642] {logging_mixin.py:109} INFO - [2025-05-31 11:59:29,642] {dagbag.py:500} INFO - Filling up the DagBag from /home/airflow/.local/lib/python3.6/site-packages/airflow/example_dags/tutorial.py
[2025-05-31 11:59:29,675] {processor.py:654} INFO - DAG(s) dict_keys(['tutorial']) retrieved from /home/airflow/.local/lib/python3.6/site-packages/airflow/example_dags/tutorial.py
[2025-05-31 11:59:29,689] {logging_mixin.py:109} INFO - [2025-05-31 11:59:29,688] {dag.py:2396} INFO - Sync 1 DAGs
[2025-05-31 11:59:29,710] {logging_mixin.py:109} INFO - [2025-05-31 11:59:29,710] {dag.py:2935} INFO - Setting next_dagrun for tutorial to 2025-05-30T11:59:29.709775+00:00
[2025-05-31 11:59:29,723] {processor.py:171} INFO - Processing /home/airflow/.local/lib/python3.6/site-packages/airflow/example_dags/tutorial.py took 0.088 seconds
[2025-05-31 12:00:00,322] {processor.py:163} INFO - Started process (PID=27182) to work on /home/airflow/.local/lib/python3.6/site-packages/airflow/example_dags/tutorial.py
[2025-05-31 12:00:00,324] {processor.py:642} INFO - Processing file /home/airflow/.local/lib/python3.6/site-packages/airflow/example_dags/tutorial.py for tasks to queue
[2025-05-31 12:00:00,326] {logging_mixin.py:109} INFO - [2025-05-31 12:00:00,326] {dagbag.py:500} INFO - Filling up the DagBag from /home/airflow/.local/lib/python3.6/site-packages/airflow/example_dags/tutorial.py
[2025-05-31 12:00:00,378] {processor.py:654} INFO - DAG(s) dict_keys(['tutorial']) retrieved from /home/airflow/.local/lib/python3.6/site-packages/airflow/example_dags/tutorial.py
[2025-05-31 12:00:00,401] {logging_mixin.py:109} INFO - [2025-05-31 12:00:00,401] {dag.py:2396} INFO - Sync 1 DAGs
[2025-05-31 12:00:00,437] {logging_mixin.py:109} INFO - [2025-05-31 12:00:00,437] {dag.py:2935} INFO - Setting next_dagrun for tutorial to 2025-05-30T12:00:00.437378+00:00
[2025-05-31 12:00:00,455] {processor.py:171} INFO - Processing /home/airflow/.local/lib/python3.6/site-packages/airflow/example_dags/tutorial.py took 0.137 seconds
[2025-05-31 12:00:30,885] {processor.py:163} INFO - Started process (PID=27362) to work on /home/airflow/.local/lib/python3.6/site-packages/airflow/example_dags/tutorial.py
[2025-05-31 12:00:30,887] {processor.py:642} INFO - Processing file /home/airflow/.local/lib/python3.6/site-packages/airflow/example_dags/tutorial.py for tasks to queue
[2025-05-31 12:00:30,888] {logging_mixin.py:109} INFO - [2025-05-31 12:00:30,888] {dagbag.py:500} INFO - Filling up the DagBag from /home/airflow/.local/lib/python3.6/site-packages/airflow/example_dags/tutorial.py
[2025-05-31 12:00:30,922] {processor.py:654} INFO - DAG(s) dict_keys(['tutorial']) retrieved from /home/airflow/.local/lib/python3.6/site-packages/airflow/example_dags/tutorial.py
[2025-05-31 12:00:30,934] {logging_mixin.py:109} INFO - [2025-05-31 12:00:30,934] {dag.py:2396} INFO - Sync 1 DAGs
[2025-05-31 12:00:30,960] {logging_mixin.py:109} INFO - [2025-05-31 12:00:30,960] {dag.py:2935} INFO - Setting next_dagrun for tutorial to 2025-05-30T12:00:30.959951+00:00
[2025-05-31 12:00:30,972] {processor.py:171} INFO - Processing /home/airflow/.local/lib/python3.6/site-packages/airflow/example_dags/tutorial.py took 0.091 seconds
[2025-05-31 12:01:01,335] {processor.py:163} INFO - Started process (PID=27547) to work on /home/airflow/.local/lib/python3.6/site-packages/airflow/example_dags/tutorial.py
[2025-05-31 12:01:01,336] {processor.py:642} INFO - Processing file /home/airflow/.local/lib/python3.6/site-packages/airflow/example_dags/tutorial.py for tasks to queue
[2025-05-31 12:01:01,337] {logging_mixin.py:109} INFO - [2025-05-31 12:01:01,337] {dagbag.py:500} INFO - Filling up the DagBag from /home/airflow/.local/lib/python3.6/site-packages/airflow/example_dags/tutorial.py
[2025-05-31 12:01:01,373] {processor.py:654} INFO - DAG(s) dict_keys(['tutorial']) retrieved from /home/airflow/.local/lib/python3.6/site-packages/airflow/example_dags/tutorial.py
[2025-05-31 12:01:01,386] {logging_mixin.py:109} INFO - [2025-05-31 12:01:01,386] {dag.py:2396} INFO - Sync 1 DAGs
[2025-05-31 12:01:01,409] {logging_mixin.py:109} INFO - [2025-05-31 12:01:01,409] {dag.py:2935} INFO - Setting next_dagrun for tutorial to 2025-05-30T12:01:01.408901+00:00
[2025-05-31 12:01:01,422] {processor.py:171} INFO - Processing /home/airflow/.local/lib/python3.6/site-packages/airflow/example_dags/tutorial.py took 0.091 seconds
[2025-05-31 12:01:32,037] {processor.py:163} INFO - Started process (PID=27742) to work on /home/airflow/.local/lib/python3.6/site-packages/airflow/example_dags/tutorial.py
[2025-05-31 12:01:32,040] {processor.py:642} INFO - Processing file /home/airflow/.local/lib/python3.6/site-packages/airflow/example_dags/tutorial.py for tasks to queue
[2025-05-31 12:01:32,042] {logging_mixin.py:109} INFO - [2025-05-31 12:01:32,042] {dagbag.py:500} INFO - Filling up the DagBag from /home/airflow/.local/lib/python3.6/site-packages/airflow/example_dags/tutorial.py
[2025-05-31 12:01:32,092] {processor.py:654} INFO - DAG(s) dict_keys(['tutorial']) retrieved from /home/airflow/.local/lib/python3.6/site-packages/airflow/example_dags/tutorial.py
[2025-05-31 12:01:32,109] {logging_mixin.py:109} INFO - [2025-05-31 12:01:32,109] {dag.py:2396} INFO - Sync 1 DAGs
[2025-05-31 12:01:32,140] {logging_mixin.py:109} INFO - [2025-05-31 12:01:32,140] {dag.py:2935} INFO - Setting next_dagrun for tutorial to 2025-05-30T12:01:32.140232+00:00
[2025-05-31 12:01:32,164] {processor.py:171} INFO - Processing /home/airflow/.local/lib/python3.6/site-packages/airflow/example_dags/tutorial.py took 0.140 seconds
[2025-05-31 12:02:03,337] {processor.py:163} INFO - Started process (PID=27932) to work on /home/airflow/.local/lib/python3.6/site-packages/airflow/example_dags/tutorial.py
[2025-05-31 12:02:03,338] {processor.py:642} INFO - Processing file /home/airflow/.local/lib/python3.6/site-packages/airflow/example_dags/tutorial.py for tasks to queue
[2025-05-31 12:02:03,339] {logging_mixin.py:109} INFO - [2025-05-31 12:02:03,339] {dagbag.py:500} INFO - Filling up the DagBag from /home/airflow/.local/lib/python3.6/site-packages/airflow/example_dags/tutorial.py
[2025-05-31 12:02:03,378] {processor.py:654} INFO - DAG(s) dict_keys(['tutorial']) retrieved from /home/airflow/.local/lib/python3.6/site-packages/airflow/example_dags/tutorial.py
[2025-05-31 12:02:03,391] {logging_mixin.py:109} INFO - [2025-05-31 12:02:03,391] {dag.py:2396} INFO - Sync 1 DAGs
[2025-05-31 12:02:03,413] {logging_mixin.py:109} INFO - [2025-05-31 12:02:03,413] {dag.py:2935} INFO - Setting next_dagrun for tutorial to 2025-05-30T12:02:03.413152+00:00
[2025-05-31 12:02:03,425] {processor.py:171} INFO - Processing /home/airflow/.local/lib/python3.6/site-packages/airflow/example_dags/tutorial.py took 0.094 seconds
[2025-05-31 12:02:33,635] {processor.py:163} INFO - Started process (PID=28126) to work on /home/airflow/.local/lib/python3.6/site-packages/airflow/example_dags/tutorial.py
[2025-05-31 12:02:33,637] {processor.py:642} INFO - Processing file /home/airflow/.local/lib/python3.6/site-packages/airflow/example_dags/tutorial.py for tasks to queue
[2025-05-31 12:02:33,638] {logging_mixin.py:109} INFO - [2025-05-31 12:02:33,638] {dagbag.py:500} INFO - Filling up the DagBag from /home/airflow/.local/lib/python3.6/site-packages/airflow/example_dags/tutorial.py
[2025-05-31 12:02:33,677] {processor.py:654} INFO - DAG(s) dict_keys(['tutorial']) retrieved from /home/airflow/.local/lib/python3.6/site-packages/airflow/example_dags/tutorial.py
[2025-05-31 12:02:33,694] {logging_mixin.py:109} INFO - [2025-05-31 12:02:33,694] {dag.py:2396} INFO - Sync 1 DAGs
[2025-05-31 12:02:33,722] {logging_mixin.py:109} INFO - [2025-05-31 12:02:33,722] {dag.py:2935} INFO - Setting next_dagrun for tutorial to 2025-05-30T12:02:33.721825+00:00
[2025-05-31 12:02:33,735] {processor.py:171} INFO - Processing /home/airflow/.local/lib/python3.6/site-packages/airflow/example_dags/tutorial.py took 0.106 seconds
[2025-05-31 12:03:04,273] {processor.py:163} INFO - Started process (PID=28312) to work on /home/airflow/.local/lib/python3.6/site-packages/airflow/example_dags/tutorial.py
[2025-05-31 12:03:04,275] {processor.py:642} INFO - Processing file /home/airflow/.local/lib/python3.6/site-packages/airflow/example_dags/tutorial.py for tasks to queue
[2025-05-31 12:03:04,276] {logging_mixin.py:109} INFO - [2025-05-31 12:03:04,276] {dagbag.py:500} INFO - Filling up the DagBag from /home/airflow/.local/lib/python3.6/site-packages/airflow/example_dags/tutorial.py
[2025-05-31 12:03:04,323] {processor.py:654} INFO - DAG(s) dict_keys(['tutorial']) retrieved from /home/airflow/.local/lib/python3.6/site-packages/airflow/example_dags/tutorial.py
[2025-05-31 12:03:04,359] {logging_mixin.py:109} INFO - [2025-05-31 12:03:04,358] {dag.py:2396} INFO - Sync 1 DAGs
[2025-05-31 12:03:04,388] {logging_mixin.py:109} INFO - [2025-05-31 12:03:04,387] {dag.py:2935} INFO - Setting next_dagrun for tutorial to 2025-05-30T12:03:04.387585+00:00
[2025-05-31 12:03:04,402] {processor.py:171} INFO - Processing /home/airflow/.local/lib/python3.6/site-packages/airflow/example_dags/tutorial.py took 0.134 seconds
[2025-05-31 12:03:35,392] {processor.py:163} INFO - Started process (PID=28496) to work on /home/airflow/.local/lib/python3.6/site-packages/airflow/example_dags/tutorial.py
[2025-05-31 12:03:35,394] {processor.py:642} INFO - Processing file /home/airflow/.local/lib/python3.6/site-packages/airflow/example_dags/tutorial.py for tasks to queue
[2025-05-31 12:03:35,395] {logging_mixin.py:109} INFO - [2025-05-31 12:03:35,394] {dagbag.py:500} INFO - Filling up the DagBag from /home/airflow/.local/lib/python3.6/site-packages/airflow/example_dags/tutorial.py
[2025-05-31 12:03:35,427] {processor.py:654} INFO - DAG(s) dict_keys(['tutorial']) retrieved from /home/airflow/.local/lib/python3.6/site-packages/airflow/example_dags/tutorial.py
[2025-05-31 12:03:35,440] {logging_mixin.py:109} INFO - [2025-05-31 12:03:35,440] {dag.py:2396} INFO - Sync 1 DAGs
[2025-05-31 12:03:35,467] {logging_mixin.py:109} INFO - [2025-05-31 12:03:35,467] {dag.py:2935} INFO - Setting next_dagrun for tutorial to 2025-05-30T12:03:35.467440+00:00
[2025-05-31 12:03:35,480] {processor.py:171} INFO - Processing /home/airflow/.local/lib/python3.6/site-packages/airflow/example_dags/tutorial.py took 0.092 seconds
[2025-05-31 12:04:05,957] {processor.py:163} INFO - Started process (PID=28692) to work on /home/airflow/.local/lib/python3.6/site-packages/airflow/example_dags/tutorial.py
[2025-05-31 12:04:05,959] {processor.py:642} INFO - Processing file /home/airflow/.local/lib/python3.6/site-packages/airflow/example_dags/tutorial.py for tasks to queue
[2025-05-31 12:04:05,961] {logging_mixin.py:109} INFO - [2025-05-31 12:04:05,960] {dagbag.py:500} INFO - Filling up the DagBag from /home/airflow/.local/lib/python3.6/site-packages/airflow/example_dags/tutorial.py
[2025-05-31 12:04:06,002] {processor.py:654} INFO - DAG(s) dict_keys(['tutorial']) retrieved from /home/airflow/.local/lib/python3.6/site-packages/airflow/example_dags/tutorial.py
[2025-05-31 12:04:06,016] {logging_mixin.py:109} INFO - [2025-05-31 12:04:06,016] {dag.py:2396} INFO - Sync 1 DAGs
[2025-05-31 12:04:06,039] {logging_mixin.py:109} INFO - [2025-05-31 12:04:06,039] {dag.py:2935} INFO - Setting next_dagrun for tutorial to 2025-05-30T12:04:06.039421+00:00
[2025-05-31 12:04:06,052] {processor.py:171} INFO - Processing /home/airflow/.local/lib/python3.6/site-packages/airflow/example_dags/tutorial.py took 0.099 seconds
[2025-05-31 12:04:36,339] {processor.py:163} INFO - Started process (PID=28877) to work on /home/airflow/.local/lib/python3.6/site-packages/airflow/example_dags/tutorial.py
[2025-05-31 12:04:36,341] {processor.py:642} INFO - Processing file /home/airflow/.local/lib/python3.6/site-packages/airflow/example_dags/tutorial.py for tasks to queue
[2025-05-31 12:04:36,342] {logging_mixin.py:109} INFO - [2025-05-31 12:04:36,342] {dagbag.py:500} INFO - Filling up the DagBag from /home/airflow/.local/lib/python3.6/site-packages/airflow/example_dags/tutorial.py
[2025-05-31 12:04:36,379] {processor.py:654} INFO - DAG(s) dict_keys(['tutorial']) retrieved from /home/airflow/.local/lib/python3.6/site-packages/airflow/example_dags/tutorial.py
[2025-05-31 12:04:36,393] {logging_mixin.py:109} INFO - [2025-05-31 12:04:36,393] {dag.py:2396} INFO - Sync 1 DAGs
[2025-05-31 12:04:36,415] {logging_mixin.py:109} INFO - [2025-05-31 12:04:36,415] {dag.py:2935} INFO - Setting next_dagrun for tutorial to 2025-05-30T12:04:36.415310+00:00
[2025-05-31 12:04:36,429] {processor.py:171} INFO - Processing /home/airflow/.local/lib/python3.6/site-packages/airflow/example_dags/tutorial.py took 0.093 seconds
[2025-05-31 12:05:06,697] {processor.py:163} INFO - Started process (PID=29069) to work on /home/airflow/.local/lib/python3.6/site-packages/airflow/example_dags/tutorial.py
[2025-05-31 12:05:06,699] {processor.py:642} INFO - Processing file /home/airflow/.local/lib/python3.6/site-packages/airflow/example_dags/tutorial.py for tasks to queue
[2025-05-31 12:05:06,700] {logging_mixin.py:109} INFO - [2025-05-31 12:05:06,700] {dagbag.py:500} INFO - Filling up the DagBag from /home/airflow/.local/lib/python3.6/site-packages/airflow/example_dags/tutorial.py
[2025-05-31 12:05:06,739] {processor.py:654} INFO - DAG(s) dict_keys(['tutorial']) retrieved from /home/airflow/.local/lib/python3.6/site-packages/airflow/example_dags/tutorial.py
[2025-05-31 12:05:06,755] {logging_mixin.py:109} INFO - [2025-05-31 12:05:06,755] {dag.py:2396} INFO - Sync 1 DAGs
[2025-05-31 12:05:06,777] {logging_mixin.py:109} INFO - [2025-05-31 12:05:06,777] {dag.py:2935} INFO - Setting next_dagrun for tutorial to 2025-05-30T12:05:06.777171+00:00
[2025-05-31 12:05:06,790] {processor.py:171} INFO - Processing /home/airflow/.local/lib/python3.6/site-packages/airflow/example_dags/tutorial.py took 0.098 seconds
[2025-05-31 12:05:37,580] {processor.py:163} INFO - Started process (PID=29269) to work on /home/airflow/.local/lib/python3.6/site-packages/airflow/example_dags/tutorial.py
[2025-05-31 12:05:37,582] {processor.py:642} INFO - Processing file /home/airflow/.local/lib/python3.6/site-packages/airflow/example_dags/tutorial.py for tasks to queue
[2025-05-31 12:05:37,583] {logging_mixin.py:109} INFO - [2025-05-31 12:05:37,583] {dagbag.py:500} INFO - Filling up the DagBag from /home/airflow/.local/lib/python3.6/site-packages/airflow/example_dags/tutorial.py
[2025-05-31 12:05:37,623] {processor.py:654} INFO - DAG(s) dict_keys(['tutorial']) retrieved from /home/airflow/.local/lib/python3.6/site-packages/airflow/example_dags/tutorial.py
[2025-05-31 12:05:37,639] {logging_mixin.py:109} INFO - [2025-05-31 12:05:37,639] {dag.py:2396} INFO - Sync 1 DAGs
[2025-05-31 12:05:37,664] {logging_mixin.py:109} INFO - [2025-05-31 12:05:37,664] {dag.py:2935} INFO - Setting next_dagrun for tutorial to 2025-05-30T12:05:37.663876+00:00
[2025-05-31 12:05:37,679] {processor.py:171} INFO - Processing /home/airflow/.local/lib/python3.6/site-packages/airflow/example_dags/tutorial.py took 0.104 seconds
[2025-05-31 12:06:07,918] {processor.py:163} INFO - Started process (PID=29452) to work on /home/airflow/.local/lib/python3.6/site-packages/airflow/example_dags/tutorial.py
[2025-05-31 12:06:07,920] {processor.py:642} INFO - Processing file /home/airflow/.local/lib/python3.6/site-packages/airflow/example_dags/tutorial.py for tasks to queue
[2025-05-31 12:06:07,922] {logging_mixin.py:109} INFO - [2025-05-31 12:06:07,921] {dagbag.py:500} INFO - Filling up the DagBag from /home/airflow/.local/lib/python3.6/site-packages/airflow/example_dags/tutorial.py
[2025-05-31 12:06:07,957] {processor.py:654} INFO - DAG(s) dict_keys(['tutorial']) retrieved from /home/airflow/.local/lib/python3.6/site-packages/airflow/example_dags/tutorial.py
[2025-05-31 12:06:07,971] {logging_mixin.py:109} INFO - [2025-05-31 12:06:07,971] {dag.py:2396} INFO - Sync 1 DAGs
[2025-05-31 12:06:07,995] {logging_mixin.py:109} INFO - [2025-05-31 12:06:07,995] {dag.py:2935} INFO - Setting next_dagrun for tutorial to 2025-05-30T12:06:07.995200+00:00
[2025-05-31 12:06:08,012] {processor.py:171} INFO - Processing /home/airflow/.local/lib/python3.6/site-packages/airflow/example_dags/tutorial.py took 0.097 seconds
[2025-05-31 12:06:38,807] {processor.py:163} INFO - Started process (PID=29647) to work on /home/airflow/.local/lib/python3.6/site-packages/airflow/example_dags/tutorial.py
[2025-05-31 12:06:38,810] {processor.py:642} INFO - Processing file /home/airflow/.local/lib/python3.6/site-packages/airflow/example_dags/tutorial.py for tasks to queue
[2025-05-31 12:06:38,812] {logging_mixin.py:109} INFO - [2025-05-31 12:06:38,812] {dagbag.py:500} INFO - Filling up the DagBag from /home/airflow/.local/lib/python3.6/site-packages/airflow/example_dags/tutorial.py
[2025-05-31 12:06:38,864] {processor.py:654} INFO - DAG(s) dict_keys(['tutorial']) retrieved from /home/airflow/.local/lib/python3.6/site-packages/airflow/example_dags/tutorial.py
[2025-05-31 12:06:38,883] {logging_mixin.py:109} INFO - [2025-05-31 12:06:38,883] {dag.py:2396} INFO - Sync 1 DAGs
[2025-05-31 12:06:38,918] {logging_mixin.py:109} INFO - [2025-05-31 12:06:38,918] {dag.py:2935} INFO - Setting next_dagrun for tutorial to 2025-05-30T12:06:38.917320+00:00
[2025-05-31 12:06:38,934] {processor.py:171} INFO - Processing /home/airflow/.local/lib/python3.6/site-packages/airflow/example_dags/tutorial.py took 0.132 seconds
[2025-05-31 12:07:09,311] {processor.py:163} INFO - Started process (PID=29831) to work on /home/airflow/.local/lib/python3.6/site-packages/airflow/example_dags/tutorial.py
[2025-05-31 12:07:09,312] {processor.py:642} INFO - Processing file /home/airflow/.local/lib/python3.6/site-packages/airflow/example_dags/tutorial.py for tasks to queue
[2025-05-31 12:07:09,314] {logging_mixin.py:109} INFO - [2025-05-31 12:07:09,314] {dagbag.py:500} INFO - Filling up the DagBag from /home/airflow/.local/lib/python3.6/site-packages/airflow/example_dags/tutorial.py
[2025-05-31 12:07:09,362] {processor.py:654} INFO - DAG(s) dict_keys(['tutorial']) retrieved from /home/airflow/.local/lib/python3.6/site-packages/airflow/example_dags/tutorial.py
[2025-05-31 12:07:09,380] {logging_mixin.py:109} INFO - [2025-05-31 12:07:09,379] {dag.py:2396} INFO - Sync 1 DAGs
[2025-05-31 12:07:09,406] {logging_mixin.py:109} INFO - [2025-05-31 12:07:09,406] {dag.py:2935} INFO - Setting next_dagrun for tutorial to 2025-05-30T12:07:09.405814+00:00
[2025-05-31 12:07:09,421] {processor.py:171} INFO - Processing /home/airflow/.local/lib/python3.6/site-packages/airflow/example_dags/tutorial.py took 0.115 seconds
[2025-05-31 12:07:40,535] {processor.py:163} INFO - Started process (PID=30024) to work on /home/airflow/.local/lib/python3.6/site-packages/airflow/example_dags/tutorial.py
[2025-05-31 12:07:40,537] {processor.py:642} INFO - Processing file /home/airflow/.local/lib/python3.6/site-packages/airflow/example_dags/tutorial.py for tasks to queue
[2025-05-31 12:07:40,538] {logging_mixin.py:109} INFO - [2025-05-31 12:07:40,538] {dagbag.py:500} INFO - Filling up the DagBag from /home/airflow/.local/lib/python3.6/site-packages/airflow/example_dags/tutorial.py
[2025-05-31 12:07:40,579] {processor.py:654} INFO - DAG(s) dict_keys(['tutorial']) retrieved from /home/airflow/.local/lib/python3.6/site-packages/airflow/example_dags/tutorial.py
[2025-05-31 12:07:40,599] {logging_mixin.py:109} INFO - [2025-05-31 12:07:40,598] {dag.py:2396} INFO - Sync 1 DAGs
[2025-05-31 12:07:40,624] {logging_mixin.py:109} INFO - [2025-05-31 12:07:40,624] {dag.py:2935} INFO - Setting next_dagrun for tutorial to 2025-05-30T12:07:40.623921+00:00
[2025-05-31 12:07:40,640] {processor.py:171} INFO - Processing /home/airflow/.local/lib/python3.6/site-packages/airflow/example_dags/tutorial.py took 0.110 seconds
[2025-05-31 12:08:11,104] {processor.py:163} INFO - Started process (PID=30212) to work on /home/airflow/.local/lib/python3.6/site-packages/airflow/example_dags/tutorial.py
[2025-05-31 12:08:11,106] {processor.py:642} INFO - Processing file /home/airflow/.local/lib/python3.6/site-packages/airflow/example_dags/tutorial.py for tasks to queue
[2025-05-31 12:08:11,107] {logging_mixin.py:109} INFO - [2025-05-31 12:08:11,106] {dagbag.py:500} INFO - Filling up the DagBag from /home/airflow/.local/lib/python3.6/site-packages/airflow/example_dags/tutorial.py
[2025-05-31 12:08:11,141] {processor.py:654} INFO - DAG(s) dict_keys(['tutorial']) retrieved from /home/airflow/.local/lib/python3.6/site-packages/airflow/example_dags/tutorial.py
[2025-05-31 12:08:11,156] {logging_mixin.py:109} INFO - [2025-05-31 12:08:11,156] {dag.py:2396} INFO - Sync 1 DAGs
[2025-05-31 12:08:11,178] {logging_mixin.py:109} INFO - [2025-05-31 12:08:11,178] {dag.py:2935} INFO - Setting next_dagrun for tutorial to 2025-05-30T12:08:11.177881+00:00
[2025-05-31 12:08:11,191] {processor.py:171} INFO - Processing /home/airflow/.local/lib/python3.6/site-packages/airflow/example_dags/tutorial.py took 0.090 seconds
[2025-05-31 12:08:41,473] {processor.py:163} INFO - Started process (PID=30397) to work on /home/airflow/.local/lib/python3.6/site-packages/airflow/example_dags/tutorial.py
[2025-05-31 12:08:41,475] {processor.py:642} INFO - Processing file /home/airflow/.local/lib/python3.6/site-packages/airflow/example_dags/tutorial.py for tasks to queue
[2025-05-31 12:08:41,476] {logging_mixin.py:109} INFO - [2025-05-31 12:08:41,476] {dagbag.py:500} INFO - Filling up the DagBag from /home/airflow/.local/lib/python3.6/site-packages/airflow/example_dags/tutorial.py
[2025-05-31 12:08:41,509] {processor.py:654} INFO - DAG(s) dict_keys(['tutorial']) retrieved from /home/airflow/.local/lib/python3.6/site-packages/airflow/example_dags/tutorial.py
[2025-05-31 12:08:41,521] {logging_mixin.py:109} INFO - [2025-05-31 12:08:41,521] {dag.py:2396} INFO - Sync 1 DAGs
[2025-05-31 12:08:41,541] {logging_mixin.py:109} INFO - [2025-05-31 12:08:41,541] {dag.py:2935} INFO - Setting next_dagrun for tutorial to 2025-05-30T12:08:41.541490+00:00
[2025-05-31 12:08:41,555] {processor.py:171} INFO - Processing /home/airflow/.local/lib/python3.6/site-packages/airflow/example_dags/tutorial.py took 0.089 seconds
[2025-05-31 12:09:12,388] {processor.py:163} INFO - Started process (PID=30592) to work on /home/airflow/.local/lib/python3.6/site-packages/airflow/example_dags/tutorial.py
[2025-05-31 12:09:12,390] {processor.py:642} INFO - Processing file /home/airflow/.local/lib/python3.6/site-packages/airflow/example_dags/tutorial.py for tasks to queue
[2025-05-31 12:09:12,391] {logging_mixin.py:109} INFO - [2025-05-31 12:09:12,391] {dagbag.py:500} INFO - Filling up the DagBag from /home/airflow/.local/lib/python3.6/site-packages/airflow/example_dags/tutorial.py
[2025-05-31 12:09:12,433] {processor.py:654} INFO - DAG(s) dict_keys(['tutorial']) retrieved from /home/airflow/.local/lib/python3.6/site-packages/airflow/example_dags/tutorial.py
[2025-05-31 12:09:12,448] {logging_mixin.py:109} INFO - [2025-05-31 12:09:12,448] {dag.py:2396} INFO - Sync 1 DAGs
[2025-05-31 12:09:12,474] {logging_mixin.py:109} INFO - [2025-05-31 12:09:12,474] {dag.py:2935} INFO - Setting next_dagrun for tutorial to 2025-05-30T12:09:12.474315+00:00
[2025-05-31 12:09:12,489] {processor.py:171} INFO - Processing /home/airflow/.local/lib/python3.6/site-packages/airflow/example_dags/tutorial.py took 0.107 seconds
[2025-05-31 12:09:43,118] {processor.py:163} INFO - Started process (PID=30777) to work on /home/airflow/.local/lib/python3.6/site-packages/airflow/example_dags/tutorial.py
[2025-05-31 12:09:43,120] {processor.py:642} INFO - Processing file /home/airflow/.local/lib/python3.6/site-packages/airflow/example_dags/tutorial.py for tasks to queue
[2025-05-31 12:09:43,121] {logging_mixin.py:109} INFO - [2025-05-31 12:09:43,121] {dagbag.py:500} INFO - Filling up the DagBag from /home/airflow/.local/lib/python3.6/site-packages/airflow/example_dags/tutorial.py
[2025-05-31 12:09:43,157] {processor.py:654} INFO - DAG(s) dict_keys(['tutorial']) retrieved from /home/airflow/.local/lib/python3.6/site-packages/airflow/example_dags/tutorial.py
[2025-05-31 12:09:43,171] {logging_mixin.py:109} INFO - [2025-05-31 12:09:43,171] {dag.py:2396} INFO - Sync 1 DAGs
[2025-05-31 12:09:43,194] {logging_mixin.py:109} INFO - [2025-05-31 12:09:43,193] {dag.py:2935} INFO - Setting next_dagrun for tutorial to 2025-05-30T12:09:43.193343+00:00
[2025-05-31 12:09:43,206] {processor.py:171} INFO - Processing /home/airflow/.local/lib/python3.6/site-packages/airflow/example_dags/tutorial.py took 0.093 seconds
[2025-05-31 12:10:13,370] {processor.py:163} INFO - Started process (PID=30962) to work on /home/airflow/.local/lib/python3.6/site-packages/airflow/example_dags/tutorial.py
[2025-05-31 12:10:13,372] {processor.py:642} INFO - Processing file /home/airflow/.local/lib/python3.6/site-packages/airflow/example_dags/tutorial.py for tasks to queue
[2025-05-31 12:10:13,373] {logging_mixin.py:109} INFO - [2025-05-31 12:10:13,373] {dagbag.py:500} INFO - Filling up the DagBag from /home/airflow/.local/lib/python3.6/site-packages/airflow/example_dags/tutorial.py
[2025-05-31 12:10:13,408] {processor.py:654} INFO - DAG(s) dict_keys(['tutorial']) retrieved from /home/airflow/.local/lib/python3.6/site-packages/airflow/example_dags/tutorial.py
[2025-05-31 12:10:13,421] {logging_mixin.py:109} INFO - [2025-05-31 12:10:13,421] {dag.py:2396} INFO - Sync 1 DAGs
[2025-05-31 12:10:13,441] {logging_mixin.py:109} INFO - [2025-05-31 12:10:13,441] {dag.py:2935} INFO - Setting next_dagrun for tutorial to 2025-05-30T12:10:13.440940+00:00
[2025-05-31 12:10:13,453] {processor.py:171} INFO - Processing /home/airflow/.local/lib/python3.6/site-packages/airflow/example_dags/tutorial.py took 0.088 seconds
[2025-05-31 12:10:44,262] {processor.py:163} INFO - Started process (PID=31157) to work on /home/airflow/.local/lib/python3.6/site-packages/airflow/example_dags/tutorial.py
[2025-05-31 12:10:44,265] {processor.py:642} INFO - Processing file /home/airflow/.local/lib/python3.6/site-packages/airflow/example_dags/tutorial.py for tasks to queue
[2025-05-31 12:10:44,266] {logging_mixin.py:109} INFO - [2025-05-31 12:10:44,266] {dagbag.py:500} INFO - Filling up the DagBag from /home/airflow/.local/lib/python3.6/site-packages/airflow/example_dags/tutorial.py
[2025-05-31 12:10:44,306] {processor.py:654} INFO - DAG(s) dict_keys(['tutorial']) retrieved from /home/airflow/.local/lib/python3.6/site-packages/airflow/example_dags/tutorial.py
[2025-05-31 12:10:44,325] {logging_mixin.py:109} INFO - [2025-05-31 12:10:44,325] {dag.py:2396} INFO - Sync 1 DAGs
[2025-05-31 12:10:44,354] {logging_mixin.py:109} INFO - [2025-05-31 12:10:44,354] {dag.py:2935} INFO - Setting next_dagrun for tutorial to 2025-05-30T12:10:44.354441+00:00
[2025-05-31 12:10:44,369] {processor.py:171} INFO - Processing /home/airflow/.local/lib/python3.6/site-packages/airflow/example_dags/tutorial.py took 0.111 seconds
[2025-05-31 17:31:07,619] {processor.py:163} INFO - Started process (PID=249) to work on /home/airflow/.local/lib/python3.6/site-packages/airflow/example_dags/tutorial.py
[2025-05-31 17:31:07,622] {processor.py:642} INFO - Processing file /home/airflow/.local/lib/python3.6/site-packages/airflow/example_dags/tutorial.py for tasks to queue
[2025-05-31 17:31:07,623] {logging_mixin.py:109} INFO - [2025-05-31 17:31:07,623] {dagbag.py:500} INFO - Filling up the DagBag from /home/airflow/.local/lib/python3.6/site-packages/airflow/example_dags/tutorial.py
[2025-05-31 17:31:07,676] {processor.py:654} INFO - DAG(s) dict_keys(['tutorial']) retrieved from /home/airflow/.local/lib/python3.6/site-packages/airflow/example_dags/tutorial.py
[2025-05-31 17:31:07,701] {logging_mixin.py:109} INFO - [2025-05-31 17:31:07,701] {dag.py:2396} INFO - Sync 1 DAGs
[2025-05-31 17:31:07,732] {logging_mixin.py:109} INFO - [2025-05-31 17:31:07,732] {dag.py:2935} INFO - Setting next_dagrun for tutorial to 2025-05-30T17:31:07.732296+00:00
[2025-05-31 17:31:07,750] {processor.py:171} INFO - Processing /home/airflow/.local/lib/python3.6/site-packages/airflow/example_dags/tutorial.py took 0.137 seconds
[2025-05-31 17:31:40,458] {processor.py:163} INFO - Started process (PID=429) to work on /home/airflow/.local/lib/python3.6/site-packages/airflow/example_dags/tutorial.py
[2025-05-31 17:31:40,460] {processor.py:642} INFO - Processing file /home/airflow/.local/lib/python3.6/site-packages/airflow/example_dags/tutorial.py for tasks to queue
[2025-05-31 17:31:40,462] {logging_mixin.py:109} INFO - [2025-05-31 17:31:40,461] {dagbag.py:500} INFO - Filling up the DagBag from /home/airflow/.local/lib/python3.6/site-packages/airflow/example_dags/tutorial.py
[2025-05-31 17:31:40,521] {processor.py:654} INFO - DAG(s) dict_keys(['tutorial']) retrieved from /home/airflow/.local/lib/python3.6/site-packages/airflow/example_dags/tutorial.py
[2025-05-31 17:31:40,541] {logging_mixin.py:109} INFO - [2025-05-31 17:31:40,541] {dag.py:2396} INFO - Sync 1 DAGs
[2025-05-31 17:31:40,577] {logging_mixin.py:109} INFO - [2025-05-31 17:31:40,577] {dag.py:2935} INFO - Setting next_dagrun for tutorial to 2025-05-30T17:31:40.576580+00:00
[2025-05-31 17:31:40,598] {processor.py:171} INFO - Processing /home/airflow/.local/lib/python3.6/site-packages/airflow/example_dags/tutorial.py took 0.147 seconds
[2025-05-31 17:32:12,236] {processor.py:163} INFO - Started process (PID=619) to work on /home/airflow/.local/lib/python3.6/site-packages/airflow/example_dags/tutorial.py
[2025-05-31 17:32:12,239] {processor.py:642} INFO - Processing file /home/airflow/.local/lib/python3.6/site-packages/airflow/example_dags/tutorial.py for tasks to queue
[2025-05-31 17:32:12,241] {logging_mixin.py:109} INFO - [2025-05-31 17:32:12,241] {dagbag.py:500} INFO - Filling up the DagBag from /home/airflow/.local/lib/python3.6/site-packages/airflow/example_dags/tutorial.py
[2025-05-31 17:32:12,153] {processor.py:654} INFO - DAG(s) dict_keys(['tutorial']) retrieved from /home/airflow/.local/lib/python3.6/site-packages/airflow/example_dags/tutorial.py
[2025-05-31 17:32:12,173] {logging_mixin.py:109} INFO - [2025-05-31 17:32:12,173] {dag.py:2396} INFO - Sync 1 DAGs
[2025-05-31 17:32:12,208] {logging_mixin.py:109} INFO - [2025-05-31 17:32:12,208] {dag.py:2935} INFO - Setting next_dagrun for tutorial to 2025-05-30T17:32:12.208323+00:00
[2025-05-31 17:32:12,228] {processor.py:171} INFO - Processing /home/airflow/.local/lib/python3.6/site-packages/airflow/example_dags/tutorial.py took 0.154 seconds
[2025-05-31 17:32:42,737] {processor.py:163} INFO - Started process (PID=812) to work on /home/airflow/.local/lib/python3.6/site-packages/airflow/example_dags/tutorial.py
[2025-05-31 17:32:42,740] {processor.py:642} INFO - Processing file /home/airflow/.local/lib/python3.6/site-packages/airflow/example_dags/tutorial.py for tasks to queue
[2025-05-31 17:32:42,742] {logging_mixin.py:109} INFO - [2025-05-31 17:32:42,741] {dagbag.py:500} INFO - Filling up the DagBag from /home/airflow/.local/lib/python3.6/site-packages/airflow/example_dags/tutorial.py
[2025-05-31 17:32:42,790] {processor.py:654} INFO - DAG(s) dict_keys(['tutorial']) retrieved from /home/airflow/.local/lib/python3.6/site-packages/airflow/example_dags/tutorial.py
[2025-05-31 17:32:42,811] {logging_mixin.py:109} INFO - [2025-05-31 17:32:42,810] {dag.py:2396} INFO - Sync 1 DAGs
[2025-05-31 17:32:42,842] {logging_mixin.py:109} INFO - [2025-05-31 17:32:42,842] {dag.py:2935} INFO - Setting next_dagrun for tutorial to 2025-05-30T17:32:42.842307+00:00
[2025-05-31 17:32:42,863] {processor.py:171} INFO - Processing /home/airflow/.local/lib/python3.6/site-packages/airflow/example_dags/tutorial.py took 0.131 seconds
[2025-05-31 17:33:14,021] {processor.py:163} INFO - Started process (PID=1005) to work on /home/airflow/.local/lib/python3.6/site-packages/airflow/example_dags/tutorial.py
[2025-05-31 17:33:14,024] {processor.py:642} INFO - Processing file /home/airflow/.local/lib/python3.6/site-packages/airflow/example_dags/tutorial.py for tasks to queue
[2025-05-31 17:33:14,026] {logging_mixin.py:109} INFO - [2025-05-31 17:33:14,025] {dagbag.py:500} INFO - Filling up the DagBag from /home/airflow/.local/lib/python3.6/site-packages/airflow/example_dags/tutorial.py
[2025-05-31 17:33:14,136] {processor.py:654} INFO - DAG(s) dict_keys(['tutorial']) retrieved from /home/airflow/.local/lib/python3.6/site-packages/airflow/example_dags/tutorial.py
[2025-05-31 17:33:14,192] {logging_mixin.py:109} INFO - [2025-05-31 17:33:14,192] {dag.py:2396} INFO - Sync 1 DAGs
[2025-05-31 17:33:14,271] {logging_mixin.py:109} INFO - [2025-05-31 17:33:14,271] {dag.py:2935} INFO - Setting next_dagrun for tutorial to 2025-05-30T17:33:14.270407+00:00
[2025-05-31 17:33:14,302] {processor.py:171} INFO - Processing /home/airflow/.local/lib/python3.6/site-packages/airflow/example_dags/tutorial.py took 0.288 seconds
[2025-05-31 17:33:44,679] {processor.py:163} INFO - Started process (PID=1199) to work on /home/airflow/.local/lib/python3.6/site-packages/airflow/example_dags/tutorial.py
[2025-05-31 17:33:44,681] {processor.py:642} INFO - Processing file /home/airflow/.local/lib/python3.6/site-packages/airflow/example_dags/tutorial.py for tasks to queue
[2025-05-31 17:33:44,683] {logging_mixin.py:109} INFO - [2025-05-31 17:33:44,683] {dagbag.py:500} INFO - Filling up the DagBag from /home/airflow/.local/lib/python3.6/site-packages/airflow/example_dags/tutorial.py
[2025-05-31 17:33:44,738] {processor.py:654} INFO - DAG(s) dict_keys(['tutorial']) retrieved from /home/airflow/.local/lib/python3.6/site-packages/airflow/example_dags/tutorial.py
[2025-05-31 17:33:44,755] {logging_mixin.py:109} INFO - [2025-05-31 17:33:44,755] {dag.py:2396} INFO - Sync 1 DAGs
[2025-05-31 17:33:44,788] {logging_mixin.py:109} INFO - [2025-05-31 17:33:44,787] {dag.py:2935} INFO - Setting next_dagrun for tutorial to 2025-05-30T17:33:44.787354+00:00
[2025-05-31 17:33:44,806] {processor.py:171} INFO - Processing /home/airflow/.local/lib/python3.6/site-packages/airflow/example_dags/tutorial.py took 0.132 seconds
[2025-05-31 17:34:14,908] {processor.py:163} INFO - Started process (PID=1387) to work on /home/airflow/.local/lib/python3.6/site-packages/airflow/example_dags/tutorial.py
[2025-05-31 17:34:14,912] {processor.py:642} INFO - Processing file /home/airflow/.local/lib/python3.6/site-packages/airflow/example_dags/tutorial.py for tasks to queue
[2025-05-31 17:34:14,914] {logging_mixin.py:109} INFO - [2025-05-31 17:34:14,913] {dagbag.py:500} INFO - Filling up the DagBag from /home/airflow/.local/lib/python3.6/site-packages/airflow/example_dags/tutorial.py
[2025-05-31 17:34:15,028] {processor.py:654} INFO - DAG(s) dict_keys(['tutorial']) retrieved from /home/airflow/.local/lib/python3.6/site-packages/airflow/example_dags/tutorial.py
[2025-05-31 17:34:15,073] {logging_mixin.py:109} INFO - [2025-05-31 17:34:15,072] {dag.py:2396} INFO - Sync 1 DAGs
[2025-05-31 17:34:15,178] {logging_mixin.py:109} INFO - [2025-05-31 17:34:15,178] {dag.py:2935} INFO - Setting next_dagrun for tutorial to 2025-05-30T17:34:15.177638+00:00
[2025-05-31 17:34:15,223] {processor.py:171} INFO - Processing /home/airflow/.local/lib/python3.6/site-packages/airflow/example_dags/tutorial.py took 0.323 seconds
[2025-05-31 17:34:46,752] {processor.py:163} INFO - Started process (PID=1581) to work on /home/airflow/.local/lib/python3.6/site-packages/airflow/example_dags/tutorial.py
[2025-05-31 17:34:46,756] {processor.py:642} INFO - Processing file /home/airflow/.local/lib/python3.6/site-packages/airflow/example_dags/tutorial.py for tasks to queue
[2025-05-31 17:34:46,758] {logging_mixin.py:109} INFO - [2025-05-31 17:34:46,758] {dagbag.py:500} INFO - Filling up the DagBag from /home/airflow/.local/lib/python3.6/site-packages/airflow/example_dags/tutorial.py
[2025-05-31 17:34:46,872] {processor.py:654} INFO - DAG(s) dict_keys(['tutorial']) retrieved from /home/airflow/.local/lib/python3.6/site-packages/airflow/example_dags/tutorial.py
[2025-05-31 17:34:46,953] {logging_mixin.py:109} INFO - [2025-05-31 17:34:46,952] {dag.py:2396} INFO - Sync 1 DAGs
[2025-05-31 17:34:47,167] {logging_mixin.py:109} INFO - [2025-05-31 17:34:47,166] {dag.py:2935} INFO - Setting next_dagrun for tutorial to 2025-05-30T17:34:47.093978+00:00
[2025-05-31 17:34:47,285] {processor.py:171} INFO - Processing /home/airflow/.local/lib/python3.6/site-packages/airflow/example_dags/tutorial.py took 0.540 seconds
[2025-05-31 17:35:18,203] {processor.py:163} INFO - Started process (PID=1760) to work on /home/airflow/.local/lib/python3.6/site-packages/airflow/example_dags/tutorial.py
[2025-05-31 17:35:18,205] {processor.py:642} INFO - Processing file /home/airflow/.local/lib/python3.6/site-packages/airflow/example_dags/tutorial.py for tasks to queue
[2025-05-31 17:35:18,208] {logging_mixin.py:109} INFO - [2025-05-31 17:35:18,208] {dagbag.py:500} INFO - Filling up the DagBag from /home/airflow/.local/lib/python3.6/site-packages/airflow/example_dags/tutorial.py
[2025-05-31 17:35:18,267] {processor.py:654} INFO - DAG(s) dict_keys(['tutorial']) retrieved from /home/airflow/.local/lib/python3.6/site-packages/airflow/example_dags/tutorial.py
[2025-05-31 17:35:18,290] {logging_mixin.py:109} INFO - [2025-05-31 17:35:18,290] {dag.py:2396} INFO - Sync 1 DAGs
[2025-05-31 17:35:18,332] {logging_mixin.py:109} INFO - [2025-05-31 17:35:18,332] {dag.py:2935} INFO - Setting next_dagrun for tutorial to 2025-05-30T17:35:18.331618+00:00
[2025-05-31 17:35:18,350] {processor.py:171} INFO - Processing /home/airflow/.local/lib/python3.6/site-packages/airflow/example_dags/tutorial.py took 0.153 seconds
[2025-05-31 17:35:49,075] {processor.py:163} INFO - Started process (PID=1940) to work on /home/airflow/.local/lib/python3.6/site-packages/airflow/example_dags/tutorial.py
[2025-05-31 17:35:49,077] {processor.py:642} INFO - Processing file /home/airflow/.local/lib/python3.6/site-packages/airflow/example_dags/tutorial.py for tasks to queue
[2025-05-31 17:35:49,078] {logging_mixin.py:109} INFO - [2025-05-31 17:35:49,078] {dagbag.py:500} INFO - Filling up the DagBag from /home/airflow/.local/lib/python3.6/site-packages/airflow/example_dags/tutorial.py
[2025-05-31 17:35:49,135] {processor.py:654} INFO - DAG(s) dict_keys(['tutorial']) retrieved from /home/airflow/.local/lib/python3.6/site-packages/airflow/example_dags/tutorial.py
[2025-05-31 17:35:49,163] {logging_mixin.py:109} INFO - [2025-05-31 17:35:49,163] {dag.py:2396} INFO - Sync 1 DAGs
[2025-05-31 17:35:49,203] {logging_mixin.py:109} INFO - [2025-05-31 17:35:49,203] {dag.py:2935} INFO - Setting next_dagrun for tutorial to 2025-05-30T17:35:49.202912+00:00
[2025-05-31 17:35:49,223] {processor.py:171} INFO - Processing /home/airflow/.local/lib/python3.6/site-packages/airflow/example_dags/tutorial.py took 0.153 seconds
[2025-05-31 17:36:19,295] {processor.py:163} INFO - Started process (PID=2170) to work on /home/airflow/.local/lib/python3.6/site-packages/airflow/example_dags/tutorial.py
[2025-05-31 17:36:19,297] {processor.py:642} INFO - Processing file /home/airflow/.local/lib/python3.6/site-packages/airflow/example_dags/tutorial.py for tasks to queue
[2025-05-31 17:36:19,299] {logging_mixin.py:109} INFO - [2025-05-31 17:36:19,299] {dagbag.py:500} INFO - Filling up the DagBag from /home/airflow/.local/lib/python3.6/site-packages/airflow/example_dags/tutorial.py
[2025-05-31 17:36:19,361] {processor.py:654} INFO - DAG(s) dict_keys(['tutorial']) retrieved from /home/airflow/.local/lib/python3.6/site-packages/airflow/example_dags/tutorial.py
[2025-05-31 17:36:19,387] {logging_mixin.py:109} INFO - [2025-05-31 17:36:19,386] {dag.py:2396} INFO - Sync 1 DAGs
[2025-05-31 17:36:19,429] {logging_mixin.py:109} INFO - [2025-05-31 17:36:19,429] {dag.py:2935} INFO - Setting next_dagrun for tutorial to 2025-05-30T17:36:19.429121+00:00
[2025-05-31 17:36:19,452] {processor.py:171} INFO - Processing /home/airflow/.local/lib/python3.6/site-packages/airflow/example_dags/tutorial.py took 0.162 seconds
[2025-05-31 17:36:50,857] {processor.py:163} INFO - Started process (PID=2362) to work on /home/airflow/.local/lib/python3.6/site-packages/airflow/example_dags/tutorial.py
[2025-05-31 17:36:50,859] {processor.py:642} INFO - Processing file /home/airflow/.local/lib/python3.6/site-packages/airflow/example_dags/tutorial.py for tasks to queue
[2025-05-31 17:36:50,861] {logging_mixin.py:109} INFO - [2025-05-31 17:36:50,860] {dagbag.py:500} INFO - Filling up the DagBag from /home/airflow/.local/lib/python3.6/site-packages/airflow/example_dags/tutorial.py
[2025-05-31 17:36:50,910] {processor.py:654} INFO - DAG(s) dict_keys(['tutorial']) retrieved from /home/airflow/.local/lib/python3.6/site-packages/airflow/example_dags/tutorial.py
[2025-05-31 17:36:50,930] {logging_mixin.py:109} INFO - [2025-05-31 17:36:50,930] {dag.py:2396} INFO - Sync 1 DAGs
[2025-05-31 17:36:50,961] {logging_mixin.py:109} INFO - [2025-05-31 17:36:50,960] {dag.py:2935} INFO - Setting next_dagrun for tutorial to 2025-05-30T17:36:50.960217+00:00
[2025-05-31 17:36:50,980] {processor.py:171} INFO - Processing /home/airflow/.local/lib/python3.6/site-packages/airflow/example_dags/tutorial.py took 0.128 seconds
[2025-05-31 17:37:22,950] {processor.py:163} INFO - Started process (PID=2558) to work on /home/airflow/.local/lib/python3.6/site-packages/airflow/example_dags/tutorial.py
[2025-05-31 17:37:22,953] {processor.py:642} INFO - Processing file /home/airflow/.local/lib/python3.6/site-packages/airflow/example_dags/tutorial.py for tasks to queue
[2025-05-31 17:37:22,955] {logging_mixin.py:109} INFO - [2025-05-31 17:37:22,955] {dagbag.py:500} INFO - Filling up the DagBag from /home/airflow/.local/lib/python3.6/site-packages/airflow/example_dags/tutorial.py
[2025-05-31 17:37:23,038] {processor.py:654} INFO - DAG(s) dict_keys(['tutorial']) retrieved from /home/airflow/.local/lib/python3.6/site-packages/airflow/example_dags/tutorial.py
[2025-05-31 17:37:23,070] {logging_mixin.py:109} INFO - [2025-05-31 17:37:23,069] {dag.py:2396} INFO - Sync 1 DAGs
[2025-05-31 17:37:23,131] {logging_mixin.py:109} INFO - [2025-05-31 17:37:23,130] {dag.py:2935} INFO - Setting next_dagrun for tutorial to 2025-05-30T17:37:23.130183+00:00
[2025-05-31 17:37:23,152] {processor.py:171} INFO - Processing /home/airflow/.local/lib/python3.6/site-packages/airflow/example_dags/tutorial.py took 0.209 seconds
[2025-05-31 17:37:54,542] {processor.py:163} INFO - Started process (PID=2756) to work on /home/airflow/.local/lib/python3.6/site-packages/airflow/example_dags/tutorial.py
[2025-05-31 17:37:54,544] {processor.py:642} INFO - Processing file /home/airflow/.local/lib/python3.6/site-packages/airflow/example_dags/tutorial.py for tasks to queue
[2025-05-31 17:37:54,546] {logging_mixin.py:109} INFO - [2025-05-31 17:37:54,546] {dagbag.py:500} INFO - Filling up the DagBag from /home/airflow/.local/lib/python3.6/site-packages/airflow/example_dags/tutorial.py
[2025-05-31 17:37:54,621] {processor.py:654} INFO - DAG(s) dict_keys(['tutorial']) retrieved from /home/airflow/.local/lib/python3.6/site-packages/airflow/example_dags/tutorial.py
[2025-05-31 17:37:54,652] {logging_mixin.py:109} INFO - [2025-05-31 17:37:54,652] {dag.py:2396} INFO - Sync 1 DAGs
[2025-05-31 17:37:54,693] {logging_mixin.py:109} INFO - [2025-05-31 17:37:54,693] {dag.py:2935} INFO - Setting next_dagrun for tutorial to 2025-05-30T17:37:54.692961+00:00
[2025-05-31 17:37:54,717] {processor.py:171} INFO - Processing /home/airflow/.local/lib/python3.6/site-packages/airflow/example_dags/tutorial.py took 0.183 seconds
[2025-05-31 17:38:24,883] {processor.py:163} INFO - Started process (PID=2944) to work on /home/airflow/.local/lib/python3.6/site-packages/airflow/example_dags/tutorial.py
[2025-05-31 17:38:24,886] {processor.py:642} INFO - Processing file /home/airflow/.local/lib/python3.6/site-packages/airflow/example_dags/tutorial.py for tasks to queue
[2025-05-31 17:38:24,887] {logging_mixin.py:109} INFO - [2025-05-31 17:38:24,887] {dagbag.py:500} INFO - Filling up the DagBag from /home/airflow/.local/lib/python3.6/site-packages/airflow/example_dags/tutorial.py
[2025-05-31 17:38:24,939] {processor.py:654} INFO - DAG(s) dict_keys(['tutorial']) retrieved from /home/airflow/.local/lib/python3.6/site-packages/airflow/example_dags/tutorial.py
[2025-05-31 17:38:24,960] {logging_mixin.py:109} INFO - [2025-05-31 17:38:24,960] {dag.py:2396} INFO - Sync 1 DAGs
[2025-05-31 17:38:24,992] {logging_mixin.py:109} INFO - [2025-05-31 17:38:24,992] {dag.py:2935} INFO - Setting next_dagrun for tutorial to 2025-05-30T17:38:24.991942+00:00
[2025-05-31 17:38:25,009] {processor.py:171} INFO - Processing /home/airflow/.local/lib/python3.6/site-packages/airflow/example_dags/tutorial.py took 0.132 seconds
[2025-05-31 17:38:55,825] {processor.py:163} INFO - Started process (PID=3137) to work on /home/airflow/.local/lib/python3.6/site-packages/airflow/example_dags/tutorial.py
[2025-05-31 17:38:55,828] {processor.py:642} INFO - Processing file /home/airflow/.local/lib/python3.6/site-packages/airflow/example_dags/tutorial.py for tasks to queue
[2025-05-31 17:38:55,830] {logging_mixin.py:109} INFO - [2025-05-31 17:38:55,830] {dagbag.py:500} INFO - Filling up the DagBag from /home/airflow/.local/lib/python3.6/site-packages/airflow/example_dags/tutorial.py
[2025-05-31 17:38:55,884] {processor.py:654} INFO - DAG(s) dict_keys(['tutorial']) retrieved from /home/airflow/.local/lib/python3.6/site-packages/airflow/example_dags/tutorial.py
[2025-05-31 17:38:55,905] {logging_mixin.py:109} INFO - [2025-05-31 17:38:55,905] {dag.py:2396} INFO - Sync 1 DAGs
[2025-05-31 17:38:55,942] {logging_mixin.py:109} INFO - [2025-05-31 17:38:55,941] {dag.py:2935} INFO - Setting next_dagrun for tutorial to 2025-05-30T17:38:55.941532+00:00
[2025-05-31 17:38:55,965] {processor.py:171} INFO - Processing /home/airflow/.local/lib/python3.6/site-packages/airflow/example_dags/tutorial.py took 0.145 seconds
[2025-05-31 17:39:29,396] {processor.py:163} INFO - Started process (PID=3363) to work on /home/airflow/.local/lib/python3.6/site-packages/airflow/example_dags/tutorial.py
[2025-05-31 17:39:29,400] {processor.py:642} INFO - Processing file /home/airflow/.local/lib/python3.6/site-packages/airflow/example_dags/tutorial.py for tasks to queue
[2025-05-31 17:39:29,407] {logging_mixin.py:109} INFO - [2025-05-31 17:39:29,406] {dagbag.py:500} INFO - Filling up the DagBag from /home/airflow/.local/lib/python3.6/site-packages/airflow/example_dags/tutorial.py
[2025-05-31 17:39:29,540] {processor.py:654} INFO - DAG(s) dict_keys(['tutorial']) retrieved from /home/airflow/.local/lib/python3.6/site-packages/airflow/example_dags/tutorial.py
[2025-05-31 17:39:29,569] {logging_mixin.py:109} INFO - [2025-05-31 17:39:29,568] {dag.py:2396} INFO - Sync 1 DAGs
[2025-05-31 17:39:29,620] {logging_mixin.py:109} INFO - [2025-05-31 17:39:29,620] {dag.py:2935} INFO - Setting next_dagrun for tutorial to 2025-05-30T17:39:29.619696+00:00
[2025-05-31 17:39:29,641] {processor.py:171} INFO - Processing /home/airflow/.local/lib/python3.6/site-packages/airflow/example_dags/tutorial.py took 0.264 seconds
[2025-05-31 17:40:00,569] {processor.py:163} INFO - Started process (PID=3554) to work on /home/airflow/.local/lib/python3.6/site-packages/airflow/example_dags/tutorial.py
[2025-05-31 17:40:00,572] {processor.py:642} INFO - Processing file /home/airflow/.local/lib/python3.6/site-packages/airflow/example_dags/tutorial.py for tasks to queue
[2025-05-31 17:40:00,574] {logging_mixin.py:109} INFO - [2025-05-31 17:40:00,574] {dagbag.py:500} INFO - Filling up the DagBag from /home/airflow/.local/lib/python3.6/site-packages/airflow/example_dags/tutorial.py
[2025-05-31 17:40:00,630] {processor.py:654} INFO - DAG(s) dict_keys(['tutorial']) retrieved from /home/airflow/.local/lib/python3.6/site-packages/airflow/example_dags/tutorial.py
[2025-05-31 17:40:00,649] {logging_mixin.py:109} INFO - [2025-05-31 17:40:00,649] {dag.py:2396} INFO - Sync 1 DAGs
[2025-05-31 17:40:00,685] {logging_mixin.py:109} INFO - [2025-05-31 17:40:00,685] {dag.py:2935} INFO - Setting next_dagrun for tutorial to 2025-05-30T17:40:00.684810+00:00
[2025-05-31 17:40:00,705] {processor.py:171} INFO - Processing /home/airflow/.local/lib/python3.6/site-packages/airflow/example_dags/tutorial.py took 0.142 seconds
[2025-05-31 17:40:30,887] {processor.py:163} INFO - Started process (PID=3749) to work on /home/airflow/.local/lib/python3.6/site-packages/airflow/example_dags/tutorial.py
[2025-05-31 17:40:30,890] {processor.py:642} INFO - Processing file /home/airflow/.local/lib/python3.6/site-packages/airflow/example_dags/tutorial.py for tasks to queue
[2025-05-31 17:40:30,892] {logging_mixin.py:109} INFO - [2025-05-31 17:40:30,892] {dagbag.py:500} INFO - Filling up the DagBag from /home/airflow/.local/lib/python3.6/site-packages/airflow/example_dags/tutorial.py
[2025-05-31 17:40:30,945] {processor.py:654} INFO - DAG(s) dict_keys(['tutorial']) retrieved from /home/airflow/.local/lib/python3.6/site-packages/airflow/example_dags/tutorial.py
[2025-05-31 17:40:30,966] {logging_mixin.py:109} INFO - [2025-05-31 17:40:30,966] {dag.py:2396} INFO - Sync 1 DAGs
[2025-05-31 17:40:31,000] {logging_mixin.py:109} INFO - [2025-05-31 17:40:31,000] {dag.py:2935} INFO - Setting next_dagrun for tutorial to 2025-05-30T17:40:31.000314+00:00
[2025-05-31 17:40:31,020] {processor.py:171} INFO - Processing /home/airflow/.local/lib/python3.6/site-packages/airflow/example_dags/tutorial.py took 0.139 seconds
[2025-05-31 17:41:03,215] {processor.py:163} INFO - Started process (PID=3941) to work on /home/airflow/.local/lib/python3.6/site-packages/airflow/example_dags/tutorial.py
[2025-05-31 17:41:03,218] {processor.py:642} INFO - Processing file /home/airflow/.local/lib/python3.6/site-packages/airflow/example_dags/tutorial.py for tasks to queue
[2025-05-31 17:41:03,227] {logging_mixin.py:109} INFO - [2025-05-31 17:41:03,226] {dagbag.py:500} INFO - Filling up the DagBag from /home/airflow/.local/lib/python3.6/site-packages/airflow/example_dags/tutorial.py
[2025-05-31 17:41:03,333] {processor.py:654} INFO - DAG(s) dict_keys(['tutorial']) retrieved from /home/airflow/.local/lib/python3.6/site-packages/airflow/example_dags/tutorial.py
[2025-05-31 17:41:03,371] {logging_mixin.py:109} INFO - [2025-05-31 17:41:03,371] {dag.py:2396} INFO - Sync 1 DAGs
[2025-05-31 17:41:03,457] {logging_mixin.py:109} INFO - [2025-05-31 17:41:03,457] {dag.py:2935} INFO - Setting next_dagrun for tutorial to 2025-05-30T17:41:03.456908+00:00
[2025-05-31 17:41:03,488] {processor.py:171} INFO - Processing /home/airflow/.local/lib/python3.6/site-packages/airflow/example_dags/tutorial.py took 0.283 seconds
[2025-05-31 17:41:34,237] {processor.py:163} INFO - Started process (PID=4134) to work on /home/airflow/.local/lib/python3.6/site-packages/airflow/example_dags/tutorial.py
[2025-05-31 17:41:34,240] {processor.py:642} INFO - Processing file /home/airflow/.local/lib/python3.6/site-packages/airflow/example_dags/tutorial.py for tasks to queue
[2025-05-31 17:41:34,242] {logging_mixin.py:109} INFO - [2025-05-31 17:41:34,242] {dagbag.py:500} INFO - Filling up the DagBag from /home/airflow/.local/lib/python3.6/site-packages/airflow/example_dags/tutorial.py
[2025-05-31 17:41:34,312] {processor.py:654} INFO - DAG(s) dict_keys(['tutorial']) retrieved from /home/airflow/.local/lib/python3.6/site-packages/airflow/example_dags/tutorial.py
[2025-05-31 17:41:34,340] {logging_mixin.py:109} INFO - [2025-05-31 17:41:34,340] {dag.py:2396} INFO - Sync 1 DAGs
[2025-05-31 17:41:34,409] {logging_mixin.py:109} INFO - [2025-05-31 17:41:34,409] {dag.py:2935} INFO - Setting next_dagrun for tutorial to 2025-05-30T17:41:34.408816+00:00
[2025-05-31 17:41:34,447] {processor.py:171} INFO - Processing /home/airflow/.local/lib/python3.6/site-packages/airflow/example_dags/tutorial.py took 0.219 seconds
[2025-05-31 17:42:07,222] {processor.py:163} INFO - Started process (PID=4327) to work on /home/airflow/.local/lib/python3.6/site-packages/airflow/example_dags/tutorial.py
[2025-05-31 17:42:07,225] {processor.py:642} INFO - Processing file /home/airflow/.local/lib/python3.6/site-packages/airflow/example_dags/tutorial.py for tasks to queue
[2025-05-31 17:42:07,227] {logging_mixin.py:109} INFO - [2025-05-31 17:42:07,227] {dagbag.py:500} INFO - Filling up the DagBag from /home/airflow/.local/lib/python3.6/site-packages/airflow/example_dags/tutorial.py
[2025-05-31 17:42:07,295] {processor.py:654} INFO - DAG(s) dict_keys(['tutorial']) retrieved from /home/airflow/.local/lib/python3.6/site-packages/airflow/example_dags/tutorial.py
[2025-05-31 17:42:07,321] {logging_mixin.py:109} INFO - [2025-05-31 17:42:07,321] {dag.py:2396} INFO - Sync 1 DAGs
[2025-05-31 17:42:07,364] {logging_mixin.py:109} INFO - [2025-05-31 17:42:07,363] {dag.py:2935} INFO - Setting next_dagrun for tutorial to 2025-05-30T17:42:07.363005+00:00
[2025-05-31 17:42:07,390] {processor.py:171} INFO - Processing /home/airflow/.local/lib/python3.6/site-packages/airflow/example_dags/tutorial.py took 0.176 seconds
[2025-05-31 17:42:39,121] {processor.py:163} INFO - Started process (PID=4520) to work on /home/airflow/.local/lib/python3.6/site-packages/airflow/example_dags/tutorial.py
[2025-05-31 17:42:39,124] {processor.py:642} INFO - Processing file /home/airflow/.local/lib/python3.6/site-packages/airflow/example_dags/tutorial.py for tasks to queue
[2025-05-31 17:42:39,127] {logging_mixin.py:109} INFO - [2025-05-31 17:42:39,127] {dagbag.py:500} INFO - Filling up the DagBag from /home/airflow/.local/lib/python3.6/site-packages/airflow/example_dags/tutorial.py
[2025-05-31 17:42:39,066] {processor.py:654} INFO - DAG(s) dict_keys(['tutorial']) retrieved from /home/airflow/.local/lib/python3.6/site-packages/airflow/example_dags/tutorial.py
[2025-05-31 17:42:39,093] {logging_mixin.py:109} INFO - [2025-05-31 17:42:39,093] {dag.py:2396} INFO - Sync 1 DAGs
[2025-05-31 17:42:39,128] {logging_mixin.py:109} INFO - [2025-05-31 17:42:39,128] {dag.py:2935} INFO - Setting next_dagrun for tutorial to 2025-05-30T17:42:39.127741+00:00
[2025-05-31 17:42:39,148] {processor.py:171} INFO - Processing /home/airflow/.local/lib/python3.6/site-packages/airflow/example_dags/tutorial.py took 0.191 seconds
[2025-05-31 17:43:10,528] {processor.py:163} INFO - Started process (PID=4713) to work on /home/airflow/.local/lib/python3.6/site-packages/airflow/example_dags/tutorial.py
[2025-05-31 17:43:10,531] {processor.py:642} INFO - Processing file /home/airflow/.local/lib/python3.6/site-packages/airflow/example_dags/tutorial.py for tasks to queue
[2025-05-31 17:43:10,533] {logging_mixin.py:109} INFO - [2025-05-31 17:43:10,532] {dagbag.py:500} INFO - Filling up the DagBag from /home/airflow/.local/lib/python3.6/site-packages/airflow/example_dags/tutorial.py
[2025-05-31 17:43:10,586] {processor.py:654} INFO - DAG(s) dict_keys(['tutorial']) retrieved from /home/airflow/.local/lib/python3.6/site-packages/airflow/example_dags/tutorial.py
[2025-05-31 17:43:10,607] {logging_mixin.py:109} INFO - [2025-05-31 17:43:10,607] {dag.py:2396} INFO - Sync 1 DAGs
[2025-05-31 17:43:10,645] {logging_mixin.py:109} INFO - [2025-05-31 17:43:10,645] {dag.py:2935} INFO - Setting next_dagrun for tutorial to 2025-05-30T17:43:10.645292+00:00
[2025-05-31 17:43:10,666] {processor.py:171} INFO - Processing /home/airflow/.local/lib/python3.6/site-packages/airflow/example_dags/tutorial.py took 0.145 seconds
[2025-05-31 17:43:42,657] {processor.py:163} INFO - Started process (PID=4906) to work on /home/airflow/.local/lib/python3.6/site-packages/airflow/example_dags/tutorial.py
[2025-05-31 17:43:42,659] {processor.py:642} INFO - Processing file /home/airflow/.local/lib/python3.6/site-packages/airflow/example_dags/tutorial.py for tasks to queue
[2025-05-31 17:43:42,661] {logging_mixin.py:109} INFO - [2025-05-31 17:43:42,660] {dagbag.py:500} INFO - Filling up the DagBag from /home/airflow/.local/lib/python3.6/site-packages/airflow/example_dags/tutorial.py
[2025-05-31 17:43:42,718] {processor.py:654} INFO - DAG(s) dict_keys(['tutorial']) retrieved from /home/airflow/.local/lib/python3.6/site-packages/airflow/example_dags/tutorial.py
[2025-05-31 17:43:42,738] {logging_mixin.py:109} INFO - [2025-05-31 17:43:42,738] {dag.py:2396} INFO - Sync 1 DAGs
[2025-05-31 17:43:42,777] {logging_mixin.py:109} INFO - [2025-05-31 17:43:42,777] {dag.py:2935} INFO - Setting next_dagrun for tutorial to 2025-05-30T17:43:42.776785+00:00
[2025-05-31 17:43:42,797] {processor.py:171} INFO - Processing /home/airflow/.local/lib/python3.6/site-packages/airflow/example_dags/tutorial.py took 0.146 seconds
[2025-05-31 17:44:14,772] {processor.py:163} INFO - Started process (PID=5099) to work on /home/airflow/.local/lib/python3.6/site-packages/airflow/example_dags/tutorial.py
[2025-05-31 17:44:14,774] {processor.py:642} INFO - Processing file /home/airflow/.local/lib/python3.6/site-packages/airflow/example_dags/tutorial.py for tasks to queue
[2025-05-31 17:44:14,776] {logging_mixin.py:109} INFO - [2025-05-31 17:44:14,776] {dagbag.py:500} INFO - Filling up the DagBag from /home/airflow/.local/lib/python3.6/site-packages/airflow/example_dags/tutorial.py
[2025-05-31 17:44:14,848] {processor.py:654} INFO - DAG(s) dict_keys(['tutorial']) retrieved from /home/airflow/.local/lib/python3.6/site-packages/airflow/example_dags/tutorial.py
[2025-05-31 17:44:14,871] {logging_mixin.py:109} INFO - [2025-05-31 17:44:14,871] {dag.py:2396} INFO - Sync 1 DAGs
[2025-05-31 17:44:14,909] {logging_mixin.py:109} INFO - [2025-05-31 17:44:14,909] {dag.py:2935} INFO - Setting next_dagrun for tutorial to 2025-05-30T17:44:14.908586+00:00
[2025-05-31 17:44:14,928] {processor.py:171} INFO - Processing /home/airflow/.local/lib/python3.6/site-packages/airflow/example_dags/tutorial.py took 0.164 seconds
[2025-05-31 17:44:45,108] {processor.py:163} INFO - Started process (PID=5279) to work on /home/airflow/.local/lib/python3.6/site-packages/airflow/example_dags/tutorial.py
[2025-05-31 17:44:45,111] {processor.py:642} INFO - Processing file /home/airflow/.local/lib/python3.6/site-packages/airflow/example_dags/tutorial.py for tasks to queue
[2025-05-31 17:44:45,112] {logging_mixin.py:109} INFO - [2025-05-31 17:44:45,112] {dagbag.py:500} INFO - Filling up the DagBag from /home/airflow/.local/lib/python3.6/site-packages/airflow/example_dags/tutorial.py
[2025-05-31 17:44:45,174] {processor.py:654} INFO - DAG(s) dict_keys(['tutorial']) retrieved from /home/airflow/.local/lib/python3.6/site-packages/airflow/example_dags/tutorial.py
[2025-05-31 17:44:45,195] {logging_mixin.py:109} INFO - [2025-05-31 17:44:45,195] {dag.py:2396} INFO - Sync 1 DAGs
[2025-05-31 17:44:45,232] {logging_mixin.py:109} INFO - [2025-05-31 17:44:45,232] {dag.py:2935} INFO - Setting next_dagrun for tutorial to 2025-05-30T17:44:45.232066+00:00
[2025-05-31 17:44:45,253] {processor.py:171} INFO - Processing /home/airflow/.local/lib/python3.6/site-packages/airflow/example_dags/tutorial.py took 0.152 seconds
