[2025-05-31 10:45:45,236] {processor.py:163} INFO - Started process (PID=199) to work on /home/airflow/.local/lib/python3.6/site-packages/airflow/example_dags/tutorial_taskflow_api_etl.py
[2025-05-31 10:45:45,239] {processor.py:642} INFO - Processing file /home/airflow/.local/lib/python3.6/site-packages/airflow/example_dags/tutorial_taskflow_api_etl.py for tasks to queue
[2025-05-31 10:45:45,241] {logging_mixin.py:109} INFO - [2025-05-31 10:45:45,241] {dagbag.py:500} INFO - Filling up the DagBag from /home/airflow/.local/lib/python3.6/site-packages/airflow/example_dags/tutorial_taskflow_api_etl.py
[2025-05-31 10:45:45,311] {processor.py:654} INFO - DAG(s) dict_keys(['tutorial_taskflow_api_etl']) retrieved from /home/airflow/.local/lib/python3.6/site-packages/airflow/example_dags/tutorial_taskflow_api_etl.py
[2025-05-31 10:45:46,531] {logging_mixin.py:109} INFO - [2025-05-31 10:45:46,531] {dag.py:2396} INFO - Sync 1 DAGs
[2025-05-31 10:45:46,564] {logging_mixin.py:109} INFO - [2025-05-31 10:45:46,564] {dag.py:2935} INFO - Setting next_dagrun for tutorial_taskflow_api_etl to None
[2025-05-31 10:45:46,626] {processor.py:171} INFO - Processing /home/airflow/.local/lib/python3.6/site-packages/airflow/example_dags/tutorial_taskflow_api_etl.py took 1.396 seconds
[2025-05-31 10:46:17,435] {processor.py:163} INFO - Started process (PID=379) to work on /home/airflow/.local/lib/python3.6/site-packages/airflow/example_dags/tutorial_taskflow_api_etl.py
[2025-05-31 10:46:17,437] {processor.py:642} INFO - Processing file /home/airflow/.local/lib/python3.6/site-packages/airflow/example_dags/tutorial_taskflow_api_etl.py for tasks to queue
[2025-05-31 10:46:17,439] {logging_mixin.py:109} INFO - [2025-05-31 10:46:17,439] {dagbag.py:500} INFO - Filling up the DagBag from /home/airflow/.local/lib/python3.6/site-packages/airflow/example_dags/tutorial_taskflow_api_etl.py
[2025-05-31 10:46:17,545] {processor.py:654} INFO - DAG(s) dict_keys(['tutorial_taskflow_api_etl']) retrieved from /home/airflow/.local/lib/python3.6/site-packages/airflow/example_dags/tutorial_taskflow_api_etl.py
[2025-05-31 10:46:18,324] {logging_mixin.py:109} INFO - [2025-05-31 10:46:18,323] {dag.py:2396} INFO - Sync 1 DAGs
[2025-05-31 10:46:18,358] {logging_mixin.py:109} INFO - [2025-05-31 10:46:18,358] {dag.py:2935} INFO - Setting next_dagrun for tutorial_taskflow_api_etl to None
[2025-05-31 10:46:18,383] {processor.py:171} INFO - Processing /home/airflow/.local/lib/python3.6/site-packages/airflow/example_dags/tutorial_taskflow_api_etl.py took 0.966 seconds
[2025-05-31 10:46:48,952] {processor.py:163} INFO - Started process (PID=559) to work on /home/airflow/.local/lib/python3.6/site-packages/airflow/example_dags/tutorial_taskflow_api_etl.py
[2025-05-31 10:46:48,954] {processor.py:642} INFO - Processing file /home/airflow/.local/lib/python3.6/site-packages/airflow/example_dags/tutorial_taskflow_api_etl.py for tasks to queue
[2025-05-31 10:46:48,954] {logging_mixin.py:109} INFO - [2025-05-31 10:46:48,954] {dagbag.py:500} INFO - Filling up the DagBag from /home/airflow/.local/lib/python3.6/site-packages/airflow/example_dags/tutorial_taskflow_api_etl.py
[2025-05-31 10:46:48,989] {processor.py:654} INFO - DAG(s) dict_keys(['tutorial_taskflow_api_etl']) retrieved from /home/airflow/.local/lib/python3.6/site-packages/airflow/example_dags/tutorial_taskflow_api_etl.py
[2025-05-31 10:46:49,386] {logging_mixin.py:109} INFO - [2025-05-31 10:46:49,386] {dag.py:2396} INFO - Sync 1 DAGs
[2025-05-31 10:46:49,405] {logging_mixin.py:109} INFO - [2025-05-31 10:46:49,405] {dag.py:2935} INFO - Setting next_dagrun for tutorial_taskflow_api_etl to None
[2025-05-31 10:46:49,419] {processor.py:171} INFO - Processing /home/airflow/.local/lib/python3.6/site-packages/airflow/example_dags/tutorial_taskflow_api_etl.py took 0.471 seconds
[2025-05-31 10:47:19,906] {processor.py:163} INFO - Started process (PID=749) to work on /home/airflow/.local/lib/python3.6/site-packages/airflow/example_dags/tutorial_taskflow_api_etl.py
[2025-05-31 10:47:19,907] {processor.py:642} INFO - Processing file /home/airflow/.local/lib/python3.6/site-packages/airflow/example_dags/tutorial_taskflow_api_etl.py for tasks to queue
[2025-05-31 10:47:19,908] {logging_mixin.py:109} INFO - [2025-05-31 10:47:19,908] {dagbag.py:500} INFO - Filling up the DagBag from /home/airflow/.local/lib/python3.6/site-packages/airflow/example_dags/tutorial_taskflow_api_etl.py
[2025-05-31 10:47:19,944] {processor.py:654} INFO - DAG(s) dict_keys(['tutorial_taskflow_api_etl']) retrieved from /home/airflow/.local/lib/python3.6/site-packages/airflow/example_dags/tutorial_taskflow_api_etl.py
[2025-05-31 10:47:20,397] {logging_mixin.py:109} INFO - [2025-05-31 10:47:20,397] {dag.py:2396} INFO - Sync 1 DAGs
[2025-05-31 10:47:20,420] {logging_mixin.py:109} INFO - [2025-05-31 10:47:20,420] {dag.py:2935} INFO - Setting next_dagrun for tutorial_taskflow_api_etl to None
[2025-05-31 10:47:20,436] {processor.py:171} INFO - Processing /home/airflow/.local/lib/python3.6/site-packages/airflow/example_dags/tutorial_taskflow_api_etl.py took 0.533 seconds
[2025-05-31 10:47:50,818] {processor.py:163} INFO - Started process (PID=930) to work on /home/airflow/.local/lib/python3.6/site-packages/airflow/example_dags/tutorial_taskflow_api_etl.py
[2025-05-31 10:47:50,820] {processor.py:642} INFO - Processing file /home/airflow/.local/lib/python3.6/site-packages/airflow/example_dags/tutorial_taskflow_api_etl.py for tasks to queue
[2025-05-31 10:47:50,820] {logging_mixin.py:109} INFO - [2025-05-31 10:47:50,820] {dagbag.py:500} INFO - Filling up the DagBag from /home/airflow/.local/lib/python3.6/site-packages/airflow/example_dags/tutorial_taskflow_api_etl.py
[2025-05-31 10:47:50,855] {processor.py:654} INFO - DAG(s) dict_keys(['tutorial_taskflow_api_etl']) retrieved from /home/airflow/.local/lib/python3.6/site-packages/airflow/example_dags/tutorial_taskflow_api_etl.py
[2025-05-31 10:47:51,309] {logging_mixin.py:109} INFO - [2025-05-31 10:47:51,308] {dag.py:2396} INFO - Sync 1 DAGs
[2025-05-31 10:47:51,340] {logging_mixin.py:109} INFO - [2025-05-31 10:47:51,339] {dag.py:2935} INFO - Setting next_dagrun for tutorial_taskflow_api_etl to None
[2025-05-31 10:47:51,356] {processor.py:171} INFO - Processing /home/airflow/.local/lib/python3.6/site-packages/airflow/example_dags/tutorial_taskflow_api_etl.py took 0.541 seconds
[2025-05-31 10:48:22,185] {processor.py:163} INFO - Started process (PID=1120) to work on /home/airflow/.local/lib/python3.6/site-packages/airflow/example_dags/tutorial_taskflow_api_etl.py
[2025-05-31 10:48:22,187] {processor.py:642} INFO - Processing file /home/airflow/.local/lib/python3.6/site-packages/airflow/example_dags/tutorial_taskflow_api_etl.py for tasks to queue
[2025-05-31 10:48:22,188] {logging_mixin.py:109} INFO - [2025-05-31 10:48:22,188] {dagbag.py:500} INFO - Filling up the DagBag from /home/airflow/.local/lib/python3.6/site-packages/airflow/example_dags/tutorial_taskflow_api_etl.py
[2025-05-31 10:48:22,249] {processor.py:654} INFO - DAG(s) dict_keys(['tutorial_taskflow_api_etl']) retrieved from /home/airflow/.local/lib/python3.6/site-packages/airflow/example_dags/tutorial_taskflow_api_etl.py
[2025-05-31 10:48:22,685] {logging_mixin.py:109} INFO - [2025-05-31 10:48:22,685] {dag.py:2396} INFO - Sync 1 DAGs
[2025-05-31 10:48:22,705] {logging_mixin.py:109} INFO - [2025-05-31 10:48:22,705] {dag.py:2935} INFO - Setting next_dagrun for tutorial_taskflow_api_etl to None
[2025-05-31 10:48:22,719] {processor.py:171} INFO - Processing /home/airflow/.local/lib/python3.6/site-packages/airflow/example_dags/tutorial_taskflow_api_etl.py took 0.540 seconds
[2025-05-31 10:48:53,075] {processor.py:163} INFO - Started process (PID=1300) to work on /home/airflow/.local/lib/python3.6/site-packages/airflow/example_dags/tutorial_taskflow_api_etl.py
[2025-05-31 10:48:53,076] {processor.py:642} INFO - Processing file /home/airflow/.local/lib/python3.6/site-packages/airflow/example_dags/tutorial_taskflow_api_etl.py for tasks to queue
[2025-05-31 10:48:53,078] {logging_mixin.py:109} INFO - [2025-05-31 10:48:53,078] {dagbag.py:500} INFO - Filling up the DagBag from /home/airflow/.local/lib/python3.6/site-packages/airflow/example_dags/tutorial_taskflow_api_etl.py
[2025-05-31 10:48:53,114] {processor.py:654} INFO - DAG(s) dict_keys(['tutorial_taskflow_api_etl']) retrieved from /home/airflow/.local/lib/python3.6/site-packages/airflow/example_dags/tutorial_taskflow_api_etl.py
[2025-05-31 10:48:53,663] {logging_mixin.py:109} INFO - [2025-05-31 10:48:53,663] {dag.py:2396} INFO - Sync 1 DAGs
[2025-05-31 10:48:53,688] {logging_mixin.py:109} INFO - [2025-05-31 10:48:53,688] {dag.py:2935} INFO - Setting next_dagrun for tutorial_taskflow_api_etl to None
[2025-05-31 10:48:53,708] {processor.py:171} INFO - Processing /home/airflow/.local/lib/python3.6/site-packages/airflow/example_dags/tutorial_taskflow_api_etl.py took 0.637 seconds
[2025-05-31 10:49:23,888] {processor.py:163} INFO - Started process (PID=1480) to work on /home/airflow/.local/lib/python3.6/site-packages/airflow/example_dags/tutorial_taskflow_api_etl.py
[2025-05-31 10:49:23,891] {processor.py:642} INFO - Processing file /home/airflow/.local/lib/python3.6/site-packages/airflow/example_dags/tutorial_taskflow_api_etl.py for tasks to queue
[2025-05-31 10:49:23,893] {logging_mixin.py:109} INFO - [2025-05-31 10:49:23,893] {dagbag.py:500} INFO - Filling up the DagBag from /home/airflow/.local/lib/python3.6/site-packages/airflow/example_dags/tutorial_taskflow_api_etl.py
[2025-05-31 10:49:23,946] {processor.py:654} INFO - DAG(s) dict_keys(['tutorial_taskflow_api_etl']) retrieved from /home/airflow/.local/lib/python3.6/site-packages/airflow/example_dags/tutorial_taskflow_api_etl.py
[2025-05-31 10:49:23,963] {logging_mixin.py:109} INFO - [2025-05-31 10:49:23,963] {dag.py:2396} INFO - Sync 1 DAGs
[2025-05-31 10:49:23,995] {logging_mixin.py:109} INFO - [2025-05-31 10:49:23,995] {dag.py:2935} INFO - Setting next_dagrun for tutorial_taskflow_api_etl to None
[2025-05-31 10:49:24,012] {processor.py:171} INFO - Processing /home/airflow/.local/lib/python3.6/site-packages/airflow/example_dags/tutorial_taskflow_api_etl.py took 0.128 seconds
[2025-05-31 10:49:54,124] {processor.py:163} INFO - Started process (PID=1660) to work on /home/airflow/.local/lib/python3.6/site-packages/airflow/example_dags/tutorial_taskflow_api_etl.py
[2025-05-31 10:49:54,125] {processor.py:642} INFO - Processing file /home/airflow/.local/lib/python3.6/site-packages/airflow/example_dags/tutorial_taskflow_api_etl.py for tasks to queue
[2025-05-31 10:49:54,126] {logging_mixin.py:109} INFO - [2025-05-31 10:49:54,126] {dagbag.py:500} INFO - Filling up the DagBag from /home/airflow/.local/lib/python3.6/site-packages/airflow/example_dags/tutorial_taskflow_api_etl.py
[2025-05-31 10:49:54,161] {processor.py:654} INFO - DAG(s) dict_keys(['tutorial_taskflow_api_etl']) retrieved from /home/airflow/.local/lib/python3.6/site-packages/airflow/example_dags/tutorial_taskflow_api_etl.py
[2025-05-31 10:49:54,501] {logging_mixin.py:109} INFO - [2025-05-31 10:49:54,501] {dag.py:2396} INFO - Sync 1 DAGs
[2025-05-31 10:49:54,520] {logging_mixin.py:109} INFO - [2025-05-31 10:49:54,520] {dag.py:2935} INFO - Setting next_dagrun for tutorial_taskflow_api_etl to None
[2025-05-31 10:49:54,533] {processor.py:171} INFO - Processing /home/airflow/.local/lib/python3.6/site-packages/airflow/example_dags/tutorial_taskflow_api_etl.py took 0.413 seconds
[2025-05-31 10:50:24,772] {processor.py:163} INFO - Started process (PID=1851) to work on /home/airflow/.local/lib/python3.6/site-packages/airflow/example_dags/tutorial_taskflow_api_etl.py
[2025-05-31 10:50:24,773] {processor.py:642} INFO - Processing file /home/airflow/.local/lib/python3.6/site-packages/airflow/example_dags/tutorial_taskflow_api_etl.py for tasks to queue
[2025-05-31 10:50:24,775] {logging_mixin.py:109} INFO - [2025-05-31 10:50:24,774] {dagbag.py:500} INFO - Filling up the DagBag from /home/airflow/.local/lib/python3.6/site-packages/airflow/example_dags/tutorial_taskflow_api_etl.py
[2025-05-31 10:50:24,823] {processor.py:654} INFO - DAG(s) dict_keys(['tutorial_taskflow_api_etl']) retrieved from /home/airflow/.local/lib/python3.6/site-packages/airflow/example_dags/tutorial_taskflow_api_etl.py
[2025-05-31 10:50:25,256] {logging_mixin.py:109} INFO - [2025-05-31 10:50:25,256] {dag.py:2396} INFO - Sync 1 DAGs
[2025-05-31 10:50:25,280] {logging_mixin.py:109} INFO - [2025-05-31 10:50:25,280] {dag.py:2935} INFO - Setting next_dagrun for tutorial_taskflow_api_etl to None
[2025-05-31 10:50:25,306] {processor.py:171} INFO - Processing /home/airflow/.local/lib/python3.6/site-packages/airflow/example_dags/tutorial_taskflow_api_etl.py took 0.538 seconds
[2025-05-31 10:50:55,388] {processor.py:163} INFO - Started process (PID=2030) to work on /home/airflow/.local/lib/python3.6/site-packages/airflow/example_dags/tutorial_taskflow_api_etl.py
[2025-05-31 10:50:55,389] {processor.py:642} INFO - Processing file /home/airflow/.local/lib/python3.6/site-packages/airflow/example_dags/tutorial_taskflow_api_etl.py for tasks to queue
[2025-05-31 10:50:55,390] {logging_mixin.py:109} INFO - [2025-05-31 10:50:55,390] {dagbag.py:500} INFO - Filling up the DagBag from /home/airflow/.local/lib/python3.6/site-packages/airflow/example_dags/tutorial_taskflow_api_etl.py
[2025-05-31 10:50:55,424] {processor.py:654} INFO - DAG(s) dict_keys(['tutorial_taskflow_api_etl']) retrieved from /home/airflow/.local/lib/python3.6/site-packages/airflow/example_dags/tutorial_taskflow_api_etl.py
[2025-05-31 10:50:55,855] {logging_mixin.py:109} INFO - [2025-05-31 10:50:55,854] {dag.py:2396} INFO - Sync 1 DAGs
[2025-05-31 10:50:55,874] {logging_mixin.py:109} INFO - [2025-05-31 10:50:55,874] {dag.py:2935} INFO - Setting next_dagrun for tutorial_taskflow_api_etl to None
[2025-05-31 10:50:55,889] {processor.py:171} INFO - Processing /home/airflow/.local/lib/python3.6/site-packages/airflow/example_dags/tutorial_taskflow_api_etl.py took 0.504 seconds
[2025-05-31 10:51:25,970] {processor.py:163} INFO - Started process (PID=2211) to work on /home/airflow/.local/lib/python3.6/site-packages/airflow/example_dags/tutorial_taskflow_api_etl.py
[2025-05-31 10:51:25,972] {processor.py:642} INFO - Processing file /home/airflow/.local/lib/python3.6/site-packages/airflow/example_dags/tutorial_taskflow_api_etl.py for tasks to queue
[2025-05-31 10:51:25,973] {logging_mixin.py:109} INFO - [2025-05-31 10:51:25,973] {dagbag.py:500} INFO - Filling up the DagBag from /home/airflow/.local/lib/python3.6/site-packages/airflow/example_dags/tutorial_taskflow_api_etl.py
[2025-05-31 10:51:26,014] {processor.py:654} INFO - DAG(s) dict_keys(['tutorial_taskflow_api_etl']) retrieved from /home/airflow/.local/lib/python3.6/site-packages/airflow/example_dags/tutorial_taskflow_api_etl.py
[2025-05-31 10:51:26,487] {logging_mixin.py:109} INFO - [2025-05-31 10:51:26,487] {dag.py:2396} INFO - Sync 1 DAGs
[2025-05-31 10:51:26,511] {logging_mixin.py:109} INFO - [2025-05-31 10:51:26,511] {dag.py:2935} INFO - Setting next_dagrun for tutorial_taskflow_api_etl to None
[2025-05-31 10:51:26,530] {processor.py:171} INFO - Processing /home/airflow/.local/lib/python3.6/site-packages/airflow/example_dags/tutorial_taskflow_api_etl.py took 0.563 seconds
[2025-05-31 10:51:57,518] {processor.py:163} INFO - Started process (PID=2391) to work on /home/airflow/.local/lib/python3.6/site-packages/airflow/example_dags/tutorial_taskflow_api_etl.py
[2025-05-31 10:51:57,520] {processor.py:642} INFO - Processing file /home/airflow/.local/lib/python3.6/site-packages/airflow/example_dags/tutorial_taskflow_api_etl.py for tasks to queue
[2025-05-31 10:51:57,521] {logging_mixin.py:109} INFO - [2025-05-31 10:51:57,521] {dagbag.py:500} INFO - Filling up the DagBag from /home/airflow/.local/lib/python3.6/site-packages/airflow/example_dags/tutorial_taskflow_api_etl.py
[2025-05-31 10:51:57,562] {processor.py:654} INFO - DAG(s) dict_keys(['tutorial_taskflow_api_etl']) retrieved from /home/airflow/.local/lib/python3.6/site-packages/airflow/example_dags/tutorial_taskflow_api_etl.py
[2025-05-31 10:51:57,962] {logging_mixin.py:109} INFO - [2025-05-31 10:51:57,962] {dag.py:2396} INFO - Sync 1 DAGs
[2025-05-31 10:51:57,985] {logging_mixin.py:109} INFO - [2025-05-31 10:51:57,985] {dag.py:2935} INFO - Setting next_dagrun for tutorial_taskflow_api_etl to None
[2025-05-31 10:51:58,001] {processor.py:171} INFO - Processing /home/airflow/.local/lib/python3.6/site-packages/airflow/example_dags/tutorial_taskflow_api_etl.py took 0.487 seconds
[2025-05-31 10:52:28,206] {processor.py:163} INFO - Started process (PID=2581) to work on /home/airflow/.local/lib/python3.6/site-packages/airflow/example_dags/tutorial_taskflow_api_etl.py
[2025-05-31 10:52:28,225] {processor.py:642} INFO - Processing file /home/airflow/.local/lib/python3.6/site-packages/airflow/example_dags/tutorial_taskflow_api_etl.py for tasks to queue
[2025-05-31 10:52:28,227] {logging_mixin.py:109} INFO - [2025-05-31 10:52:28,227] {dagbag.py:500} INFO - Filling up the DagBag from /home/airflow/.local/lib/python3.6/site-packages/airflow/example_dags/tutorial_taskflow_api_etl.py
[2025-05-31 10:52:28,287] {processor.py:654} INFO - DAG(s) dict_keys(['tutorial_taskflow_api_etl']) retrieved from /home/airflow/.local/lib/python3.6/site-packages/airflow/example_dags/tutorial_taskflow_api_etl.py
[2025-05-31 10:52:28,912] {logging_mixin.py:109} INFO - [2025-05-31 10:52:28,911] {dag.py:2396} INFO - Sync 1 DAGs
[2025-05-31 10:52:28,945] {logging_mixin.py:109} INFO - [2025-05-31 10:52:28,945] {dag.py:2935} INFO - Setting next_dagrun for tutorial_taskflow_api_etl to None
[2025-05-31 10:52:28,969] {processor.py:171} INFO - Processing /home/airflow/.local/lib/python3.6/site-packages/airflow/example_dags/tutorial_taskflow_api_etl.py took 0.769 seconds
[2025-05-31 10:52:59,159] {processor.py:163} INFO - Started process (PID=2761) to work on /home/airflow/.local/lib/python3.6/site-packages/airflow/example_dags/tutorial_taskflow_api_etl.py
[2025-05-31 10:52:59,161] {processor.py:642} INFO - Processing file /home/airflow/.local/lib/python3.6/site-packages/airflow/example_dags/tutorial_taskflow_api_etl.py for tasks to queue
[2025-05-31 10:52:59,162] {logging_mixin.py:109} INFO - [2025-05-31 10:52:59,162] {dagbag.py:500} INFO - Filling up the DagBag from /home/airflow/.local/lib/python3.6/site-packages/airflow/example_dags/tutorial_taskflow_api_etl.py
[2025-05-31 10:52:59,217] {processor.py:654} INFO - DAG(s) dict_keys(['tutorial_taskflow_api_etl']) retrieved from /home/airflow/.local/lib/python3.6/site-packages/airflow/example_dags/tutorial_taskflow_api_etl.py
[2025-05-31 10:53:00,651] {logging_mixin.py:109} INFO - [2025-05-31 10:53:00,651] {dag.py:2396} INFO - Sync 1 DAGs
[2025-05-31 10:53:00,707] {logging_mixin.py:109} INFO - [2025-05-31 10:53:00,707] {dag.py:2935} INFO - Setting next_dagrun for tutorial_taskflow_api_etl to None
[2025-05-31 10:53:00,752] {processor.py:171} INFO - Processing /home/airflow/.local/lib/python3.6/site-packages/airflow/example_dags/tutorial_taskflow_api_etl.py took 1.597 seconds
[2025-05-31 10:53:31,418] {processor.py:163} INFO - Started process (PID=2941) to work on /home/airflow/.local/lib/python3.6/site-packages/airflow/example_dags/tutorial_taskflow_api_etl.py
[2025-05-31 10:53:31,427] {processor.py:642} INFO - Processing file /home/airflow/.local/lib/python3.6/site-packages/airflow/example_dags/tutorial_taskflow_api_etl.py for tasks to queue
[2025-05-31 10:53:31,431] {logging_mixin.py:109} INFO - [2025-05-31 10:53:31,430] {dagbag.py:500} INFO - Filling up the DagBag from /home/airflow/.local/lib/python3.6/site-packages/airflow/example_dags/tutorial_taskflow_api_etl.py
[2025-05-31 10:53:31,492] {processor.py:654} INFO - DAG(s) dict_keys(['tutorial_taskflow_api_etl']) retrieved from /home/airflow/.local/lib/python3.6/site-packages/airflow/example_dags/tutorial_taskflow_api_etl.py
[2025-05-31 10:53:32,192] {logging_mixin.py:109} INFO - [2025-05-31 10:53:32,192] {dag.py:2396} INFO - Sync 1 DAGs
[2025-05-31 10:53:32,223] {logging_mixin.py:109} INFO - [2025-05-31 10:53:32,223] {dag.py:2415} INFO - Creating ORM DAG for tutorial_taskflow_api_etl
[2025-05-31 10:53:32,250] {logging_mixin.py:109} INFO - [2025-05-31 10:53:32,250] {dag.py:2935} INFO - Setting next_dagrun for tutorial_taskflow_api_etl to None
[2025-05-31 10:53:32,332] {processor.py:171} INFO - Processing /home/airflow/.local/lib/python3.6/site-packages/airflow/example_dags/tutorial_taskflow_api_etl.py took 0.920 seconds
[2025-05-31 10:54:02,525] {processor.py:163} INFO - Started process (PID=3121) to work on /home/airflow/.local/lib/python3.6/site-packages/airflow/example_dags/tutorial_taskflow_api_etl.py
[2025-05-31 10:54:02,526] {processor.py:642} INFO - Processing file /home/airflow/.local/lib/python3.6/site-packages/airflow/example_dags/tutorial_taskflow_api_etl.py for tasks to queue
[2025-05-31 10:54:02,527] {logging_mixin.py:109} INFO - [2025-05-31 10:54:02,527] {dagbag.py:500} INFO - Filling up the DagBag from /home/airflow/.local/lib/python3.6/site-packages/airflow/example_dags/tutorial_taskflow_api_etl.py
[2025-05-31 10:54:02,563] {processor.py:654} INFO - DAG(s) dict_keys(['tutorial_taskflow_api_etl']) retrieved from /home/airflow/.local/lib/python3.6/site-packages/airflow/example_dags/tutorial_taskflow_api_etl.py
[2025-05-31 10:54:03,177] {logging_mixin.py:109} INFO - [2025-05-31 10:54:03,177] {dag.py:2396} INFO - Sync 1 DAGs
[2025-05-31 10:54:03,214] {logging_mixin.py:109} INFO - [2025-05-31 10:54:03,214] {dag.py:2935} INFO - Setting next_dagrun for tutorial_taskflow_api_etl to None
[2025-05-31 10:54:03,233] {processor.py:171} INFO - Processing /home/airflow/.local/lib/python3.6/site-packages/airflow/example_dags/tutorial_taskflow_api_etl.py took 0.712 seconds
[2025-05-31 10:54:33,453] {processor.py:163} INFO - Started process (PID=3301) to work on /home/airflow/.local/lib/python3.6/site-packages/airflow/example_dags/tutorial_taskflow_api_etl.py
[2025-05-31 10:54:33,454] {processor.py:642} INFO - Processing file /home/airflow/.local/lib/python3.6/site-packages/airflow/example_dags/tutorial_taskflow_api_etl.py for tasks to queue
[2025-05-31 10:54:33,456] {logging_mixin.py:109} INFO - [2025-05-31 10:54:33,455] {dagbag.py:500} INFO - Filling up the DagBag from /home/airflow/.local/lib/python3.6/site-packages/airflow/example_dags/tutorial_taskflow_api_etl.py
[2025-05-31 10:54:33,513] {processor.py:654} INFO - DAG(s) dict_keys(['tutorial_taskflow_api_etl']) retrieved from /home/airflow/.local/lib/python3.6/site-packages/airflow/example_dags/tutorial_taskflow_api_etl.py
[2025-05-31 10:54:34,254] {logging_mixin.py:109} INFO - [2025-05-31 10:54:34,253] {dag.py:2396} INFO - Sync 1 DAGs
[2025-05-31 10:54:34,285] {logging_mixin.py:109} INFO - [2025-05-31 10:54:34,285] {dag.py:2935} INFO - Setting next_dagrun for tutorial_taskflow_api_etl to None
[2025-05-31 10:54:34,303] {processor.py:171} INFO - Processing /home/airflow/.local/lib/python3.6/site-packages/airflow/example_dags/tutorial_taskflow_api_etl.py took 0.856 seconds
[2025-05-31 10:55:05,027] {processor.py:163} INFO - Started process (PID=3491) to work on /home/airflow/.local/lib/python3.6/site-packages/airflow/example_dags/tutorial_taskflow_api_etl.py
[2025-05-31 10:55:05,029] {processor.py:642} INFO - Processing file /home/airflow/.local/lib/python3.6/site-packages/airflow/example_dags/tutorial_taskflow_api_etl.py for tasks to queue
[2025-05-31 10:55:05,030] {logging_mixin.py:109} INFO - [2025-05-31 10:55:05,029] {dagbag.py:500} INFO - Filling up the DagBag from /home/airflow/.local/lib/python3.6/site-packages/airflow/example_dags/tutorial_taskflow_api_etl.py
[2025-05-31 10:55:05,072] {processor.py:654} INFO - DAG(s) dict_keys(['tutorial_taskflow_api_etl']) retrieved from /home/airflow/.local/lib/python3.6/site-packages/airflow/example_dags/tutorial_taskflow_api_etl.py
[2025-05-31 10:55:05,439] {logging_mixin.py:109} INFO - [2025-05-31 10:55:05,439] {dag.py:2396} INFO - Sync 1 DAGs
[2025-05-31 10:55:05,462] {logging_mixin.py:109} INFO - [2025-05-31 10:55:05,461] {dag.py:2935} INFO - Setting next_dagrun for tutorial_taskflow_api_etl to None
[2025-05-31 10:55:05,476] {processor.py:171} INFO - Processing /home/airflow/.local/lib/python3.6/site-packages/airflow/example_dags/tutorial_taskflow_api_etl.py took 0.453 seconds
[2025-05-31 10:55:35,594] {processor.py:163} INFO - Started process (PID=3671) to work on /home/airflow/.local/lib/python3.6/site-packages/airflow/example_dags/tutorial_taskflow_api_etl.py
[2025-05-31 10:55:35,595] {processor.py:642} INFO - Processing file /home/airflow/.local/lib/python3.6/site-packages/airflow/example_dags/tutorial_taskflow_api_etl.py for tasks to queue
[2025-05-31 10:55:35,597] {logging_mixin.py:109} INFO - [2025-05-31 10:55:35,596] {dagbag.py:500} INFO - Filling up the DagBag from /home/airflow/.local/lib/python3.6/site-packages/airflow/example_dags/tutorial_taskflow_api_etl.py
[2025-05-31 10:55:35,635] {processor.py:654} INFO - DAG(s) dict_keys(['tutorial_taskflow_api_etl']) retrieved from /home/airflow/.local/lib/python3.6/site-packages/airflow/example_dags/tutorial_taskflow_api_etl.py
[2025-05-31 10:55:36,102] {logging_mixin.py:109} INFO - [2025-05-31 10:55:36,102] {dag.py:2396} INFO - Sync 1 DAGs
[2025-05-31 10:55:36,130] {logging_mixin.py:109} INFO - [2025-05-31 10:55:36,130] {dag.py:2935} INFO - Setting next_dagrun for tutorial_taskflow_api_etl to None
[2025-05-31 10:55:36,147] {processor.py:171} INFO - Processing /home/airflow/.local/lib/python3.6/site-packages/airflow/example_dags/tutorial_taskflow_api_etl.py took 0.557 seconds
[2025-05-31 10:56:06,343] {processor.py:163} INFO - Started process (PID=3860) to work on /home/airflow/.local/lib/python3.6/site-packages/airflow/example_dags/tutorial_taskflow_api_etl.py
[2025-05-31 10:56:06,346] {processor.py:642} INFO - Processing file /home/airflow/.local/lib/python3.6/site-packages/airflow/example_dags/tutorial_taskflow_api_etl.py for tasks to queue
[2025-05-31 10:56:06,348] {logging_mixin.py:109} INFO - [2025-05-31 10:56:06,347] {dagbag.py:500} INFO - Filling up the DagBag from /home/airflow/.local/lib/python3.6/site-packages/airflow/example_dags/tutorial_taskflow_api_etl.py
[2025-05-31 10:56:06,490] {processor.py:654} INFO - DAG(s) dict_keys(['tutorial_taskflow_api_etl']) retrieved from /home/airflow/.local/lib/python3.6/site-packages/airflow/example_dags/tutorial_taskflow_api_etl.py
[2025-05-31 10:56:07,331] {logging_mixin.py:109} INFO - [2025-05-31 10:56:07,331] {dag.py:2396} INFO - Sync 1 DAGs
[2025-05-31 10:56:07,364] {logging_mixin.py:109} INFO - [2025-05-31 10:56:07,363] {dag.py:2935} INFO - Setting next_dagrun for tutorial_taskflow_api_etl to None
[2025-05-31 10:56:07,388] {processor.py:171} INFO - Processing /home/airflow/.local/lib/python3.6/site-packages/airflow/example_dags/tutorial_taskflow_api_etl.py took 1.058 seconds
[2025-05-31 10:56:37,543] {processor.py:163} INFO - Started process (PID=4041) to work on /home/airflow/.local/lib/python3.6/site-packages/airflow/example_dags/tutorial_taskflow_api_etl.py
[2025-05-31 10:56:37,545] {processor.py:642} INFO - Processing file /home/airflow/.local/lib/python3.6/site-packages/airflow/example_dags/tutorial_taskflow_api_etl.py for tasks to queue
[2025-05-31 10:56:37,546] {logging_mixin.py:109} INFO - [2025-05-31 10:56:37,546] {dagbag.py:500} INFO - Filling up the DagBag from /home/airflow/.local/lib/python3.6/site-packages/airflow/example_dags/tutorial_taskflow_api_etl.py
[2025-05-31 10:56:37,603] {processor.py:654} INFO - DAG(s) dict_keys(['tutorial_taskflow_api_etl']) retrieved from /home/airflow/.local/lib/python3.6/site-packages/airflow/example_dags/tutorial_taskflow_api_etl.py
[2025-05-31 10:56:38,167] {logging_mixin.py:109} INFO - [2025-05-31 10:56:38,167] {dag.py:2396} INFO - Sync 1 DAGs
[2025-05-31 10:56:38,197] {logging_mixin.py:109} INFO - [2025-05-31 10:56:38,197] {dag.py:2935} INFO - Setting next_dagrun for tutorial_taskflow_api_etl to None
[2025-05-31 10:56:38,219] {processor.py:171} INFO - Processing /home/airflow/.local/lib/python3.6/site-packages/airflow/example_dags/tutorial_taskflow_api_etl.py took 0.683 seconds
[2025-05-31 10:57:09,098] {processor.py:163} INFO - Started process (PID=4221) to work on /home/airflow/.local/lib/python3.6/site-packages/airflow/example_dags/tutorial_taskflow_api_etl.py
[2025-05-31 10:57:09,100] {processor.py:642} INFO - Processing file /home/airflow/.local/lib/python3.6/site-packages/airflow/example_dags/tutorial_taskflow_api_etl.py for tasks to queue
[2025-05-31 10:57:09,101] {logging_mixin.py:109} INFO - [2025-05-31 10:57:09,101] {dagbag.py:500} INFO - Filling up the DagBag from /home/airflow/.local/lib/python3.6/site-packages/airflow/example_dags/tutorial_taskflow_api_etl.py
[2025-05-31 10:57:09,148] {processor.py:654} INFO - DAG(s) dict_keys(['tutorial_taskflow_api_etl']) retrieved from /home/airflow/.local/lib/python3.6/site-packages/airflow/example_dags/tutorial_taskflow_api_etl.py
[2025-05-31 10:57:09,635] {logging_mixin.py:109} INFO - [2025-05-31 10:57:09,635] {dag.py:2396} INFO - Sync 1 DAGs
[2025-05-31 10:57:09,665] {logging_mixin.py:109} INFO - [2025-05-31 10:57:09,665] {dag.py:2935} INFO - Setting next_dagrun for tutorial_taskflow_api_etl to None
[2025-05-31 10:57:09,688] {processor.py:171} INFO - Processing /home/airflow/.local/lib/python3.6/site-packages/airflow/example_dags/tutorial_taskflow_api_etl.py took 0.594 seconds
[2025-05-31 10:57:40,752] {processor.py:163} INFO - Started process (PID=4401) to work on /home/airflow/.local/lib/python3.6/site-packages/airflow/example_dags/tutorial_taskflow_api_etl.py
[2025-05-31 10:57:40,757] {processor.py:642} INFO - Processing file /home/airflow/.local/lib/python3.6/site-packages/airflow/example_dags/tutorial_taskflow_api_etl.py for tasks to queue
[2025-05-31 10:57:40,762] {logging_mixin.py:109} INFO - [2025-05-31 10:57:40,761] {dagbag.py:500} INFO - Filling up the DagBag from /home/airflow/.local/lib/python3.6/site-packages/airflow/example_dags/tutorial_taskflow_api_etl.py
[2025-05-31 10:57:40,846] {processor.py:654} INFO - DAG(s) dict_keys(['tutorial_taskflow_api_etl']) retrieved from /home/airflow/.local/lib/python3.6/site-packages/airflow/example_dags/tutorial_taskflow_api_etl.py
[2025-05-31 10:57:41,959] {logging_mixin.py:109} INFO - [2025-05-31 10:57:41,959] {dag.py:2396} INFO - Sync 1 DAGs
[2025-05-31 10:57:41,998] {logging_mixin.py:109} INFO - [2025-05-31 10:57:41,998] {dag.py:2935} INFO - Setting next_dagrun for tutorial_taskflow_api_etl to None
[2025-05-31 10:57:42,039] {processor.py:171} INFO - Processing /home/airflow/.local/lib/python3.6/site-packages/airflow/example_dags/tutorial_taskflow_api_etl.py took 1.294 seconds
[2025-05-31 10:58:12,175] {processor.py:163} INFO - Started process (PID=4601) to work on /home/airflow/.local/lib/python3.6/site-packages/airflow/example_dags/tutorial_taskflow_api_etl.py
[2025-05-31 10:58:12,177] {processor.py:642} INFO - Processing file /home/airflow/.local/lib/python3.6/site-packages/airflow/example_dags/tutorial_taskflow_api_etl.py for tasks to queue
[2025-05-31 10:58:12,178] {logging_mixin.py:109} INFO - [2025-05-31 10:58:12,178] {dagbag.py:500} INFO - Filling up the DagBag from /home/airflow/.local/lib/python3.6/site-packages/airflow/example_dags/tutorial_taskflow_api_etl.py
[2025-05-31 10:58:12,228] {processor.py:654} INFO - DAG(s) dict_keys(['tutorial_taskflow_api_etl']) retrieved from /home/airflow/.local/lib/python3.6/site-packages/airflow/example_dags/tutorial_taskflow_api_etl.py
[2025-05-31 10:58:12,864] {logging_mixin.py:109} INFO - [2025-05-31 10:58:12,864] {dag.py:2396} INFO - Sync 1 DAGs
[2025-05-31 10:58:12,900] {logging_mixin.py:109} INFO - [2025-05-31 10:58:12,899] {dag.py:2935} INFO - Setting next_dagrun for tutorial_taskflow_api_etl to None
[2025-05-31 10:58:12,921] {processor.py:171} INFO - Processing /home/airflow/.local/lib/python3.6/site-packages/airflow/example_dags/tutorial_taskflow_api_etl.py took 0.750 seconds
[2025-05-31 10:58:43,321] {processor.py:163} INFO - Started process (PID=4781) to work on /home/airflow/.local/lib/python3.6/site-packages/airflow/example_dags/tutorial_taskflow_api_etl.py
[2025-05-31 10:58:43,323] {processor.py:642} INFO - Processing file /home/airflow/.local/lib/python3.6/site-packages/airflow/example_dags/tutorial_taskflow_api_etl.py for tasks to queue
[2025-05-31 10:58:43,324] {logging_mixin.py:109} INFO - [2025-05-31 10:58:43,324] {dagbag.py:500} INFO - Filling up the DagBag from /home/airflow/.local/lib/python3.6/site-packages/airflow/example_dags/tutorial_taskflow_api_etl.py
[2025-05-31 10:58:43,364] {processor.py:654} INFO - DAG(s) dict_keys(['tutorial_taskflow_api_etl']) retrieved from /home/airflow/.local/lib/python3.6/site-packages/airflow/example_dags/tutorial_taskflow_api_etl.py
[2025-05-31 10:58:43,716] {logging_mixin.py:109} INFO - [2025-05-31 10:58:43,716] {dag.py:2396} INFO - Sync 1 DAGs
[2025-05-31 10:58:43,736] {logging_mixin.py:109} INFO - [2025-05-31 10:58:43,736] {dag.py:2935} INFO - Setting next_dagrun for tutorial_taskflow_api_etl to None
[2025-05-31 10:58:43,753] {processor.py:171} INFO - Processing /home/airflow/.local/lib/python3.6/site-packages/airflow/example_dags/tutorial_taskflow_api_etl.py took 0.436 seconds
[2025-05-31 10:59:14,010] {processor.py:163} INFO - Started process (PID=4961) to work on /home/airflow/.local/lib/python3.6/site-packages/airflow/example_dags/tutorial_taskflow_api_etl.py
[2025-05-31 10:59:14,012] {processor.py:642} INFO - Processing file /home/airflow/.local/lib/python3.6/site-packages/airflow/example_dags/tutorial_taskflow_api_etl.py for tasks to queue
[2025-05-31 10:59:14,013] {logging_mixin.py:109} INFO - [2025-05-31 10:59:14,013] {dagbag.py:500} INFO - Filling up the DagBag from /home/airflow/.local/lib/python3.6/site-packages/airflow/example_dags/tutorial_taskflow_api_etl.py
[2025-05-31 10:59:14,050] {processor.py:654} INFO - DAG(s) dict_keys(['tutorial_taskflow_api_etl']) retrieved from /home/airflow/.local/lib/python3.6/site-packages/airflow/example_dags/tutorial_taskflow_api_etl.py
[2025-05-31 10:59:14,417] {logging_mixin.py:109} INFO - [2025-05-31 10:59:14,416] {dag.py:2396} INFO - Sync 1 DAGs
[2025-05-31 10:59:14,437] {logging_mixin.py:109} INFO - [2025-05-31 10:59:14,437] {dag.py:2935} INFO - Setting next_dagrun for tutorial_taskflow_api_etl to None
[2025-05-31 10:59:14,452] {processor.py:171} INFO - Processing /home/airflow/.local/lib/python3.6/site-packages/airflow/example_dags/tutorial_taskflow_api_etl.py took 0.446 seconds
[2025-05-31 10:59:45,400] {processor.py:163} INFO - Started process (PID=5151) to work on /home/airflow/.local/lib/python3.6/site-packages/airflow/example_dags/tutorial_taskflow_api_etl.py
[2025-05-31 10:59:45,402] {processor.py:642} INFO - Processing file /home/airflow/.local/lib/python3.6/site-packages/airflow/example_dags/tutorial_taskflow_api_etl.py for tasks to queue
[2025-05-31 10:59:45,404] {logging_mixin.py:109} INFO - [2025-05-31 10:59:45,404] {dagbag.py:500} INFO - Filling up the DagBag from /home/airflow/.local/lib/python3.6/site-packages/airflow/example_dags/tutorial_taskflow_api_etl.py
[2025-05-31 10:59:45,450] {processor.py:654} INFO - DAG(s) dict_keys(['tutorial_taskflow_api_etl']) retrieved from /home/airflow/.local/lib/python3.6/site-packages/airflow/example_dags/tutorial_taskflow_api_etl.py
[2025-05-31 10:59:45,841] {logging_mixin.py:109} INFO - [2025-05-31 10:59:45,841] {dag.py:2396} INFO - Sync 1 DAGs
[2025-05-31 10:59:45,863] {logging_mixin.py:109} INFO - [2025-05-31 10:59:45,863] {dag.py:2935} INFO - Setting next_dagrun for tutorial_taskflow_api_etl to None
[2025-05-31 10:59:45,877] {processor.py:171} INFO - Processing /home/airflow/.local/lib/python3.6/site-packages/airflow/example_dags/tutorial_taskflow_api_etl.py took 0.482 seconds
[2025-05-31 11:00:16,345] {processor.py:163} INFO - Started process (PID=5331) to work on /home/airflow/.local/lib/python3.6/site-packages/airflow/example_dags/tutorial_taskflow_api_etl.py
[2025-05-31 11:00:16,347] {processor.py:642} INFO - Processing file /home/airflow/.local/lib/python3.6/site-packages/airflow/example_dags/tutorial_taskflow_api_etl.py for tasks to queue
[2025-05-31 11:00:16,347] {logging_mixin.py:109} INFO - [2025-05-31 11:00:16,347] {dagbag.py:500} INFO - Filling up the DagBag from /home/airflow/.local/lib/python3.6/site-packages/airflow/example_dags/tutorial_taskflow_api_etl.py
[2025-05-31 11:00:16,383] {processor.py:654} INFO - DAG(s) dict_keys(['tutorial_taskflow_api_etl']) retrieved from /home/airflow/.local/lib/python3.6/site-packages/airflow/example_dags/tutorial_taskflow_api_etl.py
[2025-05-31 11:00:16,394] {logging_mixin.py:109} INFO - [2025-05-31 11:00:16,394] {dag.py:2396} INFO - Sync 1 DAGs
[2025-05-31 11:00:16,415] {logging_mixin.py:109} INFO - [2025-05-31 11:00:16,415] {dag.py:2935} INFO - Setting next_dagrun for tutorial_taskflow_api_etl to None
[2025-05-31 11:00:16,427] {processor.py:171} INFO - Processing /home/airflow/.local/lib/python3.6/site-packages/airflow/example_dags/tutorial_taskflow_api_etl.py took 0.086 seconds
[2025-05-31 11:00:47,172] {processor.py:163} INFO - Started process (PID=5521) to work on /home/airflow/.local/lib/python3.6/site-packages/airflow/example_dags/tutorial_taskflow_api_etl.py
[2025-05-31 11:00:47,174] {processor.py:642} INFO - Processing file /home/airflow/.local/lib/python3.6/site-packages/airflow/example_dags/tutorial_taskflow_api_etl.py for tasks to queue
[2025-05-31 11:00:47,176] {logging_mixin.py:109} INFO - [2025-05-31 11:00:47,175] {dagbag.py:500} INFO - Filling up the DagBag from /home/airflow/.local/lib/python3.6/site-packages/airflow/example_dags/tutorial_taskflow_api_etl.py
[2025-05-31 11:00:47,221] {processor.py:654} INFO - DAG(s) dict_keys(['tutorial_taskflow_api_etl']) retrieved from /home/airflow/.local/lib/python3.6/site-packages/airflow/example_dags/tutorial_taskflow_api_etl.py
[2025-05-31 11:00:47,734] {logging_mixin.py:109} INFO - [2025-05-31 11:00:47,734] {dag.py:2396} INFO - Sync 1 DAGs
[2025-05-31 11:00:47,759] {logging_mixin.py:109} INFO - [2025-05-31 11:00:47,758] {dag.py:2935} INFO - Setting next_dagrun for tutorial_taskflow_api_etl to None
[2025-05-31 11:00:47,774] {processor.py:171} INFO - Processing /home/airflow/.local/lib/python3.6/site-packages/airflow/example_dags/tutorial_taskflow_api_etl.py took 0.608 seconds
[2025-05-31 11:01:18,376] {processor.py:163} INFO - Started process (PID=5701) to work on /home/airflow/.local/lib/python3.6/site-packages/airflow/example_dags/tutorial_taskflow_api_etl.py
[2025-05-31 11:01:18,377] {processor.py:642} INFO - Processing file /home/airflow/.local/lib/python3.6/site-packages/airflow/example_dags/tutorial_taskflow_api_etl.py for tasks to queue
[2025-05-31 11:01:18,378] {logging_mixin.py:109} INFO - [2025-05-31 11:01:18,378] {dagbag.py:500} INFO - Filling up the DagBag from /home/airflow/.local/lib/python3.6/site-packages/airflow/example_dags/tutorial_taskflow_api_etl.py
[2025-05-31 11:01:18,416] {processor.py:654} INFO - DAG(s) dict_keys(['tutorial_taskflow_api_etl']) retrieved from /home/airflow/.local/lib/python3.6/site-packages/airflow/example_dags/tutorial_taskflow_api_etl.py
[2025-05-31 11:01:18,789] {logging_mixin.py:109} INFO - [2025-05-31 11:01:18,789] {dag.py:2396} INFO - Sync 1 DAGs
[2025-05-31 11:01:18,810] {logging_mixin.py:109} INFO - [2025-05-31 11:01:18,810] {dag.py:2935} INFO - Setting next_dagrun for tutorial_taskflow_api_etl to None
[2025-05-31 11:01:18,824] {processor.py:171} INFO - Processing /home/airflow/.local/lib/python3.6/site-packages/airflow/example_dags/tutorial_taskflow_api_etl.py took 0.458 seconds
[2025-05-31 11:01:49,838] {processor.py:163} INFO - Started process (PID=5881) to work on /home/airflow/.local/lib/python3.6/site-packages/airflow/example_dags/tutorial_taskflow_api_etl.py
[2025-05-31 11:01:49,839] {processor.py:642} INFO - Processing file /home/airflow/.local/lib/python3.6/site-packages/airflow/example_dags/tutorial_taskflow_api_etl.py for tasks to queue
[2025-05-31 11:01:49,841] {logging_mixin.py:109} INFO - [2025-05-31 11:01:49,841] {dagbag.py:500} INFO - Filling up the DagBag from /home/airflow/.local/lib/python3.6/site-packages/airflow/example_dags/tutorial_taskflow_api_etl.py
[2025-05-31 11:01:49,896] {processor.py:654} INFO - DAG(s) dict_keys(['tutorial_taskflow_api_etl']) retrieved from /home/airflow/.local/lib/python3.6/site-packages/airflow/example_dags/tutorial_taskflow_api_etl.py
[2025-05-31 11:01:49,914] {logging_mixin.py:109} INFO - [2025-05-31 11:01:49,914] {dag.py:2396} INFO - Sync 1 DAGs
[2025-05-31 11:01:49,939] {logging_mixin.py:109} INFO - [2025-05-31 11:01:49,938] {dag.py:2935} INFO - Setting next_dagrun for tutorial_taskflow_api_etl to None
[2025-05-31 11:01:49,955] {processor.py:171} INFO - Processing /home/airflow/.local/lib/python3.6/site-packages/airflow/example_dags/tutorial_taskflow_api_etl.py took 0.121 seconds
[2025-05-31 11:02:20,011] {processor.py:163} INFO - Started process (PID=6068) to work on /home/airflow/.local/lib/python3.6/site-packages/airflow/example_dags/tutorial_taskflow_api_etl.py
[2025-05-31 11:02:20,013] {processor.py:642} INFO - Processing file /home/airflow/.local/lib/python3.6/site-packages/airflow/example_dags/tutorial_taskflow_api_etl.py for tasks to queue
[2025-05-31 11:02:20,015] {logging_mixin.py:109} INFO - [2025-05-31 11:02:20,015] {dagbag.py:500} INFO - Filling up the DagBag from /home/airflow/.local/lib/python3.6/site-packages/airflow/example_dags/tutorial_taskflow_api_etl.py
[2025-05-31 11:02:20,079] {processor.py:654} INFO - DAG(s) dict_keys(['tutorial_taskflow_api_etl']) retrieved from /home/airflow/.local/lib/python3.6/site-packages/airflow/example_dags/tutorial_taskflow_api_etl.py
[2025-05-31 11:02:20,567] {logging_mixin.py:109} INFO - [2025-05-31 11:02:20,566] {dag.py:2396} INFO - Sync 1 DAGs
[2025-05-31 11:02:20,596] {logging_mixin.py:109} INFO - [2025-05-31 11:02:20,596] {dag.py:2935} INFO - Setting next_dagrun for tutorial_taskflow_api_etl to None
[2025-05-31 11:02:20,617] {processor.py:171} INFO - Processing /home/airflow/.local/lib/python3.6/site-packages/airflow/example_dags/tutorial_taskflow_api_etl.py took 0.613 seconds
[2025-05-31 11:02:51,475] {processor.py:163} INFO - Started process (PID=6251) to work on /home/airflow/.local/lib/python3.6/site-packages/airflow/example_dags/tutorial_taskflow_api_etl.py
[2025-05-31 11:02:51,477] {processor.py:642} INFO - Processing file /home/airflow/.local/lib/python3.6/site-packages/airflow/example_dags/tutorial_taskflow_api_etl.py for tasks to queue
[2025-05-31 11:02:51,479] {logging_mixin.py:109} INFO - [2025-05-31 11:02:51,478] {dagbag.py:500} INFO - Filling up the DagBag from /home/airflow/.local/lib/python3.6/site-packages/airflow/example_dags/tutorial_taskflow_api_etl.py
[2025-05-31 11:02:51,526] {processor.py:654} INFO - DAG(s) dict_keys(['tutorial_taskflow_api_etl']) retrieved from /home/airflow/.local/lib/python3.6/site-packages/airflow/example_dags/tutorial_taskflow_api_etl.py
[2025-05-31 11:02:51,955] {logging_mixin.py:109} INFO - [2025-05-31 11:02:51,954] {dag.py:2396} INFO - Sync 1 DAGs
[2025-05-31 11:02:51,993] {logging_mixin.py:109} INFO - [2025-05-31 11:02:51,993] {dag.py:2935} INFO - Setting next_dagrun for tutorial_taskflow_api_etl to None
[2025-05-31 11:02:52,021] {processor.py:171} INFO - Processing /home/airflow/.local/lib/python3.6/site-packages/airflow/example_dags/tutorial_taskflow_api_etl.py took 0.551 seconds
[2025-05-31 11:03:22,595] {processor.py:163} INFO - Started process (PID=6441) to work on /home/airflow/.local/lib/python3.6/site-packages/airflow/example_dags/tutorial_taskflow_api_etl.py
[2025-05-31 11:03:22,597] {processor.py:642} INFO - Processing file /home/airflow/.local/lib/python3.6/site-packages/airflow/example_dags/tutorial_taskflow_api_etl.py for tasks to queue
[2025-05-31 11:03:22,599] {logging_mixin.py:109} INFO - [2025-05-31 11:03:22,598] {dagbag.py:500} INFO - Filling up the DagBag from /home/airflow/.local/lib/python3.6/site-packages/airflow/example_dags/tutorial_taskflow_api_etl.py
[2025-05-31 11:03:22,655] {processor.py:654} INFO - DAG(s) dict_keys(['tutorial_taskflow_api_etl']) retrieved from /home/airflow/.local/lib/python3.6/site-packages/airflow/example_dags/tutorial_taskflow_api_etl.py
[2025-05-31 11:03:23,195] {logging_mixin.py:109} INFO - [2025-05-31 11:03:23,195] {dag.py:2396} INFO - Sync 1 DAGs
[2025-05-31 11:03:23,224] {logging_mixin.py:109} INFO - [2025-05-31 11:03:23,223] {dag.py:2935} INFO - Setting next_dagrun for tutorial_taskflow_api_etl to None
[2025-05-31 11:03:23,243] {processor.py:171} INFO - Processing /home/airflow/.local/lib/python3.6/site-packages/airflow/example_dags/tutorial_taskflow_api_etl.py took 0.653 seconds
[2025-05-31 11:03:53,967] {processor.py:163} INFO - Started process (PID=6621) to work on /home/airflow/.local/lib/python3.6/site-packages/airflow/example_dags/tutorial_taskflow_api_etl.py
[2025-05-31 11:03:53,968] {processor.py:642} INFO - Processing file /home/airflow/.local/lib/python3.6/site-packages/airflow/example_dags/tutorial_taskflow_api_etl.py for tasks to queue
[2025-05-31 11:03:53,969] {logging_mixin.py:109} INFO - [2025-05-31 11:03:53,969] {dagbag.py:500} INFO - Filling up the DagBag from /home/airflow/.local/lib/python3.6/site-packages/airflow/example_dags/tutorial_taskflow_api_etl.py
[2025-05-31 11:03:54,003] {processor.py:654} INFO - DAG(s) dict_keys(['tutorial_taskflow_api_etl']) retrieved from /home/airflow/.local/lib/python3.6/site-packages/airflow/example_dags/tutorial_taskflow_api_etl.py
[2025-05-31 11:03:54,346] {logging_mixin.py:109} INFO - [2025-05-31 11:03:54,346] {dag.py:2396} INFO - Sync 1 DAGs
[2025-05-31 11:03:54,370] {logging_mixin.py:109} INFO - [2025-05-31 11:03:54,370] {dag.py:2935} INFO - Setting next_dagrun for tutorial_taskflow_api_etl to None
[2025-05-31 11:03:54,398] {processor.py:171} INFO - Processing /home/airflow/.local/lib/python3.6/site-packages/airflow/example_dags/tutorial_taskflow_api_etl.py took 0.434 seconds
[2025-05-31 11:04:25,140] {processor.py:163} INFO - Started process (PID=6801) to work on /home/airflow/.local/lib/python3.6/site-packages/airflow/example_dags/tutorial_taskflow_api_etl.py
[2025-05-31 11:04:25,142] {processor.py:642} INFO - Processing file /home/airflow/.local/lib/python3.6/site-packages/airflow/example_dags/tutorial_taskflow_api_etl.py for tasks to queue
[2025-05-31 11:04:25,143] {logging_mixin.py:109} INFO - [2025-05-31 11:04:25,143] {dagbag.py:500} INFO - Filling up the DagBag from /home/airflow/.local/lib/python3.6/site-packages/airflow/example_dags/tutorial_taskflow_api_etl.py
[2025-05-31 11:04:25,182] {processor.py:654} INFO - DAG(s) dict_keys(['tutorial_taskflow_api_etl']) retrieved from /home/airflow/.local/lib/python3.6/site-packages/airflow/example_dags/tutorial_taskflow_api_etl.py
[2025-05-31 11:04:25,536] {logging_mixin.py:109} INFO - [2025-05-31 11:04:25,536] {dag.py:2396} INFO - Sync 1 DAGs
[2025-05-31 11:04:25,555] {logging_mixin.py:109} INFO - [2025-05-31 11:04:25,555] {dag.py:2935} INFO - Setting next_dagrun for tutorial_taskflow_api_etl to None
[2025-05-31 11:04:25,576] {processor.py:171} INFO - Processing /home/airflow/.local/lib/python3.6/site-packages/airflow/example_dags/tutorial_taskflow_api_etl.py took 0.440 seconds
[2025-05-31 11:04:56,003] {processor.py:163} INFO - Started process (PID=6990) to work on /home/airflow/.local/lib/python3.6/site-packages/airflow/example_dags/tutorial_taskflow_api_etl.py
[2025-05-31 11:04:56,005] {processor.py:642} INFO - Processing file /home/airflow/.local/lib/python3.6/site-packages/airflow/example_dags/tutorial_taskflow_api_etl.py for tasks to queue
[2025-05-31 11:04:56,007] {logging_mixin.py:109} INFO - [2025-05-31 11:04:56,006] {dagbag.py:500} INFO - Filling up the DagBag from /home/airflow/.local/lib/python3.6/site-packages/airflow/example_dags/tutorial_taskflow_api_etl.py
[2025-05-31 11:04:56,079] {processor.py:654} INFO - DAG(s) dict_keys(['tutorial_taskflow_api_etl']) retrieved from /home/airflow/.local/lib/python3.6/site-packages/airflow/example_dags/tutorial_taskflow_api_etl.py
[2025-05-31 11:04:56,567] {logging_mixin.py:109} INFO - [2025-05-31 11:04:56,567] {dag.py:2396} INFO - Sync 1 DAGs
[2025-05-31 11:04:56,588] {logging_mixin.py:109} INFO - [2025-05-31 11:04:56,588] {dag.py:2935} INFO - Setting next_dagrun for tutorial_taskflow_api_etl to None
[2025-05-31 11:04:56,605] {processor.py:171} INFO - Processing /home/airflow/.local/lib/python3.6/site-packages/airflow/example_dags/tutorial_taskflow_api_etl.py took 0.609 seconds
[2025-05-31 11:05:27,298] {processor.py:163} INFO - Started process (PID=7171) to work on /home/airflow/.local/lib/python3.6/site-packages/airflow/example_dags/tutorial_taskflow_api_etl.py
[2025-05-31 11:05:27,300] {processor.py:642} INFO - Processing file /home/airflow/.local/lib/python3.6/site-packages/airflow/example_dags/tutorial_taskflow_api_etl.py for tasks to queue
[2025-05-31 11:05:27,301] {logging_mixin.py:109} INFO - [2025-05-31 11:05:27,301] {dagbag.py:500} INFO - Filling up the DagBag from /home/airflow/.local/lib/python3.6/site-packages/airflow/example_dags/tutorial_taskflow_api_etl.py
[2025-05-31 11:05:27,342] {processor.py:654} INFO - DAG(s) dict_keys(['tutorial_taskflow_api_etl']) retrieved from /home/airflow/.local/lib/python3.6/site-packages/airflow/example_dags/tutorial_taskflow_api_etl.py
[2025-05-31 11:05:27,729] {logging_mixin.py:109} INFO - [2025-05-31 11:05:27,729] {dag.py:2396} INFO - Sync 1 DAGs
[2025-05-31 11:05:27,750] {logging_mixin.py:109} INFO - [2025-05-31 11:05:27,749] {dag.py:2935} INFO - Setting next_dagrun for tutorial_taskflow_api_etl to None
[2025-05-31 11:05:27,765] {processor.py:171} INFO - Processing /home/airflow/.local/lib/python3.6/site-packages/airflow/example_dags/tutorial_taskflow_api_etl.py took 0.470 seconds
[2025-05-31 11:05:57,956] {processor.py:163} INFO - Started process (PID=7351) to work on /home/airflow/.local/lib/python3.6/site-packages/airflow/example_dags/tutorial_taskflow_api_etl.py
[2025-05-31 11:05:57,970] {processor.py:642} INFO - Processing file /home/airflow/.local/lib/python3.6/site-packages/airflow/example_dags/tutorial_taskflow_api_etl.py for tasks to queue
[2025-05-31 11:05:57,972] {logging_mixin.py:109} INFO - [2025-05-31 11:05:57,971] {dagbag.py:500} INFO - Filling up the DagBag from /home/airflow/.local/lib/python3.6/site-packages/airflow/example_dags/tutorial_taskflow_api_etl.py
[2025-05-31 11:05:58,247] {processor.py:654} INFO - DAG(s) dict_keys(['tutorial_taskflow_api_etl']) retrieved from /home/airflow/.local/lib/python3.6/site-packages/airflow/example_dags/tutorial_taskflow_api_etl.py
[2025-05-31 11:05:59,036] {logging_mixin.py:109} INFO - [2025-05-31 11:05:59,035] {dag.py:2396} INFO - Sync 1 DAGs
[2025-05-31 11:05:59,162] {logging_mixin.py:109} INFO - [2025-05-31 11:05:59,162] {dag.py:2935} INFO - Setting next_dagrun for tutorial_taskflow_api_etl to None
[2025-05-31 11:05:59,226] {processor.py:171} INFO - Processing /home/airflow/.local/lib/python3.6/site-packages/airflow/example_dags/tutorial_taskflow_api_etl.py took 2.063 seconds
[2025-05-31 11:06:29,381] {processor.py:163} INFO - Started process (PID=7528) to work on /home/airflow/.local/lib/python3.6/site-packages/airflow/example_dags/tutorial_taskflow_api_etl.py
[2025-05-31 11:06:29,384] {processor.py:642} INFO - Processing file /home/airflow/.local/lib/python3.6/site-packages/airflow/example_dags/tutorial_taskflow_api_etl.py for tasks to queue
[2025-05-31 11:06:29,385] {logging_mixin.py:109} INFO - [2025-05-31 11:06:29,385] {dagbag.py:500} INFO - Filling up the DagBag from /home/airflow/.local/lib/python3.6/site-packages/airflow/example_dags/tutorial_taskflow_api_etl.py
[2025-05-31 11:06:29,448] {processor.py:654} INFO - DAG(s) dict_keys(['tutorial_taskflow_api_etl']) retrieved from /home/airflow/.local/lib/python3.6/site-packages/airflow/example_dags/tutorial_taskflow_api_etl.py
[2025-05-31 11:06:29,794] {logging_mixin.py:109} INFO - [2025-05-31 11:06:29,794] {dag.py:2396} INFO - Sync 1 DAGs
[2025-05-31 11:06:29,811] {logging_mixin.py:109} INFO - [2025-05-31 11:06:29,811] {dag.py:2935} INFO - Setting next_dagrun for tutorial_taskflow_api_etl to None
[2025-05-31 11:06:29,824] {processor.py:171} INFO - Processing /home/airflow/.local/lib/python3.6/site-packages/airflow/example_dags/tutorial_taskflow_api_etl.py took 0.446 seconds
[2025-05-31 11:07:00,867] {processor.py:163} INFO - Started process (PID=7721) to work on /home/airflow/.local/lib/python3.6/site-packages/airflow/example_dags/tutorial_taskflow_api_etl.py
[2025-05-31 11:07:00,869] {processor.py:642} INFO - Processing file /home/airflow/.local/lib/python3.6/site-packages/airflow/example_dags/tutorial_taskflow_api_etl.py for tasks to queue
[2025-05-31 11:07:00,870] {logging_mixin.py:109} INFO - [2025-05-31 11:07:00,870] {dagbag.py:500} INFO - Filling up the DagBag from /home/airflow/.local/lib/python3.6/site-packages/airflow/example_dags/tutorial_taskflow_api_etl.py
[2025-05-31 11:07:00,928] {processor.py:654} INFO - DAG(s) dict_keys(['tutorial_taskflow_api_etl']) retrieved from /home/airflow/.local/lib/python3.6/site-packages/airflow/example_dags/tutorial_taskflow_api_etl.py
[2025-05-31 11:07:01,434] {logging_mixin.py:109} INFO - [2025-05-31 11:07:01,434] {dag.py:2396} INFO - Sync 1 DAGs
[2025-05-31 11:07:01,458] {logging_mixin.py:109} INFO - [2025-05-31 11:07:01,458] {dag.py:2935} INFO - Setting next_dagrun for tutorial_taskflow_api_etl to None
[2025-05-31 11:07:01,476] {processor.py:171} INFO - Processing /home/airflow/.local/lib/python3.6/site-packages/airflow/example_dags/tutorial_taskflow_api_etl.py took 0.615 seconds
[2025-05-31 11:07:32,455] {processor.py:163} INFO - Started process (PID=7901) to work on /home/airflow/.local/lib/python3.6/site-packages/airflow/example_dags/tutorial_taskflow_api_etl.py
[2025-05-31 11:07:32,457] {processor.py:642} INFO - Processing file /home/airflow/.local/lib/python3.6/site-packages/airflow/example_dags/tutorial_taskflow_api_etl.py for tasks to queue
[2025-05-31 11:07:32,458] {logging_mixin.py:109} INFO - [2025-05-31 11:07:32,458] {dagbag.py:500} INFO - Filling up the DagBag from /home/airflow/.local/lib/python3.6/site-packages/airflow/example_dags/tutorial_taskflow_api_etl.py
[2025-05-31 11:07:32,493] {processor.py:654} INFO - DAG(s) dict_keys(['tutorial_taskflow_api_etl']) retrieved from /home/airflow/.local/lib/python3.6/site-packages/airflow/example_dags/tutorial_taskflow_api_etl.py
[2025-05-31 11:07:32,505] {logging_mixin.py:109} INFO - [2025-05-31 11:07:32,505] {dag.py:2396} INFO - Sync 1 DAGs
[2025-05-31 11:07:32,527] {logging_mixin.py:109} INFO - [2025-05-31 11:07:32,527] {dag.py:2935} INFO - Setting next_dagrun for tutorial_taskflow_api_etl to None
[2025-05-31 11:07:32,540] {processor.py:171} INFO - Processing /home/airflow/.local/lib/python3.6/site-packages/airflow/example_dags/tutorial_taskflow_api_etl.py took 0.088 seconds
[2025-05-31 11:08:02,784] {processor.py:163} INFO - Started process (PID=8090) to work on /home/airflow/.local/lib/python3.6/site-packages/airflow/example_dags/tutorial_taskflow_api_etl.py
[2025-05-31 11:08:02,785] {processor.py:642} INFO - Processing file /home/airflow/.local/lib/python3.6/site-packages/airflow/example_dags/tutorial_taskflow_api_etl.py for tasks to queue
[2025-05-31 11:08:02,786] {logging_mixin.py:109} INFO - [2025-05-31 11:08:02,786] {dagbag.py:500} INFO - Filling up the DagBag from /home/airflow/.local/lib/python3.6/site-packages/airflow/example_dags/tutorial_taskflow_api_etl.py
[2025-05-31 11:08:02,827] {processor.py:654} INFO - DAG(s) dict_keys(['tutorial_taskflow_api_etl']) retrieved from /home/airflow/.local/lib/python3.6/site-packages/airflow/example_dags/tutorial_taskflow_api_etl.py
[2025-05-31 11:08:03,260] {logging_mixin.py:109} INFO - [2025-05-31 11:08:03,260] {dag.py:2396} INFO - Sync 1 DAGs
[2025-05-31 11:08:03,282] {logging_mixin.py:109} INFO - [2025-05-31 11:08:03,281] {dag.py:2935} INFO - Setting next_dagrun for tutorial_taskflow_api_etl to None
[2025-05-31 11:08:03,297] {processor.py:171} INFO - Processing /home/airflow/.local/lib/python3.6/site-packages/airflow/example_dags/tutorial_taskflow_api_etl.py took 0.517 seconds
[2025-05-31 11:08:33,503] {processor.py:163} INFO - Started process (PID=8271) to work on /home/airflow/.local/lib/python3.6/site-packages/airflow/example_dags/tutorial_taskflow_api_etl.py
[2025-05-31 11:08:33,505] {processor.py:642} INFO - Processing file /home/airflow/.local/lib/python3.6/site-packages/airflow/example_dags/tutorial_taskflow_api_etl.py for tasks to queue
[2025-05-31 11:08:33,506] {logging_mixin.py:109} INFO - [2025-05-31 11:08:33,505] {dagbag.py:500} INFO - Filling up the DagBag from /home/airflow/.local/lib/python3.6/site-packages/airflow/example_dags/tutorial_taskflow_api_etl.py
[2025-05-31 11:08:33,541] {processor.py:654} INFO - DAG(s) dict_keys(['tutorial_taskflow_api_etl']) retrieved from /home/airflow/.local/lib/python3.6/site-packages/airflow/example_dags/tutorial_taskflow_api_etl.py
[2025-05-31 11:08:34,016] {logging_mixin.py:109} INFO - [2025-05-31 11:08:34,016] {dag.py:2396} INFO - Sync 1 DAGs
[2025-05-31 11:08:34,039] {logging_mixin.py:109} INFO - [2025-05-31 11:08:34,039] {dag.py:2935} INFO - Setting next_dagrun for tutorial_taskflow_api_etl to None
[2025-05-31 11:08:34,055] {processor.py:171} INFO - Processing /home/airflow/.local/lib/python3.6/site-packages/airflow/example_dags/tutorial_taskflow_api_etl.py took 0.555 seconds
[2025-05-31 11:09:04,730] {processor.py:163} INFO - Started process (PID=8451) to work on /home/airflow/.local/lib/python3.6/site-packages/airflow/example_dags/tutorial_taskflow_api_etl.py
[2025-05-31 11:09:04,731] {processor.py:642} INFO - Processing file /home/airflow/.local/lib/python3.6/site-packages/airflow/example_dags/tutorial_taskflow_api_etl.py for tasks to queue
[2025-05-31 11:09:04,732] {logging_mixin.py:109} INFO - [2025-05-31 11:09:04,732] {dagbag.py:500} INFO - Filling up the DagBag from /home/airflow/.local/lib/python3.6/site-packages/airflow/example_dags/tutorial_taskflow_api_etl.py
[2025-05-31 11:09:04,767] {processor.py:654} INFO - DAG(s) dict_keys(['tutorial_taskflow_api_etl']) retrieved from /home/airflow/.local/lib/python3.6/site-packages/airflow/example_dags/tutorial_taskflow_api_etl.py
[2025-05-31 11:09:05,136] {logging_mixin.py:109} INFO - [2025-05-31 11:09:05,136] {dag.py:2396} INFO - Sync 1 DAGs
[2025-05-31 11:09:05,156] {logging_mixin.py:109} INFO - [2025-05-31 11:09:05,156] {dag.py:2935} INFO - Setting next_dagrun for tutorial_taskflow_api_etl to None
[2025-05-31 11:09:05,169] {processor.py:171} INFO - Processing /home/airflow/.local/lib/python3.6/site-packages/airflow/example_dags/tutorial_taskflow_api_etl.py took 0.442 seconds
[2025-05-31 11:09:35,410] {processor.py:163} INFO - Started process (PID=8640) to work on /home/airflow/.local/lib/python3.6/site-packages/airflow/example_dags/tutorial_taskflow_api_etl.py
[2025-05-31 11:09:35,411] {processor.py:642} INFO - Processing file /home/airflow/.local/lib/python3.6/site-packages/airflow/example_dags/tutorial_taskflow_api_etl.py for tasks to queue
[2025-05-31 11:09:35,412] {logging_mixin.py:109} INFO - [2025-05-31 11:09:35,412] {dagbag.py:500} INFO - Filling up the DagBag from /home/airflow/.local/lib/python3.6/site-packages/airflow/example_dags/tutorial_taskflow_api_etl.py
[2025-05-31 11:09:35,465] {processor.py:654} INFO - DAG(s) dict_keys(['tutorial_taskflow_api_etl']) retrieved from /home/airflow/.local/lib/python3.6/site-packages/airflow/example_dags/tutorial_taskflow_api_etl.py
[2025-05-31 11:09:36,015] {logging_mixin.py:109} INFO - [2025-05-31 11:09:36,015] {dag.py:2396} INFO - Sync 1 DAGs
[2025-05-31 11:09:36,054] {logging_mixin.py:109} INFO - [2025-05-31 11:09:36,054] {dag.py:2935} INFO - Setting next_dagrun for tutorial_taskflow_api_etl to None
[2025-05-31 11:09:36,076] {processor.py:171} INFO - Processing /home/airflow/.local/lib/python3.6/site-packages/airflow/example_dags/tutorial_taskflow_api_etl.py took 0.671 seconds
[2025-05-31 11:10:06,562] {processor.py:163} INFO - Started process (PID=8820) to work on /home/airflow/.local/lib/python3.6/site-packages/airflow/example_dags/tutorial_taskflow_api_etl.py
[2025-05-31 11:10:06,567] {processor.py:642} INFO - Processing file /home/airflow/.local/lib/python3.6/site-packages/airflow/example_dags/tutorial_taskflow_api_etl.py for tasks to queue
[2025-05-31 11:10:06,576] {logging_mixin.py:109} INFO - [2025-05-31 11:10:06,575] {dagbag.py:500} INFO - Filling up the DagBag from /home/airflow/.local/lib/python3.6/site-packages/airflow/example_dags/tutorial_taskflow_api_etl.py
[2025-05-31 11:10:06,714] {processor.py:654} INFO - DAG(s) dict_keys(['tutorial_taskflow_api_etl']) retrieved from /home/airflow/.local/lib/python3.6/site-packages/airflow/example_dags/tutorial_taskflow_api_etl.py
[2025-05-31 11:10:07,381] {logging_mixin.py:109} INFO - [2025-05-31 11:10:07,380] {dag.py:2396} INFO - Sync 1 DAGs
[2025-05-31 11:10:07,419] {logging_mixin.py:109} INFO - [2025-05-31 11:10:07,419] {dag.py:2935} INFO - Setting next_dagrun for tutorial_taskflow_api_etl to None
[2025-05-31 11:10:07,440] {processor.py:171} INFO - Processing /home/airflow/.local/lib/python3.6/site-packages/airflow/example_dags/tutorial_taskflow_api_etl.py took 0.885 seconds
[2025-05-31 11:10:37,998] {processor.py:163} INFO - Started process (PID=9000) to work on /home/airflow/.local/lib/python3.6/site-packages/airflow/example_dags/tutorial_taskflow_api_etl.py
[2025-05-31 11:10:38,009] {processor.py:642} INFO - Processing file /home/airflow/.local/lib/python3.6/site-packages/airflow/example_dags/tutorial_taskflow_api_etl.py for tasks to queue
[2025-05-31 11:10:38,011] {logging_mixin.py:109} INFO - [2025-05-31 11:10:38,011] {dagbag.py:500} INFO - Filling up the DagBag from /home/airflow/.local/lib/python3.6/site-packages/airflow/example_dags/tutorial_taskflow_api_etl.py
[2025-05-31 11:10:38,151] {processor.py:654} INFO - DAG(s) dict_keys(['tutorial_taskflow_api_etl']) retrieved from /home/airflow/.local/lib/python3.6/site-packages/airflow/example_dags/tutorial_taskflow_api_etl.py
[2025-05-31 11:10:38,927] {logging_mixin.py:109} INFO - [2025-05-31 11:10:38,927] {dag.py:2396} INFO - Sync 1 DAGs
[2025-05-31 11:10:38,960] {logging_mixin.py:109} INFO - [2025-05-31 11:10:38,960] {dag.py:2935} INFO - Setting next_dagrun for tutorial_taskflow_api_etl to None
[2025-05-31 11:10:38,985] {processor.py:171} INFO - Processing /home/airflow/.local/lib/python3.6/site-packages/airflow/example_dags/tutorial_taskflow_api_etl.py took 0.995 seconds
[2025-05-31 11:11:09,526] {processor.py:163} INFO - Started process (PID=9190) to work on /home/airflow/.local/lib/python3.6/site-packages/airflow/example_dags/tutorial_taskflow_api_etl.py
[2025-05-31 11:11:09,530] {processor.py:642} INFO - Processing file /home/airflow/.local/lib/python3.6/site-packages/airflow/example_dags/tutorial_taskflow_api_etl.py for tasks to queue
[2025-05-31 11:11:09,541] {logging_mixin.py:109} INFO - [2025-05-31 11:11:09,540] {dagbag.py:500} INFO - Filling up the DagBag from /home/airflow/.local/lib/python3.6/site-packages/airflow/example_dags/tutorial_taskflow_api_etl.py
[2025-05-31 11:11:09,698] {processor.py:654} INFO - DAG(s) dict_keys(['tutorial_taskflow_api_etl']) retrieved from /home/airflow/.local/lib/python3.6/site-packages/airflow/example_dags/tutorial_taskflow_api_etl.py
[2025-05-31 11:11:10,580] {logging_mixin.py:109} INFO - [2025-05-31 11:11:10,579] {dag.py:2396} INFO - Sync 1 DAGs
[2025-05-31 11:11:10,628] {logging_mixin.py:109} INFO - [2025-05-31 11:11:10,628] {dag.py:2935} INFO - Setting next_dagrun for tutorial_taskflow_api_etl to None
[2025-05-31 11:11:10,652] {processor.py:171} INFO - Processing /home/airflow/.local/lib/python3.6/site-packages/airflow/example_dags/tutorial_taskflow_api_etl.py took 1.143 seconds
[2025-05-31 11:11:41,084] {processor.py:163} INFO - Started process (PID=9370) to work on /home/airflow/.local/lib/python3.6/site-packages/airflow/example_dags/tutorial_taskflow_api_etl.py
[2025-05-31 11:11:41,086] {processor.py:642} INFO - Processing file /home/airflow/.local/lib/python3.6/site-packages/airflow/example_dags/tutorial_taskflow_api_etl.py for tasks to queue
[2025-05-31 11:11:41,088] {logging_mixin.py:109} INFO - [2025-05-31 11:11:41,088] {dagbag.py:500} INFO - Filling up the DagBag from /home/airflow/.local/lib/python3.6/site-packages/airflow/example_dags/tutorial_taskflow_api_etl.py
[2025-05-31 11:11:41,140] {processor.py:654} INFO - DAG(s) dict_keys(['tutorial_taskflow_api_etl']) retrieved from /home/airflow/.local/lib/python3.6/site-packages/airflow/example_dags/tutorial_taskflow_api_etl.py
[2025-05-31 11:11:41,666] {logging_mixin.py:109} INFO - [2025-05-31 11:11:41,666] {dag.py:2396} INFO - Sync 1 DAGs
[2025-05-31 11:11:41,686] {logging_mixin.py:109} INFO - [2025-05-31 11:11:41,686] {dag.py:2935} INFO - Setting next_dagrun for tutorial_taskflow_api_etl to None
[2025-05-31 11:11:41,706] {processor.py:171} INFO - Processing /home/airflow/.local/lib/python3.6/site-packages/airflow/example_dags/tutorial_taskflow_api_etl.py took 0.626 seconds
[2025-05-31 11:12:12,658] {processor.py:163} INFO - Started process (PID=9550) to work on /home/airflow/.local/lib/python3.6/site-packages/airflow/example_dags/tutorial_taskflow_api_etl.py
[2025-05-31 11:12:12,659] {processor.py:642} INFO - Processing file /home/airflow/.local/lib/python3.6/site-packages/airflow/example_dags/tutorial_taskflow_api_etl.py for tasks to queue
[2025-05-31 11:12:12,660] {logging_mixin.py:109} INFO - [2025-05-31 11:12:12,660] {dagbag.py:500} INFO - Filling up the DagBag from /home/airflow/.local/lib/python3.6/site-packages/airflow/example_dags/tutorial_taskflow_api_etl.py
[2025-05-31 11:12:12,696] {processor.py:654} INFO - DAG(s) dict_keys(['tutorial_taskflow_api_etl']) retrieved from /home/airflow/.local/lib/python3.6/site-packages/airflow/example_dags/tutorial_taskflow_api_etl.py
[2025-05-31 11:12:13,095] {logging_mixin.py:109} INFO - [2025-05-31 11:12:13,095] {dag.py:2396} INFO - Sync 1 DAGs
[2025-05-31 11:12:13,115] {logging_mixin.py:109} INFO - [2025-05-31 11:12:13,114] {dag.py:2935} INFO - Setting next_dagrun for tutorial_taskflow_api_etl to None
[2025-05-31 11:12:13,128] {processor.py:171} INFO - Processing /home/airflow/.local/lib/python3.6/site-packages/airflow/example_dags/tutorial_taskflow_api_etl.py took 0.474 seconds
[2025-05-31 11:12:43,978] {processor.py:163} INFO - Started process (PID=9740) to work on /home/airflow/.local/lib/python3.6/site-packages/airflow/example_dags/tutorial_taskflow_api_etl.py
[2025-05-31 11:12:43,979] {processor.py:642} INFO - Processing file /home/airflow/.local/lib/python3.6/site-packages/airflow/example_dags/tutorial_taskflow_api_etl.py for tasks to queue
[2025-05-31 11:12:43,980] {logging_mixin.py:109} INFO - [2025-05-31 11:12:43,980] {dagbag.py:500} INFO - Filling up the DagBag from /home/airflow/.local/lib/python3.6/site-packages/airflow/example_dags/tutorial_taskflow_api_etl.py
[2025-05-31 11:12:44,036] {processor.py:654} INFO - DAG(s) dict_keys(['tutorial_taskflow_api_etl']) retrieved from /home/airflow/.local/lib/python3.6/site-packages/airflow/example_dags/tutorial_taskflow_api_etl.py
[2025-05-31 11:12:44,644] {logging_mixin.py:109} INFO - [2025-05-31 11:12:44,643] {dag.py:2396} INFO - Sync 1 DAGs
[2025-05-31 11:12:44,670] {logging_mixin.py:109} INFO - [2025-05-31 11:12:44,670] {dag.py:2935} INFO - Setting next_dagrun for tutorial_taskflow_api_etl to None
[2025-05-31 11:12:44,693] {processor.py:171} INFO - Processing /home/airflow/.local/lib/python3.6/site-packages/airflow/example_dags/tutorial_taskflow_api_etl.py took 0.722 seconds
[2025-05-31 11:13:15,176] {processor.py:163} INFO - Started process (PID=9920) to work on /home/airflow/.local/lib/python3.6/site-packages/airflow/example_dags/tutorial_taskflow_api_etl.py
[2025-05-31 11:13:15,177] {processor.py:642} INFO - Processing file /home/airflow/.local/lib/python3.6/site-packages/airflow/example_dags/tutorial_taskflow_api_etl.py for tasks to queue
[2025-05-31 11:13:15,179] {logging_mixin.py:109} INFO - [2025-05-31 11:13:15,178] {dagbag.py:500} INFO - Filling up the DagBag from /home/airflow/.local/lib/python3.6/site-packages/airflow/example_dags/tutorial_taskflow_api_etl.py
[2025-05-31 11:13:15,329] {processor.py:654} INFO - DAG(s) dict_keys(['tutorial_taskflow_api_etl']) retrieved from /home/airflow/.local/lib/python3.6/site-packages/airflow/example_dags/tutorial_taskflow_api_etl.py
[2025-05-31 11:13:15,689] {logging_mixin.py:109} INFO - [2025-05-31 11:13:15,689] {dag.py:2396} INFO - Sync 1 DAGs
[2025-05-31 11:13:15,716] {logging_mixin.py:109} INFO - [2025-05-31 11:13:15,716] {dag.py:2935} INFO - Setting next_dagrun for tutorial_taskflow_api_etl to None
[2025-05-31 11:13:15,741] {processor.py:171} INFO - Processing /home/airflow/.local/lib/python3.6/site-packages/airflow/example_dags/tutorial_taskflow_api_etl.py took 0.569 seconds
[2025-05-31 11:13:46,538] {processor.py:163} INFO - Started process (PID=10100) to work on /home/airflow/.local/lib/python3.6/site-packages/airflow/example_dags/tutorial_taskflow_api_etl.py
[2025-05-31 11:13:46,541] {processor.py:642} INFO - Processing file /home/airflow/.local/lib/python3.6/site-packages/airflow/example_dags/tutorial_taskflow_api_etl.py for tasks to queue
[2025-05-31 11:13:46,542] {logging_mixin.py:109} INFO - [2025-05-31 11:13:46,542] {dagbag.py:500} INFO - Filling up the DagBag from /home/airflow/.local/lib/python3.6/site-packages/airflow/example_dags/tutorial_taskflow_api_etl.py
[2025-05-31 11:13:46,707] {processor.py:654} INFO - DAG(s) dict_keys(['tutorial_taskflow_api_etl']) retrieved from /home/airflow/.local/lib/python3.6/site-packages/airflow/example_dags/tutorial_taskflow_api_etl.py
[2025-05-31 11:13:46,231] {logging_mixin.py:109} INFO - [2025-05-31 11:13:46,230] {dag.py:2396} INFO - Sync 1 DAGs
[2025-05-31 11:13:46,268] {logging_mixin.py:109} INFO - [2025-05-31 11:13:46,268] {dag.py:2935} INFO - Setting next_dagrun for tutorial_taskflow_api_etl to None
[2025-05-31 11:13:46,298] {processor.py:171} INFO - Processing /home/airflow/.local/lib/python3.6/site-packages/airflow/example_dags/tutorial_taskflow_api_etl.py took 0.541 seconds
[2025-05-31 11:14:17,071] {processor.py:163} INFO - Started process (PID=10290) to work on /home/airflow/.local/lib/python3.6/site-packages/airflow/example_dags/tutorial_taskflow_api_etl.py
[2025-05-31 11:14:17,073] {processor.py:642} INFO - Processing file /home/airflow/.local/lib/python3.6/site-packages/airflow/example_dags/tutorial_taskflow_api_etl.py for tasks to queue
[2025-05-31 11:14:17,074] {logging_mixin.py:109} INFO - [2025-05-31 11:14:17,074] {dagbag.py:500} INFO - Filling up the DagBag from /home/airflow/.local/lib/python3.6/site-packages/airflow/example_dags/tutorial_taskflow_api_etl.py
[2025-05-31 11:14:17,274] {processor.py:654} INFO - DAG(s) dict_keys(['tutorial_taskflow_api_etl']) retrieved from /home/airflow/.local/lib/python3.6/site-packages/airflow/example_dags/tutorial_taskflow_api_etl.py
[2025-05-31 11:14:17,646] {logging_mixin.py:109} INFO - [2025-05-31 11:14:17,645] {dag.py:2396} INFO - Sync 1 DAGs
[2025-05-31 11:14:17,667] {logging_mixin.py:109} INFO - [2025-05-31 11:14:17,667] {dag.py:2935} INFO - Setting next_dagrun for tutorial_taskflow_api_etl to None
[2025-05-31 11:14:17,683] {processor.py:171} INFO - Processing /home/airflow/.local/lib/python3.6/site-packages/airflow/example_dags/tutorial_taskflow_api_etl.py took 0.618 seconds
[2025-05-31 11:14:47,929] {processor.py:163} INFO - Started process (PID=10470) to work on /home/airflow/.local/lib/python3.6/site-packages/airflow/example_dags/tutorial_taskflow_api_etl.py
[2025-05-31 11:14:47,931] {processor.py:642} INFO - Processing file /home/airflow/.local/lib/python3.6/site-packages/airflow/example_dags/tutorial_taskflow_api_etl.py for tasks to queue
[2025-05-31 11:14:47,932] {logging_mixin.py:109} INFO - [2025-05-31 11:14:47,932] {dagbag.py:500} INFO - Filling up the DagBag from /home/airflow/.local/lib/python3.6/site-packages/airflow/example_dags/tutorial_taskflow_api_etl.py
[2025-05-31 11:14:48,106] {processor.py:654} INFO - DAG(s) dict_keys(['tutorial_taskflow_api_etl']) retrieved from /home/airflow/.local/lib/python3.6/site-packages/airflow/example_dags/tutorial_taskflow_api_etl.py
[2025-05-31 11:14:48,519] {logging_mixin.py:109} INFO - [2025-05-31 11:14:48,519] {dag.py:2396} INFO - Sync 1 DAGs
[2025-05-31 11:14:48,550] {logging_mixin.py:109} INFO - [2025-05-31 11:14:48,550] {dag.py:2935} INFO - Setting next_dagrun for tutorial_taskflow_api_etl to None
[2025-05-31 11:14:48,579] {processor.py:171} INFO - Processing /home/airflow/.local/lib/python3.6/site-packages/airflow/example_dags/tutorial_taskflow_api_etl.py took 0.654 seconds
[2025-05-31 11:15:19,658] {processor.py:163} INFO - Started process (PID=10655) to work on /home/airflow/.local/lib/python3.6/site-packages/airflow/example_dags/tutorial_taskflow_api_etl.py
[2025-05-31 11:15:19,660] {processor.py:642} INFO - Processing file /home/airflow/.local/lib/python3.6/site-packages/airflow/example_dags/tutorial_taskflow_api_etl.py for tasks to queue
[2025-05-31 11:15:19,661] {logging_mixin.py:109} INFO - [2025-05-31 11:15:19,661] {dagbag.py:500} INFO - Filling up the DagBag from /home/airflow/.local/lib/python3.6/site-packages/airflow/example_dags/tutorial_taskflow_api_etl.py
[2025-05-31 11:15:19,796] {processor.py:654} INFO - DAG(s) dict_keys(['tutorial_taskflow_api_etl']) retrieved from /home/airflow/.local/lib/python3.6/site-packages/airflow/example_dags/tutorial_taskflow_api_etl.py
[2025-05-31 11:15:20,159] {logging_mixin.py:109} INFO - [2025-05-31 11:15:20,159] {dag.py:2396} INFO - Sync 1 DAGs
[2025-05-31 11:15:20,200] {logging_mixin.py:109} INFO - [2025-05-31 11:15:20,199] {dag.py:2935} INFO - Setting next_dagrun for tutorial_taskflow_api_etl to None
[2025-05-31 11:15:20,235] {processor.py:171} INFO - Processing /home/airflow/.local/lib/python3.6/site-packages/airflow/example_dags/tutorial_taskflow_api_etl.py took 0.580 seconds
[2025-05-31 11:15:50,512] {processor.py:163} INFO - Started process (PID=10854) to work on /home/airflow/.local/lib/python3.6/site-packages/airflow/example_dags/tutorial_taskflow_api_etl.py
[2025-05-31 11:15:50,514] {processor.py:642} INFO - Processing file /home/airflow/.local/lib/python3.6/site-packages/airflow/example_dags/tutorial_taskflow_api_etl.py for tasks to queue
[2025-05-31 11:15:50,515] {logging_mixin.py:109} INFO - [2025-05-31 11:15:50,515] {dagbag.py:500} INFO - Filling up the DagBag from /home/airflow/.local/lib/python3.6/site-packages/airflow/example_dags/tutorial_taskflow_api_etl.py
[2025-05-31 11:15:50,574] {processor.py:654} INFO - DAG(s) dict_keys(['tutorial_taskflow_api_etl']) retrieved from /home/airflow/.local/lib/python3.6/site-packages/airflow/example_dags/tutorial_taskflow_api_etl.py
[2025-05-31 11:15:50,982] {logging_mixin.py:109} INFO - [2025-05-31 11:15:50,982] {dag.py:2396} INFO - Sync 1 DAGs
[2025-05-31 11:15:51,013] {logging_mixin.py:109} INFO - [2025-05-31 11:15:51,013] {dag.py:2935} INFO - Setting next_dagrun for tutorial_taskflow_api_etl to None
[2025-05-31 11:15:51,038] {processor.py:171} INFO - Processing /home/airflow/.local/lib/python3.6/site-packages/airflow/example_dags/tutorial_taskflow_api_etl.py took 0.533 seconds
[2025-05-31 11:16:21,199] {processor.py:163} INFO - Started process (PID=11079) to work on /home/airflow/.local/lib/python3.6/site-packages/airflow/example_dags/tutorial_taskflow_api_etl.py
[2025-05-31 11:16:21,201] {processor.py:642} INFO - Processing file /home/airflow/.local/lib/python3.6/site-packages/airflow/example_dags/tutorial_taskflow_api_etl.py for tasks to queue
[2025-05-31 11:16:21,202] {logging_mixin.py:109} INFO - [2025-05-31 11:16:21,202] {dagbag.py:500} INFO - Filling up the DagBag from /home/airflow/.local/lib/python3.6/site-packages/airflow/example_dags/tutorial_taskflow_api_etl.py
[2025-05-31 11:16:21,243] {processor.py:654} INFO - DAG(s) dict_keys(['tutorial_taskflow_api_etl']) retrieved from /home/airflow/.local/lib/python3.6/site-packages/airflow/example_dags/tutorial_taskflow_api_etl.py
[2025-05-31 11:16:21,573] {logging_mixin.py:109} INFO - [2025-05-31 11:16:21,573] {dag.py:2396} INFO - Sync 1 DAGs
[2025-05-31 11:16:21,596] {logging_mixin.py:109} INFO - [2025-05-31 11:16:21,596] {dag.py:2935} INFO - Setting next_dagrun for tutorial_taskflow_api_etl to None
[2025-05-31 11:16:21,612] {processor.py:171} INFO - Processing /home/airflow/.local/lib/python3.6/site-packages/airflow/example_dags/tutorial_taskflow_api_etl.py took 0.417 seconds
[2025-05-31 11:16:51,797] {processor.py:163} INFO - Started process (PID=11269) to work on /home/airflow/.local/lib/python3.6/site-packages/airflow/example_dags/tutorial_taskflow_api_etl.py
[2025-05-31 11:16:51,800] {processor.py:642} INFO - Processing file /home/airflow/.local/lib/python3.6/site-packages/airflow/example_dags/tutorial_taskflow_api_etl.py for tasks to queue
[2025-05-31 11:16:51,801] {logging_mixin.py:109} INFO - [2025-05-31 11:16:51,801] {dagbag.py:500} INFO - Filling up the DagBag from /home/airflow/.local/lib/python3.6/site-packages/airflow/example_dags/tutorial_taskflow_api_etl.py
[2025-05-31 11:16:51,841] {processor.py:654} INFO - DAG(s) dict_keys(['tutorial_taskflow_api_etl']) retrieved from /home/airflow/.local/lib/python3.6/site-packages/airflow/example_dags/tutorial_taskflow_api_etl.py
[2025-05-31 11:16:52,144] {logging_mixin.py:109} INFO - [2025-05-31 11:16:52,144] {dag.py:2396} INFO - Sync 1 DAGs
[2025-05-31 11:16:52,164] {logging_mixin.py:109} INFO - [2025-05-31 11:16:52,164] {dag.py:2935} INFO - Setting next_dagrun for tutorial_taskflow_api_etl to None
[2025-05-31 11:16:52,179] {processor.py:171} INFO - Processing /home/airflow/.local/lib/python3.6/site-packages/airflow/example_dags/tutorial_taskflow_api_etl.py took 0.386 seconds
[2025-05-31 11:17:22,764] {processor.py:163} INFO - Started process (PID=11464) to work on /home/airflow/.local/lib/python3.6/site-packages/airflow/example_dags/tutorial_taskflow_api_etl.py
[2025-05-31 11:17:22,768] {processor.py:642} INFO - Processing file /home/airflow/.local/lib/python3.6/site-packages/airflow/example_dags/tutorial_taskflow_api_etl.py for tasks to queue
[2025-05-31 11:17:22,771] {logging_mixin.py:109} INFO - [2025-05-31 11:17:22,770] {dagbag.py:500} INFO - Filling up the DagBag from /home/airflow/.local/lib/python3.6/site-packages/airflow/example_dags/tutorial_taskflow_api_etl.py
[2025-05-31 11:17:22,844] {processor.py:654} INFO - DAG(s) dict_keys(['tutorial_taskflow_api_etl']) retrieved from /home/airflow/.local/lib/python3.6/site-packages/airflow/example_dags/tutorial_taskflow_api_etl.py
[2025-05-31 11:17:23,304] {logging_mixin.py:109} INFO - [2025-05-31 11:17:23,304] {dag.py:2396} INFO - Sync 1 DAGs
[2025-05-31 11:17:23,330] {logging_mixin.py:109} INFO - [2025-05-31 11:17:23,330] {dag.py:2935} INFO - Setting next_dagrun for tutorial_taskflow_api_etl to None
[2025-05-31 11:17:23,348] {processor.py:171} INFO - Processing /home/airflow/.local/lib/python3.6/site-packages/airflow/example_dags/tutorial_taskflow_api_etl.py took 0.594 seconds
[2025-05-31 11:17:53,934] {processor.py:163} INFO - Started process (PID=11649) to work on /home/airflow/.local/lib/python3.6/site-packages/airflow/example_dags/tutorial_taskflow_api_etl.py
[2025-05-31 11:17:53,936] {processor.py:642} INFO - Processing file /home/airflow/.local/lib/python3.6/site-packages/airflow/example_dags/tutorial_taskflow_api_etl.py for tasks to queue
[2025-05-31 11:17:53,937] {logging_mixin.py:109} INFO - [2025-05-31 11:17:53,936] {dagbag.py:500} INFO - Filling up the DagBag from /home/airflow/.local/lib/python3.6/site-packages/airflow/example_dags/tutorial_taskflow_api_etl.py
[2025-05-31 11:17:53,969] {processor.py:654} INFO - DAG(s) dict_keys(['tutorial_taskflow_api_etl']) retrieved from /home/airflow/.local/lib/python3.6/site-packages/airflow/example_dags/tutorial_taskflow_api_etl.py
[2025-05-31 11:17:54,239] {logging_mixin.py:109} INFO - [2025-05-31 11:17:54,239] {dag.py:2396} INFO - Sync 1 DAGs
[2025-05-31 11:17:54,262] {logging_mixin.py:109} INFO - [2025-05-31 11:17:54,262] {dag.py:2935} INFO - Setting next_dagrun for tutorial_taskflow_api_etl to None
[2025-05-31 11:17:54,277] {processor.py:171} INFO - Processing /home/airflow/.local/lib/python3.6/site-packages/airflow/example_dags/tutorial_taskflow_api_etl.py took 0.346 seconds
[2025-05-31 11:18:24,885] {processor.py:163} INFO - Started process (PID=11834) to work on /home/airflow/.local/lib/python3.6/site-packages/airflow/example_dags/tutorial_taskflow_api_etl.py
[2025-05-31 11:18:24,887] {processor.py:642} INFO - Processing file /home/airflow/.local/lib/python3.6/site-packages/airflow/example_dags/tutorial_taskflow_api_etl.py for tasks to queue
[2025-05-31 11:18:24,889] {logging_mixin.py:109} INFO - [2025-05-31 11:18:24,888] {dagbag.py:500} INFO - Filling up the DagBag from /home/airflow/.local/lib/python3.6/site-packages/airflow/example_dags/tutorial_taskflow_api_etl.py
[2025-05-31 11:18:24,938] {processor.py:654} INFO - DAG(s) dict_keys(['tutorial_taskflow_api_etl']) retrieved from /home/airflow/.local/lib/python3.6/site-packages/airflow/example_dags/tutorial_taskflow_api_etl.py
[2025-05-31 11:18:25,390] {logging_mixin.py:109} INFO - [2025-05-31 11:18:25,390] {dag.py:2396} INFO - Sync 1 DAGs
[2025-05-31 11:18:25,417] {logging_mixin.py:109} INFO - [2025-05-31 11:18:25,417] {dag.py:2935} INFO - Setting next_dagrun for tutorial_taskflow_api_etl to None
[2025-05-31 11:18:25,439] {processor.py:171} INFO - Processing /home/airflow/.local/lib/python3.6/site-packages/airflow/example_dags/tutorial_taskflow_api_etl.py took 0.558 seconds
[2025-05-31 11:18:55,572] {processor.py:163} INFO - Started process (PID=12029) to work on /home/airflow/.local/lib/python3.6/site-packages/airflow/example_dags/tutorial_taskflow_api_etl.py
[2025-05-31 11:18:55,574] {processor.py:642} INFO - Processing file /home/airflow/.local/lib/python3.6/site-packages/airflow/example_dags/tutorial_taskflow_api_etl.py for tasks to queue
[2025-05-31 11:18:55,575] {logging_mixin.py:109} INFO - [2025-05-31 11:18:55,575] {dagbag.py:500} INFO - Filling up the DagBag from /home/airflow/.local/lib/python3.6/site-packages/airflow/example_dags/tutorial_taskflow_api_etl.py
[2025-05-31 11:18:55,626] {processor.py:654} INFO - DAG(s) dict_keys(['tutorial_taskflow_api_etl']) retrieved from /home/airflow/.local/lib/python3.6/site-packages/airflow/example_dags/tutorial_taskflow_api_etl.py
[2025-05-31 11:18:56,018] {logging_mixin.py:109} INFO - [2025-05-31 11:18:56,018] {dag.py:2396} INFO - Sync 1 DAGs
[2025-05-31 11:18:56,041] {logging_mixin.py:109} INFO - [2025-05-31 11:18:56,041] {dag.py:2935} INFO - Setting next_dagrun for tutorial_taskflow_api_etl to None
[2025-05-31 11:18:56,056] {processor.py:171} INFO - Processing /home/airflow/.local/lib/python3.6/site-packages/airflow/example_dags/tutorial_taskflow_api_etl.py took 0.488 seconds
[2025-05-31 11:19:26,524] {processor.py:163} INFO - Started process (PID=12214) to work on /home/airflow/.local/lib/python3.6/site-packages/airflow/example_dags/tutorial_taskflow_api_etl.py
[2025-05-31 11:19:26,525] {processor.py:642} INFO - Processing file /home/airflow/.local/lib/python3.6/site-packages/airflow/example_dags/tutorial_taskflow_api_etl.py for tasks to queue
[2025-05-31 11:19:26,527] {logging_mixin.py:109} INFO - [2025-05-31 11:19:26,526] {dagbag.py:500} INFO - Filling up the DagBag from /home/airflow/.local/lib/python3.6/site-packages/airflow/example_dags/tutorial_taskflow_api_etl.py
[2025-05-31 11:19:26,568] {processor.py:654} INFO - DAG(s) dict_keys(['tutorial_taskflow_api_etl']) retrieved from /home/airflow/.local/lib/python3.6/site-packages/airflow/example_dags/tutorial_taskflow_api_etl.py
[2025-05-31 11:19:26,865] {logging_mixin.py:109} INFO - [2025-05-31 11:19:26,865] {dag.py:2396} INFO - Sync 1 DAGs
[2025-05-31 11:19:26,887] {logging_mixin.py:109} INFO - [2025-05-31 11:19:26,887] {dag.py:2935} INFO - Setting next_dagrun for tutorial_taskflow_api_etl to None
[2025-05-31 11:19:26,903] {processor.py:171} INFO - Processing /home/airflow/.local/lib/python3.6/site-packages/airflow/example_dags/tutorial_taskflow_api_etl.py took 0.383 seconds
[2025-05-31 11:19:57,234] {processor.py:163} INFO - Started process (PID=12399) to work on /home/airflow/.local/lib/python3.6/site-packages/airflow/example_dags/tutorial_taskflow_api_etl.py
[2025-05-31 11:19:57,237] {processor.py:642} INFO - Processing file /home/airflow/.local/lib/python3.6/site-packages/airflow/example_dags/tutorial_taskflow_api_etl.py for tasks to queue
[2025-05-31 11:19:57,238] {logging_mixin.py:109} INFO - [2025-05-31 11:19:57,238] {dagbag.py:500} INFO - Filling up the DagBag from /home/airflow/.local/lib/python3.6/site-packages/airflow/example_dags/tutorial_taskflow_api_etl.py
[2025-05-31 11:19:57,301] {processor.py:654} INFO - DAG(s) dict_keys(['tutorial_taskflow_api_etl']) retrieved from /home/airflow/.local/lib/python3.6/site-packages/airflow/example_dags/tutorial_taskflow_api_etl.py
[2025-05-31 11:19:57,686] {logging_mixin.py:109} INFO - [2025-05-31 11:19:57,686] {dag.py:2396} INFO - Sync 1 DAGs
[2025-05-31 11:19:57,711] {logging_mixin.py:109} INFO - [2025-05-31 11:19:57,711] {dag.py:2935} INFO - Setting next_dagrun for tutorial_taskflow_api_etl to None
[2025-05-31 11:19:57,729] {processor.py:171} INFO - Processing /home/airflow/.local/lib/python3.6/site-packages/airflow/example_dags/tutorial_taskflow_api_etl.py took 0.500 seconds
[2025-05-31 11:20:27,869] {processor.py:163} INFO - Started process (PID=12594) to work on /home/airflow/.local/lib/python3.6/site-packages/airflow/example_dags/tutorial_taskflow_api_etl.py
[2025-05-31 11:20:27,870] {processor.py:642} INFO - Processing file /home/airflow/.local/lib/python3.6/site-packages/airflow/example_dags/tutorial_taskflow_api_etl.py for tasks to queue
[2025-05-31 11:20:27,871] {logging_mixin.py:109} INFO - [2025-05-31 11:20:27,871] {dagbag.py:500} INFO - Filling up the DagBag from /home/airflow/.local/lib/python3.6/site-packages/airflow/example_dags/tutorial_taskflow_api_etl.py
[2025-05-31 11:20:27,910] {processor.py:654} INFO - DAG(s) dict_keys(['tutorial_taskflow_api_etl']) retrieved from /home/airflow/.local/lib/python3.6/site-packages/airflow/example_dags/tutorial_taskflow_api_etl.py
[2025-05-31 11:20:28,197] {logging_mixin.py:109} INFO - [2025-05-31 11:20:28,197] {dag.py:2396} INFO - Sync 1 DAGs
[2025-05-31 11:20:28,218] {logging_mixin.py:109} INFO - [2025-05-31 11:20:28,217] {dag.py:2935} INFO - Setting next_dagrun for tutorial_taskflow_api_etl to None
[2025-05-31 11:20:28,231] {processor.py:171} INFO - Processing /home/airflow/.local/lib/python3.6/site-packages/airflow/example_dags/tutorial_taskflow_api_etl.py took 0.366 seconds
[2025-05-31 11:20:58,998] {processor.py:163} INFO - Started process (PID=12779) to work on /home/airflow/.local/lib/python3.6/site-packages/airflow/example_dags/tutorial_taskflow_api_etl.py
[2025-05-31 11:20:59,000] {processor.py:642} INFO - Processing file /home/airflow/.local/lib/python3.6/site-packages/airflow/example_dags/tutorial_taskflow_api_etl.py for tasks to queue
[2025-05-31 11:20:59,001] {logging_mixin.py:109} INFO - [2025-05-31 11:20:59,001] {dagbag.py:500} INFO - Filling up the DagBag from /home/airflow/.local/lib/python3.6/site-packages/airflow/example_dags/tutorial_taskflow_api_etl.py
[2025-05-31 11:20:59,037] {processor.py:654} INFO - DAG(s) dict_keys(['tutorial_taskflow_api_etl']) retrieved from /home/airflow/.local/lib/python3.6/site-packages/airflow/example_dags/tutorial_taskflow_api_etl.py
[2025-05-31 11:20:59,316] {logging_mixin.py:109} INFO - [2025-05-31 11:20:59,315] {dag.py:2396} INFO - Sync 1 DAGs
[2025-05-31 11:20:59,338] {logging_mixin.py:109} INFO - [2025-05-31 11:20:59,338] {dag.py:2935} INFO - Setting next_dagrun for tutorial_taskflow_api_etl to None
[2025-05-31 11:20:59,352] {processor.py:171} INFO - Processing /home/airflow/.local/lib/python3.6/site-packages/airflow/example_dags/tutorial_taskflow_api_etl.py took 0.356 seconds
[2025-05-31 11:21:29,403] {processor.py:163} INFO - Started process (PID=12963) to work on /home/airflow/.local/lib/python3.6/site-packages/airflow/example_dags/tutorial_taskflow_api_etl.py
[2025-05-31 11:21:29,404] {processor.py:642} INFO - Processing file /home/airflow/.local/lib/python3.6/site-packages/airflow/example_dags/tutorial_taskflow_api_etl.py for tasks to queue
[2025-05-31 11:21:29,406] {logging_mixin.py:109} INFO - [2025-05-31 11:21:29,405] {dagbag.py:500} INFO - Filling up the DagBag from /home/airflow/.local/lib/python3.6/site-packages/airflow/example_dags/tutorial_taskflow_api_etl.py
[2025-05-31 11:21:29,451] {processor.py:654} INFO - DAG(s) dict_keys(['tutorial_taskflow_api_etl']) retrieved from /home/airflow/.local/lib/python3.6/site-packages/airflow/example_dags/tutorial_taskflow_api_etl.py
[2025-05-31 11:21:29,793] {logging_mixin.py:109} INFO - [2025-05-31 11:21:29,793] {dag.py:2396} INFO - Sync 1 DAGs
[2025-05-31 11:21:29,821] {logging_mixin.py:109} INFO - [2025-05-31 11:21:29,821] {dag.py:2935} INFO - Setting next_dagrun for tutorial_taskflow_api_etl to None
[2025-05-31 11:21:29,841] {processor.py:171} INFO - Processing /home/airflow/.local/lib/python3.6/site-packages/airflow/example_dags/tutorial_taskflow_api_etl.py took 0.443 seconds
[2025-05-31 11:22:00,739] {processor.py:163} INFO - Started process (PID=13158) to work on /home/airflow/.local/lib/python3.6/site-packages/airflow/example_dags/tutorial_taskflow_api_etl.py
[2025-05-31 11:22:00,740] {processor.py:642} INFO - Processing file /home/airflow/.local/lib/python3.6/site-packages/airflow/example_dags/tutorial_taskflow_api_etl.py for tasks to queue
[2025-05-31 11:22:00,741] {logging_mixin.py:109} INFO - [2025-05-31 11:22:00,741] {dagbag.py:500} INFO - Filling up the DagBag from /home/airflow/.local/lib/python3.6/site-packages/airflow/example_dags/tutorial_taskflow_api_etl.py
[2025-05-31 11:22:00,775] {processor.py:654} INFO - DAG(s) dict_keys(['tutorial_taskflow_api_etl']) retrieved from /home/airflow/.local/lib/python3.6/site-packages/airflow/example_dags/tutorial_taskflow_api_etl.py
[2025-05-31 11:22:00,788] {logging_mixin.py:109} INFO - [2025-05-31 11:22:00,788] {dag.py:2396} INFO - Sync 1 DAGs
[2025-05-31 11:22:00,808] {logging_mixin.py:109} INFO - [2025-05-31 11:22:00,808] {dag.py:2935} INFO - Setting next_dagrun for tutorial_taskflow_api_etl to None
[2025-05-31 11:22:00,820] {processor.py:171} INFO - Processing /home/airflow/.local/lib/python3.6/site-packages/airflow/example_dags/tutorial_taskflow_api_etl.py took 0.085 seconds
[2025-05-31 11:22:31,494] {processor.py:163} INFO - Started process (PID=13342) to work on /home/airflow/.local/lib/python3.6/site-packages/airflow/example_dags/tutorial_taskflow_api_etl.py
[2025-05-31 11:22:31,495] {processor.py:642} INFO - Processing file /home/airflow/.local/lib/python3.6/site-packages/airflow/example_dags/tutorial_taskflow_api_etl.py for tasks to queue
[2025-05-31 11:22:31,496] {logging_mixin.py:109} INFO - [2025-05-31 11:22:31,496] {dagbag.py:500} INFO - Filling up the DagBag from /home/airflow/.local/lib/python3.6/site-packages/airflow/example_dags/tutorial_taskflow_api_etl.py
[2025-05-31 11:22:31,531] {processor.py:654} INFO - DAG(s) dict_keys(['tutorial_taskflow_api_etl']) retrieved from /home/airflow/.local/lib/python3.6/site-packages/airflow/example_dags/tutorial_taskflow_api_etl.py
[2025-05-31 11:22:31,895] {logging_mixin.py:109} INFO - [2025-05-31 11:22:31,895] {dag.py:2396} INFO - Sync 1 DAGs
[2025-05-31 11:22:31,934] {logging_mixin.py:109} INFO - [2025-05-31 11:22:31,934] {dag.py:2935} INFO - Setting next_dagrun for tutorial_taskflow_api_etl to None
[2025-05-31 11:22:31,949] {processor.py:171} INFO - Processing /home/airflow/.local/lib/python3.6/site-packages/airflow/example_dags/tutorial_taskflow_api_etl.py took 0.458 seconds
[2025-05-31 11:23:02,023] {processor.py:163} INFO - Started process (PID=13539) to work on /home/airflow/.local/lib/python3.6/site-packages/airflow/example_dags/tutorial_taskflow_api_etl.py
[2025-05-31 11:23:02,025] {processor.py:642} INFO - Processing file /home/airflow/.local/lib/python3.6/site-packages/airflow/example_dags/tutorial_taskflow_api_etl.py for tasks to queue
[2025-05-31 11:23:02,026] {logging_mixin.py:109} INFO - [2025-05-31 11:23:02,026] {dagbag.py:500} INFO - Filling up the DagBag from /home/airflow/.local/lib/python3.6/site-packages/airflow/example_dags/tutorial_taskflow_api_etl.py
[2025-05-31 11:23:02,073] {processor.py:654} INFO - DAG(s) dict_keys(['tutorial_taskflow_api_etl']) retrieved from /home/airflow/.local/lib/python3.6/site-packages/airflow/example_dags/tutorial_taskflow_api_etl.py
[2025-05-31 11:23:01,664] {logging_mixin.py:109} INFO - [2025-05-31 11:23:01,664] {dag.py:2396} INFO - Sync 1 DAGs
[2025-05-31 11:23:01,696] {logging_mixin.py:109} INFO - [2025-05-31 11:23:01,696] {dag.py:2935} INFO - Setting next_dagrun for tutorial_taskflow_api_etl to None
[2025-05-31 11:23:01,720] {processor.py:171} INFO - Processing /home/airflow/.local/lib/python3.6/site-packages/airflow/example_dags/tutorial_taskflow_api_etl.py took 0.453 seconds
[2025-05-31 11:23:31,850] {processor.py:163} INFO - Started process (PID=13723) to work on /home/airflow/.local/lib/python3.6/site-packages/airflow/example_dags/tutorial_taskflow_api_etl.py
[2025-05-31 11:23:31,852] {processor.py:642} INFO - Processing file /home/airflow/.local/lib/python3.6/site-packages/airflow/example_dags/tutorial_taskflow_api_etl.py for tasks to queue
[2025-05-31 11:23:31,853] {logging_mixin.py:109} INFO - [2025-05-31 11:23:31,852] {dagbag.py:500} INFO - Filling up the DagBag from /home/airflow/.local/lib/python3.6/site-packages/airflow/example_dags/tutorial_taskflow_api_etl.py
[2025-05-31 11:23:31,887] {processor.py:654} INFO - DAG(s) dict_keys(['tutorial_taskflow_api_etl']) retrieved from /home/airflow/.local/lib/python3.6/site-packages/airflow/example_dags/tutorial_taskflow_api_etl.py
[2025-05-31 11:23:31,892] {logging_mixin.py:109} INFO - [2025-05-31 11:23:31,892] {dag.py:2396} INFO - Sync 1 DAGs
[2025-05-31 11:23:31,916] {logging_mixin.py:109} INFO - [2025-05-31 11:23:31,916] {dag.py:2935} INFO - Setting next_dagrun for tutorial_taskflow_api_etl to None
[2025-05-31 11:23:31,929] {processor.py:171} INFO - Processing /home/airflow/.local/lib/python3.6/site-packages/airflow/example_dags/tutorial_taskflow_api_etl.py took 0.082 seconds
[2025-05-31 11:24:02,051] {processor.py:163} INFO - Started process (PID=13908) to work on /home/airflow/.local/lib/python3.6/site-packages/airflow/example_dags/tutorial_taskflow_api_etl.py
[2025-05-31 11:24:02,053] {processor.py:642} INFO - Processing file /home/airflow/.local/lib/python3.6/site-packages/airflow/example_dags/tutorial_taskflow_api_etl.py for tasks to queue
[2025-05-31 11:24:02,054] {logging_mixin.py:109} INFO - [2025-05-31 11:24:02,054] {dagbag.py:500} INFO - Filling up the DagBag from /home/airflow/.local/lib/python3.6/site-packages/airflow/example_dags/tutorial_taskflow_api_etl.py
[2025-05-31 11:24:02,089] {processor.py:654} INFO - DAG(s) dict_keys(['tutorial_taskflow_api_etl']) retrieved from /home/airflow/.local/lib/python3.6/site-packages/airflow/example_dags/tutorial_taskflow_api_etl.py
[2025-05-31 11:24:02,411] {logging_mixin.py:109} INFO - [2025-05-31 11:24:02,411] {dag.py:2396} INFO - Sync 1 DAGs
[2025-05-31 11:24:02,443] {logging_mixin.py:109} INFO - [2025-05-31 11:24:02,443] {dag.py:2935} INFO - Setting next_dagrun for tutorial_taskflow_api_etl to None
[2025-05-31 11:24:02,459] {processor.py:171} INFO - Processing /home/airflow/.local/lib/python3.6/site-packages/airflow/example_dags/tutorial_taskflow_api_etl.py took 0.412 seconds
[2025-05-31 11:24:33,196] {processor.py:163} INFO - Started process (PID=14104) to work on /home/airflow/.local/lib/python3.6/site-packages/airflow/example_dags/tutorial_taskflow_api_etl.py
[2025-05-31 11:24:33,197] {processor.py:642} INFO - Processing file /home/airflow/.local/lib/python3.6/site-packages/airflow/example_dags/tutorial_taskflow_api_etl.py for tasks to queue
[2025-05-31 11:24:33,198] {logging_mixin.py:109} INFO - [2025-05-31 11:24:33,198] {dagbag.py:500} INFO - Filling up the DagBag from /home/airflow/.local/lib/python3.6/site-packages/airflow/example_dags/tutorial_taskflow_api_etl.py
[2025-05-31 11:24:33,230] {processor.py:654} INFO - DAG(s) dict_keys(['tutorial_taskflow_api_etl']) retrieved from /home/airflow/.local/lib/python3.6/site-packages/airflow/example_dags/tutorial_taskflow_api_etl.py
[2025-05-31 11:24:33,500] {logging_mixin.py:109} INFO - [2025-05-31 11:24:33,500] {dag.py:2396} INFO - Sync 1 DAGs
[2025-05-31 11:24:33,520] {logging_mixin.py:109} INFO - [2025-05-31 11:24:33,520] {dag.py:2935} INFO - Setting next_dagrun for tutorial_taskflow_api_etl to None
[2025-05-31 11:24:33,533] {processor.py:171} INFO - Processing /home/airflow/.local/lib/python3.6/site-packages/airflow/example_dags/tutorial_taskflow_api_etl.py took 0.341 seconds
[2025-05-31 11:25:03,749] {processor.py:163} INFO - Started process (PID=14289) to work on /home/airflow/.local/lib/python3.6/site-packages/airflow/example_dags/tutorial_taskflow_api_etl.py
[2025-05-31 11:25:03,751] {processor.py:642} INFO - Processing file /home/airflow/.local/lib/python3.6/site-packages/airflow/example_dags/tutorial_taskflow_api_etl.py for tasks to queue
[2025-05-31 11:25:03,752] {logging_mixin.py:109} INFO - [2025-05-31 11:25:03,752] {dagbag.py:500} INFO - Filling up the DagBag from /home/airflow/.local/lib/python3.6/site-packages/airflow/example_dags/tutorial_taskflow_api_etl.py
[2025-05-31 11:25:03,817] {processor.py:654} INFO - DAG(s) dict_keys(['tutorial_taskflow_api_etl']) retrieved from /home/airflow/.local/lib/python3.6/site-packages/airflow/example_dags/tutorial_taskflow_api_etl.py
[2025-05-31 11:25:04,139] {logging_mixin.py:109} INFO - [2025-05-31 11:25:04,139] {dag.py:2396} INFO - Sync 1 DAGs
[2025-05-31 11:25:04,173] {logging_mixin.py:109} INFO - [2025-05-31 11:25:04,173] {dag.py:2935} INFO - Setting next_dagrun for tutorial_taskflow_api_etl to None
[2025-05-31 11:25:04,192] {processor.py:171} INFO - Processing /home/airflow/.local/lib/python3.6/site-packages/airflow/example_dags/tutorial_taskflow_api_etl.py took 0.447 seconds
[2025-05-31 11:25:34,921] {processor.py:163} INFO - Started process (PID=14473) to work on /home/airflow/.local/lib/python3.6/site-packages/airflow/example_dags/tutorial_taskflow_api_etl.py
[2025-05-31 11:25:34,923] {processor.py:642} INFO - Processing file /home/airflow/.local/lib/python3.6/site-packages/airflow/example_dags/tutorial_taskflow_api_etl.py for tasks to queue
[2025-05-31 11:25:34,925] {logging_mixin.py:109} INFO - [2025-05-31 11:25:34,925] {dagbag.py:500} INFO - Filling up the DagBag from /home/airflow/.local/lib/python3.6/site-packages/airflow/example_dags/tutorial_taskflow_api_etl.py
[2025-05-31 11:25:34,973] {processor.py:654} INFO - DAG(s) dict_keys(['tutorial_taskflow_api_etl']) retrieved from /home/airflow/.local/lib/python3.6/site-packages/airflow/example_dags/tutorial_taskflow_api_etl.py
[2025-05-31 11:25:35,256] {logging_mixin.py:109} INFO - [2025-05-31 11:25:35,256] {dag.py:2396} INFO - Sync 1 DAGs
[2025-05-31 11:25:35,277] {logging_mixin.py:109} INFO - [2025-05-31 11:25:35,277] {dag.py:2935} INFO - Setting next_dagrun for tutorial_taskflow_api_etl to None
[2025-05-31 11:25:35,291] {processor.py:171} INFO - Processing /home/airflow/.local/lib/python3.6/site-packages/airflow/example_dags/tutorial_taskflow_api_etl.py took 0.374 seconds
[2025-05-31 11:26:05,800] {processor.py:163} INFO - Started process (PID=14669) to work on /home/airflow/.local/lib/python3.6/site-packages/airflow/example_dags/tutorial_taskflow_api_etl.py
[2025-05-31 11:26:05,802] {processor.py:642} INFO - Processing file /home/airflow/.local/lib/python3.6/site-packages/airflow/example_dags/tutorial_taskflow_api_etl.py for tasks to queue
[2025-05-31 11:26:05,804] {logging_mixin.py:109} INFO - [2025-05-31 11:26:05,803] {dagbag.py:500} INFO - Filling up the DagBag from /home/airflow/.local/lib/python3.6/site-packages/airflow/example_dags/tutorial_taskflow_api_etl.py
[2025-05-31 11:26:05,886] {processor.py:654} INFO - DAG(s) dict_keys(['tutorial_taskflow_api_etl']) retrieved from /home/airflow/.local/lib/python3.6/site-packages/airflow/example_dags/tutorial_taskflow_api_etl.py
[2025-05-31 11:26:06,448] {logging_mixin.py:109} INFO - [2025-05-31 11:26:06,448] {dag.py:2396} INFO - Sync 1 DAGs
[2025-05-31 11:26:06,484] {logging_mixin.py:109} INFO - [2025-05-31 11:26:06,484] {dag.py:2935} INFO - Setting next_dagrun for tutorial_taskflow_api_etl to None
[2025-05-31 11:26:06,507] {processor.py:171} INFO - Processing /home/airflow/.local/lib/python3.6/site-packages/airflow/example_dags/tutorial_taskflow_api_etl.py took 0.714 seconds
[2025-05-31 11:26:37,177] {processor.py:163} INFO - Started process (PID=14854) to work on /home/airflow/.local/lib/python3.6/site-packages/airflow/example_dags/tutorial_taskflow_api_etl.py
[2025-05-31 11:26:37,178] {processor.py:642} INFO - Processing file /home/airflow/.local/lib/python3.6/site-packages/airflow/example_dags/tutorial_taskflow_api_etl.py for tasks to queue
[2025-05-31 11:26:37,179] {logging_mixin.py:109} INFO - [2025-05-31 11:26:37,179] {dagbag.py:500} INFO - Filling up the DagBag from /home/airflow/.local/lib/python3.6/site-packages/airflow/example_dags/tutorial_taskflow_api_etl.py
[2025-05-31 11:26:37,212] {processor.py:654} INFO - DAG(s) dict_keys(['tutorial_taskflow_api_etl']) retrieved from /home/airflow/.local/lib/python3.6/site-packages/airflow/example_dags/tutorial_taskflow_api_etl.py
[2025-05-31 11:26:37,445] {logging_mixin.py:109} INFO - [2025-05-31 11:26:37,445] {dag.py:2396} INFO - Sync 1 DAGs
[2025-05-31 11:26:37,463] {logging_mixin.py:109} INFO - [2025-05-31 11:26:37,463] {dag.py:2935} INFO - Setting next_dagrun for tutorial_taskflow_api_etl to None
[2025-05-31 11:26:37,476] {processor.py:171} INFO - Processing /home/airflow/.local/lib/python3.6/site-packages/airflow/example_dags/tutorial_taskflow_api_etl.py took 0.309 seconds
[2025-05-31 11:27:07,751] {processor.py:163} INFO - Started process (PID=15038) to work on /home/airflow/.local/lib/python3.6/site-packages/airflow/example_dags/tutorial_taskflow_api_etl.py
[2025-05-31 11:27:07,752] {processor.py:642} INFO - Processing file /home/airflow/.local/lib/python3.6/site-packages/airflow/example_dags/tutorial_taskflow_api_etl.py for tasks to queue
[2025-05-31 11:27:07,753] {logging_mixin.py:109} INFO - [2025-05-31 11:27:07,753] {dagbag.py:500} INFO - Filling up the DagBag from /home/airflow/.local/lib/python3.6/site-packages/airflow/example_dags/tutorial_taskflow_api_etl.py
[2025-05-31 11:27:07,789] {processor.py:654} INFO - DAG(s) dict_keys(['tutorial_taskflow_api_etl']) retrieved from /home/airflow/.local/lib/python3.6/site-packages/airflow/example_dags/tutorial_taskflow_api_etl.py
[2025-05-31 11:27:08,063] {logging_mixin.py:109} INFO - [2025-05-31 11:27:08,063] {dag.py:2396} INFO - Sync 1 DAGs
[2025-05-31 11:27:08,081] {logging_mixin.py:109} INFO - [2025-05-31 11:27:08,081] {dag.py:2935} INFO - Setting next_dagrun for tutorial_taskflow_api_etl to None
[2025-05-31 11:27:08,094] {processor.py:171} INFO - Processing /home/airflow/.local/lib/python3.6/site-packages/airflow/example_dags/tutorial_taskflow_api_etl.py took 0.346 seconds
[2025-05-31 11:27:39,013] {processor.py:163} INFO - Started process (PID=15234) to work on /home/airflow/.local/lib/python3.6/site-packages/airflow/example_dags/tutorial_taskflow_api_etl.py
[2025-05-31 11:27:39,015] {processor.py:642} INFO - Processing file /home/airflow/.local/lib/python3.6/site-packages/airflow/example_dags/tutorial_taskflow_api_etl.py for tasks to queue
[2025-05-31 11:27:39,016] {logging_mixin.py:109} INFO - [2025-05-31 11:27:39,016] {dagbag.py:500} INFO - Filling up the DagBag from /home/airflow/.local/lib/python3.6/site-packages/airflow/example_dags/tutorial_taskflow_api_etl.py
[2025-05-31 11:27:39,058] {processor.py:654} INFO - DAG(s) dict_keys(['tutorial_taskflow_api_etl']) retrieved from /home/airflow/.local/lib/python3.6/site-packages/airflow/example_dags/tutorial_taskflow_api_etl.py
[2025-05-31 11:27:39,368] {logging_mixin.py:109} INFO - [2025-05-31 11:27:39,368] {dag.py:2396} INFO - Sync 1 DAGs
[2025-05-31 11:27:39,393] {logging_mixin.py:109} INFO - [2025-05-31 11:27:39,393] {dag.py:2935} INFO - Setting next_dagrun for tutorial_taskflow_api_etl to None
[2025-05-31 11:27:39,407] {processor.py:171} INFO - Processing /home/airflow/.local/lib/python3.6/site-packages/airflow/example_dags/tutorial_taskflow_api_etl.py took 0.399 seconds
[2025-05-31 11:28:09,639] {processor.py:163} INFO - Started process (PID=15419) to work on /home/airflow/.local/lib/python3.6/site-packages/airflow/example_dags/tutorial_taskflow_api_etl.py
[2025-05-31 11:28:09,642] {processor.py:642} INFO - Processing file /home/airflow/.local/lib/python3.6/site-packages/airflow/example_dags/tutorial_taskflow_api_etl.py for tasks to queue
[2025-05-31 11:28:09,653] {logging_mixin.py:109} INFO - [2025-05-31 11:28:09,652] {dagbag.py:500} INFO - Filling up the DagBag from /home/airflow/.local/lib/python3.6/site-packages/airflow/example_dags/tutorial_taskflow_api_etl.py
[2025-05-31 11:28:09,810] {processor.py:654} INFO - DAG(s) dict_keys(['tutorial_taskflow_api_etl']) retrieved from /home/airflow/.local/lib/python3.6/site-packages/airflow/example_dags/tutorial_taskflow_api_etl.py
[2025-05-31 11:28:11,228] {logging_mixin.py:109} INFO - [2025-05-31 11:28:11,228] {dag.py:2396} INFO - Sync 1 DAGs
[2025-05-31 11:28:11,360] {logging_mixin.py:109} INFO - [2025-05-31 11:28:11,359] {dag.py:2935} INFO - Setting next_dagrun for tutorial_taskflow_api_etl to None
[2025-05-31 11:28:11,426] {processor.py:171} INFO - Processing /home/airflow/.local/lib/python3.6/site-packages/airflow/example_dags/tutorial_taskflow_api_etl.py took 1.794 seconds
[2025-05-31 11:28:41,937] {processor.py:163} INFO - Started process (PID=15603) to work on /home/airflow/.local/lib/python3.6/site-packages/airflow/example_dags/tutorial_taskflow_api_etl.py
[2025-05-31 11:28:41,940] {processor.py:642} INFO - Processing file /home/airflow/.local/lib/python3.6/site-packages/airflow/example_dags/tutorial_taskflow_api_etl.py for tasks to queue
[2025-05-31 11:28:41,942] {logging_mixin.py:109} INFO - [2025-05-31 11:28:41,942] {dagbag.py:500} INFO - Filling up the DagBag from /home/airflow/.local/lib/python3.6/site-packages/airflow/example_dags/tutorial_taskflow_api_etl.py
[2025-05-31 11:28:42,010] {processor.py:654} INFO - DAG(s) dict_keys(['tutorial_taskflow_api_etl']) retrieved from /home/airflow/.local/lib/python3.6/site-packages/airflow/example_dags/tutorial_taskflow_api_etl.py
[2025-05-31 11:28:42,525] {logging_mixin.py:109} INFO - [2025-05-31 11:28:42,525] {dag.py:2396} INFO - Sync 1 DAGs
[2025-05-31 11:28:42,584] {logging_mixin.py:109} INFO - [2025-05-31 11:28:42,583] {dag.py:2935} INFO - Setting next_dagrun for tutorial_taskflow_api_etl to None
[2025-05-31 11:28:42,607] {processor.py:171} INFO - Processing /home/airflow/.local/lib/python3.6/site-packages/airflow/example_dags/tutorial_taskflow_api_etl.py took 0.677 seconds
[2025-05-31 11:29:12,746] {processor.py:163} INFO - Started process (PID=15801) to work on /home/airflow/.local/lib/python3.6/site-packages/airflow/example_dags/tutorial_taskflow_api_etl.py
[2025-05-31 11:29:12,752] {processor.py:642} INFO - Processing file /home/airflow/.local/lib/python3.6/site-packages/airflow/example_dags/tutorial_taskflow_api_etl.py for tasks to queue
[2025-05-31 11:29:12,755] {logging_mixin.py:109} INFO - [2025-05-31 11:29:12,755] {dagbag.py:500} INFO - Filling up the DagBag from /home/airflow/.local/lib/python3.6/site-packages/airflow/example_dags/tutorial_taskflow_api_etl.py
[2025-05-31 11:29:12,799] {processor.py:654} INFO - DAG(s) dict_keys(['tutorial_taskflow_api_etl']) retrieved from /home/airflow/.local/lib/python3.6/site-packages/airflow/example_dags/tutorial_taskflow_api_etl.py
[2025-05-31 11:29:13,188] {logging_mixin.py:109} INFO - [2025-05-31 11:29:13,188] {dag.py:2396} INFO - Sync 1 DAGs
[2025-05-31 11:29:13,215] {logging_mixin.py:109} INFO - [2025-05-31 11:29:13,215] {dag.py:2935} INFO - Setting next_dagrun for tutorial_taskflow_api_etl to None
[2025-05-31 11:29:13,231] {processor.py:171} INFO - Processing /home/airflow/.local/lib/python3.6/site-packages/airflow/example_dags/tutorial_taskflow_api_etl.py took 0.506 seconds
[2025-05-31 11:29:43,446] {processor.py:163} INFO - Started process (PID=15984) to work on /home/airflow/.local/lib/python3.6/site-packages/airflow/example_dags/tutorial_taskflow_api_etl.py
[2025-05-31 11:29:43,448] {processor.py:642} INFO - Processing file /home/airflow/.local/lib/python3.6/site-packages/airflow/example_dags/tutorial_taskflow_api_etl.py for tasks to queue
[2025-05-31 11:29:43,449] {logging_mixin.py:109} INFO - [2025-05-31 11:29:43,449] {dagbag.py:500} INFO - Filling up the DagBag from /home/airflow/.local/lib/python3.6/site-packages/airflow/example_dags/tutorial_taskflow_api_etl.py
[2025-05-31 11:29:43,488] {processor.py:654} INFO - DAG(s) dict_keys(['tutorial_taskflow_api_etl']) retrieved from /home/airflow/.local/lib/python3.6/site-packages/airflow/example_dags/tutorial_taskflow_api_etl.py
[2025-05-31 11:29:43,779] {logging_mixin.py:109} INFO - [2025-05-31 11:29:43,779] {dag.py:2396} INFO - Sync 1 DAGs
[2025-05-31 11:29:43,801] {logging_mixin.py:109} INFO - [2025-05-31 11:29:43,801] {dag.py:2935} INFO - Setting next_dagrun for tutorial_taskflow_api_etl to None
[2025-05-31 11:29:43,815] {processor.py:171} INFO - Processing /home/airflow/.local/lib/python3.6/site-packages/airflow/example_dags/tutorial_taskflow_api_etl.py took 0.372 seconds
[2025-05-31 11:30:13,927] {processor.py:163} INFO - Started process (PID=16169) to work on /home/airflow/.local/lib/python3.6/site-packages/airflow/example_dags/tutorial_taskflow_api_etl.py
[2025-05-31 11:30:13,928] {processor.py:642} INFO - Processing file /home/airflow/.local/lib/python3.6/site-packages/airflow/example_dags/tutorial_taskflow_api_etl.py for tasks to queue
[2025-05-31 11:30:13,929] {logging_mixin.py:109} INFO - [2025-05-31 11:30:13,929] {dagbag.py:500} INFO - Filling up the DagBag from /home/airflow/.local/lib/python3.6/site-packages/airflow/example_dags/tutorial_taskflow_api_etl.py
[2025-05-31 11:30:13,963] {processor.py:654} INFO - DAG(s) dict_keys(['tutorial_taskflow_api_etl']) retrieved from /home/airflow/.local/lib/python3.6/site-packages/airflow/example_dags/tutorial_taskflow_api_etl.py
[2025-05-31 11:30:14,215] {logging_mixin.py:109} INFO - [2025-05-31 11:30:14,215] {dag.py:2396} INFO - Sync 1 DAGs
[2025-05-31 11:30:14,234] {logging_mixin.py:109} INFO - [2025-05-31 11:30:14,234] {dag.py:2935} INFO - Setting next_dagrun for tutorial_taskflow_api_etl to None
[2025-05-31 11:30:14,248] {processor.py:171} INFO - Processing /home/airflow/.local/lib/python3.6/site-packages/airflow/example_dags/tutorial_taskflow_api_etl.py took 0.325 seconds
[2025-05-31 11:30:44,357] {processor.py:163} INFO - Started process (PID=16364) to work on /home/airflow/.local/lib/python3.6/site-packages/airflow/example_dags/tutorial_taskflow_api_etl.py
[2025-05-31 11:30:44,359] {processor.py:642} INFO - Processing file /home/airflow/.local/lib/python3.6/site-packages/airflow/example_dags/tutorial_taskflow_api_etl.py for tasks to queue
[2025-05-31 11:30:44,361] {logging_mixin.py:109} INFO - [2025-05-31 11:30:44,361] {dagbag.py:500} INFO - Filling up the DagBag from /home/airflow/.local/lib/python3.6/site-packages/airflow/example_dags/tutorial_taskflow_api_etl.py
[2025-05-31 11:30:44,411] {processor.py:654} INFO - DAG(s) dict_keys(['tutorial_taskflow_api_etl']) retrieved from /home/airflow/.local/lib/python3.6/site-packages/airflow/example_dags/tutorial_taskflow_api_etl.py
[2025-05-31 11:30:44,762] {logging_mixin.py:109} INFO - [2025-05-31 11:30:44,762] {dag.py:2396} INFO - Sync 1 DAGs
[2025-05-31 11:30:44,792] {logging_mixin.py:109} INFO - [2025-05-31 11:30:44,792] {dag.py:2935} INFO - Setting next_dagrun for tutorial_taskflow_api_etl to None
[2025-05-31 11:30:44,810] {processor.py:171} INFO - Processing /home/airflow/.local/lib/python3.6/site-packages/airflow/example_dags/tutorial_taskflow_api_etl.py took 0.460 seconds
[2025-05-31 11:31:15,703] {processor.py:163} INFO - Started process (PID=16549) to work on /home/airflow/.local/lib/python3.6/site-packages/airflow/example_dags/tutorial_taskflow_api_etl.py
[2025-05-31 11:31:15,705] {processor.py:642} INFO - Processing file /home/airflow/.local/lib/python3.6/site-packages/airflow/example_dags/tutorial_taskflow_api_etl.py for tasks to queue
[2025-05-31 11:31:15,706] {logging_mixin.py:109} INFO - [2025-05-31 11:31:15,706] {dagbag.py:500} INFO - Filling up the DagBag from /home/airflow/.local/lib/python3.6/site-packages/airflow/example_dags/tutorial_taskflow_api_etl.py
[2025-05-31 11:31:15,739] {processor.py:654} INFO - DAG(s) dict_keys(['tutorial_taskflow_api_etl']) retrieved from /home/airflow/.local/lib/python3.6/site-packages/airflow/example_dags/tutorial_taskflow_api_etl.py
[2025-05-31 11:31:16,030] {logging_mixin.py:109} INFO - [2025-05-31 11:31:16,030] {dag.py:2396} INFO - Sync 1 DAGs
[2025-05-31 11:31:16,054] {logging_mixin.py:109} INFO - [2025-05-31 11:31:16,054] {dag.py:2935} INFO - Setting next_dagrun for tutorial_taskflow_api_etl to None
[2025-05-31 11:31:16,069] {processor.py:171} INFO - Processing /home/airflow/.local/lib/python3.6/site-packages/airflow/example_dags/tutorial_taskflow_api_etl.py took 0.369 seconds
[2025-05-31 11:31:46,343] {processor.py:163} INFO - Started process (PID=16734) to work on /home/airflow/.local/lib/python3.6/site-packages/airflow/example_dags/tutorial_taskflow_api_etl.py
[2025-05-31 11:31:46,345] {processor.py:642} INFO - Processing file /home/airflow/.local/lib/python3.6/site-packages/airflow/example_dags/tutorial_taskflow_api_etl.py for tasks to queue
[2025-05-31 11:31:46,346] {logging_mixin.py:109} INFO - [2025-05-31 11:31:46,346] {dagbag.py:500} INFO - Filling up the DagBag from /home/airflow/.local/lib/python3.6/site-packages/airflow/example_dags/tutorial_taskflow_api_etl.py
[2025-05-31 11:31:46,390] {processor.py:654} INFO - DAG(s) dict_keys(['tutorial_taskflow_api_etl']) retrieved from /home/airflow/.local/lib/python3.6/site-packages/airflow/example_dags/tutorial_taskflow_api_etl.py
[2025-05-31 11:31:46,673] {logging_mixin.py:109} INFO - [2025-05-31 11:31:46,673] {dag.py:2396} INFO - Sync 1 DAGs
[2025-05-31 11:31:46,693] {logging_mixin.py:109} INFO - [2025-05-31 11:31:46,693] {dag.py:2935} INFO - Setting next_dagrun for tutorial_taskflow_api_etl to None
[2025-05-31 11:31:46,707] {processor.py:171} INFO - Processing /home/airflow/.local/lib/python3.6/site-packages/airflow/example_dags/tutorial_taskflow_api_etl.py took 0.369 seconds
[2025-05-31 11:32:17,036] {processor.py:163} INFO - Started process (PID=16928) to work on /home/airflow/.local/lib/python3.6/site-packages/airflow/example_dags/tutorial_taskflow_api_etl.py
[2025-05-31 11:32:17,037] {processor.py:642} INFO - Processing file /home/airflow/.local/lib/python3.6/site-packages/airflow/example_dags/tutorial_taskflow_api_etl.py for tasks to queue
[2025-05-31 11:32:17,038] {logging_mixin.py:109} INFO - [2025-05-31 11:32:17,038] {dagbag.py:500} INFO - Filling up the DagBag from /home/airflow/.local/lib/python3.6/site-packages/airflow/example_dags/tutorial_taskflow_api_etl.py
[2025-05-31 11:32:17,071] {processor.py:654} INFO - DAG(s) dict_keys(['tutorial_taskflow_api_etl']) retrieved from /home/airflow/.local/lib/python3.6/site-packages/airflow/example_dags/tutorial_taskflow_api_etl.py
[2025-05-31 11:32:17,334] {logging_mixin.py:109} INFO - [2025-05-31 11:32:17,334] {dag.py:2396} INFO - Sync 1 DAGs
[2025-05-31 11:32:17,358] {logging_mixin.py:109} INFO - [2025-05-31 11:32:17,357] {dag.py:2935} INFO - Setting next_dagrun for tutorial_taskflow_api_etl to None
[2025-05-31 11:32:17,373] {processor.py:171} INFO - Processing /home/airflow/.local/lib/python3.6/site-packages/airflow/example_dags/tutorial_taskflow_api_etl.py took 0.340 seconds
[2025-05-31 11:32:48,306] {processor.py:163} INFO - Started process (PID=17114) to work on /home/airflow/.local/lib/python3.6/site-packages/airflow/example_dags/tutorial_taskflow_api_etl.py
[2025-05-31 11:32:48,308] {processor.py:642} INFO - Processing file /home/airflow/.local/lib/python3.6/site-packages/airflow/example_dags/tutorial_taskflow_api_etl.py for tasks to queue
[2025-05-31 11:32:48,309] {logging_mixin.py:109} INFO - [2025-05-31 11:32:48,309] {dagbag.py:500} INFO - Filling up the DagBag from /home/airflow/.local/lib/python3.6/site-packages/airflow/example_dags/tutorial_taskflow_api_etl.py
[2025-05-31 11:32:48,347] {processor.py:654} INFO - DAG(s) dict_keys(['tutorial_taskflow_api_etl']) retrieved from /home/airflow/.local/lib/python3.6/site-packages/airflow/example_dags/tutorial_taskflow_api_etl.py
[2025-05-31 11:32:47,824] {logging_mixin.py:109} INFO - [2025-05-31 11:32:47,824] {dag.py:2396} INFO - Sync 1 DAGs
[2025-05-31 11:32:47,846] {logging_mixin.py:109} INFO - [2025-05-31 11:32:47,846] {dag.py:2935} INFO - Setting next_dagrun for tutorial_taskflow_api_etl to None
[2025-05-31 11:32:47,861] {processor.py:171} INFO - Processing /home/airflow/.local/lib/python3.6/site-packages/airflow/example_dags/tutorial_taskflow_api_etl.py took 0.343 seconds
[2025-05-31 11:33:18,171] {processor.py:163} INFO - Started process (PID=17308) to work on /home/airflow/.local/lib/python3.6/site-packages/airflow/example_dags/tutorial_taskflow_api_etl.py
[2025-05-31 11:33:18,175] {processor.py:642} INFO - Processing file /home/airflow/.local/lib/python3.6/site-packages/airflow/example_dags/tutorial_taskflow_api_etl.py for tasks to queue
[2025-05-31 11:33:18,177] {logging_mixin.py:109} INFO - [2025-05-31 11:33:18,176] {dagbag.py:500} INFO - Filling up the DagBag from /home/airflow/.local/lib/python3.6/site-packages/airflow/example_dags/tutorial_taskflow_api_etl.py
[2025-05-31 11:33:18,227] {processor.py:654} INFO - DAG(s) dict_keys(['tutorial_taskflow_api_etl']) retrieved from /home/airflow/.local/lib/python3.6/site-packages/airflow/example_dags/tutorial_taskflow_api_etl.py
[2025-05-31 11:33:18,233] {logging_mixin.py:109} INFO - [2025-05-31 11:33:18,233] {dag.py:2396} INFO - Sync 1 DAGs
[2025-05-31 11:33:18,260] {logging_mixin.py:109} INFO - [2025-05-31 11:33:18,259] {dag.py:2935} INFO - Setting next_dagrun for tutorial_taskflow_api_etl to None
[2025-05-31 11:33:18,273] {processor.py:171} INFO - Processing /home/airflow/.local/lib/python3.6/site-packages/airflow/example_dags/tutorial_taskflow_api_etl.py took 0.118 seconds
[2025-05-31 11:33:48,558] {processor.py:163} INFO - Started process (PID=17493) to work on /home/airflow/.local/lib/python3.6/site-packages/airflow/example_dags/tutorial_taskflow_api_etl.py
[2025-05-31 11:33:48,560] {processor.py:642} INFO - Processing file /home/airflow/.local/lib/python3.6/site-packages/airflow/example_dags/tutorial_taskflow_api_etl.py for tasks to queue
[2025-05-31 11:33:48,560] {logging_mixin.py:109} INFO - [2025-05-31 11:33:48,560] {dagbag.py:500} INFO - Filling up the DagBag from /home/airflow/.local/lib/python3.6/site-packages/airflow/example_dags/tutorial_taskflow_api_etl.py
[2025-05-31 11:33:48,593] {processor.py:654} INFO - DAG(s) dict_keys(['tutorial_taskflow_api_etl']) retrieved from /home/airflow/.local/lib/python3.6/site-packages/airflow/example_dags/tutorial_taskflow_api_etl.py
[2025-05-31 11:33:48,855] {logging_mixin.py:109} INFO - [2025-05-31 11:33:48,855] {dag.py:2396} INFO - Sync 1 DAGs
[2025-05-31 11:33:48,887] {logging_mixin.py:109} INFO - [2025-05-31 11:33:48,887] {dag.py:2935} INFO - Setting next_dagrun for tutorial_taskflow_api_etl to None
[2025-05-31 11:33:48,903] {processor.py:171} INFO - Processing /home/airflow/.local/lib/python3.6/site-packages/airflow/example_dags/tutorial_taskflow_api_etl.py took 0.349 seconds
[2025-05-31 11:34:19,580] {processor.py:163} INFO - Started process (PID=17678) to work on /home/airflow/.local/lib/python3.6/site-packages/airflow/example_dags/tutorial_taskflow_api_etl.py
[2025-05-31 11:34:19,582] {processor.py:642} INFO - Processing file /home/airflow/.local/lib/python3.6/site-packages/airflow/example_dags/tutorial_taskflow_api_etl.py for tasks to queue
[2025-05-31 11:34:19,583] {logging_mixin.py:109} INFO - [2025-05-31 11:34:19,583] {dagbag.py:500} INFO - Filling up the DagBag from /home/airflow/.local/lib/python3.6/site-packages/airflow/example_dags/tutorial_taskflow_api_etl.py
[2025-05-31 11:34:19,644] {processor.py:654} INFO - DAG(s) dict_keys(['tutorial_taskflow_api_etl']) retrieved from /home/airflow/.local/lib/python3.6/site-packages/airflow/example_dags/tutorial_taskflow_api_etl.py
[2025-05-31 11:34:20,008] {logging_mixin.py:109} INFO - [2025-05-31 11:34:20,008] {dag.py:2396} INFO - Sync 1 DAGs
[2025-05-31 11:34:20,033] {logging_mixin.py:109} INFO - [2025-05-31 11:34:20,033] {dag.py:2935} INFO - Setting next_dagrun for tutorial_taskflow_api_etl to None
[2025-05-31 11:34:20,050] {processor.py:171} INFO - Processing /home/airflow/.local/lib/python3.6/site-packages/airflow/example_dags/tutorial_taskflow_api_etl.py took 0.477 seconds
[2025-05-31 11:34:50,206] {processor.py:163} INFO - Started process (PID=17872) to work on /home/airflow/.local/lib/python3.6/site-packages/airflow/example_dags/tutorial_taskflow_api_etl.py
[2025-05-31 11:34:50,208] {processor.py:642} INFO - Processing file /home/airflow/.local/lib/python3.6/site-packages/airflow/example_dags/tutorial_taskflow_api_etl.py for tasks to queue
[2025-05-31 11:34:50,210] {logging_mixin.py:109} INFO - [2025-05-31 11:34:50,210] {dagbag.py:500} INFO - Filling up the DagBag from /home/airflow/.local/lib/python3.6/site-packages/airflow/example_dags/tutorial_taskflow_api_etl.py
[2025-05-31 11:34:50,260] {processor.py:654} INFO - DAG(s) dict_keys(['tutorial_taskflow_api_etl']) retrieved from /home/airflow/.local/lib/python3.6/site-packages/airflow/example_dags/tutorial_taskflow_api_etl.py
[2025-05-31 11:34:50,664] {logging_mixin.py:109} INFO - [2025-05-31 11:34:50,664] {dag.py:2396} INFO - Sync 1 DAGs
[2025-05-31 11:34:50,690] {logging_mixin.py:109} INFO - [2025-05-31 11:34:50,690] {dag.py:2935} INFO - Setting next_dagrun for tutorial_taskflow_api_etl to None
[2025-05-31 11:34:50,711] {processor.py:171} INFO - Processing /home/airflow/.local/lib/python3.6/site-packages/airflow/example_dags/tutorial_taskflow_api_etl.py took 0.511 seconds
[2025-05-31 11:35:20,993] {processor.py:163} INFO - Started process (PID=18057) to work on /home/airflow/.local/lib/python3.6/site-packages/airflow/example_dags/tutorial_taskflow_api_etl.py
[2025-05-31 11:35:20,995] {processor.py:642} INFO - Processing file /home/airflow/.local/lib/python3.6/site-packages/airflow/example_dags/tutorial_taskflow_api_etl.py for tasks to queue
[2025-05-31 11:35:20,995] {logging_mixin.py:109} INFO - [2025-05-31 11:35:20,995] {dagbag.py:500} INFO - Filling up the DagBag from /home/airflow/.local/lib/python3.6/site-packages/airflow/example_dags/tutorial_taskflow_api_etl.py
[2025-05-31 11:35:21,028] {processor.py:654} INFO - DAG(s) dict_keys(['tutorial_taskflow_api_etl']) retrieved from /home/airflow/.local/lib/python3.6/site-packages/airflow/example_dags/tutorial_taskflow_api_etl.py
[2025-05-31 11:35:21,039] {logging_mixin.py:109} INFO - [2025-05-31 11:35:21,039] {dag.py:2396} INFO - Sync 1 DAGs
[2025-05-31 11:35:21,057] {logging_mixin.py:109} INFO - [2025-05-31 11:35:21,056] {dag.py:2935} INFO - Setting next_dagrun for tutorial_taskflow_api_etl to None
[2025-05-31 11:35:21,067] {processor.py:171} INFO - Processing /home/airflow/.local/lib/python3.6/site-packages/airflow/example_dags/tutorial_taskflow_api_etl.py took 0.077 seconds
[2025-05-31 11:35:51,623] {processor.py:163} INFO - Started process (PID=18243) to work on /home/airflow/.local/lib/python3.6/site-packages/airflow/example_dags/tutorial_taskflow_api_etl.py
[2025-05-31 11:35:51,626] {processor.py:642} INFO - Processing file /home/airflow/.local/lib/python3.6/site-packages/airflow/example_dags/tutorial_taskflow_api_etl.py for tasks to queue
[2025-05-31 11:35:51,628] {logging_mixin.py:109} INFO - [2025-05-31 11:35:51,628] {dagbag.py:500} INFO - Filling up the DagBag from /home/airflow/.local/lib/python3.6/site-packages/airflow/example_dags/tutorial_taskflow_api_etl.py
[2025-05-31 11:35:51,666] {processor.py:654} INFO - DAG(s) dict_keys(['tutorial_taskflow_api_etl']) retrieved from /home/airflow/.local/lib/python3.6/site-packages/airflow/example_dags/tutorial_taskflow_api_etl.py
[2025-05-31 11:35:51,910] {logging_mixin.py:109} INFO - [2025-05-31 11:35:51,910] {dag.py:2396} INFO - Sync 1 DAGs
[2025-05-31 11:35:51,930] {logging_mixin.py:109} INFO - [2025-05-31 11:35:51,930] {dag.py:2935} INFO - Setting next_dagrun for tutorial_taskflow_api_etl to None
[2025-05-31 11:35:51,944] {processor.py:171} INFO - Processing /home/airflow/.local/lib/python3.6/site-packages/airflow/example_dags/tutorial_taskflow_api_etl.py took 0.332 seconds
[2025-05-31 11:36:22,031] {processor.py:163} INFO - Started process (PID=18438) to work on /home/airflow/.local/lib/python3.6/site-packages/airflow/example_dags/tutorial_taskflow_api_etl.py
[2025-05-31 11:36:22,033] {processor.py:642} INFO - Processing file /home/airflow/.local/lib/python3.6/site-packages/airflow/example_dags/tutorial_taskflow_api_etl.py for tasks to queue
[2025-05-31 11:36:22,034] {logging_mixin.py:109} INFO - [2025-05-31 11:36:22,034] {dagbag.py:500} INFO - Filling up the DagBag from /home/airflow/.local/lib/python3.6/site-packages/airflow/example_dags/tutorial_taskflow_api_etl.py
[2025-05-31 11:36:22,066] {processor.py:654} INFO - DAG(s) dict_keys(['tutorial_taskflow_api_etl']) retrieved from /home/airflow/.local/lib/python3.6/site-packages/airflow/example_dags/tutorial_taskflow_api_etl.py
[2025-05-31 11:36:22,352] {logging_mixin.py:109} INFO - [2025-05-31 11:36:22,352] {dag.py:2396} INFO - Sync 1 DAGs
[2025-05-31 11:36:22,375] {logging_mixin.py:109} INFO - [2025-05-31 11:36:22,375] {dag.py:2935} INFO - Setting next_dagrun for tutorial_taskflow_api_etl to None
[2025-05-31 11:36:22,390] {processor.py:171} INFO - Processing /home/airflow/.local/lib/python3.6/site-packages/airflow/example_dags/tutorial_taskflow_api_etl.py took 0.361 seconds
[2025-05-31 11:36:52,489] {processor.py:163} INFO - Started process (PID=18623) to work on /home/airflow/.local/lib/python3.6/site-packages/airflow/example_dags/tutorial_taskflow_api_etl.py
[2025-05-31 11:36:52,491] {processor.py:642} INFO - Processing file /home/airflow/.local/lib/python3.6/site-packages/airflow/example_dags/tutorial_taskflow_api_etl.py for tasks to queue
[2025-05-31 11:36:52,492] {logging_mixin.py:109} INFO - [2025-05-31 11:36:52,492] {dagbag.py:500} INFO - Filling up the DagBag from /home/airflow/.local/lib/python3.6/site-packages/airflow/example_dags/tutorial_taskflow_api_etl.py
[2025-05-31 11:36:52,525] {processor.py:654} INFO - DAG(s) dict_keys(['tutorial_taskflow_api_etl']) retrieved from /home/airflow/.local/lib/python3.6/site-packages/airflow/example_dags/tutorial_taskflow_api_etl.py
[2025-05-31 11:36:52,783] {logging_mixin.py:109} INFO - [2025-05-31 11:36:52,783] {dag.py:2396} INFO - Sync 1 DAGs
[2025-05-31 11:36:52,803] {logging_mixin.py:109} INFO - [2025-05-31 11:36:52,803] {dag.py:2935} INFO - Setting next_dagrun for tutorial_taskflow_api_etl to None
[2025-05-31 11:36:52,817] {processor.py:171} INFO - Processing /home/airflow/.local/lib/python3.6/site-packages/airflow/example_dags/tutorial_taskflow_api_etl.py took 0.331 seconds
[2025-05-31 11:37:23,406] {processor.py:163} INFO - Started process (PID=18818) to work on /home/airflow/.local/lib/python3.6/site-packages/airflow/example_dags/tutorial_taskflow_api_etl.py
[2025-05-31 11:37:23,408] {processor.py:642} INFO - Processing file /home/airflow/.local/lib/python3.6/site-packages/airflow/example_dags/tutorial_taskflow_api_etl.py for tasks to queue
[2025-05-31 11:37:23,408] {logging_mixin.py:109} INFO - [2025-05-31 11:37:23,408] {dagbag.py:500} INFO - Filling up the DagBag from /home/airflow/.local/lib/python3.6/site-packages/airflow/example_dags/tutorial_taskflow_api_etl.py
[2025-05-31 11:37:23,451] {processor.py:654} INFO - DAG(s) dict_keys(['tutorial_taskflow_api_etl']) retrieved from /home/airflow/.local/lib/python3.6/site-packages/airflow/example_dags/tutorial_taskflow_api_etl.py
[2025-05-31 11:37:23,758] {logging_mixin.py:109} INFO - [2025-05-31 11:37:23,758] {dag.py:2396} INFO - Sync 1 DAGs
[2025-05-31 11:37:23,783] {logging_mixin.py:109} INFO - [2025-05-31 11:37:23,783] {dag.py:2935} INFO - Setting next_dagrun for tutorial_taskflow_api_etl to None
[2025-05-31 11:37:23,805] {processor.py:171} INFO - Processing /home/airflow/.local/lib/python3.6/site-packages/airflow/example_dags/tutorial_taskflow_api_etl.py took 0.403 seconds
[2025-05-31 11:37:54,138] {processor.py:163} INFO - Started process (PID=19003) to work on /home/airflow/.local/lib/python3.6/site-packages/airflow/example_dags/tutorial_taskflow_api_etl.py
[2025-05-31 11:37:54,139] {processor.py:642} INFO - Processing file /home/airflow/.local/lib/python3.6/site-packages/airflow/example_dags/tutorial_taskflow_api_etl.py for tasks to queue
[2025-05-31 11:37:54,140] {logging_mixin.py:109} INFO - [2025-05-31 11:37:54,140] {dagbag.py:500} INFO - Filling up the DagBag from /home/airflow/.local/lib/python3.6/site-packages/airflow/example_dags/tutorial_taskflow_api_etl.py
[2025-05-31 11:37:54,173] {processor.py:654} INFO - DAG(s) dict_keys(['tutorial_taskflow_api_etl']) retrieved from /home/airflow/.local/lib/python3.6/site-packages/airflow/example_dags/tutorial_taskflow_api_etl.py
[2025-05-31 11:37:54,422] {logging_mixin.py:109} INFO - [2025-05-31 11:37:54,422] {dag.py:2396} INFO - Sync 1 DAGs
[2025-05-31 11:37:54,441] {logging_mixin.py:109} INFO - [2025-05-31 11:37:54,441] {dag.py:2935} INFO - Setting next_dagrun for tutorial_taskflow_api_etl to None
[2025-05-31 11:37:54,454] {processor.py:171} INFO - Processing /home/airflow/.local/lib/python3.6/site-packages/airflow/example_dags/tutorial_taskflow_api_etl.py took 0.321 seconds
[2025-05-31 11:38:24,800] {processor.py:163} INFO - Started process (PID=19188) to work on /home/airflow/.local/lib/python3.6/site-packages/airflow/example_dags/tutorial_taskflow_api_etl.py
[2025-05-31 11:38:24,801] {processor.py:642} INFO - Processing file /home/airflow/.local/lib/python3.6/site-packages/airflow/example_dags/tutorial_taskflow_api_etl.py for tasks to queue
[2025-05-31 11:38:24,802] {logging_mixin.py:109} INFO - [2025-05-31 11:38:24,802] {dagbag.py:500} INFO - Filling up the DagBag from /home/airflow/.local/lib/python3.6/site-packages/airflow/example_dags/tutorial_taskflow_api_etl.py
[2025-05-31 11:38:24,834] {processor.py:654} INFO - DAG(s) dict_keys(['tutorial_taskflow_api_etl']) retrieved from /home/airflow/.local/lib/python3.6/site-packages/airflow/example_dags/tutorial_taskflow_api_etl.py
[2025-05-31 11:38:25,093] {logging_mixin.py:109} INFO - [2025-05-31 11:38:25,092] {dag.py:2396} INFO - Sync 1 DAGs
[2025-05-31 11:38:25,117] {logging_mixin.py:109} INFO - [2025-05-31 11:38:25,117] {dag.py:2935} INFO - Setting next_dagrun for tutorial_taskflow_api_etl to None
[2025-05-31 11:38:25,138] {processor.py:171} INFO - Processing /home/airflow/.local/lib/python3.6/site-packages/airflow/example_dags/tutorial_taskflow_api_etl.py took 0.342 seconds
[2025-05-31 11:38:55,789] {processor.py:163} INFO - Started process (PID=19382) to work on /home/airflow/.local/lib/python3.6/site-packages/airflow/example_dags/tutorial_taskflow_api_etl.py
[2025-05-31 11:38:55,793] {processor.py:642} INFO - Processing file /home/airflow/.local/lib/python3.6/site-packages/airflow/example_dags/tutorial_taskflow_api_etl.py for tasks to queue
[2025-05-31 11:38:55,795] {logging_mixin.py:109} INFO - [2025-05-31 11:38:55,795] {dagbag.py:500} INFO - Filling up the DagBag from /home/airflow/.local/lib/python3.6/site-packages/airflow/example_dags/tutorial_taskflow_api_etl.py
[2025-05-31 11:38:55,882] {processor.py:654} INFO - DAG(s) dict_keys(['tutorial_taskflow_api_etl']) retrieved from /home/airflow/.local/lib/python3.6/site-packages/airflow/example_dags/tutorial_taskflow_api_etl.py
[2025-05-31 11:38:55,901] {logging_mixin.py:109} INFO - [2025-05-31 11:38:55,901] {dag.py:2396} INFO - Sync 1 DAGs
[2025-05-31 11:38:55,933] {logging_mixin.py:109} INFO - [2025-05-31 11:38:55,933] {dag.py:2935} INFO - Setting next_dagrun for tutorial_taskflow_api_etl to None
[2025-05-31 11:38:55,948] {processor.py:171} INFO - Processing /home/airflow/.local/lib/python3.6/site-packages/airflow/example_dags/tutorial_taskflow_api_etl.py took 0.169 seconds
[2025-05-31 11:39:26,045] {processor.py:163} INFO - Started process (PID=19567) to work on /home/airflow/.local/lib/python3.6/site-packages/airflow/example_dags/tutorial_taskflow_api_etl.py
[2025-05-31 11:39:26,047] {processor.py:642} INFO - Processing file /home/airflow/.local/lib/python3.6/site-packages/airflow/example_dags/tutorial_taskflow_api_etl.py for tasks to queue
[2025-05-31 11:39:26,047] {logging_mixin.py:109} INFO - [2025-05-31 11:39:26,047] {dagbag.py:500} INFO - Filling up the DagBag from /home/airflow/.local/lib/python3.6/site-packages/airflow/example_dags/tutorial_taskflow_api_etl.py
[2025-05-31 11:39:26,080] {processor.py:654} INFO - DAG(s) dict_keys(['tutorial_taskflow_api_etl']) retrieved from /home/airflow/.local/lib/python3.6/site-packages/airflow/example_dags/tutorial_taskflow_api_etl.py
[2025-05-31 11:39:26,326] {logging_mixin.py:109} INFO - [2025-05-31 11:39:26,326] {dag.py:2396} INFO - Sync 1 DAGs
[2025-05-31 11:39:26,346] {logging_mixin.py:109} INFO - [2025-05-31 11:39:26,346] {dag.py:2935} INFO - Setting next_dagrun for tutorial_taskflow_api_etl to None
[2025-05-31 11:39:26,359] {processor.py:171} INFO - Processing /home/airflow/.local/lib/python3.6/site-packages/airflow/example_dags/tutorial_taskflow_api_etl.py took 0.317 seconds
[2025-05-31 11:39:56,540] {processor.py:163} INFO - Started process (PID=19763) to work on /home/airflow/.local/lib/python3.6/site-packages/airflow/example_dags/tutorial_taskflow_api_etl.py
[2025-05-31 11:39:56,542] {processor.py:642} INFO - Processing file /home/airflow/.local/lib/python3.6/site-packages/airflow/example_dags/tutorial_taskflow_api_etl.py for tasks to queue
[2025-05-31 11:39:56,544] {logging_mixin.py:109} INFO - [2025-05-31 11:39:56,543] {dagbag.py:500} INFO - Filling up the DagBag from /home/airflow/.local/lib/python3.6/site-packages/airflow/example_dags/tutorial_taskflow_api_etl.py
[2025-05-31 11:39:56,604] {processor.py:654} INFO - DAG(s) dict_keys(['tutorial_taskflow_api_etl']) retrieved from /home/airflow/.local/lib/python3.6/site-packages/airflow/example_dags/tutorial_taskflow_api_etl.py
[2025-05-31 11:39:56,982] {logging_mixin.py:109} INFO - [2025-05-31 11:39:56,981] {dag.py:2396} INFO - Sync 1 DAGs
[2025-05-31 11:39:57,005] {logging_mixin.py:109} INFO - [2025-05-31 11:39:57,004] {dag.py:2935} INFO - Setting next_dagrun for tutorial_taskflow_api_etl to None
[2025-05-31 11:39:57,020] {processor.py:171} INFO - Processing /home/airflow/.local/lib/python3.6/site-packages/airflow/example_dags/tutorial_taskflow_api_etl.py took 0.485 seconds
[2025-05-31 11:40:27,743] {processor.py:163} INFO - Started process (PID=19947) to work on /home/airflow/.local/lib/python3.6/site-packages/airflow/example_dags/tutorial_taskflow_api_etl.py
[2025-05-31 11:40:27,744] {processor.py:642} INFO - Processing file /home/airflow/.local/lib/python3.6/site-packages/airflow/example_dags/tutorial_taskflow_api_etl.py for tasks to queue
[2025-05-31 11:40:27,745] {logging_mixin.py:109} INFO - [2025-05-31 11:40:27,745] {dagbag.py:500} INFO - Filling up the DagBag from /home/airflow/.local/lib/python3.6/site-packages/airflow/example_dags/tutorial_taskflow_api_etl.py
[2025-05-31 11:40:27,777] {processor.py:654} INFO - DAG(s) dict_keys(['tutorial_taskflow_api_etl']) retrieved from /home/airflow/.local/lib/python3.6/site-packages/airflow/example_dags/tutorial_taskflow_api_etl.py
[2025-05-31 11:40:28,042] {logging_mixin.py:109} INFO - [2025-05-31 11:40:28,042] {dag.py:2396} INFO - Sync 1 DAGs
[2025-05-31 11:40:28,060] {logging_mixin.py:109} INFO - [2025-05-31 11:40:28,060] {dag.py:2935} INFO - Setting next_dagrun for tutorial_taskflow_api_etl to None
[2025-05-31 11:40:28,073] {processor.py:171} INFO - Processing /home/airflow/.local/lib/python3.6/site-packages/airflow/example_dags/tutorial_taskflow_api_etl.py took 0.333 seconds
[2025-05-31 11:40:58,946] {processor.py:163} INFO - Started process (PID=20142) to work on /home/airflow/.local/lib/python3.6/site-packages/airflow/example_dags/tutorial_taskflow_api_etl.py
[2025-05-31 11:40:58,948] {processor.py:642} INFO - Processing file /home/airflow/.local/lib/python3.6/site-packages/airflow/example_dags/tutorial_taskflow_api_etl.py for tasks to queue
[2025-05-31 11:40:58,950] {logging_mixin.py:109} INFO - [2025-05-31 11:40:58,950] {dagbag.py:500} INFO - Filling up the DagBag from /home/airflow/.local/lib/python3.6/site-packages/airflow/example_dags/tutorial_taskflow_api_etl.py
[2025-05-31 11:40:58,994] {processor.py:654} INFO - DAG(s) dict_keys(['tutorial_taskflow_api_etl']) retrieved from /home/airflow/.local/lib/python3.6/site-packages/airflow/example_dags/tutorial_taskflow_api_etl.py
[2025-05-31 11:40:59,355] {logging_mixin.py:109} INFO - [2025-05-31 11:40:59,355] {dag.py:2396} INFO - Sync 1 DAGs
[2025-05-31 11:40:59,380] {logging_mixin.py:109} INFO - [2025-05-31 11:40:59,380] {dag.py:2935} INFO - Setting next_dagrun for tutorial_taskflow_api_etl to None
[2025-05-31 11:40:59,396] {processor.py:171} INFO - Processing /home/airflow/.local/lib/python3.6/site-packages/airflow/example_dags/tutorial_taskflow_api_etl.py took 0.455 seconds
[2025-05-31 11:41:30,059] {processor.py:163} INFO - Started process (PID=20327) to work on /home/airflow/.local/lib/python3.6/site-packages/airflow/example_dags/tutorial_taskflow_api_etl.py
[2025-05-31 11:41:30,060] {processor.py:642} INFO - Processing file /home/airflow/.local/lib/python3.6/site-packages/airflow/example_dags/tutorial_taskflow_api_etl.py for tasks to queue
[2025-05-31 11:41:30,061] {logging_mixin.py:109} INFO - [2025-05-31 11:41:30,061] {dagbag.py:500} INFO - Filling up the DagBag from /home/airflow/.local/lib/python3.6/site-packages/airflow/example_dags/tutorial_taskflow_api_etl.py
[2025-05-31 11:41:30,101] {processor.py:654} INFO - DAG(s) dict_keys(['tutorial_taskflow_api_etl']) retrieved from /home/airflow/.local/lib/python3.6/site-packages/airflow/example_dags/tutorial_taskflow_api_etl.py
[2025-05-31 11:41:30,417] {logging_mixin.py:109} INFO - [2025-05-31 11:41:30,417] {dag.py:2396} INFO - Sync 1 DAGs
[2025-05-31 11:41:30,444] {logging_mixin.py:109} INFO - [2025-05-31 11:41:30,443] {dag.py:2935} INFO - Setting next_dagrun for tutorial_taskflow_api_etl to None
[2025-05-31 11:41:30,463] {processor.py:171} INFO - Processing /home/airflow/.local/lib/python3.6/site-packages/airflow/example_dags/tutorial_taskflow_api_etl.py took 0.408 seconds
[2025-05-31 11:42:01,262] {processor.py:163} INFO - Started process (PID=20512) to work on /home/airflow/.local/lib/python3.6/site-packages/airflow/example_dags/tutorial_taskflow_api_etl.py
[2025-05-31 11:42:01,264] {processor.py:642} INFO - Processing file /home/airflow/.local/lib/python3.6/site-packages/airflow/example_dags/tutorial_taskflow_api_etl.py for tasks to queue
[2025-05-31 11:42:01,266] {logging_mixin.py:109} INFO - [2025-05-31 11:42:01,265] {dagbag.py:500} INFO - Filling up the DagBag from /home/airflow/.local/lib/python3.6/site-packages/airflow/example_dags/tutorial_taskflow_api_etl.py
[2025-05-31 11:42:01,300] {processor.py:654} INFO - DAG(s) dict_keys(['tutorial_taskflow_api_etl']) retrieved from /home/airflow/.local/lib/python3.6/site-packages/airflow/example_dags/tutorial_taskflow_api_etl.py
[2025-05-31 11:42:01,545] {logging_mixin.py:109} INFO - [2025-05-31 11:42:01,545] {dag.py:2396} INFO - Sync 1 DAGs
[2025-05-31 11:42:01,563] {logging_mixin.py:109} INFO - [2025-05-31 11:42:01,563] {dag.py:2935} INFO - Setting next_dagrun for tutorial_taskflow_api_etl to None
[2025-05-31 11:42:01,576] {processor.py:171} INFO - Processing /home/airflow/.local/lib/python3.6/site-packages/airflow/example_dags/tutorial_taskflow_api_etl.py took 0.318 seconds
[2025-05-31 11:42:31,809] {processor.py:163} INFO - Started process (PID=20707) to work on /home/airflow/.local/lib/python3.6/site-packages/airflow/example_dags/tutorial_taskflow_api_etl.py
[2025-05-31 11:42:31,811] {processor.py:642} INFO - Processing file /home/airflow/.local/lib/python3.6/site-packages/airflow/example_dags/tutorial_taskflow_api_etl.py for tasks to queue
[2025-05-31 11:42:31,811] {logging_mixin.py:109} INFO - [2025-05-31 11:42:31,811] {dagbag.py:500} INFO - Filling up the DagBag from /home/airflow/.local/lib/python3.6/site-packages/airflow/example_dags/tutorial_taskflow_api_etl.py
[2025-05-31 11:42:31,844] {processor.py:654} INFO - DAG(s) dict_keys(['tutorial_taskflow_api_etl']) retrieved from /home/airflow/.local/lib/python3.6/site-packages/airflow/example_dags/tutorial_taskflow_api_etl.py
[2025-05-31 11:42:32,080] {logging_mixin.py:109} INFO - [2025-05-31 11:42:32,079] {dag.py:2396} INFO - Sync 1 DAGs
[2025-05-31 11:42:32,098] {logging_mixin.py:109} INFO - [2025-05-31 11:42:32,098] {dag.py:2935} INFO - Setting next_dagrun for tutorial_taskflow_api_etl to None
[2025-05-31 11:42:32,112] {processor.py:171} INFO - Processing /home/airflow/.local/lib/python3.6/site-packages/airflow/example_dags/tutorial_taskflow_api_etl.py took 0.305 seconds
[2025-05-31 11:43:02,922] {processor.py:163} INFO - Started process (PID=20892) to work on /home/airflow/.local/lib/python3.6/site-packages/airflow/example_dags/tutorial_taskflow_api_etl.py
[2025-05-31 11:43:02,924] {processor.py:642} INFO - Processing file /home/airflow/.local/lib/python3.6/site-packages/airflow/example_dags/tutorial_taskflow_api_etl.py for tasks to queue
[2025-05-31 11:43:02,925] {logging_mixin.py:109} INFO - [2025-05-31 11:43:02,925] {dagbag.py:500} INFO - Filling up the DagBag from /home/airflow/.local/lib/python3.6/site-packages/airflow/example_dags/tutorial_taskflow_api_etl.py
[2025-05-31 11:43:02,961] {processor.py:654} INFO - DAG(s) dict_keys(['tutorial_taskflow_api_etl']) retrieved from /home/airflow/.local/lib/python3.6/site-packages/airflow/example_dags/tutorial_taskflow_api_etl.py
[2025-05-31 11:43:03,195] {logging_mixin.py:109} INFO - [2025-05-31 11:43:03,195] {dag.py:2396} INFO - Sync 1 DAGs
[2025-05-31 11:43:03,213] {logging_mixin.py:109} INFO - [2025-05-31 11:43:03,213] {dag.py:2935} INFO - Setting next_dagrun for tutorial_taskflow_api_etl to None
[2025-05-31 11:43:03,227] {processor.py:171} INFO - Processing /home/airflow/.local/lib/python3.6/site-packages/airflow/example_dags/tutorial_taskflow_api_etl.py took 0.308 seconds
[2025-05-31 11:43:33,370] {processor.py:163} INFO - Started process (PID=21086) to work on /home/airflow/.local/lib/python3.6/site-packages/airflow/example_dags/tutorial_taskflow_api_etl.py
[2025-05-31 11:43:33,372] {processor.py:642} INFO - Processing file /home/airflow/.local/lib/python3.6/site-packages/airflow/example_dags/tutorial_taskflow_api_etl.py for tasks to queue
[2025-05-31 11:43:33,373] {logging_mixin.py:109} INFO - [2025-05-31 11:43:33,373] {dagbag.py:500} INFO - Filling up the DagBag from /home/airflow/.local/lib/python3.6/site-packages/airflow/example_dags/tutorial_taskflow_api_etl.py
[2025-05-31 11:43:33,418] {processor.py:654} INFO - DAG(s) dict_keys(['tutorial_taskflow_api_etl']) retrieved from /home/airflow/.local/lib/python3.6/site-packages/airflow/example_dags/tutorial_taskflow_api_etl.py
[2025-05-31 11:43:33,763] {logging_mixin.py:109} INFO - [2025-05-31 11:43:33,763] {dag.py:2396} INFO - Sync 1 DAGs
[2025-05-31 11:43:33,794] {logging_mixin.py:109} INFO - [2025-05-31 11:43:33,794] {dag.py:2935} INFO - Setting next_dagrun for tutorial_taskflow_api_etl to None
[2025-05-31 11:43:33,910] {processor.py:171} INFO - Processing /home/airflow/.local/lib/python3.6/site-packages/airflow/example_dags/tutorial_taskflow_api_etl.py took 0.543 seconds
[2025-05-31 11:44:04,071] {processor.py:163} INFO - Started process (PID=21271) to work on /home/airflow/.local/lib/python3.6/site-packages/airflow/example_dags/tutorial_taskflow_api_etl.py
[2025-05-31 11:44:04,073] {processor.py:642} INFO - Processing file /home/airflow/.local/lib/python3.6/site-packages/airflow/example_dags/tutorial_taskflow_api_etl.py for tasks to queue
[2025-05-31 11:44:04,074] {logging_mixin.py:109} INFO - [2025-05-31 11:44:04,074] {dagbag.py:500} INFO - Filling up the DagBag from /home/airflow/.local/lib/python3.6/site-packages/airflow/example_dags/tutorial_taskflow_api_etl.py
[2025-05-31 11:44:04,127] {processor.py:654} INFO - DAG(s) dict_keys(['tutorial_taskflow_api_etl']) retrieved from /home/airflow/.local/lib/python3.6/site-packages/airflow/example_dags/tutorial_taskflow_api_etl.py
[2025-05-31 11:44:04,561] {logging_mixin.py:109} INFO - [2025-05-31 11:44:04,561] {dag.py:2396} INFO - Sync 1 DAGs
[2025-05-31 11:44:04,586] {logging_mixin.py:109} INFO - [2025-05-31 11:44:04,586] {dag.py:2935} INFO - Setting next_dagrun for tutorial_taskflow_api_etl to None
[2025-05-31 11:44:04,606] {processor.py:171} INFO - Processing /home/airflow/.local/lib/python3.6/site-packages/airflow/example_dags/tutorial_taskflow_api_etl.py took 0.540 seconds
[2025-05-31 11:44:35,059] {processor.py:163} INFO - Started process (PID=21465) to work on /home/airflow/.local/lib/python3.6/site-packages/airflow/example_dags/tutorial_taskflow_api_etl.py
[2025-05-31 11:44:35,061] {processor.py:642} INFO - Processing file /home/airflow/.local/lib/python3.6/site-packages/airflow/example_dags/tutorial_taskflow_api_etl.py for tasks to queue
[2025-05-31 11:44:35,062] {logging_mixin.py:109} INFO - [2025-05-31 11:44:35,062] {dagbag.py:500} INFO - Filling up the DagBag from /home/airflow/.local/lib/python3.6/site-packages/airflow/example_dags/tutorial_taskflow_api_etl.py
[2025-05-31 11:44:35,106] {processor.py:654} INFO - DAG(s) dict_keys(['tutorial_taskflow_api_etl']) retrieved from /home/airflow/.local/lib/python3.6/site-packages/airflow/example_dags/tutorial_taskflow_api_etl.py
[2025-05-31 11:44:35,406] {logging_mixin.py:109} INFO - [2025-05-31 11:44:35,406] {dag.py:2396} INFO - Sync 1 DAGs
[2025-05-31 11:44:35,427] {logging_mixin.py:109} INFO - [2025-05-31 11:44:35,427] {dag.py:2935} INFO - Setting next_dagrun for tutorial_taskflow_api_etl to None
[2025-05-31 11:44:35,444] {processor.py:171} INFO - Processing /home/airflow/.local/lib/python3.6/site-packages/airflow/example_dags/tutorial_taskflow_api_etl.py took 0.394 seconds
[2025-05-31 11:45:05,808] {processor.py:163} INFO - Started process (PID=21652) to work on /home/airflow/.local/lib/python3.6/site-packages/airflow/example_dags/tutorial_taskflow_api_etl.py
[2025-05-31 11:45:05,810] {processor.py:642} INFO - Processing file /home/airflow/.local/lib/python3.6/site-packages/airflow/example_dags/tutorial_taskflow_api_etl.py for tasks to queue
[2025-05-31 11:45:05,811] {logging_mixin.py:109} INFO - [2025-05-31 11:45:05,811] {dagbag.py:500} INFO - Filling up the DagBag from /home/airflow/.local/lib/python3.6/site-packages/airflow/example_dags/tutorial_taskflow_api_etl.py
[2025-05-31 11:45:05,851] {processor.py:654} INFO - DAG(s) dict_keys(['tutorial_taskflow_api_etl']) retrieved from /home/airflow/.local/lib/python3.6/site-packages/airflow/example_dags/tutorial_taskflow_api_etl.py
[2025-05-31 11:45:06,135] {logging_mixin.py:109} INFO - [2025-05-31 11:45:06,135] {dag.py:2396} INFO - Sync 1 DAGs
[2025-05-31 11:45:06,155] {logging_mixin.py:109} INFO - [2025-05-31 11:45:06,154] {dag.py:2935} INFO - Setting next_dagrun for tutorial_taskflow_api_etl to None
[2025-05-31 11:45:06,168] {processor.py:171} INFO - Processing /home/airflow/.local/lib/python3.6/site-packages/airflow/example_dags/tutorial_taskflow_api_etl.py took 0.365 seconds
[2025-05-31 11:45:36,399] {processor.py:163} INFO - Started process (PID=21837) to work on /home/airflow/.local/lib/python3.6/site-packages/airflow/example_dags/tutorial_taskflow_api_etl.py
[2025-05-31 11:45:36,400] {processor.py:642} INFO - Processing file /home/airflow/.local/lib/python3.6/site-packages/airflow/example_dags/tutorial_taskflow_api_etl.py for tasks to queue
[2025-05-31 11:45:36,401] {logging_mixin.py:109} INFO - [2025-05-31 11:45:36,401] {dagbag.py:500} INFO - Filling up the DagBag from /home/airflow/.local/lib/python3.6/site-packages/airflow/example_dags/tutorial_taskflow_api_etl.py
[2025-05-31 11:45:36,433] {processor.py:654} INFO - DAG(s) dict_keys(['tutorial_taskflow_api_etl']) retrieved from /home/airflow/.local/lib/python3.6/site-packages/airflow/example_dags/tutorial_taskflow_api_etl.py
[2025-05-31 11:45:36,671] {logging_mixin.py:109} INFO - [2025-05-31 11:45:36,670] {dag.py:2396} INFO - Sync 1 DAGs
[2025-05-31 11:45:36,691] {logging_mixin.py:109} INFO - [2025-05-31 11:45:36,691] {dag.py:2935} INFO - Setting next_dagrun for tutorial_taskflow_api_etl to None
[2025-05-31 11:45:36,704] {processor.py:171} INFO - Processing /home/airflow/.local/lib/python3.6/site-packages/airflow/example_dags/tutorial_taskflow_api_etl.py took 0.308 seconds
[2025-05-31 11:46:07,174] {processor.py:163} INFO - Started process (PID=22032) to work on /home/airflow/.local/lib/python3.6/site-packages/airflow/example_dags/tutorial_taskflow_api_etl.py
[2025-05-31 11:46:07,175] {processor.py:642} INFO - Processing file /home/airflow/.local/lib/python3.6/site-packages/airflow/example_dags/tutorial_taskflow_api_etl.py for tasks to queue
[2025-05-31 11:46:07,176] {logging_mixin.py:109} INFO - [2025-05-31 11:46:07,176] {dagbag.py:500} INFO - Filling up the DagBag from /home/airflow/.local/lib/python3.6/site-packages/airflow/example_dags/tutorial_taskflow_api_etl.py
[2025-05-31 11:46:07,224] {processor.py:654} INFO - DAG(s) dict_keys(['tutorial_taskflow_api_etl']) retrieved from /home/airflow/.local/lib/python3.6/site-packages/airflow/example_dags/tutorial_taskflow_api_etl.py
[2025-05-31 11:46:07,576] {logging_mixin.py:109} INFO - [2025-05-31 11:46:07,576] {dag.py:2396} INFO - Sync 1 DAGs
[2025-05-31 11:46:07,606] {logging_mixin.py:109} INFO - [2025-05-31 11:46:07,606] {dag.py:2935} INFO - Setting next_dagrun for tutorial_taskflow_api_etl to None
[2025-05-31 11:46:07,627] {processor.py:171} INFO - Processing /home/airflow/.local/lib/python3.6/site-packages/airflow/example_dags/tutorial_taskflow_api_etl.py took 0.458 seconds
[2025-05-31 11:46:38,324] {processor.py:163} INFO - Started process (PID=22218) to work on /home/airflow/.local/lib/python3.6/site-packages/airflow/example_dags/tutorial_taskflow_api_etl.py
[2025-05-31 11:46:38,325] {processor.py:642} INFO - Processing file /home/airflow/.local/lib/python3.6/site-packages/airflow/example_dags/tutorial_taskflow_api_etl.py for tasks to queue
[2025-05-31 11:46:38,326] {logging_mixin.py:109} INFO - [2025-05-31 11:46:38,326] {dagbag.py:500} INFO - Filling up the DagBag from /home/airflow/.local/lib/python3.6/site-packages/airflow/example_dags/tutorial_taskflow_api_etl.py
[2025-05-31 11:46:38,368] {processor.py:654} INFO - DAG(s) dict_keys(['tutorial_taskflow_api_etl']) retrieved from /home/airflow/.local/lib/python3.6/site-packages/airflow/example_dags/tutorial_taskflow_api_etl.py
[2025-05-31 11:46:38,631] {logging_mixin.py:109} INFO - [2025-05-31 11:46:38,631] {dag.py:2396} INFO - Sync 1 DAGs
[2025-05-31 11:46:38,651] {logging_mixin.py:109} INFO - [2025-05-31 11:46:38,651] {dag.py:2935} INFO - Setting next_dagrun for tutorial_taskflow_api_etl to None
[2025-05-31 11:46:38,663] {processor.py:171} INFO - Processing /home/airflow/.local/lib/python3.6/site-packages/airflow/example_dags/tutorial_taskflow_api_etl.py took 0.343 seconds
[2025-05-31 11:47:09,443] {processor.py:163} INFO - Started process (PID=22402) to work on /home/airflow/.local/lib/python3.6/site-packages/airflow/example_dags/tutorial_taskflow_api_etl.py
[2025-05-31 11:47:09,445] {processor.py:642} INFO - Processing file /home/airflow/.local/lib/python3.6/site-packages/airflow/example_dags/tutorial_taskflow_api_etl.py for tasks to queue
[2025-05-31 11:47:09,446] {logging_mixin.py:109} INFO - [2025-05-31 11:47:09,446] {dagbag.py:500} INFO - Filling up the DagBag from /home/airflow/.local/lib/python3.6/site-packages/airflow/example_dags/tutorial_taskflow_api_etl.py
[2025-05-31 11:47:09,480] {processor.py:654} INFO - DAG(s) dict_keys(['tutorial_taskflow_api_etl']) retrieved from /home/airflow/.local/lib/python3.6/site-packages/airflow/example_dags/tutorial_taskflow_api_etl.py
[2025-05-31 11:47:09,762] {logging_mixin.py:109} INFO - [2025-05-31 11:47:09,761] {dag.py:2396} INFO - Sync 1 DAGs
[2025-05-31 11:47:09,785] {logging_mixin.py:109} INFO - [2025-05-31 11:47:09,785] {dag.py:2935} INFO - Setting next_dagrun for tutorial_taskflow_api_etl to None
[2025-05-31 11:47:09,800] {processor.py:171} INFO - Processing /home/airflow/.local/lib/python3.6/site-packages/airflow/example_dags/tutorial_taskflow_api_etl.py took 0.362 seconds
[2025-05-31 11:47:40,628] {processor.py:163} INFO - Started process (PID=22598) to work on /home/airflow/.local/lib/python3.6/site-packages/airflow/example_dags/tutorial_taskflow_api_etl.py
[2025-05-31 11:47:40,630] {processor.py:642} INFO - Processing file /home/airflow/.local/lib/python3.6/site-packages/airflow/example_dags/tutorial_taskflow_api_etl.py for tasks to queue
[2025-05-31 11:47:40,630] {logging_mixin.py:109} INFO - [2025-05-31 11:47:40,630] {dagbag.py:500} INFO - Filling up the DagBag from /home/airflow/.local/lib/python3.6/site-packages/airflow/example_dags/tutorial_taskflow_api_etl.py
[2025-05-31 11:47:40,661] {processor.py:654} INFO - DAG(s) dict_keys(['tutorial_taskflow_api_etl']) retrieved from /home/airflow/.local/lib/python3.6/site-packages/airflow/example_dags/tutorial_taskflow_api_etl.py
[2025-05-31 11:47:40,894] {logging_mixin.py:109} INFO - [2025-05-31 11:47:40,894] {dag.py:2396} INFO - Sync 1 DAGs
[2025-05-31 11:47:40,915] {logging_mixin.py:109} INFO - [2025-05-31 11:47:40,915] {dag.py:2935} INFO - Setting next_dagrun for tutorial_taskflow_api_etl to None
[2025-05-31 11:47:40,930] {processor.py:171} INFO - Processing /home/airflow/.local/lib/python3.6/site-packages/airflow/example_dags/tutorial_taskflow_api_etl.py took 0.305 seconds
[2025-05-31 11:48:11,757] {processor.py:163} INFO - Started process (PID=22782) to work on /home/airflow/.local/lib/python3.6/site-packages/airflow/example_dags/tutorial_taskflow_api_etl.py
[2025-05-31 11:48:11,758] {processor.py:642} INFO - Processing file /home/airflow/.local/lib/python3.6/site-packages/airflow/example_dags/tutorial_taskflow_api_etl.py for tasks to queue
[2025-05-31 11:48:11,759] {logging_mixin.py:109} INFO - [2025-05-31 11:48:11,759] {dagbag.py:500} INFO - Filling up the DagBag from /home/airflow/.local/lib/python3.6/site-packages/airflow/example_dags/tutorial_taskflow_api_etl.py
[2025-05-31 11:48:11,792] {processor.py:654} INFO - DAG(s) dict_keys(['tutorial_taskflow_api_etl']) retrieved from /home/airflow/.local/lib/python3.6/site-packages/airflow/example_dags/tutorial_taskflow_api_etl.py
[2025-05-31 11:48:12,052] {logging_mixin.py:109} INFO - [2025-05-31 11:48:12,052] {dag.py:2396} INFO - Sync 1 DAGs
[2025-05-31 11:48:12,071] {logging_mixin.py:109} INFO - [2025-05-31 11:48:12,070] {dag.py:2935} INFO - Setting next_dagrun for tutorial_taskflow_api_etl to None
[2025-05-31 11:48:12,085] {processor.py:171} INFO - Processing /home/airflow/.local/lib/python3.6/site-packages/airflow/example_dags/tutorial_taskflow_api_etl.py took 0.331 seconds
[2025-05-31 11:48:42,952] {processor.py:163} INFO - Started process (PID=22978) to work on /home/airflow/.local/lib/python3.6/site-packages/airflow/example_dags/tutorial_taskflow_api_etl.py
[2025-05-31 11:48:42,954] {processor.py:642} INFO - Processing file /home/airflow/.local/lib/python3.6/site-packages/airflow/example_dags/tutorial_taskflow_api_etl.py for tasks to queue
[2025-05-31 11:48:42,955] {logging_mixin.py:109} INFO - [2025-05-31 11:48:42,954] {dagbag.py:500} INFO - Filling up the DagBag from /home/airflow/.local/lib/python3.6/site-packages/airflow/example_dags/tutorial_taskflow_api_etl.py
[2025-05-31 11:48:42,988] {processor.py:654} INFO - DAG(s) dict_keys(['tutorial_taskflow_api_etl']) retrieved from /home/airflow/.local/lib/python3.6/site-packages/airflow/example_dags/tutorial_taskflow_api_etl.py
[2025-05-31 11:48:43,246] {logging_mixin.py:109} INFO - [2025-05-31 11:48:43,246] {dag.py:2396} INFO - Sync 1 DAGs
[2025-05-31 11:48:43,266] {logging_mixin.py:109} INFO - [2025-05-31 11:48:43,266] {dag.py:2935} INFO - Setting next_dagrun for tutorial_taskflow_api_etl to None
[2025-05-31 11:48:43,279] {processor.py:171} INFO - Processing /home/airflow/.local/lib/python3.6/site-packages/airflow/example_dags/tutorial_taskflow_api_etl.py took 0.330 seconds
[2025-05-31 11:49:14,020] {processor.py:163} INFO - Started process (PID=23163) to work on /home/airflow/.local/lib/python3.6/site-packages/airflow/example_dags/tutorial_taskflow_api_etl.py
[2025-05-31 11:49:14,022] {processor.py:642} INFO - Processing file /home/airflow/.local/lib/python3.6/site-packages/airflow/example_dags/tutorial_taskflow_api_etl.py for tasks to queue
[2025-05-31 11:49:14,022] {logging_mixin.py:109} INFO - [2025-05-31 11:49:14,022] {dagbag.py:500} INFO - Filling up the DagBag from /home/airflow/.local/lib/python3.6/site-packages/airflow/example_dags/tutorial_taskflow_api_etl.py
[2025-05-31 11:49:14,054] {processor.py:654} INFO - DAG(s) dict_keys(['tutorial_taskflow_api_etl']) retrieved from /home/airflow/.local/lib/python3.6/site-packages/airflow/example_dags/tutorial_taskflow_api_etl.py
[2025-05-31 11:49:14,304] {logging_mixin.py:109} INFO - [2025-05-31 11:49:14,304] {dag.py:2396} INFO - Sync 1 DAGs
[2025-05-31 11:49:14,323] {logging_mixin.py:109} INFO - [2025-05-31 11:49:14,323] {dag.py:2935} INFO - Setting next_dagrun for tutorial_taskflow_api_etl to None
[2025-05-31 11:49:14,337] {processor.py:171} INFO - Processing /home/airflow/.local/lib/python3.6/site-packages/airflow/example_dags/tutorial_taskflow_api_etl.py took 0.319 seconds
[2025-05-31 11:49:45,469] {processor.py:163} INFO - Started process (PID=23363) to work on /home/airflow/.local/lib/python3.6/site-packages/airflow/example_dags/tutorial_taskflow_api_etl.py
[2025-05-31 11:49:45,471] {processor.py:642} INFO - Processing file /home/airflow/.local/lib/python3.6/site-packages/airflow/example_dags/tutorial_taskflow_api_etl.py for tasks to queue
[2025-05-31 11:49:45,473] {logging_mixin.py:109} INFO - [2025-05-31 11:49:45,472] {dagbag.py:500} INFO - Filling up the DagBag from /home/airflow/.local/lib/python3.6/site-packages/airflow/example_dags/tutorial_taskflow_api_etl.py
[2025-05-31 11:49:45,515] {processor.py:654} INFO - DAG(s) dict_keys(['tutorial_taskflow_api_etl']) retrieved from /home/airflow/.local/lib/python3.6/site-packages/airflow/example_dags/tutorial_taskflow_api_etl.py
[2025-05-31 11:49:45,864] {logging_mixin.py:109} INFO - [2025-05-31 11:49:45,864] {dag.py:2396} INFO - Sync 1 DAGs
[2025-05-31 11:49:45,891] {logging_mixin.py:109} INFO - [2025-05-31 11:49:45,890] {dag.py:2935} INFO - Setting next_dagrun for tutorial_taskflow_api_etl to None
[2025-05-31 11:49:45,905] {processor.py:171} INFO - Processing /home/airflow/.local/lib/python3.6/site-packages/airflow/example_dags/tutorial_taskflow_api_etl.py took 0.443 seconds
[2025-05-31 11:50:16,397] {processor.py:163} INFO - Started process (PID=23553) to work on /home/airflow/.local/lib/python3.6/site-packages/airflow/example_dags/tutorial_taskflow_api_etl.py
[2025-05-31 11:50:16,400] {processor.py:642} INFO - Processing file /home/airflow/.local/lib/python3.6/site-packages/airflow/example_dags/tutorial_taskflow_api_etl.py for tasks to queue
[2025-05-31 11:50:16,401] {logging_mixin.py:109} INFO - [2025-05-31 11:50:16,401] {dagbag.py:500} INFO - Filling up the DagBag from /home/airflow/.local/lib/python3.6/site-packages/airflow/example_dags/tutorial_taskflow_api_etl.py
[2025-05-31 11:50:16,451] {processor.py:654} INFO - DAG(s) dict_keys(['tutorial_taskflow_api_etl']) retrieved from /home/airflow/.local/lib/python3.6/site-packages/airflow/example_dags/tutorial_taskflow_api_etl.py
[2025-05-31 11:50:16,469] {logging_mixin.py:109} INFO - [2025-05-31 11:50:16,469] {dag.py:2396} INFO - Sync 1 DAGs
[2025-05-31 11:50:16,504] {logging_mixin.py:109} INFO - [2025-05-31 11:50:16,504] {dag.py:2935} INFO - Setting next_dagrun for tutorial_taskflow_api_etl to None
[2025-05-31 11:50:16,522] {processor.py:171} INFO - Processing /home/airflow/.local/lib/python3.6/site-packages/airflow/example_dags/tutorial_taskflow_api_etl.py took 0.130 seconds
[2025-05-31 11:50:47,411] {processor.py:163} INFO - Started process (PID=23743) to work on /home/airflow/.local/lib/python3.6/site-packages/airflow/example_dags/tutorial_taskflow_api_etl.py
[2025-05-31 11:50:47,413] {processor.py:642} INFO - Processing file /home/airflow/.local/lib/python3.6/site-packages/airflow/example_dags/tutorial_taskflow_api_etl.py for tasks to queue
[2025-05-31 11:50:47,415] {logging_mixin.py:109} INFO - [2025-05-31 11:50:47,415] {dagbag.py:500} INFO - Filling up the DagBag from /home/airflow/.local/lib/python3.6/site-packages/airflow/example_dags/tutorial_taskflow_api_etl.py
[2025-05-31 11:50:47,466] {processor.py:654} INFO - DAG(s) dict_keys(['tutorial_taskflow_api_etl']) retrieved from /home/airflow/.local/lib/python3.6/site-packages/airflow/example_dags/tutorial_taskflow_api_etl.py
[2025-05-31 11:50:47,859] {logging_mixin.py:109} INFO - [2025-05-31 11:50:47,859] {dag.py:2396} INFO - Sync 1 DAGs
[2025-05-31 11:50:47,901] {logging_mixin.py:109} INFO - [2025-05-31 11:50:47,900] {dag.py:2935} INFO - Setting next_dagrun for tutorial_taskflow_api_etl to None
[2025-05-31 11:50:47,925] {processor.py:171} INFO - Processing /home/airflow/.local/lib/python3.6/site-packages/airflow/example_dags/tutorial_taskflow_api_etl.py took 0.520 seconds
[2025-05-31 11:51:18,450] {processor.py:163} INFO - Started process (PID=23928) to work on /home/airflow/.local/lib/python3.6/site-packages/airflow/example_dags/tutorial_taskflow_api_etl.py
[2025-05-31 11:51:18,452] {processor.py:642} INFO - Processing file /home/airflow/.local/lib/python3.6/site-packages/airflow/example_dags/tutorial_taskflow_api_etl.py for tasks to queue
[2025-05-31 11:51:18,453] {logging_mixin.py:109} INFO - [2025-05-31 11:51:18,453] {dagbag.py:500} INFO - Filling up the DagBag from /home/airflow/.local/lib/python3.6/site-packages/airflow/example_dags/tutorial_taskflow_api_etl.py
[2025-05-31 11:51:18,498] {processor.py:654} INFO - DAG(s) dict_keys(['tutorial_taskflow_api_etl']) retrieved from /home/airflow/.local/lib/python3.6/site-packages/airflow/example_dags/tutorial_taskflow_api_etl.py
[2025-05-31 11:51:18,782] {logging_mixin.py:109} INFO - [2025-05-31 11:51:18,781] {dag.py:2396} INFO - Sync 1 DAGs
[2025-05-31 11:51:18,803] {logging_mixin.py:109} INFO - [2025-05-31 11:51:18,803] {dag.py:2935} INFO - Setting next_dagrun for tutorial_taskflow_api_etl to None
[2025-05-31 11:51:18,816] {processor.py:171} INFO - Processing /home/airflow/.local/lib/python3.6/site-packages/airflow/example_dags/tutorial_taskflow_api_etl.py took 0.369 seconds
[2025-05-31 11:51:49,286] {processor.py:163} INFO - Started process (PID=24112) to work on /home/airflow/.local/lib/python3.6/site-packages/airflow/example_dags/tutorial_taskflow_api_etl.py
[2025-05-31 11:51:49,287] {processor.py:642} INFO - Processing file /home/airflow/.local/lib/python3.6/site-packages/airflow/example_dags/tutorial_taskflow_api_etl.py for tasks to queue
[2025-05-31 11:51:49,288] {logging_mixin.py:109} INFO - [2025-05-31 11:51:49,288] {dagbag.py:500} INFO - Filling up the DagBag from /home/airflow/.local/lib/python3.6/site-packages/airflow/example_dags/tutorial_taskflow_api_etl.py
[2025-05-31 11:51:49,319] {processor.py:654} INFO - DAG(s) dict_keys(['tutorial_taskflow_api_etl']) retrieved from /home/airflow/.local/lib/python3.6/site-packages/airflow/example_dags/tutorial_taskflow_api_etl.py
[2025-05-31 11:51:49,331] {logging_mixin.py:109} INFO - [2025-05-31 11:51:49,330] {dag.py:2396} INFO - Sync 1 DAGs
[2025-05-31 11:51:49,351] {logging_mixin.py:109} INFO - [2025-05-31 11:51:49,351] {dag.py:2935} INFO - Setting next_dagrun for tutorial_taskflow_api_etl to None
[2025-05-31 11:51:49,362] {processor.py:171} INFO - Processing /home/airflow/.local/lib/python3.6/site-packages/airflow/example_dags/tutorial_taskflow_api_etl.py took 0.080 seconds
[2025-05-31 11:52:20,153] {processor.py:163} INFO - Started process (PID=24307) to work on /home/airflow/.local/lib/python3.6/site-packages/airflow/example_dags/tutorial_taskflow_api_etl.py
[2025-05-31 11:52:20,155] {processor.py:642} INFO - Processing file /home/airflow/.local/lib/python3.6/site-packages/airflow/example_dags/tutorial_taskflow_api_etl.py for tasks to queue
[2025-05-31 11:52:20,156] {logging_mixin.py:109} INFO - [2025-05-31 11:52:20,156] {dagbag.py:500} INFO - Filling up the DagBag from /home/airflow/.local/lib/python3.6/site-packages/airflow/example_dags/tutorial_taskflow_api_etl.py
[2025-05-31 11:52:20,191] {processor.py:654} INFO - DAG(s) dict_keys(['tutorial_taskflow_api_etl']) retrieved from /home/airflow/.local/lib/python3.6/site-packages/airflow/example_dags/tutorial_taskflow_api_etl.py
[2025-05-31 11:52:20,448] {logging_mixin.py:109} INFO - [2025-05-31 11:52:20,448] {dag.py:2396} INFO - Sync 1 DAGs
[2025-05-31 11:52:20,468] {logging_mixin.py:109} INFO - [2025-05-31 11:52:20,468] {dag.py:2935} INFO - Setting next_dagrun for tutorial_taskflow_api_etl to None
[2025-05-31 11:52:20,490] {processor.py:171} INFO - Processing /home/airflow/.local/lib/python3.6/site-packages/airflow/example_dags/tutorial_taskflow_api_etl.py took 0.340 seconds
[2025-05-31 11:52:50,786] {processor.py:163} INFO - Started process (PID=24491) to work on /home/airflow/.local/lib/python3.6/site-packages/airflow/example_dags/tutorial_taskflow_api_etl.py
[2025-05-31 11:52:50,788] {processor.py:642} INFO - Processing file /home/airflow/.local/lib/python3.6/site-packages/airflow/example_dags/tutorial_taskflow_api_etl.py for tasks to queue
[2025-05-31 11:52:50,788] {logging_mixin.py:109} INFO - [2025-05-31 11:52:50,788] {dagbag.py:500} INFO - Filling up the DagBag from /home/airflow/.local/lib/python3.6/site-packages/airflow/example_dags/tutorial_taskflow_api_etl.py
[2025-05-31 11:52:50,823] {processor.py:654} INFO - DAG(s) dict_keys(['tutorial_taskflow_api_etl']) retrieved from /home/airflow/.local/lib/python3.6/site-packages/airflow/example_dags/tutorial_taskflow_api_etl.py
[2025-05-31 11:52:51,100] {logging_mixin.py:109} INFO - [2025-05-31 11:52:51,099] {dag.py:2396} INFO - Sync 1 DAGs
[2025-05-31 11:52:51,121] {logging_mixin.py:109} INFO - [2025-05-31 11:52:51,121] {dag.py:2935} INFO - Setting next_dagrun for tutorial_taskflow_api_etl to None
[2025-05-31 11:52:51,136] {processor.py:171} INFO - Processing /home/airflow/.local/lib/python3.6/site-packages/airflow/example_dags/tutorial_taskflow_api_etl.py took 0.354 seconds
[2025-05-31 11:53:21,626] {processor.py:163} INFO - Started process (PID=24686) to work on /home/airflow/.local/lib/python3.6/site-packages/airflow/example_dags/tutorial_taskflow_api_etl.py
[2025-05-31 11:53:21,628] {processor.py:642} INFO - Processing file /home/airflow/.local/lib/python3.6/site-packages/airflow/example_dags/tutorial_taskflow_api_etl.py for tasks to queue
[2025-05-31 11:53:21,630] {logging_mixin.py:109} INFO - [2025-05-31 11:53:21,630] {dagbag.py:500} INFO - Filling up the DagBag from /home/airflow/.local/lib/python3.6/site-packages/airflow/example_dags/tutorial_taskflow_api_etl.py
[2025-05-31 11:53:21,678] {processor.py:654} INFO - DAG(s) dict_keys(['tutorial_taskflow_api_etl']) retrieved from /home/airflow/.local/lib/python3.6/site-packages/airflow/example_dags/tutorial_taskflow_api_etl.py
[2025-05-31 11:53:22,050] {logging_mixin.py:109} INFO - [2025-05-31 11:53:22,050] {dag.py:2396} INFO - Sync 1 DAGs
[2025-05-31 11:53:22,075] {logging_mixin.py:109} INFO - [2025-05-31 11:53:22,075] {dag.py:2935} INFO - Setting next_dagrun for tutorial_taskflow_api_etl to None
[2025-05-31 11:53:22,091] {processor.py:171} INFO - Processing /home/airflow/.local/lib/python3.6/site-packages/airflow/example_dags/tutorial_taskflow_api_etl.py took 0.468 seconds
[2025-05-31 11:53:52,951] {processor.py:163} INFO - Started process (PID=24872) to work on /home/airflow/.local/lib/python3.6/site-packages/airflow/example_dags/tutorial_taskflow_api_etl.py
[2025-05-31 11:53:52,952] {processor.py:642} INFO - Processing file /home/airflow/.local/lib/python3.6/site-packages/airflow/example_dags/tutorial_taskflow_api_etl.py for tasks to queue
[2025-05-31 11:53:52,953] {logging_mixin.py:109} INFO - [2025-05-31 11:53:52,953] {dagbag.py:500} INFO - Filling up the DagBag from /home/airflow/.local/lib/python3.6/site-packages/airflow/example_dags/tutorial_taskflow_api_etl.py
[2025-05-31 11:53:52,997] {processor.py:654} INFO - DAG(s) dict_keys(['tutorial_taskflow_api_etl']) retrieved from /home/airflow/.local/lib/python3.6/site-packages/airflow/example_dags/tutorial_taskflow_api_etl.py
[2025-05-31 11:53:53,017] {logging_mixin.py:109} INFO - [2025-05-31 11:53:53,017] {dag.py:2396} INFO - Sync 1 DAGs
[2025-05-31 11:53:53,038] {logging_mixin.py:109} INFO - [2025-05-31 11:53:53,038] {dag.py:2935} INFO - Setting next_dagrun for tutorial_taskflow_api_etl to None
[2025-05-31 11:53:53,052] {processor.py:171} INFO - Processing /home/airflow/.local/lib/python3.6/site-packages/airflow/example_dags/tutorial_taskflow_api_etl.py took 0.106 seconds
[2025-05-31 11:54:23,220] {processor.py:163} INFO - Started process (PID=25057) to work on /home/airflow/.local/lib/python3.6/site-packages/airflow/example_dags/tutorial_taskflow_api_etl.py
[2025-05-31 11:54:23,223] {processor.py:642} INFO - Processing file /home/airflow/.local/lib/python3.6/site-packages/airflow/example_dags/tutorial_taskflow_api_etl.py for tasks to queue
[2025-05-31 11:54:23,225] {logging_mixin.py:109} INFO - [2025-05-31 11:54:23,225] {dagbag.py:500} INFO - Filling up the DagBag from /home/airflow/.local/lib/python3.6/site-packages/airflow/example_dags/tutorial_taskflow_api_etl.py
[2025-05-31 11:54:23,265] {processor.py:654} INFO - DAG(s) dict_keys(['tutorial_taskflow_api_etl']) retrieved from /home/airflow/.local/lib/python3.6/site-packages/airflow/example_dags/tutorial_taskflow_api_etl.py
[2025-05-31 11:54:23,535] {logging_mixin.py:109} INFO - [2025-05-31 11:54:23,535] {dag.py:2396} INFO - Sync 1 DAGs
[2025-05-31 11:54:23,556] {logging_mixin.py:109} INFO - [2025-05-31 11:54:23,555] {dag.py:2935} INFO - Setting next_dagrun for tutorial_taskflow_api_etl to None
[2025-05-31 11:54:23,569] {processor.py:171} INFO - Processing /home/airflow/.local/lib/python3.6/site-packages/airflow/example_dags/tutorial_taskflow_api_etl.py took 0.354 seconds
[2025-05-31 11:54:53,705] {processor.py:163} INFO - Started process (PID=25251) to work on /home/airflow/.local/lib/python3.6/site-packages/airflow/example_dags/tutorial_taskflow_api_etl.py
[2025-05-31 11:54:53,707] {processor.py:642} INFO - Processing file /home/airflow/.local/lib/python3.6/site-packages/airflow/example_dags/tutorial_taskflow_api_etl.py for tasks to queue
[2025-05-31 11:54:53,708] {logging_mixin.py:109} INFO - [2025-05-31 11:54:53,708] {dagbag.py:500} INFO - Filling up the DagBag from /home/airflow/.local/lib/python3.6/site-packages/airflow/example_dags/tutorial_taskflow_api_etl.py
[2025-05-31 11:54:53,748] {processor.py:654} INFO - DAG(s) dict_keys(['tutorial_taskflow_api_etl']) retrieved from /home/airflow/.local/lib/python3.6/site-packages/airflow/example_dags/tutorial_taskflow_api_etl.py
[2025-05-31 11:54:54,037] {logging_mixin.py:109} INFO - [2025-05-31 11:54:54,037] {dag.py:2396} INFO - Sync 1 DAGs
[2025-05-31 11:54:54,060] {logging_mixin.py:109} INFO - [2025-05-31 11:54:54,060] {dag.py:2935} INFO - Setting next_dagrun for tutorial_taskflow_api_etl to None
[2025-05-31 11:54:54,074] {processor.py:171} INFO - Processing /home/airflow/.local/lib/python3.6/site-packages/airflow/example_dags/tutorial_taskflow_api_etl.py took 0.372 seconds
[2025-05-31 11:55:24,769] {processor.py:163} INFO - Started process (PID=25437) to work on /home/airflow/.local/lib/python3.6/site-packages/airflow/example_dags/tutorial_taskflow_api_etl.py
[2025-05-31 11:55:24,770] {processor.py:642} INFO - Processing file /home/airflow/.local/lib/python3.6/site-packages/airflow/example_dags/tutorial_taskflow_api_etl.py for tasks to queue
[2025-05-31 11:55:24,772] {logging_mixin.py:109} INFO - [2025-05-31 11:55:24,771] {dagbag.py:500} INFO - Filling up the DagBag from /home/airflow/.local/lib/python3.6/site-packages/airflow/example_dags/tutorial_taskflow_api_etl.py
[2025-05-31 11:55:24,804] {processor.py:654} INFO - DAG(s) dict_keys(['tutorial_taskflow_api_etl']) retrieved from /home/airflow/.local/lib/python3.6/site-packages/airflow/example_dags/tutorial_taskflow_api_etl.py
[2025-05-31 11:55:24,815] {logging_mixin.py:109} INFO - [2025-05-31 11:55:24,815] {dag.py:2396} INFO - Sync 1 DAGs
[2025-05-31 11:55:24,833] {logging_mixin.py:109} INFO - [2025-05-31 11:55:24,833] {dag.py:2935} INFO - Setting next_dagrun for tutorial_taskflow_api_etl to None
[2025-05-31 11:55:24,844] {processor.py:171} INFO - Processing /home/airflow/.local/lib/python3.6/site-packages/airflow/example_dags/tutorial_taskflow_api_etl.py took 0.079 seconds
[2025-05-31 11:55:55,185] {processor.py:163} INFO - Started process (PID=25632) to work on /home/airflow/.local/lib/python3.6/site-packages/airflow/example_dags/tutorial_taskflow_api_etl.py
[2025-05-31 11:55:55,186] {processor.py:642} INFO - Processing file /home/airflow/.local/lib/python3.6/site-packages/airflow/example_dags/tutorial_taskflow_api_etl.py for tasks to queue
[2025-05-31 11:55:55,187] {logging_mixin.py:109} INFO - [2025-05-31 11:55:55,187] {dagbag.py:500} INFO - Filling up the DagBag from /home/airflow/.local/lib/python3.6/site-packages/airflow/example_dags/tutorial_taskflow_api_etl.py
[2025-05-31 11:55:55,228] {processor.py:654} INFO - DAG(s) dict_keys(['tutorial_taskflow_api_etl']) retrieved from /home/airflow/.local/lib/python3.6/site-packages/airflow/example_dags/tutorial_taskflow_api_etl.py
[2025-05-31 11:55:55,245] {logging_mixin.py:109} INFO - [2025-05-31 11:55:55,245] {dag.py:2396} INFO - Sync 1 DAGs
[2025-05-31 11:55:55,272] {logging_mixin.py:109} INFO - [2025-05-31 11:55:55,272] {dag.py:2935} INFO - Setting next_dagrun for tutorial_taskflow_api_etl to None
[2025-05-31 11:55:55,285] {processor.py:171} INFO - Processing /home/airflow/.local/lib/python3.6/site-packages/airflow/example_dags/tutorial_taskflow_api_etl.py took 0.105 seconds
[2025-05-31 11:56:25,405] {processor.py:163} INFO - Started process (PID=25814) to work on /home/airflow/.local/lib/python3.6/site-packages/airflow/example_dags/tutorial_taskflow_api_etl.py
[2025-05-31 11:56:25,407] {processor.py:642} INFO - Processing file /home/airflow/.local/lib/python3.6/site-packages/airflow/example_dags/tutorial_taskflow_api_etl.py for tasks to queue
[2025-05-31 11:56:25,408] {logging_mixin.py:109} INFO - [2025-05-31 11:56:25,408] {dagbag.py:500} INFO - Filling up the DagBag from /home/airflow/.local/lib/python3.6/site-packages/airflow/example_dags/tutorial_taskflow_api_etl.py
[2025-05-31 11:56:25,442] {processor.py:654} INFO - DAG(s) dict_keys(['tutorial_taskflow_api_etl']) retrieved from /home/airflow/.local/lib/python3.6/site-packages/airflow/example_dags/tutorial_taskflow_api_etl.py
[2025-05-31 11:56:25,671] {logging_mixin.py:109} INFO - [2025-05-31 11:56:25,670] {dag.py:2396} INFO - Sync 1 DAGs
[2025-05-31 11:56:25,687] {logging_mixin.py:109} INFO - [2025-05-31 11:56:25,687] {dag.py:2935} INFO - Setting next_dagrun for tutorial_taskflow_api_etl to None
[2025-05-31 11:56:25,699] {processor.py:171} INFO - Processing /home/airflow/.local/lib/python3.6/site-packages/airflow/example_dags/tutorial_taskflow_api_etl.py took 0.299 seconds
[2025-05-31 11:56:55,780] {processor.py:163} INFO - Started process (PID=25999) to work on /home/airflow/.local/lib/python3.6/site-packages/airflow/example_dags/tutorial_taskflow_api_etl.py
[2025-05-31 11:56:55,781] {processor.py:642} INFO - Processing file /home/airflow/.local/lib/python3.6/site-packages/airflow/example_dags/tutorial_taskflow_api_etl.py for tasks to queue
[2025-05-31 11:56:55,782] {logging_mixin.py:109} INFO - [2025-05-31 11:56:55,782] {dagbag.py:500} INFO - Filling up the DagBag from /home/airflow/.local/lib/python3.6/site-packages/airflow/example_dags/tutorial_taskflow_api_etl.py
[2025-05-31 11:56:55,813] {processor.py:654} INFO - DAG(s) dict_keys(['tutorial_taskflow_api_etl']) retrieved from /home/airflow/.local/lib/python3.6/site-packages/airflow/example_dags/tutorial_taskflow_api_etl.py
[2025-05-31 11:56:56,025] {logging_mixin.py:109} INFO - [2025-05-31 11:56:56,025] {dag.py:2396} INFO - Sync 1 DAGs
[2025-05-31 11:56:56,041] {logging_mixin.py:109} INFO - [2025-05-31 11:56:56,041] {dag.py:2935} INFO - Setting next_dagrun for tutorial_taskflow_api_etl to None
[2025-05-31 11:56:56,053] {processor.py:171} INFO - Processing /home/airflow/.local/lib/python3.6/site-packages/airflow/example_dags/tutorial_taskflow_api_etl.py took 0.277 seconds
[2025-05-31 11:57:26,132] {processor.py:163} INFO - Started process (PID=26194) to work on /home/airflow/.local/lib/python3.6/site-packages/airflow/example_dags/tutorial_taskflow_api_etl.py
[2025-05-31 11:57:26,135] {processor.py:642} INFO - Processing file /home/airflow/.local/lib/python3.6/site-packages/airflow/example_dags/tutorial_taskflow_api_etl.py for tasks to queue
[2025-05-31 11:57:26,136] {logging_mixin.py:109} INFO - [2025-05-31 11:57:26,136] {dagbag.py:500} INFO - Filling up the DagBag from /home/airflow/.local/lib/python3.6/site-packages/airflow/example_dags/tutorial_taskflow_api_etl.py
[2025-05-31 11:57:26,177] {processor.py:654} INFO - DAG(s) dict_keys(['tutorial_taskflow_api_etl']) retrieved from /home/airflow/.local/lib/python3.6/site-packages/airflow/example_dags/tutorial_taskflow_api_etl.py
[2025-05-31 11:57:26,506] {logging_mixin.py:109} INFO - [2025-05-31 11:57:26,506] {dag.py:2396} INFO - Sync 1 DAGs
[2025-05-31 11:57:26,528] {logging_mixin.py:109} INFO - [2025-05-31 11:57:26,528] {dag.py:2935} INFO - Setting next_dagrun for tutorial_taskflow_api_etl to None
[2025-05-31 11:57:26,544] {processor.py:171} INFO - Processing /home/airflow/.local/lib/python3.6/site-packages/airflow/example_dags/tutorial_taskflow_api_etl.py took 0.416 seconds
[2025-05-31 11:57:56,831] {processor.py:163} INFO - Started process (PID=26379) to work on /home/airflow/.local/lib/python3.6/site-packages/airflow/example_dags/tutorial_taskflow_api_etl.py
[2025-05-31 11:57:56,832] {processor.py:642} INFO - Processing file /home/airflow/.local/lib/python3.6/site-packages/airflow/example_dags/tutorial_taskflow_api_etl.py for tasks to queue
[2025-05-31 11:57:56,833] {logging_mixin.py:109} INFO - [2025-05-31 11:57:56,833] {dagbag.py:500} INFO - Filling up the DagBag from /home/airflow/.local/lib/python3.6/site-packages/airflow/example_dags/tutorial_taskflow_api_etl.py
[2025-05-31 11:57:56,865] {processor.py:654} INFO - DAG(s) dict_keys(['tutorial_taskflow_api_etl']) retrieved from /home/airflow/.local/lib/python3.6/site-packages/airflow/example_dags/tutorial_taskflow_api_etl.py
[2025-05-31 11:57:57,093] {logging_mixin.py:109} INFO - [2025-05-31 11:57:57,093] {dag.py:2396} INFO - Sync 1 DAGs
[2025-05-31 11:57:57,111] {logging_mixin.py:109} INFO - [2025-05-31 11:57:57,111] {dag.py:2935} INFO - Setting next_dagrun for tutorial_taskflow_api_etl to None
[2025-05-31 11:57:57,124] {processor.py:171} INFO - Processing /home/airflow/.local/lib/python3.6/site-packages/airflow/example_dags/tutorial_taskflow_api_etl.py took 0.296 seconds
[2025-05-31 11:58:27,357] {processor.py:163} INFO - Started process (PID=26564) to work on /home/airflow/.local/lib/python3.6/site-packages/airflow/example_dags/tutorial_taskflow_api_etl.py
[2025-05-31 11:58:27,358] {processor.py:642} INFO - Processing file /home/airflow/.local/lib/python3.6/site-packages/airflow/example_dags/tutorial_taskflow_api_etl.py for tasks to queue
[2025-05-31 11:58:27,359] {logging_mixin.py:109} INFO - [2025-05-31 11:58:27,359] {dagbag.py:500} INFO - Filling up the DagBag from /home/airflow/.local/lib/python3.6/site-packages/airflow/example_dags/tutorial_taskflow_api_etl.py
[2025-05-31 11:58:27,393] {processor.py:654} INFO - DAG(s) dict_keys(['tutorial_taskflow_api_etl']) retrieved from /home/airflow/.local/lib/python3.6/site-packages/airflow/example_dags/tutorial_taskflow_api_etl.py
[2025-05-31 11:58:27,646] {logging_mixin.py:109} INFO - [2025-05-31 11:58:27,645] {dag.py:2396} INFO - Sync 1 DAGs
[2025-05-31 11:58:27,668] {logging_mixin.py:109} INFO - [2025-05-31 11:58:27,668] {dag.py:2935} INFO - Setting next_dagrun for tutorial_taskflow_api_etl to None
[2025-05-31 11:58:27,682] {processor.py:171} INFO - Processing /home/airflow/.local/lib/python3.6/site-packages/airflow/example_dags/tutorial_taskflow_api_etl.py took 0.328 seconds
[2025-05-31 11:58:57,781] {processor.py:163} INFO - Started process (PID=26767) to work on /home/airflow/.local/lib/python3.6/site-packages/airflow/example_dags/tutorial_taskflow_api_etl.py
[2025-05-31 11:58:57,783] {processor.py:642} INFO - Processing file /home/airflow/.local/lib/python3.6/site-packages/airflow/example_dags/tutorial_taskflow_api_etl.py for tasks to queue
[2025-05-31 11:58:57,785] {logging_mixin.py:109} INFO - [2025-05-31 11:58:57,785] {dagbag.py:500} INFO - Filling up the DagBag from /home/airflow/.local/lib/python3.6/site-packages/airflow/example_dags/tutorial_taskflow_api_etl.py
[2025-05-31 11:58:57,837] {processor.py:654} INFO - DAG(s) dict_keys(['tutorial_taskflow_api_etl']) retrieved from /home/airflow/.local/lib/python3.6/site-packages/airflow/example_dags/tutorial_taskflow_api_etl.py
[2025-05-31 11:58:58,156] {logging_mixin.py:109} INFO - [2025-05-31 11:58:58,156] {dag.py:2396} INFO - Sync 1 DAGs
[2025-05-31 11:58:58,175] {logging_mixin.py:109} INFO - [2025-05-31 11:58:58,175] {dag.py:2935} INFO - Setting next_dagrun for tutorial_taskflow_api_etl to None
[2025-05-31 11:58:58,188] {processor.py:171} INFO - Processing /home/airflow/.local/lib/python3.6/site-packages/airflow/example_dags/tutorial_taskflow_api_etl.py took 0.412 seconds
[2025-05-31 11:59:29,051] {processor.py:163} INFO - Started process (PID=26959) to work on /home/airflow/.local/lib/python3.6/site-packages/airflow/example_dags/tutorial_taskflow_api_etl.py
[2025-05-31 11:59:29,052] {processor.py:642} INFO - Processing file /home/airflow/.local/lib/python3.6/site-packages/airflow/example_dags/tutorial_taskflow_api_etl.py for tasks to queue
[2025-05-31 11:59:29,053] {logging_mixin.py:109} INFO - [2025-05-31 11:59:29,053] {dagbag.py:500} INFO - Filling up the DagBag from /home/airflow/.local/lib/python3.6/site-packages/airflow/example_dags/tutorial_taskflow_api_etl.py
[2025-05-31 11:59:29,084] {processor.py:654} INFO - DAG(s) dict_keys(['tutorial_taskflow_api_etl']) retrieved from /home/airflow/.local/lib/python3.6/site-packages/airflow/example_dags/tutorial_taskflow_api_etl.py
[2025-05-31 11:59:29,327] {logging_mixin.py:109} INFO - [2025-05-31 11:59:29,327] {dag.py:2396} INFO - Sync 1 DAGs
[2025-05-31 11:59:29,351] {logging_mixin.py:109} INFO - [2025-05-31 11:59:29,351] {dag.py:2935} INFO - Setting next_dagrun for tutorial_taskflow_api_etl to None
[2025-05-31 11:59:29,367] {processor.py:171} INFO - Processing /home/airflow/.local/lib/python3.6/site-packages/airflow/example_dags/tutorial_taskflow_api_etl.py took 0.320 seconds
[2025-05-31 11:59:59,675] {processor.py:163} INFO - Started process (PID=27157) to work on /home/airflow/.local/lib/python3.6/site-packages/airflow/example_dags/tutorial_taskflow_api_etl.py
[2025-05-31 11:59:59,677] {processor.py:642} INFO - Processing file /home/airflow/.local/lib/python3.6/site-packages/airflow/example_dags/tutorial_taskflow_api_etl.py for tasks to queue
[2025-05-31 11:59:59,678] {logging_mixin.py:109} INFO - [2025-05-31 11:59:59,678] {dagbag.py:500} INFO - Filling up the DagBag from /home/airflow/.local/lib/python3.6/site-packages/airflow/example_dags/tutorial_taskflow_api_etl.py
[2025-05-31 11:59:59,723] {processor.py:654} INFO - DAG(s) dict_keys(['tutorial_taskflow_api_etl']) retrieved from /home/airflow/.local/lib/python3.6/site-packages/airflow/example_dags/tutorial_taskflow_api_etl.py
[2025-05-31 12:00:00,087] {logging_mixin.py:109} INFO - [2025-05-31 12:00:00,086] {dag.py:2396} INFO - Sync 1 DAGs
[2025-05-31 12:00:00,128] {logging_mixin.py:109} INFO - [2025-05-31 12:00:00,128] {dag.py:2935} INFO - Setting next_dagrun for tutorial_taskflow_api_etl to None
[2025-05-31 12:00:00,150] {processor.py:171} INFO - Processing /home/airflow/.local/lib/python3.6/site-packages/airflow/example_dags/tutorial_taskflow_api_etl.py took 0.478 seconds
[2025-05-31 12:00:30,492] {processor.py:163} INFO - Started process (PID=27342) to work on /home/airflow/.local/lib/python3.6/site-packages/airflow/example_dags/tutorial_taskflow_api_etl.py
[2025-05-31 12:00:30,494] {processor.py:642} INFO - Processing file /home/airflow/.local/lib/python3.6/site-packages/airflow/example_dags/tutorial_taskflow_api_etl.py for tasks to queue
[2025-05-31 12:00:30,495] {logging_mixin.py:109} INFO - [2025-05-31 12:00:30,495] {dagbag.py:500} INFO - Filling up the DagBag from /home/airflow/.local/lib/python3.6/site-packages/airflow/example_dags/tutorial_taskflow_api_etl.py
[2025-05-31 12:00:30,532] {processor.py:654} INFO - DAG(s) dict_keys(['tutorial_taskflow_api_etl']) retrieved from /home/airflow/.local/lib/python3.6/site-packages/airflow/example_dags/tutorial_taskflow_api_etl.py
[2025-05-31 12:00:30,819] {logging_mixin.py:109} INFO - [2025-05-31 12:00:30,819] {dag.py:2396} INFO - Sync 1 DAGs
[2025-05-31 12:00:30,843] {logging_mixin.py:109} INFO - [2025-05-31 12:00:30,843] {dag.py:2935} INFO - Setting next_dagrun for tutorial_taskflow_api_etl to None
[2025-05-31 12:00:30,856] {processor.py:171} INFO - Processing /home/airflow/.local/lib/python3.6/site-packages/airflow/example_dags/tutorial_taskflow_api_etl.py took 0.367 seconds
[2025-05-31 12:01:00,959] {processor.py:163} INFO - Started process (PID=27526) to work on /home/airflow/.local/lib/python3.6/site-packages/airflow/example_dags/tutorial_taskflow_api_etl.py
[2025-05-31 12:01:00,961] {processor.py:642} INFO - Processing file /home/airflow/.local/lib/python3.6/site-packages/airflow/example_dags/tutorial_taskflow_api_etl.py for tasks to queue
[2025-05-31 12:01:00,962] {logging_mixin.py:109} INFO - [2025-05-31 12:01:00,961] {dagbag.py:500} INFO - Filling up the DagBag from /home/airflow/.local/lib/python3.6/site-packages/airflow/example_dags/tutorial_taskflow_api_etl.py
[2025-05-31 12:01:00,999] {processor.py:654} INFO - DAG(s) dict_keys(['tutorial_taskflow_api_etl']) retrieved from /home/airflow/.local/lib/python3.6/site-packages/airflow/example_dags/tutorial_taskflow_api_etl.py
[2025-05-31 12:01:01,269] {logging_mixin.py:109} INFO - [2025-05-31 12:01:01,269] {dag.py:2396} INFO - Sync 1 DAGs
[2025-05-31 12:01:01,291] {logging_mixin.py:109} INFO - [2025-05-31 12:01:01,291] {dag.py:2935} INFO - Setting next_dagrun for tutorial_taskflow_api_etl to None
[2025-05-31 12:01:01,304] {processor.py:171} INFO - Processing /home/airflow/.local/lib/python3.6/site-packages/airflow/example_dags/tutorial_taskflow_api_etl.py took 0.349 seconds
[2025-05-31 12:01:31,561] {processor.py:163} INFO - Started process (PID=27721) to work on /home/airflow/.local/lib/python3.6/site-packages/airflow/example_dags/tutorial_taskflow_api_etl.py
[2025-05-31 12:01:31,563] {processor.py:642} INFO - Processing file /home/airflow/.local/lib/python3.6/site-packages/airflow/example_dags/tutorial_taskflow_api_etl.py for tasks to queue
[2025-05-31 12:01:31,565] {logging_mixin.py:109} INFO - [2025-05-31 12:01:31,565] {dagbag.py:500} INFO - Filling up the DagBag from /home/airflow/.local/lib/python3.6/site-packages/airflow/example_dags/tutorial_taskflow_api_etl.py
[2025-05-31 12:01:31,606] {processor.py:654} INFO - DAG(s) dict_keys(['tutorial_taskflow_api_etl']) retrieved from /home/airflow/.local/lib/python3.6/site-packages/airflow/example_dags/tutorial_taskflow_api_etl.py
[2025-05-31 12:01:31,951] {logging_mixin.py:109} INFO - [2025-05-31 12:01:31,951] {dag.py:2396} INFO - Sync 1 DAGs
[2025-05-31 12:01:31,975] {logging_mixin.py:109} INFO - [2025-05-31 12:01:31,974] {dag.py:2935} INFO - Setting next_dagrun for tutorial_taskflow_api_etl to None
[2025-05-31 12:01:31,991] {processor.py:171} INFO - Processing /home/airflow/.local/lib/python3.6/site-packages/airflow/example_dags/tutorial_taskflow_api_etl.py took 0.434 seconds
[2025-05-31 12:02:02,847] {processor.py:163} INFO - Started process (PID=27916) to work on /home/airflow/.local/lib/python3.6/site-packages/airflow/example_dags/tutorial_taskflow_api_etl.py
[2025-05-31 12:02:02,849] {processor.py:642} INFO - Processing file /home/airflow/.local/lib/python3.6/site-packages/airflow/example_dags/tutorial_taskflow_api_etl.py for tasks to queue
[2025-05-31 12:02:02,849] {logging_mixin.py:109} INFO - [2025-05-31 12:02:02,849] {dagbag.py:500} INFO - Filling up the DagBag from /home/airflow/.local/lib/python3.6/site-packages/airflow/example_dags/tutorial_taskflow_api_etl.py
[2025-05-31 12:02:02,881] {processor.py:654} INFO - DAG(s) dict_keys(['tutorial_taskflow_api_etl']) retrieved from /home/airflow/.local/lib/python3.6/site-packages/airflow/example_dags/tutorial_taskflow_api_etl.py
[2025-05-31 12:02:03,133] {logging_mixin.py:109} INFO - [2025-05-31 12:02:03,133] {dag.py:2396} INFO - Sync 1 DAGs
[2025-05-31 12:02:03,160] {logging_mixin.py:109} INFO - [2025-05-31 12:02:03,160] {dag.py:2935} INFO - Setting next_dagrun for tutorial_taskflow_api_etl to None
[2025-05-31 12:02:03,176] {processor.py:171} INFO - Processing /home/airflow/.local/lib/python3.6/site-packages/airflow/example_dags/tutorial_taskflow_api_etl.py took 0.332 seconds
[2025-05-31 12:02:33,362] {processor.py:163} INFO - Started process (PID=28108) to work on /home/airflow/.local/lib/python3.6/site-packages/airflow/example_dags/tutorial_taskflow_api_etl.py
[2025-05-31 12:02:33,364] {processor.py:642} INFO - Processing file /home/airflow/.local/lib/python3.6/site-packages/airflow/example_dags/tutorial_taskflow_api_etl.py for tasks to queue
[2025-05-31 12:02:33,365] {logging_mixin.py:109} INFO - [2025-05-31 12:02:33,365] {dagbag.py:500} INFO - Filling up the DagBag from /home/airflow/.local/lib/python3.6/site-packages/airflow/example_dags/tutorial_taskflow_api_etl.py
[2025-05-31 12:02:33,405] {processor.py:654} INFO - DAG(s) dict_keys(['tutorial_taskflow_api_etl']) retrieved from /home/airflow/.local/lib/python3.6/site-packages/airflow/example_dags/tutorial_taskflow_api_etl.py
[2025-05-31 12:02:33,420] {logging_mixin.py:109} INFO - [2025-05-31 12:02:33,420] {dag.py:2396} INFO - Sync 1 DAGs
[2025-05-31 12:02:33,445] {logging_mixin.py:109} INFO - [2025-05-31 12:02:33,445] {dag.py:2935} INFO - Setting next_dagrun for tutorial_taskflow_api_etl to None
[2025-05-31 12:02:33,466] {processor.py:171} INFO - Processing /home/airflow/.local/lib/python3.6/site-packages/airflow/example_dags/tutorial_taskflow_api_etl.py took 0.108 seconds
[2025-05-31 12:03:03,724] {processor.py:163} INFO - Started process (PID=28297) to work on /home/airflow/.local/lib/python3.6/site-packages/airflow/example_dags/tutorial_taskflow_api_etl.py
[2025-05-31 12:03:03,725] {processor.py:642} INFO - Processing file /home/airflow/.local/lib/python3.6/site-packages/airflow/example_dags/tutorial_taskflow_api_etl.py for tasks to queue
[2025-05-31 12:03:03,726] {logging_mixin.py:109} INFO - [2025-05-31 12:03:03,726] {dagbag.py:500} INFO - Filling up the DagBag from /home/airflow/.local/lib/python3.6/site-packages/airflow/example_dags/tutorial_taskflow_api_etl.py
[2025-05-31 12:03:03,759] {processor.py:654} INFO - DAG(s) dict_keys(['tutorial_taskflow_api_etl']) retrieved from /home/airflow/.local/lib/python3.6/site-packages/airflow/example_dags/tutorial_taskflow_api_etl.py
[2025-05-31 12:03:04,058] {logging_mixin.py:109} INFO - [2025-05-31 12:03:04,058] {dag.py:2396} INFO - Sync 1 DAGs
[2025-05-31 12:03:04,081] {logging_mixin.py:109} INFO - [2025-05-31 12:03:04,081] {dag.py:2935} INFO - Setting next_dagrun for tutorial_taskflow_api_etl to None
[2025-05-31 12:03:04,095] {processor.py:171} INFO - Processing /home/airflow/.local/lib/python3.6/site-packages/airflow/example_dags/tutorial_taskflow_api_etl.py took 0.375 seconds
[2025-05-31 12:03:34,923] {processor.py:163} INFO - Started process (PID=28482) to work on /home/airflow/.local/lib/python3.6/site-packages/airflow/example_dags/tutorial_taskflow_api_etl.py
[2025-05-31 12:03:34,924] {processor.py:642} INFO - Processing file /home/airflow/.local/lib/python3.6/site-packages/airflow/example_dags/tutorial_taskflow_api_etl.py for tasks to queue
[2025-05-31 12:03:34,925] {logging_mixin.py:109} INFO - [2025-05-31 12:03:34,925] {dagbag.py:500} INFO - Filling up the DagBag from /home/airflow/.local/lib/python3.6/site-packages/airflow/example_dags/tutorial_taskflow_api_etl.py
[2025-05-31 12:03:34,960] {processor.py:654} INFO - DAG(s) dict_keys(['tutorial_taskflow_api_etl']) retrieved from /home/airflow/.local/lib/python3.6/site-packages/airflow/example_dags/tutorial_taskflow_api_etl.py
[2025-05-31 12:03:35,206] {logging_mixin.py:109} INFO - [2025-05-31 12:03:35,206] {dag.py:2396} INFO - Sync 1 DAGs
[2025-05-31 12:03:35,226] {logging_mixin.py:109} INFO - [2025-05-31 12:03:35,226] {dag.py:2935} INFO - Setting next_dagrun for tutorial_taskflow_api_etl to None
[2025-05-31 12:03:35,241] {processor.py:171} INFO - Processing /home/airflow/.local/lib/python3.6/site-packages/airflow/example_dags/tutorial_taskflow_api_etl.py took 0.321 seconds
[2025-05-31 12:04:05,415] {processor.py:163} INFO - Started process (PID=28676) to work on /home/airflow/.local/lib/python3.6/site-packages/airflow/example_dags/tutorial_taskflow_api_etl.py
[2025-05-31 12:04:05,418] {processor.py:642} INFO - Processing file /home/airflow/.local/lib/python3.6/site-packages/airflow/example_dags/tutorial_taskflow_api_etl.py for tasks to queue
[2025-05-31 12:04:05,419] {logging_mixin.py:109} INFO - [2025-05-31 12:04:05,419] {dagbag.py:500} INFO - Filling up the DagBag from /home/airflow/.local/lib/python3.6/site-packages/airflow/example_dags/tutorial_taskflow_api_etl.py
[2025-05-31 12:04:05,468] {processor.py:654} INFO - DAG(s) dict_keys(['tutorial_taskflow_api_etl']) retrieved from /home/airflow/.local/lib/python3.6/site-packages/airflow/example_dags/tutorial_taskflow_api_etl.py
[2025-05-31 12:04:05,763] {logging_mixin.py:109} INFO - [2025-05-31 12:04:05,762] {dag.py:2396} INFO - Sync 1 DAGs
[2025-05-31 12:04:05,783] {logging_mixin.py:109} INFO - [2025-05-31 12:04:05,782] {dag.py:2935} INFO - Setting next_dagrun for tutorial_taskflow_api_etl to None
[2025-05-31 12:04:05,797] {processor.py:171} INFO - Processing /home/airflow/.local/lib/python3.6/site-packages/airflow/example_dags/tutorial_taskflow_api_etl.py took 0.386 seconds
[2025-05-31 12:04:35,874] {processor.py:163} INFO - Started process (PID=28862) to work on /home/airflow/.local/lib/python3.6/site-packages/airflow/example_dags/tutorial_taskflow_api_etl.py
[2025-05-31 12:04:35,875] {processor.py:642} INFO - Processing file /home/airflow/.local/lib/python3.6/site-packages/airflow/example_dags/tutorial_taskflow_api_etl.py for tasks to queue
[2025-05-31 12:04:35,876] {logging_mixin.py:109} INFO - [2025-05-31 12:04:35,876] {dagbag.py:500} INFO - Filling up the DagBag from /home/airflow/.local/lib/python3.6/site-packages/airflow/example_dags/tutorial_taskflow_api_etl.py
[2025-05-31 12:04:35,907] {processor.py:654} INFO - DAG(s) dict_keys(['tutorial_taskflow_api_etl']) retrieved from /home/airflow/.local/lib/python3.6/site-packages/airflow/example_dags/tutorial_taskflow_api_etl.py
[2025-05-31 12:04:36,158] {logging_mixin.py:109} INFO - [2025-05-31 12:04:36,158] {dag.py:2396} INFO - Sync 1 DAGs
[2025-05-31 12:04:36,178] {logging_mixin.py:109} INFO - [2025-05-31 12:04:36,178] {dag.py:2935} INFO - Setting next_dagrun for tutorial_taskflow_api_etl to None
[2025-05-31 12:04:36,193] {processor.py:171} INFO - Processing /home/airflow/.local/lib/python3.6/site-packages/airflow/example_dags/tutorial_taskflow_api_etl.py took 0.322 seconds
[2025-05-31 12:05:06,472] {processor.py:163} INFO - Started process (PID=29047) to work on /home/airflow/.local/lib/python3.6/site-packages/airflow/example_dags/tutorial_taskflow_api_etl.py
[2025-05-31 12:05:06,473] {processor.py:642} INFO - Processing file /home/airflow/.local/lib/python3.6/site-packages/airflow/example_dags/tutorial_taskflow_api_etl.py for tasks to queue
[2025-05-31 12:05:06,474] {logging_mixin.py:109} INFO - [2025-05-31 12:05:06,474] {dagbag.py:500} INFO - Filling up the DagBag from /home/airflow/.local/lib/python3.6/site-packages/airflow/example_dags/tutorial_taskflow_api_etl.py
[2025-05-31 12:05:06,506] {processor.py:654} INFO - DAG(s) dict_keys(['tutorial_taskflow_api_etl']) retrieved from /home/airflow/.local/lib/python3.6/site-packages/airflow/example_dags/tutorial_taskflow_api_etl.py
[2025-05-31 12:05:06,517] {logging_mixin.py:109} INFO - [2025-05-31 12:05:06,517] {dag.py:2396} INFO - Sync 1 DAGs
[2025-05-31 12:05:06,534] {logging_mixin.py:109} INFO - [2025-05-31 12:05:06,534] {dag.py:2935} INFO - Setting next_dagrun for tutorial_taskflow_api_etl to None
[2025-05-31 12:05:06,544] {processor.py:171} INFO - Processing /home/airflow/.local/lib/python3.6/site-packages/airflow/example_dags/tutorial_taskflow_api_etl.py took 0.076 seconds
[2025-05-31 12:05:36,815] {processor.py:163} INFO - Started process (PID=29241) to work on /home/airflow/.local/lib/python3.6/site-packages/airflow/example_dags/tutorial_taskflow_api_etl.py
[2025-05-31 12:05:36,816] {processor.py:642} INFO - Processing file /home/airflow/.local/lib/python3.6/site-packages/airflow/example_dags/tutorial_taskflow_api_etl.py for tasks to queue
[2025-05-31 12:05:36,817] {logging_mixin.py:109} INFO - [2025-05-31 12:05:36,817] {dagbag.py:500} INFO - Filling up the DagBag from /home/airflow/.local/lib/python3.6/site-packages/airflow/example_dags/tutorial_taskflow_api_etl.py
[2025-05-31 12:05:36,859] {processor.py:654} INFO - DAG(s) dict_keys(['tutorial_taskflow_api_etl']) retrieved from /home/airflow/.local/lib/python3.6/site-packages/airflow/example_dags/tutorial_taskflow_api_etl.py
[2025-05-31 12:05:37,127] {logging_mixin.py:109} INFO - [2025-05-31 12:05:37,127] {dag.py:2396} INFO - Sync 1 DAGs
[2025-05-31 12:05:37,145] {logging_mixin.py:109} INFO - [2025-05-31 12:05:37,145] {dag.py:2935} INFO - Setting next_dagrun for tutorial_taskflow_api_etl to None
[2025-05-31 12:05:37,160] {processor.py:171} INFO - Processing /home/airflow/.local/lib/python3.6/site-packages/airflow/example_dags/tutorial_taskflow_api_etl.py took 0.349 seconds
[2025-05-31 12:06:07,524] {processor.py:163} INFO - Started process (PID=29429) to work on /home/airflow/.local/lib/python3.6/site-packages/airflow/example_dags/tutorial_taskflow_api_etl.py
[2025-05-31 12:06:07,525] {processor.py:642} INFO - Processing file /home/airflow/.local/lib/python3.6/site-packages/airflow/example_dags/tutorial_taskflow_api_etl.py for tasks to queue
[2025-05-31 12:06:07,526] {logging_mixin.py:109} INFO - [2025-05-31 12:06:07,526] {dagbag.py:500} INFO - Filling up the DagBag from /home/airflow/.local/lib/python3.6/site-packages/airflow/example_dags/tutorial_taskflow_api_etl.py
[2025-05-31 12:06:07,560] {processor.py:654} INFO - DAG(s) dict_keys(['tutorial_taskflow_api_etl']) retrieved from /home/airflow/.local/lib/python3.6/site-packages/airflow/example_dags/tutorial_taskflow_api_etl.py
[2025-05-31 12:06:07,844] {logging_mixin.py:109} INFO - [2025-05-31 12:06:07,844] {dag.py:2396} INFO - Sync 1 DAGs
[2025-05-31 12:06:07,868] {logging_mixin.py:109} INFO - [2025-05-31 12:06:07,867] {dag.py:2935} INFO - Setting next_dagrun for tutorial_taskflow_api_etl to None
[2025-05-31 12:06:07,884] {processor.py:171} INFO - Processing /home/airflow/.local/lib/python3.6/site-packages/airflow/example_dags/tutorial_taskflow_api_etl.py took 0.364 seconds
[2025-05-31 12:06:38,171] {processor.py:163} INFO - Started process (PID=29627) to work on /home/airflow/.local/lib/python3.6/site-packages/airflow/example_dags/tutorial_taskflow_api_etl.py
[2025-05-31 12:06:38,173] {processor.py:642} INFO - Processing file /home/airflow/.local/lib/python3.6/site-packages/airflow/example_dags/tutorial_taskflow_api_etl.py for tasks to queue
[2025-05-31 12:06:38,174] {logging_mixin.py:109} INFO - [2025-05-31 12:06:38,174] {dagbag.py:500} INFO - Filling up the DagBag from /home/airflow/.local/lib/python3.6/site-packages/airflow/example_dags/tutorial_taskflow_api_etl.py
[2025-05-31 12:06:38,215] {processor.py:654} INFO - DAG(s) dict_keys(['tutorial_taskflow_api_etl']) retrieved from /home/airflow/.local/lib/python3.6/site-packages/airflow/example_dags/tutorial_taskflow_api_etl.py
[2025-05-31 12:06:38,603] {logging_mixin.py:109} INFO - [2025-05-31 12:06:38,603] {dag.py:2396} INFO - Sync 1 DAGs
[2025-05-31 12:06:38,631] {logging_mixin.py:109} INFO - [2025-05-31 12:06:38,631] {dag.py:2935} INFO - Setting next_dagrun for tutorial_taskflow_api_etl to None
[2025-05-31 12:06:38,648] {processor.py:171} INFO - Processing /home/airflow/.local/lib/python3.6/site-packages/airflow/example_dags/tutorial_taskflow_api_etl.py took 0.481 seconds
[2025-05-31 12:07:08,742] {processor.py:163} INFO - Started process (PID=29812) to work on /home/airflow/.local/lib/python3.6/site-packages/airflow/example_dags/tutorial_taskflow_api_etl.py
[2025-05-31 12:07:08,744] {processor.py:642} INFO - Processing file /home/airflow/.local/lib/python3.6/site-packages/airflow/example_dags/tutorial_taskflow_api_etl.py for tasks to queue
[2025-05-31 12:07:08,745] {logging_mixin.py:109} INFO - [2025-05-31 12:07:08,745] {dagbag.py:500} INFO - Filling up the DagBag from /home/airflow/.local/lib/python3.6/site-packages/airflow/example_dags/tutorial_taskflow_api_etl.py
[2025-05-31 12:07:08,780] {processor.py:654} INFO - DAG(s) dict_keys(['tutorial_taskflow_api_etl']) retrieved from /home/airflow/.local/lib/python3.6/site-packages/airflow/example_dags/tutorial_taskflow_api_etl.py
[2025-05-31 12:07:09,110] {logging_mixin.py:109} INFO - [2025-05-31 12:07:09,110] {dag.py:2396} INFO - Sync 1 DAGs
[2025-05-31 12:07:09,131] {logging_mixin.py:109} INFO - [2025-05-31 12:07:09,130] {dag.py:2935} INFO - Setting next_dagrun for tutorial_taskflow_api_etl to None
[2025-05-31 12:07:09,145] {processor.py:171} INFO - Processing /home/airflow/.local/lib/python3.6/site-packages/airflow/example_dags/tutorial_taskflow_api_etl.py took 0.406 seconds
[2025-05-31 12:07:39,891] {processor.py:163} INFO - Started process (PID=29997) to work on /home/airflow/.local/lib/python3.6/site-packages/airflow/example_dags/tutorial_taskflow_api_etl.py
[2025-05-31 12:07:39,893] {processor.py:642} INFO - Processing file /home/airflow/.local/lib/python3.6/site-packages/airflow/example_dags/tutorial_taskflow_api_etl.py for tasks to queue
[2025-05-31 12:07:39,894] {logging_mixin.py:109} INFO - [2025-05-31 12:07:39,894] {dagbag.py:500} INFO - Filling up the DagBag from /home/airflow/.local/lib/python3.6/site-packages/airflow/example_dags/tutorial_taskflow_api_etl.py
[2025-05-31 12:07:39,932] {processor.py:654} INFO - DAG(s) dict_keys(['tutorial_taskflow_api_etl']) retrieved from /home/airflow/.local/lib/python3.6/site-packages/airflow/example_dags/tutorial_taskflow_api_etl.py
[2025-05-31 12:07:40,204] {logging_mixin.py:109} INFO - [2025-05-31 12:07:40,204] {dag.py:2396} INFO - Sync 1 DAGs
[2025-05-31 12:07:40,225] {logging_mixin.py:109} INFO - [2025-05-31 12:07:40,225] {dag.py:2935} INFO - Setting next_dagrun for tutorial_taskflow_api_etl to None
[2025-05-31 12:07:40,239] {processor.py:171} INFO - Processing /home/airflow/.local/lib/python3.6/site-packages/airflow/example_dags/tutorial_taskflow_api_etl.py took 0.353 seconds
[2025-05-31 12:08:10,391] {processor.py:163} INFO - Started process (PID=30192) to work on /home/airflow/.local/lib/python3.6/site-packages/airflow/example_dags/tutorial_taskflow_api_etl.py
[2025-05-31 12:08:10,394] {processor.py:642} INFO - Processing file /home/airflow/.local/lib/python3.6/site-packages/airflow/example_dags/tutorial_taskflow_api_etl.py for tasks to queue
[2025-05-31 12:08:10,395] {logging_mixin.py:109} INFO - [2025-05-31 12:08:10,395] {dagbag.py:500} INFO - Filling up the DagBag from /home/airflow/.local/lib/python3.6/site-packages/airflow/example_dags/tutorial_taskflow_api_etl.py
[2025-05-31 12:08:10,442] {processor.py:654} INFO - DAG(s) dict_keys(['tutorial_taskflow_api_etl']) retrieved from /home/airflow/.local/lib/python3.6/site-packages/airflow/example_dags/tutorial_taskflow_api_etl.py
[2025-05-31 12:08:10,765] {logging_mixin.py:109} INFO - [2025-05-31 12:08:10,765] {dag.py:2396} INFO - Sync 1 DAGs
[2025-05-31 12:08:10,787] {logging_mixin.py:109} INFO - [2025-05-31 12:08:10,787] {dag.py:2935} INFO - Setting next_dagrun for tutorial_taskflow_api_etl to None
[2025-05-31 12:08:10,802] {processor.py:171} INFO - Processing /home/airflow/.local/lib/python3.6/site-packages/airflow/example_dags/tutorial_taskflow_api_etl.py took 0.416 seconds
[2025-05-31 12:08:41,132] {processor.py:163} INFO - Started process (PID=30376) to work on /home/airflow/.local/lib/python3.6/site-packages/airflow/example_dags/tutorial_taskflow_api_etl.py
[2025-05-31 12:08:41,134] {processor.py:642} INFO - Processing file /home/airflow/.local/lib/python3.6/site-packages/airflow/example_dags/tutorial_taskflow_api_etl.py for tasks to queue
[2025-05-31 12:08:41,135] {logging_mixin.py:109} INFO - [2025-05-31 12:08:41,135] {dagbag.py:500} INFO - Filling up the DagBag from /home/airflow/.local/lib/python3.6/site-packages/airflow/example_dags/tutorial_taskflow_api_etl.py
[2025-05-31 12:08:41,172] {processor.py:654} INFO - DAG(s) dict_keys(['tutorial_taskflow_api_etl']) retrieved from /home/airflow/.local/lib/python3.6/site-packages/airflow/example_dags/tutorial_taskflow_api_etl.py
[2025-05-31 12:08:41,183] {logging_mixin.py:109} INFO - [2025-05-31 12:08:41,183] {dag.py:2396} INFO - Sync 1 DAGs
[2025-05-31 12:08:41,203] {logging_mixin.py:109} INFO - [2025-05-31 12:08:41,203] {dag.py:2935} INFO - Setting next_dagrun for tutorial_taskflow_api_etl to None
[2025-05-31 12:08:41,214] {processor.py:171} INFO - Processing /home/airflow/.local/lib/python3.6/site-packages/airflow/example_dags/tutorial_taskflow_api_etl.py took 0.085 seconds
[2025-05-31 12:09:11,658] {processor.py:163} INFO - Started process (PID=30572) to work on /home/airflow/.local/lib/python3.6/site-packages/airflow/example_dags/tutorial_taskflow_api_etl.py
[2025-05-31 12:09:11,659] {processor.py:642} INFO - Processing file /home/airflow/.local/lib/python3.6/site-packages/airflow/example_dags/tutorial_taskflow_api_etl.py for tasks to queue
[2025-05-31 12:09:11,661] {logging_mixin.py:109} INFO - [2025-05-31 12:09:11,660] {dagbag.py:500} INFO - Filling up the DagBag from /home/airflow/.local/lib/python3.6/site-packages/airflow/example_dags/tutorial_taskflow_api_etl.py
[2025-05-31 12:09:11,704] {processor.py:654} INFO - DAG(s) dict_keys(['tutorial_taskflow_api_etl']) retrieved from /home/airflow/.local/lib/python3.6/site-packages/airflow/example_dags/tutorial_taskflow_api_etl.py
[2025-05-31 12:09:12,023] {logging_mixin.py:109} INFO - [2025-05-31 12:09:12,023] {dag.py:2396} INFO - Sync 1 DAGs
[2025-05-31 12:09:12,051] {logging_mixin.py:109} INFO - [2025-05-31 12:09:12,050] {dag.py:2935} INFO - Setting next_dagrun for tutorial_taskflow_api_etl to None
[2025-05-31 12:09:12,074] {processor.py:171} INFO - Processing /home/airflow/.local/lib/python3.6/site-packages/airflow/example_dags/tutorial_taskflow_api_etl.py took 0.421 seconds
[2025-05-31 12:09:42,511] {processor.py:163} INFO - Started process (PID=30757) to work on /home/airflow/.local/lib/python3.6/site-packages/airflow/example_dags/tutorial_taskflow_api_etl.py
[2025-05-31 12:09:42,513] {processor.py:642} INFO - Processing file /home/airflow/.local/lib/python3.6/site-packages/airflow/example_dags/tutorial_taskflow_api_etl.py for tasks to queue
[2025-05-31 12:09:42,513] {logging_mixin.py:109} INFO - [2025-05-31 12:09:42,513] {dagbag.py:500} INFO - Filling up the DagBag from /home/airflow/.local/lib/python3.6/site-packages/airflow/example_dags/tutorial_taskflow_api_etl.py
[2025-05-31 12:09:42,548] {processor.py:654} INFO - DAG(s) dict_keys(['tutorial_taskflow_api_etl']) retrieved from /home/airflow/.local/lib/python3.6/site-packages/airflow/example_dags/tutorial_taskflow_api_etl.py
[2025-05-31 12:09:42,800] {logging_mixin.py:109} INFO - [2025-05-31 12:09:42,800] {dag.py:2396} INFO - Sync 1 DAGs
[2025-05-31 12:09:42,823] {logging_mixin.py:109} INFO - [2025-05-31 12:09:42,823] {dag.py:2935} INFO - Setting next_dagrun for tutorial_taskflow_api_etl to None
[2025-05-31 12:09:42,837] {processor.py:171} INFO - Processing /home/airflow/.local/lib/python3.6/site-packages/airflow/example_dags/tutorial_taskflow_api_etl.py took 0.328 seconds
[2025-05-31 12:10:13,037] {processor.py:163} INFO - Started process (PID=30942) to work on /home/airflow/.local/lib/python3.6/site-packages/airflow/example_dags/tutorial_taskflow_api_etl.py
[2025-05-31 12:10:13,039] {processor.py:642} INFO - Processing file /home/airflow/.local/lib/python3.6/site-packages/airflow/example_dags/tutorial_taskflow_api_etl.py for tasks to queue
[2025-05-31 12:10:13,040] {logging_mixin.py:109} INFO - [2025-05-31 12:10:13,040] {dagbag.py:500} INFO - Filling up the DagBag from /home/airflow/.local/lib/python3.6/site-packages/airflow/example_dags/tutorial_taskflow_api_etl.py
[2025-05-31 12:10:13,073] {processor.py:654} INFO - DAG(s) dict_keys(['tutorial_taskflow_api_etl']) retrieved from /home/airflow/.local/lib/python3.6/site-packages/airflow/example_dags/tutorial_taskflow_api_etl.py
[2025-05-31 12:10:13,084] {logging_mixin.py:109} INFO - [2025-05-31 12:10:13,084] {dag.py:2396} INFO - Sync 1 DAGs
[2025-05-31 12:10:13,103] {logging_mixin.py:109} INFO - [2025-05-31 12:10:13,103] {dag.py:2935} INFO - Setting next_dagrun for tutorial_taskflow_api_etl to None
[2025-05-31 12:10:13,116] {processor.py:171} INFO - Processing /home/airflow/.local/lib/python3.6/site-packages/airflow/example_dags/tutorial_taskflow_api_etl.py took 0.082 seconds
[2025-05-31 12:10:43,705] {processor.py:163} INFO - Started process (PID=31137) to work on /home/airflow/.local/lib/python3.6/site-packages/airflow/example_dags/tutorial_taskflow_api_etl.py
[2025-05-31 12:10:43,707] {processor.py:642} INFO - Processing file /home/airflow/.local/lib/python3.6/site-packages/airflow/example_dags/tutorial_taskflow_api_etl.py for tasks to queue
[2025-05-31 12:10:43,708] {logging_mixin.py:109} INFO - [2025-05-31 12:10:43,708] {dagbag.py:500} INFO - Filling up the DagBag from /home/airflow/.local/lib/python3.6/site-packages/airflow/example_dags/tutorial_taskflow_api_etl.py
[2025-05-31 12:10:43,747] {processor.py:654} INFO - DAG(s) dict_keys(['tutorial_taskflow_api_etl']) retrieved from /home/airflow/.local/lib/python3.6/site-packages/airflow/example_dags/tutorial_taskflow_api_etl.py
[2025-05-31 12:10:44,032] {logging_mixin.py:109} INFO - [2025-05-31 12:10:44,032] {dag.py:2396} INFO - Sync 1 DAGs
[2025-05-31 12:10:44,054] {logging_mixin.py:109} INFO - [2025-05-31 12:10:44,054] {dag.py:2935} INFO - Setting next_dagrun for tutorial_taskflow_api_etl to None
[2025-05-31 12:10:44,070] {processor.py:171} INFO - Processing /home/airflow/.local/lib/python3.6/site-packages/airflow/example_dags/tutorial_taskflow_api_etl.py took 0.369 seconds
[2025-05-31 17:31:05,123] {processor.py:163} INFO - Started process (PID=194) to work on /home/airflow/.local/lib/python3.6/site-packages/airflow/example_dags/tutorial_taskflow_api_etl.py
[2025-05-31 17:31:05,125] {processor.py:642} INFO - Processing file /home/airflow/.local/lib/python3.6/site-packages/airflow/example_dags/tutorial_taskflow_api_etl.py for tasks to queue
[2025-05-31 17:31:05,127] {logging_mixin.py:109} INFO - [2025-05-31 17:31:05,127] {dagbag.py:500} INFO - Filling up the DagBag from /home/airflow/.local/lib/python3.6/site-packages/airflow/example_dags/tutorial_taskflow_api_etl.py
[2025-05-31 17:31:05,195] {processor.py:654} INFO - DAG(s) dict_keys(['tutorial_taskflow_api_etl']) retrieved from /home/airflow/.local/lib/python3.6/site-packages/airflow/example_dags/tutorial_taskflow_api_etl.py
[2025-05-31 17:31:05,814] {logging_mixin.py:109} INFO - [2025-05-31 17:31:05,814] {dag.py:2396} INFO - Sync 1 DAGs
[2025-05-31 17:31:05,841] {logging_mixin.py:109} INFO - [2025-05-31 17:31:05,840] {dag.py:2935} INFO - Setting next_dagrun for tutorial_taskflow_api_etl to None
[2025-05-31 17:31:05,860] {processor.py:171} INFO - Processing /home/airflow/.local/lib/python3.6/site-packages/airflow/example_dags/tutorial_taskflow_api_etl.py took 0.744 seconds
[2025-05-31 17:31:36,310] {processor.py:163} INFO - Started process (PID=379) to work on /home/airflow/.local/lib/python3.6/site-packages/airflow/example_dags/tutorial_taskflow_api_etl.py
[2025-05-31 17:31:36,324] {processor.py:642} INFO - Processing file /home/airflow/.local/lib/python3.6/site-packages/airflow/example_dags/tutorial_taskflow_api_etl.py for tasks to queue
[2025-05-31 17:31:36,327] {logging_mixin.py:109} INFO - [2025-05-31 17:31:36,327] {dagbag.py:500} INFO - Filling up the DagBag from /home/airflow/.local/lib/python3.6/site-packages/airflow/example_dags/tutorial_taskflow_api_etl.py
[2025-05-31 17:31:36,504] {processor.py:654} INFO - DAG(s) dict_keys(['tutorial_taskflow_api_etl']) retrieved from /home/airflow/.local/lib/python3.6/site-packages/airflow/example_dags/tutorial_taskflow_api_etl.py
[2025-05-31 17:31:37,734] {logging_mixin.py:109} INFO - [2025-05-31 17:31:37,734] {dag.py:2396} INFO - Sync 1 DAGs
[2025-05-31 17:31:37,779] {logging_mixin.py:109} INFO - [2025-05-31 17:31:37,779] {dag.py:2935} INFO - Setting next_dagrun for tutorial_taskflow_api_etl to None
[2025-05-31 17:31:37,811] {processor.py:171} INFO - Processing /home/airflow/.local/lib/python3.6/site-packages/airflow/example_dags/tutorial_taskflow_api_etl.py took 1.518 seconds
[2025-05-31 17:32:08,121] {processor.py:163} INFO - Started process (PID=564) to work on /home/airflow/.local/lib/python3.6/site-packages/airflow/example_dags/tutorial_taskflow_api_etl.py
[2025-05-31 17:32:08,123] {processor.py:642} INFO - Processing file /home/airflow/.local/lib/python3.6/site-packages/airflow/example_dags/tutorial_taskflow_api_etl.py for tasks to queue
[2025-05-31 17:32:08,125] {logging_mixin.py:109} INFO - [2025-05-31 17:32:08,125] {dagbag.py:500} INFO - Filling up the DagBag from /home/airflow/.local/lib/python3.6/site-packages/airflow/example_dags/tutorial_taskflow_api_etl.py
[2025-05-31 17:32:08,185] {processor.py:654} INFO - DAG(s) dict_keys(['tutorial_taskflow_api_etl']) retrieved from /home/airflow/.local/lib/python3.6/site-packages/airflow/example_dags/tutorial_taskflow_api_etl.py
[2025-05-31 17:32:08,899] {logging_mixin.py:109} INFO - [2025-05-31 17:32:08,899] {dag.py:2396} INFO - Sync 1 DAGs
[2025-05-31 17:32:08,940] {logging_mixin.py:109} INFO - [2025-05-31 17:32:08,940] {dag.py:2935} INFO - Setting next_dagrun for tutorial_taskflow_api_etl to None
[2025-05-31 17:32:08,971] {processor.py:171} INFO - Processing /home/airflow/.local/lib/python3.6/site-packages/airflow/example_dags/tutorial_taskflow_api_etl.py took 0.857 seconds
[2025-05-31 17:32:39,230] {processor.py:163} INFO - Started process (PID=767) to work on /home/airflow/.local/lib/python3.6/site-packages/airflow/example_dags/tutorial_taskflow_api_etl.py
[2025-05-31 17:32:39,241] {processor.py:642} INFO - Processing file /home/airflow/.local/lib/python3.6/site-packages/airflow/example_dags/tutorial_taskflow_api_etl.py for tasks to queue
[2025-05-31 17:32:39,244] {logging_mixin.py:109} INFO - [2025-05-31 17:32:39,244] {dagbag.py:500} INFO - Filling up the DagBag from /home/airflow/.local/lib/python3.6/site-packages/airflow/example_dags/tutorial_taskflow_api_etl.py
[2025-05-31 17:32:39,366] {processor.py:654} INFO - DAG(s) dict_keys(['tutorial_taskflow_api_etl']) retrieved from /home/airflow/.local/lib/python3.6/site-packages/airflow/example_dags/tutorial_taskflow_api_etl.py
[2025-05-31 17:32:40,001] {logging_mixin.py:109} INFO - [2025-05-31 17:32:40,000] {dag.py:2396} INFO - Sync 1 DAGs
[2025-05-31 17:32:40,027] {logging_mixin.py:109} INFO - [2025-05-31 17:32:40,027] {dag.py:2935} INFO - Setting next_dagrun for tutorial_taskflow_api_etl to None
[2025-05-31 17:32:40,047] {processor.py:171} INFO - Processing /home/airflow/.local/lib/python3.6/site-packages/airflow/example_dags/tutorial_taskflow_api_etl.py took 0.840 seconds
[2025-05-31 17:33:10,229] {processor.py:163} INFO - Started process (PID=960) to work on /home/airflow/.local/lib/python3.6/site-packages/airflow/example_dags/tutorial_taskflow_api_etl.py
[2025-05-31 17:33:10,235] {processor.py:642} INFO - Processing file /home/airflow/.local/lib/python3.6/site-packages/airflow/example_dags/tutorial_taskflow_api_etl.py for tasks to queue
[2025-05-31 17:33:10,238] {logging_mixin.py:109} INFO - [2025-05-31 17:33:10,237] {dagbag.py:500} INFO - Filling up the DagBag from /home/airflow/.local/lib/python3.6/site-packages/airflow/example_dags/tutorial_taskflow_api_etl.py
[2025-05-31 17:33:10,359] {processor.py:654} INFO - DAG(s) dict_keys(['tutorial_taskflow_api_etl']) retrieved from /home/airflow/.local/lib/python3.6/site-packages/airflow/example_dags/tutorial_taskflow_api_etl.py
[2025-05-31 17:33:11,018] {logging_mixin.py:109} INFO - [2025-05-31 17:33:11,018] {dag.py:2396} INFO - Sync 1 DAGs
[2025-05-31 17:33:11,044] {logging_mixin.py:109} INFO - [2025-05-31 17:33:11,043] {dag.py:2935} INFO - Setting next_dagrun for tutorial_taskflow_api_etl to None
[2025-05-31 17:33:11,063] {processor.py:171} INFO - Processing /home/airflow/.local/lib/python3.6/site-packages/airflow/example_dags/tutorial_taskflow_api_etl.py took 0.840 seconds
[2025-05-31 17:33:41,720] {processor.py:163} INFO - Started process (PID=1153) to work on /home/airflow/.local/lib/python3.6/site-packages/airflow/example_dags/tutorial_taskflow_api_etl.py
[2025-05-31 17:33:41,723] {processor.py:642} INFO - Processing file /home/airflow/.local/lib/python3.6/site-packages/airflow/example_dags/tutorial_taskflow_api_etl.py for tasks to queue
[2025-05-31 17:33:41,725] {logging_mixin.py:109} INFO - [2025-05-31 17:33:41,725] {dagbag.py:500} INFO - Filling up the DagBag from /home/airflow/.local/lib/python3.6/site-packages/airflow/example_dags/tutorial_taskflow_api_etl.py
[2025-05-31 17:33:41,780] {processor.py:654} INFO - DAG(s) dict_keys(['tutorial_taskflow_api_etl']) retrieved from /home/airflow/.local/lib/python3.6/site-packages/airflow/example_dags/tutorial_taskflow_api_etl.py
[2025-05-31 17:33:42,299] {logging_mixin.py:109} INFO - [2025-05-31 17:33:42,298] {dag.py:2396} INFO - Sync 1 DAGs
[2025-05-31 17:33:42,326] {logging_mixin.py:109} INFO - [2025-05-31 17:33:42,326] {dag.py:2935} INFO - Setting next_dagrun for tutorial_taskflow_api_etl to None
[2025-05-31 17:33:42,345] {processor.py:171} INFO - Processing /home/airflow/.local/lib/python3.6/site-packages/airflow/example_dags/tutorial_taskflow_api_etl.py took 0.778 seconds
[2025-05-31 17:34:12,961] {processor.py:163} INFO - Started process (PID=1346) to work on /home/airflow/.local/lib/python3.6/site-packages/airflow/example_dags/tutorial_taskflow_api_etl.py
[2025-05-31 17:34:12,968] {processor.py:642} INFO - Processing file /home/airflow/.local/lib/python3.6/site-packages/airflow/example_dags/tutorial_taskflow_api_etl.py for tasks to queue
[2025-05-31 17:34:12,975] {logging_mixin.py:109} INFO - [2025-05-31 17:34:12,973] {dagbag.py:500} INFO - Filling up the DagBag from /home/airflow/.local/lib/python3.6/site-packages/airflow/example_dags/tutorial_taskflow_api_etl.py
[2025-05-31 17:34:13,068] {processor.py:654} INFO - DAG(s) dict_keys(['tutorial_taskflow_api_etl']) retrieved from /home/airflow/.local/lib/python3.6/site-packages/airflow/example_dags/tutorial_taskflow_api_etl.py
[2025-05-31 17:34:13,836] {logging_mixin.py:109} INFO - [2025-05-31 17:34:13,836] {dag.py:2396} INFO - Sync 1 DAGs
[2025-05-31 17:34:13,886] {logging_mixin.py:109} INFO - [2025-05-31 17:34:13,885] {dag.py:2935} INFO - Setting next_dagrun for tutorial_taskflow_api_etl to None
[2025-05-31 17:34:13,915] {processor.py:171} INFO - Processing /home/airflow/.local/lib/python3.6/site-packages/airflow/example_dags/tutorial_taskflow_api_etl.py took 0.965 seconds
[2025-05-31 17:34:44,255] {processor.py:163} INFO - Started process (PID=1541) to work on /home/airflow/.local/lib/python3.6/site-packages/airflow/example_dags/tutorial_taskflow_api_etl.py
[2025-05-31 17:34:44,258] {processor.py:642} INFO - Processing file /home/airflow/.local/lib/python3.6/site-packages/airflow/example_dags/tutorial_taskflow_api_etl.py for tasks to queue
[2025-05-31 17:34:44,260] {logging_mixin.py:109} INFO - [2025-05-31 17:34:44,259] {dagbag.py:500} INFO - Filling up the DagBag from /home/airflow/.local/lib/python3.6/site-packages/airflow/example_dags/tutorial_taskflow_api_etl.py
[2025-05-31 17:34:44,344] {processor.py:654} INFO - DAG(s) dict_keys(['tutorial_taskflow_api_etl']) retrieved from /home/airflow/.local/lib/python3.6/site-packages/airflow/example_dags/tutorial_taskflow_api_etl.py
[2025-05-31 17:34:44,380] {logging_mixin.py:109} INFO - [2025-05-31 17:34:44,380] {dag.py:2396} INFO - Sync 1 DAGs
[2025-05-31 17:34:44,445] {logging_mixin.py:109} INFO - [2025-05-31 17:34:44,445] {dag.py:2935} INFO - Setting next_dagrun for tutorial_taskflow_api_etl to None
[2025-05-31 17:34:44,491] {processor.py:171} INFO - Processing /home/airflow/.local/lib/python3.6/site-packages/airflow/example_dags/tutorial_taskflow_api_etl.py took 0.245 seconds
[2025-05-31 17:35:14,789] {processor.py:163} INFO - Started process (PID=1721) to work on /home/airflow/.local/lib/python3.6/site-packages/airflow/example_dags/tutorial_taskflow_api_etl.py
[2025-05-31 17:35:14,793] {processor.py:642} INFO - Processing file /home/airflow/.local/lib/python3.6/site-packages/airflow/example_dags/tutorial_taskflow_api_etl.py for tasks to queue
[2025-05-31 17:35:14,795] {logging_mixin.py:109} INFO - [2025-05-31 17:35:14,795] {dagbag.py:500} INFO - Filling up the DagBag from /home/airflow/.local/lib/python3.6/site-packages/airflow/example_dags/tutorial_taskflow_api_etl.py
[2025-05-31 17:35:14,909] {processor.py:654} INFO - DAG(s) dict_keys(['tutorial_taskflow_api_etl']) retrieved from /home/airflow/.local/lib/python3.6/site-packages/airflow/example_dags/tutorial_taskflow_api_etl.py
[2025-05-31 17:35:15,862] {logging_mixin.py:109} INFO - [2025-05-31 17:35:15,862] {dag.py:2396} INFO - Sync 1 DAGs
[2025-05-31 17:35:15,908] {logging_mixin.py:109} INFO - [2025-05-31 17:35:15,908] {dag.py:2935} INFO - Setting next_dagrun for tutorial_taskflow_api_etl to None
[2025-05-31 17:35:15,946] {processor.py:171} INFO - Processing /home/airflow/.local/lib/python3.6/site-packages/airflow/example_dags/tutorial_taskflow_api_etl.py took 1.162 seconds
[2025-05-31 17:35:46,092] {processor.py:163} INFO - Started process (PID=1901) to work on /home/airflow/.local/lib/python3.6/site-packages/airflow/example_dags/tutorial_taskflow_api_etl.py
[2025-05-31 17:35:46,095] {processor.py:642} INFO - Processing file /home/airflow/.local/lib/python3.6/site-packages/airflow/example_dags/tutorial_taskflow_api_etl.py for tasks to queue
[2025-05-31 17:35:46,101] {logging_mixin.py:109} INFO - [2025-05-31 17:35:46,101] {dagbag.py:500} INFO - Filling up the DagBag from /home/airflow/.local/lib/python3.6/site-packages/airflow/example_dags/tutorial_taskflow_api_etl.py
[2025-05-31 17:35:46,202] {processor.py:654} INFO - DAG(s) dict_keys(['tutorial_taskflow_api_etl']) retrieved from /home/airflow/.local/lib/python3.6/site-packages/airflow/example_dags/tutorial_taskflow_api_etl.py
[2025-05-31 17:35:47,021] {logging_mixin.py:109} INFO - [2025-05-31 17:35:47,020] {dag.py:2396} INFO - Sync 1 DAGs
[2025-05-31 17:35:47,074] {logging_mixin.py:109} INFO - [2025-05-31 17:35:47,074] {dag.py:2935} INFO - Setting next_dagrun for tutorial_taskflow_api_etl to None
[2025-05-31 17:35:47,139] {processor.py:171} INFO - Processing /home/airflow/.local/lib/python3.6/site-packages/airflow/example_dags/tutorial_taskflow_api_etl.py took 1.060 seconds
[2025-05-31 17:36:17,734] {processor.py:163} INFO - Started process (PID=2132) to work on /home/airflow/.local/lib/python3.6/site-packages/airflow/example_dags/tutorial_taskflow_api_etl.py
[2025-05-31 17:36:17,736] {processor.py:642} INFO - Processing file /home/airflow/.local/lib/python3.6/site-packages/airflow/example_dags/tutorial_taskflow_api_etl.py for tasks to queue
[2025-05-31 17:36:17,737] {logging_mixin.py:109} INFO - [2025-05-31 17:36:17,737] {dagbag.py:500} INFO - Filling up the DagBag from /home/airflow/.local/lib/python3.6/site-packages/airflow/example_dags/tutorial_taskflow_api_etl.py
[2025-05-31 17:36:17,790] {processor.py:654} INFO - DAG(s) dict_keys(['tutorial_taskflow_api_etl']) retrieved from /home/airflow/.local/lib/python3.6/site-packages/airflow/example_dags/tutorial_taskflow_api_etl.py
[2025-05-31 17:36:18,313] {logging_mixin.py:109} INFO - [2025-05-31 17:36:18,313] {dag.py:2396} INFO - Sync 1 DAGs
[2025-05-31 17:36:18,338] {logging_mixin.py:109} INFO - [2025-05-31 17:36:18,337] {dag.py:2935} INFO - Setting next_dagrun for tutorial_taskflow_api_etl to None
[2025-05-31 17:36:18,356] {processor.py:171} INFO - Processing /home/airflow/.local/lib/python3.6/site-packages/airflow/example_dags/tutorial_taskflow_api_etl.py took 0.627 seconds
[2025-05-31 17:36:49,114] {processor.py:163} INFO - Started process (PID=2324) to work on /home/airflow/.local/lib/python3.6/site-packages/airflow/example_dags/tutorial_taskflow_api_etl.py
[2025-05-31 17:36:49,117] {processor.py:642} INFO - Processing file /home/airflow/.local/lib/python3.6/site-packages/airflow/example_dags/tutorial_taskflow_api_etl.py for tasks to queue
[2025-05-31 17:36:49,119] {logging_mixin.py:109} INFO - [2025-05-31 17:36:49,119] {dagbag.py:500} INFO - Filling up the DagBag from /home/airflow/.local/lib/python3.6/site-packages/airflow/example_dags/tutorial_taskflow_api_etl.py
[2025-05-31 17:36:49,187] {processor.py:654} INFO - DAG(s) dict_keys(['tutorial_taskflow_api_etl']) retrieved from /home/airflow/.local/lib/python3.6/site-packages/airflow/example_dags/tutorial_taskflow_api_etl.py
[2025-05-31 17:36:49,840] {logging_mixin.py:109} INFO - [2025-05-31 17:36:49,840] {dag.py:2396} INFO - Sync 1 DAGs
[2025-05-31 17:36:49,875] {logging_mixin.py:109} INFO - [2025-05-31 17:36:49,875] {dag.py:2935} INFO - Setting next_dagrun for tutorial_taskflow_api_etl to None
[2025-05-31 17:36:49,898] {processor.py:171} INFO - Processing /home/airflow/.local/lib/python3.6/site-packages/airflow/example_dags/tutorial_taskflow_api_etl.py took 0.789 seconds
[2025-05-31 17:37:20,604] {processor.py:163} INFO - Started process (PID=2518) to work on /home/airflow/.local/lib/python3.6/site-packages/airflow/example_dags/tutorial_taskflow_api_etl.py
[2025-05-31 17:37:20,607] {processor.py:642} INFO - Processing file /home/airflow/.local/lib/python3.6/site-packages/airflow/example_dags/tutorial_taskflow_api_etl.py for tasks to queue
[2025-05-31 17:37:20,609] {logging_mixin.py:109} INFO - [2025-05-31 17:37:20,609] {dagbag.py:500} INFO - Filling up the DagBag from /home/airflow/.local/lib/python3.6/site-packages/airflow/example_dags/tutorial_taskflow_api_etl.py
[2025-05-31 17:37:20,698] {processor.py:654} INFO - DAG(s) dict_keys(['tutorial_taskflow_api_etl']) retrieved from /home/airflow/.local/lib/python3.6/site-packages/airflow/example_dags/tutorial_taskflow_api_etl.py
[2025-05-31 17:37:21,662] {logging_mixin.py:109} INFO - [2025-05-31 17:37:21,662] {dag.py:2396} INFO - Sync 1 DAGs
[2025-05-31 17:37:21,698] {logging_mixin.py:109} INFO - [2025-05-31 17:37:21,697] {dag.py:2935} INFO - Setting next_dagrun for tutorial_taskflow_api_etl to None
[2025-05-31 17:37:21,719] {processor.py:171} INFO - Processing /home/airflow/.local/lib/python3.6/site-packages/airflow/example_dags/tutorial_taskflow_api_etl.py took 1.123 seconds
[2025-05-31 17:37:52,306] {processor.py:163} INFO - Started process (PID=2711) to work on /home/airflow/.local/lib/python3.6/site-packages/airflow/example_dags/tutorial_taskflow_api_etl.py
[2025-05-31 17:37:52,309] {processor.py:642} INFO - Processing file /home/airflow/.local/lib/python3.6/site-packages/airflow/example_dags/tutorial_taskflow_api_etl.py for tasks to queue
[2025-05-31 17:37:52,311] {logging_mixin.py:109} INFO - [2025-05-31 17:37:52,311] {dagbag.py:500} INFO - Filling up the DagBag from /home/airflow/.local/lib/python3.6/site-packages/airflow/example_dags/tutorial_taskflow_api_etl.py
[2025-05-31 17:37:52,395] {processor.py:654} INFO - DAG(s) dict_keys(['tutorial_taskflow_api_etl']) retrieved from /home/airflow/.local/lib/python3.6/site-packages/airflow/example_dags/tutorial_taskflow_api_etl.py
[2025-05-31 17:37:53,333] {logging_mixin.py:109} INFO - [2025-05-31 17:37:53,332] {dag.py:2396} INFO - Sync 1 DAGs
[2025-05-31 17:37:53,381] {logging_mixin.py:109} INFO - [2025-05-31 17:37:53,380] {dag.py:2935} INFO - Setting next_dagrun for tutorial_taskflow_api_etl to None
[2025-05-31 17:37:53,421] {processor.py:171} INFO - Processing /home/airflow/.local/lib/python3.6/site-packages/airflow/example_dags/tutorial_taskflow_api_etl.py took 1.123 seconds
[2025-05-31 17:38:23,638] {processor.py:163} INFO - Started process (PID=2914) to work on /home/airflow/.local/lib/python3.6/site-packages/airflow/example_dags/tutorial_taskflow_api_etl.py
[2025-05-31 17:38:23,640] {processor.py:642} INFO - Processing file /home/airflow/.local/lib/python3.6/site-packages/airflow/example_dags/tutorial_taskflow_api_etl.py for tasks to queue
[2025-05-31 17:38:23,642] {logging_mixin.py:109} INFO - [2025-05-31 17:38:23,641] {dagbag.py:500} INFO - Filling up the DagBag from /home/airflow/.local/lib/python3.6/site-packages/airflow/example_dags/tutorial_taskflow_api_etl.py
[2025-05-31 17:38:23,713] {processor.py:654} INFO - DAG(s) dict_keys(['tutorial_taskflow_api_etl']) retrieved from /home/airflow/.local/lib/python3.6/site-packages/airflow/example_dags/tutorial_taskflow_api_etl.py
[2025-05-31 17:38:24,350] {logging_mixin.py:109} INFO - [2025-05-31 17:38:24,350] {dag.py:2396} INFO - Sync 1 DAGs
[2025-05-31 17:38:24,384] {logging_mixin.py:109} INFO - [2025-05-31 17:38:24,384] {dag.py:2935} INFO - Setting next_dagrun for tutorial_taskflow_api_etl to None
[2025-05-31 17:38:24,410] {processor.py:171} INFO - Processing /home/airflow/.local/lib/python3.6/site-packages/airflow/example_dags/tutorial_taskflow_api_etl.py took 0.779 seconds
[2025-05-31 17:38:54,866] {processor.py:163} INFO - Started process (PID=3107) to work on /home/airflow/.local/lib/python3.6/site-packages/airflow/example_dags/tutorial_taskflow_api_etl.py
[2025-05-31 17:38:54,869] {processor.py:642} INFO - Processing file /home/airflow/.local/lib/python3.6/site-packages/airflow/example_dags/tutorial_taskflow_api_etl.py for tasks to queue
[2025-05-31 17:38:54,871] {logging_mixin.py:109} INFO - [2025-05-31 17:38:54,870] {dagbag.py:500} INFO - Filling up the DagBag from /home/airflow/.local/lib/python3.6/site-packages/airflow/example_dags/tutorial_taskflow_api_etl.py
[2025-05-31 17:38:54,932] {processor.py:654} INFO - DAG(s) dict_keys(['tutorial_taskflow_api_etl']) retrieved from /home/airflow/.local/lib/python3.6/site-packages/airflow/example_dags/tutorial_taskflow_api_etl.py
[2025-05-31 17:38:55,521] {logging_mixin.py:109} INFO - [2025-05-31 17:38:55,521] {dag.py:2396} INFO - Sync 1 DAGs
[2025-05-31 17:38:55,555] {logging_mixin.py:109} INFO - [2025-05-31 17:38:55,555] {dag.py:2935} INFO - Setting next_dagrun for tutorial_taskflow_api_etl to None
[2025-05-31 17:38:55,579] {processor.py:171} INFO - Processing /home/airflow/.local/lib/python3.6/site-packages/airflow/example_dags/tutorial_taskflow_api_etl.py took 0.719 seconds
[2025-05-31 17:39:25,959] {processor.py:163} INFO - Started process (PID=3325) to work on /home/airflow/.local/lib/python3.6/site-packages/airflow/example_dags/tutorial_taskflow_api_etl.py
[2025-05-31 17:39:25,963] {processor.py:642} INFO - Processing file /home/airflow/.local/lib/python3.6/site-packages/airflow/example_dags/tutorial_taskflow_api_etl.py for tasks to queue
[2025-05-31 17:39:25,969] {logging_mixin.py:109} INFO - [2025-05-31 17:39:25,969] {dagbag.py:500} INFO - Filling up the DagBag from /home/airflow/.local/lib/python3.6/site-packages/airflow/example_dags/tutorial_taskflow_api_etl.py
[2025-05-31 17:39:26,174] {processor.py:654} INFO - DAG(s) dict_keys(['tutorial_taskflow_api_etl']) retrieved from /home/airflow/.local/lib/python3.6/site-packages/airflow/example_dags/tutorial_taskflow_api_etl.py
[2025-05-31 17:39:27,175] {logging_mixin.py:109} INFO - [2025-05-31 17:39:27,174] {dag.py:2396} INFO - Sync 1 DAGs
[2025-05-31 17:39:27,207] {logging_mixin.py:109} INFO - [2025-05-31 17:39:27,207] {dag.py:2935} INFO - Setting next_dagrun for tutorial_taskflow_api_etl to None
[2025-05-31 17:39:27,227] {processor.py:171} INFO - Processing /home/airflow/.local/lib/python3.6/site-packages/airflow/example_dags/tutorial_taskflow_api_etl.py took 1.291 seconds
[2025-05-31 17:39:57,328] {processor.py:163} INFO - Started process (PID=3518) to work on /home/airflow/.local/lib/python3.6/site-packages/airflow/example_dags/tutorial_taskflow_api_etl.py
[2025-05-31 17:39:57,335] {processor.py:642} INFO - Processing file /home/airflow/.local/lib/python3.6/site-packages/airflow/example_dags/tutorial_taskflow_api_etl.py for tasks to queue
[2025-05-31 17:39:57,338] {logging_mixin.py:109} INFO - [2025-05-31 17:39:57,338] {dagbag.py:500} INFO - Filling up the DagBag from /home/airflow/.local/lib/python3.6/site-packages/airflow/example_dags/tutorial_taskflow_api_etl.py
[2025-05-31 17:39:57,495] {processor.py:654} INFO - DAG(s) dict_keys(['tutorial_taskflow_api_etl']) retrieved from /home/airflow/.local/lib/python3.6/site-packages/airflow/example_dags/tutorial_taskflow_api_etl.py
[2025-05-31 17:39:58,231] {logging_mixin.py:109} INFO - [2025-05-31 17:39:58,231] {dag.py:2396} INFO - Sync 1 DAGs
[2025-05-31 17:39:58,262] {logging_mixin.py:109} INFO - [2025-05-31 17:39:58,261] {dag.py:2935} INFO - Setting next_dagrun for tutorial_taskflow_api_etl to None
[2025-05-31 17:39:58,285] {processor.py:171} INFO - Processing /home/airflow/.local/lib/python3.6/site-packages/airflow/example_dags/tutorial_taskflow_api_etl.py took 0.964 seconds
[2025-05-31 17:40:29,164] {processor.py:163} INFO - Started process (PID=3712) to work on /home/airflow/.local/lib/python3.6/site-packages/airflow/example_dags/tutorial_taskflow_api_etl.py
[2025-05-31 17:40:29,167] {processor.py:642} INFO - Processing file /home/airflow/.local/lib/python3.6/site-packages/airflow/example_dags/tutorial_taskflow_api_etl.py for tasks to queue
[2025-05-31 17:40:29,169] {logging_mixin.py:109} INFO - [2025-05-31 17:40:29,169] {dagbag.py:500} INFO - Filling up the DagBag from /home/airflow/.local/lib/python3.6/site-packages/airflow/example_dags/tutorial_taskflow_api_etl.py
[2025-05-31 17:40:29,244] {processor.py:654} INFO - DAG(s) dict_keys(['tutorial_taskflow_api_etl']) retrieved from /home/airflow/.local/lib/python3.6/site-packages/airflow/example_dags/tutorial_taskflow_api_etl.py
[2025-05-31 17:40:29,785] {logging_mixin.py:109} INFO - [2025-05-31 17:40:29,784] {dag.py:2396} INFO - Sync 1 DAGs
[2025-05-31 17:40:29,816] {logging_mixin.py:109} INFO - [2025-05-31 17:40:29,815] {dag.py:2935} INFO - Setting next_dagrun for tutorial_taskflow_api_etl to None
[2025-05-31 17:40:29,846] {processor.py:171} INFO - Processing /home/airflow/.local/lib/python3.6/site-packages/airflow/example_dags/tutorial_taskflow_api_etl.py took 0.691 seconds
[2025-05-31 17:41:00,191] {processor.py:163} INFO - Started process (PID=3906) to work on /home/airflow/.local/lib/python3.6/site-packages/airflow/example_dags/tutorial_taskflow_api_etl.py
[2025-05-31 17:41:00,195] {processor.py:642} INFO - Processing file /home/airflow/.local/lib/python3.6/site-packages/airflow/example_dags/tutorial_taskflow_api_etl.py for tasks to queue
[2025-05-31 17:41:00,197] {logging_mixin.py:109} INFO - [2025-05-31 17:41:00,197] {dagbag.py:500} INFO - Filling up the DagBag from /home/airflow/.local/lib/python3.6/site-packages/airflow/example_dags/tutorial_taskflow_api_etl.py
[2025-05-31 17:41:00,360] {processor.py:654} INFO - DAG(s) dict_keys(['tutorial_taskflow_api_etl']) retrieved from /home/airflow/.local/lib/python3.6/site-packages/airflow/example_dags/tutorial_taskflow_api_etl.py
[2025-05-31 17:41:01,234] {logging_mixin.py:109} INFO - [2025-05-31 17:41:01,234] {dag.py:2396} INFO - Sync 1 DAGs
[2025-05-31 17:41:01,285] {logging_mixin.py:109} INFO - [2025-05-31 17:41:01,285] {dag.py:2935} INFO - Setting next_dagrun for tutorial_taskflow_api_etl to None
[2025-05-31 17:41:01,310] {processor.py:171} INFO - Processing /home/airflow/.local/lib/python3.6/site-packages/airflow/example_dags/tutorial_taskflow_api_etl.py took 1.128 seconds
[2025-05-31 17:41:32,018] {processor.py:163} INFO - Started process (PID=4099) to work on /home/airflow/.local/lib/python3.6/site-packages/airflow/example_dags/tutorial_taskflow_api_etl.py
[2025-05-31 17:41:32,022] {processor.py:642} INFO - Processing file /home/airflow/.local/lib/python3.6/site-packages/airflow/example_dags/tutorial_taskflow_api_etl.py for tasks to queue
[2025-05-31 17:41:32,025] {logging_mixin.py:109} INFO - [2025-05-31 17:41:32,024] {dagbag.py:500} INFO - Filling up the DagBag from /home/airflow/.local/lib/python3.6/site-packages/airflow/example_dags/tutorial_taskflow_api_etl.py
[2025-05-31 17:41:32,108] {processor.py:654} INFO - DAG(s) dict_keys(['tutorial_taskflow_api_etl']) retrieved from /home/airflow/.local/lib/python3.6/site-packages/airflow/example_dags/tutorial_taskflow_api_etl.py
[2025-05-31 17:41:32,907] {logging_mixin.py:109} INFO - [2025-05-31 17:41:32,907] {dag.py:2396} INFO - Sync 1 DAGs
[2025-05-31 17:41:32,940] {logging_mixin.py:109} INFO - [2025-05-31 17:41:32,940] {dag.py:2935} INFO - Setting next_dagrun for tutorial_taskflow_api_etl to None
[2025-05-31 17:41:32,971] {processor.py:171} INFO - Processing /home/airflow/.local/lib/python3.6/site-packages/airflow/example_dags/tutorial_taskflow_api_etl.py took 0.961 seconds
[2025-05-31 17:42:04,943] {processor.py:163} INFO - Started process (PID=4292) to work on /home/airflow/.local/lib/python3.6/site-packages/airflow/example_dags/tutorial_taskflow_api_etl.py
[2025-05-31 17:42:04,946] {processor.py:642} INFO - Processing file /home/airflow/.local/lib/python3.6/site-packages/airflow/example_dags/tutorial_taskflow_api_etl.py for tasks to queue
[2025-05-31 17:42:04,948] {logging_mixin.py:109} INFO - [2025-05-31 17:42:04,948] {dagbag.py:500} INFO - Filling up the DagBag from /home/airflow/.local/lib/python3.6/site-packages/airflow/example_dags/tutorial_taskflow_api_etl.py
[2025-05-31 17:42:05,058] {processor.py:654} INFO - DAG(s) dict_keys(['tutorial_taskflow_api_etl']) retrieved from /home/airflow/.local/lib/python3.6/site-packages/airflow/example_dags/tutorial_taskflow_api_etl.py
[2025-05-31 17:42:05,883] {logging_mixin.py:109} INFO - [2025-05-31 17:42:05,883] {dag.py:2396} INFO - Sync 1 DAGs
[2025-05-31 17:42:05,913] {logging_mixin.py:109} INFO - [2025-05-31 17:42:05,913] {dag.py:2935} INFO - Setting next_dagrun for tutorial_taskflow_api_etl to None
[2025-05-31 17:42:05,944] {processor.py:171} INFO - Processing /home/airflow/.local/lib/python3.6/site-packages/airflow/example_dags/tutorial_taskflow_api_etl.py took 1.008 seconds
[2025-05-31 17:42:37,026] {processor.py:163} INFO - Started process (PID=4489) to work on /home/airflow/.local/lib/python3.6/site-packages/airflow/example_dags/tutorial_taskflow_api_etl.py
[2025-05-31 17:42:37,028] {processor.py:642} INFO - Processing file /home/airflow/.local/lib/python3.6/site-packages/airflow/example_dags/tutorial_taskflow_api_etl.py for tasks to queue
[2025-05-31 17:42:37,030] {logging_mixin.py:109} INFO - [2025-05-31 17:42:37,030] {dagbag.py:500} INFO - Filling up the DagBag from /home/airflow/.local/lib/python3.6/site-packages/airflow/example_dags/tutorial_taskflow_api_etl.py
[2025-05-31 17:42:37,103] {processor.py:654} INFO - DAG(s) dict_keys(['tutorial_taskflow_api_etl']) retrieved from /home/airflow/.local/lib/python3.6/site-packages/airflow/example_dags/tutorial_taskflow_api_etl.py
[2025-05-31 17:42:37,780] {logging_mixin.py:109} INFO - [2025-05-31 17:42:37,779] {dag.py:2396} INFO - Sync 1 DAGs
[2025-05-31 17:42:37,815] {logging_mixin.py:109} INFO - [2025-05-31 17:42:37,815] {dag.py:2935} INFO - Setting next_dagrun for tutorial_taskflow_api_etl to None
[2025-05-31 17:42:37,848] {processor.py:171} INFO - Processing /home/airflow/.local/lib/python3.6/site-packages/airflow/example_dags/tutorial_taskflow_api_etl.py took 0.828 seconds
[2025-05-31 17:43:08,074] {processor.py:163} INFO - Started process (PID=4671) to work on /home/airflow/.local/lib/python3.6/site-packages/airflow/example_dags/tutorial_taskflow_api_etl.py
[2025-05-31 17:43:08,078] {processor.py:642} INFO - Processing file /home/airflow/.local/lib/python3.6/site-packages/airflow/example_dags/tutorial_taskflow_api_etl.py for tasks to queue
[2025-05-31 17:43:08,080] {logging_mixin.py:109} INFO - [2025-05-31 17:43:08,080] {dagbag.py:500} INFO - Filling up the DagBag from /home/airflow/.local/lib/python3.6/site-packages/airflow/example_dags/tutorial_taskflow_api_etl.py
[2025-05-31 17:43:08,158] {processor.py:654} INFO - DAG(s) dict_keys(['tutorial_taskflow_api_etl']) retrieved from /home/airflow/.local/lib/python3.6/site-packages/airflow/example_dags/tutorial_taskflow_api_etl.py
[2025-05-31 17:43:08,934] {logging_mixin.py:109} INFO - [2025-05-31 17:43:08,934] {dag.py:2396} INFO - Sync 1 DAGs
[2025-05-31 17:43:08,978] {logging_mixin.py:109} INFO - [2025-05-31 17:43:08,978] {dag.py:2935} INFO - Setting next_dagrun for tutorial_taskflow_api_etl to None
[2025-05-31 17:43:09,015] {processor.py:171} INFO - Processing /home/airflow/.local/lib/python3.6/site-packages/airflow/example_dags/tutorial_taskflow_api_etl.py took 0.948 seconds
[2025-05-31 17:43:38,952] {processor.py:163} INFO - Started process (PID=4864) to work on /home/airflow/.local/lib/python3.6/site-packages/airflow/example_dags/tutorial_taskflow_api_etl.py
[2025-05-31 17:43:38,955] {processor.py:642} INFO - Processing file /home/airflow/.local/lib/python3.6/site-packages/airflow/example_dags/tutorial_taskflow_api_etl.py for tasks to queue
[2025-05-31 17:43:38,957] {logging_mixin.py:109} INFO - [2025-05-31 17:43:38,957] {dagbag.py:500} INFO - Filling up the DagBag from /home/airflow/.local/lib/python3.6/site-packages/airflow/example_dags/tutorial_taskflow_api_etl.py
[2025-05-31 17:43:39,032] {processor.py:654} INFO - DAG(s) dict_keys(['tutorial_taskflow_api_etl']) retrieved from /home/airflow/.local/lib/python3.6/site-packages/airflow/example_dags/tutorial_taskflow_api_etl.py
[2025-05-31 17:43:39,617] {logging_mixin.py:109} INFO - [2025-05-31 17:43:39,617] {dag.py:2396} INFO - Sync 1 DAGs
[2025-05-31 17:43:39,652] {logging_mixin.py:109} INFO - [2025-05-31 17:43:39,652] {dag.py:2935} INFO - Setting next_dagrun for tutorial_taskflow_api_etl to None
[2025-05-31 17:43:39,678] {processor.py:171} INFO - Processing /home/airflow/.local/lib/python3.6/site-packages/airflow/example_dags/tutorial_taskflow_api_etl.py took 0.732 seconds
[2025-05-31 17:44:10,611] {processor.py:163} INFO - Started process (PID=5056) to work on /home/airflow/.local/lib/python3.6/site-packages/airflow/example_dags/tutorial_taskflow_api_etl.py
[2025-05-31 17:44:10,620] {processor.py:642} INFO - Processing file /home/airflow/.local/lib/python3.6/site-packages/airflow/example_dags/tutorial_taskflow_api_etl.py for tasks to queue
[2025-05-31 17:44:10,627] {logging_mixin.py:109} INFO - [2025-05-31 17:44:10,625] {dagbag.py:500} INFO - Filling up the DagBag from /home/airflow/.local/lib/python3.6/site-packages/airflow/example_dags/tutorial_taskflow_api_etl.py
[2025-05-31 17:44:10,756] {processor.py:654} INFO - DAG(s) dict_keys(['tutorial_taskflow_api_etl']) retrieved from /home/airflow/.local/lib/python3.6/site-packages/airflow/example_dags/tutorial_taskflow_api_etl.py
[2025-05-31 17:44:11,807] {logging_mixin.py:109} INFO - [2025-05-31 17:44:11,807] {dag.py:2396} INFO - Sync 1 DAGs
[2025-05-31 17:44:11,839] {logging_mixin.py:109} INFO - [2025-05-31 17:44:11,839] {dag.py:2935} INFO - Setting next_dagrun for tutorial_taskflow_api_etl to None
[2025-05-31 17:44:11,871] {processor.py:171} INFO - Processing /home/airflow/.local/lib/python3.6/site-packages/airflow/example_dags/tutorial_taskflow_api_etl.py took 1.281 seconds
[2025-05-31 17:44:42,009] {processor.py:163} INFO - Started process (PID=5250) to work on /home/airflow/.local/lib/python3.6/site-packages/airflow/example_dags/tutorial_taskflow_api_etl.py
[2025-05-31 17:44:42,011] {processor.py:642} INFO - Processing file /home/airflow/.local/lib/python3.6/site-packages/airflow/example_dags/tutorial_taskflow_api_etl.py for tasks to queue
[2025-05-31 17:44:42,013] {logging_mixin.py:109} INFO - [2025-05-31 17:44:42,013] {dagbag.py:500} INFO - Filling up the DagBag from /home/airflow/.local/lib/python3.6/site-packages/airflow/example_dags/tutorial_taskflow_api_etl.py
[2025-05-31 17:44:42,066] {processor.py:654} INFO - DAG(s) dict_keys(['tutorial_taskflow_api_etl']) retrieved from /home/airflow/.local/lib/python3.6/site-packages/airflow/example_dags/tutorial_taskflow_api_etl.py
[2025-05-31 17:44:42,745] {logging_mixin.py:109} INFO - [2025-05-31 17:44:42,744] {dag.py:2396} INFO - Sync 1 DAGs
[2025-05-31 17:44:42,768] {logging_mixin.py:109} INFO - [2025-05-31 17:44:42,768] {dag.py:2935} INFO - Setting next_dagrun for tutorial_taskflow_api_etl to None
[2025-05-31 17:44:42,787] {processor.py:171} INFO - Processing /home/airflow/.local/lib/python3.6/site-packages/airflow/example_dags/tutorial_taskflow_api_etl.py took 0.783 seconds
[2025-05-31 17:45:12,949] {processor.py:163} INFO - Started process (PID=5437) to work on /home/airflow/.local/lib/python3.6/site-packages/airflow/example_dags/tutorial_taskflow_api_etl.py
[2025-05-31 17:45:12,952] {processor.py:642} INFO - Processing file /home/airflow/.local/lib/python3.6/site-packages/airflow/example_dags/tutorial_taskflow_api_etl.py for tasks to queue
[2025-05-31 17:45:12,953] {logging_mixin.py:109} INFO - [2025-05-31 17:45:12,953] {dagbag.py:500} INFO - Filling up the DagBag from /home/airflow/.local/lib/python3.6/site-packages/airflow/example_dags/tutorial_taskflow_api_etl.py
[2025-05-31 17:45:13,023] {processor.py:654} INFO - DAG(s) dict_keys(['tutorial_taskflow_api_etl']) retrieved from /home/airflow/.local/lib/python3.6/site-packages/airflow/example_dags/tutorial_taskflow_api_etl.py
[2025-05-31 17:45:14,149] {logging_mixin.py:109} INFO - [2025-05-31 17:45:14,149] {dag.py:2396} INFO - Sync 1 DAGs
[2025-05-31 17:45:14,194] {logging_mixin.py:109} INFO - [2025-05-31 17:45:14,194] {dag.py:2935} INFO - Setting next_dagrun for tutorial_taskflow_api_etl to None
[2025-05-31 17:45:14,216] {processor.py:171} INFO - Processing /home/airflow/.local/lib/python3.6/site-packages/airflow/example_dags/tutorial_taskflow_api_etl.py took 1.274 seconds
