[2025-12-06 15:24:09,898] {processor.py:163} INFO - Started process (PID=175) to work on /opt/airflow/dags/gcs_upload_dag.py
[2025-12-06 15:24:09,900] {processor.py:642} INFO - Processing file /opt/airflow/dags/gcs_upload_dag.py for tasks to queue
[2025-12-06 15:24:09,901] {logging_mixin.py:109} INFO - [2025-12-06 15:24:09,901] {dagbag.py:500} INFO - Filling up the DagBag from /opt/airflow/dags/gcs_upload_dag.py
[2025-12-06 15:24:13,250] {processor.py:654} INFO - DAG(s) dict_keys(['data_ingestion_gcs_dag']) retrieved from /opt/airflow/dags/gcs_upload_dag.py
[2025-12-06 15:24:13,268] {logging_mixin.py:109} INFO - [2025-12-06 15:24:13,265] {dag.py:2396} INFO - Sync 1 DAGs
[2025-12-06 15:24:13,310] {processor.py:171} INFO - Processing /opt/airflow/dags/gcs_upload_dag.py took 3.418 seconds
[2025-12-06 15:24:43,451] {processor.py:163} INFO - Started process (PID=232) to work on /opt/airflow/dags/gcs_upload_dag.py
[2025-12-06 15:24:43,453] {processor.py:642} INFO - Processing file /opt/airflow/dags/gcs_upload_dag.py for tasks to queue
[2025-12-06 15:24:43,454] {logging_mixin.py:109} INFO - [2025-12-06 15:24:43,454] {dagbag.py:500} INFO - Filling up the DagBag from /opt/airflow/dags/gcs_upload_dag.py
[2025-12-06 15:24:44,375] {processor.py:654} INFO - DAG(s) dict_keys(['data_ingestion_gcs_dag']) retrieved from /opt/airflow/dags/gcs_upload_dag.py
[2025-12-06 15:24:44,386] {logging_mixin.py:109} INFO - [2025-12-06 15:24:44,385] {dag.py:2396} INFO - Sync 1 DAGs
[2025-12-06 15:24:44,412] {processor.py:171} INFO - Processing /opt/airflow/dags/gcs_upload_dag.py took 0.964 seconds
[2025-12-06 15:25:14,556] {processor.py:163} INFO - Started process (PID=275) to work on /opt/airflow/dags/gcs_upload_dag.py
[2025-12-06 15:25:14,557] {processor.py:642} INFO - Processing file /opt/airflow/dags/gcs_upload_dag.py for tasks to queue
[2025-12-06 15:25:14,559] {logging_mixin.py:109} INFO - [2025-12-06 15:25:14,558] {dagbag.py:500} INFO - Filling up the DagBag from /opt/airflow/dags/gcs_upload_dag.py
[2025-12-06 15:25:15,557] {processor.py:654} INFO - DAG(s) dict_keys(['data_ingestion_gcs_dag']) retrieved from /opt/airflow/dags/gcs_upload_dag.py
[2025-12-06 15:25:15,569] {logging_mixin.py:109} INFO - [2025-12-06 15:25:15,568] {dag.py:2396} INFO - Sync 1 DAGs
[2025-12-06 15:25:15,594] {processor.py:171} INFO - Processing /opt/airflow/dags/gcs_upload_dag.py took 1.044 seconds
[2025-12-06 15:25:45,740] {processor.py:163} INFO - Started process (PID=308) to work on /opt/airflow/dags/gcs_upload_dag.py
[2025-12-06 15:25:45,741] {processor.py:642} INFO - Processing file /opt/airflow/dags/gcs_upload_dag.py for tasks to queue
[2025-12-06 15:25:45,742] {logging_mixin.py:109} INFO - [2025-12-06 15:25:45,742] {dagbag.py:500} INFO - Filling up the DagBag from /opt/airflow/dags/gcs_upload_dag.py
[2025-12-06 15:25:46,681] {processor.py:654} INFO - DAG(s) dict_keys(['data_ingestion_gcs_dag']) retrieved from /opt/airflow/dags/gcs_upload_dag.py
[2025-12-06 15:25:46,692] {logging_mixin.py:109} INFO - [2025-12-06 15:25:46,691] {dag.py:2396} INFO - Sync 1 DAGs
[2025-12-06 15:25:46,718] {processor.py:171} INFO - Processing /opt/airflow/dags/gcs_upload_dag.py took 0.980 seconds
[2025-12-06 15:26:16,893] {processor.py:163} INFO - Started process (PID=341) to work on /opt/airflow/dags/gcs_upload_dag.py
[2025-12-06 15:26:16,894] {processor.py:642} INFO - Processing file /opt/airflow/dags/gcs_upload_dag.py for tasks to queue
[2025-12-06 15:26:16,895] {logging_mixin.py:109} INFO - [2025-12-06 15:26:16,895] {dagbag.py:500} INFO - Filling up the DagBag from /opt/airflow/dags/gcs_upload_dag.py
[2025-12-06 15:26:17,961] {processor.py:654} INFO - DAG(s) dict_keys(['data_ingestion_gcs_dag']) retrieved from /opt/airflow/dags/gcs_upload_dag.py
[2025-12-06 15:26:17,974] {logging_mixin.py:109} INFO - [2025-12-06 15:26:17,972] {dag.py:2396} INFO - Sync 1 DAGs
[2025-12-06 15:26:18,003] {processor.py:171} INFO - Processing /opt/airflow/dags/gcs_upload_dag.py took 1.113 seconds
[2025-12-06 15:26:48,050] {processor.py:163} INFO - Started process (PID=384) to work on /opt/airflow/dags/gcs_upload_dag.py
[2025-12-06 15:26:48,052] {processor.py:642} INFO - Processing file /opt/airflow/dags/gcs_upload_dag.py for tasks to queue
[2025-12-06 15:26:48,053] {logging_mixin.py:109} INFO - [2025-12-06 15:26:48,053] {dagbag.py:500} INFO - Filling up the DagBag from /opt/airflow/dags/gcs_upload_dag.py
[2025-12-06 15:26:49,032] {processor.py:654} INFO - DAG(s) dict_keys(['data_ingestion_gcs_dag']) retrieved from /opt/airflow/dags/gcs_upload_dag.py
[2025-12-06 15:26:49,047] {logging_mixin.py:109} INFO - [2025-12-06 15:26:49,046] {dag.py:2396} INFO - Sync 1 DAGs
[2025-12-06 15:26:49,082] {processor.py:171} INFO - Processing /opt/airflow/dags/gcs_upload_dag.py took 1.037 seconds
[2025-12-06 15:27:19,262] {processor.py:163} INFO - Started process (PID=417) to work on /opt/airflow/dags/gcs_upload_dag.py
[2025-12-06 15:27:19,263] {processor.py:642} INFO - Processing file /opt/airflow/dags/gcs_upload_dag.py for tasks to queue
[2025-12-06 15:27:19,264] {logging_mixin.py:109} INFO - [2025-12-06 15:27:19,264] {dagbag.py:500} INFO - Filling up the DagBag from /opt/airflow/dags/gcs_upload_dag.py
[2025-12-06 15:27:20,048] {processor.py:654} INFO - DAG(s) dict_keys(['data_ingestion_gcs_dag']) retrieved from /opt/airflow/dags/gcs_upload_dag.py
[2025-12-06 15:27:20,059] {logging_mixin.py:109} INFO - [2025-12-06 15:27:20,058] {dag.py:2396} INFO - Sync 1 DAGs
[2025-12-06 15:27:20,080] {processor.py:171} INFO - Processing /opt/airflow/dags/gcs_upload_dag.py took 0.821 seconds
[2025-12-06 15:27:50,276] {processor.py:163} INFO - Started process (PID=460) to work on /opt/airflow/dags/gcs_upload_dag.py
[2025-12-06 15:27:50,278] {processor.py:642} INFO - Processing file /opt/airflow/dags/gcs_upload_dag.py for tasks to queue
[2025-12-06 15:27:50,279] {logging_mixin.py:109} INFO - [2025-12-06 15:27:50,279] {dagbag.py:500} INFO - Filling up the DagBag from /opt/airflow/dags/gcs_upload_dag.py
[2025-12-06 15:27:51,171] {processor.py:654} INFO - DAG(s) dict_keys(['data_ingestion_gcs_dag']) retrieved from /opt/airflow/dags/gcs_upload_dag.py
[2025-12-06 15:27:51,183] {logging_mixin.py:109} INFO - [2025-12-06 15:27:51,182] {dag.py:2396} INFO - Sync 1 DAGs
[2025-12-06 15:27:51,213] {processor.py:171} INFO - Processing /opt/airflow/dags/gcs_upload_dag.py took 0.941 seconds
[2025-12-06 15:28:21,421] {processor.py:163} INFO - Started process (PID=493) to work on /opt/airflow/dags/gcs_upload_dag.py
[2025-12-06 15:28:21,423] {processor.py:642} INFO - Processing file /opt/airflow/dags/gcs_upload_dag.py for tasks to queue
[2025-12-06 15:28:21,424] {logging_mixin.py:109} INFO - [2025-12-06 15:28:21,424] {dagbag.py:500} INFO - Filling up the DagBag from /opt/airflow/dags/gcs_upload_dag.py
[2025-12-06 15:28:22,288] {processor.py:654} INFO - DAG(s) dict_keys(['data_ingestion_gcs_dag']) retrieved from /opt/airflow/dags/gcs_upload_dag.py
[2025-12-06 15:28:22,302] {logging_mixin.py:109} INFO - [2025-12-06 15:28:22,300] {dag.py:2396} INFO - Sync 1 DAGs
[2025-12-06 15:28:22,331] {processor.py:171} INFO - Processing /opt/airflow/dags/gcs_upload_dag.py took 0.913 seconds
[2025-12-06 15:28:52,532] {processor.py:163} INFO - Started process (PID=536) to work on /opt/airflow/dags/gcs_upload_dag.py
[2025-12-06 15:28:52,534] {processor.py:642} INFO - Processing file /opt/airflow/dags/gcs_upload_dag.py for tasks to queue
[2025-12-06 15:28:52,535] {logging_mixin.py:109} INFO - [2025-12-06 15:28:52,535] {dagbag.py:500} INFO - Filling up the DagBag from /opt/airflow/dags/gcs_upload_dag.py
[2025-12-06 15:28:53,312] {processor.py:654} INFO - DAG(s) dict_keys(['data_ingestion_gcs_dag']) retrieved from /opt/airflow/dags/gcs_upload_dag.py
[2025-12-06 15:28:53,321] {logging_mixin.py:109} INFO - [2025-12-06 15:28:53,321] {dag.py:2396} INFO - Sync 1 DAGs
[2025-12-06 15:28:53,345] {processor.py:171} INFO - Processing /opt/airflow/dags/gcs_upload_dag.py took 0.816 seconds
[2025-12-06 15:29:23,536] {processor.py:163} INFO - Started process (PID=588) to work on /opt/airflow/dags/gcs_upload_dag.py
[2025-12-06 15:29:23,537] {processor.py:642} INFO - Processing file /opt/airflow/dags/gcs_upload_dag.py for tasks to queue
[2025-12-06 15:29:23,538] {logging_mixin.py:109} INFO - [2025-12-06 15:29:23,538] {dagbag.py:500} INFO - Filling up the DagBag from /opt/airflow/dags/gcs_upload_dag.py
[2025-12-06 15:29:24,527] {processor.py:654} INFO - DAG(s) dict_keys(['data_ingestion_gcs_dag']) retrieved from /opt/airflow/dags/gcs_upload_dag.py
[2025-12-06 15:29:24,537] {logging_mixin.py:109} INFO - [2025-12-06 15:29:24,537] {dag.py:2396} INFO - Sync 1 DAGs
[2025-12-06 15:29:24,561] {processor.py:171} INFO - Processing /opt/airflow/dags/gcs_upload_dag.py took 1.030 seconds
[2025-12-06 15:29:54,718] {processor.py:163} INFO - Started process (PID=622) to work on /opt/airflow/dags/gcs_upload_dag.py
[2025-12-06 15:29:54,719] {processor.py:642} INFO - Processing file /opt/airflow/dags/gcs_upload_dag.py for tasks to queue
[2025-12-06 15:29:54,720] {logging_mixin.py:109} INFO - [2025-12-06 15:29:54,720] {dagbag.py:500} INFO - Filling up the DagBag from /opt/airflow/dags/gcs_upload_dag.py
[2025-12-06 15:29:55,652] {processor.py:654} INFO - DAG(s) dict_keys(['data_ingestion_gcs_dag']) retrieved from /opt/airflow/dags/gcs_upload_dag.py
[2025-12-06 15:29:55,664] {logging_mixin.py:109} INFO - [2025-12-06 15:29:55,663] {dag.py:2396} INFO - Sync 1 DAGs
[2025-12-06 15:29:55,692] {processor.py:171} INFO - Processing /opt/airflow/dags/gcs_upload_dag.py took 0.977 seconds
[2025-12-06 15:30:25,906] {processor.py:163} INFO - Started process (PID=665) to work on /opt/airflow/dags/gcs_upload_dag.py
[2025-12-06 15:30:25,907] {processor.py:642} INFO - Processing file /opt/airflow/dags/gcs_upload_dag.py for tasks to queue
[2025-12-06 15:30:25,908] {logging_mixin.py:109} INFO - [2025-12-06 15:30:25,908] {dagbag.py:500} INFO - Filling up the DagBag from /opt/airflow/dags/gcs_upload_dag.py
[2025-12-06 15:30:27,051] {processor.py:654} INFO - DAG(s) dict_keys(['data_ingestion_gcs_dag']) retrieved from /opt/airflow/dags/gcs_upload_dag.py
[2025-12-06 15:30:27,067] {logging_mixin.py:109} INFO - [2025-12-06 15:30:27,065] {dag.py:2396} INFO - Sync 1 DAGs
[2025-12-06 15:30:27,109] {processor.py:171} INFO - Processing /opt/airflow/dags/gcs_upload_dag.py took 1.201 seconds
[2025-12-06 15:30:57,263] {processor.py:163} INFO - Started process (PID=698) to work on /opt/airflow/dags/gcs_upload_dag.py
[2025-12-06 15:30:57,265] {processor.py:642} INFO - Processing file /opt/airflow/dags/gcs_upload_dag.py for tasks to queue
[2025-12-06 15:30:57,266] {logging_mixin.py:109} INFO - [2025-12-06 15:30:57,265] {dagbag.py:500} INFO - Filling up the DagBag from /opt/airflow/dags/gcs_upload_dag.py
[2025-12-06 15:30:58,127] {processor.py:654} INFO - DAG(s) dict_keys(['data_ingestion_gcs_dag']) retrieved from /opt/airflow/dags/gcs_upload_dag.py
[2025-12-06 15:30:58,139] {logging_mixin.py:109} INFO - [2025-12-06 15:30:58,138] {dag.py:2396} INFO - Sync 1 DAGs
[2025-12-06 15:30:58,165] {processor.py:171} INFO - Processing /opt/airflow/dags/gcs_upload_dag.py took 0.906 seconds
[2025-12-06 15:31:28,323] {processor.py:163} INFO - Started process (PID=731) to work on /opt/airflow/dags/gcs_upload_dag.py
[2025-12-06 15:31:28,325] {processor.py:642} INFO - Processing file /opt/airflow/dags/gcs_upload_dag.py for tasks to queue
[2025-12-06 15:31:28,326] {logging_mixin.py:109} INFO - [2025-12-06 15:31:28,326] {dagbag.py:500} INFO - Filling up the DagBag from /opt/airflow/dags/gcs_upload_dag.py
[2025-12-06 15:31:29,306] {processor.py:654} INFO - DAG(s) dict_keys(['data_ingestion_gcs_dag']) retrieved from /opt/airflow/dags/gcs_upload_dag.py
[2025-12-06 15:31:29,319] {logging_mixin.py:109} INFO - [2025-12-06 15:31:29,317] {dag.py:2396} INFO - Sync 1 DAGs
[2025-12-06 15:31:29,347] {processor.py:171} INFO - Processing /opt/airflow/dags/gcs_upload_dag.py took 1.028 seconds
[2025-12-06 15:31:59,539] {processor.py:163} INFO - Started process (PID=775) to work on /opt/airflow/dags/gcs_upload_dag.py
[2025-12-06 15:31:59,541] {processor.py:642} INFO - Processing file /opt/airflow/dags/gcs_upload_dag.py for tasks to queue
[2025-12-06 15:31:59,542] {logging_mixin.py:109} INFO - [2025-12-06 15:31:59,542] {dagbag.py:500} INFO - Filling up the DagBag from /opt/airflow/dags/gcs_upload_dag.py
[2025-12-06 15:32:00,578] {processor.py:654} INFO - DAG(s) dict_keys(['data_ingestion_gcs_dag']) retrieved from /opt/airflow/dags/gcs_upload_dag.py
[2025-12-06 15:32:00,594] {logging_mixin.py:109} INFO - [2025-12-06 15:32:00,593] {dag.py:2396} INFO - Sync 1 DAGs
[2025-12-06 15:32:00,622] {processor.py:171} INFO - Processing /opt/airflow/dags/gcs_upload_dag.py took 1.088 seconds
[2025-12-06 15:33:08,038] {processor.py:163} INFO - Started process (PID=165) to work on /opt/airflow/dags/gcs_upload_dag.py
[2025-12-06 15:33:08,039] {processor.py:642} INFO - Processing file /opt/airflow/dags/gcs_upload_dag.py for tasks to queue
[2025-12-06 15:33:08,041] {logging_mixin.py:109} INFO - [2025-12-06 15:33:08,040] {dagbag.py:500} INFO - Filling up the DagBag from /opt/airflow/dags/gcs_upload_dag.py
[2025-12-06 15:33:09,460] {processor.py:654} INFO - DAG(s) dict_keys(['data_ingestion_gcs_dag']) retrieved from /opt/airflow/dags/gcs_upload_dag.py
[2025-12-06 15:33:09,477] {logging_mixin.py:109} INFO - [2025-12-06 15:33:09,476] {dag.py:2396} INFO - Sync 1 DAGs
[2025-12-06 15:33:09,514] {processor.py:171} INFO - Processing /opt/airflow/dags/gcs_upload_dag.py took 1.482 seconds
[2025-12-06 15:33:39,652] {processor.py:163} INFO - Started process (PID=208) to work on /opt/airflow/dags/gcs_upload_dag.py
[2025-12-06 15:33:39,654] {processor.py:642} INFO - Processing file /opt/airflow/dags/gcs_upload_dag.py for tasks to queue
[2025-12-06 15:33:39,654] {logging_mixin.py:109} INFO - [2025-12-06 15:33:39,654] {dagbag.py:500} INFO - Filling up the DagBag from /opt/airflow/dags/gcs_upload_dag.py
[2025-12-06 15:33:40,612] {processor.py:654} INFO - DAG(s) dict_keys(['data_ingestion_gcs_dag']) retrieved from /opt/airflow/dags/gcs_upload_dag.py
[2025-12-06 15:33:40,624] {logging_mixin.py:109} INFO - [2025-12-06 15:33:40,623] {dag.py:2396} INFO - Sync 1 DAGs
[2025-12-06 15:33:40,650] {processor.py:171} INFO - Processing /opt/airflow/dags/gcs_upload_dag.py took 1.001 seconds
[2025-12-06 15:34:10,828] {processor.py:163} INFO - Started process (PID=241) to work on /opt/airflow/dags/gcs_upload_dag.py
[2025-12-06 15:34:10,829] {processor.py:642} INFO - Processing file /opt/airflow/dags/gcs_upload_dag.py for tasks to queue
[2025-12-06 15:34:10,830] {logging_mixin.py:109} INFO - [2025-12-06 15:34:10,830] {dagbag.py:500} INFO - Filling up the DagBag from /opt/airflow/dags/gcs_upload_dag.py
[2025-12-06 15:34:11,670] {processor.py:654} INFO - DAG(s) dict_keys(['data_ingestion_gcs_dag']) retrieved from /opt/airflow/dags/gcs_upload_dag.py
[2025-12-06 15:34:11,682] {logging_mixin.py:109} INFO - [2025-12-06 15:34:11,681] {dag.py:2396} INFO - Sync 1 DAGs
[2025-12-06 15:34:11,706] {processor.py:171} INFO - Processing /opt/airflow/dags/gcs_upload_dag.py took 0.882 seconds
[2025-12-06 15:34:41,879] {processor.py:163} INFO - Started process (PID=294) to work on /opt/airflow/dags/gcs_upload_dag.py
[2025-12-06 15:34:41,881] {processor.py:642} INFO - Processing file /opt/airflow/dags/gcs_upload_dag.py for tasks to queue
[2025-12-06 15:34:41,882] {logging_mixin.py:109} INFO - [2025-12-06 15:34:41,882] {dagbag.py:500} INFO - Filling up the DagBag from /opt/airflow/dags/gcs_upload_dag.py
[2025-12-06 15:34:42,703] {processor.py:654} INFO - DAG(s) dict_keys(['data_ingestion_gcs_dag']) retrieved from /opt/airflow/dags/gcs_upload_dag.py
[2025-12-06 15:34:42,715] {logging_mixin.py:109} INFO - [2025-12-06 15:34:42,713] {dag.py:2396} INFO - Sync 1 DAGs
[2025-12-06 15:34:42,742] {processor.py:171} INFO - Processing /opt/airflow/dags/gcs_upload_dag.py took 0.870 seconds
[2025-12-06 15:35:12,926] {processor.py:163} INFO - Started process (PID=327) to work on /opt/airflow/dags/gcs_upload_dag.py
[2025-12-06 15:35:12,927] {processor.py:642} INFO - Processing file /opt/airflow/dags/gcs_upload_dag.py for tasks to queue
[2025-12-06 15:35:12,928] {logging_mixin.py:109} INFO - [2025-12-06 15:35:12,928] {dagbag.py:500} INFO - Filling up the DagBag from /opt/airflow/dags/gcs_upload_dag.py
[2025-12-06 15:35:13,755] {processor.py:654} INFO - DAG(s) dict_keys(['data_ingestion_gcs_dag']) retrieved from /opt/airflow/dags/gcs_upload_dag.py
[2025-12-06 15:35:13,765] {logging_mixin.py:109} INFO - [2025-12-06 15:35:13,764] {dag.py:2396} INFO - Sync 1 DAGs
[2025-12-06 15:35:13,788] {processor.py:171} INFO - Processing /opt/airflow/dags/gcs_upload_dag.py took 0.865 seconds
[2025-12-06 15:35:43,951] {processor.py:163} INFO - Started process (PID=370) to work on /opt/airflow/dags/gcs_upload_dag.py
[2025-12-06 15:35:43,952] {processor.py:642} INFO - Processing file /opt/airflow/dags/gcs_upload_dag.py for tasks to queue
[2025-12-06 15:35:43,953] {logging_mixin.py:109} INFO - [2025-12-06 15:35:43,953] {dagbag.py:500} INFO - Filling up the DagBag from /opt/airflow/dags/gcs_upload_dag.py
[2025-12-06 15:35:44,771] {processor.py:654} INFO - DAG(s) dict_keys(['data_ingestion_gcs_dag']) retrieved from /opt/airflow/dags/gcs_upload_dag.py
[2025-12-06 15:35:44,784] {logging_mixin.py:109} INFO - [2025-12-06 15:35:44,783] {dag.py:2396} INFO - Sync 1 DAGs
[2025-12-06 15:35:44,810] {processor.py:171} INFO - Processing /opt/airflow/dags/gcs_upload_dag.py took 0.862 seconds
[2025-12-06 15:36:15,001] {processor.py:163} INFO - Started process (PID=403) to work on /opt/airflow/dags/gcs_upload_dag.py
[2025-12-06 15:36:15,003] {processor.py:642} INFO - Processing file /opt/airflow/dags/gcs_upload_dag.py for tasks to queue
[2025-12-06 15:36:15,003] {logging_mixin.py:109} INFO - [2025-12-06 15:36:15,003] {dagbag.py:500} INFO - Filling up the DagBag from /opt/airflow/dags/gcs_upload_dag.py
[2025-12-06 15:36:15,832] {processor.py:654} INFO - DAG(s) dict_keys(['data_ingestion_gcs_dag']) retrieved from /opt/airflow/dags/gcs_upload_dag.py
[2025-12-06 15:36:15,845] {logging_mixin.py:109} INFO - [2025-12-06 15:36:15,844] {dag.py:2396} INFO - Sync 1 DAGs
[2025-12-06 15:36:15,877] {processor.py:171} INFO - Processing /opt/airflow/dags/gcs_upload_dag.py took 0.879 seconds
[2025-12-06 15:36:46,033] {processor.py:163} INFO - Started process (PID=446) to work on /opt/airflow/dags/gcs_upload_dag.py
[2025-12-06 15:36:46,034] {processor.py:642} INFO - Processing file /opt/airflow/dags/gcs_upload_dag.py for tasks to queue
[2025-12-06 15:36:46,035] {logging_mixin.py:109} INFO - [2025-12-06 15:36:46,035] {dagbag.py:500} INFO - Filling up the DagBag from /opt/airflow/dags/gcs_upload_dag.py
[2025-12-06 15:36:46,929] {processor.py:654} INFO - DAG(s) dict_keys(['data_ingestion_gcs_dag']) retrieved from /opt/airflow/dags/gcs_upload_dag.py
[2025-12-06 15:36:46,942] {logging_mixin.py:109} INFO - [2025-12-06 15:36:46,941] {dag.py:2396} INFO - Sync 1 DAGs
[2025-12-06 15:36:46,973] {processor.py:171} INFO - Processing /opt/airflow/dags/gcs_upload_dag.py took 0.944 seconds
[2025-12-06 15:38:33,603] {processor.py:163} INFO - Started process (PID=176) to work on /opt/airflow/dags/gcs_upload_dag.py
[2025-12-06 15:38:33,605] {processor.py:642} INFO - Processing file /opt/airflow/dags/gcs_upload_dag.py for tasks to queue
[2025-12-06 15:38:33,606] {logging_mixin.py:109} INFO - [2025-12-06 15:38:33,606] {dagbag.py:500} INFO - Filling up the DagBag from /opt/airflow/dags/gcs_upload_dag.py
[2025-12-06 15:38:36,573] {processor.py:654} INFO - DAG(s) dict_keys(['data_ingestion_gcs_dag']) retrieved from /opt/airflow/dags/gcs_upload_dag.py
[2025-12-06 15:38:36,600] {logging_mixin.py:109} INFO - [2025-12-06 15:38:36,594] {dag.py:2396} INFO - Sync 1 DAGs
[2025-12-06 15:38:36,650] {processor.py:171} INFO - Processing /opt/airflow/dags/gcs_upload_dag.py took 3.053 seconds
[2025-12-06 15:39:06,852] {processor.py:163} INFO - Started process (PID=209) to work on /opt/airflow/dags/gcs_upload_dag.py
[2025-12-06 15:39:06,853] {processor.py:642} INFO - Processing file /opt/airflow/dags/gcs_upload_dag.py for tasks to queue
[2025-12-06 15:39:06,854] {logging_mixin.py:109} INFO - [2025-12-06 15:39:06,854] {dagbag.py:500} INFO - Filling up the DagBag from /opt/airflow/dags/gcs_upload_dag.py
[2025-12-06 15:39:07,699] {processor.py:654} INFO - DAG(s) dict_keys(['data_ingestion_gcs_dag']) retrieved from /opt/airflow/dags/gcs_upload_dag.py
[2025-12-06 15:39:07,711] {logging_mixin.py:109} INFO - [2025-12-06 15:39:07,710] {dag.py:2396} INFO - Sync 1 DAGs
[2025-12-06 15:39:07,736] {processor.py:171} INFO - Processing /opt/airflow/dags/gcs_upload_dag.py took 0.887 seconds
[2025-12-06 15:39:37,919] {processor.py:163} INFO - Started process (PID=252) to work on /opt/airflow/dags/gcs_upload_dag.py
[2025-12-06 15:39:37,920] {processor.py:642} INFO - Processing file /opt/airflow/dags/gcs_upload_dag.py for tasks to queue
[2025-12-06 15:39:37,921] {logging_mixin.py:109} INFO - [2025-12-06 15:39:37,921] {dagbag.py:500} INFO - Filling up the DagBag from /opt/airflow/dags/gcs_upload_dag.py
[2025-12-06 15:39:38,991] {processor.py:654} INFO - DAG(s) dict_keys(['data_ingestion_gcs_dag']) retrieved from /opt/airflow/dags/gcs_upload_dag.py
[2025-12-06 15:39:39,004] {logging_mixin.py:109} INFO - [2025-12-06 15:39:39,003] {dag.py:2396} INFO - Sync 1 DAGs
[2025-12-06 15:39:39,035] {processor.py:171} INFO - Processing /opt/airflow/dags/gcs_upload_dag.py took 1.118 seconds
[2025-12-06 15:40:09,201] {processor.py:163} INFO - Started process (PID=295) to work on /opt/airflow/dags/gcs_upload_dag.py
[2025-12-06 15:40:09,203] {processor.py:642} INFO - Processing file /opt/airflow/dags/gcs_upload_dag.py for tasks to queue
[2025-12-06 15:40:09,203] {logging_mixin.py:109} INFO - [2025-12-06 15:40:09,203] {dagbag.py:500} INFO - Filling up the DagBag from /opt/airflow/dags/gcs_upload_dag.py
[2025-12-06 15:40:10,015] {processor.py:654} INFO - DAG(s) dict_keys(['data_ingestion_gcs_dag']) retrieved from /opt/airflow/dags/gcs_upload_dag.py
[2025-12-06 15:40:10,029] {logging_mixin.py:109} INFO - [2025-12-06 15:40:10,028] {dag.py:2396} INFO - Sync 1 DAGs
[2025-12-06 15:40:10,055] {processor.py:171} INFO - Processing /opt/airflow/dags/gcs_upload_dag.py took 0.857 seconds
[2025-12-06 15:40:40,273] {processor.py:163} INFO - Started process (PID=338) to work on /opt/airflow/dags/gcs_upload_dag.py
[2025-12-06 15:40:40,274] {processor.py:642} INFO - Processing file /opt/airflow/dags/gcs_upload_dag.py for tasks to queue
[2025-12-06 15:40:40,275] {logging_mixin.py:109} INFO - [2025-12-06 15:40:40,275] {dagbag.py:500} INFO - Filling up the DagBag from /opt/airflow/dags/gcs_upload_dag.py
[2025-12-06 15:40:41,187] {processor.py:654} INFO - DAG(s) dict_keys(['data_ingestion_gcs_dag']) retrieved from /opt/airflow/dags/gcs_upload_dag.py
[2025-12-06 15:40:41,199] {logging_mixin.py:109} INFO - [2025-12-06 15:40:41,198] {dag.py:2396} INFO - Sync 1 DAGs
[2025-12-06 15:40:41,224] {processor.py:171} INFO - Processing /opt/airflow/dags/gcs_upload_dag.py took 0.954 seconds
[2025-12-06 15:41:11,440] {processor.py:163} INFO - Started process (PID=371) to work on /opt/airflow/dags/gcs_upload_dag.py
[2025-12-06 15:41:11,441] {processor.py:642} INFO - Processing file /opt/airflow/dags/gcs_upload_dag.py for tasks to queue
[2025-12-06 15:41:11,441] {logging_mixin.py:109} INFO - [2025-12-06 15:41:11,441] {dagbag.py:500} INFO - Filling up the DagBag from /opt/airflow/dags/gcs_upload_dag.py
[2025-12-06 15:41:12,233] {processor.py:654} INFO - DAG(s) dict_keys(['data_ingestion_gcs_dag']) retrieved from /opt/airflow/dags/gcs_upload_dag.py
[2025-12-06 15:41:12,244] {logging_mixin.py:109} INFO - [2025-12-06 15:41:12,243] {dag.py:2396} INFO - Sync 1 DAGs
[2025-12-06 15:41:12,267] {processor.py:171} INFO - Processing /opt/airflow/dags/gcs_upload_dag.py took 0.830 seconds
[2025-12-06 15:41:42,447] {processor.py:163} INFO - Started process (PID=414) to work on /opt/airflow/dags/gcs_upload_dag.py
[2025-12-06 15:41:42,449] {processor.py:642} INFO - Processing file /opt/airflow/dags/gcs_upload_dag.py for tasks to queue
[2025-12-06 15:41:42,450] {logging_mixin.py:109} INFO - [2025-12-06 15:41:42,450] {dagbag.py:500} INFO - Filling up the DagBag from /opt/airflow/dags/gcs_upload_dag.py
[2025-12-06 15:41:43,333] {processor.py:654} INFO - DAG(s) dict_keys(['data_ingestion_gcs_dag']) retrieved from /opt/airflow/dags/gcs_upload_dag.py
[2025-12-06 15:41:43,346] {logging_mixin.py:109} INFO - [2025-12-06 15:41:43,345] {dag.py:2396} INFO - Sync 1 DAGs
[2025-12-06 15:41:43,374] {processor.py:171} INFO - Processing /opt/airflow/dags/gcs_upload_dag.py took 0.933 seconds
[2025-12-06 15:42:13,569] {processor.py:163} INFO - Started process (PID=447) to work on /opt/airflow/dags/gcs_upload_dag.py
[2025-12-06 15:42:13,571] {processor.py:642} INFO - Processing file /opt/airflow/dags/gcs_upload_dag.py for tasks to queue
[2025-12-06 15:42:13,571] {logging_mixin.py:109} INFO - [2025-12-06 15:42:13,571] {dagbag.py:500} INFO - Filling up the DagBag from /opt/airflow/dags/gcs_upload_dag.py
[2025-12-06 15:42:14,369] {processor.py:654} INFO - DAG(s) dict_keys(['data_ingestion_gcs_dag']) retrieved from /opt/airflow/dags/gcs_upload_dag.py
[2025-12-06 15:42:14,379] {logging_mixin.py:109} INFO - [2025-12-06 15:42:14,378] {dag.py:2396} INFO - Sync 1 DAGs
[2025-12-06 15:42:14,402] {processor.py:171} INFO - Processing /opt/airflow/dags/gcs_upload_dag.py took 0.836 seconds
[2025-12-06 15:42:44,551] {processor.py:163} INFO - Started process (PID=489) to work on /opt/airflow/dags/gcs_upload_dag.py
[2025-12-06 15:42:44,552] {processor.py:642} INFO - Processing file /opt/airflow/dags/gcs_upload_dag.py for tasks to queue
[2025-12-06 15:42:44,553] {logging_mixin.py:109} INFO - [2025-12-06 15:42:44,553] {dagbag.py:500} INFO - Filling up the DagBag from /opt/airflow/dags/gcs_upload_dag.py
[2025-12-06 15:42:45,468] {processor.py:654} INFO - DAG(s) dict_keys(['data_ingestion_gcs_dag']) retrieved from /opt/airflow/dags/gcs_upload_dag.py
[2025-12-06 15:42:45,484] {logging_mixin.py:109} INFO - [2025-12-06 15:42:45,482] {dag.py:2396} INFO - Sync 1 DAGs
[2025-12-06 15:42:45,525] {processor.py:171} INFO - Processing /opt/airflow/dags/gcs_upload_dag.py took 0.977 seconds
[2025-12-06 15:43:15,733] {processor.py:163} INFO - Started process (PID=523) to work on /opt/airflow/dags/gcs_upload_dag.py
[2025-12-06 15:43:15,734] {processor.py:642} INFO - Processing file /opt/airflow/dags/gcs_upload_dag.py for tasks to queue
[2025-12-06 15:43:15,735] {logging_mixin.py:109} INFO - [2025-12-06 15:43:15,735] {dagbag.py:500} INFO - Filling up the DagBag from /opt/airflow/dags/gcs_upload_dag.py
[2025-12-06 15:43:16,561] {processor.py:654} INFO - DAG(s) dict_keys(['data_ingestion_gcs_dag']) retrieved from /opt/airflow/dags/gcs_upload_dag.py
[2025-12-06 15:43:16,571] {logging_mixin.py:109} INFO - [2025-12-06 15:43:16,570] {dag.py:2396} INFO - Sync 1 DAGs
[2025-12-06 15:43:16,595] {processor.py:171} INFO - Processing /opt/airflow/dags/gcs_upload_dag.py took 0.865 seconds
[2025-12-06 15:43:46,849] {processor.py:163} INFO - Started process (PID=563) to work on /opt/airflow/dags/gcs_upload_dag.py
[2025-12-06 15:43:46,853] {processor.py:642} INFO - Processing file /opt/airflow/dags/gcs_upload_dag.py for tasks to queue
[2025-12-06 15:43:46,859] {logging_mixin.py:109} INFO - [2025-12-06 15:43:46,859] {dagbag.py:500} INFO - Filling up the DagBag from /opt/airflow/dags/gcs_upload_dag.py
[2025-12-06 15:43:48,789] {processor.py:654} INFO - DAG(s) dict_keys(['data_ingestion_gcs_dag']) retrieved from /opt/airflow/dags/gcs_upload_dag.py
[2025-12-06 15:43:48,811] {logging_mixin.py:109} INFO - [2025-12-06 15:43:48,810] {dag.py:2396} INFO - Sync 1 DAGs
[2025-12-06 15:43:48,858] {processor.py:171} INFO - Processing /opt/airflow/dags/gcs_upload_dag.py took 2.018 seconds
[2025-12-06 15:44:19,053] {processor.py:163} INFO - Started process (PID=599) to work on /opt/airflow/dags/gcs_upload_dag.py
[2025-12-06 15:44:19,055] {processor.py:642} INFO - Processing file /opt/airflow/dags/gcs_upload_dag.py for tasks to queue
[2025-12-06 15:44:19,056] {logging_mixin.py:109} INFO - [2025-12-06 15:44:19,056] {dagbag.py:500} INFO - Filling up the DagBag from /opt/airflow/dags/gcs_upload_dag.py
[2025-12-06 15:44:19,929] {processor.py:654} INFO - DAG(s) dict_keys(['data_ingestion_gcs_dag']) retrieved from /opt/airflow/dags/gcs_upload_dag.py
[2025-12-06 15:44:19,942] {logging_mixin.py:109} INFO - [2025-12-06 15:44:19,941] {dag.py:2396} INFO - Sync 1 DAGs
[2025-12-06 15:44:19,973] {processor.py:171} INFO - Processing /opt/airflow/dags/gcs_upload_dag.py took 0.922 seconds
[2025-12-06 15:44:50,132] {processor.py:163} INFO - Started process (PID=642) to work on /opt/airflow/dags/gcs_upload_dag.py
[2025-12-06 15:44:50,134] {processor.py:642} INFO - Processing file /opt/airflow/dags/gcs_upload_dag.py for tasks to queue
[2025-12-06 15:44:50,136] {logging_mixin.py:109} INFO - [2025-12-06 15:44:50,136] {dagbag.py:500} INFO - Filling up the DagBag from /opt/airflow/dags/gcs_upload_dag.py
[2025-12-06 15:44:51,101] {processor.py:654} INFO - DAG(s) dict_keys(['data_ingestion_gcs_dag']) retrieved from /opt/airflow/dags/gcs_upload_dag.py
[2025-12-06 15:44:51,116] {logging_mixin.py:109} INFO - [2025-12-06 15:44:51,114] {dag.py:2396} INFO - Sync 1 DAGs
[2025-12-06 15:44:51,147] {processor.py:171} INFO - Processing /opt/airflow/dags/gcs_upload_dag.py took 1.019 seconds
[2025-12-06 15:45:21,387] {processor.py:163} INFO - Started process (PID=685) to work on /opt/airflow/dags/gcs_upload_dag.py
[2025-12-06 15:45:21,388] {processor.py:642} INFO - Processing file /opt/airflow/dags/gcs_upload_dag.py for tasks to queue
[2025-12-06 15:45:21,389] {logging_mixin.py:109} INFO - [2025-12-06 15:45:21,389] {dagbag.py:500} INFO - Filling up the DagBag from /opt/airflow/dags/gcs_upload_dag.py
[2025-12-06 15:45:22,277] {processor.py:654} INFO - DAG(s) dict_keys(['data_ingestion_gcs_dag']) retrieved from /opt/airflow/dags/gcs_upload_dag.py
[2025-12-06 15:45:22,287] {logging_mixin.py:109} INFO - [2025-12-06 15:45:22,286] {dag.py:2396} INFO - Sync 1 DAGs
[2025-12-06 15:45:22,311] {processor.py:171} INFO - Processing /opt/airflow/dags/gcs_upload_dag.py took 0.927 seconds
[2025-12-06 15:45:52,573] {processor.py:163} INFO - Started process (PID=718) to work on /opt/airflow/dags/gcs_upload_dag.py
[2025-12-06 15:45:52,577] {processor.py:642} INFO - Processing file /opt/airflow/dags/gcs_upload_dag.py for tasks to queue
[2025-12-06 15:45:52,580] {logging_mixin.py:109} INFO - [2025-12-06 15:45:52,579] {dagbag.py:500} INFO - Filling up the DagBag from /opt/airflow/dags/gcs_upload_dag.py
[2025-12-06 15:45:53,938] {processor.py:654} INFO - DAG(s) dict_keys(['data_ingestion_gcs_dag']) retrieved from /opt/airflow/dags/gcs_upload_dag.py
[2025-12-06 15:45:53,956] {logging_mixin.py:109} INFO - [2025-12-06 15:45:53,954] {dag.py:2396} INFO - Sync 1 DAGs
[2025-12-06 15:45:53,995] {processor.py:171} INFO - Processing /opt/airflow/dags/gcs_upload_dag.py took 1.427 seconds
[2025-12-06 15:46:24,174] {processor.py:163} INFO - Started process (PID=761) to work on /opt/airflow/dags/gcs_upload_dag.py
[2025-12-06 15:46:24,176] {processor.py:642} INFO - Processing file /opt/airflow/dags/gcs_upload_dag.py for tasks to queue
[2025-12-06 15:46:24,176] {logging_mixin.py:109} INFO - [2025-12-06 15:46:24,176] {dagbag.py:500} INFO - Filling up the DagBag from /opt/airflow/dags/gcs_upload_dag.py
[2025-12-06 15:46:25,042] {processor.py:654} INFO - DAG(s) dict_keys(['data_ingestion_gcs_dag']) retrieved from /opt/airflow/dags/gcs_upload_dag.py
[2025-12-06 15:46:25,054] {logging_mixin.py:109} INFO - [2025-12-06 15:46:25,053] {dag.py:2396} INFO - Sync 1 DAGs
[2025-12-06 15:46:25,084] {processor.py:171} INFO - Processing /opt/airflow/dags/gcs_upload_dag.py took 0.912 seconds
[2025-12-06 15:46:55,239] {processor.py:163} INFO - Started process (PID=794) to work on /opt/airflow/dags/gcs_upload_dag.py
[2025-12-06 15:46:55,241] {processor.py:642} INFO - Processing file /opt/airflow/dags/gcs_upload_dag.py for tasks to queue
[2025-12-06 15:46:55,242] {logging_mixin.py:109} INFO - [2025-12-06 15:46:55,242] {dagbag.py:500} INFO - Filling up the DagBag from /opt/airflow/dags/gcs_upload_dag.py
[2025-12-06 15:46:56,126] {processor.py:654} INFO - DAG(s) dict_keys(['data_ingestion_gcs_dag']) retrieved from /opt/airflow/dags/gcs_upload_dag.py
[2025-12-06 15:46:56,139] {logging_mixin.py:109} INFO - [2025-12-06 15:46:56,137] {dag.py:2396} INFO - Sync 1 DAGs
[2025-12-06 15:46:56,165] {processor.py:171} INFO - Processing /opt/airflow/dags/gcs_upload_dag.py took 0.929 seconds
[2025-12-06 15:47:26,301] {processor.py:163} INFO - Started process (PID=837) to work on /opt/airflow/dags/gcs_upload_dag.py
[2025-12-06 15:47:26,303] {processor.py:642} INFO - Processing file /opt/airflow/dags/gcs_upload_dag.py for tasks to queue
[2025-12-06 15:47:26,304] {logging_mixin.py:109} INFO - [2025-12-06 15:47:26,304] {dagbag.py:500} INFO - Filling up the DagBag from /opt/airflow/dags/gcs_upload_dag.py
[2025-12-06 15:47:27,164] {processor.py:654} INFO - DAG(s) dict_keys(['data_ingestion_gcs_dag']) retrieved from /opt/airflow/dags/gcs_upload_dag.py
[2025-12-06 15:47:27,178] {logging_mixin.py:109} INFO - [2025-12-06 15:47:27,176] {dag.py:2396} INFO - Sync 1 DAGs
[2025-12-06 15:47:27,212] {processor.py:171} INFO - Processing /opt/airflow/dags/gcs_upload_dag.py took 0.913 seconds
[2025-12-06 15:47:57,364] {processor.py:163} INFO - Started process (PID=870) to work on /opt/airflow/dags/gcs_upload_dag.py
[2025-12-06 15:47:57,366] {processor.py:642} INFO - Processing file /opt/airflow/dags/gcs_upload_dag.py for tasks to queue
[2025-12-06 15:47:57,366] {logging_mixin.py:109} INFO - [2025-12-06 15:47:57,366] {dagbag.py:500} INFO - Filling up the DagBag from /opt/airflow/dags/gcs_upload_dag.py
[2025-12-06 15:47:58,224] {processor.py:654} INFO - DAG(s) dict_keys(['data_ingestion_gcs_dag']) retrieved from /opt/airflow/dags/gcs_upload_dag.py
[2025-12-06 15:47:58,236] {logging_mixin.py:109} INFO - [2025-12-06 15:47:58,235] {dag.py:2396} INFO - Sync 1 DAGs
[2025-12-06 15:47:58,261] {processor.py:171} INFO - Processing /opt/airflow/dags/gcs_upload_dag.py took 0.900 seconds
[2025-12-06 15:48:28,384] {processor.py:163} INFO - Started process (PID=913) to work on /opt/airflow/dags/gcs_upload_dag.py
[2025-12-06 15:48:28,386] {processor.py:642} INFO - Processing file /opt/airflow/dags/gcs_upload_dag.py for tasks to queue
[2025-12-06 15:48:28,388] {logging_mixin.py:109} INFO - [2025-12-06 15:48:28,387] {dagbag.py:500} INFO - Filling up the DagBag from /opt/airflow/dags/gcs_upload_dag.py
[2025-12-06 15:48:29,462] {processor.py:654} INFO - DAG(s) dict_keys(['data_ingestion_gcs_dag']) retrieved from /opt/airflow/dags/gcs_upload_dag.py
[2025-12-06 15:48:29,476] {logging_mixin.py:109} INFO - [2025-12-06 15:48:29,475] {dag.py:2396} INFO - Sync 1 DAGs
[2025-12-06 15:48:29,502] {processor.py:171} INFO - Processing /opt/airflow/dags/gcs_upload_dag.py took 1.123 seconds
[2025-12-06 15:48:59,642] {processor.py:163} INFO - Started process (PID=946) to work on /opt/airflow/dags/gcs_upload_dag.py
[2025-12-06 15:48:59,643] {processor.py:642} INFO - Processing file /opt/airflow/dags/gcs_upload_dag.py for tasks to queue
[2025-12-06 15:48:59,644] {logging_mixin.py:109} INFO - [2025-12-06 15:48:59,644] {dagbag.py:500} INFO - Filling up the DagBag from /opt/airflow/dags/gcs_upload_dag.py
[2025-12-06 15:49:00,460] {processor.py:654} INFO - DAG(s) dict_keys(['data_ingestion_gcs_dag']) retrieved from /opt/airflow/dags/gcs_upload_dag.py
[2025-12-06 15:49:00,471] {logging_mixin.py:109} INFO - [2025-12-06 15:49:00,470] {dag.py:2396} INFO - Sync 1 DAGs
[2025-12-06 15:49:00,497] {processor.py:171} INFO - Processing /opt/airflow/dags/gcs_upload_dag.py took 0.858 seconds
[2025-12-06 15:49:30,670] {processor.py:163} INFO - Started process (PID=999) to work on /opt/airflow/dags/gcs_upload_dag.py
[2025-12-06 15:49:30,671] {processor.py:642} INFO - Processing file /opt/airflow/dags/gcs_upload_dag.py for tasks to queue
[2025-12-06 15:49:30,672] {logging_mixin.py:109} INFO - [2025-12-06 15:49:30,672] {dagbag.py:500} INFO - Filling up the DagBag from /opt/airflow/dags/gcs_upload_dag.py
[2025-12-06 15:49:31,471] {processor.py:654} INFO - DAG(s) dict_keys(['data_ingestion_gcs_dag']) retrieved from /opt/airflow/dags/gcs_upload_dag.py
[2025-12-06 15:49:31,483] {logging_mixin.py:109} INFO - [2025-12-06 15:49:31,482] {dag.py:2396} INFO - Sync 1 DAGs
[2025-12-06 15:49:31,501] {logging_mixin.py:109} INFO - [2025-12-06 15:49:31,501] {dag.py:2935} INFO - Setting next_dagrun for data_ingestion_gcs_dag to 2025-12-05 00:00:00+00:00
[2025-12-06 15:49:31,514] {processor.py:171} INFO - Processing /opt/airflow/dags/gcs_upload_dag.py took 0.847 seconds
[2025-12-06 15:50:01,680] {processor.py:163} INFO - Started process (PID=1055) to work on /opt/airflow/dags/gcs_upload_dag.py
[2025-12-06 15:50:01,681] {processor.py:642} INFO - Processing file /opt/airflow/dags/gcs_upload_dag.py for tasks to queue
[2025-12-06 15:50:01,682] {logging_mixin.py:109} INFO - [2025-12-06 15:50:01,682] {dagbag.py:500} INFO - Filling up the DagBag from /opt/airflow/dags/gcs_upload_dag.py
[2025-12-06 15:50:02,450] {processor.py:654} INFO - DAG(s) dict_keys(['data_ingestion_gcs_dag']) retrieved from /opt/airflow/dags/gcs_upload_dag.py
[2025-12-06 15:50:02,460] {logging_mixin.py:109} INFO - [2025-12-06 15:50:02,459] {dag.py:2396} INFO - Sync 1 DAGs
[2025-12-06 15:50:02,486] {processor.py:171} INFO - Processing /opt/airflow/dags/gcs_upload_dag.py took 0.809 seconds
[2025-12-06 15:50:32,656] {processor.py:163} INFO - Started process (PID=1098) to work on /opt/airflow/dags/gcs_upload_dag.py
[2025-12-06 15:50:32,657] {processor.py:642} INFO - Processing file /opt/airflow/dags/gcs_upload_dag.py for tasks to queue
[2025-12-06 15:50:32,658] {logging_mixin.py:109} INFO - [2025-12-06 15:50:32,658] {dagbag.py:500} INFO - Filling up the DagBag from /opt/airflow/dags/gcs_upload_dag.py
[2025-12-06 15:50:33,450] {processor.py:654} INFO - DAG(s) dict_keys(['data_ingestion_gcs_dag']) retrieved from /opt/airflow/dags/gcs_upload_dag.py
[2025-12-06 15:50:33,460] {logging_mixin.py:109} INFO - [2025-12-06 15:50:33,459] {dag.py:2396} INFO - Sync 1 DAGs
[2025-12-06 15:50:33,485] {processor.py:171} INFO - Processing /opt/airflow/dags/gcs_upload_dag.py took 0.831 seconds
[2025-12-06 15:51:03,664] {processor.py:163} INFO - Started process (PID=1131) to work on /opt/airflow/dags/gcs_upload_dag.py
[2025-12-06 15:51:03,665] {processor.py:642} INFO - Processing file /opt/airflow/dags/gcs_upload_dag.py for tasks to queue
[2025-12-06 15:51:03,666] {logging_mixin.py:109} INFO - [2025-12-06 15:51:03,666] {dagbag.py:500} INFO - Filling up the DagBag from /opt/airflow/dags/gcs_upload_dag.py
[2025-12-06 15:51:04,402] {processor.py:654} INFO - DAG(s) dict_keys(['data_ingestion_gcs_dag']) retrieved from /opt/airflow/dags/gcs_upload_dag.py
[2025-12-06 15:51:04,413] {logging_mixin.py:109} INFO - [2025-12-06 15:51:04,412] {dag.py:2396} INFO - Sync 1 DAGs
[2025-12-06 15:51:04,438] {processor.py:171} INFO - Processing /opt/airflow/dags/gcs_upload_dag.py took 0.777 seconds
[2025-12-06 15:51:34,518] {processor.py:163} INFO - Started process (PID=1174) to work on /opt/airflow/dags/gcs_upload_dag.py
[2025-12-06 15:51:34,520] {processor.py:642} INFO - Processing file /opt/airflow/dags/gcs_upload_dag.py for tasks to queue
[2025-12-06 15:51:34,521] {logging_mixin.py:109} INFO - [2025-12-06 15:51:34,521] {dagbag.py:500} INFO - Filling up the DagBag from /opt/airflow/dags/gcs_upload_dag.py
[2025-12-06 15:51:35,275] {processor.py:654} INFO - DAG(s) dict_keys(['data_ingestion_gcs_dag']) retrieved from /opt/airflow/dags/gcs_upload_dag.py
[2025-12-06 15:51:35,285] {logging_mixin.py:109} INFO - [2025-12-06 15:51:35,284] {dag.py:2396} INFO - Sync 1 DAGs
[2025-12-06 15:51:35,320] {processor.py:171} INFO - Processing /opt/airflow/dags/gcs_upload_dag.py took 0.807 seconds
[2025-12-06 15:52:05,528] {processor.py:163} INFO - Started process (PID=1207) to work on /opt/airflow/dags/gcs_upload_dag.py
[2025-12-06 15:52:05,529] {processor.py:642} INFO - Processing file /opt/airflow/dags/gcs_upload_dag.py for tasks to queue
[2025-12-06 15:52:05,530] {logging_mixin.py:109} INFO - [2025-12-06 15:52:05,530] {dagbag.py:500} INFO - Filling up the DagBag from /opt/airflow/dags/gcs_upload_dag.py
[2025-12-06 15:52:06,371] {processor.py:654} INFO - DAG(s) dict_keys(['data_ingestion_gcs_dag']) retrieved from /opt/airflow/dags/gcs_upload_dag.py
[2025-12-06 15:52:06,383] {logging_mixin.py:109} INFO - [2025-12-06 15:52:06,381] {dag.py:2396} INFO - Sync 1 DAGs
[2025-12-06 15:52:06,410] {processor.py:171} INFO - Processing /opt/airflow/dags/gcs_upload_dag.py took 0.886 seconds
[2025-12-06 15:52:36,581] {processor.py:163} INFO - Started process (PID=1250) to work on /opt/airflow/dags/gcs_upload_dag.py
[2025-12-06 15:52:36,582] {processor.py:642} INFO - Processing file /opt/airflow/dags/gcs_upload_dag.py for tasks to queue
[2025-12-06 15:52:36,583] {logging_mixin.py:109} INFO - [2025-12-06 15:52:36,583] {dagbag.py:500} INFO - Filling up the DagBag from /opt/airflow/dags/gcs_upload_dag.py
[2025-12-06 15:52:37,362] {processor.py:654} INFO - DAG(s) dict_keys(['data_ingestion_gcs_dag']) retrieved from /opt/airflow/dags/gcs_upload_dag.py
[2025-12-06 15:52:37,373] {logging_mixin.py:109} INFO - [2025-12-06 15:52:37,372] {dag.py:2396} INFO - Sync 1 DAGs
[2025-12-06 15:52:37,398] {processor.py:171} INFO - Processing /opt/airflow/dags/gcs_upload_dag.py took 0.820 seconds
[2025-12-06 15:53:07,611] {processor.py:163} INFO - Started process (PID=1283) to work on /opt/airflow/dags/gcs_upload_dag.py
[2025-12-06 15:53:07,613] {processor.py:642} INFO - Processing file /opt/airflow/dags/gcs_upload_dag.py for tasks to queue
[2025-12-06 15:53:07,614] {logging_mixin.py:109} INFO - [2025-12-06 15:53:07,613] {dagbag.py:500} INFO - Filling up the DagBag from /opt/airflow/dags/gcs_upload_dag.py
[2025-12-06 15:53:08,381] {processor.py:654} INFO - DAG(s) dict_keys(['data_ingestion_gcs_dag']) retrieved from /opt/airflow/dags/gcs_upload_dag.py
[2025-12-06 15:53:08,395] {logging_mixin.py:109} INFO - [2025-12-06 15:53:08,393] {dag.py:2396} INFO - Sync 1 DAGs
[2025-12-06 15:53:08,423] {processor.py:171} INFO - Processing /opt/airflow/dags/gcs_upload_dag.py took 0.814 seconds
[2025-12-06 15:53:38,626] {processor.py:163} INFO - Started process (PID=1326) to work on /opt/airflow/dags/gcs_upload_dag.py
[2025-12-06 15:53:38,627] {processor.py:642} INFO - Processing file /opt/airflow/dags/gcs_upload_dag.py for tasks to queue
[2025-12-06 15:53:38,628] {logging_mixin.py:109} INFO - [2025-12-06 15:53:38,628] {dagbag.py:500} INFO - Filling up the DagBag from /opt/airflow/dags/gcs_upload_dag.py
[2025-12-06 15:53:39,378] {processor.py:654} INFO - DAG(s) dict_keys(['data_ingestion_gcs_dag']) retrieved from /opt/airflow/dags/gcs_upload_dag.py
[2025-12-06 15:53:39,388] {logging_mixin.py:109} INFO - [2025-12-06 15:53:39,387] {dag.py:2396} INFO - Sync 1 DAGs
[2025-12-06 15:53:39,414] {processor.py:171} INFO - Processing /opt/airflow/dags/gcs_upload_dag.py took 0.791 seconds
[2025-12-06 15:54:09,606] {processor.py:163} INFO - Started process (PID=1359) to work on /opt/airflow/dags/gcs_upload_dag.py
[2025-12-06 15:54:09,607] {processor.py:642} INFO - Processing file /opt/airflow/dags/gcs_upload_dag.py for tasks to queue
[2025-12-06 15:54:09,608] {logging_mixin.py:109} INFO - [2025-12-06 15:54:09,608] {dagbag.py:500} INFO - Filling up the DagBag from /opt/airflow/dags/gcs_upload_dag.py
[2025-12-06 15:54:10,342] {processor.py:654} INFO - DAG(s) dict_keys(['data_ingestion_gcs_dag']) retrieved from /opt/airflow/dags/gcs_upload_dag.py
[2025-12-06 15:54:10,353] {logging_mixin.py:109} INFO - [2025-12-06 15:54:10,352] {dag.py:2396} INFO - Sync 1 DAGs
[2025-12-06 15:54:10,376] {processor.py:171} INFO - Processing /opt/airflow/dags/gcs_upload_dag.py took 0.773 seconds
[2025-12-06 15:54:40,592] {processor.py:163} INFO - Started process (PID=1412) to work on /opt/airflow/dags/gcs_upload_dag.py
[2025-12-06 15:54:40,593] {processor.py:642} INFO - Processing file /opt/airflow/dags/gcs_upload_dag.py for tasks to queue
[2025-12-06 15:54:40,594] {logging_mixin.py:109} INFO - [2025-12-06 15:54:40,594] {dagbag.py:500} INFO - Filling up the DagBag from /opt/airflow/dags/gcs_upload_dag.py
[2025-12-06 15:54:41,387] {processor.py:654} INFO - DAG(s) dict_keys(['data_ingestion_gcs_dag']) retrieved from /opt/airflow/dags/gcs_upload_dag.py
[2025-12-06 15:54:41,398] {logging_mixin.py:109} INFO - [2025-12-06 15:54:41,397] {dag.py:2396} INFO - Sync 1 DAGs
[2025-12-06 15:54:41,423] {processor.py:171} INFO - Processing /opt/airflow/dags/gcs_upload_dag.py took 0.834 seconds
[2025-12-06 15:55:11,643] {processor.py:163} INFO - Started process (PID=1445) to work on /opt/airflow/dags/gcs_upload_dag.py
[2025-12-06 15:55:11,644] {processor.py:642} INFO - Processing file /opt/airflow/dags/gcs_upload_dag.py for tasks to queue
[2025-12-06 15:55:11,645] {logging_mixin.py:109} INFO - [2025-12-06 15:55:11,645] {dagbag.py:500} INFO - Filling up the DagBag from /opt/airflow/dags/gcs_upload_dag.py
[2025-12-06 15:55:12,377] {processor.py:654} INFO - DAG(s) dict_keys(['data_ingestion_gcs_dag']) retrieved from /opt/airflow/dags/gcs_upload_dag.py
[2025-12-06 15:55:12,388] {logging_mixin.py:109} INFO - [2025-12-06 15:55:12,387] {dag.py:2396} INFO - Sync 1 DAGs
[2025-12-06 15:55:12,414] {processor.py:171} INFO - Processing /opt/airflow/dags/gcs_upload_dag.py took 0.774 seconds
[2025-12-06 15:55:42,577] {processor.py:163} INFO - Started process (PID=1488) to work on /opt/airflow/dags/gcs_upload_dag.py
[2025-12-06 15:55:42,578] {processor.py:642} INFO - Processing file /opt/airflow/dags/gcs_upload_dag.py for tasks to queue
[2025-12-06 15:55:42,579] {logging_mixin.py:109} INFO - [2025-12-06 15:55:42,579] {dagbag.py:500} INFO - Filling up the DagBag from /opt/airflow/dags/gcs_upload_dag.py
[2025-12-06 15:55:43,464] {processor.py:654} INFO - DAG(s) dict_keys(['data_ingestion_gcs_dag']) retrieved from /opt/airflow/dags/gcs_upload_dag.py
[2025-12-06 15:55:43,475] {logging_mixin.py:109} INFO - [2025-12-06 15:55:43,474] {dag.py:2396} INFO - Sync 1 DAGs
[2025-12-06 15:55:43,498] {processor.py:171} INFO - Processing /opt/airflow/dags/gcs_upload_dag.py took 0.924 seconds
[2025-12-06 15:56:13,677] {processor.py:163} INFO - Started process (PID=1521) to work on /opt/airflow/dags/gcs_upload_dag.py
[2025-12-06 15:56:13,678] {processor.py:642} INFO - Processing file /opt/airflow/dags/gcs_upload_dag.py for tasks to queue
[2025-12-06 15:56:13,679] {logging_mixin.py:109} INFO - [2025-12-06 15:56:13,679] {dagbag.py:500} INFO - Filling up the DagBag from /opt/airflow/dags/gcs_upload_dag.py
[2025-12-06 15:56:14,461] {processor.py:654} INFO - DAG(s) dict_keys(['data_ingestion_gcs_dag']) retrieved from /opt/airflow/dags/gcs_upload_dag.py
[2025-12-06 15:56:14,472] {logging_mixin.py:109} INFO - [2025-12-06 15:56:14,471] {dag.py:2396} INFO - Sync 1 DAGs
[2025-12-06 15:56:14,507] {processor.py:171} INFO - Processing /opt/airflow/dags/gcs_upload_dag.py took 0.833 seconds
[2025-12-06 15:56:44,665] {processor.py:163} INFO - Started process (PID=1564) to work on /opt/airflow/dags/gcs_upload_dag.py
[2025-12-06 15:56:44,666] {processor.py:642} INFO - Processing file /opt/airflow/dags/gcs_upload_dag.py for tasks to queue
[2025-12-06 15:56:44,668] {logging_mixin.py:109} INFO - [2025-12-06 15:56:44,668] {dagbag.py:500} INFO - Filling up the DagBag from /opt/airflow/dags/gcs_upload_dag.py
[2025-12-06 15:56:45,650] {processor.py:654} INFO - DAG(s) dict_keys(['data_ingestion_gcs_dag']) retrieved from /opt/airflow/dags/gcs_upload_dag.py
[2025-12-06 15:56:45,663] {logging_mixin.py:109} INFO - [2025-12-06 15:56:45,662] {dag.py:2396} INFO - Sync 1 DAGs
[2025-12-06 15:56:45,692] {processor.py:171} INFO - Processing /opt/airflow/dags/gcs_upload_dag.py took 1.033 seconds
[2025-12-06 15:57:15,833] {processor.py:163} INFO - Started process (PID=1597) to work on /opt/airflow/dags/gcs_upload_dag.py
[2025-12-06 15:57:15,834] {processor.py:642} INFO - Processing file /opt/airflow/dags/gcs_upload_dag.py for tasks to queue
[2025-12-06 15:57:15,835] {logging_mixin.py:109} INFO - [2025-12-06 15:57:15,835] {dagbag.py:500} INFO - Filling up the DagBag from /opt/airflow/dags/gcs_upload_dag.py
[2025-12-06 15:57:16,711] {processor.py:654} INFO - DAG(s) dict_keys(['data_ingestion_gcs_dag']) retrieved from /opt/airflow/dags/gcs_upload_dag.py
[2025-12-06 15:57:16,725] {logging_mixin.py:109} INFO - [2025-12-06 15:57:16,723] {dag.py:2396} INFO - Sync 1 DAGs
[2025-12-06 15:57:16,751] {processor.py:171} INFO - Processing /opt/airflow/dags/gcs_upload_dag.py took 0.922 seconds
[2025-12-06 15:57:46,930] {processor.py:163} INFO - Started process (PID=1640) to work on /opt/airflow/dags/gcs_upload_dag.py
[2025-12-06 15:57:46,932] {processor.py:642} INFO - Processing file /opt/airflow/dags/gcs_upload_dag.py for tasks to queue
[2025-12-06 15:57:46,933] {logging_mixin.py:109} INFO - [2025-12-06 15:57:46,933] {dagbag.py:500} INFO - Filling up the DagBag from /opt/airflow/dags/gcs_upload_dag.py
[2025-12-06 15:57:47,748] {processor.py:654} INFO - DAG(s) dict_keys(['data_ingestion_gcs_dag']) retrieved from /opt/airflow/dags/gcs_upload_dag.py
[2025-12-06 15:57:47,763] {logging_mixin.py:109} INFO - [2025-12-06 15:57:47,761] {dag.py:2396} INFO - Sync 1 DAGs
[2025-12-06 15:57:47,796] {processor.py:171} INFO - Processing /opt/airflow/dags/gcs_upload_dag.py took 0.869 seconds
[2025-12-06 15:58:17,983] {processor.py:163} INFO - Started process (PID=1673) to work on /opt/airflow/dags/gcs_upload_dag.py
[2025-12-06 15:58:17,984] {processor.py:642} INFO - Processing file /opt/airflow/dags/gcs_upload_dag.py for tasks to queue
[2025-12-06 15:58:17,985] {logging_mixin.py:109} INFO - [2025-12-06 15:58:17,985] {dagbag.py:500} INFO - Filling up the DagBag from /opt/airflow/dags/gcs_upload_dag.py
[2025-12-06 15:58:18,849] {processor.py:654} INFO - DAG(s) dict_keys(['data_ingestion_gcs_dag']) retrieved from /opt/airflow/dags/gcs_upload_dag.py
[2025-12-06 15:58:18,860] {logging_mixin.py:109} INFO - [2025-12-06 15:58:18,859] {dag.py:2396} INFO - Sync 1 DAGs
[2025-12-06 15:58:18,888] {processor.py:171} INFO - Processing /opt/airflow/dags/gcs_upload_dag.py took 0.909 seconds
[2025-12-06 15:58:49,076] {processor.py:163} INFO - Started process (PID=1716) to work on /opt/airflow/dags/gcs_upload_dag.py
[2025-12-06 15:58:49,077] {processor.py:642} INFO - Processing file /opt/airflow/dags/gcs_upload_dag.py for tasks to queue
[2025-12-06 15:58:49,079] {logging_mixin.py:109} INFO - [2025-12-06 15:58:49,078] {dagbag.py:500} INFO - Filling up the DagBag from /opt/airflow/dags/gcs_upload_dag.py
[2025-12-06 15:58:49,891] {processor.py:654} INFO - DAG(s) dict_keys(['data_ingestion_gcs_dag']) retrieved from /opt/airflow/dags/gcs_upload_dag.py
[2025-12-06 15:58:49,903] {logging_mixin.py:109} INFO - [2025-12-06 15:58:49,902] {dag.py:2396} INFO - Sync 1 DAGs
[2025-12-06 15:58:49,930] {processor.py:171} INFO - Processing /opt/airflow/dags/gcs_upload_dag.py took 0.857 seconds
[2025-12-06 15:59:20,115] {processor.py:163} INFO - Started process (PID=1749) to work on /opt/airflow/dags/gcs_upload_dag.py
[2025-12-06 15:59:20,117] {processor.py:642} INFO - Processing file /opt/airflow/dags/gcs_upload_dag.py for tasks to queue
[2025-12-06 15:59:20,118] {logging_mixin.py:109} INFO - [2025-12-06 15:59:20,118] {dagbag.py:500} INFO - Filling up the DagBag from /opt/airflow/dags/gcs_upload_dag.py
[2025-12-06 15:59:21,035] {processor.py:654} INFO - DAG(s) dict_keys(['data_ingestion_gcs_dag']) retrieved from /opt/airflow/dags/gcs_upload_dag.py
[2025-12-06 15:59:21,049] {logging_mixin.py:109} INFO - [2025-12-06 15:59:21,048] {dag.py:2396} INFO - Sync 1 DAGs
[2025-12-06 15:59:21,077] {processor.py:171} INFO - Processing /opt/airflow/dags/gcs_upload_dag.py took 0.966 seconds
[2025-12-06 15:59:51,298] {processor.py:163} INFO - Started process (PID=1802) to work on /opt/airflow/dags/gcs_upload_dag.py
[2025-12-06 15:59:51,299] {processor.py:642} INFO - Processing file /opt/airflow/dags/gcs_upload_dag.py for tasks to queue
[2025-12-06 15:59:51,299] {logging_mixin.py:109} INFO - [2025-12-06 15:59:51,299] {dagbag.py:500} INFO - Filling up the DagBag from /opt/airflow/dags/gcs_upload_dag.py
[2025-12-06 15:59:52,111] {processor.py:654} INFO - DAG(s) dict_keys(['data_ingestion_gcs_dag']) retrieved from /opt/airflow/dags/gcs_upload_dag.py
[2025-12-06 15:59:52,124] {logging_mixin.py:109} INFO - [2025-12-06 15:59:52,123] {dag.py:2396} INFO - Sync 1 DAGs
[2025-12-06 15:59:52,150] {processor.py:171} INFO - Processing /opt/airflow/dags/gcs_upload_dag.py took 0.855 seconds
[2025-12-06 16:00:22,335] {processor.py:163} INFO - Started process (PID=1835) to work on /opt/airflow/dags/gcs_upload_dag.py
[2025-12-06 16:00:22,337] {processor.py:642} INFO - Processing file /opt/airflow/dags/gcs_upload_dag.py for tasks to queue
[2025-12-06 16:00:22,338] {logging_mixin.py:109} INFO - [2025-12-06 16:00:22,337] {dagbag.py:500} INFO - Filling up the DagBag from /opt/airflow/dags/gcs_upload_dag.py
[2025-12-06 16:00:23,177] {processor.py:654} INFO - DAG(s) dict_keys(['data_ingestion_gcs_dag']) retrieved from /opt/airflow/dags/gcs_upload_dag.py
[2025-12-06 16:00:23,190] {logging_mixin.py:109} INFO - [2025-12-06 16:00:23,189] {dag.py:2396} INFO - Sync 1 DAGs
[2025-12-06 16:00:23,216] {processor.py:171} INFO - Processing /opt/airflow/dags/gcs_upload_dag.py took 0.885 seconds
[2025-12-06 16:00:53,419] {processor.py:163} INFO - Started process (PID=1878) to work on /opt/airflow/dags/gcs_upload_dag.py
[2025-12-06 16:00:53,421] {processor.py:642} INFO - Processing file /opt/airflow/dags/gcs_upload_dag.py for tasks to queue
[2025-12-06 16:00:53,422] {logging_mixin.py:109} INFO - [2025-12-06 16:00:53,422] {dagbag.py:500} INFO - Filling up the DagBag from /opt/airflow/dags/gcs_upload_dag.py
[2025-12-06 16:00:54,234] {processor.py:654} INFO - DAG(s) dict_keys(['data_ingestion_gcs_dag']) retrieved from /opt/airflow/dags/gcs_upload_dag.py
[2025-12-06 16:00:54,245] {logging_mixin.py:109} INFO - [2025-12-06 16:00:54,244] {dag.py:2396} INFO - Sync 1 DAGs
[2025-12-06 16:00:54,273] {processor.py:171} INFO - Processing /opt/airflow/dags/gcs_upload_dag.py took 0.858 seconds
[2025-12-06 16:01:24,436] {processor.py:163} INFO - Started process (PID=1911) to work on /opt/airflow/dags/gcs_upload_dag.py
[2025-12-06 16:01:24,437] {processor.py:642} INFO - Processing file /opt/airflow/dags/gcs_upload_dag.py for tasks to queue
[2025-12-06 16:01:24,438] {logging_mixin.py:109} INFO - [2025-12-06 16:01:24,438] {dagbag.py:500} INFO - Filling up the DagBag from /opt/airflow/dags/gcs_upload_dag.py
[2025-12-06 16:01:25,256] {processor.py:654} INFO - DAG(s) dict_keys(['data_ingestion_gcs_dag']) retrieved from /opt/airflow/dags/gcs_upload_dag.py
[2025-12-06 16:01:25,267] {logging_mixin.py:109} INFO - [2025-12-06 16:01:25,266] {dag.py:2396} INFO - Sync 1 DAGs
[2025-12-06 16:01:25,296] {processor.py:171} INFO - Processing /opt/airflow/dags/gcs_upload_dag.py took 0.863 seconds
[2025-12-06 16:01:55,467] {processor.py:163} INFO - Started process (PID=1954) to work on /opt/airflow/dags/gcs_upload_dag.py
[2025-12-06 16:01:55,468] {processor.py:642} INFO - Processing file /opt/airflow/dags/gcs_upload_dag.py for tasks to queue
[2025-12-06 16:01:55,469] {logging_mixin.py:109} INFO - [2025-12-06 16:01:55,469] {dagbag.py:500} INFO - Filling up the DagBag from /opt/airflow/dags/gcs_upload_dag.py
[2025-12-06 16:01:56,463] {processor.py:654} INFO - DAG(s) dict_keys(['data_ingestion_gcs_dag']) retrieved from /opt/airflow/dags/gcs_upload_dag.py
[2025-12-06 16:01:56,476] {logging_mixin.py:109} INFO - [2025-12-06 16:01:56,475] {dag.py:2396} INFO - Sync 1 DAGs
[2025-12-06 16:01:56,508] {processor.py:171} INFO - Processing /opt/airflow/dags/gcs_upload_dag.py took 1.044 seconds
[2025-12-06 16:02:26,693] {processor.py:163} INFO - Started process (PID=1988) to work on /opt/airflow/dags/gcs_upload_dag.py
[2025-12-06 16:02:26,695] {processor.py:642} INFO - Processing file /opt/airflow/dags/gcs_upload_dag.py for tasks to queue
[2025-12-06 16:02:26,697] {logging_mixin.py:109} INFO - [2025-12-06 16:02:26,696] {dagbag.py:500} INFO - Filling up the DagBag from /opt/airflow/dags/gcs_upload_dag.py
[2025-12-06 16:02:27,582] {processor.py:654} INFO - DAG(s) dict_keys(['data_ingestion_gcs_dag']) retrieved from /opt/airflow/dags/gcs_upload_dag.py
[2025-12-06 16:02:27,594] {logging_mixin.py:109} INFO - [2025-12-06 16:02:27,593] {dag.py:2396} INFO - Sync 1 DAGs
[2025-12-06 16:02:27,625] {processor.py:171} INFO - Processing /opt/airflow/dags/gcs_upload_dag.py took 0.938 seconds
[2025-12-06 16:02:57,827] {processor.py:163} INFO - Started process (PID=2031) to work on /opt/airflow/dags/gcs_upload_dag.py
[2025-12-06 16:02:57,828] {processor.py:642} INFO - Processing file /opt/airflow/dags/gcs_upload_dag.py for tasks to queue
[2025-12-06 16:02:57,829] {logging_mixin.py:109} INFO - [2025-12-06 16:02:57,829] {dagbag.py:500} INFO - Filling up the DagBag from /opt/airflow/dags/gcs_upload_dag.py
[2025-12-06 16:02:58,652] {processor.py:654} INFO - DAG(s) dict_keys(['data_ingestion_gcs_dag']) retrieved from /opt/airflow/dags/gcs_upload_dag.py
[2025-12-06 16:02:58,664] {logging_mixin.py:109} INFO - [2025-12-06 16:02:58,663] {dag.py:2396} INFO - Sync 1 DAGs
[2025-12-06 16:02:58,693] {processor.py:171} INFO - Processing /opt/airflow/dags/gcs_upload_dag.py took 0.869 seconds
[2025-12-06 16:03:28,874] {processor.py:163} INFO - Started process (PID=2064) to work on /opt/airflow/dags/gcs_upload_dag.py
[2025-12-06 16:03:28,876] {processor.py:642} INFO - Processing file /opt/airflow/dags/gcs_upload_dag.py for tasks to queue
[2025-12-06 16:03:28,877] {logging_mixin.py:109} INFO - [2025-12-06 16:03:28,877] {dagbag.py:500} INFO - Filling up the DagBag from /opt/airflow/dags/gcs_upload_dag.py
[2025-12-06 16:03:29,703] {processor.py:654} INFO - DAG(s) dict_keys(['data_ingestion_gcs_dag']) retrieved from /opt/airflow/dags/gcs_upload_dag.py
[2025-12-06 16:03:29,714] {logging_mixin.py:109} INFO - [2025-12-06 16:03:29,713] {dag.py:2396} INFO - Sync 1 DAGs
[2025-12-06 16:03:29,740] {processor.py:171} INFO - Processing /opt/airflow/dags/gcs_upload_dag.py took 0.868 seconds
[2025-12-06 16:03:59,925] {processor.py:163} INFO - Started process (PID=2107) to work on /opt/airflow/dags/gcs_upload_dag.py
[2025-12-06 16:03:59,927] {processor.py:642} INFO - Processing file /opt/airflow/dags/gcs_upload_dag.py for tasks to queue
[2025-12-06 16:03:59,928] {logging_mixin.py:109} INFO - [2025-12-06 16:03:59,928] {dagbag.py:500} INFO - Filling up the DagBag from /opt/airflow/dags/gcs_upload_dag.py
[2025-12-06 16:04:00,775] {processor.py:654} INFO - DAG(s) dict_keys(['data_ingestion_gcs_dag']) retrieved from /opt/airflow/dags/gcs_upload_dag.py
[2025-12-06 16:04:00,787] {logging_mixin.py:109} INFO - [2025-12-06 16:04:00,786] {dag.py:2396} INFO - Sync 1 DAGs
[2025-12-06 16:04:00,818] {processor.py:171} INFO - Processing /opt/airflow/dags/gcs_upload_dag.py took 0.897 seconds
[2025-12-06 16:04:31,006] {processor.py:163} INFO - Started process (PID=2140) to work on /opt/airflow/dags/gcs_upload_dag.py
[2025-12-06 16:04:31,008] {processor.py:642} INFO - Processing file /opt/airflow/dags/gcs_upload_dag.py for tasks to queue
[2025-12-06 16:04:31,010] {logging_mixin.py:109} INFO - [2025-12-06 16:04:31,010] {dagbag.py:500} INFO - Filling up the DagBag from /opt/airflow/dags/gcs_upload_dag.py
[2025-12-06 16:04:32,015] {processor.py:654} INFO - DAG(s) dict_keys(['data_ingestion_gcs_dag']) retrieved from /opt/airflow/dags/gcs_upload_dag.py
[2025-12-06 16:04:32,027] {logging_mixin.py:109} INFO - [2025-12-06 16:04:32,026] {dag.py:2396} INFO - Sync 1 DAGs
[2025-12-06 16:04:32,056] {processor.py:171} INFO - Processing /opt/airflow/dags/gcs_upload_dag.py took 1.054 seconds
[2025-12-06 16:05:02,187] {processor.py:163} INFO - Started process (PID=2193) to work on /opt/airflow/dags/gcs_upload_dag.py
[2025-12-06 16:05:02,188] {processor.py:642} INFO - Processing file /opt/airflow/dags/gcs_upload_dag.py for tasks to queue
[2025-12-06 16:05:02,189] {logging_mixin.py:109} INFO - [2025-12-06 16:05:02,189] {dagbag.py:500} INFO - Filling up the DagBag from /opt/airflow/dags/gcs_upload_dag.py
[2025-12-06 16:05:03,605] {processor.py:654} INFO - DAG(s) dict_keys(['data_ingestion_gcs_dag']) retrieved from /opt/airflow/dags/gcs_upload_dag.py
[2025-12-06 16:05:03,622] {logging_mixin.py:109} INFO - [2025-12-06 16:05:03,621] {dag.py:2396} INFO - Sync 1 DAGs
[2025-12-06 16:05:03,660] {processor.py:171} INFO - Processing /opt/airflow/dags/gcs_upload_dag.py took 1.477 seconds
[2025-12-06 16:05:33,815] {processor.py:163} INFO - Started process (PID=2226) to work on /opt/airflow/dags/gcs_upload_dag.py
[2025-12-06 16:05:33,817] {processor.py:642} INFO - Processing file /opt/airflow/dags/gcs_upload_dag.py for tasks to queue
[2025-12-06 16:05:33,818] {logging_mixin.py:109} INFO - [2025-12-06 16:05:33,818] {dagbag.py:500} INFO - Filling up the DagBag from /opt/airflow/dags/gcs_upload_dag.py
[2025-12-06 16:05:34,666] {processor.py:654} INFO - DAG(s) dict_keys(['data_ingestion_gcs_dag']) retrieved from /opt/airflow/dags/gcs_upload_dag.py
[2025-12-06 16:05:34,678] {logging_mixin.py:109} INFO - [2025-12-06 16:05:34,677] {dag.py:2396} INFO - Sync 1 DAGs
[2025-12-06 16:05:34,706] {processor.py:171} INFO - Processing /opt/airflow/dags/gcs_upload_dag.py took 0.894 seconds
[2025-12-06 16:06:04,859] {processor.py:163} INFO - Started process (PID=2269) to work on /opt/airflow/dags/gcs_upload_dag.py
[2025-12-06 16:06:04,860] {processor.py:642} INFO - Processing file /opt/airflow/dags/gcs_upload_dag.py for tasks to queue
[2025-12-06 16:06:04,861] {logging_mixin.py:109} INFO - [2025-12-06 16:06:04,861] {dagbag.py:500} INFO - Filling up the DagBag from /opt/airflow/dags/gcs_upload_dag.py
[2025-12-06 16:06:05,870] {processor.py:654} INFO - DAG(s) dict_keys(['data_ingestion_gcs_dag']) retrieved from /opt/airflow/dags/gcs_upload_dag.py
[2025-12-06 16:06:05,892] {logging_mixin.py:109} INFO - [2025-12-06 16:06:05,890] {dag.py:2396} INFO - Sync 1 DAGs
[2025-12-06 16:06:05,936] {processor.py:171} INFO - Processing /opt/airflow/dags/gcs_upload_dag.py took 1.080 seconds
[2025-12-06 16:06:36,027] {processor.py:163} INFO - Started process (PID=2302) to work on /opt/airflow/dags/gcs_upload_dag.py
[2025-12-06 16:06:36,029] {processor.py:642} INFO - Processing file /opt/airflow/dags/gcs_upload_dag.py for tasks to queue
[2025-12-06 16:06:36,030] {logging_mixin.py:109} INFO - [2025-12-06 16:06:36,029] {dagbag.py:500} INFO - Filling up the DagBag from /opt/airflow/dags/gcs_upload_dag.py
[2025-12-06 16:06:36,939] {processor.py:654} INFO - DAG(s) dict_keys(['data_ingestion_gcs_dag']) retrieved from /opt/airflow/dags/gcs_upload_dag.py
[2025-12-06 16:06:36,950] {logging_mixin.py:109} INFO - [2025-12-06 16:06:36,949] {dag.py:2396} INFO - Sync 1 DAGs
[2025-12-06 16:06:36,977] {processor.py:171} INFO - Processing /opt/airflow/dags/gcs_upload_dag.py took 0.953 seconds
[2025-12-06 16:07:07,217] {processor.py:163} INFO - Started process (PID=2344) to work on /opt/airflow/dags/gcs_upload_dag.py
[2025-12-06 16:07:07,218] {processor.py:642} INFO - Processing file /opt/airflow/dags/gcs_upload_dag.py for tasks to queue
[2025-12-06 16:07:07,219] {logging_mixin.py:109} INFO - [2025-12-06 16:07:07,219] {dagbag.py:500} INFO - Filling up the DagBag from /opt/airflow/dags/gcs_upload_dag.py
[2025-12-06 16:07:08,322] {processor.py:654} INFO - DAG(s) dict_keys(['data_ingestion_gcs_dag']) retrieved from /opt/airflow/dags/gcs_upload_dag.py
[2025-12-06 16:07:08,340] {logging_mixin.py:109} INFO - [2025-12-06 16:07:08,338] {dag.py:2396} INFO - Sync 1 DAGs
[2025-12-06 16:07:08,372] {processor.py:171} INFO - Processing /opt/airflow/dags/gcs_upload_dag.py took 1.158 seconds
[2025-12-06 16:07:38,428] {processor.py:163} INFO - Started process (PID=2378) to work on /opt/airflow/dags/gcs_upload_dag.py
[2025-12-06 16:07:38,430] {processor.py:642} INFO - Processing file /opt/airflow/dags/gcs_upload_dag.py for tasks to queue
[2025-12-06 16:07:38,430] {logging_mixin.py:109} INFO - [2025-12-06 16:07:38,430] {dagbag.py:500} INFO - Filling up the DagBag from /opt/airflow/dags/gcs_upload_dag.py
[2025-12-06 16:07:39,330] {processor.py:654} INFO - DAG(s) dict_keys(['data_ingestion_gcs_dag']) retrieved from /opt/airflow/dags/gcs_upload_dag.py
[2025-12-06 16:07:39,342] {logging_mixin.py:109} INFO - [2025-12-06 16:07:39,341] {dag.py:2396} INFO - Sync 1 DAGs
[2025-12-06 16:07:39,369] {processor.py:171} INFO - Processing /opt/airflow/dags/gcs_upload_dag.py took 0.944 seconds
[2025-12-06 16:08:09,573] {processor.py:163} INFO - Started process (PID=2411) to work on /opt/airflow/dags/gcs_upload_dag.py
[2025-12-06 16:08:09,574] {processor.py:642} INFO - Processing file /opt/airflow/dags/gcs_upload_dag.py for tasks to queue
[2025-12-06 16:08:09,575] {logging_mixin.py:109} INFO - [2025-12-06 16:08:09,575] {dagbag.py:500} INFO - Filling up the DagBag from /opt/airflow/dags/gcs_upload_dag.py
[2025-12-06 16:08:10,516] {processor.py:654} INFO - DAG(s) dict_keys(['data_ingestion_gcs_dag']) retrieved from /opt/airflow/dags/gcs_upload_dag.py
[2025-12-06 16:08:10,531] {logging_mixin.py:109} INFO - [2025-12-06 16:08:10,529] {dag.py:2396} INFO - Sync 1 DAGs
[2025-12-06 16:08:10,562] {processor.py:171} INFO - Processing /opt/airflow/dags/gcs_upload_dag.py took 0.992 seconds
[2025-12-06 16:08:40,822] {processor.py:163} INFO - Started process (PID=2454) to work on /opt/airflow/dags/gcs_upload_dag.py
[2025-12-06 16:08:40,823] {processor.py:642} INFO - Processing file /opt/airflow/dags/gcs_upload_dag.py for tasks to queue
[2025-12-06 16:08:40,824] {logging_mixin.py:109} INFO - [2025-12-06 16:08:40,824] {dagbag.py:500} INFO - Filling up the DagBag from /opt/airflow/dags/gcs_upload_dag.py
[2025-12-06 16:08:41,664] {processor.py:654} INFO - DAG(s) dict_keys(['data_ingestion_gcs_dag']) retrieved from /opt/airflow/dags/gcs_upload_dag.py
[2025-12-06 16:08:41,677] {logging_mixin.py:109} INFO - [2025-12-06 16:08:41,676] {dag.py:2396} INFO - Sync 1 DAGs
[2025-12-06 16:08:41,718] {processor.py:171} INFO - Processing /opt/airflow/dags/gcs_upload_dag.py took 0.899 seconds
[2025-12-06 16:09:11,900] {processor.py:163} INFO - Started process (PID=2487) to work on /opt/airflow/dags/gcs_upload_dag.py
[2025-12-06 16:09:11,902] {processor.py:642} INFO - Processing file /opt/airflow/dags/gcs_upload_dag.py for tasks to queue
[2025-12-06 16:09:11,903] {logging_mixin.py:109} INFO - [2025-12-06 16:09:11,903] {dagbag.py:500} INFO - Filling up the DagBag from /opt/airflow/dags/gcs_upload_dag.py
[2025-12-06 16:09:13,486] {processor.py:654} INFO - DAG(s) dict_keys(['data_ingestion_gcs_dag']) retrieved from /opt/airflow/dags/gcs_upload_dag.py
[2025-12-06 16:09:13,499] {logging_mixin.py:109} INFO - [2025-12-06 16:09:13,497] {dag.py:2396} INFO - Sync 1 DAGs
[2025-12-06 16:09:13,534] {processor.py:171} INFO - Processing /opt/airflow/dags/gcs_upload_dag.py took 1.639 seconds
[2025-12-06 16:09:43,703] {processor.py:163} INFO - Started process (PID=2540) to work on /opt/airflow/dags/gcs_upload_dag.py
[2025-12-06 16:09:43,705] {processor.py:642} INFO - Processing file /opt/airflow/dags/gcs_upload_dag.py for tasks to queue
[2025-12-06 16:09:43,707] {logging_mixin.py:109} INFO - [2025-12-06 16:09:43,706] {dagbag.py:500} INFO - Filling up the DagBag from /opt/airflow/dags/gcs_upload_dag.py
[2025-12-06 16:09:44,596] {processor.py:654} INFO - DAG(s) dict_keys(['data_ingestion_gcs_dag']) retrieved from /opt/airflow/dags/gcs_upload_dag.py
[2025-12-06 16:09:44,608] {logging_mixin.py:109} INFO - [2025-12-06 16:09:44,607] {dag.py:2396} INFO - Sync 1 DAGs
[2025-12-06 16:09:44,635] {processor.py:171} INFO - Processing /opt/airflow/dags/gcs_upload_dag.py took 0.936 seconds
[2025-12-06 16:10:14,800] {processor.py:163} INFO - Started process (PID=2573) to work on /opt/airflow/dags/gcs_upload_dag.py
[2025-12-06 16:10:14,802] {processor.py:642} INFO - Processing file /opt/airflow/dags/gcs_upload_dag.py for tasks to queue
[2025-12-06 16:10:14,802] {logging_mixin.py:109} INFO - [2025-12-06 16:10:14,802] {dagbag.py:500} INFO - Filling up the DagBag from /opt/airflow/dags/gcs_upload_dag.py
[2025-12-06 16:10:15,678] {processor.py:654} INFO - DAG(s) dict_keys(['data_ingestion_gcs_dag']) retrieved from /opt/airflow/dags/gcs_upload_dag.py
[2025-12-06 16:10:15,691] {logging_mixin.py:109} INFO - [2025-12-06 16:10:15,690] {dag.py:2396} INFO - Sync 1 DAGs
[2025-12-06 16:10:15,717] {processor.py:171} INFO - Processing /opt/airflow/dags/gcs_upload_dag.py took 0.920 seconds
[2025-12-06 16:10:45,887] {processor.py:163} INFO - Started process (PID=2616) to work on /opt/airflow/dags/gcs_upload_dag.py
[2025-12-06 16:10:45,888] {processor.py:642} INFO - Processing file /opt/airflow/dags/gcs_upload_dag.py for tasks to queue
[2025-12-06 16:10:45,889] {logging_mixin.py:109} INFO - [2025-12-06 16:10:45,889] {dagbag.py:500} INFO - Filling up the DagBag from /opt/airflow/dags/gcs_upload_dag.py
[2025-12-06 16:10:47,014] {processor.py:654} INFO - DAG(s) dict_keys(['data_ingestion_gcs_dag']) retrieved from /opt/airflow/dags/gcs_upload_dag.py
[2025-12-06 16:10:47,030] {logging_mixin.py:109} INFO - [2025-12-06 16:10:47,029] {dag.py:2396} INFO - Sync 1 DAGs
[2025-12-06 16:10:47,061] {processor.py:171} INFO - Processing /opt/airflow/dags/gcs_upload_dag.py took 1.177 seconds
[2025-12-06 16:11:17,241] {processor.py:163} INFO - Started process (PID=2649) to work on /opt/airflow/dags/gcs_upload_dag.py
[2025-12-06 16:11:17,243] {processor.py:642} INFO - Processing file /opt/airflow/dags/gcs_upload_dag.py for tasks to queue
[2025-12-06 16:11:17,245] {logging_mixin.py:109} INFO - [2025-12-06 16:11:17,245] {dagbag.py:500} INFO - Filling up the DagBag from /opt/airflow/dags/gcs_upload_dag.py
[2025-12-06 16:11:18,111] {processor.py:654} INFO - DAG(s) dict_keys(['data_ingestion_gcs_dag']) retrieved from /opt/airflow/dags/gcs_upload_dag.py
[2025-12-06 16:11:18,123] {logging_mixin.py:109} INFO - [2025-12-06 16:11:18,122] {dag.py:2396} INFO - Sync 1 DAGs
[2025-12-06 16:11:18,150] {processor.py:171} INFO - Processing /opt/airflow/dags/gcs_upload_dag.py took 0.914 seconds
[2025-12-06 16:11:48,232] {processor.py:163} INFO - Started process (PID=2692) to work on /opt/airflow/dags/gcs_upload_dag.py
[2025-12-06 16:11:48,233] {processor.py:642} INFO - Processing file /opt/airflow/dags/gcs_upload_dag.py for tasks to queue
[2025-12-06 16:11:48,234] {logging_mixin.py:109} INFO - [2025-12-06 16:11:48,234] {dagbag.py:500} INFO - Filling up the DagBag from /opt/airflow/dags/gcs_upload_dag.py
[2025-12-06 16:11:49,056] {processor.py:654} INFO - DAG(s) dict_keys(['data_ingestion_gcs_dag']) retrieved from /opt/airflow/dags/gcs_upload_dag.py
[2025-12-06 16:11:49,068] {logging_mixin.py:109} INFO - [2025-12-06 16:11:49,067] {dag.py:2396} INFO - Sync 1 DAGs
[2025-12-06 16:11:49,102] {processor.py:171} INFO - Processing /opt/airflow/dags/gcs_upload_dag.py took 0.873 seconds
[2025-12-06 16:12:19,304] {processor.py:163} INFO - Started process (PID=2725) to work on /opt/airflow/dags/gcs_upload_dag.py
[2025-12-06 16:12:19,305] {processor.py:642} INFO - Processing file /opt/airflow/dags/gcs_upload_dag.py for tasks to queue
[2025-12-06 16:12:19,306] {logging_mixin.py:109} INFO - [2025-12-06 16:12:19,306] {dagbag.py:500} INFO - Filling up the DagBag from /opt/airflow/dags/gcs_upload_dag.py
[2025-12-06 16:12:20,550] {processor.py:654} INFO - DAG(s) dict_keys(['data_ingestion_gcs_dag']) retrieved from /opt/airflow/dags/gcs_upload_dag.py
[2025-12-06 16:12:20,579] {logging_mixin.py:109} INFO - [2025-12-06 16:12:20,578] {dag.py:2396} INFO - Sync 1 DAGs
[2025-12-06 16:12:20,615] {processor.py:171} INFO - Processing /opt/airflow/dags/gcs_upload_dag.py took 1.314 seconds
[2025-12-06 16:12:50,825] {processor.py:163} INFO - Started process (PID=2768) to work on /opt/airflow/dags/gcs_upload_dag.py
[2025-12-06 16:12:50,827] {processor.py:642} INFO - Processing file /opt/airflow/dags/gcs_upload_dag.py for tasks to queue
[2025-12-06 16:12:50,829] {logging_mixin.py:109} INFO - [2025-12-06 16:12:50,829] {dagbag.py:500} INFO - Filling up the DagBag from /opt/airflow/dags/gcs_upload_dag.py
[2025-12-06 16:12:51,707] {processor.py:654} INFO - DAG(s) dict_keys(['data_ingestion_gcs_dag']) retrieved from /opt/airflow/dags/gcs_upload_dag.py
[2025-12-06 16:12:51,720] {logging_mixin.py:109} INFO - [2025-12-06 16:12:51,719] {dag.py:2396} INFO - Sync 1 DAGs
[2025-12-06 16:12:51,752] {processor.py:171} INFO - Processing /opt/airflow/dags/gcs_upload_dag.py took 0.934 seconds
[2025-12-06 16:13:21,972] {processor.py:163} INFO - Started process (PID=2801) to work on /opt/airflow/dags/gcs_upload_dag.py
[2025-12-06 16:13:21,974] {processor.py:642} INFO - Processing file /opt/airflow/dags/gcs_upload_dag.py for tasks to queue
[2025-12-06 16:13:21,975] {logging_mixin.py:109} INFO - [2025-12-06 16:13:21,974] {dagbag.py:500} INFO - Filling up the DagBag from /opt/airflow/dags/gcs_upload_dag.py
[2025-12-06 16:13:22,813] {processor.py:654} INFO - DAG(s) dict_keys(['data_ingestion_gcs_dag']) retrieved from /opt/airflow/dags/gcs_upload_dag.py
[2025-12-06 16:13:22,826] {logging_mixin.py:109} INFO - [2025-12-06 16:13:22,825] {dag.py:2396} INFO - Sync 1 DAGs
[2025-12-06 16:13:22,854] {processor.py:171} INFO - Processing /opt/airflow/dags/gcs_upload_dag.py took 0.884 seconds
[2025-12-06 16:13:53,057] {processor.py:163} INFO - Started process (PID=2844) to work on /opt/airflow/dags/gcs_upload_dag.py
[2025-12-06 16:13:53,059] {processor.py:642} INFO - Processing file /opt/airflow/dags/gcs_upload_dag.py for tasks to queue
[2025-12-06 16:13:53,061] {logging_mixin.py:109} INFO - [2025-12-06 16:13:53,061] {dagbag.py:500} INFO - Filling up the DagBag from /opt/airflow/dags/gcs_upload_dag.py
[2025-12-06 16:13:54,138] {processor.py:654} INFO - DAG(s) dict_keys(['data_ingestion_gcs_dag']) retrieved from /opt/airflow/dags/gcs_upload_dag.py
[2025-12-06 16:13:54,157] {logging_mixin.py:109} INFO - [2025-12-06 16:13:54,155] {dag.py:2396} INFO - Sync 1 DAGs
[2025-12-06 16:13:54,193] {processor.py:171} INFO - Processing /opt/airflow/dags/gcs_upload_dag.py took 1.141 seconds
[2025-12-06 16:14:24,258] {processor.py:163} INFO - Started process (PID=2877) to work on /opt/airflow/dags/gcs_upload_dag.py
[2025-12-06 16:14:24,260] {processor.py:642} INFO - Processing file /opt/airflow/dags/gcs_upload_dag.py for tasks to queue
[2025-12-06 16:14:24,261] {logging_mixin.py:109} INFO - [2025-12-06 16:14:24,261] {dagbag.py:500} INFO - Filling up the DagBag from /opt/airflow/dags/gcs_upload_dag.py
[2025-12-06 16:14:25,115] {processor.py:654} INFO - DAG(s) dict_keys(['data_ingestion_gcs_dag']) retrieved from /opt/airflow/dags/gcs_upload_dag.py
[2025-12-06 16:14:25,126] {logging_mixin.py:109} INFO - [2025-12-06 16:14:25,125] {dag.py:2396} INFO - Sync 1 DAGs
[2025-12-06 16:14:25,154] {processor.py:171} INFO - Processing /opt/airflow/dags/gcs_upload_dag.py took 0.900 seconds
[2025-12-06 16:14:55,325] {processor.py:163} INFO - Started process (PID=2927) to work on /opt/airflow/dags/gcs_upload_dag.py
[2025-12-06 16:14:55,327] {processor.py:642} INFO - Processing file /opt/airflow/dags/gcs_upload_dag.py for tasks to queue
[2025-12-06 16:14:55,328] {logging_mixin.py:109} INFO - [2025-12-06 16:14:55,328] {dagbag.py:500} INFO - Filling up the DagBag from /opt/airflow/dags/gcs_upload_dag.py
[2025-12-06 16:14:56,329] {processor.py:654} INFO - DAG(s) dict_keys(['data_ingestion_gcs_dag']) retrieved from /opt/airflow/dags/gcs_upload_dag.py
[2025-12-06 16:14:56,342] {logging_mixin.py:109} INFO - [2025-12-06 16:14:56,341] {dag.py:2396} INFO - Sync 1 DAGs
[2025-12-06 16:14:56,359] {logging_mixin.py:109} INFO - [2025-12-06 16:14:56,359] {dag.py:2935} INFO - Setting next_dagrun for data_ingestion_gcs_dag to 2025-12-06T00:00:00+00:00
[2025-12-06 16:14:56,371] {processor.py:171} INFO - Processing /opt/airflow/dags/gcs_upload_dag.py took 1.049 seconds
[2025-12-06 16:15:26,484] {processor.py:163} INFO - Started process (PID=2963) to work on /opt/airflow/dags/gcs_upload_dag.py
[2025-12-06 16:15:26,487] {processor.py:642} INFO - Processing file /opt/airflow/dags/gcs_upload_dag.py for tasks to queue
[2025-12-06 16:15:26,488] {logging_mixin.py:109} INFO - [2025-12-06 16:15:26,488] {dagbag.py:500} INFO - Filling up the DagBag from /opt/airflow/dags/gcs_upload_dag.py
[2025-12-06 16:15:27,410] {processor.py:654} INFO - DAG(s) dict_keys(['data_ingestion_gcs_dag']) retrieved from /opt/airflow/dags/gcs_upload_dag.py
[2025-12-06 16:15:27,429] {logging_mixin.py:109} INFO - [2025-12-06 16:15:27,427] {dag.py:2396} INFO - Sync 1 DAGs
[2025-12-06 16:15:27,453] {logging_mixin.py:109} INFO - [2025-12-06 16:15:27,453] {dag.py:2935} INFO - Setting next_dagrun for data_ingestion_gcs_dag to 2025-12-06T00:00:00+00:00
[2025-12-06 16:15:27,469] {processor.py:171} INFO - Processing /opt/airflow/dags/gcs_upload_dag.py took 0.988 seconds
[2025-12-06 16:15:57,661] {processor.py:163} INFO - Started process (PID=2996) to work on /opt/airflow/dags/gcs_upload_dag.py
[2025-12-06 16:15:57,663] {processor.py:642} INFO - Processing file /opt/airflow/dags/gcs_upload_dag.py for tasks to queue
[2025-12-06 16:15:57,664] {logging_mixin.py:109} INFO - [2025-12-06 16:15:57,664] {dagbag.py:500} INFO - Filling up the DagBag from /opt/airflow/dags/gcs_upload_dag.py
[2025-12-06 16:15:58,651] {processor.py:654} INFO - DAG(s) dict_keys(['data_ingestion_gcs_dag']) retrieved from /opt/airflow/dags/gcs_upload_dag.py
[2025-12-06 16:15:58,664] {logging_mixin.py:109} INFO - [2025-12-06 16:15:58,663] {dag.py:2396} INFO - Sync 1 DAGs
[2025-12-06 16:15:58,682] {logging_mixin.py:109} INFO - [2025-12-06 16:15:58,682] {dag.py:2935} INFO - Setting next_dagrun for data_ingestion_gcs_dag to 2025-12-06T00:00:00+00:00
[2025-12-06 16:15:58,695] {processor.py:171} INFO - Processing /opt/airflow/dags/gcs_upload_dag.py took 1.037 seconds
[2025-12-06 16:16:28,835] {processor.py:163} INFO - Started process (PID=3039) to work on /opt/airflow/dags/gcs_upload_dag.py
[2025-12-06 16:16:28,837] {processor.py:642} INFO - Processing file /opt/airflow/dags/gcs_upload_dag.py for tasks to queue
[2025-12-06 16:16:28,838] {logging_mixin.py:109} INFO - [2025-12-06 16:16:28,837] {dagbag.py:500} INFO - Filling up the DagBag from /opt/airflow/dags/gcs_upload_dag.py
[2025-12-06 16:16:29,702] {processor.py:654} INFO - DAG(s) dict_keys(['data_ingestion_gcs_dag']) retrieved from /opt/airflow/dags/gcs_upload_dag.py
[2025-12-06 16:16:29,715] {logging_mixin.py:109} INFO - [2025-12-06 16:16:29,714] {dag.py:2396} INFO - Sync 1 DAGs
[2025-12-06 16:16:29,731] {logging_mixin.py:109} INFO - [2025-12-06 16:16:29,731] {dag.py:2935} INFO - Setting next_dagrun for data_ingestion_gcs_dag to 2025-12-06T00:00:00+00:00
[2025-12-06 16:16:29,743] {processor.py:171} INFO - Processing /opt/airflow/dags/gcs_upload_dag.py took 0.911 seconds
[2025-12-06 16:16:59,914] {processor.py:163} INFO - Started process (PID=3072) to work on /opt/airflow/dags/gcs_upload_dag.py
[2025-12-06 16:16:59,916] {processor.py:642} INFO - Processing file /opt/airflow/dags/gcs_upload_dag.py for tasks to queue
[2025-12-06 16:16:59,917] {logging_mixin.py:109} INFO - [2025-12-06 16:16:59,917] {dagbag.py:500} INFO - Filling up the DagBag from /opt/airflow/dags/gcs_upload_dag.py
[2025-12-06 16:17:00,782] {processor.py:654} INFO - DAG(s) dict_keys(['data_ingestion_gcs_dag']) retrieved from /opt/airflow/dags/gcs_upload_dag.py
[2025-12-06 16:17:00,795] {logging_mixin.py:109} INFO - [2025-12-06 16:17:00,793] {dag.py:2396} INFO - Sync 1 DAGs
[2025-12-06 16:17:00,813] {logging_mixin.py:109} INFO - [2025-12-06 16:17:00,812] {dag.py:2935} INFO - Setting next_dagrun for data_ingestion_gcs_dag to 2025-12-06T00:00:00+00:00
[2025-12-06 16:17:00,824] {processor.py:171} INFO - Processing /opt/airflow/dags/gcs_upload_dag.py took 0.913 seconds
[2025-12-06 16:17:30,994] {processor.py:163} INFO - Started process (PID=3115) to work on /opt/airflow/dags/gcs_upload_dag.py
[2025-12-06 16:17:30,995] {processor.py:642} INFO - Processing file /opt/airflow/dags/gcs_upload_dag.py for tasks to queue
[2025-12-06 16:17:30,996] {logging_mixin.py:109} INFO - [2025-12-06 16:17:30,996] {dagbag.py:500} INFO - Filling up the DagBag from /opt/airflow/dags/gcs_upload_dag.py
[2025-12-06 16:17:31,859] {processor.py:654} INFO - DAG(s) dict_keys(['data_ingestion_gcs_dag']) retrieved from /opt/airflow/dags/gcs_upload_dag.py
[2025-12-06 16:17:31,872] {logging_mixin.py:109} INFO - [2025-12-06 16:17:31,871] {dag.py:2396} INFO - Sync 1 DAGs
[2025-12-06 16:17:31,894] {logging_mixin.py:109} INFO - [2025-12-06 16:17:31,893] {dag.py:2935} INFO - Setting next_dagrun for data_ingestion_gcs_dag to 2025-12-06T00:00:00+00:00
[2025-12-06 16:17:31,906] {processor.py:171} INFO - Processing /opt/airflow/dags/gcs_upload_dag.py took 0.906 seconds
[2025-12-06 16:18:02,067] {processor.py:163} INFO - Started process (PID=3148) to work on /opt/airflow/dags/gcs_upload_dag.py
[2025-12-06 16:18:02,069] {processor.py:642} INFO - Processing file /opt/airflow/dags/gcs_upload_dag.py for tasks to queue
[2025-12-06 16:18:02,070] {logging_mixin.py:109} INFO - [2025-12-06 16:18:02,070] {dagbag.py:500} INFO - Filling up the DagBag from /opt/airflow/dags/gcs_upload_dag.py
[2025-12-06 16:18:02,967] {processor.py:654} INFO - DAG(s) dict_keys(['data_ingestion_gcs_dag']) retrieved from /opt/airflow/dags/gcs_upload_dag.py
[2025-12-06 16:18:02,980] {logging_mixin.py:109} INFO - [2025-12-06 16:18:02,978] {dag.py:2396} INFO - Sync 1 DAGs
[2025-12-06 16:18:02,997] {logging_mixin.py:109} INFO - [2025-12-06 16:18:02,997] {dag.py:2935} INFO - Setting next_dagrun for data_ingestion_gcs_dag to 2025-12-06T00:00:00+00:00
[2025-12-06 16:18:03,010] {processor.py:171} INFO - Processing /opt/airflow/dags/gcs_upload_dag.py took 0.946 seconds
[2025-12-06 16:18:33,181] {processor.py:163} INFO - Started process (PID=3191) to work on /opt/airflow/dags/gcs_upload_dag.py
[2025-12-06 16:18:33,184] {processor.py:642} INFO - Processing file /opt/airflow/dags/gcs_upload_dag.py for tasks to queue
[2025-12-06 16:18:33,186] {logging_mixin.py:109} INFO - [2025-12-06 16:18:33,186] {dagbag.py:500} INFO - Filling up the DagBag from /opt/airflow/dags/gcs_upload_dag.py
[2025-12-06 16:18:34,223] {processor.py:654} INFO - DAG(s) dict_keys(['data_ingestion_gcs_dag']) retrieved from /opt/airflow/dags/gcs_upload_dag.py
[2025-12-06 16:18:34,235] {logging_mixin.py:109} INFO - [2025-12-06 16:18:34,234] {dag.py:2396} INFO - Sync 1 DAGs
[2025-12-06 16:18:34,252] {logging_mixin.py:109} INFO - [2025-12-06 16:18:34,251] {dag.py:2935} INFO - Setting next_dagrun for data_ingestion_gcs_dag to 2025-12-06T00:00:00+00:00
[2025-12-06 16:18:34,263] {processor.py:171} INFO - Processing /opt/airflow/dags/gcs_upload_dag.py took 1.090 seconds
[2025-12-06 16:19:04,479] {processor.py:163} INFO - Started process (PID=3224) to work on /opt/airflow/dags/gcs_upload_dag.py
[2025-12-06 16:19:04,480] {processor.py:642} INFO - Processing file /opt/airflow/dags/gcs_upload_dag.py for tasks to queue
[2025-12-06 16:19:04,481] {logging_mixin.py:109} INFO - [2025-12-06 16:19:04,481] {dagbag.py:500} INFO - Filling up the DagBag from /opt/airflow/dags/gcs_upload_dag.py
[2025-12-06 16:19:05,286] {processor.py:654} INFO - DAG(s) dict_keys(['data_ingestion_gcs_dag']) retrieved from /opt/airflow/dags/gcs_upload_dag.py
[2025-12-06 16:19:05,300] {logging_mixin.py:109} INFO - [2025-12-06 16:19:05,299] {dag.py:2396} INFO - Sync 1 DAGs
[2025-12-06 16:19:05,319] {logging_mixin.py:109} INFO - [2025-12-06 16:19:05,318] {dag.py:2935} INFO - Setting next_dagrun for data_ingestion_gcs_dag to 2025-12-06T00:00:00+00:00
[2025-12-06 16:19:05,331] {processor.py:171} INFO - Processing /opt/airflow/dags/gcs_upload_dag.py took 0.854 seconds
[2025-12-06 16:19:35,517] {processor.py:163} INFO - Started process (PID=3267) to work on /opt/airflow/dags/gcs_upload_dag.py
[2025-12-06 16:19:35,519] {processor.py:642} INFO - Processing file /opt/airflow/dags/gcs_upload_dag.py for tasks to queue
[2025-12-06 16:19:35,520] {logging_mixin.py:109} INFO - [2025-12-06 16:19:35,520] {dagbag.py:500} INFO - Filling up the DagBag from /opt/airflow/dags/gcs_upload_dag.py
[2025-12-06 16:19:36,445] {processor.py:654} INFO - DAG(s) dict_keys(['data_ingestion_gcs_dag']) retrieved from /opt/airflow/dags/gcs_upload_dag.py
[2025-12-06 16:19:36,455] {logging_mixin.py:109} INFO - [2025-12-06 16:19:36,454] {dag.py:2396} INFO - Sync 1 DAGs
[2025-12-06 16:19:36,471] {logging_mixin.py:109} INFO - [2025-12-06 16:19:36,471] {dag.py:2935} INFO - Setting next_dagrun for data_ingestion_gcs_dag to 2025-12-06T00:00:00+00:00
[2025-12-06 16:19:36,483] {processor.py:171} INFO - Processing /opt/airflow/dags/gcs_upload_dag.py took 0.971 seconds
[2025-12-06 16:20:06,693] {processor.py:163} INFO - Started process (PID=3300) to work on /opt/airflow/dags/gcs_upload_dag.py
[2025-12-06 16:20:06,695] {processor.py:642} INFO - Processing file /opt/airflow/dags/gcs_upload_dag.py for tasks to queue
[2025-12-06 16:20:06,696] {logging_mixin.py:109} INFO - [2025-12-06 16:20:06,696] {dagbag.py:500} INFO - Filling up the DagBag from /opt/airflow/dags/gcs_upload_dag.py
[2025-12-06 16:20:07,506] {processor.py:654} INFO - DAG(s) dict_keys(['data_ingestion_gcs_dag']) retrieved from /opt/airflow/dags/gcs_upload_dag.py
[2025-12-06 16:20:07,517] {logging_mixin.py:109} INFO - [2025-12-06 16:20:07,516] {dag.py:2396} INFO - Sync 1 DAGs
[2025-12-06 16:20:07,532] {logging_mixin.py:109} INFO - [2025-12-06 16:20:07,532] {dag.py:2935} INFO - Setting next_dagrun for data_ingestion_gcs_dag to 2025-12-06T00:00:00+00:00
[2025-12-06 16:20:07,544] {processor.py:171} INFO - Processing /opt/airflow/dags/gcs_upload_dag.py took 0.854 seconds
[2025-12-06 16:20:37,750] {processor.py:163} INFO - Started process (PID=3332) to work on /opt/airflow/dags/gcs_upload_dag.py
[2025-12-06 16:20:37,752] {processor.py:642} INFO - Processing file /opt/airflow/dags/gcs_upload_dag.py for tasks to queue
[2025-12-06 16:20:37,754] {logging_mixin.py:109} INFO - [2025-12-06 16:20:37,754] {dagbag.py:500} INFO - Filling up the DagBag from /opt/airflow/dags/gcs_upload_dag.py
[2025-12-06 16:20:39,367] {processor.py:654} INFO - DAG(s) dict_keys(['data_ingestion_gcs_dag']) retrieved from /opt/airflow/dags/gcs_upload_dag.py
[2025-12-06 16:20:39,382] {logging_mixin.py:109} INFO - [2025-12-06 16:20:39,380] {dag.py:2396} INFO - Sync 1 DAGs
[2025-12-06 16:20:39,405] {logging_mixin.py:109} INFO - [2025-12-06 16:20:39,405] {dag.py:2935} INFO - Setting next_dagrun for data_ingestion_gcs_dag to 2025-12-06T00:00:00+00:00
[2025-12-06 16:20:39,417] {processor.py:171} INFO - Processing /opt/airflow/dags/gcs_upload_dag.py took 1.674 seconds
[2025-12-06 16:21:09,594] {processor.py:163} INFO - Started process (PID=3376) to work on /opt/airflow/dags/gcs_upload_dag.py
[2025-12-06 16:21:09,595] {processor.py:642} INFO - Processing file /opt/airflow/dags/gcs_upload_dag.py for tasks to queue
[2025-12-06 16:21:09,596] {logging_mixin.py:109} INFO - [2025-12-06 16:21:09,596] {dagbag.py:500} INFO - Filling up the DagBag from /opt/airflow/dags/gcs_upload_dag.py
[2025-12-06 16:21:10,432] {processor.py:654} INFO - DAG(s) dict_keys(['data_ingestion_gcs_dag']) retrieved from /opt/airflow/dags/gcs_upload_dag.py
[2025-12-06 16:21:10,445] {logging_mixin.py:109} INFO - [2025-12-06 16:21:10,444] {dag.py:2396} INFO - Sync 1 DAGs
[2025-12-06 16:21:10,465] {logging_mixin.py:109} INFO - [2025-12-06 16:21:10,465] {dag.py:2935} INFO - Setting next_dagrun for data_ingestion_gcs_dag to 2025-12-06T00:00:00+00:00
[2025-12-06 16:21:10,479] {processor.py:171} INFO - Processing /opt/airflow/dags/gcs_upload_dag.py took 0.888 seconds
[2025-12-06 16:21:40,668] {processor.py:163} INFO - Started process (PID=3409) to work on /opt/airflow/dags/gcs_upload_dag.py
[2025-12-06 16:21:40,670] {processor.py:642} INFO - Processing file /opt/airflow/dags/gcs_upload_dag.py for tasks to queue
[2025-12-06 16:21:40,671] {logging_mixin.py:109} INFO - [2025-12-06 16:21:40,671] {dagbag.py:500} INFO - Filling up the DagBag from /opt/airflow/dags/gcs_upload_dag.py
[2025-12-06 16:21:41,493] {processor.py:654} INFO - DAG(s) dict_keys(['data_ingestion_gcs_dag']) retrieved from /opt/airflow/dags/gcs_upload_dag.py
[2025-12-06 16:21:41,504] {logging_mixin.py:109} INFO - [2025-12-06 16:21:41,503] {dag.py:2396} INFO - Sync 1 DAGs
[2025-12-06 16:21:41,518] {logging_mixin.py:109} INFO - [2025-12-06 16:21:41,518] {dag.py:2935} INFO - Setting next_dagrun for data_ingestion_gcs_dag to 2025-12-06T00:00:00+00:00
[2025-12-06 16:21:41,528] {processor.py:171} INFO - Processing /opt/airflow/dags/gcs_upload_dag.py took 0.865 seconds
[2025-12-06 16:22:11,616] {processor.py:163} INFO - Started process (PID=3452) to work on /opt/airflow/dags/gcs_upload_dag.py
[2025-12-06 16:22:11,617] {processor.py:642} INFO - Processing file /opt/airflow/dags/gcs_upload_dag.py for tasks to queue
[2025-12-06 16:22:11,618] {logging_mixin.py:109} INFO - [2025-12-06 16:22:11,618] {dagbag.py:500} INFO - Filling up the DagBag from /opt/airflow/dags/gcs_upload_dag.py
[2025-12-06 16:22:12,385] {processor.py:654} INFO - DAG(s) dict_keys(['data_ingestion_gcs_dag']) retrieved from /opt/airflow/dags/gcs_upload_dag.py
[2025-12-06 16:22:12,396] {logging_mixin.py:109} INFO - [2025-12-06 16:22:12,395] {dag.py:2396} INFO - Sync 1 DAGs
[2025-12-06 16:22:12,411] {logging_mixin.py:109} INFO - [2025-12-06 16:22:12,411] {dag.py:2935} INFO - Setting next_dagrun for data_ingestion_gcs_dag to 2025-12-06T00:00:00+00:00
[2025-12-06 16:22:12,422] {processor.py:171} INFO - Processing /opt/airflow/dags/gcs_upload_dag.py took 0.810 seconds
[2025-12-06 16:22:42,602] {processor.py:163} INFO - Started process (PID=3485) to work on /opt/airflow/dags/gcs_upload_dag.py
[2025-12-06 16:22:42,604] {processor.py:642} INFO - Processing file /opt/airflow/dags/gcs_upload_dag.py for tasks to queue
[2025-12-06 16:22:42,605] {logging_mixin.py:109} INFO - [2025-12-06 16:22:42,605] {dagbag.py:500} INFO - Filling up the DagBag from /opt/airflow/dags/gcs_upload_dag.py
[2025-12-06 16:22:43,344] {processor.py:654} INFO - DAG(s) dict_keys(['data_ingestion_gcs_dag']) retrieved from /opt/airflow/dags/gcs_upload_dag.py
[2025-12-06 16:22:43,355] {logging_mixin.py:109} INFO - [2025-12-06 16:22:43,353] {dag.py:2396} INFO - Sync 1 DAGs
[2025-12-06 16:22:43,370] {logging_mixin.py:109} INFO - [2025-12-06 16:22:43,370] {dag.py:2935} INFO - Setting next_dagrun for data_ingestion_gcs_dag to 2025-12-06T00:00:00+00:00
[2025-12-06 16:22:43,389] {processor.py:171} INFO - Processing /opt/airflow/dags/gcs_upload_dag.py took 0.789 seconds
[2025-12-06 16:23:13,565] {processor.py:163} INFO - Started process (PID=3528) to work on /opt/airflow/dags/gcs_upload_dag.py
[2025-12-06 16:23:13,566] {processor.py:642} INFO - Processing file /opt/airflow/dags/gcs_upload_dag.py for tasks to queue
[2025-12-06 16:23:13,568] {logging_mixin.py:109} INFO - [2025-12-06 16:23:13,567] {dagbag.py:500} INFO - Filling up the DagBag from /opt/airflow/dags/gcs_upload_dag.py
[2025-12-06 16:23:14,618] {processor.py:654} INFO - DAG(s) dict_keys(['data_ingestion_gcs_dag']) retrieved from /opt/airflow/dags/gcs_upload_dag.py
[2025-12-06 16:23:14,635] {logging_mixin.py:109} INFO - [2025-12-06 16:23:14,634] {dag.py:2396} INFO - Sync 1 DAGs
[2025-12-06 16:23:14,665] {logging_mixin.py:109} INFO - [2025-12-06 16:23:14,664] {dag.py:2935} INFO - Setting next_dagrun for data_ingestion_gcs_dag to 2025-12-06T00:00:00+00:00
[2025-12-06 16:23:14,678] {processor.py:171} INFO - Processing /opt/airflow/dags/gcs_upload_dag.py took 1.119 seconds
[2025-12-06 16:23:44,776] {processor.py:163} INFO - Started process (PID=3561) to work on /opt/airflow/dags/gcs_upload_dag.py
[2025-12-06 16:23:44,778] {processor.py:642} INFO - Processing file /opt/airflow/dags/gcs_upload_dag.py for tasks to queue
[2025-12-06 16:23:44,779] {logging_mixin.py:109} INFO - [2025-12-06 16:23:44,779] {dagbag.py:500} INFO - Filling up the DagBag from /opt/airflow/dags/gcs_upload_dag.py
[2025-12-06 16:23:45,579] {processor.py:654} INFO - DAG(s) dict_keys(['data_ingestion_gcs_dag']) retrieved from /opt/airflow/dags/gcs_upload_dag.py
[2025-12-06 16:23:45,589] {logging_mixin.py:109} INFO - [2025-12-06 16:23:45,588] {dag.py:2396} INFO - Sync 1 DAGs
[2025-12-06 16:23:45,605] {logging_mixin.py:109} INFO - [2025-12-06 16:23:45,605] {dag.py:2935} INFO - Setting next_dagrun for data_ingestion_gcs_dag to 2025-12-06T00:00:00+00:00
[2025-12-06 16:23:45,616] {processor.py:171} INFO - Processing /opt/airflow/dags/gcs_upload_dag.py took 0.846 seconds
[2025-12-06 16:24:15,802] {processor.py:163} INFO - Started process (PID=3603) to work on /opt/airflow/dags/gcs_upload_dag.py
[2025-12-06 16:24:15,805] {processor.py:642} INFO - Processing file /opt/airflow/dags/gcs_upload_dag.py for tasks to queue
[2025-12-06 16:24:15,806] {logging_mixin.py:109} INFO - [2025-12-06 16:24:15,806] {dagbag.py:500} INFO - Filling up the DagBag from /opt/airflow/dags/gcs_upload_dag.py
[2025-12-06 16:24:16,795] {processor.py:654} INFO - DAG(s) dict_keys(['data_ingestion_gcs_dag']) retrieved from /opt/airflow/dags/gcs_upload_dag.py
[2025-12-06 16:24:16,808] {logging_mixin.py:109} INFO - [2025-12-06 16:24:16,806] {dag.py:2396} INFO - Sync 1 DAGs
[2025-12-06 16:24:16,829] {logging_mixin.py:109} INFO - [2025-12-06 16:24:16,829] {dag.py:2935} INFO - Setting next_dagrun for data_ingestion_gcs_dag to 2025-12-06T00:00:00+00:00
[2025-12-06 16:24:16,841] {processor.py:171} INFO - Processing /opt/airflow/dags/gcs_upload_dag.py took 1.045 seconds
[2025-12-06 16:24:46,991] {processor.py:163} INFO - Started process (PID=3637) to work on /opt/airflow/dags/gcs_upload_dag.py
[2025-12-06 16:24:46,996] {processor.py:642} INFO - Processing file /opt/airflow/dags/gcs_upload_dag.py for tasks to queue
[2025-12-06 16:24:46,997] {logging_mixin.py:109} INFO - [2025-12-06 16:24:46,997] {dagbag.py:500} INFO - Filling up the DagBag from /opt/airflow/dags/gcs_upload_dag.py
[2025-12-06 16:24:47,774] {processor.py:654} INFO - DAG(s) dict_keys(['data_ingestion_gcs_dag']) retrieved from /opt/airflow/dags/gcs_upload_dag.py
[2025-12-06 16:24:47,785] {logging_mixin.py:109} INFO - [2025-12-06 16:24:47,784] {dag.py:2396} INFO - Sync 1 DAGs
[2025-12-06 16:24:47,802] {logging_mixin.py:109} INFO - [2025-12-06 16:24:47,802] {dag.py:2935} INFO - Setting next_dagrun for data_ingestion_gcs_dag to 2025-12-06T00:00:00+00:00
[2025-12-06 16:24:47,812] {processor.py:171} INFO - Processing /opt/airflow/dags/gcs_upload_dag.py took 0.823 seconds
[2025-12-06 16:25:18,006] {processor.py:163} INFO - Started process (PID=3670) to work on /opt/airflow/dags/gcs_upload_dag.py
[2025-12-06 16:25:18,007] {processor.py:642} INFO - Processing file /opt/airflow/dags/gcs_upload_dag.py for tasks to queue
[2025-12-06 16:25:18,008] {logging_mixin.py:109} INFO - [2025-12-06 16:25:18,008] {dagbag.py:500} INFO - Filling up the DagBag from /opt/airflow/dags/gcs_upload_dag.py
[2025-12-06 16:25:18,787] {processor.py:654} INFO - DAG(s) dict_keys(['data_ingestion_gcs_dag']) retrieved from /opt/airflow/dags/gcs_upload_dag.py
[2025-12-06 16:25:18,798] {logging_mixin.py:109} INFO - [2025-12-06 16:25:18,797] {dag.py:2396} INFO - Sync 1 DAGs
[2025-12-06 16:25:18,816] {logging_mixin.py:109} INFO - [2025-12-06 16:25:18,816] {dag.py:2935} INFO - Setting next_dagrun for data_ingestion_gcs_dag to 2025-12-06T00:00:00+00:00
[2025-12-06 16:25:18,827] {processor.py:171} INFO - Processing /opt/airflow/dags/gcs_upload_dag.py took 0.824 seconds
[2025-12-06 16:25:49,007] {processor.py:163} INFO - Started process (PID=3713) to work on /opt/airflow/dags/gcs_upload_dag.py
[2025-12-06 16:25:49,009] {processor.py:642} INFO - Processing file /opt/airflow/dags/gcs_upload_dag.py for tasks to queue
[2025-12-06 16:25:49,010] {logging_mixin.py:109} INFO - [2025-12-06 16:25:49,010] {dagbag.py:500} INFO - Filling up the DagBag from /opt/airflow/dags/gcs_upload_dag.py
[2025-12-06 16:25:49,870] {processor.py:654} INFO - DAG(s) dict_keys(['data_ingestion_gcs_dag']) retrieved from /opt/airflow/dags/gcs_upload_dag.py
[2025-12-06 16:25:49,885] {logging_mixin.py:109} INFO - [2025-12-06 16:25:49,883] {dag.py:2396} INFO - Sync 1 DAGs
[2025-12-06 16:25:49,900] {logging_mixin.py:109} INFO - [2025-12-06 16:25:49,900] {dag.py:2935} INFO - Setting next_dagrun for data_ingestion_gcs_dag to 2025-12-06T00:00:00+00:00
[2025-12-06 16:25:49,917] {processor.py:171} INFO - Processing /opt/airflow/dags/gcs_upload_dag.py took 0.916 seconds
[2025-12-06 16:26:20,093] {processor.py:163} INFO - Started process (PID=3746) to work on /opt/airflow/dags/gcs_upload_dag.py
[2025-12-06 16:26:20,094] {processor.py:642} INFO - Processing file /opt/airflow/dags/gcs_upload_dag.py for tasks to queue
[2025-12-06 16:26:20,095] {logging_mixin.py:109} INFO - [2025-12-06 16:26:20,094] {dagbag.py:500} INFO - Filling up the DagBag from /opt/airflow/dags/gcs_upload_dag.py
[2025-12-06 16:26:20,855] {processor.py:654} INFO - DAG(s) dict_keys(['data_ingestion_gcs_dag']) retrieved from /opt/airflow/dags/gcs_upload_dag.py
[2025-12-06 16:26:20,870] {logging_mixin.py:109} INFO - [2025-12-06 16:26:20,869] {dag.py:2396} INFO - Sync 1 DAGs
[2025-12-06 16:26:20,889] {logging_mixin.py:109} INFO - [2025-12-06 16:26:20,889] {dag.py:2935} INFO - Setting next_dagrun for data_ingestion_gcs_dag to 2025-12-06T00:00:00+00:00
[2025-12-06 16:26:20,902] {processor.py:171} INFO - Processing /opt/airflow/dags/gcs_upload_dag.py took 0.812 seconds
[2025-12-06 16:26:51,053] {processor.py:163} INFO - Started process (PID=3789) to work on /opt/airflow/dags/gcs_upload_dag.py
[2025-12-06 16:26:51,054] {processor.py:642} INFO - Processing file /opt/airflow/dags/gcs_upload_dag.py for tasks to queue
[2025-12-06 16:26:51,055] {logging_mixin.py:109} INFO - [2025-12-06 16:26:51,055] {dagbag.py:500} INFO - Filling up the DagBag from /opt/airflow/dags/gcs_upload_dag.py
[2025-12-06 16:26:51,893] {processor.py:654} INFO - DAG(s) dict_keys(['data_ingestion_gcs_dag']) retrieved from /opt/airflow/dags/gcs_upload_dag.py
[2025-12-06 16:26:51,910] {logging_mixin.py:109} INFO - [2025-12-06 16:26:51,909] {dag.py:2396} INFO - Sync 1 DAGs
[2025-12-06 16:26:51,933] {logging_mixin.py:109} INFO - [2025-12-06 16:26:51,933] {dag.py:2935} INFO - Setting next_dagrun for data_ingestion_gcs_dag to 2025-12-06T00:00:00+00:00
[2025-12-06 16:26:51,946] {processor.py:171} INFO - Processing /opt/airflow/dags/gcs_upload_dag.py took 0.897 seconds
[2025-12-06 16:27:22,054] {processor.py:163} INFO - Started process (PID=3822) to work on /opt/airflow/dags/gcs_upload_dag.py
[2025-12-06 16:27:22,056] {processor.py:642} INFO - Processing file /opt/airflow/dags/gcs_upload_dag.py for tasks to queue
[2025-12-06 16:27:22,057] {logging_mixin.py:109} INFO - [2025-12-06 16:27:22,057] {dagbag.py:500} INFO - Filling up the DagBag from /opt/airflow/dags/gcs_upload_dag.py
[2025-12-06 16:27:22,836] {processor.py:654} INFO - DAG(s) dict_keys(['data_ingestion_gcs_dag']) retrieved from /opt/airflow/dags/gcs_upload_dag.py
[2025-12-06 16:27:22,847] {logging_mixin.py:109} INFO - [2025-12-06 16:27:22,846] {dag.py:2396} INFO - Sync 1 DAGs
[2025-12-06 16:27:22,884] {logging_mixin.py:109} INFO - [2025-12-06 16:27:22,883] {dag.py:2935} INFO - Setting next_dagrun for data_ingestion_gcs_dag to 2025-12-06T00:00:00+00:00
[2025-12-06 16:27:22,905] {processor.py:171} INFO - Processing /opt/airflow/dags/gcs_upload_dag.py took 0.856 seconds
[2025-12-06 16:27:53,106] {processor.py:163} INFO - Started process (PID=3865) to work on /opt/airflow/dags/gcs_upload_dag.py
[2025-12-06 16:27:53,107] {processor.py:642} INFO - Processing file /opt/airflow/dags/gcs_upload_dag.py for tasks to queue
[2025-12-06 16:27:53,108] {logging_mixin.py:109} INFO - [2025-12-06 16:27:53,108] {dagbag.py:500} INFO - Filling up the DagBag from /opt/airflow/dags/gcs_upload_dag.py
[2025-12-06 16:27:53,954] {processor.py:654} INFO - DAG(s) dict_keys(['data_ingestion_gcs_dag']) retrieved from /opt/airflow/dags/gcs_upload_dag.py
[2025-12-06 16:27:53,969] {logging_mixin.py:109} INFO - [2025-12-06 16:27:53,968] {dag.py:2396} INFO - Sync 1 DAGs
[2025-12-06 16:27:53,992] {logging_mixin.py:109} INFO - [2025-12-06 16:27:53,992] {dag.py:2935} INFO - Setting next_dagrun for data_ingestion_gcs_dag to 2025-12-06T00:00:00+00:00
[2025-12-06 16:27:54,006] {processor.py:171} INFO - Processing /opt/airflow/dags/gcs_upload_dag.py took 0.903 seconds
[2025-12-06 16:28:06,113] {processor.py:163} INFO - Started process (PID=3888) to work on /opt/airflow/dags/gcs_upload_dag.py
[2025-12-06 16:28:06,114] {processor.py:642} INFO - Processing file /opt/airflow/dags/gcs_upload_dag.py for tasks to queue
[2025-12-06 16:28:06,115] {logging_mixin.py:109} INFO - [2025-12-06 16:28:06,115] {dagbag.py:500} INFO - Filling up the DagBag from /opt/airflow/dags/gcs_upload_dag.py
[2025-12-06 16:28:06,942] {processor.py:654} INFO - DAG(s) dict_keys(['data_ingestion_gcs_dag']) retrieved from /opt/airflow/dags/gcs_upload_dag.py
[2025-12-06 16:28:06,953] {logging_mixin.py:109} INFO - [2025-12-06 16:28:06,952] {dag.py:2396} INFO - Sync 1 DAGs
[2025-12-06 16:28:06,968] {logging_mixin.py:109} INFO - [2025-12-06 16:28:06,968] {dag.py:2935} INFO - Setting next_dagrun for data_ingestion_gcs_dag to 2025-12-06T00:00:00+00:00
[2025-12-06 16:28:06,984] {processor.py:171} INFO - Processing /opt/airflow/dags/gcs_upload_dag.py took 0.874 seconds
[2025-12-06 16:28:37,206] {processor.py:163} INFO - Started process (PID=3921) to work on /opt/airflow/dags/gcs_upload_dag.py
[2025-12-06 16:28:37,207] {processor.py:642} INFO - Processing file /opt/airflow/dags/gcs_upload_dag.py for tasks to queue
[2025-12-06 16:28:37,208] {logging_mixin.py:109} INFO - [2025-12-06 16:28:37,208] {dagbag.py:500} INFO - Filling up the DagBag from /opt/airflow/dags/gcs_upload_dag.py
[2025-12-06 16:28:37,967] {processor.py:654} INFO - DAG(s) dict_keys(['data_ingestion_gcs_dag']) retrieved from /opt/airflow/dags/gcs_upload_dag.py
[2025-12-06 16:28:37,985] {logging_mixin.py:109} INFO - [2025-12-06 16:28:37,984] {dag.py:2396} INFO - Sync 1 DAGs
[2025-12-06 16:28:38,015] {logging_mixin.py:109} INFO - [2025-12-06 16:28:38,015] {dag.py:2935} INFO - Setting next_dagrun for data_ingestion_gcs_dag to 2025-12-06T00:00:00+00:00
[2025-12-06 16:28:38,032] {processor.py:171} INFO - Processing /opt/airflow/dags/gcs_upload_dag.py took 0.829 seconds
[2025-12-06 16:29:08,200] {processor.py:163} INFO - Started process (PID=3964) to work on /opt/airflow/dags/gcs_upload_dag.py
[2025-12-06 16:29:08,202] {processor.py:642} INFO - Processing file /opt/airflow/dags/gcs_upload_dag.py for tasks to queue
[2025-12-06 16:29:08,204] {logging_mixin.py:109} INFO - [2025-12-06 16:29:08,203] {dagbag.py:500} INFO - Filling up the DagBag from /opt/airflow/dags/gcs_upload_dag.py
[2025-12-06 16:29:09,009] {processor.py:654} INFO - DAG(s) dict_keys(['data_ingestion_gcs_dag']) retrieved from /opt/airflow/dags/gcs_upload_dag.py
[2025-12-06 16:29:09,023] {logging_mixin.py:109} INFO - [2025-12-06 16:29:09,022] {dag.py:2396} INFO - Sync 1 DAGs
[2025-12-06 16:29:09,042] {logging_mixin.py:109} INFO - [2025-12-06 16:29:09,042] {dag.py:2935} INFO - Setting next_dagrun for data_ingestion_gcs_dag to 2025-12-06T00:00:00+00:00
[2025-12-06 16:29:09,055] {processor.py:171} INFO - Processing /opt/airflow/dags/gcs_upload_dag.py took 0.860 seconds
[2025-12-06 16:29:39,252] {processor.py:163} INFO - Started process (PID=3997) to work on /opt/airflow/dags/gcs_upload_dag.py
[2025-12-06 16:29:39,254] {processor.py:642} INFO - Processing file /opt/airflow/dags/gcs_upload_dag.py for tasks to queue
[2025-12-06 16:29:39,256] {logging_mixin.py:109} INFO - [2025-12-06 16:29:39,256] {dagbag.py:500} INFO - Filling up the DagBag from /opt/airflow/dags/gcs_upload_dag.py
[2025-12-06 16:29:40,194] {processor.py:654} INFO - DAG(s) dict_keys(['data_ingestion_gcs_dag']) retrieved from /opt/airflow/dags/gcs_upload_dag.py
[2025-12-06 16:29:40,207] {logging_mixin.py:109} INFO - [2025-12-06 16:29:40,206] {dag.py:2396} INFO - Sync 1 DAGs
[2025-12-06 16:29:40,226] {logging_mixin.py:109} INFO - [2025-12-06 16:29:40,226] {dag.py:2935} INFO - Setting next_dagrun for data_ingestion_gcs_dag to 2025-12-06T00:00:00+00:00
[2025-12-06 16:29:40,239] {processor.py:171} INFO - Processing /opt/airflow/dags/gcs_upload_dag.py took 0.994 seconds
[2025-12-06 16:30:10,380] {processor.py:163} INFO - Started process (PID=4040) to work on /opt/airflow/dags/gcs_upload_dag.py
[2025-12-06 16:30:10,382] {processor.py:642} INFO - Processing file /opt/airflow/dags/gcs_upload_dag.py for tasks to queue
[2025-12-06 16:30:10,389] {logging_mixin.py:109} INFO - [2025-12-06 16:30:10,389] {dagbag.py:500} INFO - Filling up the DagBag from /opt/airflow/dags/gcs_upload_dag.py
[2025-12-06 16:30:11,573] {processor.py:654} INFO - DAG(s) dict_keys(['data_ingestion_gcs_dag']) retrieved from /opt/airflow/dags/gcs_upload_dag.py
[2025-12-06 16:30:11,585] {logging_mixin.py:109} INFO - [2025-12-06 16:30:11,584] {dag.py:2396} INFO - Sync 1 DAGs
[2025-12-06 16:30:11,605] {logging_mixin.py:109} INFO - [2025-12-06 16:30:11,605] {dag.py:2935} INFO - Setting next_dagrun for data_ingestion_gcs_dag to 2025-12-06T00:00:00+00:00
[2025-12-06 16:30:11,617] {processor.py:171} INFO - Processing /opt/airflow/dags/gcs_upload_dag.py took 1.240 seconds
[2025-12-06 16:30:41,769] {processor.py:163} INFO - Started process (PID=4073) to work on /opt/airflow/dags/gcs_upload_dag.py
[2025-12-06 16:30:41,770] {processor.py:642} INFO - Processing file /opt/airflow/dags/gcs_upload_dag.py for tasks to queue
[2025-12-06 16:30:41,771] {logging_mixin.py:109} INFO - [2025-12-06 16:30:41,771] {dagbag.py:500} INFO - Filling up the DagBag from /opt/airflow/dags/gcs_upload_dag.py
[2025-12-06 16:30:42,619] {processor.py:654} INFO - DAG(s) dict_keys(['data_ingestion_gcs_dag']) retrieved from /opt/airflow/dags/gcs_upload_dag.py
[2025-12-06 16:30:42,629] {logging_mixin.py:109} INFO - [2025-12-06 16:30:42,628] {dag.py:2396} INFO - Sync 1 DAGs
[2025-12-06 16:30:42,644] {logging_mixin.py:109} INFO - [2025-12-06 16:30:42,644] {dag.py:2935} INFO - Setting next_dagrun for data_ingestion_gcs_dag to 2025-12-06T00:00:00+00:00
[2025-12-06 16:30:42,659] {processor.py:171} INFO - Processing /opt/airflow/dags/gcs_upload_dag.py took 0.894 seconds
[2025-12-06 16:31:12,802] {processor.py:163} INFO - Started process (PID=4115) to work on /opt/airflow/dags/gcs_upload_dag.py
[2025-12-06 16:31:12,804] {processor.py:642} INFO - Processing file /opt/airflow/dags/gcs_upload_dag.py for tasks to queue
[2025-12-06 16:31:12,805] {logging_mixin.py:109} INFO - [2025-12-06 16:31:12,805] {dagbag.py:500} INFO - Filling up the DagBag from /opt/airflow/dags/gcs_upload_dag.py
[2025-12-06 16:31:13,803] {processor.py:654} INFO - DAG(s) dict_keys(['data_ingestion_gcs_dag']) retrieved from /opt/airflow/dags/gcs_upload_dag.py
[2025-12-06 16:31:13,820] {logging_mixin.py:109} INFO - [2025-12-06 16:31:13,818] {dag.py:2396} INFO - Sync 1 DAGs
[2025-12-06 16:31:13,840] {logging_mixin.py:109} INFO - [2025-12-06 16:31:13,840] {dag.py:2935} INFO - Setting next_dagrun for data_ingestion_gcs_dag to 2025-12-06T00:00:00+00:00
[2025-12-06 16:31:13,854] {processor.py:171} INFO - Processing /opt/airflow/dags/gcs_upload_dag.py took 1.056 seconds
[2025-12-06 16:31:43,994] {processor.py:163} INFO - Started process (PID=4149) to work on /opt/airflow/dags/gcs_upload_dag.py
[2025-12-06 16:31:43,995] {processor.py:642} INFO - Processing file /opt/airflow/dags/gcs_upload_dag.py for tasks to queue
[2025-12-06 16:31:43,996] {logging_mixin.py:109} INFO - [2025-12-06 16:31:43,996] {dagbag.py:500} INFO - Filling up the DagBag from /opt/airflow/dags/gcs_upload_dag.py
[2025-12-06 16:31:44,843] {processor.py:654} INFO - DAG(s) dict_keys(['data_ingestion_gcs_dag']) retrieved from /opt/airflow/dags/gcs_upload_dag.py
[2025-12-06 16:31:44,854] {logging_mixin.py:109} INFO - [2025-12-06 16:31:44,853] {dag.py:2396} INFO - Sync 1 DAGs
[2025-12-06 16:31:44,872] {logging_mixin.py:109} INFO - [2025-12-06 16:31:44,872] {dag.py:2935} INFO - Setting next_dagrun for data_ingestion_gcs_dag to 2025-12-06T00:00:00+00:00
[2025-12-06 16:31:44,884] {processor.py:171} INFO - Processing /opt/airflow/dags/gcs_upload_dag.py took 0.893 seconds
[2025-12-06 16:32:15,061] {processor.py:163} INFO - Started process (PID=4182) to work on /opt/airflow/dags/gcs_upload_dag.py
[2025-12-06 16:32:15,062] {processor.py:642} INFO - Processing file /opt/airflow/dags/gcs_upload_dag.py for tasks to queue
[2025-12-06 16:32:15,064] {logging_mixin.py:109} INFO - [2025-12-06 16:32:15,064] {dagbag.py:500} INFO - Filling up the DagBag from /opt/airflow/dags/gcs_upload_dag.py
[2025-12-06 16:32:16,073] {processor.py:654} INFO - DAG(s) dict_keys(['data_ingestion_gcs_dag']) retrieved from /opt/airflow/dags/gcs_upload_dag.py
[2025-12-06 16:32:16,089] {logging_mixin.py:109} INFO - [2025-12-06 16:32:16,087] {dag.py:2396} INFO - Sync 1 DAGs
[2025-12-06 16:32:16,113] {logging_mixin.py:109} INFO - [2025-12-06 16:32:16,112] {dag.py:2935} INFO - Setting next_dagrun for data_ingestion_gcs_dag to 2025-12-06T00:00:00+00:00
[2025-12-06 16:32:16,128] {processor.py:171} INFO - Processing /opt/airflow/dags/gcs_upload_dag.py took 1.070 seconds
[2025-12-06 16:32:46,255] {processor.py:163} INFO - Started process (PID=4225) to work on /opt/airflow/dags/gcs_upload_dag.py
[2025-12-06 16:32:46,257] {processor.py:642} INFO - Processing file /opt/airflow/dags/gcs_upload_dag.py for tasks to queue
[2025-12-06 16:32:46,257] {logging_mixin.py:109} INFO - [2025-12-06 16:32:46,257] {dagbag.py:500} INFO - Filling up the DagBag from /opt/airflow/dags/gcs_upload_dag.py
[2025-12-06 16:32:46,985] {processor.py:654} INFO - DAG(s) dict_keys(['data_ingestion_gcs_dag']) retrieved from /opt/airflow/dags/gcs_upload_dag.py
[2025-12-06 16:32:46,996] {logging_mixin.py:109} INFO - [2025-12-06 16:32:46,996] {dag.py:2396} INFO - Sync 1 DAGs
[2025-12-06 16:32:47,011] {logging_mixin.py:109} INFO - [2025-12-06 16:32:47,011] {dag.py:2935} INFO - Setting next_dagrun for data_ingestion_gcs_dag to 2025-12-06T00:00:00+00:00
[2025-12-06 16:32:47,022] {processor.py:171} INFO - Processing /opt/airflow/dags/gcs_upload_dag.py took 0.769 seconds
[2025-12-06 16:33:17,271] {processor.py:163} INFO - Started process (PID=4258) to work on /opt/airflow/dags/gcs_upload_dag.py
[2025-12-06 16:33:17,272] {processor.py:642} INFO - Processing file /opt/airflow/dags/gcs_upload_dag.py for tasks to queue
[2025-12-06 16:33:17,273] {logging_mixin.py:109} INFO - [2025-12-06 16:33:17,273] {dagbag.py:500} INFO - Filling up the DagBag from /opt/airflow/dags/gcs_upload_dag.py
[2025-12-06 16:33:18,025] {processor.py:654} INFO - DAG(s) dict_keys(['data_ingestion_gcs_dag']) retrieved from /opt/airflow/dags/gcs_upload_dag.py
[2025-12-06 16:33:18,040] {logging_mixin.py:109} INFO - [2025-12-06 16:33:18,038] {dag.py:2396} INFO - Sync 1 DAGs
[2025-12-06 16:33:18,060] {logging_mixin.py:109} INFO - [2025-12-06 16:33:18,060] {dag.py:2935} INFO - Setting next_dagrun for data_ingestion_gcs_dag to 2025-12-06T00:00:00+00:00
[2025-12-06 16:33:18,071] {processor.py:171} INFO - Processing /opt/airflow/dags/gcs_upload_dag.py took 0.803 seconds
[2025-12-06 16:33:48,287] {processor.py:163} INFO - Started process (PID=4301) to work on /opt/airflow/dags/gcs_upload_dag.py
[2025-12-06 16:33:48,289] {processor.py:642} INFO - Processing file /opt/airflow/dags/gcs_upload_dag.py for tasks to queue
[2025-12-06 16:33:48,289] {logging_mixin.py:109} INFO - [2025-12-06 16:33:48,289] {dagbag.py:500} INFO - Filling up the DagBag from /opt/airflow/dags/gcs_upload_dag.py
[2025-12-06 16:33:49,042] {processor.py:654} INFO - DAG(s) dict_keys(['data_ingestion_gcs_dag']) retrieved from /opt/airflow/dags/gcs_upload_dag.py
[2025-12-06 16:33:49,054] {logging_mixin.py:109} INFO - [2025-12-06 16:33:49,053] {dag.py:2396} INFO - Sync 1 DAGs
[2025-12-06 16:33:49,069] {logging_mixin.py:109} INFO - [2025-12-06 16:33:49,069] {dag.py:2935} INFO - Setting next_dagrun for data_ingestion_gcs_dag to 2025-12-06T00:00:00+00:00
[2025-12-06 16:33:49,081] {processor.py:171} INFO - Processing /opt/airflow/dags/gcs_upload_dag.py took 0.797 seconds
[2025-12-06 16:34:19,252] {processor.py:163} INFO - Started process (PID=4341) to work on /opt/airflow/dags/gcs_upload_dag.py
[2025-12-06 16:34:19,254] {processor.py:642} INFO - Processing file /opt/airflow/dags/gcs_upload_dag.py for tasks to queue
[2025-12-06 16:34:19,255] {logging_mixin.py:109} INFO - [2025-12-06 16:34:19,255] {dagbag.py:500} INFO - Filling up the DagBag from /opt/airflow/dags/gcs_upload_dag.py
[2025-12-06 16:34:20,197] {processor.py:654} INFO - DAG(s) dict_keys(['data_ingestion_gcs_dag']) retrieved from /opt/airflow/dags/gcs_upload_dag.py
[2025-12-06 16:34:20,213] {logging_mixin.py:109} INFO - [2025-12-06 16:34:20,211] {dag.py:2396} INFO - Sync 1 DAGs
[2025-12-06 16:34:20,233] {logging_mixin.py:109} INFO - [2025-12-06 16:34:20,233] {dag.py:2935} INFO - Setting next_dagrun for data_ingestion_gcs_dag to 2025-12-06T00:00:00+00:00
[2025-12-06 16:34:20,248] {processor.py:171} INFO - Processing /opt/airflow/dags/gcs_upload_dag.py took 0.998 seconds
[2025-12-06 16:34:50,478] {processor.py:163} INFO - Started process (PID=4377) to work on /opt/airflow/dags/gcs_upload_dag.py
[2025-12-06 16:34:50,479] {processor.py:642} INFO - Processing file /opt/airflow/dags/gcs_upload_dag.py for tasks to queue
[2025-12-06 16:34:50,480] {logging_mixin.py:109} INFO - [2025-12-06 16:34:50,480] {dagbag.py:500} INFO - Filling up the DagBag from /opt/airflow/dags/gcs_upload_dag.py
[2025-12-06 16:34:51,334] {processor.py:654} INFO - DAG(s) dict_keys(['data_ingestion_gcs_dag']) retrieved from /opt/airflow/dags/gcs_upload_dag.py
[2025-12-06 16:34:51,347] {logging_mixin.py:109} INFO - [2025-12-06 16:34:51,346] {dag.py:2396} INFO - Sync 1 DAGs
[2025-12-06 16:34:51,368] {logging_mixin.py:109} INFO - [2025-12-06 16:34:51,368] {dag.py:2935} INFO - Setting next_dagrun for data_ingestion_gcs_dag to 2025-12-06T00:00:00+00:00
[2025-12-06 16:34:51,383] {processor.py:171} INFO - Processing /opt/airflow/dags/gcs_upload_dag.py took 0.909 seconds
[2025-12-06 16:35:21,598] {processor.py:163} INFO - Started process (PID=4417) to work on /opt/airflow/dags/gcs_upload_dag.py
[2025-12-06 16:35:21,601] {processor.py:642} INFO - Processing file /opt/airflow/dags/gcs_upload_dag.py for tasks to queue
[2025-12-06 16:35:21,603] {logging_mixin.py:109} INFO - [2025-12-06 16:35:21,603] {dagbag.py:500} INFO - Filling up the DagBag from /opt/airflow/dags/gcs_upload_dag.py
[2025-12-06 16:35:22,488] {processor.py:654} INFO - DAG(s) dict_keys(['data_ingestion_gcs_dag']) retrieved from /opt/airflow/dags/gcs_upload_dag.py
[2025-12-06 16:35:22,500] {logging_mixin.py:109} INFO - [2025-12-06 16:35:22,499] {dag.py:2396} INFO - Sync 1 DAGs
[2025-12-06 16:35:22,517] {logging_mixin.py:109} INFO - [2025-12-06 16:35:22,517] {dag.py:2935} INFO - Setting next_dagrun for data_ingestion_gcs_dag to 2025-12-06T00:00:00+00:00
[2025-12-06 16:35:22,529] {processor.py:171} INFO - Processing /opt/airflow/dags/gcs_upload_dag.py took 0.941 seconds
[2025-12-06 16:35:52,748] {processor.py:163} INFO - Started process (PID=4453) to work on /opt/airflow/dags/gcs_upload_dag.py
[2025-12-06 16:35:52,750] {processor.py:642} INFO - Processing file /opt/airflow/dags/gcs_upload_dag.py for tasks to queue
[2025-12-06 16:35:52,751] {logging_mixin.py:109} INFO - [2025-12-06 16:35:52,751] {dagbag.py:500} INFO - Filling up the DagBag from /opt/airflow/dags/gcs_upload_dag.py
[2025-12-06 16:35:53,651] {processor.py:654} INFO - DAG(s) dict_keys(['data_ingestion_gcs_dag']) retrieved from /opt/airflow/dags/gcs_upload_dag.py
[2025-12-06 16:35:53,663] {logging_mixin.py:109} INFO - [2025-12-06 16:35:53,662] {dag.py:2396} INFO - Sync 1 DAGs
[2025-12-06 16:35:53,683] {logging_mixin.py:109} INFO - [2025-12-06 16:35:53,683] {dag.py:2935} INFO - Setting next_dagrun for data_ingestion_gcs_dag to 2025-12-06T00:00:00+00:00
[2025-12-06 16:35:53,698] {processor.py:171} INFO - Processing /opt/airflow/dags/gcs_upload_dag.py took 0.953 seconds
[2025-12-06 16:36:23,924] {processor.py:163} INFO - Started process (PID=4486) to work on /opt/airflow/dags/gcs_upload_dag.py
[2025-12-06 16:36:23,925] {processor.py:642} INFO - Processing file /opt/airflow/dags/gcs_upload_dag.py for tasks to queue
[2025-12-06 16:36:23,926] {logging_mixin.py:109} INFO - [2025-12-06 16:36:23,926] {dagbag.py:500} INFO - Filling up the DagBag from /opt/airflow/dags/gcs_upload_dag.py
[2025-12-06 16:36:24,801] {processor.py:654} INFO - DAG(s) dict_keys(['data_ingestion_gcs_dag']) retrieved from /opt/airflow/dags/gcs_upload_dag.py
[2025-12-06 16:36:24,815] {logging_mixin.py:109} INFO - [2025-12-06 16:36:24,813] {dag.py:2396} INFO - Sync 1 DAGs
[2025-12-06 16:36:24,833] {logging_mixin.py:109} INFO - [2025-12-06 16:36:24,833] {dag.py:2935} INFO - Setting next_dagrun for data_ingestion_gcs_dag to 2025-12-06T00:00:00+00:00
[2025-12-06 16:36:24,845] {processor.py:171} INFO - Processing /opt/airflow/dags/gcs_upload_dag.py took 0.923 seconds
[2025-12-06 16:36:55,075] {processor.py:163} INFO - Started process (PID=4529) to work on /opt/airflow/dags/gcs_upload_dag.py
[2025-12-06 16:36:55,077] {processor.py:642} INFO - Processing file /opt/airflow/dags/gcs_upload_dag.py for tasks to queue
[2025-12-06 16:36:55,078] {logging_mixin.py:109} INFO - [2025-12-06 16:36:55,078] {dagbag.py:500} INFO - Filling up the DagBag from /opt/airflow/dags/gcs_upload_dag.py
[2025-12-06 16:36:56,037] {processor.py:654} INFO - DAG(s) dict_keys(['data_ingestion_gcs_dag']) retrieved from /opt/airflow/dags/gcs_upload_dag.py
[2025-12-06 16:36:56,051] {logging_mixin.py:109} INFO - [2025-12-06 16:36:56,049] {dag.py:2396} INFO - Sync 1 DAGs
[2025-12-06 16:36:56,069] {logging_mixin.py:109} INFO - [2025-12-06 16:36:56,069] {dag.py:2935} INFO - Setting next_dagrun for data_ingestion_gcs_dag to 2025-12-06T00:00:00+00:00
[2025-12-06 16:36:56,080] {processor.py:171} INFO - Processing /opt/airflow/dags/gcs_upload_dag.py took 1.012 seconds
[2025-12-06 16:37:26,262] {processor.py:163} INFO - Started process (PID=4562) to work on /opt/airflow/dags/gcs_upload_dag.py
[2025-12-06 16:37:26,263] {processor.py:642} INFO - Processing file /opt/airflow/dags/gcs_upload_dag.py for tasks to queue
[2025-12-06 16:37:26,264] {logging_mixin.py:109} INFO - [2025-12-06 16:37:26,264] {dagbag.py:500} INFO - Filling up the DagBag from /opt/airflow/dags/gcs_upload_dag.py
[2025-12-06 16:37:27,048] {processor.py:654} INFO - DAG(s) dict_keys(['data_ingestion_gcs_dag']) retrieved from /opt/airflow/dags/gcs_upload_dag.py
[2025-12-06 16:37:27,059] {logging_mixin.py:109} INFO - [2025-12-06 16:37:27,058] {dag.py:2396} INFO - Sync 1 DAGs
[2025-12-06 16:37:27,074] {logging_mixin.py:109} INFO - [2025-12-06 16:37:27,074] {dag.py:2935} INFO - Setting next_dagrun for data_ingestion_gcs_dag to 2025-12-06T00:00:00+00:00
[2025-12-06 16:37:27,086] {processor.py:171} INFO - Processing /opt/airflow/dags/gcs_upload_dag.py took 0.827 seconds
[2025-12-06 16:37:57,278] {processor.py:163} INFO - Started process (PID=4605) to work on /opt/airflow/dags/gcs_upload_dag.py
[2025-12-06 16:37:57,279] {processor.py:642} INFO - Processing file /opt/airflow/dags/gcs_upload_dag.py for tasks to queue
[2025-12-06 16:37:57,280] {logging_mixin.py:109} INFO - [2025-12-06 16:37:57,280] {dagbag.py:500} INFO - Filling up the DagBag from /opt/airflow/dags/gcs_upload_dag.py
[2025-12-06 16:37:58,094] {processor.py:654} INFO - DAG(s) dict_keys(['data_ingestion_gcs_dag']) retrieved from /opt/airflow/dags/gcs_upload_dag.py
[2025-12-06 16:37:58,104] {logging_mixin.py:109} INFO - [2025-12-06 16:37:58,104] {dag.py:2396} INFO - Sync 1 DAGs
[2025-12-06 16:37:58,120] {logging_mixin.py:109} INFO - [2025-12-06 16:37:58,120] {dag.py:2935} INFO - Setting next_dagrun for data_ingestion_gcs_dag to 2025-12-06T00:00:00+00:00
[2025-12-06 16:37:58,136] {processor.py:171} INFO - Processing /opt/airflow/dags/gcs_upload_dag.py took 0.861 seconds
[2025-12-06 16:38:28,395] {processor.py:163} INFO - Started process (PID=4638) to work on /opt/airflow/dags/gcs_upload_dag.py
[2025-12-06 16:38:28,397] {processor.py:642} INFO - Processing file /opt/airflow/dags/gcs_upload_dag.py for tasks to queue
[2025-12-06 16:38:28,398] {logging_mixin.py:109} INFO - [2025-12-06 16:38:28,398] {dagbag.py:500} INFO - Filling up the DagBag from /opt/airflow/dags/gcs_upload_dag.py
[2025-12-06 16:38:29,226] {processor.py:654} INFO - DAG(s) dict_keys(['data_ingestion_gcs_dag']) retrieved from /opt/airflow/dags/gcs_upload_dag.py
[2025-12-06 16:38:29,238] {logging_mixin.py:109} INFO - [2025-12-06 16:38:29,237] {dag.py:2396} INFO - Sync 1 DAGs
[2025-12-06 16:38:29,254] {logging_mixin.py:109} INFO - [2025-12-06 16:38:29,254] {dag.py:2935} INFO - Setting next_dagrun for data_ingestion_gcs_dag to 2025-12-06T00:00:00+00:00
[2025-12-06 16:38:29,266] {processor.py:171} INFO - Processing /opt/airflow/dags/gcs_upload_dag.py took 0.877 seconds
[2025-12-06 16:38:59,497] {processor.py:163} INFO - Started process (PID=4681) to work on /opt/airflow/dags/gcs_upload_dag.py
[2025-12-06 16:38:59,499] {processor.py:642} INFO - Processing file /opt/airflow/dags/gcs_upload_dag.py for tasks to queue
[2025-12-06 16:38:59,500] {logging_mixin.py:109} INFO - [2025-12-06 16:38:59,500] {dagbag.py:500} INFO - Filling up the DagBag from /opt/airflow/dags/gcs_upload_dag.py
[2025-12-06 16:39:00,417] {processor.py:654} INFO - DAG(s) dict_keys(['data_ingestion_gcs_dag']) retrieved from /opt/airflow/dags/gcs_upload_dag.py
[2025-12-06 16:39:00,435] {logging_mixin.py:109} INFO - [2025-12-06 16:39:00,433] {dag.py:2396} INFO - Sync 1 DAGs
[2025-12-06 16:39:00,458] {logging_mixin.py:109} INFO - [2025-12-06 16:39:00,458] {dag.py:2935} INFO - Setting next_dagrun for data_ingestion_gcs_dag to 2025-12-06T00:00:00+00:00
[2025-12-06 16:39:00,473] {processor.py:171} INFO - Processing /opt/airflow/dags/gcs_upload_dag.py took 0.978 seconds
[2025-12-06 16:39:30,672] {processor.py:163} INFO - Started process (PID=4714) to work on /opt/airflow/dags/gcs_upload_dag.py
[2025-12-06 16:39:30,673] {processor.py:642} INFO - Processing file /opt/airflow/dags/gcs_upload_dag.py for tasks to queue
[2025-12-06 16:39:30,674] {logging_mixin.py:109} INFO - [2025-12-06 16:39:30,674] {dagbag.py:500} INFO - Filling up the DagBag from /opt/airflow/dags/gcs_upload_dag.py
[2025-12-06 16:39:31,443] {processor.py:654} INFO - DAG(s) dict_keys(['data_ingestion_gcs_dag']) retrieved from /opt/airflow/dags/gcs_upload_dag.py
[2025-12-06 16:39:31,454] {logging_mixin.py:109} INFO - [2025-12-06 16:39:31,453] {dag.py:2396} INFO - Sync 1 DAGs
[2025-12-06 16:39:31,471] {logging_mixin.py:109} INFO - [2025-12-06 16:39:31,471] {dag.py:2935} INFO - Setting next_dagrun for data_ingestion_gcs_dag to 2025-12-06T00:00:00+00:00
[2025-12-06 16:39:31,487] {processor.py:171} INFO - Processing /opt/airflow/dags/gcs_upload_dag.py took 0.818 seconds
[2025-12-06 16:40:01,659] {processor.py:163} INFO - Started process (PID=4757) to work on /opt/airflow/dags/gcs_upload_dag.py
[2025-12-06 16:40:01,660] {processor.py:642} INFO - Processing file /opt/airflow/dags/gcs_upload_dag.py for tasks to queue
[2025-12-06 16:40:01,661] {logging_mixin.py:109} INFO - [2025-12-06 16:40:01,661] {dagbag.py:500} INFO - Filling up the DagBag from /opt/airflow/dags/gcs_upload_dag.py
[2025-12-06 16:40:02,622] {processor.py:654} INFO - DAG(s) dict_keys(['data_ingestion_gcs_dag']) retrieved from /opt/airflow/dags/gcs_upload_dag.py
[2025-12-06 16:40:02,633] {logging_mixin.py:109} INFO - [2025-12-06 16:40:02,632] {dag.py:2396} INFO - Sync 1 DAGs
[2025-12-06 16:40:02,651] {logging_mixin.py:109} INFO - [2025-12-06 16:40:02,651] {dag.py:2935} INFO - Setting next_dagrun for data_ingestion_gcs_dag to 2025-12-06T00:00:00+00:00
[2025-12-06 16:40:02,661] {processor.py:171} INFO - Processing /opt/airflow/dags/gcs_upload_dag.py took 0.993 seconds
[2025-12-06 16:40:32,909] {processor.py:163} INFO - Started process (PID=4790) to work on /opt/airflow/dags/gcs_upload_dag.py
[2025-12-06 16:40:32,910] {processor.py:642} INFO - Processing file /opt/airflow/dags/gcs_upload_dag.py for tasks to queue
[2025-12-06 16:40:32,911] {logging_mixin.py:109} INFO - [2025-12-06 16:40:32,911] {dagbag.py:500} INFO - Filling up the DagBag from /opt/airflow/dags/gcs_upload_dag.py
[2025-12-06 16:40:33,659] {processor.py:654} INFO - DAG(s) dict_keys(['data_ingestion_gcs_dag']) retrieved from /opt/airflow/dags/gcs_upload_dag.py
[2025-12-06 16:40:33,670] {logging_mixin.py:109} INFO - [2025-12-06 16:40:33,669] {dag.py:2396} INFO - Sync 1 DAGs
[2025-12-06 16:40:33,687] {logging_mixin.py:109} INFO - [2025-12-06 16:40:33,686] {dag.py:2935} INFO - Setting next_dagrun for data_ingestion_gcs_dag to 2025-12-06T00:00:00+00:00
[2025-12-06 16:40:33,699] {processor.py:171} INFO - Processing /opt/airflow/dags/gcs_upload_dag.py took 0.792 seconds
[2025-12-06 16:41:03,893] {processor.py:163} INFO - Started process (PID=4833) to work on /opt/airflow/dags/gcs_upload_dag.py
[2025-12-06 16:41:03,895] {processor.py:642} INFO - Processing file /opt/airflow/dags/gcs_upload_dag.py for tasks to queue
[2025-12-06 16:41:03,895] {logging_mixin.py:109} INFO - [2025-12-06 16:41:03,895] {dagbag.py:500} INFO - Filling up the DagBag from /opt/airflow/dags/gcs_upload_dag.py
[2025-12-06 16:41:04,682] {processor.py:654} INFO - DAG(s) dict_keys(['data_ingestion_gcs_dag']) retrieved from /opt/airflow/dags/gcs_upload_dag.py
[2025-12-06 16:41:04,701] {logging_mixin.py:109} INFO - [2025-12-06 16:41:04,698] {dag.py:2396} INFO - Sync 1 DAGs
[2025-12-06 16:41:04,727] {logging_mixin.py:109} INFO - [2025-12-06 16:41:04,727] {dag.py:2935} INFO - Setting next_dagrun for data_ingestion_gcs_dag to 2025-12-06T00:00:00+00:00
[2025-12-06 16:41:04,738] {processor.py:171} INFO - Processing /opt/airflow/dags/gcs_upload_dag.py took 0.848 seconds
[2025-12-06 16:41:34,922] {processor.py:163} INFO - Started process (PID=4866) to work on /opt/airflow/dags/gcs_upload_dag.py
[2025-12-06 16:41:34,924] {processor.py:642} INFO - Processing file /opt/airflow/dags/gcs_upload_dag.py for tasks to queue
[2025-12-06 16:41:34,925] {logging_mixin.py:109} INFO - [2025-12-06 16:41:34,925] {dagbag.py:500} INFO - Filling up the DagBag from /opt/airflow/dags/gcs_upload_dag.py
[2025-12-06 16:41:35,923] {processor.py:654} INFO - DAG(s) dict_keys(['data_ingestion_gcs_dag']) retrieved from /opt/airflow/dags/gcs_upload_dag.py
[2025-12-06 16:41:35,934] {logging_mixin.py:109} INFO - [2025-12-06 16:41:35,933] {dag.py:2396} INFO - Sync 1 DAGs
[2025-12-06 16:41:35,952] {logging_mixin.py:109} INFO - [2025-12-06 16:41:35,952] {dag.py:2935} INFO - Setting next_dagrun for data_ingestion_gcs_dag to 2025-12-06T00:00:00+00:00
[2025-12-06 16:41:35,963] {processor.py:171} INFO - Processing /opt/airflow/dags/gcs_upload_dag.py took 1.045 seconds
[2025-12-06 16:42:06,138] {processor.py:163} INFO - Started process (PID=4909) to work on /opt/airflow/dags/gcs_upload_dag.py
[2025-12-06 16:42:06,140] {processor.py:642} INFO - Processing file /opt/airflow/dags/gcs_upload_dag.py for tasks to queue
[2025-12-06 16:42:06,141] {logging_mixin.py:109} INFO - [2025-12-06 16:42:06,141] {dagbag.py:500} INFO - Filling up the DagBag from /opt/airflow/dags/gcs_upload_dag.py
[2025-12-06 16:42:07,254] {processor.py:654} INFO - DAG(s) dict_keys(['data_ingestion_gcs_dag']) retrieved from /opt/airflow/dags/gcs_upload_dag.py
[2025-12-06 16:42:07,268] {logging_mixin.py:109} INFO - [2025-12-06 16:42:07,267] {dag.py:2396} INFO - Sync 1 DAGs
[2025-12-06 16:42:07,289] {logging_mixin.py:109} INFO - [2025-12-06 16:42:07,289] {dag.py:2935} INFO - Setting next_dagrun for data_ingestion_gcs_dag to 2025-12-06T00:00:00+00:00
[2025-12-06 16:42:07,302] {processor.py:171} INFO - Processing /opt/airflow/dags/gcs_upload_dag.py took 1.169 seconds
[2025-12-06 16:42:37,353] {processor.py:163} INFO - Started process (PID=4942) to work on /opt/airflow/dags/gcs_upload_dag.py
[2025-12-06 16:42:37,355] {processor.py:642} INFO - Processing file /opt/airflow/dags/gcs_upload_dag.py for tasks to queue
[2025-12-06 16:42:37,356] {logging_mixin.py:109} INFO - [2025-12-06 16:42:37,355] {dagbag.py:500} INFO - Filling up the DagBag from /opt/airflow/dags/gcs_upload_dag.py
[2025-12-06 16:42:38,123] {processor.py:654} INFO - DAG(s) dict_keys(['data_ingestion_gcs_dag']) retrieved from /opt/airflow/dags/gcs_upload_dag.py
[2025-12-06 16:42:38,139] {logging_mixin.py:109} INFO - [2025-12-06 16:42:38,138] {dag.py:2396} INFO - Sync 1 DAGs
[2025-12-06 16:42:38,161] {logging_mixin.py:109} INFO - [2025-12-06 16:42:38,161] {dag.py:2935} INFO - Setting next_dagrun for data_ingestion_gcs_dag to 2025-12-06T00:00:00+00:00
[2025-12-06 16:42:38,172] {processor.py:171} INFO - Processing /opt/airflow/dags/gcs_upload_dag.py took 0.821 seconds
[2025-12-06 16:43:08,334] {processor.py:163} INFO - Started process (PID=4985) to work on /opt/airflow/dags/gcs_upload_dag.py
[2025-12-06 16:43:08,336] {processor.py:642} INFO - Processing file /opt/airflow/dags/gcs_upload_dag.py for tasks to queue
[2025-12-06 16:43:08,337] {logging_mixin.py:109} INFO - [2025-12-06 16:43:08,337] {dagbag.py:500} INFO - Filling up the DagBag from /opt/airflow/dags/gcs_upload_dag.py
[2025-12-06 16:43:09,322] {processor.py:654} INFO - DAG(s) dict_keys(['data_ingestion_gcs_dag']) retrieved from /opt/airflow/dags/gcs_upload_dag.py
[2025-12-06 16:43:09,337] {logging_mixin.py:109} INFO - [2025-12-06 16:43:09,336] {dag.py:2396} INFO - Sync 1 DAGs
[2025-12-06 16:43:09,357] {logging_mixin.py:109} INFO - [2025-12-06 16:43:09,357] {dag.py:2935} INFO - Setting next_dagrun for data_ingestion_gcs_dag to 2025-12-06T00:00:00+00:00
[2025-12-06 16:43:09,370] {processor.py:171} INFO - Processing /opt/airflow/dags/gcs_upload_dag.py took 1.039 seconds
[2025-12-06 16:43:39,575] {processor.py:163} INFO - Started process (PID=5018) to work on /opt/airflow/dags/gcs_upload_dag.py
[2025-12-06 16:43:39,576] {processor.py:642} INFO - Processing file /opt/airflow/dags/gcs_upload_dag.py for tasks to queue
[2025-12-06 16:43:39,577] {logging_mixin.py:109} INFO - [2025-12-06 16:43:39,577] {dagbag.py:500} INFO - Filling up the DagBag from /opt/airflow/dags/gcs_upload_dag.py
[2025-12-06 16:43:40,464] {processor.py:654} INFO - DAG(s) dict_keys(['data_ingestion_gcs_dag']) retrieved from /opt/airflow/dags/gcs_upload_dag.py
[2025-12-06 16:43:40,476] {logging_mixin.py:109} INFO - [2025-12-06 16:43:40,474] {dag.py:2396} INFO - Sync 1 DAGs
[2025-12-06 16:43:40,493] {logging_mixin.py:109} INFO - [2025-12-06 16:43:40,493] {dag.py:2935} INFO - Setting next_dagrun for data_ingestion_gcs_dag to 2025-12-06T00:00:00+00:00
[2025-12-06 16:43:40,506] {processor.py:171} INFO - Processing /opt/airflow/dags/gcs_upload_dag.py took 0.934 seconds
[2025-12-06 16:44:10,734] {processor.py:163} INFO - Started process (PID=5059) to work on /opt/airflow/dags/gcs_upload_dag.py
[2025-12-06 16:44:10,735] {processor.py:642} INFO - Processing file /opt/airflow/dags/gcs_upload_dag.py for tasks to queue
[2025-12-06 16:44:10,737] {logging_mixin.py:109} INFO - [2025-12-06 16:44:10,736] {dagbag.py:500} INFO - Filling up the DagBag from /opt/airflow/dags/gcs_upload_dag.py
[2025-12-06 16:44:11,741] {processor.py:654} INFO - DAG(s) dict_keys(['data_ingestion_gcs_dag']) retrieved from /opt/airflow/dags/gcs_upload_dag.py
[2025-12-06 16:44:11,758] {logging_mixin.py:109} INFO - [2025-12-06 16:44:11,757] {dag.py:2396} INFO - Sync 1 DAGs
[2025-12-06 16:44:11,780] {logging_mixin.py:109} INFO - [2025-12-06 16:44:11,780] {dag.py:2935} INFO - Setting next_dagrun for data_ingestion_gcs_dag to 2025-12-06T00:00:00+00:00
[2025-12-06 16:44:11,792] {processor.py:171} INFO - Processing /opt/airflow/dags/gcs_upload_dag.py took 1.062 seconds
[2025-12-06 16:44:41,922] {processor.py:163} INFO - Started process (PID=5094) to work on /opt/airflow/dags/gcs_upload_dag.py
[2025-12-06 16:44:41,924] {processor.py:642} INFO - Processing file /opt/airflow/dags/gcs_upload_dag.py for tasks to queue
[2025-12-06 16:44:41,924] {logging_mixin.py:109} INFO - [2025-12-06 16:44:41,924] {dagbag.py:500} INFO - Filling up the DagBag from /opt/airflow/dags/gcs_upload_dag.py
[2025-12-06 16:44:42,934] {processor.py:654} INFO - DAG(s) dict_keys(['data_ingestion_gcs_dag']) retrieved from /opt/airflow/dags/gcs_upload_dag.py
[2025-12-06 16:44:42,950] {logging_mixin.py:109} INFO - [2025-12-06 16:44:42,948] {dag.py:2396} INFO - Sync 1 DAGs
[2025-12-06 16:44:42,970] {logging_mixin.py:109} INFO - [2025-12-06 16:44:42,970] {dag.py:2935} INFO - Setting next_dagrun for data_ingestion_gcs_dag to 2025-12-06T00:00:00+00:00
[2025-12-06 16:44:42,985] {processor.py:171} INFO - Processing /opt/airflow/dags/gcs_upload_dag.py took 1.065 seconds
[2025-12-06 16:45:13,160] {processor.py:163} INFO - Started process (PID=5127) to work on /opt/airflow/dags/gcs_upload_dag.py
[2025-12-06 16:45:13,162] {processor.py:642} INFO - Processing file /opt/airflow/dags/gcs_upload_dag.py for tasks to queue
[2025-12-06 16:45:13,163] {logging_mixin.py:109} INFO - [2025-12-06 16:45:13,163] {dagbag.py:500} INFO - Filling up the DagBag from /opt/airflow/dags/gcs_upload_dag.py
[2025-12-06 16:45:14,006] {processor.py:654} INFO - DAG(s) dict_keys(['data_ingestion_gcs_dag']) retrieved from /opt/airflow/dags/gcs_upload_dag.py
[2025-12-06 16:45:14,025] {logging_mixin.py:109} INFO - [2025-12-06 16:45:14,022] {dag.py:2396} INFO - Sync 1 DAGs
[2025-12-06 16:45:14,075] {logging_mixin.py:109} INFO - [2025-12-06 16:45:14,075] {dag.py:2935} INFO - Setting next_dagrun for data_ingestion_gcs_dag to 2025-12-06T00:00:00+00:00
[2025-12-06 16:45:14,089] {processor.py:171} INFO - Processing /opt/airflow/dags/gcs_upload_dag.py took 0.933 seconds
[2025-12-06 16:45:44,336] {processor.py:163} INFO - Started process (PID=5170) to work on /opt/airflow/dags/gcs_upload_dag.py
[2025-12-06 16:45:44,338] {processor.py:642} INFO - Processing file /opt/airflow/dags/gcs_upload_dag.py for tasks to queue
[2025-12-06 16:45:44,339] {logging_mixin.py:109} INFO - [2025-12-06 16:45:44,339] {dagbag.py:500} INFO - Filling up the DagBag from /opt/airflow/dags/gcs_upload_dag.py
[2025-12-06 16:45:45,384] {processor.py:654} INFO - DAG(s) dict_keys(['data_ingestion_gcs_dag']) retrieved from /opt/airflow/dags/gcs_upload_dag.py
[2025-12-06 16:45:45,398] {logging_mixin.py:109} INFO - [2025-12-06 16:45:45,397] {dag.py:2396} INFO - Sync 1 DAGs
[2025-12-06 16:45:45,418] {logging_mixin.py:109} INFO - [2025-12-06 16:45:45,418] {dag.py:2935} INFO - Setting next_dagrun for data_ingestion_gcs_dag to 2025-12-06T00:00:00+00:00
[2025-12-06 16:45:45,430] {processor.py:171} INFO - Processing /opt/airflow/dags/gcs_upload_dag.py took 1.099 seconds
[2025-12-06 16:46:15,513] {processor.py:163} INFO - Started process (PID=5203) to work on /opt/airflow/dags/gcs_upload_dag.py
[2025-12-06 16:46:15,515] {processor.py:642} INFO - Processing file /opt/airflow/dags/gcs_upload_dag.py for tasks to queue
[2025-12-06 16:46:15,515] {logging_mixin.py:109} INFO - [2025-12-06 16:46:15,515] {dagbag.py:500} INFO - Filling up the DagBag from /opt/airflow/dags/gcs_upload_dag.py
[2025-12-06 16:46:16,352] {processor.py:654} INFO - DAG(s) dict_keys(['data_ingestion_gcs_dag']) retrieved from /opt/airflow/dags/gcs_upload_dag.py
[2025-12-06 16:46:16,365] {logging_mixin.py:109} INFO - [2025-12-06 16:46:16,364] {dag.py:2396} INFO - Sync 1 DAGs
[2025-12-06 16:46:16,383] {logging_mixin.py:109} INFO - [2025-12-06 16:46:16,383] {dag.py:2935} INFO - Setting next_dagrun for data_ingestion_gcs_dag to 2025-12-06T00:00:00+00:00
[2025-12-06 16:46:16,395] {processor.py:171} INFO - Processing /opt/airflow/dags/gcs_upload_dag.py took 0.887 seconds
[2025-12-06 16:46:46,588] {processor.py:163} INFO - Started process (PID=5246) to work on /opt/airflow/dags/gcs_upload_dag.py
[2025-12-06 16:46:46,589] {processor.py:642} INFO - Processing file /opt/airflow/dags/gcs_upload_dag.py for tasks to queue
[2025-12-06 16:46:46,590] {logging_mixin.py:109} INFO - [2025-12-06 16:46:46,590] {dagbag.py:500} INFO - Filling up the DagBag from /opt/airflow/dags/gcs_upload_dag.py
[2025-12-06 16:46:47,357] {processor.py:654} INFO - DAG(s) dict_keys(['data_ingestion_gcs_dag']) retrieved from /opt/airflow/dags/gcs_upload_dag.py
[2025-12-06 16:46:47,368] {logging_mixin.py:109} INFO - [2025-12-06 16:46:47,367] {dag.py:2396} INFO - Sync 1 DAGs
[2025-12-06 16:46:47,383] {logging_mixin.py:109} INFO - [2025-12-06 16:46:47,382] {dag.py:2935} INFO - Setting next_dagrun for data_ingestion_gcs_dag to 2025-12-06T00:00:00+00:00
[2025-12-06 16:46:47,394] {processor.py:171} INFO - Processing /opt/airflow/dags/gcs_upload_dag.py took 0.809 seconds
[2025-12-06 16:47:17,593] {processor.py:163} INFO - Started process (PID=5279) to work on /opt/airflow/dags/gcs_upload_dag.py
[2025-12-06 16:47:17,595] {processor.py:642} INFO - Processing file /opt/airflow/dags/gcs_upload_dag.py for tasks to queue
[2025-12-06 16:47:17,596] {logging_mixin.py:109} INFO - [2025-12-06 16:47:17,596] {dagbag.py:500} INFO - Filling up the DagBag from /opt/airflow/dags/gcs_upload_dag.py
[2025-12-06 16:47:18,522] {processor.py:654} INFO - DAG(s) dict_keys(['data_ingestion_gcs_dag']) retrieved from /opt/airflow/dags/gcs_upload_dag.py
[2025-12-06 16:47:18,535] {logging_mixin.py:109} INFO - [2025-12-06 16:47:18,533] {dag.py:2396} INFO - Sync 1 DAGs
[2025-12-06 16:47:18,553] {logging_mixin.py:109} INFO - [2025-12-06 16:47:18,552] {dag.py:2935} INFO - Setting next_dagrun for data_ingestion_gcs_dag to 2025-12-06T00:00:00+00:00
[2025-12-06 16:47:18,566] {processor.py:171} INFO - Processing /opt/airflow/dags/gcs_upload_dag.py took 0.977 seconds
[2025-12-06 16:47:48,832] {processor.py:163} INFO - Started process (PID=5322) to work on /opt/airflow/dags/gcs_upload_dag.py
[2025-12-06 16:47:48,834] {processor.py:642} INFO - Processing file /opt/airflow/dags/gcs_upload_dag.py for tasks to queue
[2025-12-06 16:47:48,835] {logging_mixin.py:109} INFO - [2025-12-06 16:47:48,834] {dagbag.py:500} INFO - Filling up the DagBag from /opt/airflow/dags/gcs_upload_dag.py
[2025-12-06 16:47:49,668] {processor.py:654} INFO - DAG(s) dict_keys(['data_ingestion_gcs_dag']) retrieved from /opt/airflow/dags/gcs_upload_dag.py
[2025-12-06 16:47:49,680] {logging_mixin.py:109} INFO - [2025-12-06 16:47:49,679] {dag.py:2396} INFO - Sync 1 DAGs
[2025-12-06 16:47:49,696] {logging_mixin.py:109} INFO - [2025-12-06 16:47:49,696] {dag.py:2935} INFO - Setting next_dagrun for data_ingestion_gcs_dag to 2025-12-06T00:00:00+00:00
[2025-12-06 16:47:49,708] {processor.py:171} INFO - Processing /opt/airflow/dags/gcs_upload_dag.py took 0.880 seconds
[2025-12-06 16:48:19,908] {processor.py:163} INFO - Started process (PID=5355) to work on /opt/airflow/dags/gcs_upload_dag.py
[2025-12-06 16:48:19,909] {processor.py:642} INFO - Processing file /opt/airflow/dags/gcs_upload_dag.py for tasks to queue
[2025-12-06 16:48:19,910] {logging_mixin.py:109} INFO - [2025-12-06 16:48:19,910] {dagbag.py:500} INFO - Filling up the DagBag from /opt/airflow/dags/gcs_upload_dag.py
[2025-12-06 16:48:20,642] {processor.py:654} INFO - DAG(s) dict_keys(['data_ingestion_gcs_dag']) retrieved from /opt/airflow/dags/gcs_upload_dag.py
[2025-12-06 16:48:20,652] {logging_mixin.py:109} INFO - [2025-12-06 16:48:20,652] {dag.py:2396} INFO - Sync 1 DAGs
[2025-12-06 16:48:20,667] {logging_mixin.py:109} INFO - [2025-12-06 16:48:20,667] {dag.py:2935} INFO - Setting next_dagrun for data_ingestion_gcs_dag to 2025-12-06T00:00:00+00:00
[2025-12-06 16:48:20,678] {processor.py:171} INFO - Processing /opt/airflow/dags/gcs_upload_dag.py took 0.773 seconds
[2025-12-06 16:48:50,884] {processor.py:163} INFO - Started process (PID=5398) to work on /opt/airflow/dags/gcs_upload_dag.py
[2025-12-06 16:48:50,885] {processor.py:642} INFO - Processing file /opt/airflow/dags/gcs_upload_dag.py for tasks to queue
[2025-12-06 16:48:50,886] {logging_mixin.py:109} INFO - [2025-12-06 16:48:50,886] {dagbag.py:500} INFO - Filling up the DagBag from /opt/airflow/dags/gcs_upload_dag.py
[2025-12-06 16:48:51,841] {processor.py:654} INFO - DAG(s) dict_keys(['data_ingestion_gcs_dag']) retrieved from /opt/airflow/dags/gcs_upload_dag.py
[2025-12-06 16:48:51,853] {logging_mixin.py:109} INFO - [2025-12-06 16:48:51,852] {dag.py:2396} INFO - Sync 1 DAGs
[2025-12-06 16:48:51,871] {logging_mixin.py:109} INFO - [2025-12-06 16:48:51,870] {dag.py:2935} INFO - Setting next_dagrun for data_ingestion_gcs_dag to 2025-12-06T00:00:00+00:00
[2025-12-06 16:48:51,882] {processor.py:171} INFO - Processing /opt/airflow/dags/gcs_upload_dag.py took 1.003 seconds
[2025-12-06 16:51:10,727] {processor.py:163} INFO - Started process (PID=176) to work on /opt/airflow/dags/gcs_upload_dag.py
[2025-12-06 16:51:10,729] {processor.py:642} INFO - Processing file /opt/airflow/dags/gcs_upload_dag.py for tasks to queue
[2025-12-06 16:51:10,730] {logging_mixin.py:109} INFO - [2025-12-06 16:51:10,730] {dagbag.py:500} INFO - Filling up the DagBag from /opt/airflow/dags/gcs_upload_dag.py
[2025-12-06 16:51:13,831] {processor.py:654} INFO - DAG(s) dict_keys(['data_ingestion_gcs_dag']) retrieved from /opt/airflow/dags/gcs_upload_dag.py
[2025-12-06 16:51:13,845] {logging_mixin.py:109} INFO - [2025-12-06 16:51:13,844] {dag.py:2396} INFO - Sync 1 DAGs
[2025-12-06 16:51:13,866] {logging_mixin.py:109} INFO - [2025-12-06 16:51:13,865] {dag.py:2935} INFO - Setting next_dagrun for data_ingestion_gcs_dag to 2025-12-06T00:00:00+00:00
[2025-12-06 16:51:13,878] {processor.py:171} INFO - Processing /opt/airflow/dags/gcs_upload_dag.py took 3.156 seconds
[2025-12-06 16:51:44,012] {processor.py:163} INFO - Started process (PID=209) to work on /opt/airflow/dags/gcs_upload_dag.py
[2025-12-06 16:51:44,013] {processor.py:642} INFO - Processing file /opt/airflow/dags/gcs_upload_dag.py for tasks to queue
[2025-12-06 16:51:44,014] {logging_mixin.py:109} INFO - [2025-12-06 16:51:44,014] {dagbag.py:500} INFO - Filling up the DagBag from /opt/airflow/dags/gcs_upload_dag.py
[2025-12-06 16:51:44,893] {processor.py:654} INFO - DAG(s) dict_keys(['data_ingestion_gcs_dag']) retrieved from /opt/airflow/dags/gcs_upload_dag.py
[2025-12-06 16:51:44,904] {logging_mixin.py:109} INFO - [2025-12-06 16:51:44,903] {dag.py:2396} INFO - Sync 1 DAGs
[2025-12-06 16:51:44,920] {logging_mixin.py:109} INFO - [2025-12-06 16:51:44,920] {dag.py:2935} INFO - Setting next_dagrun for data_ingestion_gcs_dag to 2025-12-06T00:00:00+00:00
[2025-12-06 16:51:44,930] {processor.py:171} INFO - Processing /opt/airflow/dags/gcs_upload_dag.py took 0.922 seconds
[2025-12-06 16:52:15,180] {processor.py:163} INFO - Started process (PID=252) to work on /opt/airflow/dags/gcs_upload_dag.py
[2025-12-06 16:52:15,182] {processor.py:642} INFO - Processing file /opt/airflow/dags/gcs_upload_dag.py for tasks to queue
[2025-12-06 16:52:15,183] {logging_mixin.py:109} INFO - [2025-12-06 16:52:15,183] {dagbag.py:500} INFO - Filling up the DagBag from /opt/airflow/dags/gcs_upload_dag.py
[2025-12-06 16:52:16,467] {processor.py:654} INFO - DAG(s) dict_keys(['data_ingestion_gcs_dag']) retrieved from /opt/airflow/dags/gcs_upload_dag.py
[2025-12-06 16:52:16,482] {logging_mixin.py:109} INFO - [2025-12-06 16:52:16,480] {dag.py:2396} INFO - Sync 1 DAGs
[2025-12-06 16:52:16,501] {logging_mixin.py:109} INFO - [2025-12-06 16:52:16,501] {dag.py:2935} INFO - Setting next_dagrun for data_ingestion_gcs_dag to 2025-12-06T00:00:00+00:00
[2025-12-06 16:52:16,513] {processor.py:171} INFO - Processing /opt/airflow/dags/gcs_upload_dag.py took 1.339 seconds
[2025-12-06 16:52:46,669] {processor.py:163} INFO - Started process (PID=308) to work on /opt/airflow/dags/gcs_upload_dag.py
[2025-12-06 16:52:46,670] {processor.py:642} INFO - Processing file /opt/airflow/dags/gcs_upload_dag.py for tasks to queue
[2025-12-06 16:52:46,671] {logging_mixin.py:109} INFO - [2025-12-06 16:52:46,670] {dagbag.py:500} INFO - Filling up the DagBag from /opt/airflow/dags/gcs_upload_dag.py
[2025-12-06 16:52:47,477] {processor.py:654} INFO - DAG(s) dict_keys(['data_ingestion_gcs_dag']) retrieved from /opt/airflow/dags/gcs_upload_dag.py
[2025-12-06 16:52:47,491] {logging_mixin.py:109} INFO - [2025-12-06 16:52:47,490] {dag.py:2396} INFO - Sync 1 DAGs
[2025-12-06 16:52:47,521] {processor.py:171} INFO - Processing /opt/airflow/dags/gcs_upload_dag.py took 0.855 seconds
[2025-12-06 16:53:17,649] {processor.py:163} INFO - Started process (PID=341) to work on /opt/airflow/dags/gcs_upload_dag.py
[2025-12-06 16:53:17,650] {processor.py:642} INFO - Processing file /opt/airflow/dags/gcs_upload_dag.py for tasks to queue
[2025-12-06 16:53:17,651] {logging_mixin.py:109} INFO - [2025-12-06 16:53:17,651] {dagbag.py:500} INFO - Filling up the DagBag from /opt/airflow/dags/gcs_upload_dag.py
[2025-12-06 16:53:18,530] {processor.py:654} INFO - DAG(s) dict_keys(['data_ingestion_gcs_dag']) retrieved from /opt/airflow/dags/gcs_upload_dag.py
[2025-12-06 16:53:18,543] {logging_mixin.py:109} INFO - [2025-12-06 16:53:18,541] {dag.py:2396} INFO - Sync 1 DAGs
[2025-12-06 16:53:18,570] {processor.py:171} INFO - Processing /opt/airflow/dags/gcs_upload_dag.py took 0.924 seconds
[2025-12-06 16:53:48,748] {processor.py:163} INFO - Started process (PID=384) to work on /opt/airflow/dags/gcs_upload_dag.py
[2025-12-06 16:53:48,749] {processor.py:642} INFO - Processing file /opt/airflow/dags/gcs_upload_dag.py for tasks to queue
[2025-12-06 16:53:48,750] {logging_mixin.py:109} INFO - [2025-12-06 16:53:48,750] {dagbag.py:500} INFO - Filling up the DagBag from /opt/airflow/dags/gcs_upload_dag.py
[2025-12-06 16:53:49,893] {processor.py:654} INFO - DAG(s) dict_keys(['data_ingestion_gcs_dag']) retrieved from /opt/airflow/dags/gcs_upload_dag.py
[2025-12-06 16:53:49,912] {logging_mixin.py:109} INFO - [2025-12-06 16:53:49,910] {dag.py:2396} INFO - Sync 1 DAGs
[2025-12-06 16:53:49,957] {processor.py:171} INFO - Processing /opt/airflow/dags/gcs_upload_dag.py took 1.213 seconds
[2025-12-06 16:54:20,059] {processor.py:163} INFO - Started process (PID=417) to work on /opt/airflow/dags/gcs_upload_dag.py
[2025-12-06 16:54:20,060] {processor.py:642} INFO - Processing file /opt/airflow/dags/gcs_upload_dag.py for tasks to queue
[2025-12-06 16:54:20,061] {logging_mixin.py:109} INFO - [2025-12-06 16:54:20,061] {dagbag.py:500} INFO - Filling up the DagBag from /opt/airflow/dags/gcs_upload_dag.py
[2025-12-06 16:54:21,011] {processor.py:654} INFO - DAG(s) dict_keys(['data_ingestion_gcs_dag']) retrieved from /opt/airflow/dags/gcs_upload_dag.py
[2025-12-06 16:54:21,025] {logging_mixin.py:109} INFO - [2025-12-06 16:54:21,023] {dag.py:2396} INFO - Sync 1 DAGs
[2025-12-06 16:54:21,061] {processor.py:171} INFO - Processing /opt/airflow/dags/gcs_upload_dag.py took 1.005 seconds
[2025-12-06 16:54:51,249] {processor.py:163} INFO - Started process (PID=460) to work on /opt/airflow/dags/gcs_upload_dag.py
[2025-12-06 16:54:51,251] {processor.py:642} INFO - Processing file /opt/airflow/dags/gcs_upload_dag.py for tasks to queue
[2025-12-06 16:54:51,253] {logging_mixin.py:109} INFO - [2025-12-06 16:54:51,252] {dagbag.py:500} INFO - Filling up the DagBag from /opt/airflow/dags/gcs_upload_dag.py
[2025-12-06 16:54:52,203] {processor.py:654} INFO - DAG(s) dict_keys(['data_ingestion_gcs_dag']) retrieved from /opt/airflow/dags/gcs_upload_dag.py
[2025-12-06 16:54:52,217] {logging_mixin.py:109} INFO - [2025-12-06 16:54:52,215] {dag.py:2396} INFO - Sync 1 DAGs
[2025-12-06 16:54:52,248] {processor.py:171} INFO - Processing /opt/airflow/dags/gcs_upload_dag.py took 1.002 seconds
[2025-12-06 16:55:22,484] {processor.py:163} INFO - Started process (PID=493) to work on /opt/airflow/dags/gcs_upload_dag.py
[2025-12-06 16:55:22,485] {processor.py:642} INFO - Processing file /opt/airflow/dags/gcs_upload_dag.py for tasks to queue
[2025-12-06 16:55:22,485] {logging_mixin.py:109} INFO - [2025-12-06 16:55:22,485] {dagbag.py:500} INFO - Filling up the DagBag from /opt/airflow/dags/gcs_upload_dag.py
[2025-12-06 16:55:23,353] {processor.py:654} INFO - DAG(s) dict_keys(['data_ingestion_gcs_dag']) retrieved from /opt/airflow/dags/gcs_upload_dag.py
[2025-12-06 16:55:23,363] {logging_mixin.py:109} INFO - [2025-12-06 16:55:23,363] {dag.py:2396} INFO - Sync 1 DAGs
[2025-12-06 16:55:23,388] {processor.py:171} INFO - Processing /opt/airflow/dags/gcs_upload_dag.py took 0.911 seconds
[2025-12-06 16:55:53,617] {processor.py:163} INFO - Started process (PID=537) to work on /opt/airflow/dags/gcs_upload_dag.py
[2025-12-06 16:55:53,618] {processor.py:642} INFO - Processing file /opt/airflow/dags/gcs_upload_dag.py for tasks to queue
[2025-12-06 16:55:53,619] {logging_mixin.py:109} INFO - [2025-12-06 16:55:53,619] {dagbag.py:500} INFO - Filling up the DagBag from /opt/airflow/dags/gcs_upload_dag.py
[2025-12-06 16:55:54,467] {processor.py:654} INFO - DAG(s) dict_keys(['data_ingestion_gcs_dag']) retrieved from /opt/airflow/dags/gcs_upload_dag.py
[2025-12-06 16:55:54,479] {logging_mixin.py:109} INFO - [2025-12-06 16:55:54,478] {dag.py:2396} INFO - Sync 1 DAGs
[2025-12-06 16:55:54,508] {processor.py:171} INFO - Processing /opt/airflow/dags/gcs_upload_dag.py took 0.893 seconds
[2025-12-06 16:56:24,810] {processor.py:163} INFO - Started process (PID=570) to work on /opt/airflow/dags/gcs_upload_dag.py
[2025-12-06 16:56:24,811] {processor.py:642} INFO - Processing file /opt/airflow/dags/gcs_upload_dag.py for tasks to queue
[2025-12-06 16:56:24,812] {logging_mixin.py:109} INFO - [2025-12-06 16:56:24,811] {dagbag.py:500} INFO - Filling up the DagBag from /opt/airflow/dags/gcs_upload_dag.py
[2025-12-06 16:56:25,579] {processor.py:654} INFO - DAG(s) dict_keys(['data_ingestion_gcs_dag']) retrieved from /opt/airflow/dags/gcs_upload_dag.py
[2025-12-06 16:56:25,590] {logging_mixin.py:109} INFO - [2025-12-06 16:56:25,589] {dag.py:2396} INFO - Sync 1 DAGs
[2025-12-06 16:56:25,613] {processor.py:171} INFO - Processing /opt/airflow/dags/gcs_upload_dag.py took 0.806 seconds
[2025-12-06 16:56:55,826] {processor.py:163} INFO - Started process (PID=613) to work on /opt/airflow/dags/gcs_upload_dag.py
[2025-12-06 16:56:55,828] {processor.py:642} INFO - Processing file /opt/airflow/dags/gcs_upload_dag.py for tasks to queue
[2025-12-06 16:56:55,829] {logging_mixin.py:109} INFO - [2025-12-06 16:56:55,829] {dagbag.py:500} INFO - Filling up the DagBag from /opt/airflow/dags/gcs_upload_dag.py
[2025-12-06 16:56:56,585] {processor.py:654} INFO - DAG(s) dict_keys(['data_ingestion_gcs_dag']) retrieved from /opt/airflow/dags/gcs_upload_dag.py
[2025-12-06 16:56:56,595] {logging_mixin.py:109} INFO - [2025-12-06 16:56:56,594] {dag.py:2396} INFO - Sync 1 DAGs
[2025-12-06 16:56:56,619] {processor.py:171} INFO - Processing /opt/airflow/dags/gcs_upload_dag.py took 0.798 seconds
[2025-12-06 16:57:26,814] {processor.py:163} INFO - Started process (PID=646) to work on /opt/airflow/dags/gcs_upload_dag.py
[2025-12-06 16:57:26,816] {processor.py:642} INFO - Processing file /opt/airflow/dags/gcs_upload_dag.py for tasks to queue
[2025-12-06 16:57:26,817] {logging_mixin.py:109} INFO - [2025-12-06 16:57:26,817] {dagbag.py:500} INFO - Filling up the DagBag from /opt/airflow/dags/gcs_upload_dag.py
[2025-12-06 16:57:27,624] {processor.py:654} INFO - DAG(s) dict_keys(['data_ingestion_gcs_dag']) retrieved from /opt/airflow/dags/gcs_upload_dag.py
[2025-12-06 16:57:27,638] {logging_mixin.py:109} INFO - [2025-12-06 16:57:27,637] {dag.py:2396} INFO - Sync 1 DAGs
[2025-12-06 16:57:27,665] {processor.py:171} INFO - Processing /opt/airflow/dags/gcs_upload_dag.py took 0.854 seconds
[2025-12-06 16:57:57,851] {processor.py:163} INFO - Started process (PID=699) to work on /opt/airflow/dags/gcs_upload_dag.py
[2025-12-06 16:57:57,852] {processor.py:642} INFO - Processing file /opt/airflow/dags/gcs_upload_dag.py for tasks to queue
[2025-12-06 16:57:57,853] {logging_mixin.py:109} INFO - [2025-12-06 16:57:57,853] {dagbag.py:500} INFO - Filling up the DagBag from /opt/airflow/dags/gcs_upload_dag.py
[2025-12-06 16:57:58,632] {processor.py:654} INFO - DAG(s) dict_keys(['data_ingestion_gcs_dag']) retrieved from /opt/airflow/dags/gcs_upload_dag.py
[2025-12-06 16:57:58,643] {logging_mixin.py:109} INFO - [2025-12-06 16:57:58,642] {dag.py:2396} INFO - Sync 1 DAGs
[2025-12-06 16:57:58,668] {processor.py:171} INFO - Processing /opt/airflow/dags/gcs_upload_dag.py took 0.820 seconds
[2025-12-06 16:58:28,825] {processor.py:163} INFO - Started process (PID=732) to work on /opt/airflow/dags/gcs_upload_dag.py
[2025-12-06 16:58:28,827] {processor.py:642} INFO - Processing file /opt/airflow/dags/gcs_upload_dag.py for tasks to queue
[2025-12-06 16:58:28,828] {logging_mixin.py:109} INFO - [2025-12-06 16:58:28,827] {dagbag.py:500} INFO - Filling up the DagBag from /opt/airflow/dags/gcs_upload_dag.py
[2025-12-06 16:58:29,591] {processor.py:654} INFO - DAG(s) dict_keys(['data_ingestion_gcs_dag']) retrieved from /opt/airflow/dags/gcs_upload_dag.py
[2025-12-06 16:58:29,603] {logging_mixin.py:109} INFO - [2025-12-06 16:58:29,602] {dag.py:2396} INFO - Sync 1 DAGs
[2025-12-06 16:58:29,638] {processor.py:171} INFO - Processing /opt/airflow/dags/gcs_upload_dag.py took 0.816 seconds
[2025-12-06 16:58:59,800] {processor.py:163} INFO - Started process (PID=776) to work on /opt/airflow/dags/gcs_upload_dag.py
[2025-12-06 16:58:59,801] {processor.py:642} INFO - Processing file /opt/airflow/dags/gcs_upload_dag.py for tasks to queue
[2025-12-06 16:58:59,802] {logging_mixin.py:109} INFO - [2025-12-06 16:58:59,802] {dagbag.py:500} INFO - Filling up the DagBag from /opt/airflow/dags/gcs_upload_dag.py
[2025-12-06 16:59:00,622] {processor.py:654} INFO - DAG(s) dict_keys(['data_ingestion_gcs_dag']) retrieved from /opt/airflow/dags/gcs_upload_dag.py
[2025-12-06 16:59:00,634] {logging_mixin.py:109} INFO - [2025-12-06 16:59:00,633] {dag.py:2396} INFO - Sync 1 DAGs
[2025-12-06 16:59:00,661] {processor.py:171} INFO - Processing /opt/airflow/dags/gcs_upload_dag.py took 0.863 seconds
[2025-12-06 16:59:30,874] {processor.py:163} INFO - Started process (PID=816) to work on /opt/airflow/dags/gcs_upload_dag.py
[2025-12-06 16:59:30,875] {processor.py:642} INFO - Processing file /opt/airflow/dags/gcs_upload_dag.py for tasks to queue
[2025-12-06 16:59:30,876] {logging_mixin.py:109} INFO - [2025-12-06 16:59:30,876] {dagbag.py:500} INFO - Filling up the DagBag from /opt/airflow/dags/gcs_upload_dag.py
[2025-12-06 16:59:31,761] {processor.py:654} INFO - DAG(s) dict_keys(['data_ingestion_gcs_dag']) retrieved from /opt/airflow/dags/gcs_upload_dag.py
[2025-12-06 16:59:31,774] {logging_mixin.py:109} INFO - [2025-12-06 16:59:31,772] {dag.py:2396} INFO - Sync 1 DAGs
[2025-12-06 16:59:31,799] {processor.py:171} INFO - Processing /opt/airflow/dags/gcs_upload_dag.py took 0.927 seconds
[2025-12-06 17:00:02,034] {processor.py:163} INFO - Started process (PID=852) to work on /opt/airflow/dags/gcs_upload_dag.py
[2025-12-06 17:00:02,036] {processor.py:642} INFO - Processing file /opt/airflow/dags/gcs_upload_dag.py for tasks to queue
[2025-12-06 17:00:02,037] {logging_mixin.py:109} INFO - [2025-12-06 17:00:02,037] {dagbag.py:500} INFO - Filling up the DagBag from /opt/airflow/dags/gcs_upload_dag.py
[2025-12-06 17:00:02,812] {processor.py:654} INFO - DAG(s) dict_keys(['data_ingestion_gcs_dag']) retrieved from /opt/airflow/dags/gcs_upload_dag.py
[2025-12-06 17:00:02,824] {logging_mixin.py:109} INFO - [2025-12-06 17:00:02,823] {dag.py:2396} INFO - Sync 1 DAGs
[2025-12-06 17:00:02,856] {processor.py:171} INFO - Processing /opt/airflow/dags/gcs_upload_dag.py took 0.817 seconds
[2025-12-06 17:00:33,080] {processor.py:163} INFO - Started process (PID=895) to work on /opt/airflow/dags/gcs_upload_dag.py
[2025-12-06 17:00:33,081] {processor.py:642} INFO - Processing file /opt/airflow/dags/gcs_upload_dag.py for tasks to queue
[2025-12-06 17:00:33,082] {logging_mixin.py:109} INFO - [2025-12-06 17:00:33,082] {dagbag.py:500} INFO - Filling up the DagBag from /opt/airflow/dags/gcs_upload_dag.py
[2025-12-06 17:00:34,004] {processor.py:654} INFO - DAG(s) dict_keys(['data_ingestion_gcs_dag']) retrieved from /opt/airflow/dags/gcs_upload_dag.py
[2025-12-06 17:00:34,016] {logging_mixin.py:109} INFO - [2025-12-06 17:00:34,015] {dag.py:2396} INFO - Sync 1 DAGs
[2025-12-06 17:00:34,041] {processor.py:171} INFO - Processing /opt/airflow/dags/gcs_upload_dag.py took 0.964 seconds
[2025-12-06 17:01:04,282] {processor.py:163} INFO - Started process (PID=929) to work on /opt/airflow/dags/gcs_upload_dag.py
[2025-12-06 17:01:04,284] {processor.py:642} INFO - Processing file /opt/airflow/dags/gcs_upload_dag.py for tasks to queue
[2025-12-06 17:01:04,286] {logging_mixin.py:109} INFO - [2025-12-06 17:01:04,286] {dagbag.py:500} INFO - Filling up the DagBag from /opt/airflow/dags/gcs_upload_dag.py
[2025-12-06 17:01:05,119] {processor.py:654} INFO - DAG(s) dict_keys(['data_ingestion_gcs_dag']) retrieved from /opt/airflow/dags/gcs_upload_dag.py
[2025-12-06 17:01:05,129] {logging_mixin.py:109} INFO - [2025-12-06 17:01:05,128] {dag.py:2396} INFO - Sync 1 DAGs
[2025-12-06 17:01:05,155] {processor.py:171} INFO - Processing /opt/airflow/dags/gcs_upload_dag.py took 0.876 seconds
[2025-12-06 17:01:35,304] {processor.py:163} INFO - Started process (PID=972) to work on /opt/airflow/dags/gcs_upload_dag.py
[2025-12-06 17:01:35,306] {processor.py:642} INFO - Processing file /opt/airflow/dags/gcs_upload_dag.py for tasks to queue
[2025-12-06 17:01:35,307] {logging_mixin.py:109} INFO - [2025-12-06 17:01:35,306] {dagbag.py:500} INFO - Filling up the DagBag from /opt/airflow/dags/gcs_upload_dag.py
[2025-12-06 17:01:36,189] {processor.py:654} INFO - DAG(s) dict_keys(['data_ingestion_gcs_dag']) retrieved from /opt/airflow/dags/gcs_upload_dag.py
[2025-12-06 17:01:36,203] {logging_mixin.py:109} INFO - [2025-12-06 17:01:36,202] {dag.py:2396} INFO - Sync 1 DAGs
[2025-12-06 17:01:36,234] {processor.py:171} INFO - Processing /opt/airflow/dags/gcs_upload_dag.py took 0.933 seconds
[2025-12-06 17:02:06,440] {processor.py:163} INFO - Started process (PID=1005) to work on /opt/airflow/dags/gcs_upload_dag.py
[2025-12-06 17:02:06,441] {processor.py:642} INFO - Processing file /opt/airflow/dags/gcs_upload_dag.py for tasks to queue
[2025-12-06 17:02:06,442] {logging_mixin.py:109} INFO - [2025-12-06 17:02:06,442] {dagbag.py:500} INFO - Filling up the DagBag from /opt/airflow/dags/gcs_upload_dag.py
[2025-12-06 17:02:07,261] {processor.py:654} INFO - DAG(s) dict_keys(['data_ingestion_gcs_dag']) retrieved from /opt/airflow/dags/gcs_upload_dag.py
[2025-12-06 17:02:07,271] {logging_mixin.py:109} INFO - [2025-12-06 17:02:07,270] {dag.py:2396} INFO - Sync 1 DAGs
[2025-12-06 17:02:07,306] {processor.py:171} INFO - Processing /opt/airflow/dags/gcs_upload_dag.py took 0.870 seconds
[2025-12-06 17:02:37,480] {processor.py:163} INFO - Started process (PID=1057) to work on /opt/airflow/dags/gcs_upload_dag.py
[2025-12-06 17:02:37,482] {processor.py:642} INFO - Processing file /opt/airflow/dags/gcs_upload_dag.py for tasks to queue
[2025-12-06 17:02:37,483] {logging_mixin.py:109} INFO - [2025-12-06 17:02:37,483] {dagbag.py:500} INFO - Filling up the DagBag from /opt/airflow/dags/gcs_upload_dag.py
[2025-12-06 17:02:38,338] {processor.py:654} INFO - DAG(s) dict_keys(['data_ingestion_gcs_dag']) retrieved from /opt/airflow/dags/gcs_upload_dag.py
[2025-12-06 17:02:38,352] {logging_mixin.py:109} INFO - [2025-12-06 17:02:38,350] {dag.py:2396} INFO - Sync 1 DAGs
[2025-12-06 17:02:38,380] {processor.py:171} INFO - Processing /opt/airflow/dags/gcs_upload_dag.py took 0.904 seconds
[2025-12-06 17:03:08,536] {processor.py:163} INFO - Started process (PID=1091) to work on /opt/airflow/dags/gcs_upload_dag.py
[2025-12-06 17:03:08,538] {processor.py:642} INFO - Processing file /opt/airflow/dags/gcs_upload_dag.py for tasks to queue
[2025-12-06 17:03:08,538] {logging_mixin.py:109} INFO - [2025-12-06 17:03:08,538] {dagbag.py:500} INFO - Filling up the DagBag from /opt/airflow/dags/gcs_upload_dag.py
[2025-12-06 17:03:09,341] {processor.py:654} INFO - DAG(s) dict_keys(['data_ingestion_gcs_dag']) retrieved from /opt/airflow/dags/gcs_upload_dag.py
[2025-12-06 17:03:09,353] {logging_mixin.py:109} INFO - [2025-12-06 17:03:09,352] {dag.py:2396} INFO - Sync 1 DAGs
[2025-12-06 17:03:09,383] {processor.py:171} INFO - Processing /opt/airflow/dags/gcs_upload_dag.py took 0.849 seconds
[2025-12-06 17:03:39,570] {processor.py:163} INFO - Started process (PID=1134) to work on /opt/airflow/dags/gcs_upload_dag.py
[2025-12-06 17:03:39,571] {processor.py:642} INFO - Processing file /opt/airflow/dags/gcs_upload_dag.py for tasks to queue
[2025-12-06 17:03:39,572] {logging_mixin.py:109} INFO - [2025-12-06 17:03:39,572] {dagbag.py:500} INFO - Filling up the DagBag from /opt/airflow/dags/gcs_upload_dag.py
[2025-12-06 17:03:40,337] {processor.py:654} INFO - DAG(s) dict_keys(['data_ingestion_gcs_dag']) retrieved from /opt/airflow/dags/gcs_upload_dag.py
[2025-12-06 17:03:40,347] {logging_mixin.py:109} INFO - [2025-12-06 17:03:40,346] {dag.py:2396} INFO - Sync 1 DAGs
[2025-12-06 17:03:40,377] {processor.py:171} INFO - Processing /opt/airflow/dags/gcs_upload_dag.py took 0.810 seconds
[2025-12-06 17:04:10,571] {processor.py:163} INFO - Started process (PID=1167) to work on /opt/airflow/dags/gcs_upload_dag.py
[2025-12-06 17:04:10,573] {processor.py:642} INFO - Processing file /opt/airflow/dags/gcs_upload_dag.py for tasks to queue
[2025-12-06 17:04:10,573] {logging_mixin.py:109} INFO - [2025-12-06 17:04:10,573] {dagbag.py:500} INFO - Filling up the DagBag from /opt/airflow/dags/gcs_upload_dag.py
[2025-12-06 17:04:11,332] {processor.py:654} INFO - DAG(s) dict_keys(['data_ingestion_gcs_dag']) retrieved from /opt/airflow/dags/gcs_upload_dag.py
[2025-12-06 17:04:11,343] {logging_mixin.py:109} INFO - [2025-12-06 17:04:11,342] {dag.py:2396} INFO - Sync 1 DAGs
[2025-12-06 17:04:11,368] {processor.py:171} INFO - Processing /opt/airflow/dags/gcs_upload_dag.py took 0.799 seconds
[2025-12-06 17:04:41,554] {processor.py:163} INFO - Started process (PID=1210) to work on /opt/airflow/dags/gcs_upload_dag.py
[2025-12-06 17:04:41,555] {processor.py:642} INFO - Processing file /opt/airflow/dags/gcs_upload_dag.py for tasks to queue
[2025-12-06 17:04:41,557] {logging_mixin.py:109} INFO - [2025-12-06 17:04:41,557] {dagbag.py:500} INFO - Filling up the DagBag from /opt/airflow/dags/gcs_upload_dag.py
[2025-12-06 17:04:42,331] {processor.py:654} INFO - DAG(s) dict_keys(['data_ingestion_gcs_dag']) retrieved from /opt/airflow/dags/gcs_upload_dag.py
[2025-12-06 17:04:42,344] {logging_mixin.py:109} INFO - [2025-12-06 17:04:42,343] {dag.py:2396} INFO - Sync 1 DAGs
[2025-12-06 17:04:42,374] {processor.py:171} INFO - Processing /opt/airflow/dags/gcs_upload_dag.py took 0.823 seconds
[2025-12-06 17:05:12,576] {processor.py:163} INFO - Started process (PID=1243) to work on /opt/airflow/dags/gcs_upload_dag.py
[2025-12-06 17:05:12,577] {processor.py:642} INFO - Processing file /opt/airflow/dags/gcs_upload_dag.py for tasks to queue
[2025-12-06 17:05:12,578] {logging_mixin.py:109} INFO - [2025-12-06 17:05:12,578] {dagbag.py:500} INFO - Filling up the DagBag from /opt/airflow/dags/gcs_upload_dag.py
[2025-12-06 17:05:13,331] {processor.py:654} INFO - DAG(s) dict_keys(['data_ingestion_gcs_dag']) retrieved from /opt/airflow/dags/gcs_upload_dag.py
[2025-12-06 17:05:13,342] {logging_mixin.py:109} INFO - [2025-12-06 17:05:13,341] {dag.py:2396} INFO - Sync 1 DAGs
[2025-12-06 17:05:13,366] {processor.py:171} INFO - Processing /opt/airflow/dags/gcs_upload_dag.py took 0.793 seconds
[2025-12-06 17:05:43,578] {processor.py:163} INFO - Started process (PID=1286) to work on /opt/airflow/dags/gcs_upload_dag.py
[2025-12-06 17:05:43,579] {processor.py:642} INFO - Processing file /opt/airflow/dags/gcs_upload_dag.py for tasks to queue
[2025-12-06 17:05:43,580] {logging_mixin.py:109} INFO - [2025-12-06 17:05:43,580] {dagbag.py:500} INFO - Filling up the DagBag from /opt/airflow/dags/gcs_upload_dag.py
[2025-12-06 17:05:44,339] {processor.py:654} INFO - DAG(s) dict_keys(['data_ingestion_gcs_dag']) retrieved from /opt/airflow/dags/gcs_upload_dag.py
[2025-12-06 17:05:44,350] {logging_mixin.py:109} INFO - [2025-12-06 17:05:44,349] {dag.py:2396} INFO - Sync 1 DAGs
[2025-12-06 17:05:44,375] {processor.py:171} INFO - Processing /opt/airflow/dags/gcs_upload_dag.py took 0.800 seconds
[2025-12-06 17:06:14,581] {processor.py:163} INFO - Started process (PID=1319) to work on /opt/airflow/dags/gcs_upload_dag.py
[2025-12-06 17:06:14,582] {processor.py:642} INFO - Processing file /opt/airflow/dags/gcs_upload_dag.py for tasks to queue
[2025-12-06 17:06:14,583] {logging_mixin.py:109} INFO - [2025-12-06 17:06:14,583] {dagbag.py:500} INFO - Filling up the DagBag from /opt/airflow/dags/gcs_upload_dag.py
[2025-12-06 17:06:15,452] {processor.py:654} INFO - DAG(s) dict_keys(['data_ingestion_gcs_dag']) retrieved from /opt/airflow/dags/gcs_upload_dag.py
[2025-12-06 17:06:15,468] {logging_mixin.py:109} INFO - [2025-12-06 17:06:15,465] {dag.py:2396} INFO - Sync 1 DAGs
[2025-12-06 17:06:15,499] {processor.py:171} INFO - Processing /opt/airflow/dags/gcs_upload_dag.py took 0.922 seconds
[2025-12-06 17:06:45,663] {processor.py:163} INFO - Started process (PID=1362) to work on /opt/airflow/dags/gcs_upload_dag.py
[2025-12-06 17:06:45,665] {processor.py:642} INFO - Processing file /opt/airflow/dags/gcs_upload_dag.py for tasks to queue
[2025-12-06 17:06:45,666] {logging_mixin.py:109} INFO - [2025-12-06 17:06:45,665] {dagbag.py:500} INFO - Filling up the DagBag from /opt/airflow/dags/gcs_upload_dag.py
[2025-12-06 17:06:46,431] {processor.py:654} INFO - DAG(s) dict_keys(['data_ingestion_gcs_dag']) retrieved from /opt/airflow/dags/gcs_upload_dag.py
[2025-12-06 17:06:46,443] {logging_mixin.py:109} INFO - [2025-12-06 17:06:46,442] {dag.py:2396} INFO - Sync 1 DAGs
[2025-12-06 17:06:46,476] {processor.py:171} INFO - Processing /opt/airflow/dags/gcs_upload_dag.py took 0.815 seconds
[2025-12-06 17:07:16,691] {processor.py:163} INFO - Started process (PID=1395) to work on /opt/airflow/dags/gcs_upload_dag.py
[2025-12-06 17:07:16,692] {processor.py:642} INFO - Processing file /opt/airflow/dags/gcs_upload_dag.py for tasks to queue
[2025-12-06 17:07:16,693] {logging_mixin.py:109} INFO - [2025-12-06 17:07:16,693] {dagbag.py:500} INFO - Filling up the DagBag from /opt/airflow/dags/gcs_upload_dag.py
[2025-12-06 17:07:17,500] {processor.py:654} INFO - DAG(s) dict_keys(['data_ingestion_gcs_dag']) retrieved from /opt/airflow/dags/gcs_upload_dag.py
[2025-12-06 17:07:17,513] {logging_mixin.py:109} INFO - [2025-12-06 17:07:17,512] {dag.py:2396} INFO - Sync 1 DAGs
[2025-12-06 17:07:17,549] {processor.py:171} INFO - Processing /opt/airflow/dags/gcs_upload_dag.py took 0.860 seconds
[2025-12-06 17:07:47,732] {processor.py:163} INFO - Started process (PID=1448) to work on /opt/airflow/dags/gcs_upload_dag.py
[2025-12-06 17:07:47,733] {processor.py:642} INFO - Processing file /opt/airflow/dags/gcs_upload_dag.py for tasks to queue
[2025-12-06 17:07:47,734] {logging_mixin.py:109} INFO - [2025-12-06 17:07:47,734] {dagbag.py:500} INFO - Filling up the DagBag from /opt/airflow/dags/gcs_upload_dag.py
[2025-12-06 17:07:48,504] {processor.py:654} INFO - DAG(s) dict_keys(['data_ingestion_gcs_dag']) retrieved from /opt/airflow/dags/gcs_upload_dag.py
[2025-12-06 17:07:48,516] {logging_mixin.py:109} INFO - [2025-12-06 17:07:48,515] {dag.py:2396} INFO - Sync 1 DAGs
[2025-12-06 17:07:48,550] {processor.py:171} INFO - Processing /opt/airflow/dags/gcs_upload_dag.py took 0.821 seconds
[2025-12-06 17:08:18,733] {processor.py:163} INFO - Started process (PID=1489) to work on /opt/airflow/dags/gcs_upload_dag.py
[2025-12-06 17:08:18,735] {processor.py:642} INFO - Processing file /opt/airflow/dags/gcs_upload_dag.py for tasks to queue
[2025-12-06 17:08:18,736] {logging_mixin.py:109} INFO - [2025-12-06 17:08:18,736] {dagbag.py:500} INFO - Filling up the DagBag from /opt/airflow/dags/gcs_upload_dag.py
[2025-12-06 17:08:19,768] {processor.py:654} INFO - DAG(s) dict_keys(['data_ingestion_gcs_dag']) retrieved from /opt/airflow/dags/gcs_upload_dag.py
[2025-12-06 17:08:19,781] {logging_mixin.py:109} INFO - [2025-12-06 17:08:19,779] {dag.py:2396} INFO - Sync 1 DAGs
[2025-12-06 17:08:19,810] {processor.py:171} INFO - Processing /opt/airflow/dags/gcs_upload_dag.py took 1.081 seconds
[2025-12-06 17:08:49,955] {processor.py:163} INFO - Started process (PID=1523) to work on /opt/airflow/dags/gcs_upload_dag.py
[2025-12-06 17:08:49,957] {processor.py:642} INFO - Processing file /opt/airflow/dags/gcs_upload_dag.py for tasks to queue
[2025-12-06 17:08:49,958] {logging_mixin.py:109} INFO - [2025-12-06 17:08:49,958] {dagbag.py:500} INFO - Filling up the DagBag from /opt/airflow/dags/gcs_upload_dag.py
[2025-12-06 17:08:50,908] {processor.py:654} INFO - DAG(s) dict_keys(['data_ingestion_gcs_dag']) retrieved from /opt/airflow/dags/gcs_upload_dag.py
[2025-12-06 17:08:50,921] {logging_mixin.py:109} INFO - [2025-12-06 17:08:50,920] {dag.py:2396} INFO - Sync 1 DAGs
[2025-12-06 17:08:50,950] {processor.py:171} INFO - Processing /opt/airflow/dags/gcs_upload_dag.py took 0.999 seconds
[2025-12-06 17:09:21,137] {processor.py:163} INFO - Started process (PID=1556) to work on /opt/airflow/dags/gcs_upload_dag.py
[2025-12-06 17:09:21,138] {processor.py:642} INFO - Processing file /opt/airflow/dags/gcs_upload_dag.py for tasks to queue
[2025-12-06 17:09:21,140] {logging_mixin.py:109} INFO - [2025-12-06 17:09:21,140] {dagbag.py:500} INFO - Filling up the DagBag from /opt/airflow/dags/gcs_upload_dag.py
[2025-12-06 17:09:22,163] {processor.py:654} INFO - DAG(s) dict_keys(['data_ingestion_gcs_dag']) retrieved from /opt/airflow/dags/gcs_upload_dag.py
[2025-12-06 17:09:22,177] {logging_mixin.py:109} INFO - [2025-12-06 17:09:22,176] {dag.py:2396} INFO - Sync 1 DAGs
[2025-12-06 17:09:22,206] {processor.py:171} INFO - Processing /opt/airflow/dags/gcs_upload_dag.py took 1.073 seconds
[2025-12-06 17:09:52,386] {processor.py:163} INFO - Started process (PID=1599) to work on /opt/airflow/dags/gcs_upload_dag.py
[2025-12-06 17:09:52,388] {processor.py:642} INFO - Processing file /opt/airflow/dags/gcs_upload_dag.py for tasks to queue
[2025-12-06 17:09:52,389] {logging_mixin.py:109} INFO - [2025-12-06 17:09:52,389] {dagbag.py:500} INFO - Filling up the DagBag from /opt/airflow/dags/gcs_upload_dag.py
[2025-12-06 17:09:53,228] {processor.py:654} INFO - DAG(s) dict_keys(['data_ingestion_gcs_dag']) retrieved from /opt/airflow/dags/gcs_upload_dag.py
[2025-12-06 17:09:53,239] {logging_mixin.py:109} INFO - [2025-12-06 17:09:53,238] {dag.py:2396} INFO - Sync 1 DAGs
[2025-12-06 17:09:53,270] {processor.py:171} INFO - Processing /opt/airflow/dags/gcs_upload_dag.py took 0.888 seconds
[2025-12-06 17:10:23,524] {processor.py:163} INFO - Started process (PID=1632) to work on /opt/airflow/dags/gcs_upload_dag.py
[2025-12-06 17:10:23,525] {processor.py:642} INFO - Processing file /opt/airflow/dags/gcs_upload_dag.py for tasks to queue
[2025-12-06 17:10:23,526] {logging_mixin.py:109} INFO - [2025-12-06 17:10:23,526] {dagbag.py:500} INFO - Filling up the DagBag from /opt/airflow/dags/gcs_upload_dag.py
[2025-12-06 17:10:24,456] {processor.py:654} INFO - DAG(s) dict_keys(['data_ingestion_gcs_dag']) retrieved from /opt/airflow/dags/gcs_upload_dag.py
[2025-12-06 17:10:24,474] {logging_mixin.py:109} INFO - [2025-12-06 17:10:24,472] {dag.py:2396} INFO - Sync 1 DAGs
[2025-12-06 17:10:24,504] {processor.py:171} INFO - Processing /opt/airflow/dags/gcs_upload_dag.py took 0.983 seconds
[2025-12-06 17:10:54,731] {processor.py:163} INFO - Started process (PID=1675) to work on /opt/airflow/dags/gcs_upload_dag.py
[2025-12-06 17:10:54,732] {processor.py:642} INFO - Processing file /opt/airflow/dags/gcs_upload_dag.py for tasks to queue
[2025-12-06 17:10:54,733] {logging_mixin.py:109} INFO - [2025-12-06 17:10:54,733] {dagbag.py:500} INFO - Filling up the DagBag from /opt/airflow/dags/gcs_upload_dag.py
[2025-12-06 17:10:55,558] {processor.py:654} INFO - DAG(s) dict_keys(['data_ingestion_gcs_dag']) retrieved from /opt/airflow/dags/gcs_upload_dag.py
[2025-12-06 17:10:55,571] {logging_mixin.py:109} INFO - [2025-12-06 17:10:55,570] {dag.py:2396} INFO - Sync 1 DAGs
[2025-12-06 17:10:55,600] {processor.py:171} INFO - Processing /opt/airflow/dags/gcs_upload_dag.py took 0.873 seconds
[2025-12-06 17:11:25,787] {processor.py:163} INFO - Started process (PID=1717) to work on /opt/airflow/dags/gcs_upload_dag.py
[2025-12-06 17:11:25,788] {processor.py:642} INFO - Processing file /opt/airflow/dags/gcs_upload_dag.py for tasks to queue
[2025-12-06 17:11:25,790] {logging_mixin.py:109} INFO - [2025-12-06 17:11:25,789] {dagbag.py:500} INFO - Filling up the DagBag from /opt/airflow/dags/gcs_upload_dag.py
[2025-12-06 17:11:26,771] {processor.py:654} INFO - DAG(s) dict_keys(['data_ingestion_gcs_dag']) retrieved from /opt/airflow/dags/gcs_upload_dag.py
[2025-12-06 17:11:26,785] {logging_mixin.py:109} INFO - [2025-12-06 17:11:26,783] {dag.py:2396} INFO - Sync 1 DAGs
[2025-12-06 17:11:26,812] {processor.py:171} INFO - Processing /opt/airflow/dags/gcs_upload_dag.py took 1.029 seconds
[2025-12-06 17:11:57,011] {processor.py:163} INFO - Started process (PID=1751) to work on /opt/airflow/dags/gcs_upload_dag.py
[2025-12-06 17:11:57,013] {processor.py:642} INFO - Processing file /opt/airflow/dags/gcs_upload_dag.py for tasks to queue
[2025-12-06 17:11:57,014] {logging_mixin.py:109} INFO - [2025-12-06 17:11:57,014] {dagbag.py:500} INFO - Filling up the DagBag from /opt/airflow/dags/gcs_upload_dag.py
[2025-12-06 17:11:57,966] {processor.py:654} INFO - DAG(s) dict_keys(['data_ingestion_gcs_dag']) retrieved from /opt/airflow/dags/gcs_upload_dag.py
[2025-12-06 17:11:57,979] {logging_mixin.py:109} INFO - [2025-12-06 17:11:57,978] {dag.py:2396} INFO - Sync 1 DAGs
[2025-12-06 17:11:58,008] {processor.py:171} INFO - Processing /opt/airflow/dags/gcs_upload_dag.py took 1.001 seconds
[2025-12-06 17:12:28,212] {processor.py:163} INFO - Started process (PID=1793) to work on /opt/airflow/dags/gcs_upload_dag.py
[2025-12-06 17:12:28,214] {processor.py:642} INFO - Processing file /opt/airflow/dags/gcs_upload_dag.py for tasks to queue
[2025-12-06 17:12:28,215] {logging_mixin.py:109} INFO - [2025-12-06 17:12:28,215] {dagbag.py:500} INFO - Filling up the DagBag from /opt/airflow/dags/gcs_upload_dag.py
[2025-12-06 17:12:29,165] {processor.py:654} INFO - DAG(s) dict_keys(['data_ingestion_gcs_dag']) retrieved from /opt/airflow/dags/gcs_upload_dag.py
[2025-12-06 17:12:29,176] {logging_mixin.py:109} INFO - [2025-12-06 17:12:29,175] {dag.py:2396} INFO - Sync 1 DAGs
[2025-12-06 17:12:29,203] {processor.py:171} INFO - Processing /opt/airflow/dags/gcs_upload_dag.py took 0.998 seconds
[2025-12-06 17:12:59,420] {processor.py:163} INFO - Started process (PID=1837) to work on /opt/airflow/dags/gcs_upload_dag.py
[2025-12-06 17:12:59,421] {processor.py:642} INFO - Processing file /opt/airflow/dags/gcs_upload_dag.py for tasks to queue
[2025-12-06 17:12:59,422] {logging_mixin.py:109} INFO - [2025-12-06 17:12:59,421] {dagbag.py:500} INFO - Filling up the DagBag from /opt/airflow/dags/gcs_upload_dag.py
[2025-12-06 17:13:00,215] {processor.py:654} INFO - DAG(s) dict_keys(['data_ingestion_gcs_dag']) retrieved from /opt/airflow/dags/gcs_upload_dag.py
[2025-12-06 17:13:00,230] {logging_mixin.py:109} INFO - [2025-12-06 17:13:00,229] {dag.py:2396} INFO - Sync 1 DAGs
[2025-12-06 17:13:00,258] {processor.py:171} INFO - Processing /opt/airflow/dags/gcs_upload_dag.py took 0.840 seconds
[2025-12-06 17:13:30,439] {processor.py:163} INFO - Started process (PID=1870) to work on /opt/airflow/dags/gcs_upload_dag.py
[2025-12-06 17:13:30,441] {processor.py:642} INFO - Processing file /opt/airflow/dags/gcs_upload_dag.py for tasks to queue
[2025-12-06 17:13:30,442] {logging_mixin.py:109} INFO - [2025-12-06 17:13:30,441] {dagbag.py:500} INFO - Filling up the DagBag from /opt/airflow/dags/gcs_upload_dag.py
[2025-12-06 17:13:31,352] {processor.py:654} INFO - DAG(s) dict_keys(['data_ingestion_gcs_dag']) retrieved from /opt/airflow/dags/gcs_upload_dag.py
[2025-12-06 17:13:31,364] {logging_mixin.py:109} INFO - [2025-12-06 17:13:31,363] {dag.py:2396} INFO - Sync 1 DAGs
[2025-12-06 17:13:31,388] {processor.py:171} INFO - Processing /opt/airflow/dags/gcs_upload_dag.py took 0.953 seconds
[2025-12-06 17:14:01,560] {processor.py:163} INFO - Started process (PID=1913) to work on /opt/airflow/dags/gcs_upload_dag.py
[2025-12-06 17:14:01,562] {processor.py:642} INFO - Processing file /opt/airflow/dags/gcs_upload_dag.py for tasks to queue
[2025-12-06 17:14:01,563] {logging_mixin.py:109} INFO - [2025-12-06 17:14:01,563] {dagbag.py:500} INFO - Filling up the DagBag from /opt/airflow/dags/gcs_upload_dag.py
[2025-12-06 17:14:02,663] {processor.py:654} INFO - DAG(s) dict_keys(['data_ingestion_gcs_dag']) retrieved from /opt/airflow/dags/gcs_upload_dag.py
[2025-12-06 17:14:02,675] {logging_mixin.py:109} INFO - [2025-12-06 17:14:02,674] {dag.py:2396} INFO - Sync 1 DAGs
[2025-12-06 17:14:02,717] {processor.py:171} INFO - Processing /opt/airflow/dags/gcs_upload_dag.py took 1.151 seconds
[2025-12-06 17:14:32,910] {processor.py:163} INFO - Started process (PID=1946) to work on /opt/airflow/dags/gcs_upload_dag.py
[2025-12-06 17:14:32,911] {processor.py:642} INFO - Processing file /opt/airflow/dags/gcs_upload_dag.py for tasks to queue
[2025-12-06 17:14:32,913] {logging_mixin.py:109} INFO - [2025-12-06 17:14:32,913] {dagbag.py:500} INFO - Filling up the DagBag from /opt/airflow/dags/gcs_upload_dag.py
[2025-12-06 17:14:33,772] {processor.py:654} INFO - DAG(s) dict_keys(['data_ingestion_gcs_dag']) retrieved from /opt/airflow/dags/gcs_upload_dag.py
[2025-12-06 17:14:33,783] {logging_mixin.py:109} INFO - [2025-12-06 17:14:33,782] {dag.py:2396} INFO - Sync 1 DAGs
[2025-12-06 17:14:33,822] {processor.py:171} INFO - Processing /opt/airflow/dags/gcs_upload_dag.py took 0.916 seconds
[2025-12-06 17:17:25,439] {processor.py:163} INFO - Started process (PID=174) to work on /opt/airflow/dags/gcs_upload_dag.py
[2025-12-06 17:17:25,443] {processor.py:642} INFO - Processing file /opt/airflow/dags/gcs_upload_dag.py for tasks to queue
[2025-12-06 17:17:25,445] {logging_mixin.py:109} INFO - [2025-12-06 17:17:25,445] {dagbag.py:500} INFO - Filling up the DagBag from /opt/airflow/dags/gcs_upload_dag.py
[2025-12-06 17:17:34,095] {processor.py:654} INFO - DAG(s) dict_keys(['data_ingestion_gcs_dag']) retrieved from /opt/airflow/dags/gcs_upload_dag.py
[2025-12-06 17:17:34,141] {logging_mixin.py:109} INFO - [2025-12-06 17:17:34,132] {dag.py:2396} INFO - Sync 1 DAGs
[2025-12-06 17:17:34,257] {processor.py:171} INFO - Processing /opt/airflow/dags/gcs_upload_dag.py took 8.815 seconds
[2025-12-06 17:18:04,652] {processor.py:163} INFO - Started process (PID=218) to work on /opt/airflow/dags/gcs_upload_dag.py
[2025-12-06 17:18:04,656] {processor.py:642} INFO - Processing file /opt/airflow/dags/gcs_upload_dag.py for tasks to queue
[2025-12-06 17:18:04,657] {logging_mixin.py:109} INFO - [2025-12-06 17:18:04,657] {dagbag.py:500} INFO - Filling up the DagBag from /opt/airflow/dags/gcs_upload_dag.py
[2025-12-06 17:18:10,568] {processor.py:654} INFO - DAG(s) dict_keys(['data_ingestion_gcs_dag']) retrieved from /opt/airflow/dags/gcs_upload_dag.py
[2025-12-06 17:18:10,612] {logging_mixin.py:109} INFO - [2025-12-06 17:18:10,607] {dag.py:2396} INFO - Sync 1 DAGs
[2025-12-06 17:18:10,700] {logging_mixin.py:109} INFO - [2025-12-06 17:18:10,699] {dag.py:2935} INFO - Setting next_dagrun for data_ingestion_gcs_dag to 2025-12-06T00:00:00+00:00
[2025-12-06 17:18:10,773] {processor.py:171} INFO - Processing /opt/airflow/dags/gcs_upload_dag.py took 6.136 seconds
[2025-12-06 17:18:41,288] {processor.py:163} INFO - Started process (PID=252) to work on /opt/airflow/dags/gcs_upload_dag.py
[2025-12-06 17:18:41,293] {processor.py:642} INFO - Processing file /opt/airflow/dags/gcs_upload_dag.py for tasks to queue
[2025-12-06 17:18:41,303] {logging_mixin.py:109} INFO - [2025-12-06 17:18:41,302] {dagbag.py:500} INFO - Filling up the DagBag from /opt/airflow/dags/gcs_upload_dag.py
[2025-12-06 17:18:48,119] {processor.py:654} INFO - DAG(s) dict_keys(['data_ingestion_gcs_dag']) retrieved from /opt/airflow/dags/gcs_upload_dag.py
[2025-12-06 17:18:48,189] {logging_mixin.py:109} INFO - [2025-12-06 17:18:48,176] {dag.py:2396} INFO - Sync 1 DAGs
[2025-12-06 17:18:48,309] {logging_mixin.py:109} INFO - [2025-12-06 17:18:48,309] {dag.py:2935} INFO - Setting next_dagrun for data_ingestion_gcs_dag to 2025-12-06T00:00:00+00:00
[2025-12-06 17:18:48,369] {processor.py:171} INFO - Processing /opt/airflow/dags/gcs_upload_dag.py took 7.103 seconds
[2025-12-06 17:19:18,916] {processor.py:163} INFO - Started process (PID=285) to work on /opt/airflow/dags/gcs_upload_dag.py
[2025-12-06 17:19:18,921] {processor.py:642} INFO - Processing file /opt/airflow/dags/gcs_upload_dag.py for tasks to queue
[2025-12-06 17:19:18,923] {logging_mixin.py:109} INFO - [2025-12-06 17:19:18,923] {dagbag.py:500} INFO - Filling up the DagBag from /opt/airflow/dags/gcs_upload_dag.py
[2025-12-06 17:19:24,714] {processor.py:654} INFO - DAG(s) dict_keys(['data_ingestion_gcs_dag']) retrieved from /opt/airflow/dags/gcs_upload_dag.py
[2025-12-06 17:19:24,827] {logging_mixin.py:109} INFO - [2025-12-06 17:19:24,813] {dag.py:2396} INFO - Sync 1 DAGs
[2025-12-06 17:19:24,966] {logging_mixin.py:109} INFO - [2025-12-06 17:19:24,965] {dag.py:2935} INFO - Setting next_dagrun for data_ingestion_gcs_dag to 2025-12-06T00:00:00+00:00
[2025-12-06 17:19:25,026] {processor.py:171} INFO - Processing /opt/airflow/dags/gcs_upload_dag.py took 6.124 seconds
[2025-12-06 17:19:55,435] {processor.py:163} INFO - Started process (PID=318) to work on /opt/airflow/dags/gcs_upload_dag.py
[2025-12-06 17:19:55,440] {processor.py:642} INFO - Processing file /opt/airflow/dags/gcs_upload_dag.py for tasks to queue
[2025-12-06 17:19:55,445] {logging_mixin.py:109} INFO - [2025-12-06 17:19:55,444] {dagbag.py:500} INFO - Filling up the DagBag from /opt/airflow/dags/gcs_upload_dag.py
[2025-12-06 17:20:01,773] {processor.py:654} INFO - DAG(s) dict_keys(['data_ingestion_gcs_dag']) retrieved from /opt/airflow/dags/gcs_upload_dag.py
[2025-12-06 17:20:01,867] {logging_mixin.py:109} INFO - [2025-12-06 17:20:01,852] {dag.py:2396} INFO - Sync 1 DAGs
[2025-12-06 17:20:01,962] {logging_mixin.py:109} INFO - [2025-12-06 17:20:01,962] {dag.py:2935} INFO - Setting next_dagrun for data_ingestion_gcs_dag to 2025-12-06T00:00:00+00:00
[2025-12-06 17:20:02,031] {processor.py:171} INFO - Processing /opt/airflow/dags/gcs_upload_dag.py took 6.619 seconds
[2025-12-06 17:20:32,350] {processor.py:163} INFO - Started process (PID=351) to work on /opt/airflow/dags/gcs_upload_dag.py
[2025-12-06 17:20:32,368] {processor.py:642} INFO - Processing file /opt/airflow/dags/gcs_upload_dag.py for tasks to queue
[2025-12-06 17:20:32,373] {logging_mixin.py:109} INFO - [2025-12-06 17:20:32,373] {dagbag.py:500} INFO - Filling up the DagBag from /opt/airflow/dags/gcs_upload_dag.py
[2025-12-06 17:20:34,771] {processor.py:654} INFO - DAG(s) dict_keys(['data_ingestion_gcs_dag']) retrieved from /opt/airflow/dags/gcs_upload_dag.py
[2025-12-06 17:20:34,799] {logging_mixin.py:109} INFO - [2025-12-06 17:20:34,797] {dag.py:2396} INFO - Sync 1 DAGs
[2025-12-06 17:20:34,843] {logging_mixin.py:109} INFO - [2025-12-06 17:20:34,843] {dag.py:2935} INFO - Setting next_dagrun for data_ingestion_gcs_dag to 2025-12-06T00:00:00+00:00
[2025-12-06 17:20:34,869] {processor.py:171} INFO - Processing /opt/airflow/dags/gcs_upload_dag.py took 2.511 seconds
[2025-12-06 17:21:05,141] {processor.py:163} INFO - Started process (PID=384) to work on /opt/airflow/dags/gcs_upload_dag.py
[2025-12-06 17:21:05,152] {processor.py:642} INFO - Processing file /opt/airflow/dags/gcs_upload_dag.py for tasks to queue
[2025-12-06 17:21:05,155] {logging_mixin.py:109} INFO - [2025-12-06 17:21:05,154] {dagbag.py:500} INFO - Filling up the DagBag from /opt/airflow/dags/gcs_upload_dag.py
[2025-12-06 17:21:07,590] {processor.py:654} INFO - DAG(s) dict_keys(['data_ingestion_gcs_dag']) retrieved from /opt/airflow/dags/gcs_upload_dag.py
[2025-12-06 17:21:07,617] {logging_mixin.py:109} INFO - [2025-12-06 17:21:07,615] {dag.py:2396} INFO - Sync 1 DAGs
[2025-12-06 17:21:07,651] {logging_mixin.py:109} INFO - [2025-12-06 17:21:07,651] {dag.py:2935} INFO - Setting next_dagrun for data_ingestion_gcs_dag to 2025-12-06T00:00:00+00:00
[2025-12-06 17:21:07,673] {processor.py:171} INFO - Processing /opt/airflow/dags/gcs_upload_dag.py took 2.539 seconds
[2025-12-06 17:21:37,946] {processor.py:163} INFO - Started process (PID=417) to work on /opt/airflow/dags/gcs_upload_dag.py
[2025-12-06 17:21:37,950] {processor.py:642} INFO - Processing file /opt/airflow/dags/gcs_upload_dag.py for tasks to queue
[2025-12-06 17:21:37,952] {logging_mixin.py:109} INFO - [2025-12-06 17:21:37,952] {dagbag.py:500} INFO - Filling up the DagBag from /opt/airflow/dags/gcs_upload_dag.py
[2025-12-06 17:21:40,006] {processor.py:654} INFO - DAG(s) dict_keys(['data_ingestion_gcs_dag']) retrieved from /opt/airflow/dags/gcs_upload_dag.py
[2025-12-06 17:21:40,031] {logging_mixin.py:109} INFO - [2025-12-06 17:21:40,028] {dag.py:2396} INFO - Sync 1 DAGs
[2025-12-06 17:21:40,073] {logging_mixin.py:109} INFO - [2025-12-06 17:21:40,072] {dag.py:2935} INFO - Setting next_dagrun for data_ingestion_gcs_dag to 2025-12-06T00:00:00+00:00
[2025-12-06 17:21:40,098] {processor.py:171} INFO - Processing /opt/airflow/dags/gcs_upload_dag.py took 2.160 seconds
[2025-12-06 17:22:10,280] {processor.py:163} INFO - Started process (PID=450) to work on /opt/airflow/dags/gcs_upload_dag.py
[2025-12-06 17:22:10,284] {processor.py:642} INFO - Processing file /opt/airflow/dags/gcs_upload_dag.py for tasks to queue
[2025-12-06 17:22:10,286] {logging_mixin.py:109} INFO - [2025-12-06 17:22:10,285] {dagbag.py:500} INFO - Filling up the DagBag from /opt/airflow/dags/gcs_upload_dag.py
[2025-12-06 17:22:12,244] {processor.py:654} INFO - DAG(s) dict_keys(['data_ingestion_gcs_dag']) retrieved from /opt/airflow/dags/gcs_upload_dag.py
[2025-12-06 17:22:12,274] {logging_mixin.py:109} INFO - [2025-12-06 17:22:12,270] {dag.py:2396} INFO - Sync 1 DAGs
[2025-12-06 17:22:12,317] {logging_mixin.py:109} INFO - [2025-12-06 17:22:12,316] {dag.py:2935} INFO - Setting next_dagrun for data_ingestion_gcs_dag to 2025-12-06T00:00:00+00:00
[2025-12-06 17:22:12,340] {processor.py:171} INFO - Processing /opt/airflow/dags/gcs_upload_dag.py took 2.067 seconds
[2025-12-06 17:22:42,748] {processor.py:163} INFO - Started process (PID=483) to work on /opt/airflow/dags/gcs_upload_dag.py
[2025-12-06 17:22:42,750] {processor.py:642} INFO - Processing file /opt/airflow/dags/gcs_upload_dag.py for tasks to queue
[2025-12-06 17:22:42,753] {logging_mixin.py:109} INFO - [2025-12-06 17:22:42,753] {dagbag.py:500} INFO - Filling up the DagBag from /opt/airflow/dags/gcs_upload_dag.py
[2025-12-06 17:22:44,196] {processor.py:654} INFO - DAG(s) dict_keys(['data_ingestion_gcs_dag']) retrieved from /opt/airflow/dags/gcs_upload_dag.py
[2025-12-06 17:22:44,223] {logging_mixin.py:109} INFO - [2025-12-06 17:22:44,220] {dag.py:2396} INFO - Sync 1 DAGs
[2025-12-06 17:22:44,263] {logging_mixin.py:109} INFO - [2025-12-06 17:22:44,263] {dag.py:2935} INFO - Setting next_dagrun for data_ingestion_gcs_dag to 2025-12-06T00:00:00+00:00
[2025-12-06 17:22:44,285] {processor.py:171} INFO - Processing /opt/airflow/dags/gcs_upload_dag.py took 1.546 seconds
[2025-12-06 17:23:14,605] {processor.py:163} INFO - Started process (PID=516) to work on /opt/airflow/dags/gcs_upload_dag.py
[2025-12-06 17:23:14,608] {processor.py:642} INFO - Processing file /opt/airflow/dags/gcs_upload_dag.py for tasks to queue
[2025-12-06 17:23:14,609] {logging_mixin.py:109} INFO - [2025-12-06 17:23:14,609] {dagbag.py:500} INFO - Filling up the DagBag from /opt/airflow/dags/gcs_upload_dag.py
[2025-12-06 17:23:16,102] {processor.py:654} INFO - DAG(s) dict_keys(['data_ingestion_gcs_dag']) retrieved from /opt/airflow/dags/gcs_upload_dag.py
[2025-12-06 17:23:16,121] {logging_mixin.py:109} INFO - [2025-12-06 17:23:16,120] {dag.py:2396} INFO - Sync 1 DAGs
[2025-12-06 17:23:16,148] {logging_mixin.py:109} INFO - [2025-12-06 17:23:16,148] {dag.py:2935} INFO - Setting next_dagrun for data_ingestion_gcs_dag to 2025-12-06T00:00:00+00:00
[2025-12-06 17:23:16,166] {processor.py:171} INFO - Processing /opt/airflow/dags/gcs_upload_dag.py took 1.566 seconds
[2025-12-06 17:23:46,325] {processor.py:163} INFO - Started process (PID=559) to work on /opt/airflow/dags/gcs_upload_dag.py
[2025-12-06 17:23:46,328] {processor.py:642} INFO - Processing file /opt/airflow/dags/gcs_upload_dag.py for tasks to queue
[2025-12-06 17:23:46,329] {logging_mixin.py:109} INFO - [2025-12-06 17:23:46,329] {dagbag.py:500} INFO - Filling up the DagBag from /opt/airflow/dags/gcs_upload_dag.py
[2025-12-06 17:23:47,769] {processor.py:654} INFO - DAG(s) dict_keys(['data_ingestion_gcs_dag']) retrieved from /opt/airflow/dags/gcs_upload_dag.py
[2025-12-06 17:23:47,793] {logging_mixin.py:109} INFO - [2025-12-06 17:23:47,790] {dag.py:2396} INFO - Sync 1 DAGs
[2025-12-06 17:23:47,824] {logging_mixin.py:109} INFO - [2025-12-06 17:23:47,823] {dag.py:2935} INFO - Setting next_dagrun for data_ingestion_gcs_dag to 2025-12-06T00:00:00+00:00
[2025-12-06 17:23:47,848] {processor.py:171} INFO - Processing /opt/airflow/dags/gcs_upload_dag.py took 1.528 seconds
[2025-12-06 17:24:18,177] {processor.py:163} INFO - Started process (PID=592) to work on /opt/airflow/dags/gcs_upload_dag.py
[2025-12-06 17:24:18,180] {processor.py:642} INFO - Processing file /opt/airflow/dags/gcs_upload_dag.py for tasks to queue
[2025-12-06 17:24:18,182] {logging_mixin.py:109} INFO - [2025-12-06 17:24:18,182] {dagbag.py:500} INFO - Filling up the DagBag from /opt/airflow/dags/gcs_upload_dag.py
[2025-12-06 17:24:20,475] {processor.py:654} INFO - DAG(s) dict_keys(['data_ingestion_gcs_dag']) retrieved from /opt/airflow/dags/gcs_upload_dag.py
[2025-12-06 17:24:20,504] {logging_mixin.py:109} INFO - [2025-12-06 17:24:20,501] {dag.py:2396} INFO - Sync 1 DAGs
[2025-12-06 17:24:20,546] {logging_mixin.py:109} INFO - [2025-12-06 17:24:20,546] {dag.py:2935} INFO - Setting next_dagrun for data_ingestion_gcs_dag to 2025-12-06T00:00:00+00:00
[2025-12-06 17:24:20,568] {processor.py:171} INFO - Processing /opt/airflow/dags/gcs_upload_dag.py took 2.399 seconds
[2025-12-06 17:24:50,846] {processor.py:163} INFO - Started process (PID=625) to work on /opt/airflow/dags/gcs_upload_dag.py
[2025-12-06 17:24:50,851] {processor.py:642} INFO - Processing file /opt/airflow/dags/gcs_upload_dag.py for tasks to queue
[2025-12-06 17:24:50,852] {logging_mixin.py:109} INFO - [2025-12-06 17:24:50,852] {dagbag.py:500} INFO - Filling up the DagBag from /opt/airflow/dags/gcs_upload_dag.py
[2025-12-06 17:24:53,172] {processor.py:654} INFO - DAG(s) dict_keys(['data_ingestion_gcs_dag']) retrieved from /opt/airflow/dags/gcs_upload_dag.py
[2025-12-06 17:24:53,194] {logging_mixin.py:109} INFO - [2025-12-06 17:24:53,192] {dag.py:2396} INFO - Sync 1 DAGs
[2025-12-06 17:24:53,227] {logging_mixin.py:109} INFO - [2025-12-06 17:24:53,226] {dag.py:2935} INFO - Setting next_dagrun for data_ingestion_gcs_dag to 2025-12-06T00:00:00+00:00
[2025-12-06 17:24:53,246] {processor.py:171} INFO - Processing /opt/airflow/dags/gcs_upload_dag.py took 2.412 seconds
[2025-12-06 17:25:23,562] {processor.py:163} INFO - Started process (PID=658) to work on /opt/airflow/dags/gcs_upload_dag.py
[2025-12-06 17:25:23,564] {processor.py:642} INFO - Processing file /opt/airflow/dags/gcs_upload_dag.py for tasks to queue
[2025-12-06 17:25:23,565] {logging_mixin.py:109} INFO - [2025-12-06 17:25:23,565] {dagbag.py:500} INFO - Filling up the DagBag from /opt/airflow/dags/gcs_upload_dag.py
[2025-12-06 17:25:24,896] {processor.py:654} INFO - DAG(s) dict_keys(['data_ingestion_gcs_dag']) retrieved from /opt/airflow/dags/gcs_upload_dag.py
[2025-12-06 17:25:24,915] {logging_mixin.py:109} INFO - [2025-12-06 17:25:24,913] {dag.py:2396} INFO - Sync 1 DAGs
[2025-12-06 17:25:24,950] {logging_mixin.py:109} INFO - [2025-12-06 17:25:24,950] {dag.py:2935} INFO - Setting next_dagrun for data_ingestion_gcs_dag to 2025-12-06T00:00:00+00:00
[2025-12-06 17:25:24,971] {processor.py:171} INFO - Processing /opt/airflow/dags/gcs_upload_dag.py took 1.414 seconds
[2025-12-06 17:25:55,214] {processor.py:163} INFO - Started process (PID=700) to work on /opt/airflow/dags/gcs_upload_dag.py
[2025-12-06 17:25:55,217] {processor.py:642} INFO - Processing file /opt/airflow/dags/gcs_upload_dag.py for tasks to queue
[2025-12-06 17:25:55,219] {logging_mixin.py:109} INFO - [2025-12-06 17:25:55,219] {dagbag.py:500} INFO - Filling up the DagBag from /opt/airflow/dags/gcs_upload_dag.py
[2025-12-06 17:25:57,049] {processor.py:654} INFO - DAG(s) dict_keys(['data_ingestion_gcs_dag']) retrieved from /opt/airflow/dags/gcs_upload_dag.py
[2025-12-06 17:25:57,069] {logging_mixin.py:109} INFO - [2025-12-06 17:25:57,068] {dag.py:2396} INFO - Sync 1 DAGs
[2025-12-06 17:25:57,100] {logging_mixin.py:109} INFO - [2025-12-06 17:25:57,100] {dag.py:2935} INFO - Setting next_dagrun for data_ingestion_gcs_dag to 2025-12-06T00:00:00+00:00
[2025-12-06 17:25:57,117] {processor.py:171} INFO - Processing /opt/airflow/dags/gcs_upload_dag.py took 1.909 seconds
[2025-12-06 17:26:27,385] {processor.py:163} INFO - Started process (PID=734) to work on /opt/airflow/dags/gcs_upload_dag.py
[2025-12-06 17:26:27,388] {processor.py:642} INFO - Processing file /opt/airflow/dags/gcs_upload_dag.py for tasks to queue
[2025-12-06 17:26:27,389] {logging_mixin.py:109} INFO - [2025-12-06 17:26:27,389] {dagbag.py:500} INFO - Filling up the DagBag from /opt/airflow/dags/gcs_upload_dag.py
[2025-12-06 17:26:28,817] {processor.py:654} INFO - DAG(s) dict_keys(['data_ingestion_gcs_dag']) retrieved from /opt/airflow/dags/gcs_upload_dag.py
[2025-12-06 17:26:28,841] {logging_mixin.py:109} INFO - [2025-12-06 17:26:28,839] {dag.py:2396} INFO - Sync 1 DAGs
[2025-12-06 17:26:28,873] {logging_mixin.py:109} INFO - [2025-12-06 17:26:28,873] {dag.py:2935} INFO - Setting next_dagrun for data_ingestion_gcs_dag to 2025-12-06T00:00:00+00:00
[2025-12-06 17:26:28,890] {processor.py:171} INFO - Processing /opt/airflow/dags/gcs_upload_dag.py took 1.509 seconds
[2025-12-06 17:26:59,138] {processor.py:163} INFO - Started process (PID=767) to work on /opt/airflow/dags/gcs_upload_dag.py
[2025-12-06 17:26:59,141] {processor.py:642} INFO - Processing file /opt/airflow/dags/gcs_upload_dag.py for tasks to queue
[2025-12-06 17:26:59,143] {logging_mixin.py:109} INFO - [2025-12-06 17:26:59,142] {dagbag.py:500} INFO - Filling up the DagBag from /opt/airflow/dags/gcs_upload_dag.py
[2025-12-06 17:27:00,800] {processor.py:654} INFO - DAG(s) dict_keys(['data_ingestion_gcs_dag']) retrieved from /opt/airflow/dags/gcs_upload_dag.py
[2025-12-06 17:27:00,835] {logging_mixin.py:109} INFO - [2025-12-06 17:27:00,830] {dag.py:2396} INFO - Sync 1 DAGs
[2025-12-06 17:27:00,875] {logging_mixin.py:109} INFO - [2025-12-06 17:27:00,875] {dag.py:2935} INFO - Setting next_dagrun for data_ingestion_gcs_dag to 2025-12-06T00:00:00+00:00
[2025-12-06 17:27:00,899] {processor.py:171} INFO - Processing /opt/airflow/dags/gcs_upload_dag.py took 1.766 seconds
[2025-12-06 17:27:31,105] {processor.py:163} INFO - Started process (PID=800) to work on /opt/airflow/dags/gcs_upload_dag.py
[2025-12-06 17:27:31,110] {processor.py:642} INFO - Processing file /opt/airflow/dags/gcs_upload_dag.py for tasks to queue
[2025-12-06 17:27:31,113] {logging_mixin.py:109} INFO - [2025-12-06 17:27:31,112] {dagbag.py:500} INFO - Filling up the DagBag from /opt/airflow/dags/gcs_upload_dag.py
[2025-12-06 17:27:32,749] {processor.py:654} INFO - DAG(s) dict_keys(['data_ingestion_gcs_dag']) retrieved from /opt/airflow/dags/gcs_upload_dag.py
[2025-12-06 17:27:32,767] {logging_mixin.py:109} INFO - [2025-12-06 17:27:32,765] {dag.py:2396} INFO - Sync 1 DAGs
[2025-12-06 17:27:32,798] {logging_mixin.py:109} INFO - [2025-12-06 17:27:32,798] {dag.py:2935} INFO - Setting next_dagrun for data_ingestion_gcs_dag to 2025-12-06T00:00:00+00:00
[2025-12-06 17:27:32,819] {processor.py:171} INFO - Processing /opt/airflow/dags/gcs_upload_dag.py took 1.723 seconds
[2025-12-06 17:28:03,120] {processor.py:163} INFO - Started process (PID=833) to work on /opt/airflow/dags/gcs_upload_dag.py
[2025-12-06 17:28:03,123] {processor.py:642} INFO - Processing file /opt/airflow/dags/gcs_upload_dag.py for tasks to queue
[2025-12-06 17:28:03,125] {logging_mixin.py:109} INFO - [2025-12-06 17:28:03,125] {dagbag.py:500} INFO - Filling up the DagBag from /opt/airflow/dags/gcs_upload_dag.py
[2025-12-06 17:28:04,450] {processor.py:654} INFO - DAG(s) dict_keys(['data_ingestion_gcs_dag']) retrieved from /opt/airflow/dags/gcs_upload_dag.py
[2025-12-06 17:28:04,475] {logging_mixin.py:109} INFO - [2025-12-06 17:28:04,473] {dag.py:2396} INFO - Sync 1 DAGs
[2025-12-06 17:28:04,511] {logging_mixin.py:109} INFO - [2025-12-06 17:28:04,511] {dag.py:2935} INFO - Setting next_dagrun for data_ingestion_gcs_dag to 2025-12-06T00:00:00+00:00
[2025-12-06 17:28:04,536] {processor.py:171} INFO - Processing /opt/airflow/dags/gcs_upload_dag.py took 1.405 seconds
[2025-12-06 17:28:34,620] {processor.py:163} INFO - Started process (PID=876) to work on /opt/airflow/dags/gcs_upload_dag.py
[2025-12-06 17:28:34,623] {processor.py:642} INFO - Processing file /opt/airflow/dags/gcs_upload_dag.py for tasks to queue
[2025-12-06 17:28:34,626] {logging_mixin.py:109} INFO - [2025-12-06 17:28:34,626] {dagbag.py:500} INFO - Filling up the DagBag from /opt/airflow/dags/gcs_upload_dag.py
[2025-12-06 17:28:36,263] {processor.py:654} INFO - DAG(s) dict_keys(['data_ingestion_gcs_dag']) retrieved from /opt/airflow/dags/gcs_upload_dag.py
[2025-12-06 17:28:36,289] {logging_mixin.py:109} INFO - [2025-12-06 17:28:36,287] {dag.py:2396} INFO - Sync 1 DAGs
[2025-12-06 17:28:36,329] {logging_mixin.py:109} INFO - [2025-12-06 17:28:36,328] {dag.py:2935} INFO - Setting next_dagrun for data_ingestion_gcs_dag to 2025-12-06T00:00:00+00:00
[2025-12-06 17:28:36,351] {processor.py:171} INFO - Processing /opt/airflow/dags/gcs_upload_dag.py took 1.741 seconds
[2025-12-06 17:29:06,610] {processor.py:163} INFO - Started process (PID=943) to work on /opt/airflow/dags/gcs_upload_dag.py
[2025-12-06 17:29:06,613] {processor.py:642} INFO - Processing file /opt/airflow/dags/gcs_upload_dag.py for tasks to queue
[2025-12-06 17:29:06,615] {logging_mixin.py:109} INFO - [2025-12-06 17:29:06,615] {dagbag.py:500} INFO - Filling up the DagBag from /opt/airflow/dags/gcs_upload_dag.py
[2025-12-06 17:29:08,309] {processor.py:654} INFO - DAG(s) dict_keys(['data_ingestion_gcs_dag']) retrieved from /opt/airflow/dags/gcs_upload_dag.py
[2025-12-06 17:29:08,338] {logging_mixin.py:109} INFO - [2025-12-06 17:29:08,335] {dag.py:2396} INFO - Sync 1 DAGs
[2025-12-06 17:29:08,412] {processor.py:171} INFO - Processing /opt/airflow/dags/gcs_upload_dag.py took 1.809 seconds
[2025-12-06 17:29:38,714] {processor.py:163} INFO - Started process (PID=976) to work on /opt/airflow/dags/gcs_upload_dag.py
[2025-12-06 17:29:38,719] {processor.py:642} INFO - Processing file /opt/airflow/dags/gcs_upload_dag.py for tasks to queue
[2025-12-06 17:29:38,724] {logging_mixin.py:109} INFO - [2025-12-06 17:29:38,723] {dagbag.py:500} INFO - Filling up the DagBag from /opt/airflow/dags/gcs_upload_dag.py
[2025-12-06 17:29:40,146] {processor.py:654} INFO - DAG(s) dict_keys(['data_ingestion_gcs_dag']) retrieved from /opt/airflow/dags/gcs_upload_dag.py
[2025-12-06 17:29:40,170] {logging_mixin.py:109} INFO - [2025-12-06 17:29:40,168] {dag.py:2396} INFO - Sync 1 DAGs
[2025-12-06 17:29:40,219] {processor.py:171} INFO - Processing /opt/airflow/dags/gcs_upload_dag.py took 1.517 seconds
[2025-12-06 17:30:10,561] {processor.py:163} INFO - Started process (PID=1009) to work on /opt/airflow/dags/gcs_upload_dag.py
[2025-12-06 17:30:10,563] {processor.py:642} INFO - Processing file /opt/airflow/dags/gcs_upload_dag.py for tasks to queue
[2025-12-06 17:30:10,565] {logging_mixin.py:109} INFO - [2025-12-06 17:30:10,565] {dagbag.py:500} INFO - Filling up the DagBag from /opt/airflow/dags/gcs_upload_dag.py
[2025-12-06 17:30:12,389] {processor.py:654} INFO - DAG(s) dict_keys(['data_ingestion_gcs_dag']) retrieved from /opt/airflow/dags/gcs_upload_dag.py
[2025-12-06 17:30:12,419] {logging_mixin.py:109} INFO - [2025-12-06 17:30:12,416] {dag.py:2396} INFO - Sync 1 DAGs
[2025-12-06 17:30:12,465] {processor.py:171} INFO - Processing /opt/airflow/dags/gcs_upload_dag.py took 1.910 seconds
